{"type":"Topology","arcs":[[[11070,36557,0],[8,3,10694],[14,6,16713],[10,2,0]],[[11102,36568,0],[2,-15,17191],[-2,-7,0]],[[11102,36546,0],[-11,-3,26895],[-2,-2,7701],[-4,-11,0]],[[11085,36530,0],[-9,6,31817],[-1,6,7214],[-2,3,7214],[-3,12,0]],[[9559,36427,0],[74,94,277238],[-4,170,0]],[[9629,36691,0],[170,43,0]],[[9799,36734,0],[49,-169,136379],[-1,-54,7914],[0,-3,0]],[[9847,36508,0],[-5,-62,111102],[23,-131,0]],[[9865,36315,0],[-147,-58,86176],[-74,-21,175597],[-54,5,0]],[[9590,36241,0],[-17,31,82455],[-35,20,28390],[-8,-6,28043],[-11,9,15103],[2,2,0]],[[9521,36297,0],[4,5,0]],[[9525,36302,0],[19,10,112475],[-1,36,31597],[3,10,15539],[0,15,65351],[16,29,54364],[-3,25,0]],[[11774,36612,0],[208,47,0]],[[11982,36659,0],[217,85,0]],[[12199,36744,0],[17,-46,0]],[[12216,36698,0],[4,-6,10394],[7,-7,40183],[1,-9,12157],[4,-12,20278],[0,-13,77238],[5,-3,9510],[9,-8,16237],[14,-10,116458],[-1,-3,14067],[2,-7,7629],[2,-8,21716],[-4,-4,7948],[0,-4,45499],[6,-13,10774],[0,-4,8944],[3,-6,24741],[7,-8,41551],[0,-6,11183],[-4,-6,0]],[[12271,36561,0],[-2,-4,13104],[4,-2,8426],[0,-2,30144],[-5,-6,7626],[-4,-1,21324],[0,7,10702],[-2,1,21324],[-5,-13,90037],[-8,8,28062],[-4,-1,13932],[-1,-5,7878],[-2,-3,30425],[-7,-2,9340],[-8,-1,23409],[-4,-5,15958],[-5,-1,8083],[-7,-3,57933],[-4,0,7814],[-10,5,14089],[-3,-2,41962],[4,-18,49814],[-4,-6,14770],[-7,-2,33302],[-6,1,8054],[-2,3,15031],[-9,0,33302],[-4,-5,11540],[-11,-5,145388],[-18,0,23816],[-14,-6,25608],[-23,-1,70932],[-7,-5,12178],[-4,1,12012],[-4,-5,24707],[-3,1,8342],[-10,-2,24707],[-10,-5,12686],[-6,-1,17901],[-4,-3,8056],[-3,-4,17901],[-5,2,8984],[-3,-1,0]],[[12041,36470,0],[-42,-5,40196],[-65,-14,79448],[-113,-11,0]],[[11821,36440,0],[-47,172,0]],[[12201,36028,0],[206,-365,314921],[-1,-79,0]],[[12406,35584,0],[-35,0,12243],[-1,1,6973],[-1,0,6973],[-1,0,0]],[[12368,35585,0],[-12,3,12566],[-10,1,29284],[-18,5,8979],[-32,9,29284],[-43,9,98533],[-33,-7,46792],[-15,5,13296],[-8,1,319838],[-21,-18,12575],[-21,-19,68090],[-19,-24,9552],[-13,-18,18595],[0,-7,18595],[-8,-4,238881],[-60,17,63772],[-33,-2,0]],[[12022,35536,0],[-74,-25,0]],[[11948,35511,0],[-49,124,203841],[-103,118,0]],[[11796,35753,0],[253,190,0]],[[12049,35943,0],[66,49,104821],[86,36,0]],[[6187,33603,0],[52,45,97511],[-2,28,0]],[[6237,33676,0],[36,7,9669],[1,0,0]],[[6274,33683,0],[8,2,0]],[[6282,33685,0],[12,-3,16389],[10,-7,16389],[41,-20,9720],[6,-3,0]],[[6351,33652,0],[-6,-1,0]],[[6345,33651,0],[-1,-1,6973],[0,-1,6973],[-1,0,6973],[-1,0,0]],[[6342,33649,0],[0,-14,0]],[[6342,33635,0],[-21,-33,0]],[[6321,33602,0],[-39,-19,0]],[[6282,33583,0],[-95,20,0]],[[15970,36474,0],[69,-64,0]],[[16039,36410,0],[21,-254,0]],[[16060,36156,0],[-29,-70,63942],[-3,-18,13687],[-1,0,6973],[0,-6,6973],[0,-6,6973],[0,-4,0]],[[16027,36052,0],[0,-3,0]],[[16027,36049,0],[-25,0,38414],[-139,-13,0]],[[15863,36036,0],[-52,87,248802],[-21,86,71748],[-9,83,153232],[4,51,42285],[8,14,475976],[37,23,25867],[16,12,16742],[9,4,14189],[14,11,92065],[8,-2,8182],[2,1,12471],[22,3,0]],[[15901,36409,0],[69,65,0]],[[13143,39358,0],[10,5,0]],[[13153,39363,0],[1,-4,0]],[[13154,39359,0],[2,-9,8954],[0,-8,0]],[[13156,39342,0],[-12,-2,9716],[-7,-2,0]],[[13137,39338,0],[-1,10,20909],[3,6,6994],[4,4,0]],[[11135,36580,0],[0,-3,0]],[[11135,36577,0],[1,-2,9893],[-2,-8,0]],[[11134,36567,0],[-6,0,7092],[-7,1,12896],[-19,0,0]],[[11070,36557,0],[-2,5,7285],[2,0,7285],[-1,7,12723],[2,2,0]],[[11071,36571,0],[8,2,10747],[0,3,25658],[10,2,13301],[15,-1,25658],[5,2,7860],[5,3,8892],[8,2,49299],[3,0,7118],[0,-3,13193],[10,-1,0]],[[11142,36603,0],[17,1,24144],[13,-4,0]],[[11172,36600,0],[21,0,7688],[6,2,7056],[1,-2,0]],[[11200,36600,0],[-3,-2,7624],[3,-1,7624],[2,-5,8058],[-2,-1,8058],[2,-5,0]],[[11202,36586,0],[-10,-1,19143],[-28,-4,8404],[-7,-1,14523],[-22,-3,0]],[[11135,36580,0],[0,6,8487],[3,5,10338],[1,11,20474],[4,-1,7237],[-1,2,0]],[[9966,36362,0],[-101,-47,0]],[[9799,36734,0],[61,16,0]],[[9860,36750,0],[233,-17,0]],[[10093,36733,0],[108,-60,196872],[165,-31,0]],[[10366,36642,0],[-6,-79,0]],[[10360,36563,0],[-66,5,59080],[-31,-7,0]],[[10263,36561,0],[-27,-9,131007],[-158,-115,76162],[-112,-75,0]],[[14382,36814,0],[7,10,0]],[[14389,36824,0],[7,4,10950],[16,4,0]],[[14412,36832,0],[5,2,8762],[2,4,18833],[-2,4,12354],[4,6,48138],[5,-1,10755],[3,3,10755],[6,-1,22742],[1,5,8595],[2,-1,14208],[1,-7,7697],[-2,-4,15132],[6,1,48138],[1,3,8517],[5,3,12706],[6,0,10476],[3,3,13811],[-6,3,13811],[-2,4,8905],[5,-3,8905],[2,3,12912],[4,-3,13811],[4,1,9012],[6,5,120740],[-3,2,12849],[4,7,14975],[-5,0,38889],[0,5,8576],[2,1,9216],[-1,8,7972],[2,1,11324],[3,14,27516],[2,5,7733],[4,4,149053],[8,2,10077],[9,1,11455],[1,3,10377],[7,0,19035],[-1,4,10294],[3,5,19035],[5,-1,7958],[1,-3,36175],[3,2,8930],[5,-1,8930],[9,1,11154],[2,2,11154],[7,1,7947],[3,-2,0]],[[14541,36923,0],[8,-8,8683],[2,0,8683],[13,-11,10620],[11,-10,10620],[3,-1,53325],[10,-11,14583],[20,-18,14760],[37,-34,11769],[62,-59,143528],[19,-38,0]],[[14726,36733,0],[-59,-8,96854],[-96,13,130344],[-21,-18,0]],[[14550,36720,0],[-36,37,11377],[-7,6,22870],[-16,19,162305],[-33,13,19953],[-21,10,70289],[-12,-3,16980],[-14,0,27842],[-9,-7,27842],[-4,2,14019],[-2,9,0]],[[14396,36806,0],[-6,3,6973],[-4,3,6973],[-4,2,0]],[[12083,37206,0],[2,3,7380],[0,4,13837],[7,6,37257],[4,1,7711],[5,4,10615],[10,4,7288],[8,3,129946],[92,8,15905],[38,3,0]],[[12249,37242,0],[1,-3,7085],[-2,-4,10378],[2,-9,41647],[-2,-7,11563],[-6,-6,23351],[1,-7,11017],[-3,-6,8873],[2,-3,7042],[-2,-3,23351],[-6,-2,15083],[0,-6,254452],[8,-15,9803],[7,-12,12643],[5,-10,53274],[28,-74,32321],[4,-19,29452],[1,-4,7513],[6,-7,10544],[4,-3,116664],[18,-10,14394],[4,-4,82028],[2,-16,33924],[2,-8,10593],[4,-3,17727],[1,-6,8179],[-1,-5,17727],[5,-1,26043],[1,-9,13748],[2,-7,7995],[3,-5,50911],[10,-8,199430],[0,-7,13295],[-5,-4,21370],[-2,-5,10079],[2,-4,11247],[-2,-13,24847],[-5,-3,16559],[-2,-8,9849],[0,-4,88482],[10,-12,12902],[1,-3,9908],[6,-3,17024],[-1,-3,9434],[5,-5,0]],[[12355,36886,0],[7,-14,33133],[-3,-8,15641],[0,-11,0]],[[12359,36853,0],[-3,-9,40983],[16,-44,0]],[[12372,36800,0],[-158,-52,0]],[[12214,36748,0],[-18,48,6973],[0,1,0]],[[12196,36797,0],[-5,12,23330],[6,2,13156],[3,-3,27841],[15,8,49738],[0,8,7357],[-1,12,217188],[-3,8,10255],[-4,8,13500],[-13,29,32800],[-11,22,7096],[-21,41,84311],[-11,17,26135],[-48,83,244655],[-20,162,0]],[[11332,36613,0],[1,0,0]],[[11333,36613,0],[4,1,7749],[44,7,0]],[[11381,36621,0],[1,-4,8322],[3,-10,24430],[2,-2,9991],[-9,1,33195],[3,-10,11517],[0,-4,19227],[6,0,18684],[1,-6,8793],[-2,-3,48820],[10,1,16466],[1,-4,0]],[[11397,36580,0],[0,-5,21254],[10,-52,0]],[[11407,36523,0],[-56,-10,0]],[[11351,36513,0],[-9,45,14872],[0,3,6973],[0,1,6973],[0,2,6973],[-1,4,0]],[[11341,36568,0],[-1,9,9234],[-2,0,14848],[-3,22,10224],[-1,1,7153],[-2,13,0]],[[11134,36567,0],[-1,-4,8544],[2,-7,7320],[-1,-2,29443],[-8,-8,8987],[-2,0,0]],[[11124,36546,0],[-13,-2,15480],[-9,2,0]],[[10748,34158,0],[-43,-30,56675],[-39,-15,140744],[-64,6,216725],[-36,-48,38703],[-11,-11,8340],[-11,-11,0]],[[10544,34049,0],[-28,18,10041],[-3,1,85087],[-45,4,57524],[-7,-11,0]],[[10461,34061,0],[-112,-25,20699],[-15,-4,106648],[-83,-3,0]],[[10251,34029,0],[-1,34,76995],[23,116,387595],[-148,133,0]],[[10125,34312,0],[86,14,0]],[[10211,34326,0],[15,29,86331],[12,-3,10983],[2,-2,42542],[20,4,20111],[12,6,167149],[18,-15,41135],[10,-3,11612],[27,-10,41135],[13,-12,167149],[50,1,26087],[32,4,51582],[23,11,44731],[15,-7,44731],[36,1,30752],[27,5,91681],[10,-17,75340],[22,3,31665],[3,2,8712],[23,9,624512],[81,-73,50423],[39,-29,147854],[3,-5,10695],[19,-32,16994],[10,-15,8871],[10,-17,33394],[5,-3,0]],[[14726,36733,0],[7,44,80578],[-19,44,173985],[55,20,173985],[26,58,19563],[21,50,43151],[5,9,13825],[-2,3,15175],[6,16,34852],[11,11,0]],[[14836,36988,0],[1,1,11170],[7,28,71301],[44,51,0]],[[14888,37068,0],[97,-72,305786],[215,2,351896],[110,-92,0]],[[15310,36906,0],[-43,-26,17094],[0,0,6973],[-3,-3,0]],[[15264,36877,0],[-11,-11,19971],[-13,-17,9872],[-22,-28,29994],[-3,-6,20317],[-10,-14,9609],[-13,-15,195664],[-18,-11,33455],[-15,1,88604],[-12,-6,22833],[-14,-11,11973],[-23,-15,43810],[-18,-18,34384],[-31,-21,16215],[-7,-4,195664],[-12,-12,25511],[-10,-12,12615],[-14,-21,15741],[-4,-4,86885],[-26,-11,30324],[-12,-9,12024],[-10,-6,62303],[-17,-23,131441],[-11,-54,131441],[-13,-4,24587],[-42,-4,0]],[[14883,36541,0],[-108,107,36484],[-27,26,8474],[-18,18,185257],[-4,41,0]],[[11189,36651,0],[9,3,10518],[22,5,0]],[[11220,36659,0],[0,-14,10705],[1,-7,26835],[3,-6,7500],[3,-4,38766],[-4,-17,0]],[[11223,36611,0],[-3,3,21859],[-10,-3,8919],[-6,-3,27988],[-4,-8,0]],[[11172,36600,0],[-7,26,10197],[-3,8,80206],[13,13,28591],[14,4,0]],[[9356,35882,0],[-24,89,72919],[-2,51,72919],[-18,21,0]],[[9312,36043,0],[-27,33,0]],[[9285,36076,0],[18,14,73311],[40,-7,34515],[8,-7,0]],[[9351,36076,0],[2,-2,22842],[19,5,9214],[17,3,48417],[62,20,0]],[[9451,36102,0],[24,-53,35873],[6,-23,0]],[[9481,36026,0],[0,-2,6973],[1,-1,14510],[35,-71,0]],[[9517,35952,0],[-161,-70,0]],[[14027,37202,0],[25,3,29246],[26,8,0]],[[14078,37213,0],[72,-54,175865],[43,-58,78101],[-2,-23,102625],[5,-5,7669],[5,-4,19586],[2,-6,12566],[2,-2,7133],[1,-4,7133],[4,-4,32596],[38,-41,383031],[24,-90,97284],[5,-61,22527],[3,-6,17587],[-4,-10,22527],[4,-19,0]],[[14280,36826,0],[-1,-3,9057],[-5,-1,7048],[0,-2,15330],[-8,-1,7303],[0,1,15330],[-9,-5,9095],[-7,-2,31639],[-8,-6,8889],[-1,-3,8889],[-5,-3,11840],[-8,-1,8662],[-3,1,8662],[-1,-3,11840],[5,-1,64010],[2,-4,8684],[1,-8,0]],[[14232,36785,0],[0,-8,24214],[15,-31,0]],[[14247,36746,0],[-88,-35,0]],[[14159,36711,0],[-25,54,57084],[5,9,0]],[[14139,36774,0],[6,5,17199],[-2,8,40292],[-2,3,7768],[-7,6,18822],[-7,1,7329],[-3,1,73134],[2,7,22511],[-4,5,11372],[0,5,11372],[-5,14,28445],[-1,7,9041],[0,16,13188],[-2,4,9783],[0,8,52773],[-3,4,10948],[-2,11,10948],[-3,7,7662],[0,3,19517],[-4,5,307810],[-23,-17,75705],[-9,-3,17825],[-13,-2,8422],[-8,1,26648],[-22,2,26648],[-12,-4,138985],[-75,18,208072],[14,46,0]],[[13954,36935,0],[28,87,174575],[-11,7,37395],[-16,-12,54669],[-5,8,12371],[-1,10,88812],[3,8,16618],[10,10,32179],[17,11,88812],[-3,32,8555],[-3,29,65588],[4,71,0]],[[13977,37196,0],[50,6,0]],[[11817,36980,0],[-2,-2,7477],[0,-5,53641],[-3,-3,7029],[-4,-1,7029],[-1,-2,7029],[-14,-11,13949],[-1,-2,8215],[-6,-1,13949],[-3,-4,9567],[-9,-6,28831],[-2,3,17794],[-4,-3,9365],[-9,-2,28831],[3,-4,9777],[0,-5,28831],[-6,-6,16521],[-12,-4,24802],[-17,-16,158003],[-4,0,7010],[-5,2,8047],[-4,-1,20020],[-8,5,11822],[-8,2,28929],[-3,-2,13245],[-2,3,8445],[-5,1,13927],[-9,-2,50207],[-16,12,132799],[-2,-2,9808],[-13,-26,18942],[4,-3,18369],[-8,-10,353978],[12,-14,9048],[20,-22,19666],[-2,-1,19570],[22,-19,271252],[-28,-16,51049],[-2,-2,7053],[-5,-5,7053],[-9,-7,10424],[-7,-7,28146],[-11,-16,82907],[-4,-4,11402],[-10,-4,11402],[-11,-6,8736],[-10,-5,8736],[-6,-4,13545],[-12,-5,9433],[-7,-4,118889],[-2,-21,0]],[[11572,36723,0],[-12,-2,24267],[-4,-3,8528],[-9,-8,24267],[-19,-5,96552],[-1,5,8387],[-4,7,24101],[-6,-8,24101],[3,19,31404],[-6,1,12915],[0,4,7207],[-2,1,0]],[[11512,36734,0],[8,12,34509],[-7,12,34509],[4,14,27144],[1,10,10004],[2,22,20842],[4,22,132544],[-6,11,12853],[-4,13,37656],[-12,54,0]],[[11502,36904,0],[38,19,33477],[22,17,26811],[13,5,187606],[73,0,30876],[21,2,69668],[45,-7,187606],[11,6,27944],[39,13,9487],[12,4,38511],[12,7,9975],[12,9,38511],[17,1,0]],[[12962,32497,0],[126,-119,0]],[[13088,32378,0],[-196,-220,445941],[-274,-139,1099603],[111,-140,142952],[8,-31,90417],[70,-99,669939],[-143,-78,210464],[-30,-67,1842136],[-108,30,326260],[-144,205,754915],[-102,-58,318483],[-127,-10,176236],[-130,29,0]],[[12023,31800,0],[-48,7,28746],[-61,5,0]],[[11914,31812,0],[40,69,116048],[-6,27,46133],[6,29,243382],[-14,34,43453],[-25,42,72612],[-5,32,921899],[25,21,75566],[72,22,188452],[7,19,16646],[8,16,32676],[5,25,69832],[19,18,322988],[22,-8,53577],[23,-30,90516],[16,-11,28298],[20,-5,48991],[10,7,322988],[9,53,155644],[82,39,266698],[79,8,64752],[79,17,207135],[28,25,41328],[19,27,635856],[-5,50,82264],[5,30,16279],[6,29,64406],[-1,54,204434],[-22,30,34926],[-25,25,79876],[0,14,26395],[-9,20,204434],[5,8,32828],[23,2,32828],[27,10,47151],[11,-2,332489],[5,-18,24292],[12,-24,70885],[19,-18,46794],[9,-27,42414],[18,-19,1252960],[34,-6,35419],[24,-10,87130],[38,-29,55692],[35,-13,219914],[26,-26,59900],[26,-44,36319],[22,-28,219914],[35,-4,76470],[1,28,147490],[-33,58,66814],[1,20,450527],[31,19,31586],[24,19,82502],[31,43,255227],[32,-15,30252],[42,-14,186218],[21,7,30368],[14,-2,87807],[47,42,0]],[[14316,36819,0],[42,12,16109],[17,6,76836],[4,3,8692],[-2,1,9633],[3,4,7995],[3,1,15195],[-2,3,15195],[9,7,67696],[8,-1,9667],[-1,-2,27165],[6,-9,8650],[8,-9,8650],[1,-3,0]],[[14382,36814,0],[-1,-2,10943],[-7,0,6973],[-3,0,0]],[[14371,36812,0],[-1,0,0]],[[14370,36812,0],[-2,-2,13752],[-9,-20,57126],[-31,-14,0]],[[14328,36776,0],[-9,29,0]],[[14319,36805,0],[-3,14,0]],[[11223,36611,0],[-3,-9,31251],[8,-18,13113],[4,-4,0]],[[11232,36580,0],[-11,-9,0]],[[11221,36571,0],[-8,-4,8543],[-3,-1,0]],[[11210,36566,0],[-4,10,8814],[-4,10,0]],[[14265,34022,0],[-7,-2,9293],[-10,-5,33375],[-19,-12,9856],[-5,-3,9856],[-10,-7,39462],[-13,-5,10994],[-2,1,124197],[-7,7,7391],[-4,5,35090],[-2,5,7414],[-1,6,14660],[1,9,124197],[-4,2,20584],[-28,-7,56749],[-35,12,61588],[-49,0,28676],[-28,-2,197805],[-32,-9,41164],[-42,-19,0]],[[13968,33998,0],[-77,117,294931],[-182,88,780157],[-148,-8,83415],[-74,-8,33339],[-87,-8,241910],[-60,-13,15379],[-26,-6,91606],[-14,-11,17867],[-9,-10,0]],[[13291,34139,0],[-57,63,120733],[-6,5,8381],[-7,4,21438],[-7,3,7216],[-8,4,7135],[-5,2,42421],[-10,2,14365],[-19,5,339569],[-15,0,10414],[-17,1,10414],[-10,-1,33831],[-12,-5,30995],[-31,1,57290],[-26,-8,139071],[-29,17,48166],[-54,18,123369],[-30,-19,0]],[[12948,34231,0],[-49,62,25822],[-2,0,0]],[[12897,34293,0],[3,6,9758],[4,12,18830],[5,4,92419],[1,5,8307],[-1,6,14265],[3,6,23244],[-4,13,37178],[2,18,9827],[2,5,25582],[-1,6,10062],[1,7,12431],[-2,8,7972],[0,5,25582],[4,9,70866],[0,5,9035],[-2,6,15107],[-6,8,13223],[0,5,256628],[9,7,26467],[2,4,7877],[6,8,13129],[5,12,12628],[3,1,56888],[10,-9,56888],[51,27,334354],[1,27,114124],[73,287,31027],[16,59,1063334],[37,8,19962],[45,13,264218],[-8,-67,19291],[-3,-12,17503],[-1,-8,7848],[-1,-6,9684],[-1,-12,29500],[-8,-3,18786],[4,-6,29500],[-1,-14,12913],[0,-20,388564],[32,-17,18728],[3,-4,135571],[48,-3,41962],[31,10,41962],[-2,-10,41962],[16,-2,19074],[48,-2,107320],[-3,-11,15596],[0,-9,58553],[6,-14,18128],[8,-10,37318],[7,-1,10426],[5,-3,102575],[23,31,0]],[[13367,34678,0],[56,8,11626],[102,13,196807],[96,54,259184],[30,-28,144034],[102,21,946802],[175,-172,415181],[204,-62,223037],[51,-37,19090],[48,-35,0]],[[14231,34440,0],[127,-102,0]],[[14358,34338,0],[-93,8,77721],[-40,-7,302158],[-72,-114,568848],[9,-14,18126],[23,-32,25635],[20,-31,107577],[-1,-15,53951],[17,-45,10025],[13,-32,107577],[31,-34,0]],[[12175,35107,0],[66,-40,25215],[19,-14,0]],[[12260,35053,0],[-3,-38,32884],[8,0,32884],[-9,-23,38609],[3,-27,152867],[44,-82,0]],[[12303,34883,0],[-67,-32,93246],[-9,-7,29897],[-11,-25,325330],[0,-30,47048],[13,-73,78062],[19,-55,48287],[0,-23,629558],[-6,-30,18484],[-10,-37,77644],[-24,-37,250060],[-38,-24,17407],[-40,-25,36984],[-53,-32,411481],[-78,-12,134708],[-37,17,28145],[-22,13,0]],[[11940,34471,0],[-2,0,22119],[-15,52,93349],[11,54,334468],[59,55,190109],[115,3,657533],[4,2,7144],[-1,1,8978],[8,4,37058],[4,13,25220],[9,5,25220],[8,11,11727],[5,8,152521],[2,15,6982],[1,2,6982],[0,5,11766],[2,3,29633],[1,20,13969],[-2,10,9047],[1,4,48134],[-2,11,8163],[-3,7,36379],[0,9,9427],[4,3,8430],[-2,1,9427],[-2,7,18417],[3,13,259358],[-8,4,9049],[-2,-1,9049],[-10,3,41094],[-9,0,8207],[-9,-1,17094],[-7,3,20720],[-8,-1,8677],[-4,1,9773],[-14,-1,259358],[1,4,18456],[-5,10,7242],[-4,9,9983],[-2,3,38459],[0,6,7155],[-1,6,11566],[-2,3,13105],[-2,22,104619],[-58,-26,104619],[-11,27,104619],[70,25,104619],[1,2,8604],[-5,9,22486],[-1,12,10804],[1,4,7012],[0,4,50509],[4,10,8131],[3,4,15918],[2,11,84853],[-2,7,7730],[-2,7,27824],[-8,10,7497],[-6,9,399854],[1,3,14826],[15,9,14826],[6,7,76747],[14,21,14854],[3,7,43871],[1,8,7677],[4,21,61405],[5,8,17631],[6,6,8404],[8,6,0]],[[12113,35070,0],[1,1,11060],[61,36,0]],[[12778,34330,0],[8,41,134654],[-63,64,157414],[5,27,68778],[-23,33,80033],[8,33,419187],[79,34,82972],[39,32,258868],[-9,16,50260],[-10,68,0]],[[12812,34678,0],[-2,18,55209],[7,33,31723],[12,35,57923],[10,15,21605],[13,28,57923],[-8,9,194339],[-18,121,0]],[[12826,34937,0],[30,8,50495],[66,36,44168],[6,-2,154629],[34,64,154629],[7,-3,14786],[32,-5,19088],[5,0,13850],[13,-6,288568],[-3,5,14991],[7,2,27106],[0,4,9476],[-3,5,15157],[2,3,7129],[0,3,15157],[-5,4,85914],[14,27,39696],[9,10,18267],[7,13,18267],[14,17,0]],[[13061,35122,0],[5,-41,65959],[-3,-17,17158],[-5,-10,30294],[-2,-12,13918],[0,-13,96836],[2,-9,11738],[5,-8,23696],[9,-8,339842],[7,-2,12634],[7,2,27931],[6,4,8081],[3,5,61086],[2,16,12851],[4,12,61086],[6,9,23806],[6,4,11084],[10,5,52745],[-5,9,39976],[6,7,7705],[3,6,17392],[10,9,83575],[7,-6,20809],[13,0,57666],[15,7,37227],[-11,9,32394],[12,6,83575],[-16,26,117118],[15,23,52640],[47,42,0]],[[13219,35197,0],[63,-99,102446],[27,-17,43701],[15,-21,0]],[[13324,35060,0],[79,-94,396410],[-16,-40,34405],[-4,-21,106838],[0,-29,12512],[0,-31,41509],[4,-23,117342],[-6,-17,16264],[-3,-14,32181],[-10,-19,18548],[-6,-16,117342],[2,-25,17305],[3,-53,0]],[[12897,34293,0],[-71,19,11818],[-2,1,0]],[[12824,34313,0],[-46,17,0]],[[13049,35200,0],[3,3,9648],[4,-1,8974],[3,3,0]],[[13059,35205,0],[2,2,9494],[6,-2,11045],[2,3,11045],[3,-5,57329],[5,4,9783],[5,2,12652],[23,15,27729],[14,13,0]],[[13119,35237,0],[49,-30,76919],[51,-10,0]],[[13061,35122,0],[10,20,22259],[4,13,10803],[3,10,104313],[-2,10,11150],[-3,5,38788],[-12,11,12921],[-12,9,0]],[[13610,35370,0],[-2,11,23908],[-12,-3,17353],[0,5,8970],[3,0,70785],[14,57,64691],[12,-2,19795],[-1,-5,280914],[19,0,15453],[17,2,31703],[55,0,10393],[19,0,50021],[44,3,27599],[58,2,490009],[-3,4,7260],[-3,6,12332],[-7,6,62192],[-1,7,15552],[4,9,36922],[8,3,14682],[6,5,7672],[2,4,105204],[5,0,13356],[12,6,22861],[4,-1,8200],[4,1,9208],[4,-1,29260],[2,3,14578],[13,4,239482],[-3,14,54512],[-66,102,0]],[[13817,35612,0],[12,3,7333],[6,0,19769],[15,6,33595],[19,-1,33595],[39,5,14202],[24,3,164943],[15,-5,27828],[31,0,40539],[104,-7,18277],[27,0,17909],[12,-2,7616],[10,0,357582],[104,-59,9001],[8,-4,119890],[19,-8,15535],[13,-3,43372],[5,1,10594],[11,5,0]],[[14291,35546,0],[28,-10,13129],[6,-2,133505],[4,-16,36250],[-4,-7,15947],[-8,-2,54753],[6,-5,9073],[11,-8,65209],[8,-12,18118],[3,-5,7736],[2,-8,18118],[14,-26,10397],[7,-14,133505],[9,-1,11755],[16,0,63416],[18,-11,30269],[17,-18,109213],[2,-7,10085],[2,-13,26425],[-4,-14,447610],[-10,-12,8799],[-5,-6,19518],[-9,-6,55246],[-6,-1,11754],[-12,3,10002],[-3,-1,88078],[-3,-10,33885],[-9,-10,17577],[-10,-8,11216],[-3,-3,7161],[-6,-6,61365],[-11,-5,10844],[-27,-11,51137],[-5,-4,16727],[-1,-5,7361],[1,-5,519729],[9,-9,21764],[7,-11,13590],[2,-9,20090],[7,-6,66075],[11,-1,15643],[10,-4,46344],[6,-8,13639],[6,-11,26580],[4,-4,9064],[5,-1,88228],[12,4,18026],[11,-1,82761],[7,-4,15680],[2,-5,7510],[3,-4,22929],[14,-9,38291],[8,-9,15527],[5,-7,8263],[2,-6,225003],[1,-7,12442],[-2,-12,26905],[-4,-9,11771],[-3,-12,132049],[9,-16,29085],[18,-18,54810],[8,-4,10727],[21,-9,54810],[4,-20,0]],[[14492,35065,0],[-221,-35,0]],[[14271,35030,0],[0,3,48451],[-133,72,120503],[-58,51,357696],[-71,-67,484983],[-46,11,83228],[-24,30,208896],[-7,45,47449],[-18,62,144936],[-41,35,0]],[[13873,35272,0],[-48,42,118707],[-10,39,10581],[-1,6,10581],[-5,14,25827],[-3,7,360343],[-3,-2,7642],[-7,-1,11926],[-4,2,21579],[-4,-7,21579],[-3,1,10900],[1,6,14621],[-5,0,53118],[-9,-6,9926],[-2,-4,24132],[5,-4,9842],[-1,-2,24132],[-14,-3,79987],[-3,7,17248],[-4,0,7963],[-3,-3,21128],[-2,2,9587],[3,4,10944],[-4,4,41864],[-9,-7,7817],[-2,-2,7560],[-3,0,33406],[-2,6,13947],[-6,3,79987],[-4,-1,8913],[-6,-5,25570],[-1,-3,8016],[0,-5,20512],[-3,-4,7493],[-6,-5,164961],[-15,8,27649],[-3,-1,10335],[2,-5,11589],[-4,-1,27649],[-9,5,13561],[-2,-1,9434],[0,6,40853],[-9,0,17053],[-5,-6,40853],[-11,7,9826],[-6,5,9826],[-3,1,52558],[-5,-9,33907],[-16,3,18226],[-8,-3,41430],[-1,2,7469],[0,8,0]],[[11339,34851,0],[60,30,170544],[8,8,9172],[16,14,10510],[7,7,49994],[67,75,112894],[8,30,181639],[51,6,27504],[28,5,13680],[16,2,181639],[-4,14,18154],[-1,17,47387],[5,22,11834],[2,5,0]],[[11602,35086,0],[88,3,125970],[146,35,439688],[58,93,104120],[47,23,104120],[-5,5,9278],[-2,5,46345],[2,4,7709],[0,5,11258],[6,14,19170],[4,4,8834],[2,4,0]],[[11948,35281,0],[68,85,0]],[[12016,35366,0],[167,-164,0]],[[12183,35202,0],[-8,-95,0]],[[11940,34471,0],[-23,-19,12885],[-32,-26,119532],[-125,-71,66820],[-21,-8,10611],[-4,0,0]],[[11735,34347,0],[-1,98,187768],[-31,54,75077],[-30,22,473659],[-60,9,121973],[-68,52,196647],[-35,-13,27108],[-30,-8,118792],[-36,19,18352],[-9,3,0],[-14,11,8201],[-7,4,0],[13,32,11339],[0,3,125606],[-21,5,8660],[-4,2,65734],[-35,39,0]],[[11367,34679,0],[-4,16,18377],[-6,37,57803],[15,19,57803],[-10,11,12253],[-4,8,73839],[-7,21,28831],[-12,60,0]],[[14389,32912,0],[-97,-152,0]],[[14292,32760,0],[-5,110,132086],[-14,71,62855],[-17,45,498923],[-50,47,36020],[-14,11,15607],[-21,18,204201],[-39,-23,29991],[-6,0,147123],[-70,45,770643],[146,220,770643],[-7,64,227836],[-21,23,45066],[-21,38,95684],[-25,73,95684],[-68,119,91110],[-7,54,91110],[-8,-7,47511],[-21,29,433445],[-9,64,108176],[-20,41,32607],[-19,44,72626],[-9,42,196204],[1,58,11931],[0,52,0]],[[14265,34022,0],[25,-33,80033],[15,-41,23075],[7,-13,19986],[15,-38,80033],[1,-12,42405],[15,-21,7562],[15,-23,42405],[34,-63,132728],[6,-28,40024],[16,-24,39739],[2,-20,84326],[3,0,9074],[1,-4,9074],[6,-9,9074],[10,-13,35061],[1,-4,8836],[-1,-6,35061],[5,-11,13288],[4,-3,13288],[9,-17,21611],[1,-6,7130],[4,-7,451704],[4,-5,10001],[7,-5,11510],[0,-2,8951],[7,-6,23425],[1,-5,11519],[6,-8,61747],[13,-12,20682],[10,-4,10753],[8,-6,25186],[7,-9,11147],[6,-5,7038],[2,-3,25186],[8,-5,9384],[4,-1,101389],[6,1,7507],[7,1,8016],[6,1,136177],[2,7,15866],[0,-13,9787],[2,-4,29690],[5,-3,7858],[7,-7,14188],[8,-4,29690],[5,-5,7911],[1,-3,12243],[5,-3,8902],[1,-3,8902],[8,-10,28633],[10,-5,55877],[5,-10,8777],[3,-8,28180],[5,-4,11670],[8,-8,451704],[0,-194,0]],[[14636,33276,0],[-6,-5,8295],[-5,-7,22735],[-10,-4,66343],[-3,-3,9330],[2,-3,9330],[-3,-3,10992],[-2,-11,16072],[1,-6,7844],[0,-6,15444],[-4,-8,92818],[-6,-5,10156],[-2,-4,14354],[-10,-13,9769],[-2,-6,9769],[-4,-2,39384],[-10,-3,64886],[-2,-4,7214],[-3,-2,15630],[1,-8,26605],[-4,-8,12322],[-9,-12,47747],[-7,-6,9352],[-6,-7,11419],[-4,-2,11419],[-4,-6,134775],[-1,-9,21334],[-6,-11,12795],[-4,-3,31119],[5,-4,7637],[-1,-2,74223],[-25,-41,15281],[-13,-19,15281],[-9,-14,8999],[-2,-5,170157],[-5,-5,7704],[-3,-6,13968],[-3,-1,8005],[-4,-6,8005],[-7,-6,23182],[-6,-11,45683],[-5,-4,10704],[-6,0,19857],[-4,-3,7864],[-6,-7,81364],[-14,-22,13736],[-26,-41,0]],[[11232,36580,0],[19,10,19414],[15,5,0]],[[11266,36595,0],[-1,-8,24732],[-8,-9,14379],[-9,-14,50929],[2,-20,0]],[[11250,36544,0],[9,-46,0]],[[11259,36498,0],[-31,-5,0]],[[11228,36493,0],[-8,41,7410],[0,2,0]],[[11220,36536,0],[-2,7,10989],[1,8,27030],[5,2,15267],[3,11,35345],[-4,6,7840],[-2,1,0]],[[11134,36567,0],[11,-2,15365],[5,-5,0]],[[11150,36560,0],[-6,-7,38637],[2,-2,7680],[7,-3,19312],[21,-4,59976],[-6,-6,11397],[0,-4,20818],[-3,-2,7834],[-7,-1,10591],[-1,-2,0]],[[11157,36529,0],[9,-47,0]],[[11166,36482,0],[-36,-6,0]],[[11130,36476,0],[-10,51,22098],[-2,3,6973],[0,1,6973],[-1,2,0]],[[11117,36533,0],[0,10,18566],[7,3,0]],[[11163,36845,0],[3,2,11039],[56,38,0]],[[11222,36885,0],[20,-10,46214],[5,-17,23437],[9,-8,108407],[23,8,24090],[18,0,15189],[4,3,0]],[[11301,36861,0],[45,-139,10520],[7,-21,0]],[[11353,36701,0],[-40,-1,46140],[-37,-10,79222],[1,-14,0]],[[11277,36676,0],[-8,-9,49564],[-10,-3,14634],[-19,-2,18543],[-6,2,18543],[-14,-5,0]],[[11189,36651,0],[1,22,16890],[-2,6,49678],[10,20,17189],[4,15,157939],[-9,19,33914],[-15,15,17263],[-8,11,120840],[-7,86,0]],[[11150,36560,0],[17,-2,22242],[9,2,11670],[16,1,34460],[15,5,8857],[3,0,0]],[[11228,36493,0],[-62,-11,0]],[[11028,36635,0],[11,3,16001],[21,1,0]],[[11060,36639,0],[6,-37,9192],[2,-13,9192],[0,-3,10521],[3,-15,0]],[[11070,36557,0],[-12,-3,21531],[-8,0,9066],[-13,1,7282],[-6,-1,0]],[[11031,36554,0],[0,4,11787],[-6,1,19751],[0,6,10615],[3,0,7218],[0,3,0]],[[11028,36568,0],[3,0,31727],[-1,12,7686],[-2,55,0]],[[10837,36680,0],[30,3,94081],[24,16,41127],[18,24,46721],[25,15,0]],[[10934,36738,0],[4,-190,0]],[[10938,36548,0],[1,-7,8657],[0,-29,0]],[[10939,36512,0],[13,-66,0]],[[10952,36446,0],[-114,-19,0]],[[10838,36427,0],[-15,74,69589],[9,10,0]],[[10832,36511,0],[0,18,7885],[-2,2,7885],[3,5,7885],[-2,1,43777],[2,48,9994],[4,95,0]],[[11381,36621,0],[28,6,25804],[19,6,9980],[4,3,45286],[6,8,0]],[[11438,36644,0],[6,0,10212],[4,3,62048],[30,42,10047],[34,45,0]],[[11572,36723,0],[-5,-20,28975],[-4,-19,9713],[-5,-25,21564],[0,-11,59196],[-16,-7,22287],[-5,-3,10030],[2,-3,59196],[2,-15,12738],[4,-12,0]],[[11545,36608,0],[16,-45,0]],[[11561,36563,0],[-117,-34,0]],[[11444,36529,0],[-37,-6,0]],[[11266,36595,0],[26,7,0]],[[11292,36602,0],[6,2,0]],[[11298,36604,0],[1,-4,10843],[-1,-23,32562],[-4,-4,8708],[-4,-8,21767],[0,-10,0]],[[11290,36555,0],[10,-50,0]],[[11300,36505,0],[-41,-7,0]],[[11223,36611,0],[4,-1,8287],[0,-4,11647],[8,-5,62327],[4,3,10588],[7,2,7627],[0,-2,14363],[9,4,9425],[7,5,21749],[11,10,21749],[6,-1,0]],[[11279,36622,0],[4,-4,12822],[9,-16,0]],[[12835,36892,0],[79,19,119579],[20,11,50564],[1,24,0]],[[12935,36946,0],[7,4,0]],[[12942,36950,0],[2,3,7569],[0,5,22384],[7,1,7079],[2,1,19632],[4,9,57638],[8,1,8696],[7,4,27075],[8,6,16296],[-1,5,29095],[2,1,7615],[6,1,15072],[2,5,15502],[17,9,14247],[6,0,14247],[5,4,7354],[0,3,7354],[3,0,87517],[4,-3,20419],[7,1,8647],[4,3,13553],[-1,3,20419],[11,5,13305],[9,1,0]],[[13054,37018,0],[10,3,8947],[7,3,27472],[11,0,9579],[3,-2,39190],[9,7,14695],[0,2,8196],[4,-2,8196],[5,1,14695],[1,4,56596],[11,0,9221],[4,-1,17750],[-1,-4,15263],[9,0,56596],[6,4,9293],[5,2,7002],[5,2,17959],[0,5,17959],[6,2,7166],[7,3,86504],[6,-5,9394],[1,2,8321],[5,-4,20872],[3,1,8103],[7,-1,76413],[-1,5,9289],[4,-2,9585],[8,5,11599],[1,3,11599],[8,4,37673],[1,8,20242],[4,6,8340],[6,6,126139],[10,2,12573],[21,6,41274],[22,-6,34262],[14,6,173586],[21,15,12387],[8,5,26650],[50,33,17419],[8,5,9204],[18,12,6991],[8,5,173586],[7,2,13276],[10,-1,7746],[1,-1,33207],[24,10,72288],[16,-17,0]],[[13447,37151,0],[-2,-1,8320],[1,-5,8320],[-3,-2,12288],[1,-6,11004],[-3,-3,46647],[-19,-6,24054],[-5,-3,9361],[-2,-4,124925],[1,-4,7458],[3,-4,16031],[0,-11,37464],[5,-1,12445],[10,-9,37464],[3,-5,8495],[7,-11,14827],[3,-8,210561],[-4,-2,9652],[-5,1,25428],[0,-13,40330],[-83,-100,341856],[5,-19,19964],[19,-53,27331],[5,-10,125705],[13,-2,18144],[20,0,0]],[[13417,36870,0],[-3,-31,12471],[0,-17,8034],[-3,-48,35441],[-4,-21,344835],[-8,-1,9249],[-34,-5,96385],[-47,8,19074],[-21,1,11995],[-4,1,21913],[-56,10,344835],[-47,-19,100979],[2,-35,100979],[-81,-64,0]],[[13111,36649,0],[-22,4,11203],[-45,11,256187],[-28,29,82007],[-33,77,150652],[-5,40,24669],[-2,34,0]],[[12976,36844,0],[-11,26,89266],[-48,-13,89266],[-77,15,124652],[-5,20,0]],[[11578,36293,0],[248,105,0]],[[11826,36398,0],[182,-27,97148],[42,7,39383],[6,-4,6973],[0,-1,0]],[[12056,36373,0],[4,-5,33837],[8,1,13728],[9,4,7844],[4,3,7844],[7,1,0]],[[12088,36377,0],[2,0,7360],[3,3,12930],[8,-2,19314],[11,1,7554],[18,4,49396],[27,8,12682],[28,9,123753],[10,4,7051],[7,4,8730],[23,9,32618],[20,13,94315],[70,10,94315],[22,11,7943],[10,6,7943],[11,6,19796],[9,6,0]],[[12367,36469,0],[15,9,0]],[[12382,36478,0],[-20,-30,7274],[-36,-54,13513],[-17,-24,12455],[-17,-26,298418],[-4,-4,20306],[-14,-6,9214],[-20,-7,22597],[-12,-8,36239],[-15,-3,10852],[-6,-2,100899],[-10,-11,13985],[-17,-25,100899],[-14,-4,9163],[-7,-4,24617],[-30,-6,66055],[-9,-8,16844],[-12,-7,7977],[-6,-3,20707],[-6,-5,7475],[0,-2,0]],[[12110,36239,0],[-21,-67,224100],[-51,-37,99112],[-99,-40,0]],[[11939,36095,0],[-162,16,223888],[-143,66,426250],[-56,116,0]],[[12661,37178,0],[29,3,7073],[12,2,21319],[12,0,56026],[35,13,0]],[[12749,37196,0],[-1,-15,44988],[9,-27,15398],[6,-11,22155],[1,-10,9919],[3,-8,99095],[6,-2,10090],[4,-4,47282],[0,-14,29051],[-11,-19,47282],[-2,-10,17021],[3,-6,17787],[-1,-11,16471],[1,-5,9403],[0,-20,245901],[-9,-37,19573],[-1,-12,14276],[-4,-17,45265],[-4,-3,17588],[-3,-11,7592],[0,-3,7592],[-3,-5,103335],[-5,-3,8176],[-2,-4,17782],[-11,-4,30299],[-7,-7,8254],[-2,0,8254],[-2,-4,18360],[2,-3,0]],[[12716,36921,0],[9,-47,0]],[[12725,36874,0],[-224,-39,0]],[[12501,36835,0],[-43,-7,0]],[[12458,36828,0],[-9,42,0]],[[12449,36870,0],[3,4,9452],[9,8,10512],[9,10,65433],[3,7,18722],[17,32,8706],[3,5,39066],[2,5,7058],[0,10,0]],[[12495,36951,0],[6,3,6988],[11,3,37627],[9,8,16065],[7,7,9365],[3,6,83248],[5,1,7519],[5,-1,15140],[2,-5,27546],[5,0,10348],[4,2,7281],[5,0,18578],[13,-2,83248],[4,1,9451],[5,6,11552],[3,0,17710],[9,10,43435],[-3,2,13281],[-2,4,8467],[1,5,95148],[3,4,13186],[10,4,22211],[3,8,34920],[15,10,15302],[4,5,15302],[9,2,45632],[3,11,45632],[3,2,10176],[11,2,16799],[7,3,8367],[4,4,11690],[8,2,27564],[5,6,354492],[5,18,19947],[2,16,7221],[0,9,87544],[-5,29,33434],[-9,15,37335],[-4,27,0]],[[14247,36746,0],[81,30,0]],[[14550,36720,0],[-19,-12,38536],[-13,-21,99614],[-5,-4,18484],[-9,1,10352],[-7,-1,31030],[-28,-12,57053],[-20,-13,20264],[-6,0,20264],[-12,-11,145459],[-26,-1,26686],[-19,-3,8481],[-14,-3,61212],[-4,3,32880],[-12,-7,7019],[-17,-12,9356],[-3,-2,42798],[-14,1,124858],[-13,-11,7817],[-10,-11,22252],[-5,-8,0]],[[14294,36593,0],[-5,-8,15490],[-39,-51,0]],[[14250,36534,0],[-21,14,0]],[[14229,36548,0],[-113,117,0]],[[14116,36665,0],[43,46,0]],[[11301,36861,0],[13,7,32336],[33,6,97361],[63,-10,7010],[4,-1,41611],[19,1,173683],[49,29,11328],[20,11,0]],[[11438,36644,0],[2,6,16897],[-2,4,9859],[-5,0,31520],[-13,-8,31520],[-5,-1,7538],[-19,-2,11708],[-8,0,34217],[-22,3,15732],[-13,1,0]],[[11353,36647,0],[0,14,15220],[-3,0,8153],[-3,4,15220],[6,3,15220],[0,33,0]],[[12249,37242,0],[42,4,18083],[71,8,266706],[128,-22,13528],[9,-2,139434],[79,-35,41768],[37,-12,96118],[46,-5,0]],[[12495,36951,0],[-7,-4,42873],[-2,5,7190],[0,4,7190],[-2,9,15682],[2,4,28401],[-8,12,42873],[-4,-1,9424],[-4,-5,37804],[-10,23,137723],[-11,-16,14225],[-2,-6,44214],[-2,-22,28171],[-8,-17,137723],[-7,-5,9708],[-21,-15,29282],[-5,-4,9990],[-17,-13,16720],[-3,-5,8674],[-7,-6,69486],[-9,-3,9509],[-3,-3,23745],[-8,3,7349],[-2,0,0]],[[10366,36642,0],[126,-11,8255],[1,0,6973],[1,0,0]],[[10494,36631,0],[7,-1,20676],[33,9,20676],[20,2,57472],[57,19,145457],[59,-4,31348],[14,-6,21769],[11,1,0]],[[10695,36651,0],[22,-7,26249],[17,1,99903],[28,11,25129],[14,2,10757],[5,2,49295],[17,15,74104],[12,-1,11839],[16,0,0]],[[10826,36674,0],[-34,-23,10051],[-9,-6,16585],[-3,-6,16585],[-9,-3,190372],[-2,-6,18112],[-7,-6,12785],[-6,-9,54983],[2,-6,8832],[3,-2,13972],[-2,-4,13972],[2,-8,8655],[3,-4,109783],[-1,-5,11445],[-6,-6,12745],[-4,-2,9369],[4,-2,33821],[-14,-6,33821],[0,-3,12737],[-5,-4,8131],[-2,-4,22563],[-11,-5,22563],[-2,-4,7857],[-6,-8,8763],[-3,-5,17384],[-4,-2,133374],[-1,-15,9474],[-3,-15,29228],[-2,-1,17458],[1,-4,7084],[2,-13,7168],[1,-4,0]],[[10708,36483,0],[2,-2,6973],[0,-1,18059],[14,-72,0]],[[10724,36408,0],[-193,-219,0]],[[10531,36189,0],[-140,188,345569],[-35,130,123556],[4,56,0]],[[11353,36647,0],[-16,-8,0]],[[11337,36639,0],[-8,-2,7412],[-2,-2,7645],[-9,-2,44767],[-18,4,20320],[-20,1,0]],[[11280,36638,0],[-3,38,0]],[[11561,36563,0],[213,49,0]],[[11821,36440,0],[5,-42,0]],[[11578,36293,0],[-551,-196,0]],[[11027,36097,0],[28,129,240792],[100,113,518844],[79,16,103303],[133,52,151103],[108,16,465022],[-5,30,45812],[-16,26,56828],[-10,50,0]],[[11298,36604,0],[28,8,10171],[6,1,0]],[[11351,36513,0],[-51,-8,0]],[[10724,36408,0],[114,19,0]],[[10952,36446,0],[30,5,0]],[[10982,36451,0],[59,10,0]],[[11041,36461,0],[89,15,0]],[[11027,36097,0],[-244,45,0]],[[10783,36142,0],[-252,47,0]],[[12382,36478,0],[35,18,101251],[31,7,37399],[50,8,8530],[77,14,155145],[78,-5,120081],[45,19,61299],[27,4,19765],[25,3,0]],[[12750,36546,0],[53,10,15478],[31,5,46378],[43,11,7132],[13,3,95906],[27,-3,41894],[32,10,36414],[11,-4,165695],[-13,-24,0]],[[12947,36554,0],[-20,-15,74938],[-2,-5,13605],[1,-8,13605],[-3,-9,21705],[1,-11,9941],[-2,-3,10863],[0,-8,7308],[1,-6,21705],[-3,-6,139664],[0,-7,8629],[2,-3,8629],[1,-6,7715],[2,-5,19977],[3,0,22010],[4,-8,11972],[6,-9,17644],[6,-15,7913],[2,-2,0]],[[12946,36428,0],[36,-76,0]],[[12982,36352,0],[-192,-79,0]],[[12790,36273,0],[-441,-183,0]],[[12349,36090,0],[-148,-62,0]],[[12049,35943,0],[-102,119,120157],[-8,33,0]],[[15553,33795,0],[-8,0,77742],[-296,-84,12584],[-117,-33,352779],[-137,-74,7172],[-3,-2,117645],[-67,-23,42669],[-37,-16,15386],[-6,-4,0]],[[14882,33559,0],[-9,35,15256],[-9,33,36117],[-7,28,7733],[-7,30,17233],[-18,79,245504],[25,42,134866],[-12,105,929456],[-174,100,376698],[-78,182,394365],[-201,122,0]],[[14392,34315,0],[113,9,150169],[138,46,301914],[66,50,76053],[19,11,19767],[28,18,27019],[25,12,1225016],[15,2,18706],[20,-2,93339],[22,-8,29342],[17,-9,8411],[18,-9,59341],[25,-8,12283],[29,-7,171894],[73,-48,89450],[69,-27,656458],[12,-27,80451],[-29,-26,128000],[12,-64,42160],[11,-32,299218],[49,-25,89705],[28,-24,47251],[15,-25,184607],[14,-73,993044],[18,-14,34339],[11,2,87168],[20,36,87168],[23,14,54541],[25,-6,285739],[31,-34,90457],[50,-20,43769],[34,-21,90457],[14,-23,451828],[17,9,48213],[20,34,77463],[27,12,14190],[13,7,77463],[51,51,2255909],[2,23,86406],[-27,51,18186],[-22,41,336017],[-33,20,64045],[-28,-5,65838],[-21,15,21093],[-15,15,65838],[-13,-10,222941],[-21,9,41635],[-16,21,34670],[-12,5,95249],[-31,36,7829],[-34,40,445418],[-9,60,62458],[-16,42,163513],[-43,56,68265],[-29,58,724349],[-32,30,73355],[-44,11,73265],[0,10,22835],[9,22,73265],[-13,6,39694],[-17,-13,284194],[-12,-21,35879],[1,-19,65159],[16,-3,53007],[-1,-17,10395],[-1,-13,65159],[-15,3,21414],[-11,8,110856],[-22,-15,13216],[-22,-17,469161],[-17,9,37821],[-16,22,32527],[-15,10,74717],[-28,5,33548],[-22,10,74717],[-11,12,24805],[-1,11,197301],[9,9,16220],[10,4,19813],[6,7,66910],[-1,4,9687],[-5,5,28784],[3,18,191500],[-17,6,36221],[-12,-4,16773],[-14,0,107641],[-7,8,37206],[-1,13,17162],[1,24,107641],[-9,8,19361],[-12,3,37383],[-10,-3,20834],[-12,3,37383],[-6,10,724349],[4,8,11298],[5,13,44498],[-2,6,12877],[-8,8,44498],[1,35,11641],[0,8,161716],[14,-2,28699],[9,-7,14587],[16,-7,32029],[5,-2,7234],[12,-1,258437],[7,3,18289],[4,10,54371],[-2,9,11139],[-3,6,13374],[-5,19,54371],[3,22,15232],[3,17,138437],[-9,14,32430],[-18,8,80144],[-1,6,11885],[3,9,38977],[18,8,80144],[-4,7,12458],[-9,6,40922],[4,9,18743],[-3,12,37191],[-10,11,0]],[[14850,34974,0],[99,14,97096],[161,33,56057],[27,9,187505],[80,-5,548544],[18,-15,55868],[34,-14,20306],[45,-21,60707],[67,-43,51544],[37,-17,0]],[[15418,34915,0],[-29,-61,529184],[118,-58,173062],[6,-5,25275],[72,-76,288114],[410,-223,767139],[-3,-83,122617],[28,-94,473424],[240,-194,767139],[162,-15,16980],[122,-12,0]],[[16544,34094,0],[5,-2,42550],[185,-159,60762],[47,-43,0]],[[16781,33890,0],[-49,-3,19354],[-72,-4,8597],[-227,-13,41778],[-34,-3,300188],[-79,-10,7203],[-168,-21,18643],[-340,-44,417507],[-259,3,0]],[[13954,36935,0],[-43,-1,50719],[-3,-10,107103],[-52,-39,9269],[-13,-8,9269],[-17,-13,118447],[35,0,227253],[-14,-54,81332],[5,-13,17777],[5,-29,0]],[[13857,36768,0],[23,-105,0]],[[13880,36663,0],[-208,-51,0]],[[13672,36612,0],[-33,91,12030],[-1,1,0]],[[13638,36704,0],[-2,6,12134],[-7,6,12134],[-6,8,9469],[-10,11,23102],[-7,6,50487],[1,10,15094],[-4,6,137652],[-13,-6,11187],[-16,-9,18175],[-18,-7,249911],[-3,11,11403],[-9,28,12432],[-2,8,11541],[-5,11,12432],[-4,15,18933],[-10,26,44170],[-16,37,23031],[-4,14,321177],[-14,-3,8493],[-34,-5,17971],[-38,-7,0]],[[13447,37151,0],[10,0,13237],[6,4,21133],[-1,4,31429],[9,11,11174],[4,8,11174],[5,3,63473],[-1,3,9746],[-7,6,10558],[-2,4,0]],[[13470,37194,0],[3,3,14489],[5,2,7483],[5,0,7483],[4,2,17260],[6,5,10365],[7,4,22408],[10,1,22408],[3,3,8807],[0,4,8807],[3,2,99120],[9,-3,14052],[6,1,26090],[1,-7,14132],[6,-2,43418],[13,2,11508],[8,-2,10084],[3,2,119574],[-1,5,24144],[6,4,10730],[10,9,55288],[4,2,8033],[6,1,11769],[13,7,25246],[1,5,7853],[3,1,25246],[18,3,400152],[6,-7,25203],[7,1,7353],[7,1,31493],[3,-2,8474],[6,-1,16391],[10,-10,31493],[4,0,10194],[13,-3,49988],[13,-11,12955],[5,-7,49988],[7,0,13149],[12,4,126370],[18,-36,171126],[87,-21,16577],[27,-6,369384],[6,1,8676],[7,2,28479],[11,8,8548],[12,8,34956],[14,4,16544],[10,6,7101],[5,1,7101],[1,2,16952],[6,1,14600],[18,8,83639],[40,5,0]],[[12458,36828,0],[-86,-28,0]],[[10531,36189,0],[-109,-116,447159],[-391,-150,8988],[-60,-23,0]],[[9971,35900,0],[-144,129,0]],[[9827,36029,0],[49,48,188407],[186,59,347540],[-33,71,0]],[[10029,36207,0],[-5,13,19349],[-19,67,86779],[-39,75,0]],[[14758,37166,0],[-60,-69,0]],[[14698,37097,0],[-2,-3,15450],[-17,-7,28090],[-5,-5,10288],[-10,-7,10288],[-8,-7,44196],[-12,-2,17745],[-13,-6,44196],[-14,-12,9561],[-7,-7,197301],[-6,2,23861],[-17,-3,14599],[-22,-1,46659],[-9,2,7011],[-16,1,10657],[-19,3,28872],[-12,1,7983],[-10,-1,0]],[[14499,37045,0],[-7,0,8647],[-11,2,23505],[-7,6,23505],[-11,-3,87306],[-21,13,19592],[-6,6,7849],[-1,3,23248],[-7,4,11869],[-23,16,118484],[-15,-2,18538],[-17,-7,215418],[-47,40,40330],[-19,18,9113],[-33,33,0]],[[14274,37174,0],[37,3,53194],[6,-12,53194],[38,2,154057],[13,6,8699],[16,7,19352],[16,10,12596],[7,2,22675],[11,9,22675],[8,2,10105],[10,5,154980],[11,0,12666],[5,3,14818],[24,3,10738],[47,6,31033],[33,2,81214],[11,-4,18730],[-1,2,10032],[7,0,18730],[25,-4,35797],[13,4,0]],[[14611,37220,0],[23,3,52585],[67,30,0]],[[14701,37253,0],[13,-25,0]],[[14714,37228,0],[24,-48,57743],[20,-14,0]],[[11132,35991,0],[-105,106,0]],[[11796,35753,0],[-197,15,0]],[[11599,35768,0],[-266,21,0]],[[11333,35789,0],[-201,202,0]],[[13880,36663,0],[236,2,0]],[[14229,36548,0],[-34,-32,0]],[[14195,36516,0],[-11,-10,18168],[-6,-2,9678],[-7,-5,19891],[-21,-16,34937],[-55,-36,237675],[12,-27,25177],[18,-29,72073],[19,-6,0]],[[14144,36385,0],[-108,-61,28492],[-68,-40,75489],[-3,7,7409],[-2,1,48898],[-23,-14,26020],[-5,-8,9201],[-5,-4,48898],[-6,-3,7309],[-5,0,15762],[-7,2,75489],[-37,-30,578984],[28,-30,72233],[-20,-10,113666],[6,-21,47793],[25,-27,47793],[14,-30,44806],[29,-40,22659],[3,-6,578984],[-20,-44,64169],[-24,-18,97540],[6,-28,172195],[-30,-37,70273],[-23,-11,14741],[-10,-3,14741],[-6,-6,68112],[-24,-32,303033],[6,-32,58685],[-12,-34,127917],[18,-33,26075],[18,-41,303033],[-12,-17,75288],[-40,-24,21652],[-22,-14,50266],[-13,-2,18043],[-8,-6,8130],[-3,0,0]],[[13761,35689,0],[-20,2,27307],[-7,2,8647],[-6,3,9219],[-11,3,157451],[-8,-3,31181],[-6,-10,13123],[-7,-16,54305],[-2,-18,10061],[0,-7,34315],[-8,-13,127665],[-9,-7,15954],[-17,-7,48096],[-12,0,17419],[-8,4,0]],[[13640,35622,0],[-6,2,12805],[-34,11,107533],[-9,9,9495],[-4,6,20784],[-8,13,20784],[-11,14,10658],[-11,12,33552],[-7,14,145894],[-25,1,23135],[-5,-2,9703],[-12,-1,0]],[[13508,35701,0],[-1,0,9021],[-6,10,17400],[-1,9,17400],[-10,26,38964],[-4,6,9315],[-4,9,9315],[-9,17,15874],[-3,4,0]],[[13470,35782,0],[0,10,30339],[-5,7,7948],[-10,9,84259],[1,7,19583],[6,11,8650],[6,10,26998],[3,9,8977],[4,14,84259],[-5,5,8341],[-5,3,8341],[-8,7,220775],[0,5,8968],[3,9,38543],[6,6,8553],[6,7,20447],[5,9,7903],[7,10,38543],[9,18,7694],[4,11,152302],[-1,16,16782],[1,34,80465],[5,7,8909],[2,4,43854],[7,36,7093],[4,20,15541],[0,6,12352],[3,12,803975],[-9,6,11222],[-13,10,29378],[-9,5,8303],[-12,6,15834],[-8,3,107793],[-9,14,30123],[-4,10,8276],[-8,26,138929],[-20,6,18360],[-17,8,45615],[-18,11,8926],[-12,8,8926],[-8,4,294742],[-13,-10,23434],[-22,-9,93018],[-16,-2,11229],[-7,-3,26851],[-14,0,7685],[-8,1,50392],[-19,4,11673],[-6,3,476425],[3,28,119452],[-68,150,0]],[[13201,36363,0],[-31,67,0]],[[13170,36430,0],[502,182,0]],[[11060,36639,0],[4,0,10154],[17,4,28384],[6,3,14798],[14,3,14798],[15,5,37321],[18,2,9119],[8,1,161276],[2,-3,12099],[-1,-8,20967],[-5,-6,11140],[-1,-8,41691],[2,-19,14431],[3,-10,0]],[[14541,36923,0],[13,8,16760],[8,8,77597],[-5,5,25936],[-1,3,8227],[2,6,7124],[-1,3,15796],[-3,4,15796],[4,8,25974],[-6,13,148470],[-10,-4,30235],[-4,5,10708],[-1,4,8530],[-3,4,30235],[-25,16,15642],[-26,17,113527],[13,13,20561],[3,9,0]],[[14758,37166,0],[130,-98,0]],[[11022,36760,0],[1,0,0]],[[11023,36760,0],[46,30,65126],[20,0,33645],[19,10,99911],[24,20,11480],[31,25,0]],[[11028,36635,0],[-2,45,10333],[-3,65,8430],[-1,15,0]],[[10978,36560,0],[10,-1,23317],[10,8,34741],[5,2,10729],[6,-2,12490],[19,1,0]],[[11031,36554,0],[1,-28,0]],[[11032,36526,0],[1,-9,8471],[-1,-10,0]],[[11032,36507,0],[9,-46,0]],[[10982,36451,0],[-12,63,0]],[[10970,36514,0],[1,3,10047],[-1,9,17788],[4,2,11902],[0,6,36326],[4,4,11012],[7,2,19355],[3,7,58466],[-7,3,20423],[-1,6,7254],[-2,4,0]],[[9348,36442,0],[51,-3,64604],[2,-14,0]],[[9401,36425,0],[58,-5,11996],[47,-4,90774],[0,6,33371],[28,4,0]],[[9534,36426,0],[2,1,6973],[1,-1,8013],[22,1,0]],[[9521,36297,0],[0,4,28503],[-30,17,7678],[-4,3,32274],[-5,-2,17690],[-13,6,27104],[2,7,27104],[-33,21,14111],[-55,36,0]],[[9383,36389,0],[-27,18,70022],[-8,35,0]],[[9827,36029,0],[-164,-13,224411],[-146,-64,0]],[[9451,36102,0],[3,56,0]],[[9454,36158,0],[136,83,0]],[[8703,35727,0],[-177,175,0]],[[8526,35902,0],[101,145,0]],[[8627,36047,0],[149,213,0]],[[8776,36260,0],[33,43,0]],[[8809,36303,0],[244,-162,172142],[42,3,52822],[1,-11,0]],[[9096,36133,0],[13,-15,47893],[66,-100,309756],[39,0,32920],[13,-4,21068],[22,-1,107983],[9,18,12532],[5,12,87742],[17,2,35391],[7,-3,18711],[5,-11,35391],[11,4,10394],[1,1,0]],[[9304,36036,0],[8,7,0]],[[9356,35882,0],[-177,-42,0]],[[9179,35840,0],[-200,-47,0]],[[8979,35793,0],[-276,-66,0]],[[14639,37372,0],[62,-119,0]],[[14274,37174,0],[-23,30,48337],[-27,52,0]],[[14224,37256,0],[16,5,10380],[7,3,0],[0,1,0],[13,-4,12688],[8,-4,14848],[10,-1,7568],[5,-2,18832],[8,-6,16845],[6,-1,7490],[5,0,210124],[12,5,9296],[9,2,9296],[13,5,7140],[1,1,7140],[11,3,18255],[9,5,16709],[8,1,7930],[2,-1,28303],[10,5,10212],[13,5,20590],[5,0,7229],[6,2,15628],[6,4,12172],[10,2,80680],[1,5,27106],[6,2,7322],[5,3,11721],[2,3,11721],[14,6,30122],[6,-2,30122],[8,4,8557],[2,-1,8557],[15,6,23130],[3,-1,15758],[16,11,0]],[[14495,37322,0],[5,7,15316],[8,5,48294],[15,4,7046],[13,4,23745],[8,0,8801],[13,2,23745],[6,3,9595],[0,3,0]],[[14563,37350,0],[76,22,0]],[[12749,37196,0],[23,9,33687],[23,17,65043],[9,2,12402],[8,-2,51078],[3,3,7900],[6,1,7900],[4,3,23197],[10,1,10761],[4,3,10761],[6,0,25768],[6,5,11594],[7,2,29913],[10,-2,10551],[8,0,29913],[-4,9,65043],[3,4,10874],[6,1,15740],[7,9,0]],[[12888,37261,0],[3,0,21608],[66,26,44568],[23,13,16310],[17,7,0]],[[12997,37307,0],[14,3,7029],[11,2,24660],[14,8,24660],[4,-5,33902],[19,3,17729],[14,-1,0]],[[13073,37317,0],[0,-8,17986],[5,-4,12869],[2,-7,52210],[1,-28,30337],[6,-25,35733],[-3,-12,29425],[5,-28,204483],[-13,-4,15758],[-14,-8,76369],[-10,-11,8287],[-3,-4,36145],[-2,-12,24384],[-6,-13,10272],[-7,-10,221918],[5,-11,31341],[-1,-28,10603],[1,-7,35051],[8,-10,7105],[2,-4,35051],[-12,-4,72786],[6,-17,20083],[2,-3,7795],[2,2,43538],[4,-14,12592],[-2,0,14267],[5,-15,21183],[0,-14,0]],[[12835,36892,0],[-110,-18,0]],[[14392,34315,0],[-34,23,0]],[[14231,34440,0],[37,147,373264],[-66,67,211177],[-36,136,36021],[-2,13,566370],[93,128,211104],[14,99,0]],[[14492,35065,0],[19,-47,229125],[118,18,51683],[11,2,14928],[3,-2,7945],[5,-1,31264],[9,3,7995],[11,1,7076],[2,1,14951],[16,2,235436],[64,-71,206835],[49,-4,58619],[51,7,0]],[[11085,36530,0],[-2,-4,13483],[-7,-5,7449],[-4,-1,54256],[-22,4,12977],[-18,2,0]],[[8809,36303,0],[152,200,0]],[[8961,36503,0],[310,-202,379389],[20,-91,0]],[[9291,36210,0],[-32,-43,85805],[-3,-43,155581],[29,-48,0]],[[13444,37231,0],[0,-1,0],[5,-5,9540],[5,-2,18320],[0,-3,8401],[5,-6,32146],[-2,-6,10458],[1,-5,0],[1,-1,0],[1,-7,0]],[[13460,37195,0],[6,-3,0],[1,1,0],[3,1,0]],[[13073,37317,0],[5,9,39582],[17,0,10019],[12,0,53491],[6,9,11778],[1,4,7176],[2,4,76323],[22,-2,41616],[36,11,67416],[4,4,15328],[-4,5,35025],[7,3,12194],[17,5,308024],[-2,3,9211],[0,9,10697],[-3,7,13858],[0,9,55988],[2,8,9394],[3,7,16274],[7,9,13652],[-1,3,7665],[3,4,110231],[-31,30,186200],[17,33,71257],[37,20,0]],[[13230,37511,0],[41,9,38156],[10,-4,0]],[[13281,37516,0],[9,-8,9790],[11,-11,30848],[5,-7,7511],[20,-25,21728],[8,-6,110381],[4,-6,9231],[0,-4,7694],[3,-4,17815],[2,-11,53421],[20,-29,29626],[18,-33,22639],[8,-11,0],[0,-1,0],[3,-4,9233],[6,-16,21301],[0,-7,64817],[2,-2,7694],[5,-10,17978],[3,-1,8697],[7,-7,26792],[2,-3,7463],[-2,-3,26792],[16,-17,23816],[8,-11,7195],[4,-9,110999],[-6,-5,16025],[-2,-9,44591],[4,-6,14196],[2,-13,13858],[3,-6,0]],[[11903,36991,0],[27,16,7038],[22,13,58540],[19,21,30386],[26,19,213323],[7,29,67001],[38,47,102791],[-6,7,7170],[-10,14,102791],[7,6,8558],[14,9,11477],[8,7,34544],[3,5,9621],[8,12,26418],[6,1,12082],[5,5,0]],[[12077,37202,0],[6,4,0]],[[12214,36748,0],[-15,-4,0]],[[11982,36659,0],[-16,64,0]],[[11966,36723,0],[-3,6,10611],[-8,15,45710],[-1,22,22324],[-2,7,7295],[-2,15,116599],[1,40,37614],[-2,48,24154],[-1,61,225462],[2,0,30158],[-47,54,0]],[[10934,36738,0],[7,4,28544],[35,40,132410],[30,-26,55051],[16,4,0]],[[10978,36560,0],[-5,-2,15432],[2,-7,44463],[-9,-1,16352],[-3,6,13648],[-4,0,7037],[1,-2,16352],[-7,0,7015],[-6,1,36663],[2,-5,17122],[-7,0,7833],[-4,-2,0]],[[11817,36980,0],[12,0,20872],[67,6,43625],[7,5,0]],[[9212,36651,0],[218,106,0]],[[9430,36757,0],[199,-66,0]],[[9348,36442,0],[-136,209,0]],[[14280,36826,0],[5,2,25824],[9,-17,52039],[5,1,8951],[0,2,16178],[17,5,0]],[[10826,36674,0],[2,-6,21500],[9,12,0]],[[12271,36561,0],[5,1,15307],[7,-8,47398],[21,-21,7171],[19,-18,13090],[3,-3,11110],[25,-25,30143],[16,-18,0]],[[13111,36649,0],[-28,-22,43750],[-3,-14,43750],[-65,-78,238316],[-24,-2,61717],[-44,21,0]],[[12750,36546,0],[-43,85,133463],[-26,31,13733],[-5,7,55418],[-15,18,12701],[-15,15,29970],[-24,20,10302],[-3,3,133463],[9,1,13534],[19,6,67807],[-7,9,16424],[-16,14,330183],[-8,3,10472],[-16,4,22803],[-16,8,9545],[-22,9,82612],[-10,-4,11571],[-16,-5,46146],[-8,3,9154],[-8,5,19753],[-7,-1,82612],[0,4,7148],[3,4,8041],[1,5,30259],[-4,6,9184],[-5,4,0]],[[12508,36800,0],[-7,35,0]],[[14883,36541,0],[21,-53,109867],[9,-12,40294],[12,-8,13754],[28,-17,14457],[13,-8,109867],[-9,-27,0]],[[14957,36416,0],[-58,-50,14589],[-6,-3,14589],[-6,-7,10624],[-7,-7,185321],[-12,-4,11713],[-12,-2,13122],[-13,-4,32062],[-8,-7,8496],[-5,-2,80028],[-15,2,7188],[-4,-2,7188],[-2,2,7188],[-10,2,21752],[-7,3,155150],[-10,-5,14558],[0,-3,7380],[-3,-3,14558],[-6,0,36555],[-4,-6,14587],[-7,-4,14587],[-9,-11,11035],[-5,-4,48206],[-10,-1,27291],[-3,-6,10310],[-7,-7,27291],[-8,-3,9958],[-3,-2,7150],[-7,-4,382614],[-15,29,9592],[-8,16,63829],[-3,8,7927],[-1,8,28200],[5,13,161309],[-6,-2,15974],[-15,1,40344],[-14,-6,9890],[-5,-1,19013],[-6,-4,7069],[-4,-1,7069],[-5,-3,0]],[[14633,36336,0],[0,0,6973],[0,0,6973],[-56,-23,343660],[-139,120,223585],[-188,101,0]],[[11280,36638,0],[1,-15,14467],[-2,-1,0]],[[14291,35546,0],[8,9,46537],[5,16,11271],[10,37,18403],[4,15,46537],[11,17,15555],[1,6,84364],[-3,4,7134],[-2,4,20947],[0,9,9626],[-1,9,55793],[6,9,7323],[2,4,11654],[5,5,19296],[1,7,227335],[-3,6,10952],[-6,6,16902],[-2,9,39965],[-1,14,11744],[2,9,56039],[-5,5,9055],[-13,16,30254],[-2,10,196953],[7,19,18629],[4,21,10557],[4,15,32909],[5,8,19373],[-4,7,67195],[4,9,7585],[4,6,25111],[14,12,67195],[3,9,19914],[-6,4,20481],[0,10,11334],[2,9,420851],[-52,44,203213],[0,10,14582],[4,12,83895],[-12,19,25136],[-9,22,59586],[-15,59,151699],[27,16,0]],[[14288,36083,0],[11,-15,11648],[3,-5,9125],[4,-2,29567],[5,-10,11873],[2,-1,7103],[6,-9,13870],[0,-3,8510],[7,-11,40541],[7,-6,8066],[2,-1,8066],[4,-5,365430],[50,-13,59270],[16,0,13465],[45,-3,141107],[34,4,41108],[15,5,18395],[27,6,22734],[5,4,189242],[17,-12,17297],[10,-3,94752],[37,-4,7852],[5,0,7852],[23,-3,17012],[8,1,17012],[6,-2,8039],[10,-2,17012],[43,-5,573398],[16,-16,49468],[4,-30,160089],[-11,-27,27319],[-17,-35,55486],[-25,-37,573398],[6,-24,91349],[63,-11,239215],[94,-5,63835],[64,0,30877],[42,2,123709],[103,-14,0]],[[15029,35791,0],[0,-34,27995],[-4,-40,57239],[6,-21,256667],[-67,-166,167773],[-39,-163,37942],[0,-7,963164],[111,-80,258323],[30,80,258323],[53,-21,141323],[68,2,25471],[96,0,0]],[[15283,35341,0],[17,-52,9876],[30,-87,253158],[52,-65,48509],[89,-119,465775],[-22,-45,25521],[-31,-58,0]],[[14144,36385,0],[45,-53,117597],[78,-40,117597],[56,-57,54553],[33,-24,480258],[0,-17,10240],[-1,-15,17652],[2,-8,78452],[6,-6,7096],[20,-16,212480],[-59,-45,49675],[-36,-21,0]],[[13817,35612,0],[-4,-2,10854],[-6,0,33371],[-12,7,20241],[-3,4,7074],[-1,4,63421],[0,19,9605],[-1,7,63421],[-12,9,32560],[-4,6,10520],[-4,11,16932],[-4,5,7645],[-5,7,0]],[[9454,36158,0],[-48,25,63660],[-23,8,16541],[-46,15,0]],[[9337,36206,0],[-5,4,32439],[-41,0,0]],[[8961,36503,0],[33,42,0]],[[8994,36545,0],[218,106,0]],[[11333,36613,0],[-2,11,23604],[1,4,7752],[3,4,11454],[2,7,0]],[[14957,36416,0],[30,-53,92831],[34,-12,147796],[17,-25,57282],[13,-41,37722],[15,-21,32910],[4,-20,181504],[25,-14,90781],[30,-43,42158],[6,-5,8126],[10,-8,22537],[11,-14,51323],[1,-9,8136],[4,-15,51323],[20,-6,455860],[4,-8,16615],[0,-12,22543],[4,-9,9060],[3,-5,14867],[2,-8,126523],[-9,-7,38537],[-4,-16,21932],[2,-6,7150],[1,-7,38537],[-8,-22,10360],[-2,-8,80147],[-6,-7,23167],[-15,-1,29570],[0,-7,0]],[[15149,36007,0],[-1,-17,29793],[-7,-15,9761],[-3,-4,54298],[1,-29,14801],[-1,-15,96832],[-4,-7,11003],[-9,-11,32340],[-8,-14,16558],[-6,-17,210140],[-45,-10,134392],[-37,-44,86250],[0,-33,0]],[[14216,37254,0],[1,0,0],[7,2,0]],[[14078,37213,0],[60,20,21206],[35,10,0]],[[14173,37243,0],[29,8,17755],[14,3,0]],[[13170,36430,0],[-188,-78,0]],[[13006,35242,0],[16,-5,21707],[18,-9,54119],[-5,-1,12523],[2,-6,32909],[3,-3,7145],[3,0,10516],[5,-7,18547],[4,3,18547],[7,-6,10153],[0,-3,0]],[[13049,35200,0],[-10,6,14414],[-8,1,44645],[-14,0,10110],[-17,-1,22300],[-11,1,7363],[-3,1,0]],[[12986,35208,0],[2,5,0]],[[12988,35213,0],[2,7,0]],[[12990,35220,0],[6,15,13617],[4,6,27435],[6,1,0]],[[13042,35339,0],[-8,48,7673],[0,0,0]],[[13034,35387,0],[2,11,14816],[-4,-1,22202],[-2,9,9568],[-3,29,13028],[-5,40,81279],[15,28,81279],[-24,26,332864],[40,27,7567],[37,24,154955],[35,75,360948],[-8,23,30344],[-30,107,0]],[[13087,35785,0],[62,6,29533],[48,2,143033],[179,-3,79542],[23,-5,43677],[22,-2,18371],[49,-1,0]],[[13508,35701,0],[-15,-53,144599],[-13,-15,35469],[-21,-8,71704],[-41,-3,326973],[-13,-18,57620],[2,-44,57620],[-17,-54,118462],[-2,-92,206222],[-4,0,7247],[-12,-2,16909],[-7,2,84905],[-8,-14,15505],[-4,-2,10714],[0,-4,10714],[-5,-6,52854],[-3,-8,16837],[1,-20,0]],[[13346,35360,0],[-14,-25,0]],[[13332,35335,0],[-109,-9,0]],[[13223,35326,0],[-81,28,156123],[-100,-15,0]],[[13332,35335,0],[27,-15,0]],[[13359,35320,0],[4,-1,7510],[6,2,29998],[9,6,12920],[11,10,11251],[6,3,0]],[[13395,35340,0],[4,2,17183],[4,-4,10223],[10,-4,60530],[6,3,13237],[3,5,32958],[-3,11,23460],[-9,-1,32958],[-2,8,14012],[5,0,14012],[1,5,7918],[-1,4,162148],[8,2,17467],[0,-4,12794],[7,3,12794],[5,-2,17467],[31,-2,23044],[4,-4,23044],[6,1,10761],[6,4,13213],[6,0,38512],[4,-6,28127],[9,3,17438],[14,-1,102578],[2,-6,15324],[-3,-5,9820],[-1,-7,66312],[11,2,10472],[14,3,25795],[12,6,58836],[3,0,10005],[-1,-6,10005],[3,-8,0]],[[13553,35342,0],[-6,-23,9253],[-3,-15,24666],[1,-1,19342],[-6,-31,53005],[7,-6,17516],[-3,-5,0]],[[13543,35261,0],[-4,4,7413],[-6,7,18998],[-6,1,18998],[-10,10,16668],[-9,3,24186],[-10,10,24186],[-6,1,11291],[-11,6,357384],[-2,3,15783],[-4,-6,13223],[-4,1,23176],[-7,-10,36459],[-9,3,7091],[-3,2,50611],[-2,-3,8089],[-2,-7,12677],[-5,-7,50611],[-10,-6,16515],[-9,-3,8012],[-6,-4,8012],[-3,0,8565],[-9,-4,100604],[-14,-21,20126],[-4,-12,210955],[20,-64,210955],[-29,-54,95968],[-55,-51,0]],[[13219,35197,0],[8,29,31403],[2,20,13966],[-1,11,26699],[5,12,61997],[0,4,8954],[-4,5,10000],[1,4,9951],[-2,6,0]],[[13228,35288,0],[-4,13,22828],[-1,25,0]],[[14292,32760,0],[-129,-201,13426],[-85,-132,0]],[[14078,32427,0],[-226,-34,142277],[-206,-15,636027],[-132,138,555889],[-161,-24,119736],[-174,-13,0]],[[13179,32479,0],[-61,41,73028],[-18,21,30365],[-36,30,163843],[-30,-5,29173],[-14,2,75622],[-24,20,514333],[6,18,34254],[-5,17,64791],[11,18,11207],[7,13,48288],[4,27,150982],[7,11,10747],[7,7,35329],[6,11,13033],[5,13,16437],[6,11,46703],[10,8,28209],[16,23,12294],[7,12,554729],[-1,12,20611],[-6,8,77159],[-22,14,14866],[-5,6,14866],[-29,20,42338],[-11,13,137759],[-6,29,23849],[3,14,23797],[-5,9,293615],[-10,5,12041],[-15,5,23905],[-20,13,76105],[-9,2,21973],[-13,-4,11513],[-12,-2,19417],[-4,2,158222],[-24,30,20236],[-12,12,98865],[-32,7,60743],[-37,28,293615],[-1,6,22594],[7,39,51478],[-6,31,0]],[[12813,33076,0],[47,16,37845],[36,10,10496],[31,8,37845],[101,30,34368],[43,14,603486],[-12,30,28745],[-18,43,12168],[-18,40,321982],[26,31,7720],[28,35,89428],[24,5,57686],[24,30,162364],[-1,15,15651],[-2,6,8079],[-2,16,0]],[[13120,33405,0],[96,59,17811],[25,16,130194],[17,17,9750],[28,29,20774],[13,12,357210],[0,15,16473],[4,36,17508],[3,41,98421],[21,48,0]],[[13327,33678,0],[17,42,190452],[174,68,741666],[-11,80,293751],[-80,88,127829],[-25,61,148206],[-111,122,0]],[[12790,36273,0],[26,-53,0]],[[12816,36220,0],[4,-11,11729],[2,0,14837],[7,-19,22907],[36,-73,89490],[-16,-9,89490],[48,-44,15949],[10,-9,251052],[22,-152,165348],[3,-13,27510],[7,0,8704],[4,-2,27510],[9,-8,11559],[9,-9,85375],[2,-6,13376],[1,-7,7678],[0,-5,13376],[6,-30,375498],[-1,-8,27810],[-5,-3,8651],[-7,-1,13682],[-7,-6,74540],[-11,-55,0]],[[12939,35750,0],[5,-26,0]],[[12944,35724,0],[-54,-2,26915],[-11,-3,93069],[-34,-24,0]],[[12845,35695,0],[-46,33,101840],[-16,1,28835],[-5,-7,17829],[-9,-2,68313],[-14,4,10622],[-6,3,26156],[-6,6,12255],[-8,4,279088],[-2,3,7925],[-1,5,13517],[3,0,13517],[-3,10,39187],[2,3,9449],[8,9,8800],[2,3,99727],[65,58,545317],[1,1,13864],[-7,11,10326],[-5,5,48545],[-3,0,9592],[-12,5,30734],[-8,12,17453],[-7,6,30734],[-8,-1,172063],[-142,38,136241],[-5,4,7062],[-6,3,21427],[-21,7,21596],[-4,3,9425],[-6,1,9425],[-15,7,16384],[-6,4,36756],[-18,7,8246],[-6,1,33608],[-5,8,7559],[-4,3,179379],[-99,2,179379],[-34,45,10917],[-3,1,10775],[-4,9,0]],[[12382,36010,0],[-33,80,0]],[[13087,35785,0],[-28,-6,25583],[-53,-16,52006],[-67,-13,0]],[[12503,34947,0],[-11,82,0]],[[12492,35029,0],[47,4,37397],[10,-4,0]],[[12549,35029,0],[39,-16,68493],[129,-35,102701],[49,-35,102701],[37,0,35890],[23,-6,0]],[[12812,34678,0],[-58,-48,162045],[-73,16,351548],[-12,33,36469],[-17,26,55708],[3,12,174660],[-16,11,31014],[-6,3,9532],[-6,3,7148],[-4,1,7148],[-12,6,11865],[-6,2,47771],[-10,1,7165],[-2,-2,7165],[-4,1,89862],[-6,5,11163],[-3,0,7660],[-8,5,23101],[-7,12,18690],[-7,2,43387],[4,4,12032],[-2,5,0]],[[12560,34776,0],[-29,31,136522],[-28,140,0]],[[12845,35695,0],[3,-51,253447],[-54,-22,31202],[-36,-17,82511],[-9,-2,7363],[-11,-1,14169],[-6,-2,35773],[-31,1,82511],[0,-20,168394],[-63,5,0]],[[12638,35586,0],[-39,3,135872],[-38,-17,46938],[7,-7,46938],[-4,0,11165],[-8,-9,17979],[-10,-3,31594],[-6,-8,9543],[-7,-8,73941],[-14,-3,28965],[-8,-4,11834],[-17,-8,17087],[-4,-4,0]],[[12490,35518,0],[-39,5,114722],[-35,28,72247],[-10,33,0]],[[13640,35622,0],[-46,-24,77013],[-42,-1,334422],[-2,-10,11004],[1,-2,11004],[0,-9,8651],[-1,-12,69813],[-2,-1,9710],[-2,-9,9710],[-4,-5,7638],[-2,-6,25408],[-6,-4,9877],[-3,-5,24076],[-2,-7,12975],[-6,-9,82071],[4,-8,13715],[0,-5,7690],[3,-5,7073],[0,-5,82071],[-4,-7,14162],[-5,-2,14162],[-7,-4,7114],[-3,-5,9684],[-3,0,7976],[-4,-4,18854],[-5,0,18854],[-5,-4,8863],[-1,-4,7525],[-4,-4,82071],[-9,-22,13018],[1,1,13018],[-11,-31,7728],[-3,-8,25533],[-2,2,15292],[-1,-16,248796],[-14,7,10204],[-6,2,37318],[3,9,21691],[-7,6,127775],[-4,-3,7828],[-2,-5,17118],[-9,-2,39371],[-1,-3,9592],[-5,-2,12912],[1,-4,15423],[-5,-2,8103],[0,-2,8103],[-5,-5,15423],[-1,-4,29920],[-12,-7,18950],[0,-6,12147],[-5,-2,85388],[3,-24,0]],[[13042,35339,0],[-81,-12,131936],[-59,-46,0]],[[12902,35281,0],[-35,-35,0]],[[12867,35246,0],[-91,-35,0]],[[12776,35211,0],[-23,52,79771],[9,26,0]],[[12762,35289,0],[2,24,43615],[-5,16,18599],[0,11,18599],[-6,29,138477],[15,9,16383],[9,2,27912],[6,4,10304],[8,8,151515],[20,38,60171],[9,48,120155],[7,-2,10006],[2,1,6974],[7,-2,16885],[4,-3,7620],[4,-1,105429],[-1,5,9713],[3,4,19346],[7,6,34468],[3,7,11521],[-2,6,12808],[4,9,11667],[0,7,34468],[5,4,16800],[0,10,16800],[6,10,317780],[14,10,22138],[14,5,22138],[7,3,8711],[6,5,8711],[7,3,7060],[4,3,62764],[11,-1,22898],[23,6,62764],[10,6,9032],[2,4,8310],[5,2,23154],[7,8,9552],[6,5,317780],[-17,50,7262],[-24,76,0]],[[12638,35586,0],[-13,-7,14426],[-4,-4,59487],[7,-6,9164],[4,-6,12215],[6,-4,29020],[0,-9,109400],[-6,-4,17398],[-7,3,17398],[-8,-2,10542],[-13,-2,29418],[-21,-8,147041],[-7,-6,14169],[-11,-14,26076],[-6,-5,9341],[-7,-4,82428],[-5,-11,14185],[-4,-17,44044],[3,-5,11926],[7,-3,98542],[-24,-25,14958],[-15,-18,61357],[-1,-5,11804],[2,-11,52374],[-16,-17,14096],[-9,-13,26739],[-2,2,0]],[[12488,35385,0],[-29,-2,95669],[-12,-29,59308],[10,-16,25909],[0,-10,0]],[[12457,35328,0],[-1,-2,7252],[1,-8,9453],[-2,-8,20397],[2,-20,34072],[-4,-13,12608],[-2,-12,77395],[-4,0,9272],[-12,-2,0]],[[12435,35263,0],[-7,-17,6973],[-1,-1,15909],[-29,-73,0]],[[12398,35172,0],[-215,30,0]],[[12016,35366,0],[-68,145,0]],[[13119,35237,0],[-23,10,26852],[-46,17,0]],[[13050,35264,0],[-5,13,23481],[6,5,12477],[-1,3,0]],[[13050,35285,0],[2,1,0]],[[13052,35286,0],[-1,2,19617],[-9,51,0]],[[13006,35242,0],[-5,1,10752],[2,3,0]],[[13003,35246,0],[6,3,9896],[2,-2,14701],[6,3,9125],[1,3,0]],[[13018,35253,0],[6,-4,21342],[4,10,21342],[15,4,9210],[7,1,0]],[[12398,35172,0],[87,-69,0]],[[12485,35103,0],[7,-74,0]],[[12503,34947,0],[-56,-10,0]],[[12447,34937,0],[-53,-8,103727],[-91,-46,0]],[[14804,33442,0],[-30,-45,24174],[-5,-5,17073],[-19,-28,159032],[-41,-29,23709],[-50,-33,75885],[-13,-14,11524],[-10,-12,0]],[[14882,33559,0],[-42,-62,9258],[-36,-55,0]],[[12778,34330,0],[-16,-4,16261],[-75,-25,243605],[41,-64,101209],[-6,-34,518115],[-52,-5,41172],[-28,2,109204],[-38,23,246978],[-74,-20,92401],[-2,-20,61807],[-32,-8,205395],[-50,17,113726],[-31,-18,82174],[-56,5,528981],[-14,-29,56480],[5,-28,118559],[-44,-8,137995],[-41,-40,81224],[-85,-55,145858],[-39,28,145269],[-12,-47,57986],[-18,-23,0]],[[12111,33977,0],[-27,-7,7542],[-25,-6,36726],[-13,-8,148996],[-8,13,25457],[-14,8,75241],[-58,11,148996],[-30,-17,72574],[-51,-1,546323],[-34,25,92099],[-3,14,13671],[-2,10,7855],[-2,7,57461],[-9,12,10875],[-5,4,11479],[-7,10,7858],[-5,8,136614],[-3,20,33842],[1,10,14349],[5,12,184460],[-73,74,21963],[-1,4,8961],[-4,2,14974],[-5,-3,14974],[-2,2,7249],[1,5,0]],[[11737,34186,0],[-1,66,14479],[-1,95,0]],[[12976,35270,0],[4,3,16174],[20,6,9187],[0,-1,0]],[[13000,35278,0],[10,-18,16686],[8,-7,0]],[[13003,35246,0],[-5,1,8583],[-5,3,28305],[-15,19,7907],[-2,1,0]],[[12485,35103,0],[291,108,0]],[[12867,35246,0],[77,-36,88550],[24,1,20088],[14,-2,6973],[2,0,6973],[1,-1,6973],[0,0,6973],[1,0,6973],[0,0,0]],[[13553,35342,0],[6,0,8205],[5,2,17433],[4,5,17433],[8,4,10364],[7,2,38524],[14,-3,61324],[3,1,7049],[3,3,18422],[0,6,10908],[3,7,16473],[4,1,0]],[[13873,35272,0],[-45,-44,10216],[-45,-43,83778],[-15,-2,408793],[-18,12,35318],[-24,28,49532],[-43,33,240495],[-35,-18,8743],[-28,-15,16536],[-12,-6,14378],[-21,-12,212558],[-4,6,13373],[1,7,12422],[-4,5,28701],[-8,3,28701],[-4,6,7674],[-2,3,9776],[-3,8,7639],[-2,3,44540],[-5,2,7431],[-5,4,16848],[-2,4,8293],[-6,5,0]],[[13050,35285,0],[-20,-4,9298],[-4,0,7675],[-1,-2,9298],[-7,0,10133],[-1,-3,10133],[-2,2,7002],[-4,-1,27588],[0,-4,11802],[-6,1,16138],[0,6,13331],[-5,-2,0]],[[12976,35270,0],[-4,-2,17680],[-8,1,11758],[0,2,7383],[-4,1,38856],[-11,-7,25468],[-3,-6,9496],[0,-6,38339],[-4,-1,13959],[-4,3,8118],[0,4,0]],[[12938,35259,0],[-36,22,0]],[[13227,33700,0],[-58,96,337521],[-51,41,52545],[-71,50,178539],[-86,47,51281],[-54,25,29524],[-54,28,841173],[39,95,405083],[17,-7,26014],[80,-30,33203],[43,-19,35767],[86,-34,7343],[23,-9,649099],[30,55,203041],[-63,114,382592],[-160,79,0]],[[13327,33678,0],[-100,22,0]],[[11525,33358,0],[10,4,25679],[7,1,8393],[34,3,44710],[3,4,16066],[14,5,60156],[54,7,44518],[79,17,194948],[36,48,108110],[2,-1,10505],[38,0,0]],[[11802,33446,0],[30,-24,26469],[25,-16,51436],[32,-25,26621],[14,-15,100076],[37,-59,100076],[28,1,0]],[[11968,33308,0],[30,-142,0]],[[11998,33166,0],[-14,-8,18212],[-20,-16,40834],[-8,-9,13600],[-23,-20,0]],[[11933,33113,0],[-58,-53,46853],[-11,-17,0]],[[11864,33043,0],[-31,-111,202559],[-18,-6,28502],[-45,-19,21381],[-6,-4,0]],[[11764,32903,0],[-4,33,105773],[-55,-10,107323],[-38,47,174928],[-33,3,68670],[-21,17,26208],[-20,10,74578],[-50,8,353344],[-22,21,37470],[-57,65,119659],[-14,17,17379],[0,3,38737],[-14,40,0]],[[11436,33157,0],[-4,7,21622],[-40,40,0]],[[11392,33204,0],[43,39,76592],[40,12,0]],[[11475,33255,0],[33,11,87196],[-12,34,0]],[[11496,33300,0],[6,16,27777],[9,2,43957],[-2,9,18973],[6,9,18973],[-1,12,41458],[3,7,16386],[8,3,0]],[[11507,33412,0],[4,7,15541],[8,4,70854],[5,-22,14220],[-2,0,21193],[3,-43,0]],[[11475,33255,0],[-14,38,37425],[1,6,10334],[-1,13,0]],[[11461,33312,0],[-1,12,35566],[-4,7,13677],[-6,6,7381],[-6,6,16660],[-3,7,48373],[1,10,17555],[-3,13,173539],[1,2,9208],[6,4,18791],[13,3,18791],[19,10,39641],[11,9,18301],[10,3,7737],[3,2,18301],[5,6,0]],[[11210,32807,0],[-5,21,9095],[-4,20,35370],[-3,19,13505],[-2,25,142135],[15,-16,74548],[8,16,11593],[13,24,142135],[2,-2,19785],[0,25,37470],[-6,30,65741],[9,35,18614],[1,13,0]],[[11238,33017,0],[-5,12,14558],[-6,20,0]],[[11227,33049,0],[3,88,0]],[[11230,33137,0],[82,-3,190301],[80,70,0]],[[11764,32903,0],[1,-28,62491],[25,-35,77235],[-2,-34,242176],[45,-12,24959],[25,-9,67480],[31,-15,19760],[11,-8,351344],[11,-43,38030],[13,-33,197876],[-73,-40,301165],[7,-22,99550],[57,-8,31329],[22,-6,147527],[-7,-30,58197],[16,-16,705574],[-14,-11,31781],[-58,-33,240290],[1,-16,66165],[21,-31,22006],[22,-38,34773],[8,-17,240290],[-5,-32,48730],[8,-20,77896],[-5,-38,38800],[-10,-27,101617],[-32,-18,51216],[-2,-15,101617],[35,-17,101617],[0,-14,18230],[-4,-19,37174],[-10,-26,1031349],[-38,-32,46362],[-22,-28,250633],[-35,15,72703],[-44,-6,115938],[-51,-29,115938],[-23,2,44500],[-23,16,0]],[[11665,32130,0],[-15,51,16629],[-4,9,204624],[-131,50,250915],[-6,8,47250],[21,36,58290],[0,7,16484],[-3,8,7171],[-4,4,364295],[-9,5,29522],[-25,-3,29522],[-17,6,21457],[-3,-1,7609],[-8,0,60911],[-13,11,171516],[-13,-15,19185],[-6,-11,39828],[-17,-17,23393],[-1,-8,23393],[-12,-4,137981],[-20,5,16285],[-26,8,351945],[-14,17,21493],[-16,23,52346],[-3,14,8254],[-4,12,116412],[0,22,27566],[8,22,27566],[-4,7,0],[-7,17,9987],[-1,0,0],[-19,8,0]],[[11293,32421,0],[-47,21,86911],[-27,38,204577],[8,23,14556],[8,29,24264],[6,25,232975],[-1,24,17566],[-3,49,87518],[-20,29,128111],[0,18,18776],[2,33,27551],[0,23,10045],[-1,24,66433],[-6,44,12566],[-2,6,0]],[[10651,33277,0],[244,-48,238006],[140,11,0]],[[11035,33240,0],[112,-99,0]],[[11147,33141,0],[-2,-52,92151],[-24,-20,9258],[-1,0,6973],[-4,-3,0]],[[11116,33066,0],[-18,-12,47861],[6,-14,9539],[0,-4,53120],[-11,-16,22431],[-13,-17,7584],[-5,-6,7584],[-2,-4,12351],[-8,-8,272250],[12,-7,45551],[-12,-23,50907],[14,-4,98278],[2,2,7942],[6,0,15367],[1,6,16816],[9,9,12926],[2,5,7087],[5,6,38352],[3,13,8471],[2,3,98278],[4,0,8360],[7,-2,20899],[27,-9,134920],[5,11,7616],[0,1,7616],[4,7,29977],[15,14,20406],[5,2,18041],[0,6,7347],[1,3,134920],[6,3,10314],[9,1,46962],[46,-15,0]],[[11210,32807,0],[-51,-5,39629],[-4,-1,8749],[-6,-5,84016],[-8,2,8545],[-12,1,13657],[-6,0,17449],[-43,4,312797],[-14,-23,20366],[0,-4,44332],[-19,2,44332],[0,-4,8510],[3,-1,8510],[4,-6,8326],[3,-7,44332],[-2,-4,10387],[-5,0,22131],[-3,-14,206049],[-6,0,8676],[-25,0,24610],[-1,-3,53471],[-77,-24,176127],[3,48,206049],[-31,-2,61378],[-56,-25,138832],[-6,-18,22729],[-9,-15,45922],[-19,-15,193985],[-120,-24,0]],[[10700,32664,0],[-13,12,24041],[-9,6,11466],[-13,6,0]],[[10665,32688,0],[-43,17,6973],[-11,4,0]],[[10611,32709,0],[-20,418,412673],[60,150,0]],[[13120,33405,0],[-126,84,0]],[[12994,33489,0],[6,88,334702],[-72,90,174527],[-128,89,785497],[-198,-128,524801],[7,78,60055],[4,115,43934],[5,49,524801],[219,-71,255831],[119,-55,48692],[162,-73,28379],[105,-48,524801],[4,77,0]],[[11546,33690,0],[8,7,38084],[8,10,11538],[18,20,13513],[13,17,13513],[6,6,13513],[16,19,9482],[10,11,203962],[8,24,19126],[3,12,7799],[2,8,71998],[3,33,40682],[-6,22,461737],[-52,30,155780],[-11,40,42136],[2,8,8547],[0,8,32345],[-3,20,15375],[-4,11,254593],[3,12,23928],[8,11,10052],[6,5,40463],[8,4,8975],[7,5,65478],[5,14,8613],[5,14,18614],[0,7,188449],[-12,23,18437],[-2,5,11308],[-4,8,6974],[-7,13,33703],[-3,11,14273],[-8,20,664640],[102,21,20813],[4,1,8224],[8,0,18032],[3,2,7350],[9,3,20813],[11,1,66331],[7,3,7739],[5,2,9032],[5,4,9032],[8,3,18245],[2,-2,0]],[[12111,33977,0],[41,-53,179300],[5,-140,0]],[[12157,33784,0],[-75,-83,31591],[-28,-28,194590],[-1,-6,11229],[3,-3,12333],[1,-16,52635],[-16,-36,101147],[-24,-38,23310],[-17,-22,685299],[8,-12,23684],[12,-5,23684],[18,-14,10418],[4,-4,18017],[10,-6,53586],[18,-5,16947],[14,-6,50796],[10,-8,12379],[11,-13,267804],[-5,-9,20356],[-24,-35,24626],[-5,-13,164425],[4,-17,28069],[3,-7,11878],[8,-8,103610],[11,3,20572],[10,5,10793],[8,6,51053],[7,1,15662],[14,-5,164425],[20,-26,19081],[13,-20,75267],[6,-15,10748],[5,-14,34331],[-3,-12,0]],[[12177,33313,0],[-209,-5,0]],[[11802,33446,0],[-2,72,22135],[-1,26,218779],[-34,-7,20670],[-13,-4,40227],[-10,-1,11781],[-14,-3,19184],[-10,1,218779],[-7,12,18752],[-5,15,18752],[-2,2,10702],[-7,16,32287],[-3,13,9724],[-2,5,75552],[-8,13,7957],[-7,9,20123],[-23,36,313202],[-42,-4,110957],[-66,43,0]],[[10251,34029,0],[-36,-170,133021],[3,-68,0]],[[10218,33791,0],[-99,-1,0]],[[10119,33790,0],[-27,11,43749],[-12,12,18435],[-10,8,8526],[-8,5,83633],[-13,3,10841],[-8,1,9783],[-13,3,50270],[-15,6,13334],[-7,0,13334],[-7,5,27253],[-6,12,27253],[-11,-1,0]],[[9982,33855,0],[-15,32,48437],[-10,-4,65781],[-20,35,44936],[-6,16,9392],[-6,20,65781],[-12,4,192412],[-1,13,17847],[-9,35,17847],[-3,21,65994],[1,15,10147],[2,23,548917],[24,28,56981],[30,8,56981],[14,22,204113],[-16,37,112272],[35,48,88210],[-9,25,272194],[26,12,21411],[12,3,74914],[11,-2,15260],[15,0,8397],[9,1,16893],[17,-4,13920],[3,2,102801],[-7,11,20386],[-1,5,9611],[3,2,0]],[[10069,34263,0],[0,1,6973],[56,48,0]],[[10672,33767,0],[-4,0,25951],[-11,-11,11048],[-17,-17,87210],[-39,6,0]],[[10601,33745,0],[-43,50,67300],[-16,35,279006],[9,34,66003],[-1,38,16484],[1,1,12249],[0,21,41129],[7,1,19850],[-1,9,19850],[8,2,18983],[-1,8,41129],[-3,2,7426],[-2,-1,9742],[-9,-2,91367],[-9,24,28264],[0,7,10514],[2,1,28264],[-10,40,89369],[11,34,0]],[[10748,34158,0],[2,-1,11318],[16,2,26753],[23,7,0]],[[10789,34166,0],[17,-60,77188],[29,-45,205680],[-5,-20,30772],[1,-32,30772],[-2,-36,16650],[-2,-50,510255],[-1,-4,11443],[-15,-26,10215],[-2,-1,76741],[-25,3,23712],[-6,-2,132552],[-7,-11,15058],[-4,-8,8348],[-5,-9,72224],[-8,-7,14412],[-8,-11,14412],[-18,-20,29764],[-27,-28,20173],[-29,-32,0]],[[11546,33690,0],[-2,-1,7215],[-12,-3,33578],[-14,-19,97036],[9,-26,58668],[-10,-33,137799],[-17,-9,34749],[-20,2,54751],[-10,-16,0]],[[11470,33585,0],[-28,3,79180],[-4,37,124891],[-44,18,18814],[-48,17,499125],[-22,-38,39752],[-11,-31,70010],[-20,-17,17922],[-2,-4,113298],[3,-25,36391],[-8,-8,36391],[-7,-20,9968],[-7,-23,69173],[-3,-6,9673],[-12,-14,386851],[-25,0,12647],[-21,0,7211],[-15,-1,64895],[-12,3,12916],[-20,8,121268],[-21,-15,39637],[-25,-6,0]],[[11118,33463,0],[-23,20,25612],[-35,35,259463],[-119,13,20812],[-38,5,81638],[-3,0,7135],[-7,4,15301],[-6,6,9910],[-6,2,8141],[-5,4,81638],[-32,-10,19101],[-14,-3,566462],[-15,32,69154],[-31,37,46480],[-27,43,23961],[-12,16,7715],[-5,8,115069],[-30,11,14530],[-5,3,115069],[-9,11,8870],[-5,8,19512],[0,5,46000],[-19,54,0]],[[10789,34166,0],[40,25,16383],[15,10,10121],[7,4,94145],[42,3,171807],[11,11,41474],[4,12,19290],[5,27,94017],[15,7,12466],[23,13,381539],[3,22,11193],[1,16,68243],[-13,21,8418],[-3,5,25431],[0,7,93351],[20,23,93351],[0,27,48028],[-11,20,8145],[-4,6,0]],[[10944,34425,0],[10,-2,7073],[6,0,18772],[8,3,34947],[11,-4,12818],[17,-3,96358],[5,1,7397],[6,4,30675],[10,10,15803],[6,11,0],[4,6,9672],[1,5,0],[1,2,9958],[6,-1,31195],[6,-4,13045],[9,-2,13045],[13,-5,9430],[9,-2,94736],[13,-7,18399],[17,-13,54025],[9,-15,17201],[0,-7,10561],[3,-3,478510],[8,3,7156],[8,2,22611],[9,9,84917],[8,11,13775],[0,5,13775],[3,6,8243],[1,6,9721],[5,9,30535],[1,17,22013],[1,3,7702],[4,3,163828],[13,-3,19049],[13,2,94708],[6,2,9027],[6,5,22955],[5,7,8870],[12,11,30601],[10,5,20306],[20,16,11267],[12,9,220518],[10,18,9295],[6,11,49588],[7,6,15361],[4,9,15361],[4,4,10697],[8,12,33308],[12,7,58635],[13,29,69018],[3,3,9400],[7,2,15442],[13,10,7708],[8,7,36621],[9,9,12318],[5,8,69018],[1,10,11808],[-2,7,0]],[[11293,32421,0],[-1,-7,13239],[-4,-8,7659],[-2,-7,41089],[-12,-24,11816],[-11,-21,17299],[-4,-13,17299],[-6,-3,39155],[-4,-16,77116],[-4,-6,7979],[-6,-6,16290],[-3,-9,23913],[-8,-6,17602],[-7,-11,77116],[-4,-16,33137],[3,-9,8941],[4,-6,433324],[-11,1,22796],[-13,-7,35288],[-12,5,61367],[-15,-18,129010],[-7,0,18395],[-13,6,7284],[-9,3,45965],[-17,-7,45965],[-33,2,20797],[-41,5,254134],[-1,8,29285],[2,12,8160],[4,15,9816],[2,11,25804],[1,14,7753],[-1,3,0],[-8,22,0],[-9,20,9637],[-3,4,34053],[-10,5,106448],[-8,-2,9247],[-9,-4,25191],[-8,-8,9829],[-6,-5,28224],[-16,-5,106448],[-18,1,10967],[-18,2,72365],[-34,7,30456],[-11,3,9480],[-24,6,15851],[-11,4,41147],[-11,-3,13241],[-5,1,41147],[-6,4,7984],[-17,11,605965],[-11,10,17746],[-14,19,17746],[-7,7,57926],[-4,9,7655],[-2,6,23786],[3,8,49976],[-3,2,9002],[-10,9,15928],[-6,8,176478],[-2,21,16601],[-3,17,57122],[0,11,7665],[2,10,17257],[5,23,10757],[0,8,194566],[-2,5,14282],[-11,9,46061],[-1,8,21123],[-3,7,8932],[-8,10,21123],[-4,9,10854],[-4,12,12634],[-4,8,63739],[3,6,27523],[-1,4,9770],[-5,11,9770],[-3,10,49903],[-7,14,14625],[-9,13,8299],[-2,3,110623],[-15,-2,0]],[[11470,33585,0],[8,-24,21055],[14,-49,43371],[17,-72,91538],[-6,-2,10483],[-2,-4,36022],[2,-14,14658],[4,-8,0]],[[11230,33137,0],[-83,4,0]],[[11035,33240,0],[10,51,7060],[0,1,0]],[[11045,33292,0],[6,16,12314],[21,52,120034],[48,49,28895],[10,12,176142],[4,12,13192],[1,10,52324],[-5,9,17929],[-12,11,0]],[[12824,34313,0],[-33,-45,21372],[-84,-120,262308],[-134,-89,573017],[-147,82,371895],[-2,-89,219889],[-91,-16,666206],[134,-114,401469],[-38,-169,664947],[-272,31,0]],[[12177,33313,0],[38,-7,96445],[48,32,214369],[71,-70,292202],[191,37,362644],[192,-69,972111],[43,100,157250],[-12,68,480723],[170,3,21147],[11,0,295808],[65,82,0]],[[12813,33076,0],[-72,55,0]],[[12741,33131,0],[-230,62,484060],[-71,-30,36313],[-67,-32,102254],[-80,-49,557457],[-200,-7,336916],[-95,91,0]],[[12741,33131,0],[-23,-41,19283],[-28,-47,310590],[-170,23,337896],[-76,-80,139654],[-52,-30,31517],[-40,-25,1320527],[74,-98,25675],[42,-57,59138],[121,-156,724099],[103,103,395258],[19,-13,139504],[195,33,221211],[21,-36,395258],[-162,-81,147101],[-11,-27,395258],[208,-102,0]],[[11914,31812,0],[-40,7,261132],[-19,32,7104],[-13,24,13119],[-16,25,55285],[-45,67,175327],[-96,90,175327],[-20,73,0]],[[13179,32479,0],[-61,-68,8435],[-30,-33,0]],[[10601,33745,0],[-15,-26,67421],[-69,-71,262623],[-66,-9,110436],[-19,28,69881],[-26,-3,160088],[-14,-22,15341],[-10,-14,0]],[[10382,33628,0],[-77,-34,0]],[[10305,33594,0],[-14,79,156669],[-73,118,0]],[[10651,33277,0],[-172,46,0]],[[10479,33323,0],[-77,96,0]],[[10402,33419,0],[-52,65,0]],[[10350,33484,0],[-35,45,106789],[-10,65,0]],[[10057,33356,0],[13,20,48127],[28,13,158196],[3,-1,12512],[14,3,26990],[10,-2,11486],[4,1,11486],[14,-2,68115],[-1,3,21303],[18,-7,7624],[10,-3,22077],[1,2,10000],[6,-4,10000],[12,-3,15308],[5,-3,13991],[7,2,40509],[1,-5,0]],[[10202,33370,0],[-16,-6,31724],[-4,-3,9856],[-23,-17,91410],[-9,-12,25249],[-11,-19,14320],[-9,-20,0]],[[10130,33293,0],[-2,-2,22764],[-29,13,29507],[0,4,16219],[-11,5,85307],[7,16,69930],[-30,12,45251],[-4,3,14222],[-4,12,0]],[[10173,33246,0],[1,11,27824],[10,4,15140],[4,5,67295],[2,10,10121],[4,25,35059],[-2,7,12443],[-1,12,8762],[1,3,151338],[11,15,17047],[4,7,7763],[2,6,13380],[4,4,73621],[15,2,40371],[5,2,8135],[3,4,14335],[7,3,8652],[5,3,23967],[5,7,7413],[3,2,0]],[[10256,33378,0],[9,-1,15658],[12,-5,9447],[5,-1,23658],[8,2,0]],[[10290,33373,0],[5,2,0]],[[10295,33375,0],[9,-4,8227],[4,-3,15932],[5,-1,7173],[9,-4,23875],[5,-5,52043],[7,1,9185],[10,3,14472],[3,-1,172645],[7,-18,44537],[0,-6,14613],[-1,-4,6997],[-4,-5,14613],[-3,-7,7793],[0,-6,106214],[9,-11,21858],[-1,-7,11378],[3,-4,30391],[7,-1,43123],[2,-4,11752],[-2,-6,7318],[0,-5,20979],[5,-9,54220],[4,-3,7739],[13,-10,0]],[[10386,33255,0],[-6,-1,16976],[-13,-8,8161],[-5,-2,23435],[-17,-4,90977],[-3,-3,13686],[-1,-11,36171],[-21,-17,46752],[3,-11,90977],[-10,-7,18447],[-7,-9,18601],[-58,-51,0]],[[10248,33131,0],[-21,8,23419],[-39,10,76037],[-53,21,16411],[-14,7,42439],[-7,8,19504],[-2,-1,9131],[-7,4,0]],[[10105,33188,0],[5,4,13242],[5,11,47495],[4,2,8213],[11,6,20446],[6,5,9447],[4,5,22926],[9,6,11163],[11,6,37517],[4,6,13003],[9,7,0]],[[10300,32874,0],[17,-59,43120],[18,-43,212878],[43,-65,47491],[23,-27,113270],[27,-22,14468],[27,-21,212878],[14,-33,28573],[10,-32,35313],[10,-24,9900],[12,-29,0]],[[10501,32519,0],[-16,-6,30379],[-16,-15,30379],[-34,-20,194782],[-13,-16,27952],[-10,-23,27952],[-16,-21,66146],[-24,-17,85999],[-7,-24,40384],[-12,-21,10933],[-11,-19,85999],[-28,-19,44667],[-11,-20,338427],[-2,-20,23822],[3,-14,77310],[-11,-16,19666],[-17,-16,77310],[-11,-29,12469],[-13,-29,51637],[-1,-18,23805],[-7,-20,952439],[-10,3,19456],[-8,9,40324],[-10,4,14801],[-16,9,25833],[-18,4,99489],[-25,-1,18823],[-26,-3,64272],[-21,12,334773],[-5,15,39273],[1,16,18951],[4,12,27373],[-2,11,94844],[-11,9,12297],[-18,12,32839],[-11,14,90855],[2,15,23336],[8,11,220697],[-9,4,20425],[-12,15,62537],[-15,-2,8916],[-15,-1,95813],[-11,12,21690],[-5,8,7359],[-11,19,39703],[-9,2,0]],[[9991,32345,0],[4,29,25201],[2,35,10880],[2,29,146627],[-15,50,21092],[-15,52,235335],[1,47,51363],[10,51,92224],[20,52,781950],[27,45,53414],[28,35,25757],[28,41,75069],[24,22,374354],[6,3,18063],[42,9,51490],[11,6,11155],[7,2,17747],[10,7,111635],[15,3,27059],[3,-8,36923],[31,3,75071],[50,11,24078],[18,5,0]],[[10092,31279,0],[27,0,18221],[37,1,54737],[47,9,320772],[26,17,77312],[13,27,31228],[3,21,172942],[-5,27,16861],[-8,32,34914],[-4,31,336541],[24,10,16698],[36,15,7967],[18,8,17109],[31,13,96379],[8,-6,9886],[0,-3,57838],[43,17,14318],[6,1,274811],[33,36,18946],[26,30,77545],[16,35,16599],[2,0,0]],[[10471,31600,0],[36,13,99346],[20,-4,39502],[20,-11,14943],[15,-10,158111],[4,-36,48679],[12,-11,362277],[19,-4,22366],[10,5,22366],[9,-4,50037],[45,8,129846],[12,13,18871],[18,18,34268],[11,5,256664],[23,-2,17564],[14,-3,48668],[15,0,23804],[9,7,97388],[16,-15,34813],[23,-9,120015],[16,2,33147],[17,-2,13121],[25,-4,53201],[23,2,15545],[23,3,691524],[11,-25,70895],[18,-11,17208],[26,-13,135037],[17,0,25582],[21,-2,14712],[20,-4,99527],[12,-12,16137],[16,-12,34160],[17,-8,232790],[18,-1,24937],[15,5,63045],[6,11,11732],[9,14,61004],[8,3,22446],[15,-5,232790],[24,-14,29110],[11,-12,17763],[14,-9,47165],[20,-7,67913],[7,-9,18758],[8,-17,58708],[31,-14,403690],[14,-18,34732],[0,-14,101630],[-14,-13,20102],[-18,-12,42746],[-4,-12,0]],[[11180,31236,0],[4,0,12316],[5,-5,12316],[6,-1,48856],[8,8,23302],[5,0,13312],[16,8,130014],[13,13,24292],[8,9,8171],[1,3,8171],[8,12,68598],[4,9,10885],[2,9,24600],[0,16,177515],[-10,10,7849],[-12,9,23014],[-10,14,0]],[[11017,31221,0],[12,3,11502],[13,1,27105],[11,-2,20041],[13,1,9930],[7,1,59318],[10,8,18933],[3,9,18933],[5,-5,102068],[15,-9,8420],[4,-2,8155],[10,-6,0],[4,-3,7249],[5,-1,0],[7,-4,10566],[5,0,34594],[5,5,9477],[5,8,34594],[7,3,12428],[14,2,23531],[8,6,0]],[[10205,30943,0],[3,2,13898],[14,15,9168],[18,19,15088],[12,11,143046],[41,23,19986],[22,10,19986],[8,6,13471],[16,6,13426],[7,5,89622],[10,1,12466],[22,3,434736],[30,-18,9561],[16,-10,23090],[40,-27,303049],[8,6,13080],[26,24,107055],[44,4,8975],[27,3,204449],[18,-4,9570],[48,-10,7486],[30,-7,91885],[14,-1,27216],[20,3,14581],[11,3,414282],[5,4,7766],[13,11,20031],[16,17,70902],[3,5,7588],[9,17,17376],[12,25,0],[4,9,0],[2,5,22110],[7,6,11350],[13,7,56862],[4,8,9341],[9,11,9341],[3,7,18547],[6,5,33214],[7,14,14697],[0,5,143728],[-19,8,41365],[-12,11,25919],[-2,2,7836],[0,6,13671],[4,0,353264],[220,29,42834],[3,-1,0]],[[10118,30982,0],[19,9,10276],[5,3,20644],[6,0,115949],[25,-22,12610],[12,-9,23777],[11,-13,15291],[9,-7,0]],[[10118,30982,0],[-26,50,93957],[-25,82,51536],[-6,36,276188],[7,35,42325],[15,38,60278],[9,56,0]],[[10296,33425,0],[1,1,8900],[-3,15,26291],[7,7,0]],[[10301,33448,0],[2,2,18494],[47,34,0]],[[10402,33419,0],[-58,-43,38573],[-6,0,0]],[[10338,33376,0],[-11,-2,8743],[-4,1,35996],[-6,6,15118],[0,7,57728],[-7,2,13702],[-6,-3,29684],[-4,-7,12599],[-4,-2,7882],[-1,-3,0]],[[10290,33373,0],[-1,7,8648],[1,5,18367],[5,6,18367],[-3,1,9240],[-2,5,51852],[14,6,12463],[5,5,68594],[1,6,24768],[-9,3,17310],[0,8,15237],[-5,0,0]],[[12023,31800,0],[-24,-30,88889],[29,-19,142016],[12,-34,57106],[-5,-1,10101],[-11,2,67422],[-18,-31,55640],[-1,-21,37849],[-14,-35,82667],[-11,-4,10164],[-6,0,10164],[-3,-3,82667],[-3,-5,7173],[0,-5,21198],[1,-10,12937],[-1,-11,21198],[-3,-8,12959],[0,-6,62372],[14,-8,500885],[-2,-6,13466],[-9,-11,20331],[-4,0,19282],[-8,-10,10051],[-2,-5,49374],[-7,-2,32459],[-3,-4,9331],[-9,-8,13907],[-5,-6,15854],[-8,-5,15854],[1,-5,29872],[-10,-6,121096],[-151,-119,616652],[37,-45,196940],[-1,-39,13379],[-2,-44,7010],[0,-3,62303],[-10,-72,0]],[[11228,31350,0],[17,2,28519],[15,3,7286],[9,1,7286],[43,8,14543],[58,10,314434],[18,-80,10674],[6,-31,349584],[95,-5,20380],[65,-4,82600],[43,4,41262],[53,-2,332929],[33,-35,37254],[29,-38,177342],[74,-2,0]],[[10471,31600,0],[-12,12,38855],[-10,23,21342],[-12,20,111078],[-3,27,38060],[6,28,204860],[-23,20,28130],[-20,12,67509],[-18,18,17695],[-19,16,43189],[-6,14,0]],[[10354,31790,0],[-3,16,54465],[-20,16,25053],[-17,19,118533],[-5,23,47912],[11,26,0]],[[10320,31890,0],[3,12,27448],[39,214,531352],[263,283,531352],[-6,170,0]],[[10619,32569,0],[-8,140,0]],[[10248,33131,0],[-2,-32,83036],[15,-44,15264],[15,-41,101879],[-2,-62,101879],[26,-78,0]],[[9991,32345,0],[-12,-2,37213],[-9,-9,7559],[-9,-12,52303],[-3,-17,180399],[-52,9,72713],[-34,-2,23082],[-42,-1,302921],[-7,7,17864],[-14,6,43364],[-111,54,0]],[[9698,32378,0],[6,13,48314],[-10,36,32946],[0,9,9313],[1,3,132950],[16,11,28643],[6,6,10922],[8,13,41754],[17,4,41754],[2,5,15009],[-3,11,505967],[-6,6,8293],[-6,6,7137],[-8,8,11275],[-6,4,67865],[-32,16,21918],[-37,20,94249],[-20,15,8249],[-11,9,30403],[-21,17,9832],[-25,22,234466],[-12,12,7782],[-22,23,9774],[-12,14,9774],[-9,8,19580],[-9,11,78508],[-48,66,0]],[[9457,32746,0],[47,72,41010],[16,17,11306],[2,4,212637],[26,-2,18401],[8,-2,8279],[16,-3,95642],[7,0,8049],[7,2,23278],[11,5,10697],[8,5,39275],[6,8,7253],[3,4,503610],[-3,11,23631],[-3,7,11098],[-3,12,11098],[-8,25,10308],[-6,16,10308],[-3,11,68855],[-12,11,11639],[-3,5,127316],[11,50,88235],[-19,35,407894],[74,29,198066],[7,13,19711],[17,23,8503],[3,6,8503],[7,7,94377],[0,9,10272],[2,9,35264],[-1,4,7363],[-2,6,11203],[-4,1,11203],[1,6,18359],[-4,2,67839],[5,6,12742],[4,8,19093],[7,5,0]],[[9681,33173,0],[31,-100,290729],[100,-34,87319],[63,-34,666817],[1,11,8017],[0,9,8017],[1,2,65947],[9,8,11874],[5,1,31782],[2,7,9405],[5,6,23896],[10,10,8402],[4,3,197294],[14,-3,19991],[8,-6,80971],[7,3,14346],[11,-1,16856],[8,3,12985],[7,1,8305],[12,3,45267],[4,-1,7095],[6,-3,35579],[4,-1,9858],[9,4,15455],[17,0,12773],[8,2,294237],[6,12,14161],[1,6,42258],[6,1,7166],[3,2,28223],[1,5,9545],[5,6,7420],[0,2,23689],[6,3,8631],[5,5,42588],[-1,7,17298],[6,16,42588],[3,3,12848],[11,2,82060],[5,6,17366],[3,12,15140],[6,10,30591],[1,16,30591],[11,11,0]],[[9780,30904,0],[20,-10,61618],[22,-1,7711],[2,0,13415],[45,0,120207],[28,-10,26936],[12,-9,26936],[20,-9,13246],[20,-8,420045],[31,37,86911],[6,44,22401],[0,4,8842],[3,4,247930],[23,4,11080],[41,5,83717],[5,2,11544],[45,19,15210],[15,6,0]],[[9780,30904,0],[-8,31,17550],[-13,50,202480],[-18,14,15072],[-17,15,88835],[-8,16,10880],[-15,23,48431],[-3,22,101152],[-9,11,13880],[-9,7,30537],[-13,19,21194],[-9,11,7971],[-6,7,44676],[-18,14,202480],[-5,4,9083],[-6,9,17514],[-5,10,17514],[-47,75,20447],[-51,78,8223],[-33,50,137619],[-13,13,7449],[-8,7,12220],[-10,10,7072],[-28,27,137619],[-3,4,17482],[-7,20,9681],[-4,8,62319],[-1,14,29469],[10,12,0]],[[9423,31485,0],[-3,5,7131],[-8,18,7462],[-3,5,17317],[-18,39,49515],[-5,7,16431],[-4,8,7929],[-6,9,7929],[-9,15,176276],[-32,18,53104],[-12,12,15171],[-12,9,15171],[-13,13,11932],[-11,9,0]],[[9287,31652,0],[17,14,53137],[11,6,14116],[10,5,7624],[8,5,8501],[19,9,27579],[18,10,9446],[7,5,9446],[11,5,12769],[8,6,12096],[15,8,79243],[24,8,7117],[6,2,7117],[6,3,543992],[5,4,11702],[7,10,41324],[5,12,20256],[0,8,7474],[0,8,104688],[-5,17,23664],[-8,18,7841],[-6,13,21161],[-2,8,259774],[-4,2,12155],[-21,15,67487],[-8,13,13091],[-11,22,39162],[-11,13,9563],[-7,6,8575],[-2,4,92691],[-14,9,8016],[-11,7,19173],[-19,12,143387],[-2,2,14235],[-4,22,10332],[-4,16,0]],[[9325,31979,0],[0,0,7363],[43,10,67055],[5,2,8240],[13,8,13146],[9,7,29641],[3,7,94854],[10,0,10097],[19,-2,7613],[9,0,231445],[5,3,26321],[9,13,13637],[2,7,8001],[8,12,40133],[5,7,9566],[13,16,20530],[9,7,90206],[0,3,10425],[-1,19,8743],[0,5,22900],[3,3,0]],[[9489,32106,0],[16,-6,32510],[17,0,16534],[19,-3,48950],[13,-10,105918],[27,1,9029],[26,1,36404],[22,5,229687],[5,6,16951],[3,12,28003],[6,11,11139],[13,19,11763],[6,11,0]],[[9662,32153,0],[19,-23,40679],[28,-27,26431],[40,-43,46653],[41,-48,347392],[19,-41,55022],[10,-51,125449],[2,-64,23310],[3,-39,473204],[10,-15,72695],[52,-29,49643],[37,-12,165359],[31,-31,22979],[27,-24,73059],[24,-38,0]],[[10005,31668,0],[17,-32,81844],[39,-35,49130],[33,-40,86708],[29,-49,440941],[9,-41,52349],[0,-51,171592],[-11,-57,69250],[-20,-57,11914],[-9,-27,0]],[[10005,31668,0],[45,5,87673],[43,-7,30458],[45,-11,355641],[2,2,15583],[6,25,69611],[13,-2,21947],[11,-4,10830],[15,-5,67327],[0,7,16432],[7,11,38758],[-13,3,102969],[8,15,25478],[17,50,281719],[7,9,31969],[35,21,64587],[39,11,143933],[38,-2,32760],[31,-6,0]],[[9681,33173,0],[4,5,15730],[2,16,15730],[6,20,0]],[[9693,33214,0],[4,1,15337],[7,9,39282],[4,12,12162],[2,9,25297],[-5,3,39380],[17,25,82835],[6,50,205417],[32,9,8124],[12,3,120869],[17,28,28858],[21,28,13154],[10,14,365680],[33,-16,44672],[25,-3,139511],[13,8,31796],[18,23,79654],[11,-4,22279],[24,-2,45902],[3,9,0]],[[9947,33420,0],[107,-62,19341],[3,-2,0]],[[10130,33293,0],[31,-16,32332],[0,2,10976],[10,-1,87265],[-2,-3,8343],[2,-2,13100],[-2,-25,25909],[4,-2,0]],[[10224,33407,0],[2,2,16106],[17,-4,33058],[1,4,9878],[-1,9,31219],[7,0,17557],[0,-7,13843],[4,1,7373],[1,-2,31219],[15,4,24448],[10,-4,68933],[7,3,18256],[2,7,14692],[7,5,0]],[[10256,33378,0],[-1,4,9153],[-4,3,0]],[[10251,33385,0],[-1,4,16827],[-12,4,21116],[-14,14,0]],[[10479,33323,0],[-80,-61,0]],[[10399,33262,0],[-6,-2,8865],[-7,-5,0]],[[10202,33370,0],[19,12,18149],[10,3,41334],[9,0,9435],[8,-2,15523],[3,2,0]],[[9662,32153,0],[4,7,8231],[3,7,73968],[0,18,12923],[-2,32,14806],[0,20,8795],[-1,37,54824],[2,23,14685],[2,16,154320],[3,4,13751],[14,15,9977],[4,3,65572],[6,20,23914],[1,23,0]],[[10501,32519,0],[28,15,16035],[26,15,23355],[20,10,0]],[[10575,32559,0],[6,8,40229],[38,2,0]],[[9947,33420,0],[-13,89,0]],[[9934,33509,0],[38,-10,32496],[49,-17,40695],[40,-12,19902],[35,-8,130763],[44,-19,26245],[3,2,26245],[36,-16,41994],[-2,-4,23043],[17,-10,41358],[5,-2,11000],[13,0,24804],[-2,-2,14672],[8,-3,10906],[3,-4,10906],[3,3,0]],[[9934,33509,0],[-28,88,116969],[-43,65,19296],[-7,12,0]],[[9856,33674,0],[23,12,37181],[40,12,34644],[9,7,17286],[11,3,254014],[2,7,25688],[1,37,9172],[0,8,9172],[0,16,9172],[0,22,26672],[2,30,160240],[14,6,8496],[14,6,42525],[2,14,24280],[8,1,0]],[[6199,33732,0],[67,15,0]],[[6266,33747,0],[15,8,14829],[6,3,7268],[14,6,79026],[28,8,33080],[42,7,8314],[27,4,179692],[8,4,30931],[0,19,95207],[39,25,8004],[47,30,165376],[69,8,0]],[[6561,33869,0],[0,-26,0]],[[6561,33843,0],[-6,-61,9310],[-3,-34,0]],[[6552,33748,0],[-13,0,10615],[-13,-2,13411],[-17,-1,55478],[-14,-13,0]],[[6495,33732,0],[-58,21,208662],[-27,-29,63117],[-21,3,73392],[-15,-6,9913],[-24,-9,8096],[-8,-3,28787],[-22,-12,40303],[-12,-2,17017],[-11,-5,14180],[-6,-1,11293],[-9,-4,0]],[[6237,33676,0],[-26,12,76820],[-12,44,0]],[[8938,33823,0],[56,-53,47931],[9,-15,0]],[[9003,33755,0],[8,-15,46753],[-4,-37,46753],[7,-80,101309],[-12,-4,6973],[-1,0,0]],[[9001,33619,0],[-12,-3,10967],[-7,-4,9448],[-15,-4,19035],[-2,-3,18028],[-7,0,7346],[-12,-2,45338],[-77,-28,337939],[51,-128,0]],[[8920,33447,0],[-2,-103,0]],[[8918,33344,0],[-4,-1,0],[-7,-1,0]],[[8907,33342,0],[-9,2,0]],[[8898,33344,0],[-3,0,13062],[-18,-6,16843],[-15,-4,9466],[-15,-3,70941],[-16,0,21480],[-7,4,9162],[-8,2,21480],[-11,0,101266],[-22,-16,8782],[-7,-5,0],[-6,-1,0]],[[8770,33315,0],[-10,2,0]],[[8760,33317,0],[-7,2,21031],[-21,-4,14777],[-12,0,78130],[-16,11,29776],[-19,6,17682],[-9,5,305544],[-3,5,9844],[-11,20,17376],[0,9,12043],[-3,2,17376],[-10,16,33492],[-16,20,26523],[-6,16,179578],[-2,17,13038],[1,7,32171],[7,9,58374],[0,4,7607],[-5,18,16682],[-5,15,58374],[2,5,8509],[9,17,42054],[-6,16,0]],[[8628,33533,0],[124,96,272617],[-47,64,0]],[[8705,33693,0],[145,91,106949],[16,6,27810],[36,18,19806],[17,7,0]],[[8919,33815,0],[0,0,6973],[19,8,0]],[[8944,34017,0],[63,11,31514],[5,-2,8055],[5,1,0]],[[9017,34027,0],[13,-1,35001],[6,-5,7022],[8,-4,17419],[3,-5,9287],[5,-4,45801],[6,0,10108],[8,2,13535],[4,-2,107257],[3,2,7626],[2,6,21158],[3,2,7539],[6,0,14260],[4,5,23190],[8,-4,23190],[3,2,12648],[-1,4,7002],[1,5,72361],[3,0,8602],[7,-2,8602],[6,0,7200],[4,-1,15172],[5,-5,15172],[7,1,0]],[[9131,34023,0],[3,0,7145],[3,-3,28448],[5,-15,14354],[4,-8,7571],[3,-8,70287],[0,-8,7027],[1,-4,7027],[-1,-2,13347],[-1,-11,7292],[-1,-7,31475],[4,-16,8360],[0,-3,75980],[18,-31,0]],[[9169,33907,0],[-52,19,7037],[-54,18,83489],[-43,-3,83489],[0,5,10819],[-5,9,43407],[-2,-1,10333],[-11,4,17033],[-7,7,13191],[-5,0,0]],[[8990,33965,0],[-1,0,6973],[-2,0,9312],[-32,-6,0]],[[8955,33959,0],[-11,58,0]],[[8943,33893,0],[12,47,0]],[[8955,33940,0],[0,19,0]],[[9169,33907,0],[58,-41,29621],[14,-13,122065],[96,-57,51810],[68,-34,277326],[42,-57,82365],[73,-70,0]],[[9520,33635,0],[-49,-59,0]],[[9471,33576,0],[-60,77,45229],[-3,6,9780],[1,3,33045],[-3,2,7840],[-4,5,8033],[-5,3,7282],[-3,3,12674],[-5,2,12674],[-3,5,7945],[-4,3,143674],[-6,0,10960],[-2,3,10960],[-7,1,7311],[-1,2,7311],[-12,4,24612],[-15,2,89250],[-2,5,7062],[-3,2,13915],[-3,10,29134],[-8,-1,29134],[-3,2,8464],[0,5,15590],[-6,6,11199],[-7,11,407417],[0,4,17029],[-9,1,9754],[-5,3,31316],[-13,-1,9329],[-9,0,73730],[-6,-4,7169],[-6,-4,18926],[-6,1,22631],[-8,-4,12417],[-6,-7,118263],[-6,-1,7233],[-7,0,19074],[-3,4,13869],[-8,0,52511],[-4,6,13518],[-5,1,13518],[-7,8,24618],[-3,1,7433],[-3,3,8807],[-7,3,237274],[0,6,7853],[-1,5,16794],[-5,9,16794],[2,5,50292],[-2,4,9235],[-5,2,20868],[-1,5,10297],[-5,4,11082],[-2,8,11082],[-3,3,43866],[1,13,28177],[-5,5,14507],[-1,8,11151],[-3,4,237274],[-9,6,8708],[-3,4,8708],[-5,3,31002],[-11,0,26167],[-15,10,52448],[-6,-2,16718],[-8,6,18963],[-6,-1,7737],[-8,1,64787],[-9,12,41038],[-2,1,7468],[-7,2,14122],[-8,6,19060],[-12,4,8878],[-6,2,118937],[-7,-3,24550],[-9,4,11152],[-7,5,24550],[-12,0,21365],[-7,6,21365],[-5,-2,8547],[-3,1,16705],[-4,5,16705],[-6,-1,9569],[-5,2,53355],[-4,-6,0]],[[8972,33897,0],[-1,-1,6973],[0,-1,9693],[-9,-4,27490],[-19,2,0]],[[6351,33652,0],[5,3,9451],[2,-1,0]],[[6358,33654,0],[4,-2,14338],[5,3,9254],[2,4,14338],[5,-1,10332],[5,3,51511],[2,-2,7648],[5,-1,13426],[7,-9,29906],[-5,-6,0]],[[6388,33643,0],[1,-2,7368],[-1,-6,31069],[9,-4,8266],[3,-3,10802],[8,-3,41102],[-8,-9,16147],[4,-1,0]],[[6404,33615,0],[-8,-1,21080],[-4,6,15139],[-8,2,24363],[-5,0,8810],[-3,-3,24363],[-5,4,10214],[-7,2,14881],[0,2,0]],[[6364,33627,0],[-22,8,0]],[[9856,33674,0],[-65,-26,260854],[-14,10,20535],[-35,21,31084],[-118,77,0]],[[9624,33756,0],[-27,29,93238],[-16,69,152556],[-56,79,21695],[-53,76,0]],[[9472,34009,0],[105,48,49520],[10,9,349672],[-45,92,95921],[0,36,51395],[-14,5,37659],[2,17,358086],[8,10,23615],[11,7,13354],[3,-1,46614],[8,-11,46614],[20,12,13362],[10,4,127854],[6,7,10031],[1,4,28854],[18,14,16705],[6,3,14315],[4,7,34942],[-6,6,31045],[17,12,53853],[18,1,41665],[6,16,0]],[[9660,34307,0],[49,98,0]],[[9709,34405,0],[290,-2,221788],[40,-29,0]],[[10039,34374,0],[86,-62,0]],[[9134,34185,0],[7,-88,125776],[-7,-3,14362],[-21,-3,23592],[-9,-6,125776],[1,-6,9000],[3,-5,19344],[-4,-4,25730],[1,-11,16217],[3,-8,7217],[2,-2,60325],[7,-2,10805],[11,-4,9722],[5,-2,51067],[-2,-18,0]],[[8944,34017,0],[-5,25,0]],[[8939,34042,0],[32,6,71163],[19,29,6973],[0,1,0]],[[8990,34078,0],[7,7,10885],[5,1,37350],[15,-3,10004],[8,0,53080],[4,1,7080],[-1,2,7668],[2,6,12460],[7,7,80212],[8,3,20708],[12,1,10943],[3,2,10943],[6,-2,8885],[3,1,37438],[13,-1,8454],[12,-2,215023],[0,10,18094],[5,0,44834],[-6,49,120535],[9,15,24299],[14,11,52503],[18,-1,0]],[[6238,33961,0],[53,-16,0]],[[6291,33945,0],[7,-2,8927],[16,-1,34646],[39,5,89429],[34,-19,27966],[12,-3,76298],[36,3,157801],[27,34,157801],[6,-3,13383],[13,-1,30344],[13,3,14593],[8,0,76539],[17,-8,32166],[4,-7,11361],[4,-1,11361],[13,-13,66428],[10,-4,25505],[9,5,7688],[4,1,0]],[[6563,33934,0],[-2,-65,0]],[[6199,33732,0],[-17,61,127772],[15,104,201739],[41,64,0]],[[8419,33535,0],[-145,215,267442],[6,73,0]],[[8280,33823,0],[6,59,162269],[-62,136,0]],[[8224,34018,0],[175,94,0]],[[8399,34112,0],[56,-98,0]],[[8455,34014,0],[14,-58,208210],[10,3,12781],[15,1,70641],[24,-29,95252],[-15,-13,46360],[12,-13,54504],[9,6,14300],[12,13,54504],[66,-6,309015],[6,-31,22759],[2,-11,8904],[-1,-6,15801],[3,-8,11863],[1,-10,47906],[12,-40,131276],[36,-42,0]],[[8661,33770,0],[44,-77,0]],[[8628,33533,0],[-4,3,23091],[-7,15,10668],[-4,12,60614],[-1,12,11066],[2,5,23737],[6,9,204131],[-15,4,19647],[-35,7,120774],[-6,-1,22947],[-4,-4,6986],[-11,-10,6986],[-2,-3,52041],[-8,-2,13568],[-7,-1,7813],[-4,1,34047],[-8,-6,17699],[-17,-7,11590],[-4,-1,0]],[[8499,33566,0],[-80,-31,0]],[[6094,33286,0],[-29,29,0]],[[6065,33315,0],[34,19,91927],[-9,33,74135],[24,17,0]],[[6114,33384,0],[42,-41,0]],[[6156,33343,0],[11,2,34827],[8,20,74999],[13,26,14353],[29,55,9067],[11,22,31268],[10,22,144939],[35,9,18906],[25,7,109077],[-4,21,7013],[-1,5,24997],[-5,5,0]],[[6288,33537,0],[-8,6,22402],[-9,17,63199],[11,23,0]],[[6321,33602,0],[46,-62,0]],[[6367,33540,0],[25,-51,190598],[-18,-34,41628],[-10,-2,28225],[-3,-9,11458],[-3,-1,8213],[-1,-4,88160],[6,-27,80927],[-12,-15,15100],[-1,-4,15100],[-18,-25,0]],[[6332,33368,0],[-43,-16,132720],[-40,-83,0]],[[6249,33269,0],[-50,18,108001],[-105,-1,0]],[[8789,34185,0],[186,115,0]],[[8975,34300,0],[137,67,0]],[[9112,34367,0],[38,-69,0]],[[9150,34298,0],[18,-45,167380],[8,1,8484],[8,-1,19200],[6,-4,30037],[12,-1,13534],[8,2,13534],[8,0,7642],[18,0,81629],[13,3,24087],[16,7,10265],[7,5,150217],[10,-35,0]],[[9282,34230,0],[-19,-7,14757],[-17,-3,38535],[-14,-6,18425],[-9,-7,69877],[-60,-16,17596],[-18,-6,41745],[-1,2,11435],[-5,-2,7231],[-5,0,0]],[[8939,34042,0],[-94,30,0]],[[8845,34072,0],[-33,29,111141],[-23,84,0]],[[8938,33823,0],[5,70,0]],[[9471,33576,0],[-35,-55,0]],[[9436,33521,0],[-171,131,120754],[-66,41,28804],[-5,3,8031],[-7,2,15598],[-9,7,291744],[-8,2,8275],[-17,4,8508],[-11,4,38704],[-13,6,10014],[-20,10,41339],[-37,11,92343],[5,20,16017],[0,4,92343],[-33,0,9267],[-5,1,8735],[-5,-2,24170],[-16,-2,0]],[[9018,33763,0],[-1,0,6973],[0,0,6973],[-14,-8,0]],[[9693,33214,0],[-20,7,30314],[-62,29,187634],[-126,-17,358767],[-19,17,11423],[-9,9,14647],[-18,15,33813],[-36,28,119686],[-8,-4,7004],[-10,-4,25267],[-6,0,6987],[-5,2,15853],[-8,-4,119686],[-6,12,8629],[-3,3,8629],[-4,7,28907],[-16,35,0]],[[9337,33349,0],[9,2,35615],[23,20,20896],[11,13,153388],[56,137,0]],[[9520,33635,0],[63,60,92729],[41,61,0]],[[8399,34112,0],[96,50,0]],[[8495,34162,0],[294,23,0]],[[8845,34072,0],[-30,-51,0]],[[8815,34021,0],[-5,-6,7172],[-16,-18,14594],[-7,-8,128904],[-22,5,18624],[-28,2,35741],[-32,0,160597],[-3,-14,8388],[0,-7,8388],[-2,-9,26814],[-7,-12,0]],[[8693,33954,0],[-5,-10,50034],[3,-20,19266],[9,-43,90658],[26,-81,256739],[-65,-30,0]],[[8920,33447,0],[75,13,32097],[43,8,10250],[18,4,100804],[52,-3,208852],[11,7,12531],[15,11,7707],[28,21,32364],[14,7,543891],[34,-53,32163],[36,-62,106984],[44,-47,0]],[[9290,33353,0],[-3,-31,25033],[-6,-27,32447],[-7,-12,32447],[2,-9,8265],[2,-3,22604],[-1,-8,9071],[-3,-5,128594],[4,-1,9886],[-1,-5,9886],[6,-10,9467],[1,-4,67368],[-2,-3,7479],[1,-3,7479],[-2,-10,12367],[-2,-3,29591],[0,-10,7693],[1,-3,7693],[0,-18,52313],[6,-34,367165],[-115,-120,0]],[[9171,33034,0],[-11,5,10884],[-5,1,75636],[-25,-15,31968],[-21,-9,11272],[-12,-6,17911],[-8,-7,17911],[-7,2,118752],[-5,5,9147],[-7,5,36223],[-24,4,0]],[[9046,33019,0],[-11,16,13748],[-8,14,31016],[-2,12,63307],[-15,9,29608],[-17,21,215928],[-7,20,27928],[-1,6,8531],[0,9,8569],[-2,13,78425],[7,8,18439],[9,19,78425],[-2,5,7308],[-1,7,19159],[-7,20,12279],[-3,5,67335],[1,5,8254],[7,24,12340],[1,5,261397],[-16,13,49211],[-7,13,18377],[-2,13,13756],[-4,8,91227],[-25,19,26355],[-8,4,9482],[-16,9,91227],[1,28,0]],[[9282,34230,0],[6,-2,15732],[17,1,15732],[19,0,10634],[22,0,74283],[25,-10,20797],[14,1,20797],[-1,-4,9255],[-4,-1,335660],[3,-7,7510],[1,-4,12874],[6,-6,9810],[0,-4,41967],[-8,-8,14113],[0,-4,41967],[8,-44,173670],[27,-49,58574],[55,-80,0]],[[8693,33954,0],[46,-2,68880],[5,-4,11482],[5,-9,23710],[10,-5,8025],[3,0,138734],[4,8,7432],[1,3,27836],[5,3,11068],[5,0,7931],[3,1,59918],[7,-5,19314],[5,1,10730],[9,-3,33780],[-1,4,9336],[4,-3,9336],[9,4,8957],[3,-1,59918],[6,9,16211],[-3,4,13282],[4,3,138734],[15,1,34056],[7,-2,8595],[5,-2,16322],[3,-5,21680],[5,-2,10973],[5,2,15149],[6,-4,63993],[8,3,11652],[2,-3,11652],[10,2,22023],[3,-3,8057],[5,-1,28241],[10,5,16279],[12,1,28241],[7,-4,0]],[[8926,33950,0],[1,-1,6973],[1,0,6973],[0,-2,22885],[27,-7,0]],[[9606,34507,0],[47,-47,0]],[[9653,34460,0],[56,-55,0]],[[9112,34367,0],[230,113,0]],[[9342,34480,0],[68,34,0]],[[9410,34514,0],[171,17,165192],[25,-24,0]],[[9290,33353,0],[32,-7,35623],[15,3,0]],[[9457,32746,0],[-5,11,12698],[-9,26,25885],[-2,12,91324],[4,5,13211],[10,7,46403],[3,18,16220],[-2,9,375901],[-16,8,27415],[-3,5,7900],[-1,5,72661],[-15,6,21830],[-39,11,25201],[-15,1,25201],[-5,3,9680],[-7,6,98271],[-5,8,12562],[-5,12,187438],[-5,3,12841],[-13,3,37465],[-6,-1,10805],[-16,-5,37465],[-15,3,10929],[-16,1,7574],[-12,2,66923],[-34,8,20373],[-5,4,281310],[-1,10,10114],[-3,7,42345],[-13,21,12428],[-5,9,12428],[-7,8,29883],[3,11,21951],[-7,2,0],[-11,2,0],[-2,4,13232],[-4,18,26361],[0,21,17100],[-2,4,0]],[[6367,33540,0],[36,17,0]],[[6403,33557,0],[6,3,7890],[12,3,38399],[9,-5,19150],[13,-2,0]],[[6443,33556,0],[23,-3,11435],[46,-6,139296],[22,9,18315],[27,9,48951],[36,21,84703],[16,-6,0]],[[6613,33580,0],[-37,-53,0]],[[6576,33527,0],[-42,-30,40331],[-64,-39,272870],[15,-38,14695],[18,-49,179849],[-13,-6,37764],[-34,-34,0]],[[6456,33331,0],[-22,3,44046],[-13,-7,19051],[-21,-4,89015],[-19,4,14844],[-8,0,9012],[-11,2,23518],[-15,-1,17257],[-7,2,7381],[-3,0,48426],[-3,4,10994],[3,3,0]],[[6337,33337,0],[-5,31,0]],[[6719,33965,0],[-25,-17,28918],[-15,-4,115733],[-31,10,18474],[-28,8,94021],[-42,-13,0]],[[6578,33949,0],[-15,-15,0]],[[6238,33961,0],[-10,88,399085],[-299,-24,0]],[[5929,34025,0],[-35,83,10105],[-137,324,712923],[13,462,0]],[[5770,34894,0],[446,-199,0]],[[6216,34695,0],[103,-107,10428],[180,-187,634369],[251,-21,0]],[[6750,34380,0],[5,-142,0]],[[6755,34238,0],[-3,-30,18777],[0,-13,101540],[-29,-56,14937],[-15,-27,0]],[[6708,34112,0],[-19,-33,148395],[62,-73,37426],[4,-9,182928],[-18,-21,30494],[-18,-11,0]],[[6422,33643,0],[-4,5,14248],[3,4,34557],[11,5,8532],[7,5,15731],[3,4,57297],[29,5,104221],[-5,34,0]],[[6466,33705,0],[4,3,11961],[25,24,0]],[[6552,33748,0],[36,-100,15807],[25,-68,0]],[[6443,33556,0],[-3,25,68672],[-33,7,82065],[-1,8,23976],[1,3,7412],[5,5,12818],[-1,2,8985],[5,5,0]],[[6416,33611,0],[6,0,8605],[7,2,20857],[12,-4,40432],[2,7,9177],[2,0,7715],[2,4,74569],[-5,4,7579],[-8,8,8703],[-4,2,8703],[0,3,13920],[-8,6,0]],[[6187,33603,0],[-46,-20,104461],[-46,-59,136575],[-68,-25,0]],[[6027,33499,0],[31,140,113437],[-6,42,0]],[[6052,33681,0],[-11,79,158492],[-80,189,0]],[[5961,33949,0],[-32,76,0]],[[6456,33331,0],[-7,-51,101154],[-27,-44,44361],[-11,-6,10509],[-2,-3,0]],[[6409,33227,0],[-5,1,22909],[-27,-15,68303],[1,-24,0]],[[6378,33189,0],[-72,-2,190859],[-11,15,39896],[9,13,39896],[-6,36,135197],[-49,18,0]],[[6404,33615,0],[4,1,14396],[2,-3,9164],[6,-2,0]],[[6388,33643,0],[9,-1,8616],[7,1,8616],[18,-1,13112],[0,1,0]],[[6358,33654,0],[7,10,8548],[4,8,8548],[3,2,95857],[6,0,9414],[5,-3,20608],[6,2,8202],[2,3,22931],[6,-3,12678],[1,4,12678],[24,6,67685],[44,22,0]],[[6236,33009,0],[13,-11,40403],[31,-6,14956],[2,-2,0]],[[6282,32990,0],[3,0,0]],[[6285,32990,0],[20,2,10657],[27,3,29177],[6,-2,6973],[0,0,6973],[2,-1,0]],[[6340,32992,0],[3,-1,14445],[14,2,43294],[-5,19,93525],[19,2,42281],[1,15,42281],[21,13,12214],[18,11,60200],[14,-2,12408],[6,1,44462],[7,16,44462],[42,24,169283],[45,3,24860],[18,4,123338],[5,8,10111],[5,4,27988],[16,8,27988],[23,17,11218],[12,9,275564],[-9,39,155281],[21,13,44735],[25,30,90030],[45,14,0]],[[6686,33241,0],[-1,-2,23060],[3,-53,0]],[[6688,33186,0],[42,-8,75413],[62,-34,0]],[[6792,33144,0],[-43,-73,0]],[[6749,33071,0],[-119,-204,0]],[[6630,32867,0],[-147,-37,277050],[-125,-119,0]],[[6358,32711,0],[4,121,126085],[33,56,56921],[-8,2,0],[-180,42,0]],[[6207,32932,0],[-8,23,0],[-4,10,59472],[41,44,0]],[[6114,33384,0],[-87,115,0]],[[6694,33399,0],[1,0,0],[11,-5,20350],[9,2,29421],[7,-4,9563],[4,-5,122370],[8,-18,22098],[13,-38,12622],[14,-36,0]],[[6761,33295,0],[-22,-19,11126],[-22,-18,45260],[-28,-15,12325],[-3,-2,0]],[[6236,33009,0],[27,28,0]],[[6263,33037,0],[47,51,82775],[77,58,194182],[-9,43,0]],[[6576,33527,0],[27,-28,63941],[39,-28,10504],[29,-19,140337],[23,-53,0]],[[6904,32781,0],[35,13,0]],[[6939,32794,0],[24,9,17240],[24,7,104794],[72,-17,104794],[23,5,36203],[13,12,376226],[7,14,12642],[11,20,43258],[12,19,20816],[12,11,20816],[8,13,227236],[12,11,11742],[13,9,26142],[30,19,26142],[20,15,12708],[20,14,122528],[78,29,0]],[[7318,32984,0],[32,-43,51858],[31,-33,28696],[26,-33,24406],[19,-20,0]],[[7426,32855,0],[-9,-5,33875],[-13,-5,15460],[-13,-3,8188],[-12,-2,23023],[-17,-6,0]],[[7362,32834,0],[-7,-3,10829],[-10,-8,19546],[-10,-11,19546],[-26,-19,50340],[-25,-14,13297],[-5,-2,0]],[[7279,32777,0],[-12,-6,9298],[-11,-7,48051],[-14,-12,7095],[-11,-9,23654],[-17,-16,13083],[-10,-11,115579],[-23,-50,37584],[-3,2,10604],[-3,-5,0]],[[7175,32663,0],[-2,-3,0]],[[7173,32660,0],[-26,-47,0]],[[7147,32613,0],[-219,63,357995],[-24,105,0]],[[9971,35900,0],[56,-69,0]],[[10027,35831,0],[-92,-76,0]],[[9935,35755,0],[-28,-29,137989],[-4,3,9280],[-7,4,44771],[-13,1,12976],[-3,2,12976],[-20,3,26369],[-38,11,137989],[-34,-4,54489],[-22,-14,13221],[-10,-5,347372],[4,-7,11169],[4,-12,66640],[1,-17,7967],[0,-20,35607],[-5,-28,17047],[0,-11,185381],[-3,-7,10946],[-5,-6,22021],[-7,-16,14712],[0,-6,56578],[2,-10,10722],[1,-13,52013],[-3,-12,19409],[-3,-3,8976],[-5,-11,16222],[-3,-10,121608],[-7,-6,9511],[-10,-6,18197],[-8,-2,7471],[-2,-3,7471],[-4,0,242395],[-4,7,29449],[3,31,74900],[-15,10,45832],[-12,31,0]],[[9675,35600,0],[-117,61,223321],[-49,97,289242],[-18,-7,43088],[-81,-17,186836],[-15,39,21350],[-8,16,0]],[[9387,35789,0],[-31,93,0]],[[10214,35491,0],[18,14,27664],[16,6,0]],[[10248,35511,0],[5,3,16969],[-2,9,24152],[9,4,79368],[11,0,11278],[0,-2,10550],[8,0,11278],[0,2,13362],[8,2,8972],[13,1,13362],[0,-2,26481],[26,-2,79368],[72,25,276424],[9,-5,36342],[61,-62,0]],[[10468,35484,0],[-111,-14,60025],[-48,-9,16369],[-9,-1,16369],[-13,-2,8931],[-9,-3,0]],[[10278,35455,0],[-27,-6,0]],[[10251,35449,0],[-37,42,0]],[[10027,35831,0],[96,-111,0]],[[10123,35720,0],[-75,-63,13244],[-2,-1,6973],[-2,-2,0]],[[10044,35654,0],[-3,-3,16042],[-7,2,10869],[-5,-2,21615],[-5,-6,60707],[2,-11,7000],[1,-7,16681],[6,-6,16681],[-3,-5,77946],[-8,1,7911],[-8,1,20043],[-6,-2,11730],[-9,0,77946],[-1,-1,7478],[1,-6,11498],[-3,-7,33140],[3,-3,7023],[6,-3,23624],[2,-5,9885],[-1,-7,218077],[-10,-10,18687],[-6,0,25611],[-2,-2,8034],[-7,-10,71581],[-4,1,13146],[-6,-2,8416],[-3,-3,13433],[-7,0,19898],[-11,-5,13024],[-8,0,13024],[-3,-3,24292],[-9,-1,9717],[-7,-2,55192],[-2,-1,7096],[-3,-7,15736],[-7,-3,102476],[-4,2,7748],[-4,5,8233],[-4,2,25210],[-7,-2,9919],[-5,2,22818],[-4,4,7169],[-4,3,72375],[-4,-3,11616],[-5,0,7184],[-6,-2,14162],[-4,-4,12658],[-11,-4,102476],[1,-14,17183],[-3,-3,31521],[3,-4,8544],[1,-4,7113],[3,-4,375052],[-2,-4,13449],[-9,-5,13449],[-2,-5,12854],[-6,-3,44141],[-1,-4,8956],[-5,-7,15024],[-8,-7,15024],[0,-4,24417],[-10,-6,24417],[-1,-6,7652],[-1,-5,59159],[-8,-5,12123],[-3,2,8363],[-4,-2,86678],[-1,-7,14051],[-5,-1,19212],[-1,-13,19212],[-4,-6,8083],[-1,-4,7767],[-4,-3,7767],[1,-1,13881],[-2,-8,47438],[-7,-3,9804],[0,-3,9101],[-5,-2,217110],[2,-8,7302],[3,-10,35232],[-5,-17,8450],[-1,-3,65485],[6,-14,16239],[3,0,10773],[2,-5,7329],[4,-4,15696],[1,-6,7256],[2,-1,0]],[[9782,35330,0],[-41,3,159215],[-16,23,64793],[-28,85,245613],[-66,50,136778],[-64,0,0]],[[9567,35491,0],[108,109,0]],[[10783,36142,0],[-47,-223,0]],[[10736,35919,0],[-3,-12,25598],[-5,-8,9161],[-9,-16,0]],[[10719,35883,0],[-9,-1,13115],[-19,-5,7673],[-13,-3,19610],[-11,-1,40974],[-20,-5,14000],[-22,-6,17933],[-42,-11,90976],[-18,-6,12160],[-13,-4,14140],[-10,-3,7603],[-74,-24,369713],[28,-18,10543],[7,-5,123277],[0,-8,27484],[-16,-28,52587],[0,-8,10048],[1,-20,0]],[[10488,35727,0],[-40,14,53862],[-13,6,10353],[-8,5,27323],[-19,15,220011],[-15,-12,6980],[-7,-7,49590],[-17,11,44840],[-9,-15,139906],[14,-19,9541],[7,-9,71231],[-4,-31,19256],[-2,-3,0]],[[10375,35682,0],[-9,2,32725],[0,6,13388],[-5,1,14979],[-8,4,9997],[-4,4,22458],[-8,0,15337],[-3,6,15407],[-3,0,7393],[-2,4,7745],[-7,4,8604],[-3,3,77983],[-5,-1,8451],[-5,2,15615],[-11,-5,15615],[-5,2,0]],[[10297,35714,0],[-4,3,26861],[-30,-5,106065],[-73,-61,0]],[[10190,35651,0],[-67,69,0]],[[11132,35991,0],[-145,-125,351364],[-15,-157,0]],[[10972,35709,0],[-98,8,133403],[-81,-28,109527],[-47,9,0]],[[10746,35698,0],[-6,37,0]],[[10740,35735,0],[-2,13,26162],[-5,15,9918],[-4,18,9918],[-9,33,89990],[-2,7,9200],[0,12,26824],[0,42,16146],[1,8,0]],[[10251,35449,0],[5,-19,66075],[-26,-53,77031],[11,-12,0]],[[10241,35365,0],[8,-7,16893],[11,-15,8474],[6,-9,12572],[6,-6,23769],[-1,-4,23769],[20,-17,72672],[17,-38,0]],[[10308,35269,0],[-23,-17,31150],[-9,-9,10815],[-6,-8,22542],[-22,-17,164060],[1,-5,10037],[4,-11,29856],[-1,-9,10552],[2,-4,15195],[-3,-7,15195],[1,-8,89226],[-22,-83,143655],[-26,13,0]],[[10204,35104,0],[-3,2,8314],[-27,14,131440],[-115,-36,177629],[-26,8,54471],[-18,23,0]],[[10015,35115,0],[-20,24,15592],[-6,6,0]],[[9989,35145,0],[-32,27,54113],[-46,57,152217],[9,0,10015],[12,2,30882],[12,5,10889],[3,4,0]],[[9947,35240,0],[-1,3,0]],[[9946,35243,0],[-28,89,401913],[30,15,62695],[19,31,177483],[123,57,89992],[39,-1,89992],[27,18,12198],[24,15,0]],[[10180,35467,0],[2,1,6973],[32,23,0]],[[11599,35768,0],[-12,-182,18582],[0,-2,0]],[[11587,35584,0],[0,-5,11503],[4,-5,21929],[-2,-5,13733],[2,-10,10015],[-1,-6,56824],[-7,-3,16848],[-1,-7,16848],[-3,-3,8653],[-1,-4,8571],[-4,-1,82026],[2,-5,14729],[-2,-6,7867],[-1,-9,39273],[2,-2,9578],[3,-10,14925],[0,-6,17096],[5,-5,12116],[-1,-3,8205],[2,-3,145543],[7,-2,19600],[3,-5,7613],[3,-2,7613],[1,-4,19600],[10,-9,16905],[0,-4,9441],[3,-4,16905],[6,-2,137313],[1,-7,14161],[6,-7,27241],[-2,-8,9292],[2,-4,9030],[-2,-2,27241],[3,-16,11912],[0,-9,17050],[2,-2,11796],[1,-10,78617],[-7,-8,15951],[-4,-12,27267],[1,-9,8984],[-1,-2,470752],[-48,-25,33233],[-107,-52,0]],[[11462,35281,0],[-60,72,202340],[-55,7,28944],[-15,3,11410],[-8,3,125837],[-42,26,29445],[-24,18,302076],[33,41,62391],[-3,16,0]],[[11288,35467,0],[-25,126,152798],[11,4,62433],[0,12,8204],[-1,24,13098],[1,8,10997],[-3,1,13098],[2,8,48998],[7,10,0]],[[11280,35660,0],[53,129,0]],[[10729,35693,0],[17,5,0]],[[10972,35709,0],[-17,-71,0]],[[10955,35638,0],[-7,-26,0]],[[10948,35612,0],[-32,8,58113],[-32,-9,7199],[-2,-1,0]],[[10882,35610,0],[-15,-4,28849],[0,-4,16772],[-5,-1,8227],[-1,-3,9991],[-8,-3,13311],[-1,-3,28849],[-13,-7,11363],[-6,-1,23577],[-5,-5,13580],[-8,-3,13580],[-3,-3,7227],[-5,-3,10250],[-4,0,9926],[-4,-3,55291],[-5,0,9299],[-3,3,26168],[-3,-1,7078],[-3,-3,10754],[-8,-1,7232],[-4,-2,55291],[-3,-6,10082],[-2,0,12522],[-3,-8,32318],[-17,-9,220429],[-9,-16,12415],[-2,-7,7538],[-1,0,31004],[-2,-10,7776],[1,-5,109125],[17,-2,20092],[-6,-3,14857],[-2,-3,8057],[1,-3,20092],[6,0,9405],[4,3,20092],[-2,4,7602],[1,2,20092],[31,-3,220429],[4,-8,19519],[-8,-3,19519],[-6,-13,14966],[-12,-21,107133],[-13,-11,17625],[-3,-6,25953],[-17,-12,58035],[-29,-8,119178],[-11,-39,0]],[[10695,35376,0],[-26,-16,19489],[-25,-14,8880],[-8,-4,148521],[-21,-1,20283],[-8,3,64677],[-14,21,47243],[-21,4,0]],[[10572,35369,0],[-1,22,39379],[4,9,11932],[6,6,17390],[1,8,58871],[-3,12,13752],[-5,4,13752],[1,7,249248],[8,10,30850],[104,100,8639],[22,22,55610],[14,12,20139],[5,10,235582],[1,10,9001],[8,60,0]],[[10737,35661,0],[-8,32,0]],[[10492,34925,0],[12,2,29222],[10,13,36797],[19,2,36797],[11,13,62913],[18,-3,119979],[5,8,18182],[10,5,18182],[15,13,56455],[6,23,119979],[38,34,60803],[86,59,0]],[[10722,35094,0],[87,-40,28542],[36,-15,156029],[5,2,11285],[16,1,75726],[6,-3,13390],[9,-1,8551],[12,-4,18253],[11,-4,18253],[18,-4,12112],[10,-4,39620],[32,-6,18680],[22,-6,0]],[[10986,35010,0],[2,-1,6973],[0,0,6973],[33,-6,93561],[9,40,0]],[[11030,35043,0],[28,-6,0]],[[11058,35037,0],[42,-12,91374],[38,20,76686],[36,-7,214149],[41,-67,0]],[[11215,34971,0],[-46,-88,382237],[-54,-15,73947],[-5,-18,100532],[-32,-7,25526],[-23,-3,8938],[-9,-2,8333],[-11,-1,155281],[4,7,29656],[-4,5,14442],[-1,11,10214],[-3,6,227860],[-24,-17,61085],[-22,-7,21486],[-5,1,7204],[-4,0,30198],[-6,-4,10641],[-7,-1,10269],[-4,-4,20271],[-9,0,7205],[-3,-2,80645],[-1,-3,9978],[-5,-6,38689],[-8,-2,16269],[-4,-4,8971],[-5,-1,8971],[-6,-3,8425],[-10,-5,31703],[-1,-3,8944],[-8,-6,80645],[-11,-5,7748],[-7,-3,19957],[-4,2,30050],[-11,-3,12037],[-2,-2,12037],[-9,-6,8160],[-8,-2,8160],[-2,-3,30050],[-9,1,396901],[-6,-4,9956],[-9,-4,13233],[-8,-1,13233],[-3,-4,18694],[-13,-10,57169],[-1,-5,8591],[-4,-6,29227],[-8,-4,13679],[-1,-5,15119],[-6,-4,8911],[-4,-2,11385],[-4,-4,72601],[-8,-3,12726],[-7,-5,16293],[-4,0,10219],[-6,-4,8343],[-5,-1,14690],[-6,-4,50138],[-5,-8,10479],[1,-2,8230],[-3,-5,50138],[-6,-4,11480],[-13,-11,16035],[-7,-5,8379],[-3,-1,8379],[-6,-5,21838],[-7,-8,21838],[-8,-5,10201],[-9,-3,42636],[-5,-5,7570],[-6,-7,27349],[-6,4,147828],[-6,-8,20607],[7,-2,20607],[-1,-2,7747],[3,-9,14311],[-4,-2,11784],[2,-4,95432],[-26,-14,14142],[-27,-16,0]],[[10598,34586,0],[-22,22,83308],[4,50,83308],[-18,47,11378],[-6,15,31011],[-6,22,0]],[[10550,34742,0],[-33,39,117663],[-4,54,56376],[2,2,9135],[0,6,18637],[-7,3,21716],[-3,4,8759],[-3,10,18425],[-1,13,120560],[-8,5,7812],[-4,1,16325],[-4,5,9092],[-4,1,9092],[-10,8,14058],[-5,3,27963],[-18,16,120560],[2,3,12278],[9,-1,15432],[11,7,22683],[7,-1,17272],[4,2,8684],[4,0,8921],[7,3,0]],[[10722,35094,0],[14,40,108121],[45,-12,108121],[65,25,77580],[60,8,191467],[32,-4,13764],[41,-6,0]],[[10979,35145,0],[45,-5,0]],[[11024,35140,0],[6,-97,0]],[[11288,35467,0],[-13,7,0]],[[11275,35474,0],[-99,57,81981],[-21,19,15124],[-6,3,11853],[-4,7,30118],[-4,1,10348],[-12,9,142927],[-8,0,14053],[-13,4,20658],[-4,5,20658],[-11,-4,77332],[-4,7,25085],[-13,1,9851],[-4,2,28470],[-4,4,7115],[-5,4,8286],[-2,3,33496],[-9,2,15558],[-16,7,24617],[-4,5,9325],[-4,2,0]],[[11028,35612,0],[-15,12,54647],[-58,14,0]],[[10492,34925,0],[-9,105,371218],[-12,-2,18083],[-19,2,74528],[-6,-1,14347],[-24,-12,28659],[-9,-6,11797],[-21,-11,219531],[-48,27,46073],[-65,29,116130],[-20,-10,0]],[[10259,35046,0],[-11,12,7239],[-22,23,9829],[-22,23,0]],[[10308,35269,0],[23,17,34327],[12,6,7958],[26,12,37114],[12,11,9178],[4,3,104718],[17,6,21851],[40,10,30861],[5,5,24340],[20,-1,30861],[9,4,9392],[8,5,89539],[13,17,0]],[[10497,35364,0],[48,13,64532],[27,-8,0]],[[10695,35376,0],[30,15,67279],[101,31,31820],[21,5,25829],[24,11,126288],[7,-6,12944],[10,-5,32293],[1,10,32293],[6,-1,11539],[13,0,0]],[[10908,35436,0],[1,0,6973],[0,0,6973],[23,1,44068],[27,14,0]],[[10959,35451,0],[60,-98,267228],[5,-213,0]],[[11602,35086,0],[-10,9,6978],[-4,2,29078],[-5,14,40852],[-4,2,7499],[-10,6,14884],[-10,8,115051],[-5,11,8368],[-10,18,46569],[-3,19,17223],[-5,17,9900],[-2,10,131972],[-30,29,42982],[-42,50,0]],[[10190,35651,0],[-7,-107,146609],[31,-53,0]],[[9946,35243,0],[-24,19,13251],[-14,9,14666],[-3,6,14666],[-9,2,70035],[-2,4,7552],[-4,1,11202],[-2,6,24390],[3,7,7142],[-1,3,111691],[-4,2,14418],[-37,9,19658],[-7,0,0],[-1,0,0],[-12,-2,36538],[-1,4,11355],[-4,1,7542],[-3,3,18748],[-8,2,14796],[-4,5,36538],[-17,5,15859],[-5,-1,8079],[-5,2,0]],[[10729,35693,0],[-118,-38,33728],[-2,0,6973],[0,0,6973],[-1,0,6973],[0,1,6973],[0,0,0]],[[10608,35656,0],[-6,1,10183],[-7,-1,16374],[-7,2,8859],[-3,3,7061],[-2,-1,43669],[-2,4,9665],[0,8,38708],[-11,2,7588],[-13,4,101458],[3,3,18840],[1,11,11066],[-1,9,79305],[-43,30,101458],[-29,-4,0]],[[11275,35474,0],[-69,12,26295],[-83,13,100178],[-25,3,11518],[-48,5,45026],[-22,1,15662],[-11,-2,10896],[-9,1,0]],[[11008,35507,0],[-57,-9,0]],[[10951,35498,0],[-3,114,0]],[[11215,34971,0],[61,-11,72537],[27,-19,200490],[36,-90,0]],[[10944,34425,0],[-36,-16,15605],[-13,-5,137753],[-15,6,15014],[-18,11,64950],[-13,28,137753],[-47,14,52477],[-33,7,20813],[-51,8,82844],[-23,-5,58119],[-2,6,16159],[-8,10,12173],[-3,6,0],[-1,1,0],[-4,7,9036],[-5,5,19775],[-3,6,12443],[-4,5,7307],[0,4,7167],[-3,3,48981],[-10,2,13662],[-11,7,48981],[-1,3,9918],[-13,18,31329],[-29,30,0]],[[10959,35451,0],[-8,47,0]],[[10497,35364,0],[-29,120,0]],[[10468,35484,0],[-2,9,20297],[-3,44,90231],[2,18,14665],[6,33,31793],[9,35,300274],[-4,7,10085],[0,6,26148],[-11,7,12007],[-1,3,94402],[-10,3,11195],[-3,-2,30961],[-7,6,19352],[-10,5,11433],[-7,0,11433],[-5,4,30961],[-11,0,15175],[-4,3,8645],[-7,1,55323],[-3,7,12456],[-4,0,8850],[-2,3,27536],[-8,-2,9747],[-4,2,21604],[-4,6,0]],[[7647,34377,0],[1,4,7275],[3,5,13895],[7,5,24193],[-2,6,0]],[[7656,34397,0],[6,2,12179],[16,0,27867],[19,-1,10409],[29,-1,0]],[[7726,34397,0],[19,0,27897],[36,8,103159],[15,-30,0]],[[7796,34375,0],[-17,0,24107],[-11,-6,0]],[[7768,34369,0],[-8,-8,16406],[-7,-4,8272],[-4,-1,16406],[-4,-6,0]],[[7745,34350,0],[-12,7,13918],[-8,2,63275],[-43,-1,10968],[-13,0,19022],[-17,-1,0]],[[7652,34357,0],[5,10,11766],[6,5,41520],[-6,3,11479],[-10,2,0]],[[14260,38269,0],[29,40,61854],[22,8,0]],[[14311,38317,0],[29,16,14638],[17,10,29400],[68,36,45715],[58,27,45715],[21,16,0]],[[14504,38422,0],[23,-71,18861],[8,-23,317891],[29,-11,40768],[8,-14,40768],[8,-4,12734],[14,-2,143659],[12,4,8516],[1,2,30303],[1,12,69242],[-13,41,143659],[15,17,49258],[35,10,79994],[24,-13,71388],[6,6,8932],[2,3,25667],[7,3,12204],[14,8,0]],[[14698,38390,0],[1,-11,32536],[8,-11,11488],[9,-14,34973],[35,-63,11323],[10,-21,8460],[5,-7,198388],[74,-93,26131],[26,-36,116103],[23,-17,16557],[27,-19,43802],[12,-11,13416],[11,-12,116103],[1,-5,18384],[-4,-13,10149],[-4,-9,0]],[[14932,38048,0],[-9,-5,13970],[-15,-4,7987],[-7,-3,51474],[-10,-6,6999],[-46,-29,51474],[-28,-12,11619],[-8,-5,11619],[-15,-6,40224],[-18,-13,176508],[-16,4,27461],[-1,5,18073],[-12,6,99711],[-11,-6,23529],[-10,1,15818],[-8,-3,43706],[-24,-15,9224],[-8,-5,0]],[[14686,37952,0],[-6,-3,6973],[-1,-1,38309],[-71,-2,0]],[[14608,37946,0],[-218,211,0]],[[14390,38157,0],[-90,88,84917],[-40,24,0]],[[15401,37892,0],[-150,-36,73483],[-4,-6,6973],[0,-1,6973],[0,0,6973],[0,0,0]],[[15247,37849,0],[-4,-9,15306],[-5,-4,7268],[-4,-6,15306],[-1,-6,25923],[-8,-10,7997],[-4,-2,7997],[-1,-4,43032],[-11,-4,43032],[0,-6,11874],[-4,-8,22755],[-7,-3,23454],[-3,-6,10005],[1,-5,15641],[-5,-7,191635],[-4,0,7520],[-6,-2,15075],[-7,-6,15075],[-14,-4,10188],[-3,-3,10188],[-6,0,73655],[-7,-5,18144],[-11,-14,32607],[-6,-1,9331],[-4,-3,16880],[-2,-5,16880],[-3,-4,7791],[-9,-4,9501],[-2,0,9501],[-5,-6,78657],[-5,-2,10774],[-32,-10,0]],[[15065,37700,0],[-5,84,78162],[-14,33,0]],[[15046,37817,0],[12,28,9229],[0,4,9229],[4,6,175408],[-1,7,16063],[-5,4,7006],[-4,5,16636],[-2,9,48219],[5,9,33716],[-6,26,76908],[-7,16,8188],[-9,20,15285],[-9,19,27406],[-5,12,9407],[-5,14,93557],[-1,9,11347],[-6,42,0]],[[15007,38047,0],[1,9,79180],[12,11,9226],[14,13,17002],[16,14,10677],[14,12,39764],[39,32,12756],[23,19,12756],[8,7,102341],[26,19,20250],[14,10,8748],[21,14,224480],[47,17,32637],[8,6,13331],[13,6,51842],[14,2,9291],[11,2,0]],[[15288,38240,0],[18,3,54222],[43,38,0]],[[15349,38281,0],[23,-23,0]],[[15372,38258,0],[18,-18,85529],[56,-123,0]],[[15446,38117,0],[38,-85,0]],[[15484,38032,0],[-83,-140,0]],[[14260,38269,0],[-167,104,0]],[[14093,38373,0],[-22,62,116275],[-50,23,94554],[-6,33,372840],[30,34,72897],[39,13,104248],[10,22,50752],[26,12,51824],[20,31,155853],[-13,22,0]],[[14127,38625,0],[9,10,0]],[[14136,38635,0],[21,18,103548],[13,5,11929],[20,6,38830],[32,5,8627],[12,1,8627],[9,2,58861],[17,0,7050],[17,0,189773],[10,-11,11595],[6,-4,27242],[11,-4,74194],[24,0,19182],[29,-3,0]],[[14357,38650,0],[62,-59,23866],[9,-2,21532],[5,-10,52122],[14,-14,7017],[2,-3,7017],[3,-1,17019],[16,-18,18966],[7,-7,11247],[10,-10,8751],[4,-5,256850],[3,-5,14161],[0,-7,8859],[1,-6,22602],[4,-4,9543],[3,-7,49341],[28,-30,49341],[7,-13,21258],[-3,-6,135013],[-28,-21,0]],[[15065,37700,0],[6,-9,6977],[5,-7,30703],[10,-3,9856],[5,-4,103544],[16,-47,56943],[1,-38,408774],[-4,-3,11833],[-10,-2,12735],[-15,-5,8533],[-14,-6,38126],[-15,-12,72746],[-56,-13,30733],[-22,-8,190602],[-6,-13,40154],[-22,-24,17995],[-4,-2,10178],[-11,-12,76114],[-15,-8,7189],[-13,-9,10882],[-12,-7,408774],[3,-4,14914],[0,-4,8323],[2,-10,12484],[3,-5,45270],[22,-24,70739],[5,-12,16520],[0,-9,25812],[5,-10,12399],[4,-11,10260],[1,-1,8421],[4,-10,20088],[-1,-3,0]],[[14937,37365,0],[-2,-2,14513],[-18,-18,7710],[-19,-18,51533],[-20,-17,20669],[-19,-10,19128],[-10,-10,93308],[-8,-3,11712],[-8,-6,11712],[-5,-2,9073],[-11,-7,24618],[-15,-5,0]],[[14802,37267,0],[-88,-39,0]],[[14639,37372,0],[-20,372,0]],[[14619,37744,0],[84,3,157094],[145,57,0]],[[14848,37804,0],[17,-22,16461],[0,0,6973],[4,-3,0]],[[14869,37779,0],[12,-9,11718],[3,-4,39713],[-8,-12,66123],[35,-14,160734],[4,-1,7270],[21,-3,32843],[16,-1,12994],[35,0,115377],[78,-35,0]],[[15360,36937,0],[-50,-31,0]],[[14937,37365,0],[4,-11,41991],[9,-1,14843],[10,1,8541],[6,2,41991],[10,-2,15375],[16,-7,22313],[7,-1,7258],[4,0,22888],[26,-10,12037],[2,-2,7359],[3,1,102063],[4,8,7464],[6,7,191449],[3,3,11149],[6,-3,27505],[6,-6,10972],[4,-8,38009],[11,-6,7227],[3,-1,7227],[2,-3,24732],[1,-7,24732],[41,-38,531345],[34,0,32726],[12,5,114216],[3,8,7657],[5,11,64477],[4,3,10778],[14,13,34775],[10,7,10275],[1,-1,10275],[20,11,12857],[3,2,261277],[12,-1,9397],[4,-1,7903],[7,-1,62888],[2,2,8266],[11,7,24049],[19,10,11238],[10,4,62888],[18,3,13697],[12,1,8033],[10,2,39051],[10,4,14244],[28,8,31748],[35,6,173413],[81,-9,0]],[[15486,37375,0],[16,-37,123984],[22,-15,8033],[23,-17,19854],[15,-9,60130],[11,-9,11432],[32,-27,26816],[8,-9,455876],[34,-71,34702],[11,-17,112662],[7,-26,20337],[1,-10,60275],[40,-108,235841],[6,-31,10063],[6,-42,33262],[3,-23,9705],[8,-51,22071],[1,-13,0]],[[15730,36860,0],[-5,7,24627],[-24,16,45297],[-12,5,11204],[-10,6,9290],[-14,6,56782],[-2,16,53628],[-18,0,13037],[-13,2,53628],[-30,17,17116],[-52,28,167923],[-13,29,124924],[-36,3,19353],[-12,-1,47947],[-31,-7,47947],[-13,9,408351],[-11,-6,28784],[-23,-25,57977],[-51,-28,0]],[[15401,37892,0],[29,-106,325705],[229,-215,0]],[[15659,37571,0],[-30,-57,6973],[0,0,0]],[[15629,37514,0],[-24,-46,142515],[-79,-7,200002],[-40,-86,0]],[[13899,38800,0],[-94,48,0]],[[13805,38848,0],[25,42,0]],[[13830,38890,0],[30,48,0]],[[13860,38938,0],[184,-94,86434],[7,3,0]],[[14051,38847,0],[43,23,67751],[11,7,11124],[15,12,18318],[9,5,18318],[36,24,7242],[11,6,7234],[6,5,22137],[26,15,22137],[4,8,19467],[7,1,7417],[4,3,142709],[4,9,20106],[6,5,9477],[6,6,29454],[1,10,110073],[3,3,7389],[3,1,10287],[21,10,26397],[79,38,102666],[3,18,0]],[[14349,39056,0],[34,-36,7255],[24,-25,10716],[23,-26,0]],[[14430,38969,0],[-62,-68,182213],[-9,-30,10078],[-4,-13,34805],[-7,-45,71447],[1,-10,14723],[5,-8,0]],[[14354,38795,0],[-8,-7,41079],[-8,1,11423],[-31,4,118597],[-3,-6,20346],[-13,-36,9795],[-5,-11,187918],[-9,10,14321],[-15,13,32603],[-10,10,9314],[-6,8,17338],[-6,10,240672],[-56,-31,30514],[-19,-13,83552],[-8,-9,19523],[4,-4,55679],[-15,-11,11066],[-36,-24,0]],[[14110,38699,0],[0,-3,9824],[-6,-5,16522],[-7,-1,0]],[[14097,38690,0],[-11,-11,0]],[[14086,38679,0],[-5,-8,0]],[[14081,38671,0],[-14,6,39195],[-22,-8,47312],[-15,10,167172],[-11,64,102829],[-22,20,21114],[-13,16,204098],[-85,21,0]],[[14974,38576,0],[-37,-59,36255],[-12,-12,0]],[[14925,38505,0],[-20,-28,36051],[-18,-13,83185],[-12,-2,23097],[-31,-14,196801],[-136,-8,196801],[-2,-20,22580],[-8,-30,0]],[[14357,38650,0],[4,13,49140],[-27,19,172249],[35,9,21436],[23,8,74188],[14,14,47209],[24,6,10373],[16,4,45434],[8,8,9704],[2,4,217727],[-3,4,9238],[-4,2,24633],[0,5,12634],[-4,11,21109],[-3,1,8764],[-4,6,60887],[-9,0,13638],[-2,3,9170],[-5,0,26152],[-2,7,20874],[-3,3,9543],[-8,0,0]],[[14409,38777,0],[-3,23,0]],[[14406,38800,0],[-9,9,7662],[-4,3,24658],[-10,0,66351],[-29,-17,0]],[[14430,38969,0],[79,-92,251713],[20,11,32819],[15,18,74275],[19,7,8466],[11,4,29740],[18,1,0]],[[14592,38918,0],[39,-8,120239],[127,39,0]],[[14974,38576,0],[-103,55,394174],[-113,318,0]],[[13592,38625,0],[213,223,0]],[[13899,38800,0],[-9,-28,0]],[[13890,38772,0],[-10,-26,20165],[-23,-55,210985],[4,-33,39994],[13,-38,122677],[18,-15,40732],[2,6,27987],[8,-5,13185],[12,-3,281339],[4,-9,9068],[8,-12,53022],[-8,-1,8300],[-4,1,17836],[-3,4,15302],[-4,1,7541],[-6,-1,70488],[-2,-29,27502],[2,-25,9825],[0,-9,150821],[-30,-22,17563],[-29,-19,150821],[0,-46,67032],[7,0,7911],[3,2,24080],[4,-4,7233],[3,-5,0]],[[13859,38429,0],[1,-1,13989],[39,-113,0]],[[13899,38315,0],[-19,-6,0]],[[13880,38309,0],[-103,-31,0]],[[13777,38278,0],[-120,116,247288],[-9,110,247288],[-101,74,0]],[[13547,38578,0],[45,47,0]],[[14127,38625,0],[-33,25,47396],[-4,17,27483],[-9,4,0]],[[15007,38047,0],[-21,-17,15504],[-9,-6,101776],[-8,6,13847],[-1,4,20058],[-14,10,43776],[-7,2,10326],[-15,2,0]],[[15018,38552,0],[-44,24,0]],[[15018,38552,0],[176,-120,0]],[[15194,38432,0],[155,-151,0]],[[14619,37744,0],[-9,168,0]],[[14610,37912,0],[-2,34,0]],[[15046,37817,0],[-26,24,16978],[-1,3,10427],[-6,1,33849],[-12,16,8791],[-4,3,213484],[-35,-13,30960],[-13,-9,73258],[-12,-5,15330],[-15,-2,29360],[-1,3,9126],[-5,3,29360],[-2,-3,13201],[-9,-3,11326],[-3,-3,29360],[-15,-2,20601],[-1,-3,14293],[-10,1,14293],[-3,-3,0]],[[14873,37825,0],[-2,-3,11732],[-23,-18,0]],[[13860,38938,0],[29,50,98391],[0,55,0]],[[13889,39043,0],[0,42,0]],[[13889,39085,0],[104,0,68427],[29,8,134674],[29,-7,6973],[49,-12,0]],[[14100,39074,0],[82,-24,209115],[23,24,106337],[43,11,13119],[26,8,22111],[38,9,0]],[[14312,39102,0],[37,-46,0]],[[14093,38373,0],[-194,-58,0]],[[14312,39102,0],[37,18,64377],[7,23,116247],[40,10,76210],[34,30,67933],[43,16,168187],[3,13,25885],[5,10,12096],[10,17,0]],[[14491,39239,0],[8,15,68292],[85,50,0]],[[14758,38949,0],[-76,214,243862],[-98,141,0]],[[14584,39304,0],[-75,109,0]],[[13889,39085,0],[0,2,0]],[[13889,39087,0],[0,223,0]],[[13889,39310,0],[311,77,299339],[309,26,0]],[[17254,40137,0],[1,24,133106],[-126,95,289069],[-14,69,8934],[-10,50,74598],[-14,33,0]],[[17145,39946,0],[3,15,7598],[16,82,198945],[87,32,175009],[3,62,0]],[[17149,39922,0],[-4,23,6973],[0,1,0]],[[16893,39856,0],[204,37,157086],[52,29,0]],[[16326,39763,0],[241,75,338341],[326,18,0]],[[16326,39763,0],[-16,44,89134],[-56,67,186532],[-103,253,174892],[-43,56,0]],[[16108,40183,0],[-33,41,99399],[10,40,192398],[44,10,73504],[23,-16,37819],[6,2,6973],[0,0,6973],[6,1,0]],[[16164,40261,0],[5,9,32383],[16,-1,19433],[2,-4,32383],[59,13,94398],[54,-8,244064],[50,21,59059],[44,24,13152],[66,34,31173],[20,9,244064],[42,13,7459],[28,9,13230],[44,14,106729],[123,24,26167],[15,3,223823],[71,25,34078],[90,34,74877],[35,23,49354],[30,8,0]],[[16958,40511,0],[61,-17,14352],[71,-20,7291],[29,-9,0]],[[17091,40408,0],[-6,8,55561],[34,49,0]],[[13978,40151,0],[351,156,0]],[[14329,40307,0],[85,-161,0]],[[14414,40146,0],[27,-50,8712],[8,-16,15046],[29,-53,361334],[-13,-31,98000],[-16,-14,11425],[-50,-50,54658],[-21,-15,7191],[-8,-6,54658],[-6,-13,12448],[-1,-9,386100],[6,-6,31217],[11,-2,11150],[14,1,141554],[0,-12,19747],[5,0,7521],[4,-3,12473],[-3,-2,22721],[-1,-14,53780],[5,-4,9187],[0,-3,9014],[3,-2,21166],[0,-6,13956],[6,-5,13596],[-1,-4,25968],[5,-1,10561],[-1,-3,8675],[4,-2,57931],[-2,-15,31356],[4,-11,8899],[3,-4,8899],[2,-7,40584],[16,-10,40584],[-6,-14,0]],[[14437,39760,0],[-33,-13,7291],[-34,-13,7355],[-68,-26,79871],[-23,-6,10344],[-26,-8,22695],[-45,-14,9254],[-10,-3,590069],[-7,4,29035],[-33,43,66694],[-34,31,11172],[-42,38,66694],[16,15,46366],[-6,17,66694],[-27,-7,142967],[-12,12,35271],[-27,9,38864],[-24,20,0]],[[14002,39859,0],[-5,4,0]],[[13997,39863,0],[-16,13,0]],[[13981,39876,0],[0,0,6973],[-5,4,6973],[-10,8,0]],[[13966,39888,0],[-8,6,0]],[[13958,39894,0],[-29,16,68864],[-19,38,177202],[-39,156,0]],[[13871,40104,0],[107,47,0]],[[16322,41555,0],[-125,-49,0]],[[16322,41555,0],[74,-161,214030],[107,-107,201115],[42,-107,381365],[42,-15,111394],[83,-66,89094],[1,-17,0]],[[16671,41082,0],[-14,-94,196042],[47,5,141754],[-2,-37,60497],[16,-35,0]],[[16718,40921,0],[-152,-54,88859],[-54,-38,74789],[-28,-1,0]],[[16484,40828,0],[3,35,0]],[[16487,40863,0],[-12,22,24025],[-12,21,9068],[-21,31,52906],[-17,18,158558],[-13,-5,9863],[-11,-4,23460],[-16,-2,222540],[-21,50,7622],[-11,27,89157],[-47,69,379341],[-44,30,129586],[-26,-7,40840],[-31,-20,326385],[-63,70,8731],[-49,55,74704],[-47,61,0]],[[16046,41279,0],[-2,3,26243],[-66,140,0]],[[16197,41506,0],[-219,-84,0]],[[17025,41190,0],[3,-88,284414],[-13,-7,32422],[-20,-3,11677],[-13,-1,80230],[-23,5,21215],[-11,6,12842],[-9,3,172225],[-5,9,30075],[-26,22,40342],[-3,12,23221],[-11,11,88284],[-29,5,284414],[-49,-32,8671],[-82,-54,147643],[-41,2,0]],[[16693,41080,0],[-3,1,6973],[0,0,6973],[-19,1,0]],[[16822,41747,0],[-500,-192,0]],[[16866,41577,0],[-44,170,0]],[[16990,41442,0],[-12,6,35242],[-59,49,55910],[-24,11,164398],[-2,7,11464],[-3,1,8638],[-1,4,11464],[-13,27,9164],[0,6,9164],[-3,1,32008],[-2,9,7306],[-1,6,10641],[-4,8,0]],[[17025,41190,0],[-1,48,52594],[-9,28,7278],[-2,6,149621],[4,5,18649],[0,9,7655],[-2,3,18649],[2,11,8954],[4,10,7959],[0,3,44835],[6,8,11417],[5,4,87400],[8,83,13101],[0,8,260666],[-50,26,0]],[[17264,40841,0],[18,43,78136],[44,47,138584],[1,54,228281],[79,38,734439],[22,52,7315],[2,5,138948],[-69,-22,138948],[-61,68,14611],[-5,4,8490],[-6,8,109693],[-5,9,22936],[-10,37,476792],[-41,-26,50678],[-28,-8,227135],[-83,43,160752],[-16,-8,64685],[-81,5,0]],[[17119,40465,0],[88,127,159320],[60,38,429249],[-5,65,72738],[3,87,50131],[-8,42,50131],[7,17,0]],[[16958,40511,0],[-34,11,39991],[-51,23,83614],[-64,33,16245],[-60,32,0]],[[16749,40610,0],[49,10,7671],[39,8,147606],[26,48,435586],[-36,82,38200],[-21,43,151302],[-22,34,16365],[-11,14,58586],[-12,12,13777],[-10,11,7517],[-4,5,12411],[-13,13,0]],[[16734,40890,0],[-2,2,6973],[-1,1,6973],[-1,1,6973],[0,0,18768],[-12,27,0]],[[15377,41101,0],[347,-175,165935],[58,-6,135313],[14,-18,42151],[14,-40,165935],[97,-26,97139],[55,-32,0]],[[15962,40804,0],[-58,-31,121447],[-13,-43,87040],[-40,-29,0]],[[15851,40701,0],[-67,-50,0]],[[15784,40651,0],[-41,-30,111736],[-96,-19,0]],[[15647,40602,0],[-69,-13,142572],[-371,-21,0]],[[15207,40568,0],[-178,-10,208690],[-58,39,0]],[[14971,40597,0],[406,504,0]],[[15140,39955,0],[-77,69,104994],[-20,42,240274],[55,40,300213],[-16,22,29536],[-10,5,106849],[-55,133,117187],[-53,72,117187],[1,44,160559],[-42,61,75063],[-54,103,0]],[[14869,40546,0],[102,51,0]],[[15207,40568,0],[26,-91,255628],[99,-62,173114],[77,21,173114],[-1,-45,66949],[-24,-23,37531],[6,-5,0]],[[15390,40363,0],[11,-6,10516],[6,-2,8313],[5,-4,41384],[1,-3,6981],[2,-12,130567],[-8,-3,13317],[-46,-25,18248],[-20,-9,229648],[-2,-7,27845],[6,-44,41366],[9,-44,138021],[-11,-59,33452],[-10,-41,0]],[[15333,40104,0],[-21,-5,36829],[-92,-33,197071],[0,1,13302],[-6,-38,27861],[4,-10,27861],[-4,-3,8779],[-6,-8,93402],[-10,-3,18658],[-7,-5,8888],[-11,-6,0]],[[15180,39994,0],[-3,-4,15140],[-37,-35,0]],[[14658,39500,0],[22,13,63921],[86,18,0]],[[14658,39500,0],[-61,90,34662],[0,0,6973],[0,2,0]],[[14597,39592,0],[15,38,100442],[5,134,8508],[0,0,0]],[[14617,39764,0],[-11,25,158311],[90,26,15532],[24,7,8173],[42,12,0]],[[14762,39834,0],[19,4,0]],[[14781,39838,0],[15,-60,103456],[-5,-104,248129],[55,-53,131229],[17,-70,0]],[[14766,39531,0],[97,20,0]],[[14537,40398,0],[111,-211,145889],[63,-88,377760],[-19,-89,254444],[27,-14,83821],[38,-66,155823],[24,-92,0]],[[14617,39764,0],[-2,-20,19331],[-4,-12,64645],[-10,-9,22881],[-16,-7,145931],[-9,1,15402],[-16,5,20049],[-21,3,80861],[-8,-6,9011],[-12,-11,38492],[-16,-1,238970],[-7,14,29529],[-14,7,66030],[-44,8,93137],[-1,8,15409],[-5,0,28015],[5,16,0]],[[14329,40307,0],[208,91,0]],[[15647,40602,0],[24,-104,0]],[[15671,40498,0],[5,-8,17205],[12,-29,32373],[7,-18,11495],[2,-11,84256],[2,-12,9500],[4,-27,21572],[2,-26,107980],[22,-39,78952],[18,-62,12389],[13,-44,0]],[[15758,40222,0],[-57,-13,46629],[-29,-11,16293],[-11,-5,47932],[-43,-9,26461],[-25,-8,0]],[[15593,40176,0],[-60,-15,0]],[[15533,40161,0],[-19,-4,9770],[-80,-19,82165],[-83,-31,41638],[-18,-3,0]],[[15784,40651,0],[55,-63,304514],[14,-171,214549],[45,-70,167582],[-18,-44,134862],[35,-90,682077],[41,-35,74590],[23,-44,104180],[29,-5,279289],[60,27,52617],[40,27,0]],[[16221,39731,0],[105,32,0]],[[16191,39721,0],[3,1,9302],[27,9,0]],[[16191,39721,0],[-19,32,0]],[[16172,39753,0],[-13,13,80378],[-18,6,7913],[-61,20,56725],[-38,6,181031],[-124,-1,284862],[-20,24,40005],[-20,38,0]],[[15878,39859,0],[-5,15,7490],[-21,66,15841],[-6,19,49276],[-19,73,129814],[-15,41,12587],[-11,29,29182],[-9,20,78911],[-22,24,129814],[-4,28,9505],[-8,48,0]],[[16749,40610,0],[-199,29,260074],[-38,64,11312],[-1,0,0]],[[16511,40703,0],[-1,0,19125],[-5,37,7770],[-2,10,23477],[-7,29,72896],[-16,16,0]],[[16480,40795,0],[4,33,0]],[[15235,39612,0],[107,10,0]],[[14974,39573,0],[116,24,101596],[145,15,0]],[[14863,39551,0],[111,22,0]],[[14537,40398,0],[312,137,48433],[20,11,0]],[[15140,39955,0],[137,-121,349722],[74,-148,186846],[-9,-64,0]],[[15342,39622,0],[129,-74,75032],[12,1,0]],[[15333,40104,0],[-1,-18,46109],[11,-26,24346],[8,-9,75692],[-4,-9,11073],[-4,-5,8456],[-4,-9,27901],[3,-6,149426],[49,-18,149426],[24,-66,8651],[1,-5,80413],[7,-10,12914],[5,-3,16388],[0,-4,7693],[5,-6,18585],[4,-3,11027],[7,-9,80413],[1,-8,9184],[2,-3,12459],[12,-33,41025],[11,-19,26938],[15,-36,279630],[25,-7,18335],[16,-7,46063],[17,-15,0]],[[15543,39770,0],[23,-31,135002],[0,-9,22990],[-4,-5,8426],[-6,-6,45523],[-3,-41,62605],[-18,-34,0]],[[15535,39644,0],[3,-93,0]],[[15483,39549,0],[55,2,0]],[[15538,39551,0],[299,9,0]],[[15543,39770,0],[6,2,15145],[62,30,17973],[14,8,9401],[19,10,17973],[11,4,152758],[10,-2,35750],[5,-15,11225],[5,-9,152758],[20,4,27228],[20,3,9204],[7,1,12549],[13,2,8109],[10,1,8109],[29,4,129068],[95,43,10518],[9,3,0]],[[16075,39661,0],[116,60,0]],[[15837,39560,0],[46,2,158061],[192,99,0]],[[13730,39468,0],[-55,54,225956],[-215,53,0]],[[13460,39575,0],[-146,36,0]],[[13314,39611,0],[-17,4,0]],[[13297,39615,0],[-86,71,0]],[[13211,39686,0],[118,263,0]],[[13329,39949,0],[542,155,0]],[[14509,39413,0],[149,87,0]],[[13889,39310,0],[-159,158,0]],[[15851,40701,0],[61,-69,242553],[102,-27,153356],[2,27,83251],[44,1,6973],[0,0,0]],[[16060,40633,0],[61,-3,120674],[17,3,25798],[8,2,7888],[10,4,12109],[13,3,12109],[24,8,30366],[10,1,19581],[56,14,252300],[87,-41,373455],[60,22,74282],[41,31,89804],[9,-8,50651],[43,7,7092],[2,1,89804],[7,22,16392],[3,4,0]],[[13281,37516,0],[33,11,58788],[16,-12,160128],[14,20,14494],[11,16,9127],[0,0,50384],[24,53,160128],[14,-1,53886],[56,31,255016],[14,17,12974],[48,54,67377],[35,27,146497],[2,21,23353],[-4,15,0]],[[13544,37768,0],[17,-3,10585],[0,1,55475],[55,27,64321],[1,-6,43548],[49,13,64321],[53,22,297819],[6,6,10454],[8,5,26881],[3,9,8502],[2,4,80476],[9,2,20737],[14,11,38803],[26,27,38803],[72,58,9800],[16,13,0]],[[13875,37957,0],[0,-8,10287],[1,-49,121176],[33,-41,7022],[11,-13,189772],[49,15,0]],[[13969,37861,0],[6,-131,87721],[3,2,19467],[11,-17,87721],[-2,-25,16790],[1,-16,47995],[-11,-42,293365],[-27,-6,41482],[2,8,29514],[-10,-3,15082],[-9,2,91047],[3,-10,10589],[3,-17,43444],[13,-6,91047],[-17,-29,7231],[-5,-6,21700],[-7,-16,68394],[-5,-30,14713],[-1,-7,565011],[16,-37,14351],[5,-8,14351],[3,-13,49693],[0,-4,9978],[-4,-1,20868],[4,-12,141269],[4,0,10403],[4,-5,10403],[3,0,7303],[4,-3,27628],[-1,-3,8608],[3,-3,14784],[7,-2,14784],[10,-11,62026],[1,-6,17440],[5,-7,8200],[6,-7,23636],[-1,-2,9325],[2,-7,47324],[2,0,7046],[4,-5,7046],[5,-4,18449],[1,-5,7797],[3,-4,18449],[6,0,267028],[1,-7,9270],[3,-3,9006],[0,-6,27006],[-4,0,10711],[3,-4,10711],[-4,-8,32313],[4,-3,11966],[2,-10,79769],[-2,1,8024],[-6,-5,9358],[-6,-2,22344],[-3,-5,12446],[-6,-1,10713],[-1,-4,157242],[5,-9,12039],[3,-8,19665],[6,-5,19665],[1,-6,12481],[4,-2,12481],[3,-9,10518],[5,-7,81923],[2,-5,8538],[-2,-6,20719],[-6,-9,58721],[0,-5,8180],[3,-5,14701],[5,-5,21265],[-1,-7,21586],[4,-4,11717],[2,-10,11717],[3,-2,0]],[[15962,40804,0],[36,-84,506737],[214,40,90483],[159,36,136915],[46,29,101587],[67,3,0]],[[15978,41422,0],[-272,-106,368987],[-254,-166,8142],[-75,-49,0]],[[14390,38157,0],[-39,-35,6973],[-1,0,0]],[[14350,38122,0],[-39,-34,44452],[-14,-10,10021],[-62,-46,219832],[-23,-43,19690],[-5,-13,87709],[-18,-23,38856],[-21,-14,36162],[-4,-4,8758],[-13,-18,78876],[-12,-25,20301],[3,-1,8391],[-2,-4,341254],[-4,-2,10597],[-35,-13,14616],[-21,-9,31219],[-53,-20,17002],[-8,-4,9080],[-8,-2,0]],[[14011,37837,0],[-33,27,44563],[-9,-3,0]],[[13875,37957,0],[0,7,10611],[2,7,41140],[16,12,16330],[5,1,86621],[17,35,16346],[7,12,21792],[6,16,12128],[6,10,54684],[6,17,14644],[5,21,241387],[-1,9,20939],[-23,86,0]],[[13921,38190,0],[-41,119,0]],[[13079,37816,0],[13,15,0]],[[13092,37831,0],[228,188,0]],[[13320,38019,0],[46,-48,10121],[0,0,6973],[2,-2,0]],[[13368,37969,0],[14,0,25779],[7,-3,9657],[3,-4,90385],[3,-9,14826],[-1,-13,29205],[4,-6,7799],[1,-7,14153],[1,-9,14153],[2,-6,6997],[5,-9,14050],[-1,-4,164195],[5,-6,9652],[4,-1,14831],[5,-5,7481],[9,-10,31504],[11,-7,9333],[6,-1,70388],[19,-27,31688],[4,-2,7963],[6,-4,22285],[3,-11,22285],[15,-15,70388],[5,-2,12382],[31,-21,42373],[3,-6,9540],[12,-13,0]],[[13230,37511,0],[-57,52,237032],[-29,66,102623],[-1,4,11560],[-4,30,48230],[4,9,9067],[2,8,7032],[2,4,173813],[6,5,10855],[6,3,33006],[13,1,15664],[9,-2,45841],[5,11,173813],[-40,49,21988],[-26,33,44775],[-9,8,8082],[-5,4,0]],[[13106,37796,0],[-27,20,0]],[[14173,37243,0],[-4,3,9663],[0,4,11116],[-7,15,32565],[2,3,8504],[-1,6,9720],[2,2,32565],[-2,9,10250],[-7,30,62922],[-12,34,9573],[-3,8,18650],[-7,10,7639],[-2,5,16880],[0,4,396237],[15,1,12992],[8,-1,31635],[7,4,7022],[2,3,41994],[17,7,10381],[12,4,18281],[4,-1,18281],[5,4,10549],[6,1,10549],[9,4,159216],[13,29,91973],[22,13,29582],[49,35,502508],[-14,23,40650],[1,6,16914],[6,4,7813],[1,2,40650],[-6,1,13033],[-2,5,19361],[-6,-2,13464],[-5,3,40650],[-3,6,8522],[-2,6,12618],[-5,7,9854],[-3,6,69930],[-11,5,32591],[-2,6,8419],[-5,4,7853],[-1,3,13024],[-5,5,10623],[-4,7,275684],[2,5,7924],[1,-1,7924],[5,4,17575],[7,1,27226],[3,9,23387],[9,3,13705],[5,7,69517],[11,2,13275],[11,0,11636],[2,2,8207],[4,-1,42732],[4,4,8903],[7,11,31712],[12,0,231956],[2,4,12171],[3,2,7418],[4,1,12171],[5,5,8545],[8,6,31071],[3,7,12714],[6,6,7688],[5,7,87763],[-1,3,7066],[0,14,10089],[1,10,47282],[14,24,153275],[-17,23,10830],[-8,11,275684],[-9,-1,11452],[-25,-7,27561],[-11,-4,7859],[-16,-6,58923],[-8,-5,8591],[-11,-6,15975],[-23,-12,9554],[0,0,0]],[[14240,37704,0],[8,8,8714],[20,22,56341],[14,9,13451],[12,9,7153],[9,7,19092],[17,11,135797],[38,21,14507],[14,7,13795],[11,7,13795],[10,6,8473],[18,9,12827],[6,2,10644],[8,7,30500],[7,1,12950],[13,8,93420],[7,10,21507],[12,11,12972],[11,9,49561],[6,3,8596],[16,7,13043],[8,5,0]],[[14505,37883,0],[37,26,97261],[68,3,0]],[[12844,37568,0],[10,3,8050],[10,5,17070],[4,4,68730],[3,7,10018],[0,7,8583],[2,5,19421],[-2,11,19421],[2,5,8703],[3,3,136171],[10,-1,8988],[7,0,22004],[8,4,8849],[6,1,65368],[9,6,11264],[11,5,13232],[8,5,38652],[10,14,11540],[5,3,38652],[5,-8,24285],[8,7,160217],[7,13,18353],[-3,1,9291],[1,4,26527],[10,14,26772],[-1,7,18427],[7,12,0]],[[12984,37705,0],[95,111,0]],[[12997,37307,0],[-17,33,79642],[-38,39,45310],[-24,16,206102],[-25,62,50752],[-23,41,61446],[-2,23,53817],[-5,11,9481],[-2,2,9481],[-4,9,24498],[-9,9,31475],[-4,16,0]],[[13320,38019,0],[144,118,0]],[[13464,38137,0],[186,60,209643],[127,81,0]],[[12675,37943,0],[-1,1,6973],[0,0,13877],[-136,50,0]],[[12538,37994,0],[83,57,0]],[[12621,38051,0],[178,124,0]],[[12799,38175,0],[113,78,208508],[231,94,0]],[[13143,38347,0],[22,-47,109307],[-12,-66,0]],[[13153,38234,0],[-1,-7,20022],[10,-2,83705],[-5,-23,12400],[-17,-89,386464],[-53,-16,112973],[-16,-46,164886],[-41,-2,12325],[-28,0,73385],[-13,-5,20268],[-13,-10,250342],[-19,-51,26435],[-11,-25,109471],[-35,-20,0]],[[12911,37938,0],[-1,-5,7314],[-16,-63,211606],[-25,-20,31308],[-13,-14,7842],[-3,-1,7715],[-2,-5,14418],[-5,-3,7261],[-4,-5,63900],[-5,-16,31904],[-3,-3,8091],[-6,-5,13453],[-5,-1,31904],[-31,-35,122299],[-12,-5,19278],[-32,-18,0]],[[12748,37739,0],[-21,46,33703],[-6,21,100146],[5,53,158482],[-20,24,48499],[-2,8,8731],[-1,11,12444],[-2,9,54834],[3,4,16480],[-7,5,16480],[0,3,8952],[-5,5,8952],[-6,9,36897],[-8,4,7866],[-3,2,0]],[[13143,38347,0],[99,40,0]],[[13242,38387,0],[57,-103,222117],[116,-95,85900],[49,-52,0]],[[13092,37831,0],[-28,21,0]],[[13064,37852,0],[-13,6,9098],[-23,11,26917],[-17,4,86886],[-83,54,7608],[-17,11,0]],[[14011,37837,0],[8,-15,7440],[3,-7,48331],[-4,-16,29957],[4,-19,111457],[4,-7,7438],[14,-22,49168],[8,-7,9403],[21,-16,320311],[13,-6,18058],[5,1,7325],[6,-1,28510],[7,-3,10082],[8,-5,15163],[9,-3,71588],[2,-6,16796],[10,-10,8303],[4,-4,36753],[7,-2,8369],[5,-3,15509],[2,-6,15509],[7,0,189814],[8,7,10204],[8,10,79069],[9,-2,16502],[6,2,7500],[12,0,30837],[18,5,8121],[12,3,26655],[10,0,7581],[3,-1,0]],[[11989,37375,0],[77,-9,305462],[51,20,72966],[0,18,82121],[35,19,42918],[39,14,196417],[64,-5,15166],[16,-2,196417],[62,37,86995],[42,5,92246],[39,21,48169],[12,17,92246],[21,2,25346],[15,6,18785],[14,2,0]],[[12476,37520,0],[15,19,77704],[32,15,39307],[25,7,19321],[24,9,77704],[36,27,196333],[42,-25,0]],[[12650,37572,0],[6,-11,64058],[28,0,9052],[34,0,132400],[14,-13,8161],[0,-1,16231],[29,-28,21604],[8,-9,260317],[5,5,10810],[7,5,10810],[5,6,8728],[3,2,39790],[7,0,20322],[13,11,20322],[5,0,8388],[5,3,54175],[3,4,8497],[0,5,16705],[3,4,8405],[3,1,28034],[8,-3,28034],[3,5,8071],[1,6,9688],[4,4,0]],[[12077,37202,0],[-103,48,98369],[-49,37,11061],[-10,7,0]],[[11915,37294,0],[37,64,102489],[37,17,0]],[[12650,37572,0],[1,65,67604],[-11,95,319435],[99,2,51949],[9,5,0]],[[13242,38387,0],[15,115,0]],[[13257,38502,0],[175,46,0]],[[13432,38548,0],[115,30,0]],[[7979,34296,0],[23,-1,0]],[[8002,34295,0],[-1,-14,11735],[2,-5,0]],[[8003,34276,0],[3,-4,7452],[2,-7,20975],[8,-3,20975],[7,-7,12991],[2,-5,9958],[4,-5,0]],[[8029,34245,0],[41,-21,52003],[-2,-10,0]],[[8068,34214,0],[3,-3,0]],[[8071,34211,0],[6,1,8519],[3,-2,38396],[3,-8,11672],[3,-2,16194],[8,-20,69873],[-10,-12,27097],[1,-12,78867],[27,-36,114813],[30,-120,0]],[[8142,34000,0],[-178,-39,0]],[[7964,33961,0],[-29,116,96418],[8,20,0]],[[7943,34097,0],[1,3,8072],[6,9,10078],[2,0,30316],[0,17,0]],[[7952,34126,0],[1,13,11330],[-1,18,48652],[13,13,79282],[-7,24,35476],[1,24,11087],[-1,9,0]],[[7958,34227,0],[-7,28,0]],[[7951,34255,0],[6,14,27302],[22,27,0]],[[7553,34365,0],[32,0,18672],[3,-2,0]],[[7588,34363,0],[8,-5,7974],[4,-1,28343],[1,-4,11728],[-2,-7,48365],[6,-3,14219],[6,-7,26850],[8,-4,16290],[2,5,33555],[6,-10,8361],[1,-5,8361],[3,-2,29881],[-1,-6,16926],[9,4,13302],[0,3,0]],[[7639,34321,0],[5,-1,7473],[7,1,16045],[13,-3,0]],[[7664,34318,0],[-4,-22,33307],[-1,-52,164850],[10,-23,66584],[48,-35,0]],[[7717,34186,0],[-235,-30,0]],[[7482,34156,0],[-27,-44,133595],[-49,33,0]],[[7406,34145,0],[135,118,234427],[19,40,74061],[-13,4,56492],[0,6,9452],[-2,3,21926],[7,4,21926],[0,13,20277],[4,5,13080],[1,7,0]],[[7557,34345,0],[-4,20,0]],[[7879,34314,0],[-8,5,23429],[-13,0,12541],[-11,2,27183],[-15,7,59637],[-11,-2,11288],[-22,-2,0]],[[7799,34324,0],[1,4,8898],[-4,0,8898],[0,5,0]],[[7796,34333,0],[-3,1,6973],[-11,4,58760],[14,37,0]],[[7796,34375,0],[29,0,74109],[14,14,23961],[14,18,0]],[[7853,34407,0],[30,-18,48146],[60,-25,0]],[[7943,34364,0],[-14,-29,33653],[-8,-5,0]],[[7921,34330,0],[-6,1,0]],[[7915,34331,0],[-5,-3,7926],[-1,-2,20792],[-16,-1,28006],[-5,-8,19201],[-2,0,7346],[-7,-3,0]],[[8002,34295,0],[50,-2,59855],[21,-13,95516],[25,8,32672],[28,2,0]],[[8126,34290,0],[2,-12,6973],[0,0,6973],[0,-1,0]],[[8128,34277,0],[-1,-3,13024],[2,-36,73998],[15,-3,26048],[9,-10,73998],[4,-11,13350],[7,-35,0]],[[8164,34179,0],[0,-1,6973],[44,-163,0]],[[8208,34015,0],[-66,-15,0]],[[7670,34485,0],[21,-1,0]],[[7691,34484,0],[44,-3,0]],[[7735,34481,0],[108,-67,0]],[[7843,34414,0],[10,-7,0]],[[7656,34397,0],[-11,3,0]],[[7645,34400,0],[-2,3,0]],[[7643,34403,0],[-13,8,50607],[14,9,23314],[19,4,80080],[3,14,24161],[4,47,0]],[[7879,34314,0],[0,-8,7664],[-2,-9,47983],[-4,0,18260],[-7,-4,10050],[-5,-5,14998],[-7,-3,58611],[-1,-9,21619],[8,-6,0]],[[7861,34270,0],[7,-7,19802],[4,-12,70490],[-5,-8,7975],[-4,-4,11807],[-1,-5,11807],[-6,-6,33960],[-12,-6,0]],[[7844,34222,0],[-16,-7,8871],[-22,-10,76272],[-24,14,14694],[-1,-1,0]],[[7781,34218,0],[-21,4,116424],[14,39,11181],[15,36,24404],[5,25,24404],[5,2,0]],[[6954,34385,0],[156,65,0]],[[7110,34450,0],[171,-57,225047],[111,14,0]],[[7392,34407,0],[57,6,0]],[[7449,34413,0],[36,-58,31644],[-1,-3,0]],[[7484,34352,0],[-1,-2,10171],[-3,-34,137826],[-101,-153,0]],[[7379,34163,0],[-108,71,130096],[-18,38,210020],[-84,15,0]],[[7169,34287,0],[-36,-26,41670],[-2,-10,113907],[-101,-39,0]],[[7030,34212,0],[-76,173,0]],[[7951,34255,0],[-28,13,24767],[-4,6,0]],[[7919,34274,0],[-8,4,21926],[-7,-2,12616],[0,-4,29119],[-3,0,7934],[-6,5,22677],[-5,0,7911],[-6,-1,12572],[-8,2,48797],[-10,-5,8426],[-5,-3,0]],[[7943,34364,0],[53,-21,130271],[-20,-26,53076],[3,-21,0]],[[7406,34145,0],[-27,18,0]],[[7449,34413,0],[27,18,0]],[[7476,34431,0],[39,-55,98422],[38,-11,0]],[[7952,34126,0],[-64,1,57785],[-17,9,199726],[-4,7,12628],[-3,11,30541],[-1,20,12797],[-2,8,43823],[-5,4,11089],[-4,-2,10662],[-2,4,43823],[1,4,8381],[4,4,14107],[1,7,11814],[4,7,78567],[-8,-1,25927],[-8,13,0]],[[7645,34400,0],[-7,-2,20570],[-37,2,37392],[-80,-5,182892],[-32,44,0]],[[7489,34439,0],[84,54,0]],[[7573,34493,0],[97,-8,0]],[[7215,33971,0],[-14,13,0]],[[7201,33984,0],[-18,16,0]],[[7183,34000,0],[-79,74,0]],[[7104,34074,0],[-24,23,38104],[-7,17,0]],[[7073,34114,0],[-43,98,0]],[[7482,34156,0],[130,-78,149914],[7,-11,18321],[16,-32,0]],[[7635,34035,0],[2,-3,14483],[61,-148,0]],[[7698,33884,0],[-185,-69,0]],[[7513,33815,0],[-199,80,0]],[[7314,33895,0],[-33,13,0]],[[7281,33908,0],[-35,33,0]],[[7246,33941,0],[-31,30,0]],[[7588,34363,0],[2,3,19760],[5,1,7002],[3,-1,9944],[3,2,9944],[11,1,19760],[24,8,27107],[11,0,0]],[[7652,34357,0],[-5,-10,16296],[-9,-9,10544],[-1,-3,40968],[2,-14,0]],[[7664,34318,0],[23,2,57404],[26,13,14933],[4,1,12180],[12,6,7256],[5,2,28505],[11,8,0]],[[7781,34218,0],[-12,-4,7400],[-8,-4,15943],[-20,-6,44639],[-14,-9,14975],[-10,-9,0]],[[7476,34431,0],[13,8,0]],[[8136,34291,0],[62,4,0]],[[8198,34295,0],[36,3,47056],[6,-10,0]],[[8240,34288,0],[29,-44,153233],[-39,-77,153233],[-6,-149,0]],[[8224,34018,0],[-16,-3,0]],[[8126,34290,0],[10,1,0]],[[7964,33961,0],[-142,-31,125128],[-124,-46,0]],[[8419,33535,0],[29,-155,206699],[66,-102,0]],[[8514,33278,0],[-75,-6,34074],[-10,4,16136],[-7,-2,0]],[[8422,33274,0],[-58,-23,67079],[-71,-42,317472],[-88,-14,71504],[-94,-6,151466],[-99,10,0]],[[8012,33199,0],[11,8,27911],[5,17,91940],[-5,29,38896],[-14,30,277217],[6,0,23314],[26,16,66443],[14,25,44853],[25,19,137083],[20,2,33325],[19,11,33325],[41,11,626093],[2,33,51609],[-11,25,161389],[-45,48,57030],[-24,31,11630],[-10,11,32986],[-11,19,272291],[1,17,62386],[25,12,46099],[17,23,272291],[-8,24,61058],[-43,47,61626],[-21,41,221115],[-4,50,65747],[13,48,37694],[-4,6,617316],[12,9,15970],[12,5,15970],[34,21,141502],[20,-6,43299],[28,7,54323],[24,-10,25186],[9,1,0]],[[8176,33829,0],[104,-6,0]],[[7279,32777,0],[12,-15,16672],[12,-18,40082],[14,-8,87607],[23,9,207637],[-2,-22,14695],[-6,-67,7351],[-3,-1,7351],[3,-1,7351],[-1,-22,0]],[[7331,32632,0],[-1,-14,0]],[[7330,32618,0],[-40,11,11523],[-7,1,32326],[-2,-4,11755],[-4,2,32326],[-14,2,9638],[-19,4,13523],[-19,3,7144],[-8,2,104990],[-11,4,9402],[-8,4,24167],[-23,16,0]],[[7255,33283,0],[-15,6,50433],[-8,8,7133],[-8,8,12036],[-5,6,7039],[-4,4,28457],[-4,9,7394],[-3,5,15426],[-2,-1,8452],[-2,4,0]],[[7204,33332,0],[-2,5,6973],[-1,1,34136],[-67,76,0]],[[7134,33414,0],[30,24,0]],[[7164,33438,0],[87,69,0]],[[7251,33507,0],[59,-68,0]],[[7310,33439,0],[5,-6,23198],[62,-94,0]],[[7377,33339,0],[-20,-3,30526],[-41,-14,90762],[-32,-20,8346],[-5,-3,24098],[-10,-3,24098],[-14,-13,0]],[[8514,33278,0],[15,-173,394179],[124,-103,229476],[44,-107,0]],[[8697,32895,0],[-63,-23,0]],[[8634,32872,0],[-24,-13,26612],[-36,-17,16719],[-28,-12,92762],[-31,-10,35640],[-43,-8,148901],[-20,-11,19570],[-16,-12,44985],[-18,-19,17987],[-18,-15,44985],[-16,-6,148901],[-15,0,11151],[-15,1,23404],[-14,4,91763],[-8,-3,16107],[-10,-10,25682],[-11,-6,10587],[-15,-7,0]],[[8296,32728,0],[-13,-4,19981],[-17,1,0]],[[8266,32725,0],[-11,12,12644],[-18,17,13675],[-17,19,46655],[-10,18,146217],[-1,26,20122],[-4,24,67377],[-8,19,11793],[-11,22,261297],[-13,15,18980],[-17,14,38005],[-13,17,19596],[-12,13,7458],[-11,10,14716],[-7,9,74935],[0,12,107646],[-67,55,67845],[-18,8,45804],[-2,20,426588],[18,29,74745],[-21,17,74745],[-10,56,49109],[-4,37,28799],[3,5,0]],[[7367,32595,0],[12,-5,11046],[3,1,11046],[19,-7,0]],[[7401,32584,0],[7,-2,8838],[9,-5,75595],[0,-2,11568],[-10,-5,23745],[-4,-10,15318],[-8,-10,46960],[-6,-2,9854],[-6,-5,9854],[-12,-6,0]],[[7371,32537,0],[-4,6,9189],[3,-1,11208],[-5,13,0]],[[7365,32555,0],[1,1,0]],[[7366,32556,0],[2,2,0]],[[7368,32558,0],[1,2,12150],[1,19,26989],[-3,12,10403],[0,4,0]],[[6749,33071,0],[72,-38,0]],[[6821,33033,0],[33,-7,107445],[5,11,7999],[3,2,7999],[3,8,11641],[5,10,33466],[16,19,183156],[32,-11,33368],[60,-15,183156],[33,6,29719],[23,0,16560],[12,2,104830],[21,-13,79226],[10,3,14211],[25,5,43314],[16,13,43314],[12,-10,79226],[56,-3,29937],[48,0,0]],[[7234,33053,0],[16,-25,42301],[3,-22,126308],[27,-6,48473],[17,4,17953],[9,5,90876],[12,-25,0]],[[6904,32781,0],[-15,56,262257],[-202,-7,0]],[[6687,32830,0],[-57,37,0]],[[8012,33199,0],[-17,3,54697],[-18,19,26206],[-8,14,62313],[-16,3,37192],[-5,4,14066],[-6,11,35109],[-15,3,102071],[-5,25,35130],[-11,14,102071],[-35,-23,0]],[[7876,33272,0],[-9,21,42765],[-22,19,90416],[-52,23,90416],[-71,49,66484],[-24,26,117413],[-81,50,292609],[-47,66,43243],[-38,42,39995],[-6,13,0]],[[7526,33581,0],[-93,70,0]],[[7433,33651,0],[80,164,0]],[[7426,32855,0],[6,-4,0]],[[7432,32851,0],[6,-6,11395],[2,-8,30948],[2,-14,14572],[4,-15,72895],[-1,-26,12654],[0,-33,89897],[6,-11,11784],[9,-11,7450],[1,-2,127181],[-3,-9,20147],[1,-5,7964],[0,-10,24966],[-1,-9,9153],[-3,-10,16387],[-4,-27,74124],[3,1,21073],[2,-3,7817],[4,-15,10197],[1,-3,0]],[[7461,32635,0],[-10,1,27099],[-6,-6,8196],[-5,-7,27099],[-8,2,70309],[7,19,47946],[-17,7,70309],[-10,-2,7995],[-34,-8,55167],[-1,5,12704],[-8,5,0]],[[7369,32651,0],[1,18,25113],[-6,8,49473],[3,21,17703],[-2,0,21610],[4,29,83511],[-2,7,11540],[-8,12,22633],[-5,16,108842],[4,14,16998],[6,32,48396],[1,14,16260],[-3,12,0]],[[7211,32584,0],[114,-15,0]],[[7325,32569,0],[-2,-56,9928],[0,-2,6973],[0,-5,0]],[[7323,32506,0],[0,-1,7205],[-21,-4,27774],[-8,-2,8626],[-30,-10,12035],[-6,-3,0]],[[7258,32486,0],[-37,-15,10557],[-22,-10,34715],[-37,-17,7223],[-40,-19,82690],[4,-6,30773],[-8,-5,10133],[-3,0,10133],[-9,-5,0]],[[7106,32409,0],[-21,15,0]],[[7085,32424,0],[-1,6,0],[0,3,0],[0,2,0],[-2,7,8634],[-4,24,8775],[-2,10,26415],[-3,1,0]],[[7073,32477,0],[47,19,22680],[5,3,86463],[9,1,13943],[13,-2,13943],[16,0,29034],[4,1,8205],[7,0,8205],[10,2,143516],[-3,8,13592],[-4,1,13592],[-1,6,10097],[-3,3,44263],[10,12,0]],[[7183,32531,0],[28,53,0]],[[7000,32488,0],[-2,2,0]],[[6998,32490,0],[1,3,0],[1,6,47136],[-20,15,8696],[-34,26,57712],[-24,10,0]],[[6922,32550,0],[5,10,9208],[6,9,105510],[-21,26,11668],[-1,3,11668],[-17,20,14371],[-4,7,14371],[-13,14,39622],[-1,6,0],[0,2,0],[-1,6,10110],[-4,11,15431],[-5,9,0],[-1,4,0],[-1,5,7554],[-5,9,17585],[-2,-3,17585],[-30,43,103351],[-9,3,10418],[-1,3,18209],[-55,42,11122],[-5,3,0]],[[6757,32782,0],[-43,29,6973],[0,0,8007],[-27,19,0]],[[7147,32613,0],[64,-29,0]],[[7073,32477,0],[-12,-3,8756],[-14,-5,21397],[-19,-2,85274],[-5,2,18219],[-23,19,0]],[[7673,32684,0],[14,-13,24444],[11,-16,124290],[3,-10,9053],[6,-17,21069],[10,-37,62997],[4,-26,27060],[1,-30,45313],[7,-19,178258],[1,-5,11748],[-2,-22,21795],[-1,-59,0]],[[7727,32430,0],[-27,-14,62794],[-14,-20,33562],[-3,-3,10478],[-9,-2,33562],[-11,-11,9947],[-14,-15,98338],[-25,-13,15125],[-19,-12,29199],[-19,-7,178987],[-28,6,13462],[-14,2,0]],[[7544,32341,0],[2,27,44149],[-3,74,15986],[-2,24,7814],[0,2,0]],[[7541,32468,0],[8,45,47093],[5,-1,32586],[13,36,47093],[-7,5,18893],[3,6,211547],[31,26,80111],[32,38,17436],[27,33,32508],[8,13,14727],[12,15,0]],[[7602,32148,0],[0,2,0],[-9,31,35659],[-6,-4,47025],[-6,19,25457],[-11,27,8980],[-9,23,15558],[-3,11,8930],[-3,6,79705],[-4,34,0],[-2,6,0],[-5,38,0]],[[7727,32430,0],[55,-25,190341],[65,56,52249],[13,18,355972],[20,38,21299],[19,34,24211],[39,73,24211],[9,16,98521],[18,21,11942],[15,20,0]],[[7980,32681,0],[10,-1,7001],[9,-1,45073],[20,2,21037],[44,7,107589],[22,7,12272],[23,9,14396],[29,9,25188],[13,6,220384],[16,-4,48020],[9,-7,10182],[14,-11,24755],[12,-14,0]],[[8201,32683,0],[-15,-9,41940],[-2,-7,12644],[-7,-12,28466],[-13,-12,54001],[-18,-7,143037],[-15,2,10780],[-20,3,32714],[-17,8,122211],[-10,-1,17915],[-13,-6,52559],[-17,-15,24219],[-10,-14,339879],[-11,-21,15426],[-11,-25,62880],[-24,-63,30361],[-12,-40,0]],[[7986,32464,0],[-8,-6,8104],[-13,-9,14781],[-17,-13,108232],[-22,-26,15935],[-20,-23,10481],[-26,-30,38560],[-39,-48,38560],[-18,-17,161300],[-18,-10,23269],[-45,-30,210112],[-5,-7,17739],[-23,-34,24657],[-16,-19,82754],[-13,-8,17318],[-2,-6,19403],[-25,-25,13783],[-12,-11,24723],[-14,-10,24723],[-15,-18,80547],[-14,-26,0]],[[7621,32088,0],[-2,0,10371],[-14,9,67845],[-3,5,8859],[0,4,19159],[6,3,31518],[-2,19,7636],[-3,16,13901],[-1,4,0]],[[7346,32610,0],[17,-9,0]],[[7363,32601,0],[4,-6,0]],[[7365,32555,0],[-1,1,0]],[[7364,32556,0],[-10,10,38057],[-29,3,0]],[[7325,32569,0],[17,34,0]],[[7342,32603,0],[4,7,0]],[[7331,32632,0],[10,-4,8073],[11,-3,15131],[15,-3,0]],[[7367,32622,0],[-3,-18,8465],[-1,-3,0]],[[7346,32610,0],[-9,6,11823],[-7,2,0]],[[7251,33507,0],[182,144,0]],[[7876,33272,0],[-107,-59,131213],[-3,-17,35479],[-16,-23,69093],[-15,-8,14551],[-10,-3,328320],[8,-26,43576],[6,-31,25486],[2,-31,117667],[-20,-33,0]],[[7721,33041,0],[-24,19,76017],[-20,55,121712],[-37,42,35317],[-57,59,102916],[-26,47,405485],[-65,40,120456],[-84,33,67671],[-31,3,0]],[[7406,32529,0],[7,4,41437],[4,-3,12250],[4,-7,22964],[2,-14,22964],[4,-5,7822],[3,-2,59649],[14,4,23053],[3,-1,8609],[6,-4,69155],[6,-15,30277],[4,-5,7701],[7,-7,15277],[5,-3,147462],[20,0,27192],[8,-2,8223],[9,-4,40530],[11,1,13144],[11,3,19558],[7,-1,0]],[[7544,32341,0],[-58,15,0]],[[7486,32356,0],[-23,6,0]],[[7463,32362,0],[-7,2,0]],[[7456,32364,0],[-14,4,49150],[-4,13,16880],[-9,19,124913],[-25,-9,20490],[-12,-8,19855],[-17,-6,0]],[[7375,32377,0],[-6,-2,20355],[-21,-17,9506],[-8,-7,0]],[[7340,32351,0],[26,84,71903],[12,30,20918],[20,46,12739],[8,18,0]],[[7255,33283,0],[-8,-15,40094],[1,-5,13292],[-3,-8,13292],[0,-11,22742],[-3,-9,12312],[-1,-11,118390],[27,-52,177832],[-5,-59,91345],[-29,-60,0]],[[6792,33144,0],[342,270,0]],[[7890,31964,0],[7,20,55876],[-6,61,86703],[15,51,191532],[-2,12,24340],[-2,2,9509],[-6,9,16780],[-3,10,70162],[3,3,7533],[5,6,12407],[3,7,49536],[-2,11,22988],[-8,6,35664],[2,4,7844],[-1,5,13395],[4,3,107765],[-18,4,42000],[0,1,8513],[-9,17,332843],[30,6,12031],[14,4,35109],[35,4,0]],[[7951,32210,0],[43,5,58859],[6,-13,144253],[4,-2,8952],[11,-2,19933],[34,-14,41117],[37,-19,41117],[81,-33,83720],[37,-21,16462],[25,-12,426134],[15,-22,10275],[16,-24,79284],[10,-21,19755],[7,-22,32010],[12,-25,14809],[10,-23,0]],[[8299,31962,0],[-1,-9,11862],[-4,-18,73756],[-8,-14,24293],[-9,-10,10752],[-8,-7,29369],[-7,-12,11093],[-2,-1,11093],[-10,-15,229507],[-9,-7,23605],[-15,-4,9056],[-6,-1,56694],[-17,-1,19782],[-18,3,56694],[-4,-1,11406],[-9,-5,7699],[-4,-4,41602],[-5,-1,9205],[-15,-2,16033],[-12,0,521247],[-1,12,24519],[-4,15,10664],[-3,15,11579],[-4,17,25610],[-3,20,104415],[-3,5,17897],[-11,7,10862],[-12,6,341769],[-11,0,21994],[-8,-8,47421],[-5,-10,7855],[-2,-5,11231],[-5,-8,47421],[-8,-7,11574],[-25,-18,135220],[-9,-1,7667],[-31,1,16171],[-12,1,278797],[-10,5,33605],[-12,9,13218],[-55,42,46584],[-12,13,0]],[[7664,32924,0],[18,33,13120],[16,29,31074],[15,23,72267],[-1,11,29043],[9,21,0]],[[8266,32725,0],[-4,-10,19266],[-10,-8,58718],[-33,-19,30649],[-18,-5,0]],[[7980,32681,0],[-25,1,50547],[-29,5,17116],[-23,6,17116],[-25,4,8764],[-19,5,8764],[-12,2,389656],[-10,3,12171],[-7,6,57133],[-1,7,15282],[4,11,15282],[0,12,62564],[-5,6,14872],[-2,9,28885],[-14,18,12953],[-14,21,98945],[-5,41,277176],[-32,29,7360],[-20,17,92874],[-19,14,19482],[-19,10,41246],[-39,16,0]],[[7673,32684,0],[4,3,19437],[0,3,7517],[-3,9,92532],[-43,91,54653],[-31,76,120595],[-9,28,36490],[1,25,0]],[[7592,32919,0],[-1,16,17039],[3,23,47120],[10,12,146275],[31,-12,63997],[29,-34,0]],[[8736,32804,0],[-39,91,0]],[[9046,33019,0],[-52,-61,42380],[-12,-13,15950],[-19,-18,166533],[-18,-9,18260],[-19,-12,63736],[-18,-16,23071],[-12,-13,14900],[-21,-20,92148],[-15,-9,26784],[-28,-9,0]],[[8832,32839,0],[-20,-4,42526],[-76,-31,0]],[[9457,32746,0],[-21,-5,31137],[-21,-12,108648],[-13,-15,14046],[-18,-24,52543],[-18,-17,17108],[-24,-20,145458],[-34,-10,23467],[-33,-11,89320],[-27,-17,36527],[-11,-16,0]],[[9237,32599,0],[-13,-14,143000],[-182,63,408027],[-149,-55,110215],[-60,-35,0]],[[8833,32558,0],[-62,68,228693],[-12,128,117091],[-23,50,0]],[[7461,32635,0],[-1,-7,32785],[-16,-17,21867],[-10,-5,0]],[[7434,32606,0],[-4,4,18832],[-18,5,40571],[-14,2,9411],[-12,1,18919],[-19,4,0]],[[7367,32622,0],[3,24,13163],[-1,5,0]],[[7371,32537,0],[7,-3,14260],[4,-5,11065],[9,-5,43151],[15,5,0]],[[7340,32351,0],[-19,17,51998],[-8,14,14617],[-3,1,14617],[-3,7,8055],[-4,3,8055],[-1,4,29693],[-6,2,22068],[-7,14,22068],[-15,20,115265],[-3,10,15250],[0,11,33889],[-2,3,7185],[-3,8,15811],[-4,4,8656],[-3,5,28023],[1,4,9058],[-3,4,9818],[1,4,0]],[[7951,32210,0],[-5,24,79031],[3,42,34965],[8,41,55730],[1,26,15577],[2,39,148956],[14,47,7884],[7,22,18913],[5,13,0]],[[7986,32464,0],[19,-2,9289],[14,0,47743],[16,3,13758],[19,1,34216],[45,1,263393],[16,-2,14457],[15,-4,8114],[16,-4,48742],[50,-18,42997],[24,-7,14316],[22,-4,152782],[12,-6,9246],[18,-7,10655],[23,-10,55650],[22,-12,11140],[16,-10,25674],[15,-11,674275],[5,-14,24110],[3,-14,11857],[3,-19,38266],[0,-22,51522],[6,-27,11621],[5,-23,30043],[6,-14,370249],[13,-16,24497],[15,-10,93415],[24,-7,27356],[27,-3,58377],[20,-7,24552],[21,-13,173533],[17,-14,14425],[17,-17,38089],[15,-17,20083],[14,-13,17318],[16,-17,0]],[[8575,32105,0],[-21,-33,29450],[-8,-21,101573],[-68,-69,108370],[7,-31,108370],[-7,-15,31845],[-17,-13,60291],[-30,-8,0]],[[8431,31915,0],[-3,4,23186],[-25,9,10183],[-9,4,28768],[-8,5,7019],[-6,5,63819],[-6,6,7418],[-5,7,14231],[-5,9,140958],[-12,-1,7133],[-19,-3,33035],[-19,1,8549],[-15,1,0]],[[7432,32851,0],[6,4,18452],[8,14,10441],[6,8,21749],[12,11,44196],[15,8,152519],[16,2,9740],[19,1,30680],[26,5,11924],[16,2,11924],[10,3,59043],[8,4,14528],[18,6,0]],[[7401,32584,0],[1,2,11500],[22,14,14958],[10,6,0]],[[8833,32558,0],[56,-81,0]],[[8889,32477,0],[102,-161,0]],[[8991,32316,0],[-46,-34,7626],[-1,0,0]],[[8944,32282,0],[-6,-3,21128],[-2,-6,11727],[-9,-13,51499],[-5,0,21405],[-12,-8,15174],[-15,-6,130339],[14,-33,51849],[-1,-6,7989],[-4,-13,172824],[-31,-14,57464],[-14,8,30504],[-16,-3,0]],[[8843,32185,0],[-7,8,15583],[-13,11,31133],[-17,8,87982],[-23,6,10893],[-42,11,65338],[-36,20,429986],[-23,22,23162],[-22,25,94699],[-19,29,27840],[-21,34,13276],[-20,34,258798],[-10,34,68961],[-3,25,19146],[-4,27,33369],[0,25,25186],[-3,25,518514],[-13,22,28373],[-21,24,107232],[-30,15,27950],[-16,4,45230],[-4,5,8562],[-3,6,26604],[-11,6,11663],[-3,-1,160986],[6,10,36202],[-10,21,85634],[-12,12,12511],[-14,12,18346],[-14,14,43013],[-5,14,314881],[-28,-11,56588],[-24,-4,23506],[-25,-2,9567],[-25,-3,193159],[-16,4,24371],[-9,9,77004],[-4,13,20445],[-1,16,7508],[-2,13,0]],[[9489,32106,0],[8,21,33127],[20,27,110683],[0,20,40288],[-13,33,439277],[-19,-11,34580],[-17,0,135178],[-79,26,36434],[-57,16,165235],[-50,29,48650],[-26,23,136541],[-58,-2,439277],[-15,26,49376],[-45,50,137937],[2,16,28548],[11,20,180032],[-13,20,44793],[-39,30,93227],[-8,38,87612],[-19,23,35977],[-23,17,314139],[-73,7,0]],[[8976,32535,0],[-39,-24,6973],[-1,0,37808],[-47,-34,0]],[[7749,31974,0],[-9,6,11631],[-6,1,11631],[-6,3,7716],[-8,3,69667],[-24,38,0]],[[7696,32025,0],[-13,13,21589],[-27,23,7476],[-31,26,36661],[-4,1,0]],[[7890,31964,0],[-6,3,41277],[-81,4,69836],[-17,-4,10316],[-3,-1,7234],[-7,-2,10316],[-3,0,0],[-4,1,0],[-12,6,9886],[-8,3,0]],[[8843,32185,0],[25,-43,72737],[-2,-32,182982],[-10,-8,20373],[-5,-12,46649],[-43,-33,435783],[-15,2,53194],[-45,37,161517],[-28,7,44986],[-34,-3,97543],[-17,-25,161517],[-12,18,36813],[-13,2,36813],[-29,20,31516],[-22,21,144300],[-18,-31,0]],[[7180,32357,0],[-9,2,26943],[-16,16,26943],[-23,17,17292],[-26,17,0]],[[7340,32351,0],[-4,-6,25923],[-9,-3,15155],[-13,-1,39439],[-14,5,0],[-12,8,0],[-26,18,0]],[[7262,32372,0],[-9,7,66069],[-14,-5,6990],[-10,-5,33248],[-18,-3,19366],[-21,-8,19366],[-10,-1,0]],[[6822,33728,0],[-2,9,0]],[[6820,33737,0],[23,15,36061],[18,8,16505],[17,5,26375],[16,10,0]],[[6894,33775,0],[11,-6,53083],[50,-48,12507],[44,-41,0]],[[6999,33680,0],[-20,-15,19324],[-14,-13,47363],[-12,-17,12961],[-4,-7,123850],[-1,-11,12598],[-5,-16,15334],[-3,-4,15334],[-2,-14,36687],[-4,-14,11283],[-8,-18,63516],[-6,-9,14459],[-7,-5,0]],[[6913,33537,0],[-8,-7,22298],[-7,-3,9854],[-9,-1,41266],[-27,-1,254299],[-40,165,94437],[6,12,36826],[0,5,10032],[-3,19,19859],[-3,2,0]],[[7281,33908,0],[-116,-125,27663],[-1,-3,0]],[[7164,33780,0],[-4,-6,24706],[-7,-5,7186],[-8,-6,14832],[4,-5,14832],[-8,0,14832],[-8,-3,12227],[-2,-4,61304],[-8,-2,11214],[-14,-1,31449],[-7,-3,12008],[-3,-5,11249],[-5,-2,0]],[[7094,33738,0],[-16,-4,15240],[-11,0,93432],[21,48,8542],[2,4,32550],[-3,1,11943],[3,7,91696],[22,-4,28005],[2,6,0]],[[7114,33796,0],[7,27,122975],[125,118,0]],[[6561,33843,0],[89,-55,21887],[41,-24,108686],[36,-28,36227],[5,-9,21412],[7,-3,15249],[6,-5,8610],[3,-5,0]],[[6748,33714,0],[-4,1,21037],[-5,-20,32796],[-8,2,64345],[-16,-2,18113],[-9,-4,8724],[-13,-3,16141],[-13,-2,204475],[-4,-10,40266],[17,-27,80238],[-25,-13,80238],[-1,-16,10870],[-2,-63,204475],[-52,23,0]],[[6858,33904,0],[1,1,0]],[[6859,33905,0],[37,-2,83640],[-1,-12,39134],[23,-1,39134],[0,-3,7328],[4,0,7328],[22,-12,22848],[8,-8,158358],[1,-9,10223],[2,-5,19479],[-3,-1,7191],[-1,-3,11975],[2,-4,55153],[-23,-14,0]],[[6930,33831,0],[-10,10,18963],[-20,25,32845],[-14,9,64598],[-8,1,15016],[-13,-3,64598],[-7,31,0]],[[7314,33895,0],[-78,-167,225869],[-59,-33,80090],[-24,-24,34236],[2,-7,0]],[[7155,33664,0],[-8,-16,95706],[-9,12,15391],[-11,8,40214],[4,10,44265],[-11,11,18411],[3,3,23436],[-30,38,0]],[[7093,33730,0],[5,2,15018],[-4,6,0]],[[7164,33438,0],[-68,74,0]],[[7096,33512,0],[-11,13,8290],[-10,11,56898],[14,10,94250],[12,30,26197],[19,37,236703],[-9,8,14110],[-20,21,7521],[-19,20,36906],[-26,32,0]],[[7046,33694,0],[19,27,58108],[28,9,0]],[[7183,34000,0],[-151,-139,113136],[-9,7,0]],[[7023,33868,0],[-9,6,20533],[-1,5,8351],[2,2,20533],[-5,7,8413],[-1,-1,13808],[-7,14,30962],[-19,20,0]],[[6983,33921,0],[16,6,32978],[-2,5,15656],[4,7,56623],[-3,6,13819],[-5,3,8645],[-2,4,8324],[-4,3,63078],[19,13,9324],[2,2,0]],[[7008,33970,0],[96,104,0]],[[7073,34114,0],[-124,-48,59052],[-2,-5,0]],[[6947,34061,0],[-3,-4,20529],[-11,-3,9942],[-19,-5,103742],[-60,32,103742],[-44,-6,144752],[-102,37,0]],[[6750,34380,0],[204,5,0]],[[6983,33921,0],[-16,-8,9103],[-10,-5,97411],[-41,15,43173],[-38,7,127865],[-19,-25,0]],[[6858,33904,0],[-48,-15,18719],[-4,0,7496],[1,-2,0]],[[6807,33887,0],[-13,-13,0]],[[6794,33874,0],[-75,91,0]],[[6999,33680,0],[47,14,0]],[[6761,33295,0],[47,40,95641],[44,5,158887],[12,8,23917],[-2,6,23917],[22,31,82054],[8,1,26393],[10,15,29224],[27,15,40834],[12,14,371098],[-38,22,7719],[-1,1,144968],[5,17,37667],[-8,18,62283],[9,3,20985],[-2,7,33845],[7,39,0]],[[6578,33949,0],[17,-13,26326],[2,-7,18337],[8,-1,18337],[6,-7,13227],[5,-4,9490],[9,-9,62588],[22,-5,144293],[33,-37,39020],[58,-74,154532],[42,-1,115881],[21,-16,54180],[7,-17,17422],[7,-10,15421],[5,-11,0]],[[6822,33728,0],[-4,0,7455],[-4,-1,12770],[-2,-3,10365],[-7,-1,29702],[-9,4,13962],[-1,-4,13962],[-5,0,7782],[-4,1,7782],[-10,1,49888],[-4,-3,12855],[-6,0,9457],[-2,-2,7891],[-4,2,7744],[-2,-2,22769],[3,-6,11063],[-3,-2,22769],[-10,2,0]],[[6794,33874,0],[19,-50,159382],[27,-17,17399],[29,-20,83506],[45,-8,0]],[[6914,33779,0],[-20,-4,0]],[[6930,33831,0],[6,-6,11774],[16,-11,10318],[1,-2,0]],[[6953,33812,0],[-6,-4,10715],[-7,-8,18205],[-7,-2,0]],[[6933,33798,0],[-33,1,130507],[-20,24,43304],[0,3,8446],[-5,-3,8536],[-4,3,22695],[-20,17,67621],[15,12,60613],[-30,-1,24019],[-18,3,104913],[-7,23,18120],[-4,7,0]],[[6953,33812,0],[1,4,9686],[5,1,9686],[4,5,25660],[13,6,13182],[6,1,13182],[3,4,49152],[15,5,7183],[21,6,0]],[[7021,33844,0],[28,8,24618],[24,11,151979],[128,121,0]],[[7215,33971,0],[-161,-153,0]],[[7054,33818,0],[0,-2,9082],[4,-5,27650],[-4,-5,8698],[-4,-2,10469],[-4,-6,115293],[-6,2,11456],[-6,-3,11456],[-7,1,8958],[-11,-2,17751],[-22,1,62918],[-7,-2,7533],[-3,-2,16896],[-5,-7,53620],[-9,-1,21132],[-8,3,8674],[-5,3,14387],[-7,0,46651],[-4,-4,9307],[-8,-4,23017],[-10,0,0]],[[6928,33783,0],[5,15,0]],[[6914,33779,0],[11,2,8615],[3,2,0]],[[13189,39313,0],[4,1,0]],[[13193,39314,0],[3,-3,6973],[1,0,6973],[1,0,0]],[[13198,39311,0],[4,-2,8680],[6,0,26608],[9,1,7150],[3,2,15214],[19,2,0]],[[13239,39314,0],[2,-3,6973],[1,-3,0]],[[13242,39308,0],[-5,-3,9521],[-19,-5,25768],[-17,-9,0]],[[13201,39291,0],[-7,10,14360],[-5,12,0]],[[13110,39351,0],[2,1,0]],[[13112,39352,0],[12,2,11030],[11,3,9927],[8,1,0]],[[13137,39338,0],[-5,-3,13580],[-4,-1,9257],[-8,-3,27368],[-5,5,0]],[[13115,39336,0],[-5,7,13677],[0,8,0]],[[16363,36111,0],[20,-3,36071],[11,-6,16274],[25,-10,0]],[[16419,36092,0],[-8,-8,11938],[-12,-8,41281],[-15,-9,16735],[-29,-13,66344],[-16,-7,15421],[-23,-5,181332],[-1,-11,24327],[9,-3,51763],[-1,-5,9281],[-10,-33,22591],[1,-3,0]],[[16314,35987,0],[-7,-4,18692],[-20,-1,0]],[[16287,35982,0],[-9,6,8472],[1,2,8472],[-6,1,11219],[-9,5,0]],[[16264,35996,0],[4,3,11700],[8,11,50393],[-6,12,9936],[-2,0,9936],[-2,7,16869],[3,2,10101],[-3,3,145969],[2,3,7701],[6,2,13718],[5,-1,30569],[0,3,9395],[-2,9,30569],[8,-1,11228],[6,2,26457],[2,8,30569],[28,31,82933],[24,15,28335],[18,6,0]],[[16085,36006,0],[6,0,7865],[3,2,27520],[9,9,17734],[13,9,55186],[-2,12,10264],[-2,2,0]],[[16112,36040,0],[26,21,24701],[13,8,0]],[[16151,36069,0],[5,-10,23417],[-5,-9,23653],[0,-4,7174],[1,-7,17198],[4,-14,98302],[7,-5,11709],[5,0,40211],[12,4,13430],[5,5,13430],[8,2,0]],[[16193,36031,0],[7,2,0]],[[16200,36033,0],[10,3,22807],[12,-2,11353],[5,-2,0]],[[16227,36032,0],[3,-4,10078],[7,-14,42304],[14,-11,14236],[13,-7,0]],[[16287,35982,0],[2,-5,12100],[-1,-8,74470],[-7,-10,13917],[-16,-17,41891],[-17,-13,17706],[-16,-14,10254],[-9,-9,0]],[[16223,35906,0],[-15,9,32029],[-33,11,59095],[-58,12,191509],[-2,53,96690],[-27,12,18891],[-3,3,0]],[[13242,39308,0],[2,-2,6973],[1,-3,0]],[[13245,39303,0],[7,-12,55339],[-24,-11,13559],[-9,-2,13559],[-2,-3,0]],[[13217,39275,0],[-4,-1,6973],[-2,0,13729],[-14,5,0]],[[13197,39279,0],[4,12,0]],[[15688,36597,0],[-62,99,324964],[-245,115,299089],[-71,95,0]],[[15730,36860,0],[24,-19,42105],[68,-67,91250],[27,-39,316269],[39,8,57155],[39,22,187656],[18,-43,149523],[28,4,8959],[17,2,29621],[41,1,316269],[-7,-15,61464],[10,-10,33341],[11,-4,16995],[13,0,94818],[4,-2,8285],[-2,-2,10820],[0,-10,19715],[7,-10,47724],[-8,-15,18281],[-2,-9,47724],[1,-4,8217],[3,-4,7358],[2,-5,13532],[4,-4,525118],[7,-2,9305],[8,-1,14739],[0,-3,20104],[25,-4,92499],[11,12,19169],[2,7,21164],[11,10,152071],[8,1,11515],[38,-2,32636],[29,-5,9431],[11,-1,64899],[21,-5,14653],[29,-8,226824],[74,-44,821920],[4,-18,43664],[-5,-19,14973],[-1,-8,9174],[-3,-18,92498],[-12,-41,21001],[-20,-67,0]],[[16304,36419,0],[-70,13,53829],[-31,-2,0]],[[16203,36430,0],[-76,-14,67384],[-88,-6,0]],[[15970,36474,0],[-37,34,173292],[-245,89,0]],[[15149,36007,0],[42,6,33371],[44,11,230811],[41,26,75039],[50,53,137767],[14,46,428352],[-10,48,52139],[-17,33,74220],[-7,57,428352],[21,42,122970],[37,12,34483],[41,20,290037],[20,27,75259],[8,62,99095],[34,53,76980],[5,23,7657],[6,23,39582],[9,6,23023],[1,11,651109],[39,-7,12832],[27,-5,7544],[42,-8,76186],[6,6,13142],[6,1,0]],[[15608,36553,0],[2,0,15141],[78,44,0]],[[15863,36036,0],[24,-56,0]],[[15887,35980,0],[9,-26,87221],[-5,-61,19579],[-4,-49,247937],[-28,-59,104959],[-47,-166,0]],[[15812,35619,0],[-9,-7,54477],[-51,12,96749],[-21,28,134640],[-91,-1,315042],[6,-98,315042],[-183,-143,277379],[-180,-69,0]],[[16239,35647,0],[204,65,0]],[[16443,35712,0],[154,21,287765],[80,-21,147543],[10,-48,229923],[8,-1,9383],[9,-3,9689],[14,-3,20230],[14,1,20230],[12,-4,94949],[6,3,8252],[19,7,37648],[7,2,9092],[6,-1,14196],[16,4,14054],[10,1,454994],[9,94,0]],[[16817,35764,0],[13,0,72509],[70,-47,28024],[48,-30,190330],[47,-51,54283],[27,-41,311931],[15,19,57547],[37,11,107074],[41,-1,17910],[18,-2,311931],[9,-19,50280],[2,-41,35650],[6,-19,149051],[28,-33,56089],[31,-18,0]],[[17209,35492,0],[-86,-195,477217],[-175,-59,331164],[-64,-92,76560],[-46,-51,0]],[[16838,35095,0],[-109,30,69828],[-255,77,901616],[16,140,214451],[-35,180,629315],[-136,79,8997],[-80,46,0]],[[16582,36148,0],[53,20,166521],[98,-51,190730],[24,0,53199],[60,23,0]],[[16817,36140,0],[2,0,14769],[12,-14,18652],[18,-14,34044],[13,-18,175513],[8,-27,63713],[-2,-39,32349],[-5,-22,70226],[9,-37,208278],[25,-19,18663],[32,-23,0]],[[16929,35927,0],[17,-45,54220],[-3,-19,98248],[-14,5,16814],[-15,9,98248],[1,-5,24692],[-10,-15,9954],[-4,-6,9425],[-2,0,47764],[-20,-4,41798],[-1,-13,21754],[-1,-2,7312],[-5,-1,168651],[-30,13,29542],[-8,8,0]],[[16834,35852,0],[-7,4,23294],[-8,1,9074],[-17,0,23294],[-15,3,7885],[-24,5,33059],[-15,1,7995],[-6,1,119871],[-7,3,11963],[-8,6,26381],[-13,15,18052],[-11,8,169289],[-9,2,12334],[-10,-1,45021],[-44,-18,42445],[-9,-2,13861],[-7,2,166629],[-28,21,87243],[-6,-7,8498],[-8,-7,60336],[-7,-2,22618],[-30,8,112026],[-6,6,26611],[-1,4,9270],[3,7,19130],[-4,11,0]],[[16537,35923,0],[9,11,43138],[3,16,26062],[5,11,7550],[10,25,137912],[5,56,13736],[6,58,41404],[7,48,0]],[[16537,35923,0],[-6,14,64353],[-20,-12,40527],[-12,-13,21638],[-2,-9,0]],[[16497,35903,0],[-2,-3,7531],[-4,-2,38279],[-6,2,8563],[-8,4,21516],[-20,13,106258],[-12,13,11631],[0,3,11631],[-9,5,11631],[-5,6,58840],[-6,19,17361],[0,9,32457],[-2,0,8013],[-7,9,0]],[[16416,35981,0],[16,20,37346],[-2,11,37346],[16,28,168048],[35,33,67253],[39,27,37670],[38,31,21711],[24,17,0]],[[16304,36419,0],[159,-34,445910],[4,-157,193022],[42,-64,0]],[[16509,36164,0],[-90,-72,0]],[[16363,36111,0],[-21,7,31013],[-22,11,13955],[-33,17,0]],[[16287,36146,0],[-16,6,26373],[-24,3,76677],[-21,-4,29036],[-24,-11,196823],[-8,-19,28975],[-3,-31,22381],[-3,-3,7670],[0,-3,57158],[3,-6,14596],[2,-13,10096],[-1,-3,0]],[[16192,36062,0],[-4,3,7849],[-9,5,16743],[-6,10,14890],[-3,-2,0]],[[16170,36078,0],[-4,10,11803],[2,0,33429],[-8,17,16252],[-8,12,6988],[-3,5,22928],[-8,18,0]],[[16141,36140,0],[-3,5,6973],[0,1,6973],[-2,4,65423],[-76,6,0]],[[16165,36076,0],[5,2,0]],[[16192,36062,0],[1,-4,8130],[2,-16,0]],[[16195,36042,0],[0,-6,12555],[5,-3,0]],[[16193,36031,0],[-3,2,8917],[2,3,18397],[-17,24,12953],[-10,16,0]],[[16287,36146,0],[-43,-34,86194],[-16,-18,24883],[-9,-19,22506],[3,-4,10828],[-2,-3,18817],[-2,2,7389],[-4,1,10684],[-3,-2,42018],[2,-4,7638],[1,-7,24427],[-1,-7,9791],[-5,-5,42018],[-11,-1,15426],[3,-3,10997],[-5,0,0]],[[15887,35980,0],[91,14,43229],[45,10,83370],[34,3,22388],[28,-1,0]],[[16223,35906,0],[-1,-106,107919],[17,-153,0]],[[16239,35647,0],[-17,-12,37646],[-97,-49,233164],[-91,-2,120882],[-10,-1,7095],[-2,-1,21448],[0,-6,58476],[-110,-23,429115],[-46,22,73279],[-34,24,34852],[-20,20,0]],[[16929,35927,0],[29,-9,30465],[34,-5,57801],[31,2,201372],[26,20,72474],[15,47,393048],[1,107,71270],[-8,83,870831],[57,-32,42626],[53,-25,93097],[46,-35,47974],[49,-28,291176],[84,-21,37679],[45,-15,88744],[23,7,43963],[29,-6,88744],[25,-19,30078],[18,-6,0]],[[17486,35992,0],[38,-55,45980],[42,-54,129050],[45,-37,34410],[33,-32,759618],[-15,-27,74934],[-52,-41,47631],[-19,-22,158821],[-19,-69,165891],[-28,-38,16663],[-8,-11,9324],[-1,-4,15838],[-11,-13,93893],[-7,-7,8367],[-12,-11,40434],[-7,8,32425],[-12,-11,264310],[-19,-44,47499],[-20,-69,0]],[[17414,35455,0],[-135,35,113986],[-70,2,0]],[[16817,35764,0],[3,46,54847],[11,34,8503],[3,8,0]],[[17683,35984,0],[-219,360,7838],[-2,4,0]],[[17683,35984,0],[-27,-7,22609],[-31,-11,40551],[-29,-5,175011],[-46,12,92587],[-12,35,141038],[-52,-16,0]],[[16817,36140,0],[39,120,232507],[58,74,38351],[49,67,63609],[26,14,63609],[3,27,584882],[-25,24,94182],[-75,134,0]],[[16892,36600,0],[6,-6,9286],[5,-4,36053],[37,-14,39341],[13,-9,10641],[14,-9,142150],[10,-2,23777],[11,2,11081],[10,4,47858],[20,10,11326],[7,5,142150],[2,-4,8078],[6,-9,43028],[25,-19,17229],[15,-10,253169],[13,-3,40253],[10,1,12941],[10,4,24214],[11,8,16426],[7,1,68837],[7,-2,11512],[7,-7,28778],[8,-2,12296],[7,2,68837],[1,4,8997],[9,12,27022],[5,3,7879],[6,2,527594],[6,-3,17680],[5,-6,8379],[12,-14,37409],[3,-5,7513],[2,-7,21802],[6,-6,12066],[9,-12,71455],[15,-16,7183],[9,-8,34231],[14,-8,12348],[10,-8,183461],[20,-7,12067],[10,-2,51085],[17,-2,23884],[14,5,11783],[7,0,183461],[12,-4,24056],[11,-11,51977],[2,-7,9626],[0,-9,17159],[-2,-4,63028],[61,-62,136852],[45,-14,0]],[[16838,35095,0],[13,-201,405265],[-134,-62,470536],[39,-110,103527],[14,-83,627058],[-39,-59,48017],[-33,-61,64155],[-60,-91,378312],[-43,-157,34906],[-51,-177,0]],[[16509,36164,0],[73,-16,0]],[[16416,35981,0],[-10,2,23734],[-19,-5,41235],[-10,-5,10373],[-8,-5,7963],[-6,-3,107219],[-10,1,20914],[-4,3,9258],[-2,5,40112],[-3,16,10369],[-2,4,75652],[-3,2,7690],[-6,0,26806],[-19,-9,0]],[[16165,36076,0],[-14,-7,0]],[[16112,36040,0],[-18,-16,28451],[-6,-4,11331],[-10,-2,114096],[-7,0,11524],[-10,4,43749],[-29,19,27128],[-5,8,0]],[[15659,37571,0],[169,-159,403114],[108,-32,190359],[58,39,24319],[1,0,6973],[-1,1,0]],[[15994,37420,0],[4,4,32012],[4,-7,9828],[6,-8,12858],[5,-12,33998],[8,-1,11969],[3,-5,11969],[1,6,25824],[4,-2,10917],[1,-7,138270],[10,0,7000],[9,1,9707],[11,-1,8775],[11,0,18485],[12,-1,58501],[37,10,362610],[16,-45,11840],[5,-15,76989],[39,-64,190144],[-8,-13,27038],[-7,-22,10795],[-4,-13,68991],[-2,-14,26518],[7,-12,190144],[19,-5,44884],[33,-1,26802],[30,3,0]],[[16248,37196,0],[-34,-55,144610],[-97,-48,123252],[-2,-2,7763],[-5,-12,15971],[-10,-12,7352],[-3,-6,22522],[0,-5,359034],[-6,-5,10685],[-4,0,10685],[-4,-4,8460],[-6,-1,9701],[-24,-12,38323],[-20,-5,57278],[-37,-18,29557],[-34,-19,10058],[-7,-2,10058],[-3,-4,125376],[-16,-2,49769],[-2,-6,13754],[-6,-5,13754],[-9,-12,33619],[3,-6,49769],[-24,-16,125376],[-16,-7,20627],[-13,0,22938],[-52,-15,147419],[-16,-12,24477],[-47,-28,26774],[-16,-7,23507],[-8,-10,0]],[[15484,38032,0],[132,-109,234437],[215,-250,360258],[97,-36,0]],[[15928,37637,0],[121,-112,406689],[219,30,0]],[[16268,37555,0],[57,-61,112507],[23,-62,0]],[[16348,37432,0],[50,-139,146358],[-22,-12,0]],[[16376,37281,0],[-7,-2,16035],[-26,-13,24976],[-27,-15,48311],[-20,-4,119891],[-48,-51,0]],[[16287,36146,0],[1,-22,43564],[-5,-29,23953],[-8,-21,134694],[-25,-17,39396],[-1,-4,7249],[-4,-4,7249],[1,-2,11370],[-4,-5,30374],[-14,-8,12029],[-1,-2,0]],[[18462,34646,0],[41,145,49959],[11,7,49959],[6,44,154445],[0,2,11478],[-2,20,11478],[1,7,21066],[-2,14,7237],[-1,8,65350],[-2,3,7185],[-4,7,14564],[1,6,16161],[-10,22,30717],[-6,8,22650],[1,7,7063],[1,6,154445],[6,5,10496],[5,1,47174],[4,-2,9047],[10,-10,20511],[8,-3,7897],[6,-3,154445],[10,-1,15201],[8,4,28953],[3,4,9401],[1,4,58126],[-4,13,17729],[-7,8,58126],[2,6,14744],[1,14,12896],[2,10,29880],[7,9,14463],[1,7,33255],[6,16,8628],[19,53,297047],[26,-27,0]],[[18462,34646,0],[-48,7,97835],[-161,-12,118516],[-121,4,62604],[-160,0,192255],[-47,11,36429],[-84,14,192255],[-59,-36,1164569],[-17,-55,19487],[-18,-65,115985],[-30,-39,457448],[-220,2,457448],[-2,-6,8212],[-4,-6,8212],[-3,-9,7094],[-10,-19,23422],[-5,-8,9435],[-1,-4,9435],[-5,-7,8168],[-4,-10,66277],[-7,-5,18643],[-3,-7,9812],[-6,-7,9345],[-3,-6,14912],[-7,-8,59824],[-2,-5,7158],[-3,-3,7158],[-4,-7,20398],[-3,-8,7801],[-4,-9,12113],[-1,-5,8256],[-4,-8,34147],[-2,-1,10081],[-5,-12,11575],[-3,-3,9449],[-6,-10,328543],[-4,-30,34420],[2,-5,8126],[1,-8,7522],[1,-5,132149],[10,-12,14719],[9,-12,7920],[6,-5,7920],[4,-5,22325],[8,-7,19563],[7,-14,37557],[8,-10,14044],[11,-9,185652],[3,0,8141],[-3,-4,17744],[-9,-6,10003],[-4,-2,20623],[-3,5,12977],[-7,2,18821],[3,-7,37906],[-4,-13,20871],[-7,-6,328543],[0,4,11805],[-4,4,8294],[-2,5,18252],[-5,2,10945],[-2,5,66771],[-5,1,8734],[-6,4,10133],[-4,1,11834],[-11,6,11834],[-5,1,35322],[-17,14,20566],[-11,5,67390],[-23,23,11853],[-9,11,7820],[-6,5,20136],[-3,5,67390],[-4,2,7982],[-3,-2,12371],[-21,6,31503],[-5,-3,9816],[-7,-1,38137],[-6,3,10736],[-12,1,17881],[-11,-1,17374],[-1,1,8169],[6,4,67390],[12,2,11209],[1,1,7010],[4,-2,9362],[9,1,23352],[9,4,1106912],[7,11,8706],[5,8,48303],[6,18,7079],[4,14,24058],[7,16,7810],[5,13,7347],[3,5,14894],[4,14,48303],[10,19,11346],[3,4,13471],[10,21,9277],[-1,4,9277],[4,2,172521],[15,19,10821],[3,2,10821],[6,10,16982],[9,10,19556],[2,5,8943],[-1,5,19556],[7,0,34500],[11,9,16584],[3,7,16584],[4,5,8109],[5,4,10417],[7,7,175493],[4,7,7110],[5,5,7110],[9,14,32296],[3,5,7871],[9,22,12188],[3,3,83129],[1,7,7426],[-1,4,10728],[3,3,10728],[-2,5,43295],[7,6,24851],[5,12,7241],[2,6,15964],[3,4,7658],[3,6,46292],[0,3,7028],[1,9,15129],[5,19,88110],[3,5,8160],[5,5,19886],[2,6,7923],[7,14,24506],[6,9,8941],[3,3,10905],[6,8,316334],[2,13,11648],[-1,5,11380],[3,13,55347],[0,16,18634],[-3,12,35312],[-8,9,73943],[-9,-1,10178],[-9,-2,11291],[-5,0,11104],[-10,-2,26610],[-9,2,73943],[4,7,7186],[4,3,9497],[4,7,44174],[13,0,25880],[7,2,11124],[4,6,316334],[8,21,31744],[10,8,31744],[12,19,9493],[10,15,86104],[17,7,20906],[14,11,86104],[28,40,32913],[3,1,13173],[15,17,25378],[14,22,61967],[31,31,1164569],[-1,24,22838],[2,6,9345],[0,5,12672],[3,8,22838],[-3,6,177690],[-6,5,9446],[-5,1,9446],[-17,9,31132],[-6,9,85613],[-74,17,212900],[-5,42,109582],[-52,34,109582],[-29,35,57340],[-31,57,1050938],[-10,-3,29739],[-27,-23,166169],[-217,-24,172124],[-176,-55,212851],[-177,-25,0]],[[17414,35455,0],[96,-24,12453],[27,-7,376140],[79,-71,84214],[82,-58,250039],[36,-46,80435],[23,-42,36366],[14,-36,741470],[170,42,166629],[5,1,7219],[8,5,18738],[6,5,8316],[20,13,44843],[10,10,13236],[3,6,1325885],[-24,19,12223],[-9,8,67229],[-4,8,16369],[-3,14,18881],[-6,14,37615],[-9,5,230862],[7,8,21801],[5,4,9265],[11,5,40471],[3,5,9090],[9,11,9090],[4,7,8094],[3,3,52619],[36,25,337754],[-121,129,546841],[58,131,82194],[42,115,0]],[[18030,35726,0],[-22,24,16930],[-5,9,16930],[-8,5,0]],[[18611,35060,0],[1,28,31097],[-1,13,11718],[-3,12,96410],[3,12,19906],[1,13,9537],[2,16,49266],[4,7,7803],[1,5,16862],[6,9,9251],[5,6,43351],[1,7,12646],[1,12,7079],[0,5,296454],[-2,7,10501],[-5,5,20301],[-8,3,20301],[-9,13,75074],[-9,25,17115],[-6,13,8118],[0,4,8118],[-4,5,40292],[-1,9,11512],[1,6,95097],[-19,12,23099],[-12,3,71466],[-4,10,16762],[-4,22,648573],[-71,-19,132283],[-2,3,8544],[-4,1,8544],[-7,5,22971],[0,2,7060],[-5,4,11133],[-2,5,44830],[0,16,179573],[-9,0,10710],[-15,-3,41790],[-13,-6,7766],[-7,-2,24340],[-15,-4,9981],[-3,-2,9981],[-11,-1,17866],[-12,-5,78828],[-3,12,73279],[-22,-5,11164],[-13,-3,27718],[-7,-4,14848],[-20,-8,23809],[-8,1,648573],[2,7,14622],[-2,5,7287],[0,4,37362],[-15,10,37362],[6,12,128351],[-13,8,19849],[-2,7,19849],[-7,2,14416],[-8,8,16405],[-4,0,7688],[-4,2,16405],[0,5,51634],[-8,3,14305],[-6,6,18502],[-8,3,7300],[-22,9,38794],[-2,3,7060],[-3,6,221283],[-51,139,221283],[-112,145,41277],[-12,13,0]],[[16248,37196,0],[10,-17,16836],[21,-32,32396],[18,-33,64525],[10,-29,18108],[8,-18,90979],[17,-25,12257],[23,-32,298726],[-32,-46,195796],[29,-52,78970],[10,-37,24482],[13,-39,496243],[18,-13,24552],[18,-18,31228],[10,-6,17230],[35,-28,26871],[3,-6,26871],[22,-16,12918],[12,-8,75402],[17,-20,47176],[21,-2,0]],[[16531,36719,0],[8,-1,15220],[90,-15,130406],[22,1,37789],[29,7,8410],[31,8,356283],[1,-11,9809],[-1,-15,18928],[-2,-9,48098],[3,-23,16258],[4,-17,277274],[17,2,11714],[26,5,11714],[12,1,9951],[21,4,96243],[8,0,17822],[11,-4,8912],[11,-2,17822],[11,0,14057],[23,-5,193181],[12,-6,19689],[15,-13,55753],[3,-16,18888],[2,0,9129],[4,-10,0]],[[17995,35764,0],[-31,39,56508],[-92,106,10003],[-77,88,411623],[-112,-13,13675],[0,0,0]],[[16443,35712,0],[-2,7,15223],[2,16,15223],[1,39,42116],[5,31,151163],[17,31,67035],[32,13,126260],[5,17,26368],[-6,2,33802],[8,26,51667],[-6,8,7945],[-2,1,0]],[[18417,34487,0],[45,159,0]],[[17975,33859,0],[34,14,30640],[58,26,19061],[13,7,19061],[49,22,234064],[15,11,39366],[121,109,767325],[150,207,263764],[54,154,456285],[-52,78,0]],[[16781,33890,0],[88,5,10046],[133,6,226037],[152,-9,11177],[198,-12,737979],[107,-162,1050828],[46,-2,55990],[142,5,199725],[77,16,29116],[46,12,25274],[39,7,9921],[16,4,424041],[9,8,40553],[49,32,16135],[92,59,0]],[[13058,39357,0],[17,4,19762],[10,5,8376],[0,2,0]],[[13085,39368,0],[5,2,12487],[17,1,0]],[[13107,39371,0],[2,-18,17523],[3,-1,0]],[[13110,39351,0],[-2,1,7430],[-8,2,20966],[-10,-3,8847],[-2,-1,0]],[[13088,39350,0],[-7,0,16825],[-14,-5,9155],[-6,-1,23110],[0,4,0]],[[13061,39348,0],[-3,9,0]],[[16696,38255,0],[10,3,13801],[11,0,41056],[4,2,7696],[3,4,17054],[2,9,0]],[[16726,38273,0],[10,0,35415],[1,-12,11564],[-1,-9,79162],[-4,-3,8127],[-9,-5,20788],[-6,-9,40459],[5,-3,8651],[3,-5,40459],[-7,-9,7684],[-9,-15,79162],[-5,-9,8438],[1,-1,16164],[-7,-21,7949],[-5,-20,17299],[-7,-19,30143],[0,-5,8207],[-3,-10,13941],[-3,-11,0]],[[16680,38107,0],[-11,2,11664],[-6,2,9348],[-7,1,69511],[0,7,9073],[-2,3,22736],[6,11,22736],[-1,6,8095],[1,6,12255],[-2,2,0]],[[16658,38147,0],[20,32,9516],[2,5,18831],[5,0,18831],[3,5,7779],[2,8,95253],[-3,5,14329],[-1,10,25618],[6,7,25618],[-3,3,7795],[-2,4,15027],[5,1,15027],[4,24,11018],[0,4,0]],[[15470,38571,0],[29,-16,142049],[213,-2,0]],[[15712,38553,0],[18,-27,16463],[0,-3,0]],[[15730,38523,0],[0,-12,7391],[2,-14,7391],[1,-31,285968],[-43,0,33053],[-11,2,9314],[-8,2,94869],[-34,-4,10601],[-53,-7,39630],[-29,-7,143918],[-23,-10,16951],[-22,-12,43376],[-20,-3,372719],[20,-60,196275],[-54,-42,31256],[-34,-24,0]],[[15422,38301,0],[-2,-1,9032],[-48,-42,0]],[[15194,38432,0],[152,101,197974],[124,38,0]],[[16198,37927,0],[36,-109,123021],[2,-12,18035],[-2,-15,19762],[0,-11,9875],[2,-20,54825],[5,-10,30739],[2,-22,13962],[3,-10,12959],[1,-13,252831],[11,0,7018],[3,0,20495],[7,-5,21936],[5,-1,9830],[10,1,48355],[7,4,10868],[5,5,0]],[[16295,37709,0],[3,-16,8716],[0,-5,62098],[-4,-6,19343],[-19,-17,29216],[-2,-5,7297],[-2,-6,85367],[5,-10,22030],[2,-7,10595],[2,-14,0]],[[16280,37623,0],[0,0,8183],[-12,-68,0]],[[15928,37637,0],[50,57,0]],[[15978,37694,0],[7,15,28984],[2,17,8329],[2,11,72922],[8,19,8187],[1,4,27954],[11,22,13289],[9,15,20758],[4,14,20758],[8,11,126097],[-3,18,22553],[-9,19,126097],[56,55,390610],[49,7,32683],[22,1,11176],[53,5,0]],[[17008,38512,0],[9,13,7824],[23,28,53559],[21,20,9898],[27,26,141945],[9,5,10068],[13,6,27605],[28,11,14769],[9,2,96943],[12,13,8817],[15,15,7517],[18,18,254081],[-17,1,9586],[-6,-2,9586],[-4,2,17497],[-9,-3,9427],[-2,1,69364],[-1,12,21264],[7,3,37709],[-1,1,7402],[-7,5,7413],[-2,3,19346],[-4,-2,254081],[19,36,47330],[19,28,12673],[23,36,29666],[14,23,69009],[1,36,69009],[23,12,133789],[27,35,30010],[30,33,0]],[[17302,38929,0],[16,-43,37795],[5,-8,11847],[4,-4,8182],[4,-6,126546],[-2,-8,8422],[-2,-2,8267],[-1,-5,8586],[-9,-29,12430],[-4,-15,306178],[-25,-36,33957],[-20,-36,80141],[2,0,10296],[-6,-10,13757],[-2,-5,8717],[0,-7,39728],[-22,-35,39728],[-43,-82,335474],[-12,-4,7936],[-67,-21,51999],[-24,-13,335474],[12,-34,112672],[-2,-17,32852],[-11,-5,36491],[-2,-19,20546],[-4,-6,59318],[5,-27,59318],[-21,-9,116253],[-2,-21,11908],[1,-14,41668],[6,-42,838630],[9,12,9921],[5,4,82469],[12,0,8983],[4,2,34517],[32,13,18964],[5,4,36485],[36,13,25660],[20,3,203710],[0,11,8116],[1,10,24246],[4,14,10272],[3,13,155381],[18,3,40413],[32,20,59527],[5,13,16240],[7,8,59527],[14,6,18852],[19,3,382039],[2,14,10033],[10,77,16447],[12,82,318777],[2,4,13748],[14,10,43435],[32,7,80237],[24,1,17029],[8,-2,24215],[10,1,7162],[13,2,0]],[[17429,38714,0],[-1,-12,13029],[-4,-15,35471],[4,-22,72973],[-19,-2,111895],[-4,-35,13435],[-2,-29,7025],[-5,-66,167883],[-15,-11,7717],[-11,-9,101197],[-9,-26,46800],[3,-6,18441],[-1,-11,11882],[2,-16,63943],[-13,-5,35717],[4,-7,16720],[-6,-2,16720],[1,-8,370445],[-2,-2,6988],[-11,-5,17088],[4,-2,18735],[16,8,18735],[15,-4,53981],[32,3,26574],[31,7,0]],[[17438,38437,0],[1,-2,27599],[-4,-34,11058],[-2,-18,11058],[-4,-32,8439],[-2,-18,217428],[23,-59,9684],[6,-15,25847],[7,-14,149758],[17,-145,0]],[[17480,38100,0],[-11,-3,9707],[-11,-1,22044],[-12,-3,7807],[-7,-3,10710],[-7,-1,10710],[-8,-3,19120],[-14,-3,62381],[-1,-3,9941],[-5,0,11036],[-1,-5,13715],[-7,-2,53456],[-2,1,7305],[-9,0,13616],[-11,-2,24913],[-8,3,12864],[-9,0,8872],[-2,1,53456],[-58,-11,179477],[-19,8,55581],[-42,-9,55581],[-37,0,9445],[-29,0,25172],[-7,2,16325],[-23,-1,289094],[-10,33,84976],[-15,15,12895],[-30,27,16124],[-8,9,278060],[-17,-19,38534],[-32,-20,91468],[-38,-13,8863],[-22,-8,16927],[-4,0,0]],[[16964,38089,0],[0,0,16831],[-27,127,42144],[-3,6,21724],[-2,13,11689],[-3,6,11689],[1,5,7035],[-2,2,7035],[-3,12,128729],[3,4,10379],[10,6,65987],[4,4,11582],[-1,6,23942],[-7,9,23942],[-2,5,7685],[-4,25,384660],[-6,-2,8716],[-1,2,26721],[7,5,7590],[10,10,24201],[9,3,62277],[1,5,7466],[3,5,15311],[-2,6,34385],[3,11,12493],[4,5,12493],[8,18,62277],[10,15,10375],[15,19,25932],[6,10,9545],[10,17,163748],[2,47,10045],[1,17,0]],[[17438,38437,0],[36,12,7943],[12,4,28803],[13,1,122912],[4,-5,13688],[4,-10,34351],[14,-12,9924],[9,-7,229570],[7,-4,7031],[6,-1,24332],[8,0,9107],[3,3,52668],[13,19,87655],[7,4,17621],[13,0,40007],[8,-3,12008],[6,-5,7090],[4,-2,42720],[13,-2,9581],[7,0,28489],[10,2,10676],[5,3,126109],[11,15,12634],[5,5,30645],[12,5,78205],[10,1,11499],[11,-1,11499],[22,0,67691],[5,1,8619],[4,3,25260],[6,10,13336],[5,5,126109],[11,-1,14076],[25,-5,14736],[12,-1,0]],[[17779,38471,0],[8,-29,33268],[-2,-18,33268],[1,-7,9320],[4,-16,12276],[3,-21,66976],[-5,-24,27231],[2,-13,364629],[57,-87,29286],[39,-56,216031],[6,4,13482],[8,2,8313],[4,-1,17739],[1,3,12420],[10,3,126249],[2,-12,31057],[-1,-80,126249],[34,-89,97387],[51,-85,498221],[153,-173,1464163],[-32,-216,12235],[-31,-210,389335],[-97,-251,0]],[[17994,37095,0],[-193,145,370613],[-49,18,70171],[-76,10,152436],[-53,18,64309],[-110,50,442925],[6,60,225993],[-59,22,69063],[-28,-4,151613],[-20,17,42443],[-30,39,0]],[[17382,37470,0],[-73,125,555913],[40,22,146793],[69,130,146793],[30,34,22734],[48,59,71646],[17,26,30168],[33,45,594385],[-8,21,52904],[-40,43,168415],[-9,20,34731],[-12,50,100365],[13,16,29682],[21,37,7222],[0,2,100365],[-11,0,10684],[-1,1,14359],[-11,0,8471],[-8,-1,0]],[[16198,37927,0],[24,19,37211],[40,22,0]],[[16262,37968,0],[37,-7,69066],[12,3,24088],[21,13,0]],[[16332,37977,0],[45,10,34705],[32,11,152402],[18,-12,7986],[43,-27,95082],[23,10,423473],[17,-47,25896],[8,-16,10129],[3,-11,11147],[7,-14,241053],[6,-6,22205],[-6,-7,17180],[4,-4,37246],[-12,-9,55465],[16,-18,55465],[-14,-11,45122],[-13,15,22851],[-4,-3,55465],[0,-7,10164],[-2,-5,12603],[0,-6,7117],[-2,-10,121762],[-15,-14,7286],[-13,-9,36329],[-10,-4,10106],[-7,-2,0]],[[16456,37781,0],[-7,-1,10535],[-11,-3,29865],[-8,-7,8190],[-6,-4,27205],[-11,0,19527],[-6,-2,9674],[-4,-4,70786],[-9,-16,26764],[-7,-7,12779],[-6,-3,110661],[-21,1,16278],[-4,-2,10576],[-8,0,34152],[-10,6,92569],[-4,-1,11455],[-6,-6,18963],[-18,-5,44365],[-4,-3,12134],[-2,-9,19823],[-9,-6,0]],[[16726,38273,0],[-1,14,23432],[2,10,12913],[4,5,103851],[16,9,32532],[10,4,8468],[7,1,7276],[6,2,20757],[13,8,20757],[8,2,7990],[9,0,14925],[0,2,0]],[[16800,38330,0],[13,0,10973],[5,-2,16510],[10,2,0]],[[16828,38330,0],[10,-29,107635],[1,-25,11550],[1,-33,22440],[4,-37,22440],[3,-57,7355],[3,-61,7355],[1,-17,0]],[[16851,38071,0],[-16,8,39817],[-12,0,12757],[-26,-1,65680],[-8,2,12698],[-20,6,7327],[-6,2,7327],[-8,2,21959],[-10,-1,17982],[-14,5,21959],[-17,4,11786],[-6,2,11786],[-16,4,7666],[-12,3,0]],[[17429,38714,0],[1,8,9229],[5,21,31109],[4,35,9305],[2,26,22743],[6,40,174616],[8,8,34318],[35,9,164270],[2,2,7508],[-1,7,7508],[9,67,9119],[5,37,0]],[[17505,38974,0],[-11,19,7575],[-26,50,11818],[-8,15,63322],[-12,40,0]],[[17448,39098,0],[155,48,0]],[[17603,39146,0],[46,-118,77155],[4,-32,447724],[28,4,42723],[30,0,21858],[38,-1,52594],[18,4,21425],[10,0,7526],[23,2,174284],[35,17,45500],[30,23,0]],[[17865,39045,0],[2,-29,20670],[2,-64,42558],[3,-46,20153],[5,-63,16833],[2,-15,15810],[1,-12,7590],[-1,-5,7590],[1,-7,330411],[-7,-3,13830],[-21,-5,24269],[-19,-3,22109],[-29,-9,330411],[-6,-12,51285],[0,-7,6994],[1,-50,10138],[1,-8,28166],[-2,-15,158347],[11,-52,54009],[-1,-8,7989],[-3,-6,19209],[0,-21,51882],[5,-23,8697],[4,-12,111575],[11,-16,10371],[2,-5,17594],[8,-8,303695],[-4,-12,32292],[-7,-7,8144],[-12,-11,21091],[-5,-8,54356],[-1,-12,15620],[-2,-9,8167],[-3,-5,84497],[-8,-3,9763],[-14,-3,0]],[[16507,38638,0],[0,17,25285],[-7,43,0]],[[16500,38698,0],[15,16,28941],[21,12,28941],[14,10,11891],[20,16,21909],[38,26,222481],[33,8,21568],[6,-1,106345],[5,-28,9729],[5,-21,0]],[[16657,38736,0],[2,-7,17627],[3,-41,47374],[-1,-65,217615],[-27,-36,62575],[-11,-30,32533],[-21,-39,203584],[-7,-41,53947],[6,-39,135504],[6,-4,11412],[12,-6,53806],[6,2,8027],[4,0,8027],[11,1,7856],[7,2,8419],[5,-1,8419],[6,2,117055],[0,-10,15754],[5,-13,20965],[1,-13,12896],[-1,-5,135504],[-5,-2,10023],[-17,-4,42172],[-43,3,456340],[-6,-1,9390],[-8,-4,26221],[-4,-6,10358],[-7,-7,59645],[-2,-5,8339],[-2,-9,22405],[4,-10,69337],[-14,-5,11873],[-11,-3,56403],[-5,-5,19303],[0,-14,30949],[-3,-4,8478],[-6,-2,165217],[-6,1,7455],[-4,3,20450],[3,6,23015],[-14,7,8852],[0,1,58672],[-23,0,19529],[-5,-3,0]],[[16485,38330,0],[-27,-2,44191],[-28,10,0]],[[16430,38338,0],[23,56,0]],[[16453,38394,0],[3,4,13141],[1,15,28566],[1,3,7369],[5,12,7369],[5,10,50990],[1,6,13033],[5,27,9619],[1,11,28475],[4,9,13180],[4,20,50990],[5,10,7091],[7,14,45670],[11,49,10235],[1,7,124048],[-1,42,8819],[1,5,0]],[[16618,38321,0],[3,-1,9122],[6,-8,0]],[[16627,38312,0],[4,-4,13311],[1,-9,27038],[-3,-11,10599],[0,-6,69234],[28,-15,0]],[[16657,38267,0],[-3,-17,12377],[-4,-10,12377],[0,-7,24648],[-5,0,24648],[2,-6,7438],[-1,-3,7438],[1,-10,21595],[-3,-5,145787],[-17,9,8959],[-6,2,57363],[-19,-15,66794],[2,-6,7651],[4,-5,25949],[6,-4,10466],[1,3,7359],[2,-3,7359],[5,-2,66794],[-2,-3,18060],[-23,-15,33818],[-11,-10,16634],[-12,-14,12031],[-8,-8,213520],[13,-7,59027],[12,4,15986],[11,5,7867],[6,3,33795],[3,-5,27748],[3,1,7317],[16,10,18132],[2,-2,0]],[[16632,38147,0],[-5,-3,10263],[-9,-9,24914],[-11,-8,9578],[-15,-7,25175],[-12,-9,8217],[-17,-14,41265],[-5,2,29160],[-6,-5,9198],[-6,-2,9198],[-12,-8,14396],[-1,2,11750],[-8,-9,41265],[0,-2,8706],[-7,-13,36121],[-4,-4,7261],[-5,-2,19208],[-8,1,63457],[-3,-2,9478],[-2,-6,18451],[4,-7,60495],[-18,-10,21290],[-26,-11,215310],[-28,-10,9810],[-36,-13,9810],[-60,-21,0]],[[16332,37977,0],[18,53,7266],[11,36,0]],[[16361,38066,0],[44,11,0]],[[16405,38077,0],[43,25,36596],[37,16,64838],[15,14,29402],[21,12,11886],[5,4,289894],[20,26,7839],[7,9,45287],[11,11,19664],[12,12,7944],[24,24,41401],[8,13,9290],[3,4,179380],[5,40,23035],[2,34,0]],[[15729,38173,0],[152,38,184389],[128,-18,184389],[90,32,0]],[[16099,38225,0],[219,81,190805],[74,-1,0]],[[16392,38305,0],[-2,-70,0]],[[16390,38235,0],[-1,-16,18532],[1,-21,22654],[-3,-13,22654],[1,-15,16031],[-2,-25,105176],[-9,-30,21750],[-5,-9,30520],[-3,-14,15937],[-2,-5,8881],[-6,-21,0]],[[16262,37968,0],[-28,10,35373],[-28,3,145757],[5,30,32197],[-2,23,87890],[-24,17,432876],[-61,-10,35007],[-39,-3,37382],[-34,-7,22327],[-33,-5,196137],[-31,2,26432],[-25,5,73772],[-40,-2,34416],[-39,-6,100589],[-27,4,19100],[-34,8,400504],[-17,11,29621],[-24,22,18940],[-20,17,64460],[-13,22,0]],[[15748,38109,0],[-19,64,0]],[[16456,37781,0],[6,-8,49484],[2,-21,22800],[0,-30,40204],[6,-28,101334],[11,10,24144],[5,14,299269],[9,0,15140],[4,-5,29393],[6,2,9009],[7,-2,10179],[18,2,60141],[21,-12,31081],[23,-5,134994],[1,11,29507],[9,-49,134994],[49,-36,24852],[57,-41,178897],[133,-61,390252],[10,-78,0]],[[16833,37444,0],[-65,-40,193995],[-81,50,193995],[-70,-16,7896],[-14,-3,131155],[-4,1,8242],[-1,4,8242],[-5,4,7429],[-1,3,9765],[-10,8,41416],[-9,4,10707],[-12,2,131155],[-44,0,9609],[-38,0,57777],[-31,-12,54198],[-17,3,7631],[-13,2,0]],[[16418,37454,0],[-70,-22,0]],[[16503,38247,0],[28,8,0]],[[16531,38255,0],[24,11,35624],[8,8,15274],[20,14,62863],[-6,10,29293],[13,3,29293],[1,14,62863],[4,-3,9422],[1,3,11793],[7,6,22588],[9,1,10331],[6,-1,0]],[[16405,38077,0],[5,31,7663],[2,11,133664],[31,45,67568],[16,15,26019],[14,5,21297],[8,8,105667],[3,6,9383],[9,20,22161],[10,24,13051],[0,1,0]],[[16503,38243,0],[0,4,0]],[[16115,38874,0],[36,-40,49632],[6,-19,285269],[-8,-50,13011],[-6,-34,14671],[-1,-15,14671],[-3,-8,56052],[1,-24,15918],[-1,-10,145173],[-10,-13,29278],[1,-12,17453],[-5,-9,46748],[-6,-5,9426],[-1,-2,12273],[-8,-5,42262],[-1,-2,7443],[1,-9,25323],[-11,-17,90912],[-1,-15,15493],[2,-19,0]],[[16100,38566,0],[4,-24,0]],[[16104,38542,0],[-112,-65,195912],[-311,-238,264407],[-10,-36,0]],[[15671,38203,0],[-225,-86,0]],[[15712,38553,0],[-16,23,0]],[[15696,38576,0],[-12,24,17840],[-7,17,45483],[-5,8,8898],[-5,6,17683],[-7,5,377277],[15,5,11921],[5,3,11921],[31,11,45533],[4,-5,21133],[14,4,145389],[14,11,26999],[24,9,51542],[12,9,13839],[24,18,14659],[20,14,85019],[73,34,253587],[56,74,0]],[[16115,38874,0],[-76,14,189488],[-87,-65,0]],[[17302,38929,0],[18,-18,159269],[13,5,13201],[101,34,10273],[71,24,0]],[[16144,38472,0],[5,-1,13323],[13,5,29300],[25,11,7751],[16,7,62382],[4,1,8776],[5,-2,11580],[8,1,14469],[7,-2,60713],[1,13,7885],[1,3,24043],[8,10,62382],[27,14,31831],[40,18,13504],[15,5,130615],[26,2,8189],[19,2,130615],[35,16,23328],[36,17,10771],[6,3,73715],[66,43,0]],[[16430,38338,0],[-14,-34,0]],[[16416,38304,0],[-24,1,0]],[[16099,38225,0],[-29,68,24176],[-2,8,0]],[[16068,38301,0],[-3,21,11318],[-3,24,61143],[2,75,10637],[0,13,250865],[8,3,11245],[21,11,8098],[12,7,24784],[20,7,16520],[19,10,0]],[[16657,38736,0],[27,7,20422],[38,11,13840],[13,5,13840],[22,6,46975],[36,6,0]],[[16793,38771,0],[-1,-7,15104],[4,-17,48428],[-3,-32,7928],[-1,-8,29097],[-5,-27,54778],[3,-27,163954],[-4,-20,15199],[-7,-28,8386],[-4,-17,37386],[-4,-10,11677],[-6,-21,59810],[-5,-20,11796],[-8,-47,20536],[-5,-21,413706],[-10,-17,10301],[-5,-9,55815],[-7,-32,11153],[-4,-12,13749],[-2,-13,13749],[-3,-8,99068],[3,-3,17354],[-5,-4,11590],[-2,3,11590],[-8,-2,17713],[0,4,17713],[-6,0,7252],[-9,-1,82977],[10,-19,29254],[-8,-1,39190],[-5,-12,15836],[3,0,15836],[-7,-11,192138],[-21,-5,35893],[2,-10,51620],[-24,-5,18448],[0,2,11064],[-12,-2,0]],[[16503,38247,0],[-29,9,73127],[-58,48,0]],[[16793,38771,0],[20,3,35250],[-1,3,16409],[13,10,83256],[19,5,29062],[1,-7,34067],[3,-3,10008],[7,1,12345],[2,-4,12345],[13,-7,157124],[18,10,21488],[53,24,35322],[10,4,9719],[20,6,24487],[7,5,16713],[20,8,352822],[-5,45,16465],[0,14,83188],[5,19,14491],[11,30,263971],[6,3,15561],[14,1,15561],[9,3,35079],[28,1,9969],[9,1,78458],[29,15,22417],[18,7,0]],[[17122,38968,0],[-2,-46,52718],[1,-26,9524],[0,-18,31983],[5,-23,110788],[-5,-20,24642],[-11,-23,33331],[0,-12,163571],[-23,-10,13014],[-22,-9,29119],[-6,-6,163571],[9,-21,13356],[10,-28,60251],[3,-1,10395],[8,-6,45541],[-9,-8,29247],[-2,-17,592882],[-6,-2,9466],[-15,-1,12293],[-7,-2,10078],[-12,-1,54138],[4,-4,7770],[2,-1,13463],[3,-6,54138],[-13,-6,8145],[-17,-7,36685],[-12,-13,43015],[-38,-15,375164],[-23,-23,72263],[-3,-11,11002],[-1,-11,28868],[2,-12,7582],[1,-6,103401],[-3,-6,20094],[-11,-6,14434],[-4,0,46354],[0,-19,47736],[-7,-2,18613],[-2,-8,18613],[-20,-20,81623],[-1,-14,46090],[-7,-13,9809],[-20,-32,161619],[-41,-47,37550],[-17,-15,7285],[-14,-12,35230],[-4,-8,17354],[-14,-14,161619],[1,-7,8171],[4,-5,8171],[-1,-2,11950],[3,-7,39962],[15,-6,0]],[[16696,38255,0],[-4,5,12869],[-8,3,29484],[-27,4,0]],[[16833,37444,0],[205,-46,162862],[67,10,78599],[36,-10,334789],[41,54,186765],[100,-14,0]],[[17282,37438,0],[-24,-62,96145],[-40,-38,313494],[-112,-41,95801],[-56,-16,40878],[-38,-5,327080],[-50,-108,327080],[-92,-19,110045],[-40,-4,25475],[-19,0,57137],[-8,3,7579],[-17,5,914581],[-16,-15,7110],[-9,-9,21246],[-9,-8,13870],[-18,-17,47397],[-17,-1,42892],[-3,-3,9318],[-10,-9,28491],[-3,1,10310],[-11,1,15799],[-3,-3,28491],[17,-7,203938],[1,-4,10097],[7,-5,10725],[3,-5,10725],[5,-4,89658],[-3,-7,9417],[-3,-7,28706],[-14,-9,55079],[1,-3,7550],[-2,-3,7550],[-1,-8,15784],[2,-4,8482],[0,-4,28274],[-7,-12,146098],[-13,-13,16844],[-7,-3,16844],[0,-3,9996],[-5,-6,24169],[-4,-2,9332],[-11,-9,65644],[-5,-9,7045],[-1,-5,15106],[-4,-3,15744],[-3,-12,14504],[-5,-5,282104],[3,-2,7152],[-2,-2,8004],[5,-8,16610],[6,-6,22327],[1,-12,22327],[6,-4,7231],[1,-2,57192],[-3,-10,32366],[3,-4,9632],[1,-7,9632],[5,-17,282104],[-9,-4,25592],[-3,-6,15260],[-10,-5,15260],[-5,-6,10589],[-3,-1,10589],[-12,-7,86005],[-4,-8,10841],[0,-4,34870],[-5,-4,9876],[0,-3,10164],[-10,-10,7927],[-7,-9,29084],[-4,-3,14672],[-2,-10,111111],[-13,-4,8691],[-4,-3,8691],[-6,-1,29402],[-9,2,11988],[-6,-1,111111],[-2,-3,8179],[-4,-7,18052],[0,-10,18052],[-4,-8,11117],[-1,-6,11117],[-7,-24,0]],[[16632,38147,0],[4,0,12286],[17,6,30196],[4,-2,8057],[1,-4,0]],[[16851,38071,0],[4,-1,11307],[13,0,35239],[30,9,35239],[37,8,27982],[29,2,0]],[[17382,37470,0],[-100,-32,0]],[[17122,38968,0],[169,52,170707],[-1,5,62327],[2,2,7000],[28,14,18323],[47,23,44717],[35,22,100413],[46,12,0]],[[17008,38512,0],[-14,-15,41476],[-23,-47,73109],[-8,-18,14296],[-10,-26,28617],[-2,-13,254920],[-15,-13,29538],[-7,-11,16083],[2,-3,10311],[-4,-4,51743],[-17,-11,23077],[-6,-7,14137],[-10,-8,141132],[-14,4,7587],[-6,0,48532],[-6,-1,8317],[-16,-2,17018],[-8,-4,11872],[-16,-3,0]],[[15474,38821,0],[-28,-20,30204],[-22,-22,74998],[-40,-15,0]],[[15474,38821,0],[-2,-109,73979],[7,-28,7512],[4,-11,73979],[-1,-20,8098],[0,-18,33499],[-6,-26,0]],[[15476,38609,0],[-6,-38,0]],[[15069,38613,0],[-51,-61,0]],[[15384,38764,0],[1,-7,12911],[5,-7,59137],[-30,-26,133645],[-28,59,25129],[-7,11,195077],[-115,-52,321965],[-48,-56,51530],[-35,-33,112093],[-22,-3,28021],[-9,-4,10540],[-7,-5,55011],[-14,-18,0],[-1,-1,0],[-5,-9,0]],[[16104,38542,0],[5,-27,0]],[[16109,38515,0],[2,0,8340],[0,-7,20392],[9,3,23433],[6,-3,14115],[7,-10,50568],[-1,-4,6997],[0,-4,26035],[3,-6,11993],[9,-12,0]],[[15729,38173,0],[-58,30,0]],[[17054,39392,0],[-39,-24,31823],[-13,-4,118223],[-35,-46,54207],[-30,-17,54207],[-7,-21,0]],[[17643,39446,0],[-213,-117,305782],[-22,17,25102],[-23,13,199756],[-23,-4,21701],[-21,-7,73890],[-44,-21,19064],[-17,-7,27202],[-15,-7,8278],[-19,-11,607927],[-13,28,93273],[-34,30,54490],[-17,0,52157],[-32,29,214254],[-23,-2,14282],[-17,1,13461],[-12,-2,48087],[-9,5,28774],[-21,1,10122],[-14,0,0]],[[17695,39313,0],[-4,10,19215],[1,4,7142],[-1,3,10260],[2,2,19215],[-2,4,8197],[1,3,8197],[-2,10,7978],[0,4,38584],[-5,12,11886],[-4,15,96382],[-38,66,0]],[[17695,39313,0],[39,-89,291480],[-7,-9,32247],[-20,-11,16576],[-14,-6,37418],[-43,-32,75708],[-23,-10,11035],[-24,-10,0]],[[16500,38698,0],[-20,18,9897],[-15,13,69900],[-8,-2,12553],[-9,0,36095],[-4,2,8740],[-8,7,16812],[-9,2,138796],[-8,-7,12983],[-14,-8,16677],[-8,-7,89119],[-6,3,15202],[-6,-4,36264],[-9,5,10157],[-10,7,13960],[-6,2,7201],[-3,2,381465],[-3,9,22600],[4,6,7601],[2,5,29367],[10,3,24025],[2,3,9320],[-3,6,62513],[-16,13,62513],[-3,49,260972],[-61,60,81726],[-72,52,0]],[[16930,39280,0],[16,-31,190539],[-106,-62,38761],[-33,-27,38549],[-14,-3,190539],[-49,-67,143316],[-46,-17,17439],[-9,-2,124161],[-13,-13,23932],[-35,-39,16267],[-15,-17,742721],[-31,-13,47158],[-24,-13,8462],[-75,-42,231829],[-18,62,231829],[-24,-19,42402],[-29,-10,107951],[-39,17,123908],[-107,-45,123908],[-62,-2,0]],[[18138,38742,0],[-6,-10,13187],[-5,-12,54645],[-2,-12,8720],[0,-5,24601],[5,-15,22692],[-2,-11,279802],[13,-5,17378],[7,1,56858],[5,-3,7074],[0,-2,7074],[5,-2,7960],[23,-18,14452],[5,-1,14452],[8,-7,7510],[4,-4,114630],[13,-19,24368],[11,-18,8864],[5,-7,16822],[-1,-4,8821],[3,-3,176555],[14,4,14888],[13,0,19451],[30,7,68208],[30,-8,93869],[-4,-12,8309],[-1,-2,45845],[-10,5,11275],[-14,4,45845],[-8,-1,13751],[-21,-5,7451],[-7,-1,42510],[5,-7,93869],[10,2,14427],[6,0,8959],[12,1,25575],[8,-4,19796],[11,2,54828],[5,-1,12978],[1,-7,14838],[6,-2,299067],[0,-3,8871],[-5,0,8871],[-5,-5,23616],[1,-9,23616],[-6,-6,16605],[1,-6,16605],[-5,-5,14465],[0,-8,69725],[-5,-2,11428],[-2,-7,11428],[-5,-4,33324],[-14,-2,17114],[-6,-5,69725],[-7,-15,28796],[0,-4,8282],[2,-9,299067],[7,-10,18637],[5,-3,9325],[3,-5,10336],[9,-8,35475],[4,-6,12191],[-2,-5,141963],[21,-3,41218],[49,-18,69224],[38,0,0]],[[18393,38412,0],[-15,-65,0]],[[18378,38347,0],[-9,2,11915],[-4,-1,8282],[-9,2,0],[-1,0,0],[-9,4,15927],[1,2,7220],[-3,4,15927],[-10,8,14907],[-1,5,14287],[-4,4,7744],[-5,3,38247],[-8,2,19347],[-11,10,10033],[-2,0,38247],[-3,10,18226],[-10,10,335761],[-3,-4,10137],[-9,-8,18459],[-5,-11,26763],[-6,-7,12517],[-7,-4,25098],[-5,-7,7332],[-3,-6,14502],[-7,-7,58227],[-2,-1,7614],[-18,-3,58227],[-3,-6,15047],[1,-12,15047],[-1,-8,9126],[-2,-4,101533],[-11,-4,18624],[-10,-9,12353],[-7,-3,27999],[-14,-4,101533],[-1,-5,8729],[-4,-8,22873],[3,-10,53984],[-5,-4,13990],[-1,-6,19786],[-3,-4,7880],[-8,-5,25429],[-7,-8,14557],[-1,-6,659829],[5,-4,9530],[7,-10,31791],[2,-9,11976],[3,-4,15568],[0,-8,74425],[-5,-5,10699],[-7,-12,44044],[-1,-13,17915],[5,-8,83862],[52,-15,32505],[12,-7,83862],[-12,-18,80205],[-22,12,30331],[-25,8,119118],[2,-5,10401],[7,-6,16468],[3,-6,8489],[0,-4,35932],[-5,-4,8752],[-2,-4,35932],[6,-9,17110],[5,-2,8894],[4,-4,35932],[3,-9,14610],[5,-6,9313],[3,-8,7495],[3,-5,14782],[4,-11,168604],[-2,-4,12864],[-7,-1,14283],[-5,-7,28972],[0,-8,14191],[-4,-5,86257],[2,-13,19179],[3,-7,9507],[1,-7,9507],[3,-10,38625],[0,-9,9171],[1,-7,10894],[-2,-7,168604],[10,-9,20067],[8,-1,20067],[21,-10,83322],[3,-6,14972],[1,-5,8051],[-3,-2,22456],[3,-3,10496],[2,-9,10496],[3,-5,7576],[3,-8,901402],[11,-2,14451],[12,1,14451],[7,0,9444],[10,1,9444],[5,-1,59051],[7,-8,7635],[7,-7,37554],[9,-2,14114],[7,3,138392],[19,-26,21986],[21,-23,87391],[22,-10,25130],[12,0,359963],[93,59,166036],[83,1,0]],[[18569,37915,0],[128,3,8760],[18,1,184711],[39,-39,0]],[[18754,37880,0],[110,-112,234796],[16,-84,47254],[-1,-18,401156],[-44,-13,139174],[-50,-90,401156],[54,-37,9123],[109,-75,0]],[[18948,37451,0],[-24,-74,205566],[0,-8,9332],[0,-104,12956],[0,-3,15605],[0,-58,8891],[0,-66,70068],[-4,-73,598392],[26,-79,228000],[95,-26,7637],[29,-8,0]],[[18687,36818,0],[103,36,9116],[280,98,0]],[[17997,36652,0],[33,47,186911],[20,-1,13019],[7,1,43969],[7,-4,14426],[25,-8,85819],[4,-10,20130],[-5,-4,12253],[1,-5,65030],[8,-3,11995],[18,-6,22047],[11,0,186911],[42,10,51568],[9,2,8667],[4,-1,20911],[12,-5,57917],[7,1,10326],[3,2,10326],[19,4,15659],[11,1,24450],[8,3,6988],[1,2,10948],[6,1,78865],[8,-3,9297],[6,-4,32432],[8,1,9545],[12,3,426002],[257,90,28785],[148,52,0]],[[17997,36652,0],[-16,18,12671],[-68,79,349410],[13,8,68444],[7,66,206845],[-29,65,134434],[-15,137,524302],[105,70,0]],[[17865,39045,0],[7,22,14791],[1,10,103157],[19,17,47112],[26,15,22961],[24,10,243097],[52,8,51808],[53,-3,28165],[7,3,131427],[4,-27,0]],[[18058,39100,0],[14,-80,13481],[10,-56,119403],[9,-35,14467],[5,-19,20029],[7,-25,36785],[9,-44,36785],[9,-28,15265],[2,-10,8574],[4,-12,8574],[1,-6,86055],[21,3,61407],[1,-9,21966],[2,0,8501],[6,-8,16513],[6,-13,86055],[-17,-5,26606],[-5,-4,10461],[-4,-7,0]],[[15952,38823,0],[-17,93,135091],[-16,48,59756],[-41,84,351384],[-83,-36,0]],[[15795,39012,0],[-18,-7,28720],[1,-8,28720],[-60,-53,212732],[-1,-29,7417],[0,-33,10855],[0,-40,159306],[-26,-17,34156],[-17,-19,501510],[-66,55,50561],[-10,15,12057],[-5,5,282872],[-50,-25,47748],[-30,-7,76708],[-39,-28,0]],[[17462,36348,0],[240,220,515085],[258,34,262514],[19,24,18613],[18,26,0]],[[16217,38937,0],[-79,-22,125322],[-23,-41,0]],[[13297,39615,0],[-63,-204,20245],[-3,-3,14127],[-2,-14,0]],[[13229,39394,0],[-1,-9,8986],[-2,-5,16569],[-7,-7,14615],[2,-3,7030],[-2,-3,44261],[-5,-2,10413],[-10,-7,0]],[[13204,39358,0],[-7,3,7954],[-14,4,17751],[-12,2,42031],[-10,-2,8747],[-8,-2,0]],[[13153,39363,0],[-3,13,11301],[1,6,0]],[[13151,39382,0],[2,2,6973],[1,2,19549],[-4,5,6973],[-3,7,0]],[[13147,39398,0],[2,1,21116],[1,32,81290],[61,255,0]],[[5353,31531,0],[10,2,13899],[38,5,26046],[5,-2,12355],[7,1,89698],[-3,23,89698],[12,1,25319],[26,-7,29954],[3,-2,10123],[0,-5,29954],[19,4,0]],[[5470,31551,0],[25,4,92600],[-5,28,54215],[12,31,0]],[[5502,31614,0],[46,-15,6973],[1,0,0]],[[5549,31599,0],[4,0,18719],[14,1,7035],[37,5,144574],[0,8,38348],[27,-67,189228],[103,4,0]],[[5734,31550,0],[-1,-23,59847],[23,-59,205143],[-2,-15,25239],[4,-23,43053],[-8,4,52653],[-3,-7,17538],[-17,-34,91251],[-10,-39,13895],[-3,-17,45944],[0,-16,12963],[-2,-23,0]],[[5715,31298,0],[-54,0,52394],[-64,8,222459],[-56,20,25727],[-73,29,30650],[-102,36,0]],[[5366,31391,0],[14,94,35419],[7,31,165295],[11,11,56383],[-36,3,10097],[-9,1,0]],[[6228,32105,0],[-36,12,90653],[-36,6,9848],[-47,9,52901],[-71,7,28908],[-44,7,196926],[-41,10,20566],[-32,10,86308],[-13,7,22094],[-11,10,9954],[-8,8,558454],[-77,113,59259],[-33,35,38648],[-7,16,136382],[-17,13,21950],[-12,14,8163],[-2,3,41742],[-8,-2,0]],[[5733,32383,0],[-3,1,25071],[-52,-7,0]],[[5678,32377,0],[-20,96,0]],[[5658,32473,0],[362,65,0]],[[6020,32538,0],[19,-95,0]],[[6039,32443,0],[35,-43,8099],[24,-31,14414],[63,-79,10988],[8,-11,108657],[51,-79,300279],[7,-50,38054],[1,-45,0]],[[6164,32635,0],[194,76,0]],[[6358,32711,0],[16,-96,48898],[-1,-3,6973],[0,0,6973],[-2,-4,0]],[[6371,32608,0],[-12,-25,13010],[-20,-46,146599],[7,-32,20856],[4,-25,20856],[6,-18,165549],[-10,-19,29241],[-1,-5,7785],[-4,-13,7785],[-5,-17,29241],[-8,-19,19473],[-16,-49,383215],[37,-37,19940],[21,-21,7062],[13,-13,10825],[3,-4,0]],[[6386,32265,0],[-8,-23,9655],[-6,-17,77374],[-9,-13,9233],[-7,-9,33358],[-12,-10,10104],[-4,-2,10104],[-8,-7,77374],[-1,-7,19451],[5,-14,175127],[-12,-8,9050],[-6,-5,9050],[-29,-20,18026],[-29,-21,0]],[[6260,32109,0],[-31,-7,0]],[[6229,32102,0],[-1,3,0]],[[6020,32538,0],[57,10,156047],[87,87,0]],[[5715,31298,0],[52,-64,76346],[35,-24,376375],[65,14,186326],[1,2,10940],[14,34,27383],[9,13,50041],[-2,13,89853],[36,39,295124],[44,-23,20386],[19,-12,45564],[12,-12,0]],[[6000,31278,0],[-23,-37,7262],[-49,-83,285412],[4,-102,50319],[5,0,50319],[-2,-73,0]],[[5935,30983,0],[-4,0,14169],[-18,-5,9860],[-7,-1,0]],[[5906,30977,0],[-66,-82,0]],[[5840,30895,0],[-20,-4,13802],[-18,-2,109692],[-35,32,18631],[-12,13,341587],[-31,-5,17048],[-33,-6,88595],[-13,-3,10976],[-67,-20,14075],[-37,-10,30917],[-36,-12,123898],[-15,-1,9565],[-14,1,20813],[-4,-1,12685],[-27,-2,69458],[-30,-8,13430],[-30,-8,0]],[[5418,30859,0],[-39,-11,50693],[-8,-1,7725],[-17,-4,18663],[-12,0,11739],[-15,-3,8410],[-4,0,22389],[-16,-4,11156],[-17,-2,133703],[-26,18,0],[-22,16,0]],[[5242,30868,0],[7,12,58787],[-24,35,69270],[-9,-7,11864],[-5,-1,69270],[-27,25,29438],[-17,11,140337],[-18,8,9324],[-19,7,9324],[-35,15,0]],[[5095,30973,0],[13,4,22454],[6,9,25711],[8,-4,19028],[4,6,58744],[-7,11,10079],[-3,2,58744],[27,41,31935],[16,19,146651],[6,19,38205],[1,11,12928],[-2,23,33567],[1,8,12572],[4,6,90658],[13,6,14123],[9,7,90658],[24,46,20007],[2,3,7263],[2,5,7263],[4,6,8288],[0,3,8288],[5,6,41570],[7,5,23373],[7,17,12852],[5,7,317654],[8,-4,20122],[20,0,36489],[12,6,78824],[23,-28,78824],[8,16,21542],[4,5,8859],[7,9,55314],[-12,7,0]],[[5317,31250,0],[4,8,9481],[3,10,27288],[-2,11,31719],[3,11,15428],[5,6,45055],[36,95,0]],[[7099,32303,0],[8,-12,20578],[4,2,47753],[5,-9,8101],[3,-11,26877],[7,1,26877],[-3,-12,16984],[-4,0,8899],[-3,-3,16984],[2,-5,9806],[3,2,7489],[0,-2,81277],[-7,-5,22168],[0,-11,18326],[-6,-5,0]],[[7108,32233,0],[-3,-2,17154],[-66,-65,0]],[[7039,32166,0],[-46,44,0]],[[6993,32210,0],[71,68,7994],[0,1,6973],[1,0,0]],[[7065,32279,0],[10,9,9470],[10,7,18558],[14,8,0]],[[7359,32329,0],[7,-4,11547],[5,-1,18885],[4,-4,11645],[8,-5,97876],[0,-11,22837],[3,-13,7874],[5,-14,31962],[2,-12,9799],[2,-11,21010],[1,-9,9233],[-2,-5,234753],[-5,-5,7961],[-3,-5,8975],[-7,-6,7037],[-2,-3,19960],[-8,-6,12142],[-3,-5,12142],[-6,-3,74333],[-3,-6,11698],[1,-7,24778],[-3,-3,7111],[1,-3,7111],[-4,-5,12289],[0,-6,12289],[-7,-16,63356],[-3,-4,9018],[-7,-2,11057],[-8,-6,0]],[[7327,32149,0],[-40,15,31397],[-25,14,0]],[[7262,32178,0],[1,8,8439],[3,16,48202],[3,5,8710],[6,7,22884],[3,1,9376],[7,5,22884],[3,9,0]],[[7288,32229,0],[4,8,9194],[3,1,9962],[4,10,32403],[2,15,18828],[5,10,32550],[3,3,7406],[5,1,18500],[6,10,32550],[-2,4,10360],[0,6,104858],[26,18,23204],[3,6,9989],[4,4,17953],[8,4,0]],[[5699,31804,0],[58,-8,189190],[43,70,66251],[25,23,0]],[[5825,31889,0],[1,1,6973],[30,25,0]],[[5856,31915,0],[87,-96,0]],[[5943,31819,0],[-15,-52,20377],[-3,-5,0]],[[5925,31762,0],[-1,-4,7621],[0,-5,27403],[3,-13,8811],[5,-11,16810],[0,-6,100332],[-5,-15,12683],[-5,-10,22767],[-2,-14,30135],[-17,-42,320547],[-11,4,7142],[-7,3,17214],[-8,0,17214],[-3,6,21772],[-6,1,8230],[-8,4,8733],[-11,2,8733],[-1,2,158942],[-90,-41,0]],[[5758,31623,0],[-59,181,0]],[[5201,32114,0],[22,10,17466],[26,9,65489],[9,-1,8128],[2,0,20606],[6,-7,0]],[[5266,32125,0],[-5,-8,30061],[-1,-14,18024],[2,-7,7106],[2,-3,90293],[8,0,35058],[-1,-5,15497],[5,-9,15497],[1,-10,40705],[6,-9,17290],[10,-4,18595],[9,-11,90293],[16,-56,163098],[-17,-45,118184],[59,18,217831],[0,-39,40043],[-7,-6,35240],[2,-4,16272],[-3,-13,16272],[0,-6,8553],[1,-5,128421],[6,-5,22768],[15,0,18285],[0,-1,7377],[6,-2,38706],[12,5,110901],[0,-35,37927],[-7,-4,25009],[1,-13,0]],[[5386,31834,0],[-8,-3,8246],[-5,-4,13412],[-1,2,13412],[-26,-9,0]],[[5346,31820,0],[-73,-54,0]],[[5273,31766,0],[-99,6,0]],[[5174,31772,0],[3,90,9894],[0,1,6973],[0,0,6973],[0,0,6973],[0,1,0]],[[5177,31864,0],[-1,13,17554],[1,34,107879],[14,30,38102],[12,38,27999],[14,31,14472],[1,5,199461],[-3,7,7475],[-6,10,8110],[-3,7,25900],[-8,6,92050],[0,18,20367],[4,5,20367],[1,15,11355],[2,12,42772],[-4,19,0]],[[5386,31834,0],[17,7,10276],[12,3,50760],[3,3,12302],[30,23,283329],[29,-10,10741],[5,-2,69559],[30,5,28455],[5,-2,12070],[17,1,144164],[5,-5,9731],[9,-3,19571],[74,-37,117977],[34,-7,23589],[17,-2,7419],[26,-4,0]],[[5758,31623,0],[-24,-73,0]],[[5502,31614,0],[-11,45,98069],[-47,44,265179],[-76,-2,175097],[-95,65,0]],[[5769,32061,0],[10,69,238629],[-101,247,0]],[[6229,32102,0],[-12,-3,61916],[18,-49,0]],[[6235,32050,0],[-16,-18,23975],[-24,-21,52629],[-60,-46,0]],[[6135,31965,0],[-54,-38,77653],[-32,-40,84840],[-23,-17,26662],[-10,-11,11707],[0,-2,11707],[-8,-5,49807],[-7,-1,8640],[-9,-3,0]],[[5992,31848,0],[-49,-29,0]],[[5856,31915,0],[-89,92,174326],[2,54,0]],[[6135,31965,0],[28,-30,21992],[7,-4,21992],[8,-13,9869],[6,-8,326189],[-3,-28,26926],[-4,-6,11123],[-1,-8,73211],[-19,11,73211],[-3,-9,10509],[0,-5,18674],[-6,-14,46131],[-14,-6,66030],[-6,-8,10084],[-4,-4,10449],[-3,-5,10449],[-4,-3,10449],[-11,-11,38345],[-29,-23,193399],[11,-8,58109],[-6,-28,18275],[0,-5,13658],[-6,-10,87911],[-26,-38,0]],[[6050,31702,0],[-18,12,51362],[-17,20,11626],[-15,17,8702],[-27,31,0]],[[5973,31782,0],[-1,1,6973],[0,1,6973],[-29,35,0]],[[5640,31960,0],[15,3,72512],[-1,56,72512],[21,57,201930],[36,-5,8759],[6,-1,7999],[13,-2,0]],[[5730,32068,0],[2,0,6973],[1,0,8441],[36,-7,0]],[[5699,31804,0],[-1,4,9076],[-18,65,79439],[-17,28,42670],[-5,13,6986],[-11,28,18624],[2,1,18624],[-9,17,0]],[[5201,32114,0],[-65,-29,24041],[-39,-16,362686],[-5,12,13538],[-6,19,15449],[-5,11,95864],[-19,9,19848],[-12,1,27592],[-11,8,224859],[-12,2,17829],[-15,-2,40681],[-8,-4,12723],[-3,-4,20275],[-12,-4,40292],[-20,2,76715],[-8,-5,13952],[-6,0,20492],[-7,-4,8886],[-3,0,8886],[-5,-4,12697],[-7,-2,12697],[-5,-5,224859],[-8,2,23990],[0,3,8143],[-6,2,10981],[-1,4,8757],[-4,3,17822],[1,3,28108],[-4,4,8306],[-3,1,10331],[-6,5,11340],[-6,4,7078],[-3,1,17917],[-9,8,101856],[-12,3,14903],[-9,3,9472],[-3,0,9472],[-7,4,20988],[-11,2,7320],[-1,1,7241],[-11,3,14551],[-3,-1,9620],[-7,2,0]],[[4815,32156,0],[-31,-3,72588],[-30,25,150406],[-158,-6,0]],[[4596,32172,0],[-4,88,0]],[[4592,32260,0],[208,51,573265],[16,161,292802],[101,130,0]],[[4917,32602,0],[101,32,0]],[[5018,32634,0],[7,-34,75236],[27,1,39474],[3,-10,0]],[[5055,32591,0],[4,-12,29097],[7,-1,8396],[7,-4,45856],[1,-3,14415],[-7,-11,45856],[8,-20,26575],[1,-19,75044],[-8,-18,75044],[16,-93,164113],[43,-95,164113],[-5,-25,14528],[-5,-36,50264],[2,-28,369821],[37,-46,48455],[45,-66,0]],[[6050,31702,0],[40,-42,19261],[27,-27,58720],[25,-34,282466],[10,-35,25442],[15,-65,29595],[17,-63,8720],[10,-39,0]],[[6194,31397,0],[-24,-21,64670],[-14,-6,21766],[-10,-2,8315],[-7,-1,15858],[-10,-4,46138],[-16,-11,12418],[-12,-6,100355],[-16,-6,11853],[-6,-2,32012],[-21,1,174609],[6,-10,21067],[1,-6,7457],[3,-6,11188],[2,-9,77598],[-1,-7,7873],[-2,-6,23036],[-14,-24,149611],[-4,-4,9127],[-5,-2,23545],[-17,-1,59446],[-6,1,7216],[-9,4,18713],[-12,9,0]],[[5544,32444,0],[33,14,63718],[81,15,0]],[[5640,31960,0],[-3,5,13064],[-22,50,73620],[-41,57,251770],[-28,-5,33096],[-40,-1,100295],[-34,22,310800],[-4,34,27057],[-6,24,86015],[-32,69,0]],[[5430,32215,0],[9,15,91388],[105,18,280337],[24,33,12127],[18,24,132253],[2,16,12530],[3,16,46388],[-2,13,13390],[-1,15,17733],[-2,9,0]],[[5586,32374,0],[-42,70,0]],[[9325,31979,0],[-3,-6,20019],[-27,-32,39677],[-24,-37,112670],[-14,-13,18130],[-10,-14,30295],[-11,-8,10341],[-7,-4,57763],[-16,-2,525850],[-26,4,22113],[-30,6,13211],[-27,6,38733],[-36,9,96273],[-26,9,9906],[-22,9,22516],[-24,10,320955],[-14,10,30434],[-10,11,7765],[-12,14,104394],[-5,15,17074],[-3,19,18696],[-7,20,18696],[-3,15,0]],[[8968,32020,0],[-8,20,114757],[87,57,358792],[6,112,214102],[-62,107,0]],[[5353,31531,0],[-9,2,11510],[-9,1,55620],[-6,-28,162067],[-17,12,26049],[-25,10,95359],[-27,-1,10083],[-39,-3,95359],[3,10,10506],[0,3,52611],[-34,9,0]],[[5190,31546,0],[-64,-20,0]],[[5126,31526,0],[-11,88,195925],[-79,63,0]],[[5036,31677,0],[85,98,179002],[53,-3,0]],[[7159,32208,0],[-1,-10,25109],[10,-3,25109],[7,-16,0]],[[7175,32179,0],[-10,-1,0]],[[7165,32178,0],[-9,-6,30249],[-93,-43,0]],[[7063,32129,0],[-7,12,0]],[[7056,32141,0],[86,40,46812],[1,5,0]],[[7143,32186,0],[-2,2,7391],[3,1,9318],[2,12,33181],[2,-2,14056],[6,11,20240],[5,2,12362],[0,-4,0]],[[6926,31618,0],[10,1,10391],[10,4,35556],[14,8,11279],[8,7,168380],[29,49,50850],[46,87,11307],[8,15,236820],[65,33,107184],[11,12,16591],[43,44,0]],[[7170,31878,0],[6,7,18525],[53,54,0]],[[7229,31939,0],[30,-26,0]],[[7259,31913,0],[103,-141,231894],[83,-26,0]],[[7445,31746,0],[19,-50,28306],[0,-6,0]],[[7464,31690,0],[6,-37,17416],[9,-46,232844],[-10,-69,83891],[-18,-42,52269],[-5,-21,14737],[-7,-33,103468],[1,-34,8714],[2,-27,19060],[0,-13,98462],[-9,-17,16893],[-11,-27,0]],[[7422,31324,0],[-18,-4,16183],[-18,-3,85795],[-15,0,13509],[-22,2,40959],[-12,3,11372],[-20,6,40099],[-19,2,11609],[-17,0,113573],[-28,-7,44708],[-46,-2,20924],[-16,-3,320289],[-24,6,11974],[-7,3,61981],[-128,26,38024],[-47,7,7665],[-27,5,29081],[-25,5,104834],[-20,8,14835],[-12,6,0]],[[6901,31384,0],[2,8,23692],[-10,17,34430],[-1,7,14139],[4,7,91426],[10,7,16722],[17,15,9340],[5,5,91426],[3,27,40915],[12,18,54267],[-3,15,34497],[2,9,14068],[4,7,18140],[2,15,206501],[-4,11,8283],[-4,10,22808],[-6,7,52363],[-3,14,17451],[-2,23,20539],[-3,12,0]],[[6235,32050,0],[119,-166,135704],[36,7,135704],[16,-41,9667],[13,-36,0]],[[6419,31814,0],[-1,-36,20859],[-5,-46,28108],[-2,-54,153464],[-3,-17,15908],[-3,-13,8427],[-5,-25,7453],[-3,-9,83611],[-9,-5,16299],[-6,-5,7948],[-6,-6,45610],[-7,-13,22259],[-1,-4,9395],[3,-3,151332],[15,-4,9571],[9,-3,77898],[2,-2,7632],[3,-9,25903],[6,-24,8019],[2,-12,151018],[-1,-7,12965],[-5,-12,52057],[-5,-6,8608],[-6,-4,20058],[-15,-9,25879],[-6,-8,0]],[[6370,31478,0],[3,-10,9467],[3,-9,31250],[-1,-6,10878],[-3,-10,114101],[-16,-24,19232],[-10,-13,9793],[-14,-20,47111],[-10,-11,14339],[-8,-6,296819],[-6,-2,7671],[-10,-3,21486],[-11,2,54320],[-14,6,8752],[-15,6,16687],[-9,2,78858],[-6,-4,12011],[-5,-6,16815],[-9,-3,126131],[-6,2,7106],[-5,3,32166],[-12,10,10057],[-9,11,16185],[-3,4,0]],[[5430,32215,0],[-47,-77,226313],[-59,-7,10085],[-58,-6,19051],[0,0,0]],[[5018,32634,0],[204,-23,0]],[[5222,32611,0],[70,-126,286182],[155,-83,423922],[97,42,0]],[[5317,31250,0],[-30,4,35213],[-14,4,7511],[-7,1,20526],[-9,5,173609],[-1,5,7865],[-1,6,14884],[3,7,14884],[-4,4,36783],[-10,-2,20539],[-2,7,55813],[2,4,7392],[0,6,11215],[4,8,15294],[0,7,55813],[-3,0,7709],[-5,-2,23608],[-5,3,10436],[-1,4,10436],[-5,2,67074],[0,7,12398],[2,9,9427],[1,10,67074],[-1,2,8127],[-7,2,28616],[-6,-2,10069],[-3,-3,14928],[1,-5,10897],[-4,-3,14928],[-3,3,52093],[-4,14,12975],[1,4,0]],[[5206,31361,0],[2,5,7542],[1,7,10723],[4,9,21160],[-2,5,134536],[-66,25,48409],[-45,11,0]],[[5100,31423,0],[26,103,0]],[[4598,32113,0],[-2,59,0]],[[5036,31677,0],[-175,139,0]],[[4861,31816,0],[-260,205,164880],[0,18,0]],[[4601,32039,0],[-3,74,0]],[[5095,30973,0],[-13,5,24048],[-15,-1,79546],[-23,22,25563],[-27,22,274830],[-29,-27,66637],[-23,-47,162016],[-34,1,53756],[-33,-13,0]],[[4898,30935,0],[31,55,14374],[5,12,14374],[9,12,92930],[10,9,32162],[5,8,7367],[20,29,9983],[7,9,34508],[9,6,15102],[6,9,0],[1,0,0],[5,2,8888],[4,-1,0]],[[5010,31085,0],[3,2,0]],[[5013,31087,0],[4,1,8894],[8,7,10035],[0,2,10035],[9,2,15698],[9,8,27623],[6,3,8463],[7,1,51537],[2,7,17877],[4,2,7764],[5,4,14612],[2,5,7906],[2,1,0],[2,1,0],[6,4,25826],[2,3,8198],[12,23,35757],[3,3,7479],[6,3,9604],[3,5,8732],[4,1,19124],[6,9,149077],[0,13,23305],[-2,5,7199],[0,4,10788],[-2,0,17770],[-2,7,7109],[1,4,7109],[-2,6,73124],[-7,4,7978],[-7,3,18013],[-7,0,8395],[-4,2,0],[-1,0,0],[-3,0,7099],[-5,3,0]],[[5074,31233,0],[-1,0,6973],[0,0,6973],[-21,-4,156504],[48,194,0]],[[6773,32435,0],[91,72,0]],[[6864,32507,0],[3,2,8571],[9,3,17469],[23,14,50097],[15,17,13347],[8,7,0]],[[7085,32424,0],[-48,-13,19164],[-1,1,105794],[-57,-29,66999],[-29,-26,19314],[-1,-3,0]],[[6949,32354,0],[-1,-2,6973],[-1,-1,27235],[-42,-95,0]],[[6905,32256,0],[-49,19,0]],[[6856,32275,0],[-83,160,0]],[[6370,31478,0],[23,1,47184],[20,-5,25740],[14,-9,92122],[11,-26,0]],[[6438,31439,0],[2,-4,6973],[1,-1,24080],[36,-24,0]],[[6477,31410,0],[-50,-92,144035],[26,-13,13550],[3,-1,6973],[0,0,6973],[0,0,6973],[1,0,0]],[[6457,31304,0],[10,-1,27383],[15,-7,11953],[6,-5,9962],[9,-3,23785],[3,0,8635],[8,-3,52874],[20,-13,39858],[27,-10,23033],[30,-14,113890],[22,-8,17930],[18,-4,35547],[15,-1,13852],[18,-3,22264],[12,-4,0]],[[6670,31228,0],[0,-8,8964],[2,-5,31898],[13,-18,11450],[5,-8,32966],[2,-13,157299],[-7,-18,24509],[-3,-13,10934],[-1,-13,83933],[-12,-10,15087],[-22,-23,0]],[[6647,31099,0],[-25,-7,12727],[-11,-4,7867],[-11,-3,33910],[-34,-15,169422],[-36,-27,69612],[-17,-9,10210],[-10,-7,21631],[-85,-52,8484],[-55,-35,34790],[-13,-8,7918],[-7,-3,218585],[-27,-9,13026],[-15,-6,27589],[-30,-9,10862],[-9,-2,48829],[-21,-9,9967],[-26,-11,0]],[[6215,30883,0],[-18,-8,51725],[-33,4,7087],[-8,1,120050],[-6,14,21104],[-9,8,23039],[-7,17,0],[-3,8,0],[-2,1,13489],[-22,-3,30641],[-14,5,46492],[-15,0,15528],[-35,-2,7886],[-5,0,7031],[-16,-1,193535],[-3,30,45879],[-13,20,146321],[-33,-9,70146],[-36,15,11757],[-2,0,0]],[[7184,32226,0],[-2,-9,7770],[-3,-7,0]],[[7179,32210,0],[-7,2,17657],[-13,-4,0]],[[7056,32141,0],[-8,17,0]],[[7048,32158,0],[55,53,83304],[22,1,0]],[[7125,32212,0],[11,5,13104],[7,6,50369],[21,5,29418],[4,1,9116],[16,-3,0]],[[6666,31756,0],[81,153,0]],[[6747,31909,0],[58,-20,7257],[2,-1,0]],[[6807,31888,0],[41,-19,218681],[-10,-4,28391],[3,-12,57979],[-12,-70,7806],[-9,-55,86772],[-15,-18,60888],[5,-11,22615],[12,-9,343189],[13,-6,10848],[15,-6,42215],[19,-10,11065],[16,-9,24814],[22,-15,89415],[14,-15,22777],[5,-11,0]],[[6901,31384,0],[-11,-17,10660],[-13,-17,14092],[-18,-27,134166],[1,-18,30052],[-7,-14,48092],[2,-7,16795],[-2,-9,11345],[0,-11,29265],[5,-12,378935],[-2,-6,17767],[-9,0,67278],[-7,5,10441],[-5,6,11379],[-32,34,58796],[-6,-7,148064],[-39,-5,34714],[-13,1,24394],[-24,-3,12597],[-22,-2,223037],[-3,-8,15825],[-8,-8,35220],[-15,-5,26801],[-6,-5,12228],[-2,-5,64427],[4,-11,9442],[1,-5,0]],[[6477,31410,0],[165,268,194829],[24,78,0]],[[8370,31734,0],[-21,-13,52967],[-40,-15,23965],[-49,-16,466682],[-28,-21,67970],[-6,-32,131936],[15,-43,47325],[4,0,8326],[6,-3,144859],[-3,-18,33245],[-18,-54,54502],[3,-6,36834],[-11,-47,72503],[-16,-38,111445],[-5,-33,27737],[2,-15,48112],[-11,-47,818574],[-14,-13,47928],[-18,-10,19922],[-38,-17,42215],[-19,-15,171706],[-23,-44,15826],[-19,-37,395082],[-18,-17,49873],[-32,-6,89248],[-44,6,89248],[-47,-4,36658],[-47,-9,34272],[-32,-2,0]],[[7841,31165,0],[6,13,15692],[9,25,27267],[5,24,55382],[-2,18,198654],[-12,27,30082],[-15,25,28186],[-13,28,65096],[-13,45,198654],[0,15,28607],[6,25,22017],[4,28,158763],[-2,27,35342],[-10,32,73807],[-14,31,13817],[-11,25,32875],[-5,19,318271],[4,15,13316],[5,9,43160],[18,27,19663],[5,5,0]],[[7806,31628,0],[20,22,139116],[-69,88,288422],[-101,-7,163557],[-39,41,0]],[[7617,31772,0],[42,37,0]],[[7659,31809,0],[13,12,19651],[2,9,19196],[8,5,79579],[-9,12,8620],[0,4,8620],[-3,1,22855],[-3,11,160211],[6,7,7084],[1,4,7084],[2,2,40530],[2,-2,11655],[6,5,11655],[4,-1,14559],[7,4,8899],[8,3,44987],[8,14,58745],[25,5,42402],[18,16,186073],[-3,13,25704],[-13,15,67698],[6,3,7606],[3,0,36297],[2,23,0]],[[8431,31915,0],[3,-5,14389],[0,-8,7575],[0,-6,62026],[-3,-7,7573],[-4,-8,22537],[-10,-10,22820],[-9,-15,9853],[-1,-4,120729],[-7,-5,8786],[-12,-10,32766],[-10,-6,10110],[-17,-6,102544],[-6,-9,20545],[-5,-13,11573],[-2,-10,20545],[-9,-15,15368],[-1,-5,220444],[3,-7,7222],[4,-7,12893],[5,-7,35254],[20,-18,0]],[[8845,30712,0],[-19,4,9149],[-28,7,7952],[-11,2,92408],[-37,17,47960],[-26,21,145265],[-19,-2,27876],[-6,0,7936],[-39,1,65331],[-2,11,65331],[-26,6,13747],[-18,6,24709],[-11,0,24709],[-18,8,188858],[3,14,52697],[-31,18,0]],[[8557,30825,0],[76,26,22680],[60,22,0]],[[8693,30873,0],[78,14,41841],[24,6,11099],[5,3,90863],[7,10,16785],[8,6,160677],[3,-1,8339],[7,4,11388],[9,0,7821],[5,2,22974],[8,-2,12520],[6,2,46052],[14,-4,12948],[5,-3,72524],[13,0,19675],[13,4,27264],[7,0,7635],[3,-1,7635],[8,-1,15326],[3,2,15326],[8,0,7988],[5,0,12425],[5,3,9936],[5,-1,45449],[10,4,9849],[9,2,233851],[-15,6,20332],[-21,4,46473],[-4,12,81540],[31,11,0]],[[8952,30955,0],[13,5,24740],[28,3,48573],[26,-5,0]],[[9019,30958,0],[28,10,25881],[12,5,9502],[10,6,10188],[13,6,135964],[22,-2,12894],[24,-4,37074],[31,-10,0]],[[9159,30969,0],[20,-58,55243],[8,-39,24035],[11,-44,0]],[[9130,30801,0],[11,6,13678],[4,5,14816],[12,6,49928],[20,6,19194],[21,4,0]],[[8845,30712,0],[8,18,112710],[33,-4,42759],[22,0,13100],[64,0,112710],[10,-2,31471],[18,13,50228],[57,8,34203],[18,6,238833],[5,6,9927],[3,6,8465],[4,4,29994],[16,9,29994],[6,12,43642],[6,4,9482],[15,9,0]],[[8633,30641,0],[21,-2,15112],[21,-4,108075],[3,-9,18709],[-1,-14,22610],[1,-7,7982],[3,-8,8305],[2,-10,50684],[10,-2,0],[8,-7,0],[21,-16,120435],[4,0,9219],[5,3,9219],[12,4,23686],[37,16,81321],[8,10,12258],[8,7,17966],[4,9,12218],[4,3,186019],[-2,7,10944],[2,7,25627],[-2,3,7976],[-5,2,23005],[4,1,10897],[-4,4,10897],[-2,10,68920],[4,8,10984],[4,3,10984],[-3,3,25144],[6,2,15712],[5,7,0],[1,1,0],[1,0,10521],[14,-4,67331],[5,13,14979],[13,31,0]],[[8633,30641,0],[3,3,26033],[-7,17,8452],[-6,14,38033],[4,9,10903],[1,7,38033],[-4,9,13808],[-7,5,230785],[-26,11,13944],[-97,37,13739],[-13,6,110088],[-7,4,10261],[-6,6,22808],[-5,8,7589],[-1,4,0]],[[8462,30781,0],[14,4,35384],[81,40,0]],[[7179,32210,0],[14,-6,25050],[6,-5,9994],[3,-5,10887],[5,1,10887],[-3,-4,0]],[[7204,32191,0],[-4,0,10914],[-4,-5,19730],[-3,-1,7145],[-8,1,24849],[-6,-6,10089],[-4,-1,0]],[[7262,32228,0],[7,2,14349],[19,-1,0]],[[7262,32178,0],[-8,4,7146],[-5,1,22255],[-5,4,7991],[-1,4,7991],[-3,1,30412],[-5,-2,16397],[-5,3,9377],[-4,1,0]],[[7226,32194,0],[1,4,8008],[-1,4,25387],[13,1,31243],[1,2,8458],[6,15,35877],[5,5,14521],[11,3,0]],[[7259,31913,0],[59,60,0]],[[7318,31973,0],[2,2,7112],[4,7,13638],[-1,4,7534],[2,6,13638],[4,2,27979],[1,14,87114],[14,-6,53695],[5,5,15490],[14,4,33690],[8,14,0]],[[7371,32025,0],[7,-6,9407],[8,-5,32938],[19,-25,0]],[[7405,31989,0],[25,-14,51244],[40,-39,199089],[24,11,46162],[27,4,17661],[18,1,93025],[23,-5,10908],[25,-5,348498],[42,38,27670],[21,17,65645],[28,15,21156],[18,13,0]],[[7617,31772,0],[-91,9,153111],[-81,-35,0]],[[7180,32357,0],[-13,-23,59050],[-28,-3,59050],[-8,-5,11133],[-32,-23,0]],[[6993,32210,0],[-22,20,67800],[-66,26,0]],[[7204,32191,0],[6,-3,20193],[9,4,7532],[1,1,7532],[6,1,0]],[[7226,32194,0],[-5,-34,44125],[-11,-12,24571],[-3,-5,10529],[1,-6,259527],[4,-2,15030],[13,-2,11253],[11,-3,76306],[1,-13,13038],[3,-11,32640],[10,-15,129988],[17,-7,8972],[16,-6,16007],[14,-7,75884],[1,-6,9526],[4,-7,43779],[8,-6,10754],[7,-3,20099],[3,-5,7123],[3,-3,20099],[11,-2,18659],[2,-5,75884],[35,-9,0]],[[7229,31939,0],[-127,114,177913],[-39,76,0]],[[8719,31268,0],[-3,11,7201],[-3,8,15884],[-3,15,11515],[-4,11,7389],[-2,8,75146],[-2,24,8473],[0,10,32019],[1,11,10344],[1,20,50688],[-2,10,12738],[-4,6,0]],[[8698,31402,0],[11,0,7160],[11,2,27975],[11,3,8833],[11,4,28937],[16,3,9335],[31,7,26744],[31,6,12704],[9,0,282211],[-1,4,12868],[-1,20,25007],[4,15,59339],[6,15,10295],[5,7,19533],[3,7,7031],[3,10,51378],[1,10,10424],[0,17,513709],[27,-6,9113],[26,-6,24537],[10,-4,12054],[10,-2,170778],[17,1,33949],[5,2,11478],[13,11,70206],[8,9,16634],[1,6,11246],[6,10,40949],[6,5,11895],[11,6,267016],[13,1,10627],[7,-1,25238],[14,-5,90077],[7,-7,10366],[14,-10,13298],[13,-11,51053],[12,-9,13433],[15,-8,23851],[15,-6,197649],[17,1,27755],[38,-4,82077],[16,11,11204],[14,8,513709],[6,8,10406],[6,13,12066],[18,28,25738],[23,41,7856],[4,8,128753],[8,3,18600],[38,27,0]],[[9423,31485,0],[-13,2,14133],[-33,3,53268],[-15,0,8848],[-17,0,22013],[-22,-3,369854],[-9,-6,35240],[-7,-15,15465],[-4,-15,92257],[-1,-23,24567],[1,-14,7899],[2,-14,45378],[-1,-8,7499],[-1,-10,18238],[-4,-8,122561],[-7,-5,7611],[-8,-5,14745],[-9,-5,110010],[-1,-6,19914],[7,-12,19914],[0,-8,45782],[-12,-4,45782],[1,-7,12998],[5,-15,39482],[-11,-3,39482],[-11,-42,369854],[-17,-3,19596],[-18,-7,84207],[-22,-19,8337],[-9,-8,35228],[-7,-5,7933],[-25,-18,91922],[-19,-6,23440],[-6,-1,7643],[-10,0,693482],[2,-23,7050],[3,-37,24532],[3,-17,61615],[5,-10,10121],[6,-9,28234],[0,-11,241043],[5,-4,9911],[7,-2,27438],[11,1,10466],[12,-2,8272],[3,0,75547],[5,6,10988],[2,7,9209],[4,3,35785],[8,1,12244],[7,3,182531],[9,-17,16008],[27,-61,350802],[-10,-8,13762],[-7,-8,49806],[2,-5,20871],[-9,-25,43812],[-6,-9,13859],[-8,-6,131578],[-12,0,25592],[-30,7,0]],[[9019,30958,0],[-17,48,12113],[-4,8,55635],[-6,8,15423],[-11,19,34301],[-7,17,7439],[-6,12,103720],[-5,0,7471],[-9,-3,391844],[2,3,7208],[1,5,7865],[2,4,17984],[-1,6,13863],[3,11,39538],[-1,12,7250],[0,3,7250],[-2,8,52162],[5,11,20601],[-1,2,9463],[1,10,25273],[2,4,8679],[4,2,81220],[1,6,7424],[-2,1,7424],[0,8,21106],[-3,3,9519],[-2,7,21106],[5,4,21106],[-1,4,7163],[0,9,14798],[-3,6,21102],[2,9,214186],[3,3,7954],[1,5,9941],[5,5,13718],[1,5,13718],[6,1,40451],[1,3,7527],[0,8,26181],[5,6,8038],[4,4,8038],[3,4,21839],[-1,7,8670],[2,2,72354],[13,4,14218],[2,3,7249],[8,4,125182],[2,4,10260],[0,8,25811],[7,12,7902],[6,11,57881],[1,11,8799],[2,6,28778],[-3,2,8777],[-3,9,836085],[-20,0,12383],[-23,0,9263],[-27,0,13074],[-23,1,13074],[-21,-1,48622],[-11,2,7125],[-11,3,20491],[-13,1,8077],[-10,0,48622],[-27,-2,7045],[-11,0,7045],[-9,-2,290078],[-4,-3,8079],[-3,-4,29866],[0,-7,8271],[2,-11,29866],[-1,-7,13347],[-6,-7,142006],[-16,-6,13451],[-11,-3,14230],[-26,-8,10522],[-20,-6,34673],[-21,-4,0]],[[7184,32226,0],[6,-1,0]],[[7190,32225,0],[6,-2,10072],[18,-1,48529],[2,6,9313],[6,7,16872],[-4,2,10226],[9,0,67351],[28,-4,27284],[7,-5,0]],[[6419,31814,0],[22,-9,23214],[22,-5,92600],[40,-2,43799],[75,-12,29925],[10,1,19361],[28,-4,0]],[[6616,31783,0],[18,-6,33614],[32,-21,0]],[[8370,31734,0],[9,-8,12776],[7,-2,36111],[14,-2,8320],[12,-1,25535],[5,-3,7776],[4,-3,147333],[3,-7,14225],[6,-24,24560],[2,-17,11781],[2,-6,78500],[5,-6,9032],[5,-4,7062],[7,-7,19924],[9,-13,221040],[1,-7,15064],[-2,-7,9342],[-3,-4,51997],[-16,-12,18610],[-14,-7,126214],[28,-46,447910],[39,-40,62519],[9,8,63281],[45,-37,28687],[20,-20,66997],[19,-28,64180],[16,-16,13265],[9,-6,37865],[11,-4,7686],[7,-2,243581],[10,0,8591],[26,3,39138],[11,0,9587],[11,-1,16928],[11,-3,0]],[[8719,31268,0],[-1,-7,10873],[-6,-13,39045],[-10,-14,19679],[-9,-5,146991],[-9,0,9657],[-6,2,34629],[-11,9,21420],[-18,8,49289],[-26,4,11618],[-6,0,146991],[-11,-5,26159],[-15,-16,44252],[-2,-11,14229],[-5,-8,0]],[[8584,31212,0],[-34,18,9374],[-7,3,91025],[-14,4,16176],[-23,4,43913],[-10,1,8500],[-38,1,280944],[-26,-13,68220],[-11,-10,18087],[-11,-14,18087],[-16,-17,11023],[-7,-6,45880],[-26,-20,446769],[5,-42,9762],[6,-56,41930],[2,-46,0]],[[8374,31019,0],[-26,-16,39929],[-15,-7,7664],[-15,-8,19055],[-33,-18,28922],[-10,-3,190886],[-7,-4,9025],[-7,-7,17399],[-11,-11,67634],[-7,-16,19102],[-7,-13,7007],[-6,-10,12048],[-5,-8,12048],[-4,-10,110743],[-13,-10,8625],[-12,-8,12970],[-14,-11,12970],[-13,-9,824702],[-37,3,93806],[-11,-3,8249],[-16,-5,10568],[-15,-4,10021],[-10,-3,56481],[-5,-6,10176],[-6,-10,56481],[-4,-1,8662],[-29,0,186238],[-14,16,67202],[4,4,9227],[4,8,13763],[14,16,355389],[-23,27,43296],[-11,6,19937],[-6,6,10970],[-11,7,43296],[-46,48,142608],[-7,5,11991],[-9,4,45543],[-13,-6,13438],[-5,-5,142608],[-8,6,7558],[-27,19,24223],[-12,12,55638],[-26,18,7149],[-77,52,0]],[[7763,31064,0],[11,10,43216],[34,47,18757],[33,44,0]],[[7262,32372,0],[-7,-12,44638],[5,-6,9912],[3,-7,31691],[1,-13,10810],[-1,-7,142247],[-12,-14,22977],[-6,-15,16577],[-7,-8,56070],[-5,-4,7452],[-7,-2,33156],[-20,-20,16938],[-5,-7,85151],[-2,-12,8244],[-3,-10,22141],[-3,-8,8352],[-3,-2,0]],[[7048,32158,0],[-9,8,0]],[[7405,31989,0],[20,14,21134],[4,0,99599],[11,-25,45077],[24,-24,187709],[22,-3,62893],[16,9,34370],[10,17,104850],[2,14,7910],[5,29,351351],[-30,15,34943],[-42,28,60246],[-24,9,9658],[-12,5,135474],[-13,10,14215],[-18,13,40419],[-3,3,11676],[3,5,40419],[-4,5,7789],[-27,24,61899],[-22,12,0]],[[7359,32329,0],[-2,3,9638],[-4,10,16342],[0,7,60803],[6,9,15218],[14,15,11372],[2,4,0]],[[6747,31909,0],[17,85,178502],[-35,138,0]],[[6729,32132,0],[127,143,0]],[[6260,32109,0],[19,-10,23536],[20,-7,126581],[23,2,27276],[9,5,17125],[13,3,52092],[22,1,10677],[14,2,12836],[21,1,12836],[19,2,189202],[46,-29,35057],[22,-9,380087],[30,8,47552],[9,10,11526],[1,4,11526],[6,5,47552],[17,5,14828],[9,1,62613],[9,12,7036],[4,3,7036],[2,3,62613],[5,2,7280],[6,1,9965],[8,3,9965],[15,4,20501],[14,6,138756],[13,0,14761],[3,1,8782],[11,0,8782],[5,1,7397],[8,0,24890],[8,1,7819],[3,2,7819],[5,0,0]],[[6679,32142,0],[50,-10,0]],[[8584,31212,0],[4,-33,112377],[33,-2,7998],[30,-2,281175],[1,-5,10369],[5,-7,11025],[3,-7,38668],[0,-20,11260],[-1,-6,113811],[-12,-27,17292],[-3,-11,7569],[-2,-4,54135],[-9,-11,13687],[-11,-9,204034],[24,-80,69914],[15,-16,0]],[[8661,30972,0],[25,-27,49592],[0,-9,18394],[-6,0,63056],[4,-27,26754],[9,-36,0]],[[8462,30781,0],[-4,12,50211],[3,43,19026],[2,60,147710],[-8,41,8560],[-3,12,62953],[-6,19,11219],[-4,9,30470],[-6,8,7944],[-4,5,260926],[-19,11,23445],[-21,10,9328],[-18,8,0]],[[7841,31165,0],[-125,24,20293],[-21,4,118942],[-62,-13,118942],[-65,22,0]],[[7568,31202,0],[-15,15,20699],[-18,14,19235],[-14,14,75671],[-14,7,36126],[-40,28,17325],[-15,12,7786],[-14,9,91422],[-9,9,19522],[-5,8,9663],[-2,6,0]],[[9710,30819,0],[5,9,7853],[6,13,39126],[0,21,14281],[2,8,122812],[12,4,9401],[19,7,50844],[20,20,19915],[6,3,0]],[[9541,30799,0],[5,-2,10407],[7,-8,36391],[29,-7,149515],[12,0,12836],[20,1,47944],[24,7,11244],[15,5,80201],[5,5,11975],[12,14,17858],[5,9,80201],[5,-2,13611],[26,-3,10294],[4,1,0]],[[9320,30848,0],[16,-6,12990],[21,-10,11181],[9,-4,41154],[17,-8,7739],[5,-4,15180],[22,-9,11609],[4,-4,7501],[5,-2,32850],[18,-12,32850],[27,-9,221915],[11,-1,14628],[29,0,11736],[3,1,71713],[19,11,8392],[5,2,8392],[10,6,0]],[[9198,30828,0],[24,6,18737],[31,4,40121],[16,6,8538],[13,4,67884],[12,1,7026],[26,-1,0]],[[8661,30972,0],[40,14,25055],[0,2,17632],[21,7,43629],[4,-8,14399],[6,2,14399],[0,-6,43629],[18,-2,26206],[5,6,43629],[-7,5,11922],[-5,7,122036],[7,7,18809],[-1,7,22258],[4,7,11984],[8,5,46206],[8,2,16843],[9,8,19963],[0,6,18953],[2,2,8628],[6,0,372581],[4,-2,11288],[6,0,8842],[5,-3,19708],[0,-4,28803],[16,-20,80673],[11,-1,11363],[10,1,13997],[1,-1,7287],[7,-1,23448],[8,3,85640],[4,-3,8379],[13,-5,30279],[17,-10,12834],[2,-3,12834],[7,-4,7891],[8,-4,24225],[9,-3,17758],[6,-4,7193],[7,-6,12493],[6,-2,51345],[19,-16,0]],[[6620,32618,0],[153,-183,0]],[[6386,32265,0],[103,125,130969],[20,17,8335],[22,20,90173],[-17,17,90173],[17,26,16953],[6,11,43211],[20,18,287817],[-8,12,33201],[-17,11,17088],[-20,16,109081],[25,16,9172],[4,3,0]],[[6541,32557,0],[79,61,0]],[[6358,32711,0],[210,-32,260887],[52,-61,0]],[[7293,30858,0],[-62,-15,164338],[-7,5,13449],[-83,45,316306],[-16,-5,37337],[-8,-14,11813],[-4,-4,42686],[-8,-6,7283],[-12,-8,25722],[-22,-10,103857],[-2,-3,12070],[-3,-17,18232],[-7,-17,43213],[-4,-3,8589],[-5,0,0]],[[7050,30806,0],[-8,0,62368],[-37,45,14213],[-29,36,109289],[4,5,9150],[0,5,52214],[-29,45,235422],[-42,17,39150],[-28,15,13506],[-7,5,165982],[-16,14,10168],[-15,14,10168],[-20,18,7883],[-4,4,80846],[-27,40,9806],[-9,12,445240],[-35,-25,13704],[-14,-9,7432],[-16,-12,212084],[-31,14,72512],[-1,2,13714],[-5,29,72512],[-34,19,0]],[[7568,31202,0],[-11,-35,31766],[-20,-57,16903],[-10,-29,298802],[-20,-8,20663],[-28,-10,8504],[-48,-18,8948],[-44,-16,306163],[3,-7,10251],[33,-92,306163],[-41,-28,7977],[-50,-34,94268],[-15,-3,7198],[-5,-2,10977],[-19,-5,0]],[[13280,39331,0],[21,32,42141],[13,5,0]],[[13314,39368,0],[8,-18,6973],[1,-1,6973],[0,-1,0]],[[13323,39348,0],[3,-1,8611],[3,-5,11234],[3,1,11234],[3,-5,30584],[-6,-9,31896],[12,-14,10103],[1,-5,8130],[4,-3,0]],[[13346,39307,0],[-6,-4,8345],[-12,-5,16757],[-24,-8,13860],[-1,-4,12698],[-6,0,0]],[[13297,39286,0],[-4,11,28418],[-8,6,14502],[-7,0,0]],[[13278,39303,0],[-9,-1,10163],[-8,-3,27794],[-3,7,0]],[[13258,39306,0],[1,1,6973],[-4,6,0]],[[13255,39313,0],[18,7,27924],[7,11,0]],[[13226,39340,0],[21,9,15401],[8,0,15401],[1,5,0]],[[13256,39354,0],[3,-1,8398],[0,-5,0]],[[13259,39348,0],[-1,-1,8934],[2,-6,13251],[-4,-5,20480],[2,-3,7533],[-2,-2,9680],[3,-4,50355],[-8,-7,11863],[-12,-6,0]],[[13239,39314,0],[-10,19,7643],[-3,7,0]],[[7532,35314,0],[-14,-41,0]],[[7518,35273,0],[-142,42,137693],[-17,-11,28948],[-1,0,6973],[-15,-2,0]],[[7343,35302,0],[-6,-1,18304],[-4,6,9551],[-4,2,28953],[-11,-4,70281],[-8,3,19248],[-3,9,41204],[2,6,13268],[2,15,91999],[-8,4,26995],[-35,4,14013],[-4,0,0]],[[7264,35346,0],[-69,-2,0]],[[7195,35344,0],[-694,484,947038],[-1142,1004,0]],[[5359,36832,0],[255,251,0]],[[5614,37083,0],[1139,-1008,504170],[473,-386,0]],[[7226,35689,0],[50,-237,76100],[5,-3,0]],[[7281,35449,0],[-1,-19,11553],[0,-18,72313],[6,-1,11443],[1,-4,15910],[8,2,11529],[2,-2,28326],[-7,-6,28326],[14,-18,124269],[6,2,9219],[2,-3,9219],[2,4,9219],[13,6,63003],[10,-9,9140],[-1,-1,10980],[7,-7,7493],[4,-4,0]],[[7347,35371,0],[185,-57,0]],[[7207,34931,0],[59,-11,0]],[[7266,34920,0],[23,0,32587],[1,4,12758],[6,4,26951],[15,-1,82961],[9,-24,0]],[[7320,34903,0],[-4,-11,29899],[2,-25,14969],[2,-3,0]],[[7320,34864,0],[9,-14,21559],[-3,-4,34293],[9,-13,8148],[11,-16,0]],[[7346,34817,0],[-12,-4,22230],[-7,-9,46639],[6,-5,7709],[2,-3,24774],[-4,-9,59734],[-5,-1,9021],[-5,-4,16861],[-3,3,7844],[1,1,9837],[-4,3,16861],[-3,-4,8922],[2,-3,16861],[-8,-4,0]],[[7306,34778,0],[-52,-70,0]],[[7254,34708,0],[-75,44,0]],[[7179,34752,0],[0,105,131985],[28,74,0]],[[7207,34931,0],[-45,68,0]],[[7162,34999,0],[83,65,0]],[[7245,35064,0],[99,-41,102115],[57,-42,211972],[85,4,0]],[[7486,34985,0],[2,-47,0]],[[7488,34938,0],[-88,-17,0]],[[7400,34921,0],[-6,2,11826],[-3,-3,14396],[-20,1,27702],[-3,-7,23274],[-13,2,55281],[-4,7,7797],[-4,5,55281],[-27,-25,0]],[[7488,34938,0],[100,-33,153332],[13,-43,0]],[[7601,34862,0],[-86,-43,0]],[[7515,34819,0],[-37,34,135479],[-83,-7,0]],[[7395,34846,0],[-2,0,10556],[-2,10,38576],[-7,-1,10847],[-8,1,12039],[-9,-2,38576],[-19,5,19158],[2,3,32807],[-18,3,16313],[-3,-4,16212],[-9,3,0]],[[4530,36012,0],[484,480,0]],[[5014,36492,0],[1140,-1005,703132],[309,-204,577077],[162,-289,0]],[[6625,34994,0],[222,-211,0]],[[6847,34783,0],[17,-101,0]],[[6864,34682,0],[1,-3,26860],[-22,-36,0]],[[6843,34643,0],[-28,-35,75000],[-43,-20,152635],[-76,-4,0]],[[6696,34584,0],[-480,111,0]],[[5770,34894,0],[-102,114,394257],[-379,336,72514],[-759,668,0]],[[7442,34749,0],[-42,38,0]],[[7400,34787,0],[-8,10,42824],[-23,-11,75197],[-5,9,9928],[-6,5,13108],[-12,17,0]],[[7515,34819,0],[-73,-70,0]],[[6847,34783,0],[179,26,29885],[0,0,6973],[3,0,0]],[[7029,34809,0],[5,1,11769],[24,3,33818],[24,10,39026],[11,8,15608],[4,7,39026],[13,-4,146199],[5,5,19697],[1,-14,19697],[12,-25,16248],[3,-3,0]],[[7131,34797,0],[48,-45,0]],[[7179,34752,0],[-155,-26,282522],[-177,57,0]],[[7131,34520,0],[-21,-70,0]],[[6954,34385,0],[54,170,24033],[0,1,6973],[0,1,0]],[[7008,34557,0],[0,3,7521],[3,1,25323],[-14,18,27650],[2,2,14673],[-6,14,12397],[2,1,74954],[-23,32,34109],[-7,-3,34109],[-10,22,16188],[-2,1,248015],[-110,-5,0]],[[7254,34708,0],[22,-50,0]],[[7276,34658,0],[-118,-47,164594],[-13,-44,0]],[[7145,34567,0],[-14,-47,0]],[[7245,35064,0],[2,120,35879],[-2,9,0]],[[7245,35193,0],[-11,3,29958],[-3,4,11555],[-3,12,52855],[7,1,10934],[12,5,21235],[3,2,7111],[0,3,40745],[-13,6,57655],[-5,12,13173],[-13,30,7240],[-14,34,0]],[[7205,35305,0],[0,0,6973],[-10,39,0]],[[7518,35273,0],[-40,-120,212850],[8,-168,0]],[[7565,35411,0],[-33,-97,0]],[[7226,35689,0],[66,-54,9430],[273,-224,0]],[[5193,36669,0],[166,163,0]],[[7245,35064,0],[-44,38,22282],[-59,52,0]],[[7142,35154,0],[-39,40,8922],[-8,8,8922],[-24,25,30201],[-26,26,0]],[[7045,35253,0],[-5,3,6973],[-112,77,237055],[-598,328,1246532],[-1137,1008,0]],[[6625,34994,0],[349,-27,311316],[188,32,0]],[[7384,34700,0],[-32,-13,0]],[[7352,34687,0],[-18,-7,0]],[[7334,34680,0],[-58,-22,0]],[[7442,34749,0],[-45,-44,0]],[[7397,34705,0],[-13,-5,0]],[[5014,36492,0],[179,177,0]],[[13452,39003,0],[101,3,34620],[40,-1,164472],[35,7,10535],[23,4,57616],[42,18,7333],[20,8,41065],[3,-3,0]],[[13716,39039,0],[7,-2,20741],[19,6,56350],[147,0,0]],[[13830,38890,0],[-95,47,0]],[[13735,38937,0],[-8,-4,13578],[-2,6,13578],[-3,-8,13578],[-16,-8,10105],[-4,0,167984],[-12,3,19420],[0,2,7433],[-4,4,12432],[-7,3,38914],[-7,-7,39358],[-13,0,11883],[-51,5,18059],[-43,5,18059],[-33,2,43349],[-43,7,106157],[-8,2,10060],[-28,11,0]],[[13453,38960,0],[-1,43,0]],[[13133,39296,0],[11,2,13631],[0,2,9343],[5,1,0]],[[13149,39301,0],[3,-17,0]],[[13152,39284,0],[-5,0,12265],[-2,-6,16097],[-7,1,0]],[[13138,39279,0],[-2,15,14578],[-3,2,0]],[[13088,39350,0],[-1,-4,7067],[0,-9,19489],[-6,-1,19489],[-1,-3,7267],[2,-7,0]],[[13082,39326,0],[-16,-5,11031],[-20,-4,18733],[-2,1,13644],[-26,-7,9907],[-2,1,0]],[[13016,39312,0],[-44,-12,0]],[[12972,39300,0],[-8,26,0]],[[12964,39326,0],[63,16,49847],[17,11,19781],[14,4,0]],[[13149,39301,0],[15,2,10694],[3,3,10694],[5,-2,0]],[[13172,39304,0],[0,-6,0]],[[13172,39298,0],[29,-7,0]],[[13201,39291,0],[-23,-4,6973],[-5,-1,0]],[[13173,39286,0],[-21,-2,0]],[[13297,39286,0],[-21,-3,0]],[[13276,39283,0],[5,6,16737],[-5,4,16737],[2,4,7290],[0,6,0]],[[13637,39248,0],[-39,0,32190],[-31,-5,0]],[[13567,39243,0],[-147,-10,137633],[-27,-24,0]],[[13393,39209,0],[-37,-5,0]],[[13356,39204,0],[-37,-6,0]],[[13319,39198,0],[-6,33,35853],[-8,10,19341],[-2,9,6973],[-1,3,0]],[[13302,39253,0],[1,7,9875],[-1,7,0]],[[13302,39267,0],[9,2,17539],[1,2,8448],[5,0,9389],[2,4,30608],[24,2,83171],[-1,2,9655],[6,5,7106],[2,3,31914],[-1,12,11973],[-3,8,0]],[[13346,39307,0],[30,7,20128],[80,17,133834],[100,38,48999],[73,21,45780],[23,12,0]],[[13652,39402,0],[78,66,0]],[[13889,39310,0],[-252,-62,0]],[[13567,39243,0],[1,-11,0]],[[13568,39232,0],[-7,-20,40427],[-15,-29,8402],[-9,-17,26507],[-8,-19,8665],[-5,-8,8665],[-24,-53,83139],[-48,-83,0]],[[13452,39003,0],[-10,69,62174],[2,32,7434],[1,11,0]],[[13445,39115,0],[0,6,7650],[1,6,10775],[-2,2,7415],[1,2,10775],[2,22,86223],[-9,4,32672],[0,2,8069],[-5,8,17419],[-18,23,0]],[[13415,39190,0],[-2,9,29658],[-20,10,0]],[[13257,38821,0],[14,-24,13159],[13,-20,13159],[10,-17,31391],[13,-20,8480],[16,-23,30144],[26,-43,8843],[9,-16,7645],[2,-3,0]],[[13360,38655,0],[1,-1,6973],[0,0,6973],[4,-12,0]],[[13365,38642,0],[-8,-2,18613],[-23,2,57781],[-34,17,26506],[-12,2,149100],[-48,-7,73493],[-28,-23,0]],[[13212,38631,0],[-14,13,28490],[0,1,6973],[1,0,6973],[3,5,0]],[[13202,38650,0],[3,4,7749],[2,7,13154],[17,41,72950],[6,26,22969],[20,95,70931],[7,-2,0]],[[12964,39326,0],[-19,64,168505],[-94,54,0]],[[12851,39444,0],[114,167,223684],[65,19,0]],[[13030,39630,0],[71,-197,112155],[0,-7,14076],[-4,-4,6973],[0,-2,6973],[-2,-2,6973],[1,-1,0]],[[13096,39417,0],[-5,-12,26466],[0,-7,8023],[-1,-12,13696],[1,-5,55953],[9,3,8572],[6,-1,18926],[0,-4,0]],[[13106,39379,0],[1,-8,0]],[[13314,39368,0],[21,8,34012],[15,15,34012],[42,28,66973],[32,31,251785],[36,125,0]],[[13146,39311,0],[-2,4,0]],[[13144,39315,0],[17,6,18982],[4,5,0]],[[13165,39326,0],[3,-11,10657],[3,-3,10657],[1,-8,0]],[[13149,39301,0],[-3,10,0]],[[13257,38821,0],[8,28,0]],[[13265,38849,0],[6,-10,0]],[[13271,38839,0],[7,50,186791],[89,14,18940],[26,4,74642],[5,-8,0]],[[13398,38899,0],[43,-96,84108],[42,-77,40641],[16,-23,0]],[[13499,38703,0],[1,-1,6973],[1,-2,26675],[91,-75,0]],[[13432,38548,0],[-19,62,118171],[-48,32,0]],[[13452,39003,0],[74,19,37476],[11,4,12140],[19,6,82637],[9,-8,141310],[46,15,8688],[82,29,17401],[34,12,8061],[5,4,8061],[0,-2,8061],[17,6,0]],[[13749,39088,0],[140,-1,0]],[[13143,39164,0],[52,10,0]],[[13195,39174,0],[20,4,0]],[[13215,39178,0],[29,5,0]],[[13244,39183,0],[25,5,0]],[[13269,39188,0],[50,10,0]],[[13356,39204,0],[11,-61,58614],[-7,-7,29762],[2,-19,114522],[15,-14,23578],[10,-2,10003],[1,-2,6973],[0,0,6973],[1,-1,0]],[[13389,39098,0],[3,-2,8489],[3,-8,62857],[20,12,19749],[3,1,7028],[16,10,9632],[11,4,0]],[[13453,38960,0],[0,-3,9594],[-5,-32,97032],[-22,-13,18679],[-28,-13,0]],[[13271,38839,0],[-53,227,203511],[-17,16,7127],[-24,24,0]],[[13177,39106,0],[-3,3,17663],[-20,4,79369],[-11,51,0]],[[13163,38582,0],[49,49,0]],[[13257,38502,0],[-94,80,0]],[[13262,39268,0],[2,7,21002],[6,2,7202],[5,0,0]],[[13275,39277,0],[16,-4,17721],[9,1,0]],[[13300,39274,0],[2,-7,0]],[[13269,39188,0],[-12,52,0]],[[13257,39240,0],[4,5,14521],[-2,6,17269],[5,7,24514],[-2,10,0]],[[12990,39243,0],[120,31,49243],[4,-2,6973],[0,0,0]],[[13114,39272,0],[9,2,10485],[16,2,19371],[-1,3,0]],[[13152,39284,0],[3,-13,16054],[-3,-1,0]],[[13152,39270,0],[-1,2,8333],[-4,-3,8333],[-7,-1,0]],[[13140,39268,0],[-13,-2,12427],[-1,2,7948],[-6,0,0]],[[13120,39268,0],[-12,-2,11329],[-2,1,47108],[-114,-31,0]],[[12992,39236,0],[-2,7,0]],[[13165,39326,0],[-8,14,8454],[-1,2,0]],[[13154,39359,0],[5,1,13206],[5,-1,8076],[2,-3,0]],[[13166,39356,0],[-1,-1,0]],[[13165,39355,0],[6,-16,27753],[16,-21,17536],[2,-5,0]],[[13300,39274,0],[-3,12,0]],[[13194,39328,0],[4,4,20408],[7,-1,7112],[11,-1,33321],[1,5,14967],[8,3,10669],[1,2,0]],[[13193,39314,0],[-1,3,6973],[0,2,6973],[1,1,6973],[0,0,6973],[0,1,0]],[[13193,39321,0],[1,7,0]],[[13106,39379,0],[8,3,9423],[6,4,12696],[5,1,18496],[9,4,10417],[-2,6,10417],[3,1,9717],[2,-5,10417],[10,5,0]],[[13002,39203,0],[-10,33,0]],[[13140,39268,0],[0,-3,13085],[-8,-7,26935],[4,-6,7735],[3,0,0]],[[13139,39252,0],[0,-1,6973],[0,-1,6973],[0,0,7589],[5,-9,0]],[[13144,39241,0],[-28,-8,14285],[-114,-30,0]],[[13204,39358,0],[13,-6,8458],[3,-3,24432],[6,-9,0]],[[13194,39328,0],[-1,3,13013],[-8,3,8645],[-3,3,19771],[0,6,19771],[-8,4,13778],[-8,9,0]],[[13152,39270,0],[-1,0,7220],[6,-13,0]],[[13157,39257,0],[3,-7,0]],[[13160,39250,0],[-8,-3,10159],[-3,-3,0]],[[13149,39244,0],[-5,-3,0]],[[13115,39336,0],[-8,-2,10401],[1,-2,20247],[-22,-6,8240],[-4,0,0]],[[13211,39686,0],[-181,-56,0]],[[12851,39444,0],[-183,105,23304],[-316,181,14902],[-156,89,0]],[[12196,39819,0],[-345,196,14710],[-137,78,661498],[-1293,884,0]],[[10421,40977,0],[503,634,0]],[[10924,41611,0],[226,-153,28314],[464,-317,78551],[187,-128,23539],[428,-294,830357],[425,-189,830357],[378,-324,33678],[236,-204,8044],[61,-53,0]],[[13256,39354,0],[2,7,7360],[-1,3,28230],[-4,-1,13413],[-8,6,22670],[-1,8,0]],[[13244,39377,0],[0,2,6973],[0,2,11033],[4,6,29378],[66,224,0]],[[13280,39331,0],[-16,11,8044],[-2,0,6973],[-1,2,6973],[0,1,0]],[[13261,39345,0],[-2,3,0]],[[13194,39273,0],[3,6,0]],[[13242,39308,0],[13,5,0]],[[13276,39283,0],[-1,-6,0]],[[13262,39268,0],[-15,1,34125],[-5,-2,11168],[2,-4,11806],[-9,-6,29965],[-2,4,9300],[-4,0,18873],[-6,-3,7252],[-2,-2,0]],[[13221,39256,0],[0,-1,6973],[-5,-3,0]],[[13216,39252,0],[-9,17,30336],[-13,4,0]],[[13244,39183,0],[-9,45,59425],[-9,6,22759],[-10,18,0]],[[12998,38866,0],[0,33,0]],[[12998,38899,0],[0,40,34532],[4,39,0]],[[13002,38978,0],[61,-6,158802],[13,-8,41821],[7,-26,41821],[13,-11,32384],[11,-17,9700],[9,-16,0]],[[13116,38894,0],[-7,-9,40787],[-10,-2,15881],[-21,1,40787],[-46,-17,69358],[-34,-1,0]],[[13144,39315,0],[-7,16,15825],[0,7,0]],[[13452,39003,0],[65,54,149954],[38,47,14556],[49,60,74087],[9,4,15410],[6,-2,27085],[9,9,74087],[-2,8,19178],[6,8,14821],[-3,0,8818],[2,6,33806],[15,19,28184],[-3,5,0]],[[13643,39221,0],[-2,5,6973],[0,0,6973],[-4,11,19566],[0,11,0]],[[13160,39250,0],[11,4,24164],[23,19,0]],[[13215,39178,0],[-7,37,26379],[-3,3,6973],[-2,3,0]],[[13203,39221,0],[-6,-1,10890],[-1,5,10890],[-4,-2,32036],[-3,12,10840],[-3,5,64914],[-10,-1,13575],[-2,4,12377],[-7,-2,28277],[-3,-2,7639],[-1,-3,17946],[-9,-2,8238],[0,1,0]],[[13154,39235,0],[-1,2,6973],[-1,4,9440],[-3,3,0]],[[13163,38582,0],[-163,140,0]],[[13000,38722,0],[-2,144,0]],[[13116,38894,0],[24,-15,37424],[10,3,0]],[[13150,38882,0],[5,0,19490],[36,8,60746],[51,-5,140107],[23,-36,0]],[[12985,39259,0],[-3,9,0]],[[12982,39268,0],[101,25,37282],[3,3,0]],[[13086,39296,0],[9,2,10305],[13,4,15953],[15,2,22795],[14,4,10893],[9,3,0]],[[13133,39296,0],[-11,-5,24263],[-6,5,15809],[-7,-1,0]],[[13109,39295,0],[-14,-7,6973],[-3,-1,50832],[-107,-28,0]],[[13143,39164,0],[-121,-24,0]],[[13022,39140,0],[-20,63,0]],[[13144,39241,0],[5,-7,6973],[0,0,6973],[0,-1,0]],[[13149,39233,0],[4,-5,24549],[6,-2,7163],[8,-4,14654],[19,-6,24080],[0,-4,0]],[[13186,39212,0],[9,-38,0]],[[12990,39243,0],[-5,16,0]],[[13002,38978,0],[3,25,0]],[[13005,39003,0],[13,106,0]],[[13018,39109,0],[4,31,0]],[[12982,39268,0],[-10,32,0]],[[6249,33269,0],[-8,-15,40714],[-25,-13,60131],[-12,-31,60131],[-26,-18,0]],[[6178,33192,0],[-2,-3,10530],[-10,-7,26583],[-4,-1,7405],[-5,1,20204],[-12,-8,53663],[-19,5,104659],[-70,-54,172708],[-46,-16,11114],[-31,-12,100096],[-6,-6,37281],[-13,11,9357],[-8,7,0]],[[5952,33109,0],[31,37,23891],[22,30,39546],[6,2,33002],[32,41,0]],[[6043,33219,0],[8,29,73720],[43,38,0]],[[12147,38122,0],[57,-92,0]],[[12204,38030,0],[32,-52,0]],[[12236,37978,0],[-81,-44,0]],[[12155,37934,0],[-8,-2,9618],[-6,-3,24629],[-4,5,14808],[-6,-2,24629],[-56,-1,108896],[-3,3,12199],[-7,0,38717],[8,22,151537],[-136,-12,0]],[[11937,37944,0],[49,71,0]],[[11986,38015,0],[34,10,89865],[5,11,26337],[22,28,39076],[14,12,0]],[[12061,38076,0],[7,6,18091],[17,6,18091],[62,34,0]],[[11287,37626,0],[7,4,16321],[39,26,39453],[9,12,78214],[32,16,12109],[3,1,12109],[39,20,260955],[21,-16,21738],[10,-4,61525],[18,9,71029],[16,-2,20705],[61,0,0]],[[11542,37692,0],[65,-17,129896],[20,-34,19958],[5,-6,11884],[-2,-3,11884],[6,-9,0]],[[11636,37623,0],[-130,-28,243138],[-2,-10,22225],[2,-12,10389],[-1,-4,12862],[2,-14,32654],[3,-9,8086],[0,-6,7501],[2,-5,22254],[-4,-9,7249],[0,-3,19740],[4,-5,243138],[-5,-4,8605],[-3,0,13728],[-5,-5,14664],[-5,-1,9924],[-3,-3,55370],[3,-8,12618],[-1,-4,9688],[1,-11,55370],[-2,-7,19610],[-13,-8,33765],[-7,5,13848],[-4,-1,33765],[-1,-7,7120],[-1,-4,23311],[3,-4,8853],[5,-2,8853],[-1,-3,89221],[-11,-5,15326],[-7,0,16660],[-11,-6,89221],[0,-2,9738],[5,-11,34744],[-4,-9,19510],[-7,0,34744],[-2,-6,11371],[-4,-2,11371],[-4,-8,13384],[3,-6,13384],[-3,-1,8383],[-3,3,23055],[-5,0,8993],[-3,-3,23055],[1,-4,6995],[2,-7,127751],[-5,0,9982],[-4,3,37977],[-3,-1,9185],[-4,-6,16812],[2,-4,16812],[-3,-8,10318],[-4,-5,37977],[-12,-5,10029],[-7,-2,52736],[-2,-3,7153],[-6,-7,11663],[-4,-7,14603],[0,-4,7178],[1,-3,14603],[-5,1,456989],[-38,-8,49199],[-5,0,9119],[-21,5,153451],[-26,-15,8646],[-21,-12,7378],[-28,-16,62671],[-14,-17,52649],[-9,7,22022],[5,6,22022],[-10,4,62671],[-21,-25,0]],[[11176,37262,0],[-20,-21,0]],[[11156,37241,0],[-75,36,157247],[-12,62,0]],[[11069,37339,0],[67,6,102926],[3,14,6973],[3,14,0]],[[11142,37373,0],[6,26,27975],[11,27,76444],[5,2,12527],[1,4,8973],[4,2,19218],[3,-4,28696],[10,6,16013],[-1,3,10848],[5,2,9168],[0,4,15880],[5,0,76444],[-1,16,42879],[-20,3,76444],[8,28,46084],[24,44,234194],[104,1,234194],[-9,20,21996],[-7,8,12764],[-3,7,79255],[0,54,0]],[[10468,37374,0],[8,22,111361],[-76,56,0]],[[10400,37452,0],[-107,80,328325],[-224,-3,0]],[[10069,37529,0],[-35,-1,129833],[-276,77,485567],[-38,68,116547],[-7,72,0]],[[9713,37745,0],[234,17,370522],[211,-85,0]],[[10158,37677,0],[55,-47,0]],[[10213,37630,0],[69,-60,260145],[61,61,70421],[23,9,175403],[45,-8,51506],[7,-12,0]],[[10418,37620,0],[18,-4,17296],[-1,-4,17296],[6,2,10770],[9,-2,19323],[10,-5,166677],[4,1,8341],[117,12,9496],[3,-1,9496],[5,2,20695],[3,-3,20695],[5,3,11273],[14,2,43321],[88,7,124912],[10,12,0]],[[10709,37642,0],[0,1,15106],[39,4,8612],[2,0,8612],[35,5,54417],[5,12,50529],[9,-5,9116],[21,-10,66306],[2,8,24225],[16,10,66306],[27,-14,0]],[[10865,37653,0],[-63,-80,93619],[-71,-75,10876],[-37,-39,228322],[-27,-21,13297],[-39,-30,58821],[6,-34,58821],[-19,-8,58821],[-1,32,58821],[-17,-13,26385],[5,-1,13521],[-4,-5,26385],[-12,-6,13991],[-5,1,26385],[-18,-14,0]],[[10563,37360,0],[-3,-1,6973],[-3,-6,27824],[-20,0,76931],[-69,21,0]],[[10494,37892,0],[-59,33,78271],[-23,29,0]],[[10412,37954,0],[-1,2,16022],[-20,-10,35625],[-68,-15,125097],[-100,4,137950],[-523,-38,0]],[[9700,37897,0],[-22,259,0]],[[9678,38156,0],[604,43,763530],[125,-140,311498],[88,-13,75848],[32,9,24722],[3,-3,0]],[[10530,38052,0],[25,-17,8529],[86,-63,42626],[17,-9,0]],[[10658,37963,0],[-29,-15,12651],[-29,-13,20998],[-12,-7,20998],[-67,-34,12709],[-15,-8,105900],[-12,6,0]],[[12200,37792,0],[-11,47,77118],[-18,2,6973],[-4,0,0]],[[12167,37841,0],[-4,3,10918],[1,4,43985],[-11,2,12770],[-21,6,20241],[-9,1,9647],[-13,3,76780],[-1,2,11865],[-20,14,34875],[3,2,12144],[-5,4,16461],[-13,15,72568],[-21,1,10498],[-5,1,0]],[[12048,37899,0],[-2,0,16233],[-64,40,92486],[-45,5,0]],[[12236,37978,0],[55,-88,0]],[[12291,37890,0],[-20,-66,0]],[[12271,37824,0],[-71,-32,0]],[[11191,38949,0],[116,-72,483011],[4,-145,7271],[5,-159,379125],[50,9,182613],[6,-40,61816],[12,3,26254],[5,-9,81282],[-24,-17,33910],[-4,-11,81282],[17,-6,42628],[26,9,100640],[6,-4,13566],[2,-8,44028],[-7,-16,12152],[-4,-3,12152],[-1,-2,6973],[0,-2,6973],[0,-2,0]],[[11400,38474,0],[1,-5,9070],[6,-17,7364],[1,-4,7364],[3,-9,35515],[-4,-5,35515],[2,-20,13139],[3,-13,20522],[1,-18,131347],[13,6,32133],[19,-3,0]],[[11445,38386,0],[14,-3,6973],[5,-1,0]],[[11464,38382,0],[15,-4,33200],[8,7,17288],[8,1,103349],[6,-10,17488],[-1,-7,28383],[4,-4,9074],[4,-1,8254],[2,-3,41658],[0,-6,14690],[5,-13,14690],[0,-7,65372],[-7,-4,6973],[-3,-1,6973],[-1,-1,6973],[-1,-1,0]],[[11503,38328,0],[-1,-1,7762],[0,-8,19339],[-2,-7,10024],[-5,-4,8088],[0,-3,29929],[6,0,29929],[4,-5,10250],[-2,-5,10250],[4,0,18503],[-4,-5,10124],[2,-3,19570],[6,1,11441],[4,-3,19570],[-2,-2,8921],[-7,-3,69582],[-3,-6,12316],[0,-9,13212],[-3,-7,11105],[-1,-8,8345],[-2,-4,32452],[-1,-9,8090],[0,-7,15071],[2,-5,25759],[-5,-12,138139],[-4,-5,12528],[-11,-4,24372],[-1,-4,17820],[-9,-5,14272],[-5,-6,0]],[[11463,38189,0],[-73,-99,0]],[[11390,38090,0],[-10,9,8335],[-64,66,43600],[-74,72,0]],[[11242,38237,0],[-31,30,107627],[26,37,141301],[-35,48,11764],[-23,31,93751],[1,26,0]],[[11180,38409,0],[0,3,9216],[0,30,85159],[-36,82,255227],[-10,348,419394],[57,77,0]],[[11242,38237,0],[-50,-39,42764],[-20,-9,139685],[5,-10,13820],[1,1,10785],[6,-9,13820],[-1,-3,14988],[6,-15,178966],[-13,-11,23267],[-2,2,8010],[-5,-1,59982],[-26,-21,11725],[-79,-62,0]],[[11064,38060,0],[-17,35,9683],[-23,44,31299],[10,6,25368],[-2,4,13513],[5,4,14188],[-2,4,31299],[-15,-9,31299],[-14,27,7106],[-25,50,171303],[-11,15,10321],[-17,22,14803],[-8,12,8437],[-13,16,8437],[-43,57,0]],[[10889,38347,0],[-3,4,19235],[6,13,48696],[-22,17,276130],[-1358,1697,0]],[[9512,40078,0],[285,193,0]],[[9797,40271,0],[630,-784,72533],[236,-296,12872],[79,-98,1519510],[317,-61,324064],[132,-83,0]],[[9707,37819,0],[-7,78,0]],[[10494,37892,0],[-91,-47,0]],[[10403,37845,0],[-31,-17,112533],[-48,15,77487],[-8,24,123035],[-13,-7,15454],[-1,2,22972],[-23,-15,7808],[0,0,0]],[[10279,37847,0],[-5,6,6973],[-5,6,198182],[-137,-9,43497],[-425,-31,0]],[[11053,37719,0],[-4,5,10437],[-10,5,99307],[11,18,33903],[16,7,35869],[42,47,0]],[[11108,37801,0],[-8,-39,50295],[13,10,108097],[5,2,10247],[22,6,21446],[32,6,21446],[5,3,113849],[-10,18,22763],[-5,17,113849],[13,18,47011],[10,6,9919],[25,16,332260],[-5,5,9558],[-1,4,10970],[-5,3,10970],[1,4,13184],[-6,9,10926],[-4,4,111121],[-8,2,13294],[-3,5,31030],[-38,7,44152],[-4,-5,30332],[-7,4,9471],[-4,-1,12202],[-8,5,26834],[1,6,30332],[-6,4,9356],[-6,2,12335],[-2,3,12335],[-7,0,13074],[-7,5,135835],[-4,9,17112],[-3,10,8358],[-2,5,8358],[-1,5,28429],[-6,6,0]],[[11075,37965,0],[28,24,130795],[-8,10,29624],[-17,35,9766],[-14,26,0]],[[11390,38090,0],[78,-161,67754],[15,-18,67754],[29,-75,7087],[5,-15,260194],[5,1,7073],[8,0,13461],[8,-2,32510],[3,5,17815],[6,0,7391],[4,3,7431],[6,0,0]],[[11557,37828,0],[12,-32,9008],[9,-27,51504],[5,-36,172026],[-1,-6,14254],[-9,-10,37914],[-31,-25,0]],[[11287,37626,0],[-21,-7,0]],[[11266,37619,0],[-28,37,9050],[-10,14,45844],[-6,24,45844],[-18,13,157942],[-22,-16,112343],[-24,18,45915],[-32,40,284017],[-25,-4,51544],[-20,-10,9769],[-28,-16,0]],[[11707,37848,0],[0,7,12708],[-4,6,22475],[4,7,45420],[12,-2,17429],[6,4,77533],[2,3,7989],[-1,6,20063],[-8,0,20063],[-4,4,10806],[-3,7,45253],[13,7,45253],[1,8,7610],[2,6,20769],[-5,6,25837],[5,4,15596],[0,8,312790],[41,-11,92120],[26,14,8380],[16,10,92120],[9,-10,11699],[5,-3,69492],[9,4,20377],[32,5,39556],[8,8,69492],[5,1,8351],[6,0,16987],[9,-4,30934],[44,1,0]],[[12048,37899,0],[22,-40,41137],[-3,-3,7439],[3,-1,9324],[7,-22,100830],[-17,-3,47151],[5,-15,22780],[-5,-1,13693],[1,-6,0]],[[12061,37808,0],[-7,0,7044],[-12,3,37415],[-3,-12,44266],[-32,2,130326],[-2,-12,55822],[-2,-3,10214],[-48,-45,0]],[[11955,37741,0],[-85,34,69669],[-67,29,35852],[-96,44,0]],[[10746,37975,0],[-35,-1,70147],[1,-10,43064],[-7,-2,12349],[-24,-12,90092],[-23,13,0]],[[9678,38156,0],[-18,206,1007525],[-945,1172,0]],[[8715,39534,0],[355,243,15426],[124,85,0]],[[9194,39862,0],[1170,-1456,360814],[113,-159,184962],[54,-29,121197],[61,-81,0]],[[10592,38137,0],[2,-3,26254],[30,3,9337],[2,3,9337],[4,-3,9337],[7,1,57969],[-5,-7,8550],[-3,-1,38083],[4,-7,19719],[7,5,19719],[8,-8,34045],[10,5,225933],[17,-21,22427],[4,0,22427],[10,-21,52230],[-10,-2,77877],[8,-11,21715],[6,-5,7248],[12,-8,21715],[12,-12,10881],[8,-9,112447],[9,-41,44545],[4,-7,9148],[8,-13,0]],[[10932,37630,0],[13,14,10855],[5,4,34516],[34,43,128224],[3,2,15267],[20,-2,63487],[5,4,12053],[32,21,20452],[9,3,0]],[[11266,37619,0],[-44,-16,12070],[-19,-8,54586],[-67,-34,54586],[-21,-3,185002],[-12,-30,70878],[-9,-8,12202],[-9,-6,23115],[-9,-1,33071],[-9,-9,8428],[-5,-6,380400],[2,-25,20790],[7,0,17871],[-3,-8,20790],[4,-31,76716],[-7,-3,40572],[4,-19,15168],[-1,-6,15168],[4,-10,40572],[3,-1,8554],[-3,-3,8554],[0,-4,14752],[-5,0,14752],[0,-4,7435],[3,0,9298],[-1,-5,14127],[-4,0,0]],[[11065,37379,0],[-1,-9,19829],[5,-31,0]],[[11069,37339,0],[-135,-14,0]],[[10934,37325,0],[-10,23,18805],[0,1,6973],[-1,10,0]],[[10923,37359,0],[-2,7,21595],[7,3,13199],[3,6,21595],[-3,8,20336],[8,2,20336],[11,20,191469],[-3,99,17757],[-2,38,73270],[-10,88,0]],[[11102,37186,0],[-56,33,257996],[-35,-11,40747],[-18,-15,81978],[-30,7,149684],[-12,-7,41686],[-19,-34,109764],[-74,-21,60545],[3,-8,0]],[[10861,37130,0],[2,-8,39619],[-1,-1,7328],[-7,-4,14362],[-2,-6,14362],[-11,-11,18559],[-1,-4,8668],[-4,-4,98488],[-19,-12,37852],[-24,-6,17244],[-4,-3,10775],[-11,-3,98488],[-14,-16,42858],[-46,-29,65951],[-20,-28,0]],[[10699,36995,0],[-19,7,51981],[-29,-14,116527],[-34,7,17445],[-4,-1,14655],[-14,4,28323],[-8,-2,7285],[-4,1,28246],[-9,6,14045],[-7,-1,14045],[-2,5,61105],[-11,0,14950],[-4,3,17098],[-12,0,12018],[-10,2,24542],[-4,4,22448],[-8,-2,7688],[-9,-3,17357],[-3,2,0]],[[10508,37013,0],[-107,39,0]],[[10401,37052,0],[57,133,0]],[[10458,37185,0],[69,13,105108],[56,37,214577],[170,5,295648],[115,61,86030],[66,24,0]],[[11156,37241,0],[1,-19,0]],[[11157,37222,0],[-55,-36,0]],[[9194,39862,0],[198,135,0]],[[9392,39997,0],[1381,-1723,289042],[74,-56,139490],[-7,-39,0]],[[10840,38179,0],[-5,-5,6973],[0,0,6973],[-1,-1,0]],[[10834,38173,0],[-6,-11,26819],[-4,1,15499],[-9,-6,47557],[-5,-10,22139],[1,-14,47557],[-20,-18,264406],[14,-20,43840],[6,-30,63562],[-24,-2,52914],[-2,-20,63562],[30,-1,112596],[2,-13,38087],[11,-10,10304],[5,-3,28744],[1,-6,15940],[4,-4,7913],[2,1,7016],[5,-1,7913],[-5,-2,7913],[2,-3,60664],[6,1,12299],[8,-3,21229],[2,-4,9833],[5,-2,94964],[-1,-3,7474],[4,-1,7474],[-3,-1,10911],[-5,-8,10911],[3,-1,19572],[1,-6,8408],[2,-4,33838],[-4,-1,10056],[0,-4,7719],[-4,-2,59917],[10,-5,12748],[3,0,10074],[0,-7,12748],[5,0,0]],[[10874,37950,0],[1,-2,34485],[-15,2,7401],[-45,6,9790],[-53,7,81799],[1,6,8311],[2,3,15688],[-3,5,35213],[-14,-4,13934],[-2,2,0]],[[9713,37745,0],[-6,74,0]],[[10403,37845,0],[2,-5,7317],[3,-9,49185],[-6,-3,16726],[-11,-12,30662],[-3,-13,149711],[-69,-42,72480],[5,-3,12542],[2,-6,57033],[-11,-4,10004],[-8,0,14670],[-7,-3,11278],[-14,-4,44689],[-7,5,12804],[-6,0,0]],[[10273,37746,0],[-7,-4,26220],[-30,-3,43934],[-33,-16,111780],[-45,-46,0]],[[11929,38229,0],[159,-68,0]],[[12088,38161,0],[46,-19,63092],[13,-20,0]],[[11986,38015,0],[-95,52,106774],[-47,8,24561],[-13,4,0]],[[11831,38079,0],[1,13,11570],[-1,4,45547],[-12,7,22418],[5,4,22418],[-4,6,13935],[-10,5,66643],[5,5,8033],[4,1,15057],[1,6,40086],[-4,3,11172],[4,2,8901],[-1,4,10341],[-4,-2,10341],[0,3,8334],[-5,4,23767],[5,1,11330],[-2,4,186143],[4,3,8240],[2,-3,8240],[4,1,8097],[-2,2,8240],[4,2,7023],[0,3,7023],[4,-1,15000],[6,6,15000],[7,1,28289],[3,6,28289],[6,2,10929],[6,-2,17201],[3,3,12263],[10,2,30711],[3,2,10436],[-1,6,29806],[8,1,15319],[8,-4,7896],[2,1,0]],[[11890,38180,0],[8,6,16050],[10,1,58267],[21,42,0]],[[11102,37186,0],[35,-94,166602],[64,-33,0]],[[11201,37059,0],[1,-39,6973],[0,-2,0]],[[11202,37018,0],[-1,-48,79304],[8,-1,36323],[5,-30,52016],[-5,-12,26701],[2,-19,49242],[11,-23,0]],[[11023,36760,0],[-8,34,81173],[-43,39,0]],[[10972,36833,0],[-74,116,395615],[35,38,24213],[5,2,74636],[34,49,21477],[18,21,21148],[11,17,144686],[5,19,10381],[8,32,0]],[[11014,37127,0],[2,9,65554],[86,50,0]],[[11075,37965,0],[-7,4,9903],[-4,4,22291],[-15,5,18966],[-11,8,47338],[-5,11,14956],[-6,5,115422],[0,8,22062],[5,8,8593],[7,9,35656],[0,4,9857],[-2,11,115422],[-4,5,15038],[-8,3,9204],[-5,4,28102],[-11,14,14038],[-4,1,7729],[-2,3,64984],[6,6,36701],[-4,2,11703],[-1,4,7841],[-4,4,18705],[3,5,13366],[-3,3,9486],[-2,-2,13366],[-3,2,7078],[-1,5,205862],[-5,3,10329],[-3,-3,11284],[-4,3,11284],[-12,1,30230],[-1,3,8102],[3,3,8102],[-2,1,20731],[-8,-3,15781],[-3,4,44404],[-9,-2,13978],[-2,-4,119766],[-10,9,11167],[-3,5,31603],[5,8,37988],[-3,7,11642],[-4,1,11642],[-2,6,9591],[-5,5,15560],[-1,7,15560],[-7,4,59664],[-11,1,19464],[-3,6,7170],[-2,0,0]],[[10902,38166,0],[-2,1,0]],[[10900,38167,0],[-2,-1,0]],[[10898,38166,0],[0,-1,6973],[-1,-1,6973],[-1,-2,0]],[[10896,38162,0],[-3,-2,0]],[[10893,38160,0],[-3,0,7345],[-9,-4,15838],[-16,-3,72660],[-10,14,20992],[-15,12,0]],[[9392,39997,0],[120,81,0]],[[12061,37808,0],[3,0,9347],[26,6,33004],[7,-6,24027],[9,6,14048],[3,-2,96898],[11,-27,23227],[-2,-5,0]],[[12118,37780,0],[-2,-6,12963],[1,-13,0]],[[12117,37761,0],[-36,-36,0]],[[12081,37725,0],[-3,-2,0]],[[12078,37723,0],[-4,-1,10084],[-7,4,12084],[-9,-1,26980],[-5,3,10953],[-21,7,85320],[-10,-2,8086],[-13,-3,9770],[-34,-7,103053],[-20,18,0]],[[10769,37826,0],[1,-47,34850],[1,-2,13414],[5,-49,206039],[-6,-5,16268],[-20,-10,18035],[-9,-8,33517],[-16,-8,13533],[-19,-9,54445],[-19,-4,15762],[-4,0,9242],[-5,-3,9242],[-6,-1,7031],[-5,-2,15762],[-6,0,45304],[-3,-5,11208],[2,-4,187838],[39,-28,43420],[10,1,0]],[[10213,37630,0],[58,56,182035],[50,15,44823],[31,2,44823],[11,11,44823],[19,4,27517],[22,9,19970],[11,2,7984],[2,1,0]],[[10417,37730,0],[3,5,13845],[7,-1,18661],[1,5,10639],[4,3,18661],[6,-2,34491],[2,11,70443],[3,2,12587],[8,-3,25040],[4,2,9710],[5,0,12776],[7,5,25040],[17,1,8814],[4,0,98725],[0,-5,11790],[-5,-1,28152],[8,-16,98725],[147,25,244033],[99,49,10945],[32,16,0]],[[11729,37371,0],[13,1,19137],[37,-3,44998],[9,-2,7335],[10,-4,15141],[19,-3,160604],[20,0,15107],[8,2,39021],[7,10,39021],[12,2,13697],[31,7,10422],[10,3,77138],[9,5,7464],[11,4,21445],[20,13,9712],[8,3,150451],[8,-8,15143],[2,-1,7936],[13,-10,0]],[[11976,37390,0],[11,-11,9537],[2,-4,0]],[[11915,37294,0],[-53,-23,106076],[-64,-54,63904],[-49,-31,184115],[-186,-89,80352],[-12,-21,62468],[-38,-9,504912],[-42,54,75362],[-21,50,291042],[-34,-8,11268],[-8,0,7432],[-3,-1,39238],[-1,-8,24018],[-7,-1,7054],[-6,0,136920],[3,-14,25965],[6,-3,14578],[-3,-6,14578],[7,3,78379],[-7,-14,37524],[-8,-2,20575],[-5,8,37524],[-4,-2,13408],[-19,-5,78379],[1,-14,11112],[-1,-15,0]],[[11361,37089,0],[-3,-26,82224],[-44,8,93628],[-113,-12,0]],[[11157,37222,0],[50,-23,80099],[0,-1,6973],[34,-38,0]],[[11241,37160,0],[8,11,32390],[24,11,88532],[23,4,12131],[4,1,12131],[16,3,8506],[17,3,23593],[9,0,81680],[18,11,7189],[20,12,243746],[-2,6,7061],[0,6,10560],[-3,7,36119],[-8,1,14559],[-5,6,120206],[8,3,15602],[3,9,10931],[3,-1,35649],[2,6,7265],[5,14,9012],[3,1,9012],[-1,4,55806],[7,2,8828],[3,-2,8828],[10,1,52729],[2,8,15681],[8,12,12616],[2,2,7141],[-2,2,439786],[31,15,40125],[32,6,90083],[27,1,23416],[62,7,182645],[32,-30,53400],[15,1,280904],[114,58,79940],[1,10,0]],[[10972,36833,0],[-88,0,89521],[-8,1,15385],[-5,-1,7008],[-5,-2,26819],[-10,-8,34971],[-9,-4,14994],[-10,1,17575],[-9,-5,17575],[-6,2,411197],[-3,5,7341],[-4,3,14200],[-2,9,41819],[-7,6,11615],[-7,3,24270],[-8,6,11009],[-11,13,72585],[-14,9,20078],[-12,4,24933],[-7,5,7791],[-5,3,8872],[-6,5,197842],[-3,9,27275],[11,8,29810],[-1,2,7602],[4,1,7602],[2,3,7602],[20,28,40927],[0,9,17399],[4,1,11215],[1,5,196074],[-7,7,11260],[-4,2,7914],[-10,8,11437],[-16,14,66793],[-13,4,11212],[-7,1,12099],[-18,5,0]],[[11660,38092,0],[41,42,7392],[50,51,84211],[-2,3,23319],[17,18,27803],[-5,2,43195],[26,26,0]],[[11787,38234,0],[1,6,6973],[0,0,6973],[1,2,35955],[29,-2,70352],[15,30,0]],[[11833,38270,0],[96,-41,0]],[[11831,38079,0],[-3,-19,31169],[-8,-23,14900],[-5,-10,232391],[-6,-1,11860],[0,3,11860],[-4,2,9087],[1,3,9087],[-5,3,17423],[-3,-2,15276],[-4,11,45377],[-3,1,7804],[-8,1,16935],[-3,2,7062],[1,3,16935],[-7,2,11419],[-2,3,11419],[-5,3,8537],[-4,4,27292],[-12,4,116180],[-6,-3,9225],[-4,1,12124],[-4,-3,7517],[-3,1,7047],[-2,-2,12124],[-3,1,12124],[-6,-2,8004],[-3,1,8004],[-5,-2,24340],[-3,-4,8107],[-3,-1,24340],[-7,1,8588],[-4,3,12988],[-6,-1,115604],[-32,33,0]],[[11108,37801,0],[-51,62,42372],[1,1,12768],[-5,26,42372],[-10,-9,42372],[-66,77,318848],[-37,-12,73445],[-8,1,17603],[-2,2,9733],[-12,6,53079],[-9,-1,14558],[-35,-4,0]],[[10458,37185,0],[-21,98,171019],[31,91,0]],[[10865,37653,0],[14,1,32808],[41,11,23833],[7,4,121298],[5,-39,0]],[[10769,37826,0],[21,10,21775],[11,9,125513],[-74,40,125513],[-24,27,9133],[-45,51,0]],[[9797,40271,0],[145,99,197876],[78,99,0]],[[10020,40469,0],[859,-584,73337],[426,-292,2069455],[415,-838,16075],[18,-35,0]],[[11738,38720,0],[80,-163,0]],[[11818,38557,0],[9,-18,109541],[-75,-78,0]],[[11752,38461,0],[-127,27,323996],[-35,-24,50724],[-20,-27,118027],[-8,0,33807],[-65,-29,73996],[-22,0,57941],[-15,-14,37720],[5,-10,10515],[-1,-2,0]],[[10616,36840,0],[-19,18,66973],[-65,27,23722],[-9,1,16301],[-6,7,0]],[[10517,36893,0],[-4,0,0]],[[10513,36893,0],[0,1,0]],[[10513,36894,0],[-6,1,13666],[-3,6,29833],[-8,-4,15654],[-8,1,0]],[[10488,36898,0],[-143,20,0]],[[10345,36918,0],[31,74,0]],[[10376,36992,0],[17,40,0]],[[10393,37032,0],[8,20,0]],[[10695,36651,0],[0,5,20865],[-3,7,8141],[-14,28,32570],[-11,20,8775],[-1,5,8775],[-8,12,73282],[-2,18,41918],[-11,33,14250],[-3,6,26299],[-10,34,73282],[-16,21,0]],[[11463,38189,0],[19,-11,51013],[53,-8,91940],[18,15,0]],[[11553,38185,0],[7,-3,10402],[7,-2,7914],[5,-2,41446],[16,-19,15911],[5,-3,68207],[6,7,19024],[3,1,7182],[6,0,130045],[12,-25,39603],[19,-15,39603],[-6,-9,39603],[19,-31,77301],[8,8,0]],[[11707,37848,0],[-17,0,16869],[-6,1,7305],[-10,1,29957],[-11,-5,29957],[-3,2,11898],[-13,3,8945],[-4,0,95244],[-3,-5,13049],[-7,-2,31543],[-6,0,7397],[-4,2,8439],[-9,1,31543],[-4,-4,16258],[-10,1,16258],[-4,-2,9628],[-21,-4,44952],[-7,-2,9779],[-6,-5,7607],[-5,-2,0]],[[12117,37761,0],[29,1,62277],[20,23,62277],[34,7,0]],[[12271,37824,0],[29,-42,6973],[0,0,0]],[[12300,37782,0],[27,-39,83272],[40,-15,142944],[0,-33,79624],[33,-9,79624],[1,-16,49234],[29,-26,49234],[16,-23,21797],[8,-15,233930],[6,-26,22651],[0,-6,7820],[-2,-5,22651],[7,-11,29392],[0,-5,7153],[2,-3,7153],[7,-19,18546],[2,-11,0]],[[11976,37390,0],[34,2,90476],[1,13,21038],[-4,16,14157],[2,5,11062],[-2,7,162079],[-8,14,9654],[-5,8,41262],[-6,1,10249],[-3,-2,8611],[-5,2,65860],[-4,2,7229],[-1,4,7229],[-9,12,36536],[-1,5,8546],[-5,13,13398],[-5,5,13398],[-1,9,336456],[4,3,7623],[4,1,7623],[4,3,16793],[3,8,16793],[6,-1,31433],[1,7,10706],[4,6,31433],[11,4,12049],[3,-1,52642],[3,4,7581],[4,4,16692],[3,6,7050],[1,6,71864],[7,4,22361],[11,-1,13774],[2,-3,22688],[4,0,8103],[1,3,8103],[5,1,71864],[0,8,11847],[4,3,11847],[4,19,71864],[3,6,15287],[11,6,30649],[4,9,16147],[9,6,16147],[5,6,10168],[3,7,40438],[4,-1,7661],[2,3,7220],[2,-1,277123],[0,6,11563],[3,7,17597],[4,32,78365],[-15,47,0]],[[11752,38461,0],[-12,-152,0]],[[11740,38309,0],[-70,-15,31079],[-8,-4,0]],[[11662,38290,0],[-3,-1,7046],[-9,0,13137],[-12,-5,51602],[-2,-8,16555],[-6,-2,20638],[-1,-11,52522],[-36,-41,7236],[-12,-14,50766],[-28,-23,0]],[[11740,38309,0],[93,-39,0]],[[11729,37371,0],[-21,1,18927],[-2,6,18927],[-6,-6,14734],[-4,3,214584],[-2,14,20721],[4,7,29315],[-4,31,74385],[-25,144,173947],[-14,23,8830],[-4,9,23781],[-8,8,12650],[-1,4,10628],[-3,3,8009],[-3,5,0]],[[12291,37890,0],[117,25,189337],[130,79,0]],[[6263,33037,0],[-17,14,41444],[-33,11,109219],[-29,-20,22230],[-7,-2,0]],[[6177,33040,0],[-28,-2,32935],[-7,-5,9531],[-6,-2,57064],[-12,2,24894],[-35,0,57064],[-138,-6,121482],[-83,6,0]],[[5868,33033,0],[1,1,7903],[21,19,9439],[62,56,0]],[[10122,36990,0],[-16,37,75737],[-43,42,0]],[[10063,37069,0],[42,-5,11634],[9,-1,84253],[-2,6,12683],[1,10,28418],[3,5,9867],[5,2,0]],[[10121,37086,0],[20,11,0]],[[10141,37097,0],[47,11,181621],[205,-76,0]],[[10376,36992,0],[-79,29,206448],[-123,-44,7772],[-3,-1,0]],[[10171,36976,0],[-2,-2,7560],[-6,0,20177],[-3,9,33949],[-25,6,22060],[-5,-6,22060],[-8,7,0]],[[9607,37159,0],[-123,-153,0]],[[9484,37006,0],[-54,-249,0]],[[8994,36545,0],[50,172,0]],[[9044,36717,0],[55,190,0]],[[9099,36907,0],[16,56,155779],[165,314,388370],[186,236,0]],[[9466,37513,0],[0,-95,281433],[141,-259,0]],[[5163,32879,0],[-28,118,0]],[[5135,32997,0],[79,11,8940],[1,0,0]],[[5215,33008,0],[8,1,15136],[7,-3,55947],[8,-10,24121],[1,-6,11069],[9,-22,133381],[6,0,10646],[21,-6,43926],[3,1,12698],[7,-7,13903],[23,-8,14818],[20,-10,87905],[36,-26,7280],[13,-9,191002],[14,28,203293],[8,-1,11779],[79,-12,112915],[16,-5,27447],[42,-21,75292],[71,-17,0]],[[5607,32875,0],[-6,-21,35252],[-20,-49,21290],[-9,-18,0]],[[5572,32787,0],[-1,0,6973],[-1,-4,6973],[-7,-14,111392],[-92,47,133800],[-102,0,0]],[[5369,32816,0],[-104,60,189838],[-102,3,0]],[[12308,38701,0],[-12,15,53246],[1,43,0]],[[12297,38759,0],[0,1,6973],[-2,9,0]],[[12295,38769,0],[15,3,39373],[26,23,77077],[48,7,100191],[88,51,0]],[[12472,38853,0],[23,-28,0]],[[12495,38825,0],[13,-48,122347],[37,-18,65079],[30,-34,0]],[[12575,38725,0],[27,-29,127234],[21,-105,47301],[10,-6,37472],[-9,-18,173552],[-31,-7,0]],[[12593,38560,0],[-2,10,25046],[-5,1,6973],[-7,2,0]],[[12579,38573,0],[-4,0,17228],[-15,-11,10792],[-7,-2,10792],[1,-2,37658],[-6,-4,8325],[-6,-1,17168],[-8,2,121973],[0,14,42663],[-15,-2,31382],[-6,10,73249],[11,19,19420],[-1,8,13207],[4,4,142683],[-18,-8,15795],[-3,1,41811],[2,15,41811],[-27,0,63178],[0,12,16155],[4,5,14512],[-8,-1,98988],[-33,9,10547],[-7,2,31658],[-42,10,12115],[-56,13,0]],[[12339,38666,0],[-31,35,0]],[[13005,39003,0],[-82,9,0]],[[12923,39012,0],[-4,1,8681],[-6,0,8681],[-5,1,48487],[13,5,23052],[-3,6,31047],[-17,-8,15071],[-6,-6,15071],[-10,-4,31047],[-1,2,8961],[-5,-3,8961],[-3,2,7297],[-6,-1,11427],[-2,2,9035],[-4,-4,14474],[-7,3,14474],[-2,-4,25418],[-13,-5,0]],[[12842,38999,0],[-13,-18,60405],[-45,-12,40045],[-9,-9,0]],[[12775,38960,0],[-40,3,0]],[[12735,38963,0],[-41,47,161598],[4,26,37420],[-5,23,42499],[4,56,0]],[[12697,39115,0],[53,-16,107164],[20,7,6973],[41,13,0]],[[12811,39119,0],[43,13,27455],[2,1,8360],[8,-1,119092],[-5,-47,157687],[6,3,13063],[38,21,57292],[7,0,7380],[10,1,21366],[10,7,19929],[11,0,0]],[[12941,39117,0],[77,-8,0]],[[12998,38899,0],[-43,-1,49207],[-26,-9,0]],[[12929,38889,0],[-6,13,6973],[0,3,0]],[[12923,38905,0],[-31,7,24917],[-20,7,42170],[-35,4,70702],[-25,16,15039],[-3,1,0]],[[12809,38940,0],[-7,8,29616],[-19,2,33380],[-8,10,0]],[[12593,38560,0],[-12,-15,20951],[-4,-11,0]],[[12577,38534,0],[6,-6,7564],[4,-3,18331],[1,-3,7529],[3,-5,20778],[10,-11,12974],[5,0,12974],[2,-5,139625],[-25,-13,8381],[-7,-4,53536],[-8,-9,10095],[-3,-1,17700],[-16,-19,139625],[2,-10,22765],[2,-34,16233],[3,-28,96399],[-15,-69,0]],[[12541,38314,0],[-16,-13,13591],[-28,-23,101498],[-33,-11,37237],[-33,-3,0]],[[12431,38264,0],[-15,13,48172],[-7,32,0]],[[12409,38309,0],[-4,18,20461],[-1,27,55254],[3,7,10534],[6,16,201101],[-12,18,11489],[-45,74,12680],[-23,37,19056],[1,2,19056],[-16,22,316989],[12,58,50624],[-6,10,60376],[6,23,18400],[9,45,0]],[[12799,38175,0],[-36,45,20344],[-3,5,0]],[[12760,38225,0],[3,2,16757],[-5,5,9096],[-3,6,26685],[7,3,15603],[-1,6,64150],[-9,2,8849],[-10,1,49749],[-9,10,22904],[-2,13,103080],[8,8,16433],[5,-2,16433],[11,7,89065],[-3,22,46749],[-19,23,0]],[[12733,38331,0],[32,26,86666],[18,-10,32880],[18,0,93397],[20,9,28946],[17,0,63733],[57,34,272165],[11,48,81479],[35,46,0]],[[12941,38484,0],[120,-29,95149],[10,-6,13336],[12,-5,18553],[2,-4,8391],[5,-3,18553],[6,1,16254],[5,-6,8307],[2,0,0]],[[13103,38432,0],[40,-85,0]],[[12116,38603,0],[-8,1,23692],[-32,-6,82891],[-47,23,128157],[-92,-10,48497],[-24,1,266398],[-30,-28,77025],[-65,-27,0]],[[11738,38720,0],[35,15,141417],[176,-23,141417],[64,11,58439],[30,-7,33637],[10,4,0]],[[12053,38720,0],[24,-4,61134],[50,14,9447],[2,0,6973],[1,1,6973],[2,1,6973],[1,0,0]],[[12133,38732,0],[17,1,18967],[8,2,8894],[10,2,12737],[1,1,36801],[79,8,77859],[6,3,9986],[11,5,8342],[3,2,17659],[7,2,0]],[[12275,38758,0],[20,11,0]],[[12308,38701,0],[-35,-15,92688],[-99,-1,23082],[0,-1,0]],[[12174,38684,0],[0,-2,6973],[0,-1,0]],[[12174,38681,0],[2,-37,24541],[-3,-2,0]],[[12173,38642,0],[-46,-25,46418],[-5,-1,18829],[-6,-13,0]],[[12860,38470,0],[66,10,30491],[15,4,0]],[[12733,38331,0],[-15,-12,52217],[-38,1,56092],[-62,-23,0]],[[12618,38297,0],[-10,52,173480],[12,21,13225],[15,25,7485],[12,20,33376],[-7,8,31298],[9,15,33376],[6,-6,9477],[2,0,33376],[26,43,432147],[9,1,27003],[3,-8,9782],[4,-5,39657],[23,-1,13028],[4,-2,96230],[37,24,107753],[16,-9,60597],[11,2,20011],[7,-3,13466],[11,0,24059],[12,4,24059],[25,-2,49140],[15,-6,0]],[[12495,38825,0],[84,23,81453],[86,36,232536],[8,19,62066],[43,20,88188],[19,40,0]],[[12929,38889,0],[-22,-24,0]],[[12907,38865,0],[-4,2,11115],[-6,0,7710],[-6,1,28335],[-15,12,78357],[-18,-7,28924],[-12,-12,117902],[9,-18,22260],[4,1,22260],[11,-20,117902],[-12,-10,17103],[-21,-20,46345],[-3,-1,8043],[-14,-9,8043],[-14,-8,289422],[-3,-5,23648],[8,-19,23648],[1,-14,10799],[3,-19,106774],[15,-10,34599],[13,-13,18598],[2,-5,9848],[10,-12,0]],[[12855,38679,0],[-9,-15,0]],[[12846,38664,0],[-18,4,17107],[-58,8,153428],[-3,9,7491],[-3,2,7491],[2,2,11967],[-5,16,30123],[-8,16,8521],[-5,10,192661],[-8,0,7046],[-15,-1,27138],[-6,-2,7484],[-8,-1,13574],[-9,-4,81610],[-58,15,0]],[[12644,38738,0],[-40,9,81466],[-29,-22,0]],[[12088,38161,0],[24,49,12058],[1,2,0]],[[12113,38212,0],[1,6,8022],[4,7,44474],[12,-6,19284],[5,3,13671],[5,-4,97768],[8,16,31520],[11,48,131886],[0,12,29151],[-13,59,104534],[24,10,0]],[[12170,38363,0],[8,-23,40361],[22,-29,67854],[29,-25,275377],[89,105,292648],[22,-37,15626],[5,-6,93453],[-22,-21,178444],[12,-10,25454],[13,-5,10089],[15,-8,84906],[29,2,20646],[17,3,0]],[[12431,38264,0],[-28,-41,39886],[-24,-36,16085],[-2,-1,8061],[-4,-6,15074],[-3,-9,27832],[-7,-4,27832],[-2,-7,13006],[-6,-14,93039],[5,-8,11829],[3,-12,93039],[-49,-43,49087],[-8,1,0]],[[12306,38084,0],[-102,-54,0]],[[12154,38390,0],[-12,-19,40469],[-13,-6,10440],[-11,-7,108724],[-20,2,9415],[-7,-1,36939],[-12,7,14992],[-11,3,108724],[-6,-5,7333],[-6,-4,33288],[-17,-3,21962],[-2,4,51315],[-11,-5,10419],[-22,-12,13388],[-27,-13,338238],[-3,6,34462],[-17,10,7502],[-44,29,37648],[-22,22,36781],[-4,2,8256],[-15,7,0]],[[11872,38407,0],[-5,11,6973],[-14,36,162431],[-101,7,0]],[[12116,38603,0],[19,-13,29920],[21,-5,15859],[3,-3,6973],[0,0,0]],[[12159,38582,0],[1,-6,19980],[-11,-2,19980],[-27,-17,76663],[9,-15,7529],[11,-19,76663],[-5,1,13063],[-11,7,32411],[-3,-1,10429],[-7,2,12311],[-5,-2,7491],[-3,0,236364],[1,-13,10750],[2,-21,83276],[40,-67,87842],[-12,-1,50333],[3,-16,30267],[12,-22,0]],[[12154,38390,0],[16,-27,0]],[[12855,38679,0],[8,13,72218],[80,20,0]],[[12943,38712,0],[15,3,6973],[1,0,17929],[41,7,0]],[[12860,38470,0],[-11,76,36715],[-5,15,105596],[1,57,9073],[1,46,0]],[[12697,39115,0],[-116,46,92458],[-52,7,0]],[[12529,39168,0],[-67,10,484929],[-294,600,410674],[28,41,0]],[[12972,39300,0],[-42,-11,0]],[[12930,39289,0],[-6,-4,20480],[-40,-17,28519],[3,-2,56142],[-57,-17,123284],[1,-2,7486],[-2,-5,24104],[3,-6,13911],[4,-2,7194],[4,-1,29309],[1,-2,8927],[-5,-6,116446],[-36,-5,30102],[1,-5,26872],[-26,-3,75422],[3,-6,36944],[-3,-3,11044],[-12,-7,17231],[-15,-4,13321],[0,-2,0]],[[12748,39190,0],[-4,-14,50486],[-47,-61,0]],[[12059,38847,0],[22,4,37935],[49,-1,100129],[24,26,100129],[37,11,43742],[82,16,64091],[41,4,160502],[58,31,0]],[[12372,38938,0],[100,-85,0]],[[12053,38720,0],[5,75,31407],[2,8,21409],[-1,44,0]],[[10279,40797,0],[1594,-1061,2061967],[369,-749,681758],[19,-10,43003],[34,-1,83003],[53,-23,37949],[24,-15,0]],[[12059,38847,0],[-26,3,78012],[-73,50,562945],[-370,750,2025906],[-1455,965,0]],[[10135,40615,0],[144,182,0]],[[12621,38051,0],[-46,56,0]],[[12575,38107,0],[-14,17,30776],[-5,3,9597],[-11,4,44450],[-21,22,18205],[-10,13,86571],[1,12,38075],[-20,27,277350],[13,65,96268],[33,44,0]],[[12541,38314,0],[77,-17,0]],[[12472,38853,0],[23,15,80167],[28,65,259690],[-11,105,137594],[17,130,0]],[[10020,40469,0],[115,146,0]],[[10279,40797,0],[142,180,0]],[[13530,41046,0],[57,43,92845],[66,22,106822],[72,54,220809],[31,8,33213],[38,15,25276],[15,3,74323],[20,14,53605],[67,20,47884],[9,7,12586],[8,4,0]],[[13913,41236,0],[3,0,8726],[12,6,29302],[29,24,0]],[[13957,41266,0],[68,58,16481],[17,15,25078],[36,30,8407],[31,27,0]],[[14109,41396,0],[-29,-70,15699],[-29,-69,8485],[-28,-66,7022],[-16,-37,280739],[-36,-29,11530],[-49,-40,0]],[[13922,41085,0],[-10,-7,6973],[-1,-2,65067],[32,-12,30911],[21,-13,136042],[-20,-7,24427],[-15,-12,50686],[-31,-4,136042],[-7,-11,42510],[4,-38,68962],[-18,-23,0]],[[13877,40956,0],[-5,-3,0]],[[13872,40953,0],[-7,-1,26060],[3,-18,42046],[16,-7,50437],[0,-37,50437],[12,-18,233588],[-65,-173,448529],[-151,-86,0]],[[13680,40613,0],[-118,25,524503],[-4,135,160161],[-49,13,141876],[13,67,356210],[-111,44,356210],[44,36,31631],[40,29,166605],[35,84,0]],[[14109,41396,0],[217,-319,106758],[84,-132,0]],[[14410,40945,0],[2,-3,6973],[3,-5,55589],[39,-1,14397],[25,-2,12364],[8,1,63982],[40,-14,39376],[34,-5,197827],[20,-22,42221],[50,-37,0]],[[14631,40857,0],[-130,-89,237183],[-140,-20,199203],[-88,-62,362227],[-151,-9,512792],[-197,-155,225277],[-113,-45,0]],[[13812,40477,0],[-132,136,0]],[[14744,42275,0],[-112,303,20705],[-102,275,0]],[[14750,42260,0],[-6,15,0]],[[14750,42260,0],[-337,-103,510766],[-89,-120,94763],[-58,-60,0]],[[14266,41977,0],[-163,-33,80099],[-19,-11,0]],[[14084,41933,0],[-2,-2,0]],[[14082,41931,0],[-9,-5,17655],[-26,-9,33976],[-13,2,28725],[-18,-8,90309],[-27,-30,97401],[-123,-48,0]],[[13866,41833,0],[-55,49,115769],[-84,31,474516],[46,254,0]],[[13773,42167,0],[159,58,261535],[43,32,109123],[33,-24,109123],[79,18,160216],[80,-15,1121881],[363,617,0]],[[13900,41342,0],[38,12,143970],[3,-15,11538],[4,-11,27261],[12,-62,0]],[[13530,41046,0],[-155,-10,314934],[-39,60,71977],[-16,47,0]],[[13320,41143,0],[14,17,64987],[23,6,33968],[33,17,54819],[10,9,13804],[13,10,0]],[[13413,41202,0],[5,3,20613],[12,-8,34049],[3,2,6973],[9,6,0]],[[13442,41205,0],[78,55,10941],[44,31,146049],[-2,-6,20179],[3,-6,7635],[-2,0,7635],[3,-17,228094],[75,24,8363],[63,19,7982],[23,8,81591],[108,26,155282],[6,-14,75495],[59,17,0]],[[15007,41561,0],[-86,-105,335497],[-121,28,185012],[-70,-33,0]],[[14730,41451,0],[-2,-3,37701],[-44,-14,10489],[-23,-6,11632],[-61,-20,333053],[-291,-7,12729],[-200,-5,0]],[[14109,41396,0],[83,55,20206],[50,34,10507],[35,23,10507],[41,28,8639],[22,15,266326],[36,14,14712],[159,63,0]],[[14535,41628,0],[25,10,51203],[80,47,9629],[23,13,0]],[[14663,41698,0],[13,13,113084],[248,76,0]],[[15007,41561,0],[-83,226,0]],[[10924,41611,0],[195,244,0]],[[11119,41855,0],[12,-8,16042],[1286,-854,2376035],[750,162,439472],[78,-24,124986],[75,12,0]],[[13812,40477,0],[166,-326,0]],[[14073,41467,0],[36,-71,0]],[[13900,41342,0],[-6,23,22487],[-9,20,77529],[-42,51,302819],[-137,20,12061],[-51,8,0]],[[13655,41464,0],[4,3,9429],[1,4,40535],[-5,8,13073],[-7,4,19261],[-9,14,40535],[-1,6,10521],[1,11,109394],[8,2,8612],[17,1,55300],[-43,12,39440],[4,5,55300],[-11,7,21050],[-23,22,44528],[-15,22,0]],[[13576,41585,0],[-1,2,14079],[-23,-7,68290],[-11,9,36176],[1,21,219256],[-111,-4,84156],[-48,-13,149816],[-161,6,1374322],[-1523,979,0]],[[11699,42578,0],[119,147,228203],[300,447,337089],[39,56,32126],[37,48,110746],[240,295,0]],[[12434,43571,0],[1306,-866,1961283],[33,-538,0]],[[13866,41833,0],[42,-133,177716],[42,-17,20799],[6,-4,0]],[[13956,41679,0],[12,-12,22835],[1,-4,7168],[-2,-3,22835],[25,-46,54205],[45,-67,101783],[36,-80,0]],[[14631,40857,0],[56,-27,478209],[146,183,282203],[89,17,282203],[330,227,0]],[[15377,41101,0],[-125,156,0]],[[14141,41616,0],[27,12,66984],[59,13,8252],[69,15,202832],[-1,27,8149],[0,12,8149],[0,4,44767],[3,6,9089],[8,9,13620],[1,4,44767],[-11,13,202832],[86,-3,130490],[-4,-12,36505],[2,-7,10340],[5,-9,8518],[3,-7,23300],[4,0,0]],[[14392,41693,0],[1,-36,170604],[21,1,11540],[50,1,115117],[71,-31,0]],[[14073,41467,0],[-1,4,9566],[2,3,9778],[0,6,27542],[2,2,7191],[6,1,20196],[2,10,55603],[-8,5,24569],[1,6,15467],[-2,4,8964],[-4,3,13571],[1,4,55603],[9,9,11370],[7,5,93387],[-6,8,7982],[-1,3,19510],[2,5,19510],[-3,8,9066],[-3,12,39810],[-1,16,14771],[2,7,208132],[63,28,0]],[[14266,41977,0],[51,-57,200897],[-59,-61,75102],[3,-14,0]],[[14261,41845,0],[-9,-8,20380],[-12,-1,43164],[-3,-6,16705],[8,0,16705],[1,-7,49025],[-28,-58,8342],[-15,-32,61539],[-6,0,82275],[-45,-94,11129],[-11,-23,0]],[[15252,41257,0],[-157,195,9644],[-88,109,0]],[[14392,41693,0],[42,2,204350],[62,107,84315],[5,44,68242],[21,21,0]],[[14522,41867,0],[0,28,76267],[-37,17,76267],[-7,32,159884],[17,72,528297],[310,94,0]],[[14896,41863,0],[-91,247,0]],[[14924,41787,0],[-28,76,0]],[[14805,42110,0],[-55,150,0]],[[11119,41855,0],[242,302,0]],[[11361,42157,0],[21,-12,19169],[1335,-780,2091708],[408,-17,473745],[205,51,264489],[50,-4,102818],[10,-16,23145],[12,-10,21622],[7,-13,264489],[72,39,90437],[72,27,41075],[9,1,6973],[6,0,0]],[[13568,41423,0],[32,5,37631],[43,-2,128900],[-2,7,8372],[0,8,23497],[1,8,8435],[2,8,42465],[11,7,0]],[[12434,43571,0],[432,530,0]],[[14530,42853,0],[-358,374,990002],[-432,290,72496],[-534,358,40975],[-195,130,10093],[-145,96,0]],[[11361,42157,0],[338,421,0]],[[5998,32852,0],[11,-1,23337],[11,1,8101],[30,2,9638],[21,0,118332],[97,24,71946],[5,5,11908],[1,6,0]],[[6174,32889,0],[1,17,24716],[6,17,70542],[26,9,0]],[[6164,32635,0],[-46,36,28128],[0,0,6973],[-5,1,0]],[[6113,32672,0],[-39,3,89506],[-11,-8,11858],[-8,-6,23270],[-6,-2,7039],[-7,-3,65302],[-3,4,16765],[-11,-2,17834],[-11,5,65302],[-5,-1,15581],[-24,0,35765],[-15,-4,17815],[-16,-1,19117],[-13,-4,30630],[-9,0,9892],[-13,-1,136832],[1,16,0]],[[5923,32668,0],[53,59,129835],[-33,16,129835],[14,12,60424],[-2,42,97884],[14,10,17753],[8,4,8987],[6,2,16892],[12,9,82601],[3,30,0]],[[5115,33670,0],[39,-9,6973],[4,-2,6973],[2,0,0]],[[5160,33659,0],[24,1,36968],[11,7,9868],[1,3,36968],[48,12,45563],[68,12,41451],[16,7,0]],[[5328,33701,0],[71,-67,64981],[5,-7,11636],[14,-22,0]],[[5418,33605,0],[16,-24,0]],[[5434,33581,0],[-109,-91,0]],[[5325,33490,0],[-41,-31,153628],[-102,20,0]],[[5182,33479,0],[0,75,173608],[-71,82,126829],[4,34,0]],[[5182,33479,0],[-4,-18,18948],[-39,-166,0]],[[5139,33295,0],[-18,4,10039],[-891,198,15087],[-39,9,1710535],[-433,267,72663],[-868,531,0]],[[2890,34304,0],[59,85,31097],[39,54,140417],[42,53,56516],[45,51,30614],[38,41,330470],[319,322,0]],[[3432,34910,0],[1312,-1156,1385401],[371,-84,0]],[[5530,33670,0],[14,30,0]],[[5544,33700,0],[24,5,0]],[[5568,33705,0],[12,-53,87810],[22,-23,19733],[10,-7,19733],[1,-6,0]],[[5613,33616,0],[-4,0,6973],[0,0,6973],[-2,-1,6973],[-1,0,0]],[[5606,33615,0],[-8,-4,16857],[-1,6,16857],[-10,2,0]],[[5587,33619,0],[-2,6,10619],[-4,-1,10619],[4,5,28032],[-9,9,19734],[-6,-5,11028],[0,4,0]],[[5570,33637,0],[1,1,6973],[-3,2,6973],[-1,4,10911],[-3,-1,19285],[-34,27,0]],[[5705,33582,0],[11,9,30156],[1,5,7304],[-2,6,7021],[1,4,39898],[6,7,12930],[12,8,0]],[[5734,33621,0],[1,2,6973],[1,1,10384],[6,2,0]],[[5742,33626,0],[0,-11,14880],[3,-5,14880],[3,-22,73209],[-7,-15,25867],[-9,-2,25867],[-3,-13,0]],[[5729,33558,0],[-11,-11,26830],[-23,-11,33236],[-5,-7,8301],[-4,-8,25555],[-9,-2,0]],[[5677,33519,0],[-10,3,19636],[-7,7,0]],[[5660,33529,0],[-9,9,0]],[[5651,33538,0],[15,9,29537],[11,9,11936],[10,9,7833],[18,17,0]],[[5594,33579,0],[6,-4,9526],[0,-2,24835],[11,0,19234],[0,5,63463],[17,-18,18422],[12,-11,7275],[11,-11,0]],[[5651,33538,0],[-19,-11,29443],[-14,-6,15897],[-12,-2,0],[-6,1,10676],[-4,4,28477],[-3,8,9025],[-1,7,59624],[2,13,8449],[0,9,19787],[0,18,0]],[[5789,33845,0],[56,-42,27068],[0,-1,6973],[0,-1,6973],[0,0,0]],[[5845,33801,0],[2,-20,41704],[-13,-19,0]],[[5834,33762,0],[-29,-19,7799],[-22,-14,38373],[-6,-7,18985],[-28,-23,38373],[-6,3,15254],[-4,-5,0]],[[5739,33697,0],[-26,-9,0]],[[5713,33688,0],[-59,33,0]],[[5654,33721,0],[64,73,106217],[71,51,0]],[[5443,33880,0],[251,53,0]],[[5694,33933,0],[-90,-87,0]],[[5604,33846,0],[-7,-33,88202],[23,-20,33122],[9,-17,0]],[[5629,33776,0],[2,-4,6973],[0,0,11709],[23,-51,0]],[[5654,33721,0],[-86,-16,0]],[[5544,33700,0],[-45,34,167058],[-56,146,0]],[[5325,33490,0],[135,13,0]],[[5460,33503,0],[91,-64,0]],[[5551,33439,0],[-10,-60,158066],[54,-84,16456],[0,0,6973],[0,-1,0]],[[5595,33294,0],[3,-13,15825],[-3,-1,21158],[5,-19,36673],[10,-16,36673],[16,-56,0]],[[5626,33189,0],[46,-73,10173],[26,-41,61992],[12,-12,0]],[[5710,33063,0],[74,-18,144293],[-38,-38,0]],[[5746,33007,0],[-67,17,82118],[-38,26,224933],[-51,-24,21738],[-39,-20,393459],[8,69,128432],[-18,35,7887],[-14,29,0],[0,0,7808],[-15,5,0],[-3,0,18683],[-19,26,33483],[-20,33,54641],[-7,6,9103],[-16,14,94457],[-38,10,67218],[-6,21,282203],[-2,2,8283],[-9,0,27261],[-7,-1,11541],[-13,-5,20679],[-11,0,89865],[0,-5,7804],[0,-15,29119],[-7,-13,129267],[-4,-2,9436],[-10,0,27145],[-16,4,12820],[-9,-1,10150],[-5,2,60076],[-4,11,14495],[-4,3,0]],[[5302,33234,0],[-2,1,20487],[-27,30,137878],[-134,30,0]],[[5713,33688,0],[38,-28,93660],[-10,-22,30034],[1,-12,0]],[[5705,33582,0],[-3,3,13525],[-10,0,11195],[-3,2,39920],[0,11,9148],[4,2,9148],[-3,3,82692],[-9,2,18238],[-18,-1,19423],[-30,4,0]],[[5633,33608,0],[5,4,7586],[4,1,13631],[4,6,49990],[-3,27,44701],[8,1,7233],[9,-1,34170],[-6,12,0]],[[5654,33658,0],[0,63,0]],[[5551,33439,0],[73,-38,0]],[[5624,33401,0],[44,-22,96568],[99,-16,184864],[48,-35,76509],[-8,-13,6973],[0,0,6973],[-1,-2,0]],[[5806,33313,0],[-10,-17,61747],[-69,-63,25041],[-16,-14,175649],[-37,-16,37331],[-48,-14,0]],[[5434,33581,0],[80,56,102099],[16,33,0]],[[5587,33619,0],[-4,-22,35387],[2,-9,15910],[5,-4,0]],[[5590,33584,0],[-1,-4,19436],[-15,-3,22815],[2,-2,12195],[-7,-6,74320],[-26,1,22759],[-21,5,15350],[-6,-1,116947],[-15,-11,7627],[-4,-4,19912],[-17,-18,18537],[-6,-3,0]],[[5474,33538,0],[-14,-35,0]],[[5714,33459,0],[30,7,64533],[60,-10,83879],[88,9,176554],[135,34,0]],[[6065,33315,0],[-69,-16,107802],[-23,-51,70991],[-11,4,26832],[2,11,0]],[[5964,33263,0],[-22,5,34363],[-5,-1,7512],[-5,1,7898],[-29,1,116845],[-4,-10,20234],[-7,-8,8261],[-1,-3,8261],[-5,-3,60071],[-7,0,12595],[-15,6,29821],[-13,-4,50234],[4,-12,194788],[14,-1,19556],[6,-5,22828],[4,1,9351],[7,0,15764],[8,-3,88284],[2,-10,9395],[0,-11,34476],[6,-5,13133],[3,-7,9065],[3,-3,207750],[-22,-8,17247],[-72,-29,82627],[-52,-30,7043],[-10,-6,180382],[-42,-55,0]],[[5624,33401,0],[90,58,0]],[[5729,33558,0],[10,-2,22975],[24,5,42314],[6,-8,0]],[[5769,33553,0],[4,-7,11290],[-1,-4,19888],[7,-2,0]],[[5779,33540,0],[-7,-5,12919],[-40,-29,0]],[[5732,33506,0],[-4,-1,6973],[-6,1,12760],[-1,3,21729],[-19,-2,56387],[-29,-17,0]],[[5673,33490,0],[-7,1,24052],[0,15,39682],[8,5,16380],[3,8,0]],[[5868,33033,0],[-67,-40,58304],[-9,-4,21790],[1,-9,0]],[[5793,32980,0],[-16,4,0],[-7,4,11825],[-24,19,0]],[[5834,33762,0],[18,-22,23491],[13,-20,12158],[12,-16,71918],[9,5,26172],[11,-7,58721],[18,-30,0]],[[5915,33672,0],[-51,-53,64163],[-9,-17,14962],[-9,-19,64163],[-24,-21,24414],[-12,-14,135060],[-27,-4,23446],[-4,-4,0]],[[5328,33701,0],[31,13,63256],[15,-15,100306],[3,2,7741],[4,7,18687],[1,6,11915],[4,8,20745],[6,5,13234],[0,6,9722],[3,2,0]],[[5395,33735,0],[-19,59,183551],[67,86,0]],[[5633,33608,0],[-6,-4,14858],[-7,-1,8401],[-3,2,0]],[[5617,33605,0],[-2,5,0]],[[5615,33610,0],[-2,6,0]],[[5617,33605,0],[2,-3,16235],[-13,-2,19887],[-5,-2,7098],[0,-2,7376],[-8,-8,0]],[[5593,33588,0],[-3,-4,0]],[[3432,34910,0],[403,406,0]],[[3835,35316,0],[1504,-1326,392818],[104,-110,0]],[[5789,33845,0],[25,48,184700],[147,56,0]],[[6052,33681,0],[-69,-8,0]],[[5983,33673,0],[-2,8,20125],[-8,1,60512],[-42,-8,12663],[-16,-2,0]],[[5594,33579,0],[-1,9,0]],[[3835,35316,0],[383,384,40112],[312,312,0]],[[5929,34025,0],[-235,-92,0]],[[5714,33459,0],[-12,20,51120],[-29,11,0]],[[5850,32871,0],[-7,42,119092],[-58,19,0],[1,3,0],[4,12,24267],[3,33,0]],[[5998,32852,0],[-18,5,9812],[-39,12,94031],[-59,5,42653],[-32,-3,0]],[[10028,37216,0],[52,-27,41948],[11,-7,14709],[13,-12,81964],[11,-2,15739],[-2,-4,15739],[10,0,28860],[4,4,12247],[5,0,0]],[[10132,37168,0],[14,1,15708],[0,-3,67218],[-6,-22,12010],[-4,-17,26634],[-7,-12,10357],[0,-2,0]],[[10129,37113,0],[12,-16,0]],[[10063,37069,0],[-19,19,11933],[-32,31,0]],[[10012,37119,0],[45,-1,85075],[1,19,7023],[-1,5,7023],[1,3,153612],[-4,1,10146],[0,-5,17366],[-2,1,7052],[-2,4,9795],[-3,1,27139],[-4,12,27139],[-14,5,46306],[4,6,11402],[5,1,46306],[-9,10,10032],[-17,23,95132],[16,12,0]],[[10122,36990,0],[21,-81,7081],[6,-26,122604],[0,-32,10632],[0,-19,47880],[-8,-9,0]],[[10141,36823,0],[-1,-2,6973],[-3,-5,16041],[-8,-4,34211],[-33,-46,88664],[-3,-33,0]],[[9860,36750,0],[8,98,219285],[70,80,72367],[20,10,0]],[[9958,36938,0],[4,0,32607],[65,30,7665],[33,15,112365],[62,7,0]],[[10400,37452,0],[-67,-76,54343],[-10,-19,0]],[[10323,37357,0],[1,-3,6973],[2,-1,9922],[7,-2,12560],[1,-4,26791],[5,-1,8359],[8,1,143304],[-3,-4,12621],[-18,-10,31263],[-27,-27,85100],[-23,-31,22087],[-7,-14,37684],[-19,-21,0]],[[10250,37240,0],[-40,29,81939],[-7,-1,23020],[-11,-14,112074],[-22,32,42149],[-20,15,100521],[2,1,10301],[-6,7,18956],[-4,-8,19311],[-33,9,7118],[-3,0,0]],[[10106,37310,0],[-10,1,24190],[-28,11,0]],[[10068,37322,0],[1,207,0]],[[10372,36707,0],[-6,-65,0]],[[10345,36918,0],[-28,-91,219528],[55,-120,0]],[[10250,37240,0],[-17,-19,7830],[-13,-15,28036],[-15,-13,116165],[-11,12,67775],[-20,-9,40228],[-38,-3,102494],[-4,-25,0]],[[10028,37216,0],[5,9,14054],[3,0,14054],[5,9,27740],[-4,1,17449],[6,14,0]],[[10043,37249,0],[0,0,6973],[25,73,0]],[[10012,37119,0],[-8,-5,0]],[[10004,37114,0],[-2,15,18215],[-7,30,10379],[-8,35,169209],[-15,5,14179],[0,-1,7744],[-8,1,52358],[-36,-12,170913],[-27,26,84833],[11,9,14059],[17,10,97751],[-1,11,7864],[-1,5,52271],[-6,8,20824],[-13,14,10626],[-15,15,223788],[-4,-3,11945],[-9,-3,21315],[-10,1,47719],[-12,14,47719],[-10,-7,25018],[-3,8,25018],[-25,10,8399],[0,-1,129411],[-7,19,10481],[-10,24,0]],[[9803,37347,0],[-56,154,317224],[-167,154,452932],[-114,0,0]],[[9466,37655,0],[-96,115,295472],[-289,191,978769],[-315,392,72566],[-634,780,0]],[[8132,39133,0],[583,401,0]],[[9607,37159,0],[76,35,239374],[174,-47,0]],[[9857,37147,0],[8,3,10953],[3,-2,10320],[5,2,27965],[5,-5,7781],[3,-2,27965],[11,1,17812],[1,-3,11326],[8,0,18591],[12,1,75289],[8,7,25838],[1,-2,10076],[11,-1,31749],[9,10,184045],[3,-12,14691],[2,3,27265],[3,-13,9184],[3,-7,10329],[11,-36,0]],[[9964,37091,0],[-48,-27,47923],[-4,-3,7776],[-36,-28,0]],[[9876,37033,0],[-42,-13,52532],[-56,-29,178376],[-155,-11,287111],[-139,26,0]],[[10372,36707,0],[119,46,12382],[1,1,6973],[1,0,6973],[0,0,6973],[0,0,0]],[[10493,36754,0],[3,2,9303],[5,0,29126],[-3,8,20471],[9,0,20471],[3,6,9384],[2,-2,9384],[9,9,37326],[-9,1,45386],[2,4,9415],[7,4,10398],[8,8,12516],[6,4,12516],[4,6,18634],[10,8,8234],[2,3,12300],[5,2,7093],[4,4,18634],[2,4,129030],[20,4,23817],[34,11,0]],[[10004,37114,0],[-40,-23,0]],[[9466,37513,0],[0,142,0]],[[5139,33295,0],[-20,-81,182994],[16,-217,0]],[[5163,32879,0],[-39,-82,0]],[[5124,32797,0],[-113,34,66898],[-51,9,215587],[-86,-24,0]],[[4874,32816,0],[-131,16,286730],[-91,115,286730],[-585,379,286730],[-1300,798,0]],[[2767,34124,0],[123,180,0]],[[5607,32875,0],[95,-8,50104],[49,-8,45196],[71,-6,163320],[28,18,0]],[[5923,32668,0],[-57,8,53615],[-20,-3,14607],[-16,-1,162019],[-17,-8,10903],[-9,-5,44113],[-37,-31,236156],[-51,-2,99965],[-19,7,9589],[-46,16,9589],[-13,5,0]],[[5638,32654,0],[-24,15,9337],[-8,6,24723],[-16,13,109365],[-39,-10,71540],[-12,7,7008],[-13,8,0]],[[5526,32693,0],[-34,8,27476],[-19,8,70451],[-13,11,16204],[-20,14,104694],[-12,2,8435],[-43,6,52646],[-6,2,8360],[-25,11,173710],[9,26,0]],[[5363,32781,0],[6,35,0]],[[4592,32260,0],[-4,102,526059],[-477,644,0]],[[4111,33006,0],[-26,35,405255],[-151,93,55312],[-1299,797,0]],[[2635,33931,0],[132,193,0]],[[4874,32816,0],[-12,-117,214360],[55,-97,0]],[[5526,32693,0],[-114,-42,174585],[-18,14,8446],[-4,0,8446],[-1,4,50209],[-4,-10,9406],[-5,-7,24757],[-3,3,9557],[1,4,50209],[-12,3,15377],[-23,9,0]],[[5343,32671,0],[-1,1,6973],[-1,0,38996],[-119,-61,0]],[[5222,32611,0],[-98,186,0]],[[5544,32444,0],[-34,55,46828],[-14,8,31054],[-1,3,6973],[-4,11,0]],[[5491,32521,0],[7,20,25384],[5,-1,25384],[23,32,131481],[21,6,57893],[58,41,88135],[-3,2,32640],[10,9,13999],[26,24,0]],[[9074,34845,0],[64,22,0]],[[9138,34867,0],[10,2,8283],[13,4,8283],[42,12,9602],[20,5,54171],[11,6,20106],[39,14,54171],[42,10,13585],[7,1,0]],[[9322,34921,0],[-3,-30,12103],[-3,-12,34104],[-10,-45,10982],[-2,-12,0]],[[9304,34822,0],[-4,-15,13942],[-12,-44,0]],[[9288,34763,0],[-123,53,205144],[-12,-12,39164],[-45,-21,0]],[[9108,34783,0],[-15,-1,54322],[-5,5,20976],[-12,25,77631],[-2,33,0]],[[8221,34374,0],[3,4,13566],[8,0,48495],[21,-7,9060],[27,-10,84032],[13,-8,15396],[20,-17,12763],[6,-4,0]],[[8319,34332,0],[-6,-7,26007],[8,-10,26007],[0,-7,10930],[-4,-4,70921],[-12,-5,17515],[-13,1,16227],[-4,-3,0]],[[8288,34297,0],[-2,1,6973],[-6,0,14592],[-23,-1,43136],[-17,-9,0]],[[8198,34295,0],[0,2,6973],[2,5,0]],[[8200,34302,0],[10,28,15984],[2,13,15984],[5,7,35623],[3,13,10573],[1,11,0]],[[7803,34509,0],[21,-5,0]],[[7824,34504,0],[2,-2,13901],[10,5,18313],[3,-4,12053],[5,1,0]],[[7844,34504,0],[3,-10,8078],[0,-6,22089],[3,-1,9097],[4,-7,0]],[[7854,34480,0],[-1,-3,19523],[7,-39,0]],[[7860,34438,0],[-17,-24,0]],[[7735,34481,0],[32,27,75730],[36,1,0]],[[7621,34697,0],[-13,-2,0]],[[7608,34695,0],[-145,-18,0]],[[7463,34677,0],[-66,28,0]],[[7601,34862,0],[53,24,0]],[[7654,34886,0],[40,-79,13094],[2,-3,0]],[[7696,34804,0],[3,-9,24773],[12,-6,8193],[2,0,0]],[[7713,34789,0],[5,-3,21423],[-6,-11,31207],[6,-66,0]],[[7718,34709,0],[-52,-6,0]],[[7666,34703,0],[-26,-4,0]],[[7640,34699,0],[-19,-2,0]],[[7463,34588,0],[5,6,10937],[2,6,37027],[-15,8,44492],[-58,97,0]],[[7463,34677,0],[14,-57,0]],[[7477,34620,0],[4,-12,9666],[2,-9,0]],[[7483,34599,0],[0,-3,7887],[7,-11,12097],[1,-5,0]],[[7491,34580,0],[5,-32,0]],[[7496,34548,0],[-36,-5,0]],[[7460,34543,0],[-4,25,39824],[0,6,13409],[4,8,8635],[3,6,0]],[[10550,34742,0],[-88,-47,0]],[[10462,34695,0],[-31,36,111718],[-61,33,70094],[-27,1,538682],[-60,-52,139618],[-127,-56,139618],[-29,-25,7263],[-11,-10,42323],[1,-1,13359],[-18,-8,28973],[-16,-15,17328],[-10,-7,93046],[-45,-20,15941],[-6,-3,416601],[-42,-6,48603],[-29,6,62902],[-3,-6,12562],[-9,-8,58003],[-21,23,119696],[5,6,8867],[3,7,20955],[-2,7,10510],[2,3,0]],[[9926,34600,0],[15,12,8918],[5,3,47622],[7,1,19746],[1,4,11624],[-5,5,19746],[3,15,42499],[4,3,8078],[10,6,114343],[-7,2,10052],[-2,3,27017],[-8,0,11309],[-6,3,10346],[-4,-1,10346],[-11,1,0]],[[9928,34657,0],[-6,0,31567],[2,6,7248],[7,19,65783],[-1,2,9471],[8,7,16670],[9,3,37651],[10,14,14011],[7,14,7751],[0,0,65783],[12,36,23320],[5,8,149861],[18,11,35663],[17,14,20059],[5,6,6984],[2,4,8530],[6,5,60835],[-3,11,81815],[43,63,37939],[3,8,8937],[4,10,18823],[6,7,361015],[18,8,21757],[24,16,25285],[11,5,9315],[22,11,12242],[7,4,100628],[8,8,26190],[3,8,10103],[1,6,8666],[3,3,8666],[-2,3,152990],[-6,1,12661],[3,2,9995],[6,1,12661],[3,-5,14044],[4,1,8444],[6,4,32220],[4,1,7039],[14,-1,20493],[32,4,152990],[12,4,31382],[7,6,7559],[7,7,18876],[4,8,92053],[-14,36,0]],[[7844,34504,0],[7,3,9901],[0,-3,11378],[11,3,31473],[6,10,39882],[14,4,21894],[3,-5,10733],[3,1,0]],[[7888,34517,0],[6,-18,20937],[6,-1,20937],[1,-12,0]],[[7901,34486,0],[7,-41,0]],[[7908,34445,0],[-48,-7,0]],[[8152,34575,0],[14,-3,46727],[13,2,12100],[3,-2,12100],[8,2,16225],[26,4,9944],[27,3,27665],[19,0,12143],[13,2,0]],[[8275,34583,0],[1,-10,16500],[-1,-3,7017],[-3,-2,94105],[-18,-6,24361],[-73,-18,9577],[-16,-4,0]],[[8165,34540,0],[-10,22,18889],[-3,7,7755],[0,6,0]],[[7835,34677,0],[-22,6,0]],[[7813,34683,0],[-40,11,0]],[[7773,34694,0],[-55,15,0]],[[7654,34886,0],[55,25,0]],[[7709,34911,0],[38,-71,61972],[11,-4,0]],[[7758,34836,0],[21,-13,67349],[0,1,9487],[20,4,9487],[22,6,85976],[37,-19,65352],[25,-5,29468],[17,-1,14911],[7,2,0]],[[7907,34811,0],[19,-29,23025],[-11,1,23025],[2,-5,13663],[7,-6,21910],[7,2,31137],[3,-5,9751],[5,-15,79144],[0,-13,7616],[-1,-22,21984],[2,0,0]],[[7940,34719,0],[1,-1,6973],[0,-21,0]],[[7941,34697,0],[-74,-3,82480],[-32,-17,0]],[[7557,34622,0],[16,9,51468],[16,-6,29378],[5,1,13794],[9,-1,8260],[8,0,0]],[[7611,34625,0],[3,11,7367],[2,4,46368],[-8,55,0]],[[7621,34697,0],[9,-62,35216],[-3,-6,0]],[[7627,34629,0],[2,-15,20010],[-5,1,50968],[-11,-5,10638],[-5,-1,9018],[-9,-4,34651],[-3,-6,12437],[-5,-2,8295],[0,-3,7387],[-2,-1,0]],[[7589,34593,0],[-9,-2,0]],[[7580,34591,0],[-2,3,21532],[-6,1,8601],[-5,-1,8601],[-10,0,0]],[[7557,34594,0],[0,28,0]],[[7334,34680,0],[40,-90,98756],[-15,-8,0]],[[7359,34582,0],[-19,-19,40254],[4,-10,0]],[[7344,34553,0],[-16,-10,0]],[[7328,34543,0],[-2,-2,7061],[-6,-1,36851],[-19,1,8235],[-18,2,19034],[-2,2,19034],[-23,-1,32816],[0,3,0]],[[7258,34547,0],[-21,-4,72561],[-92,24,0]],[[7843,34581,0],[1,-10,20087],[-6,-4,20087],[0,-6,7489],[-1,-9,0]],[[7837,34552,0],[-1,-3,8681],[-5,-9,22160],[6,-2,23196],[-3,-12,15863],[-3,0,0]],[[7831,34526,0],[-5,0,6973],[-6,0,19256],[-16,-6,41767],[-1,-11,0]],[[7691,34484,0],[5,57,49064],[8,9,0]],[[7704,34550,0],[30,11,30391],[16,11,44243],[15,0,0]],[[7765,34572,0],[11,0,18070],[17,4,10375],[9,1,0]],[[7802,34577,0],[41,4,0]],[[8004,34530,0],[8,7,12567],[7,3,46167],[-5,20,0]],[[8014,34560,0],[2,1,8153],[0,-5,9120],[5,-2,51885],[29,3,22676],[15,3,10715],[-1,1,10715],[12,2,42532],[1,-3,16751],[16,0,0]],[[8093,34560,0],[-1,-18,0]],[[8092,34542,0],[-3,-3,11183],[-9,-3,12039],[-3,-3,41210],[-3,-16,8924],[0,-6,0]],[[8074,34511,0],[-14,-19,0]],[[8060,34492,0],[-19,13,31157],[-1,7,6973],[0,0,6973],[0,0,6973],[0,2,0]],[[8040,34514,0],[0,3,11498],[-9,2,11952],[-10,8,31190],[-3,1,8389],[-9,0,11627],[-5,2,0]],[[8622,36661,0],[-23,6,0]],[[8599,36667,0],[-26,7,10762],[-24,7,34407],[-2,0,14313],[-15,12,34407],[-7,-7,0]],[[8525,36686,0],[-2,-1,7503],[-39,-20,232391],[-251,95,1318055],[-1501,1381,0]],[[6732,38141,0],[47,42,33657],[54,43,59152],[55,42,163957],[9,6,8679],[252,177,0]],[[7149,38451,0],[1112,-1368,578639],[48,-90,226996],[159,-116,0]],[[8468,36877,0],[47,-49,28194],[8,-7,0]],[[8523,36821,0],[3,-3,18039],[-4,-20,18039],[-1,-19,8110],[0,-9,10741],[-3,-31,160835],[9,-16,63197],[21,0,7840],[15,0,7485],[8,-1,0]],[[8571,36722,0],[7,-1,11741],[6,-4,58074],[9,-12,9237],[29,-44,0]],[[7392,34407,0],[-10,72,0]],[[7382,34479,0],[-4,21,0]],[[7378,34500,0],[1,9,19587],[-7,1,15120],[0,6,0]],[[7372,34516,0],[-1,15,0]],[[7371,34531,0],[58,8,0]],[[7429,34539,0],[10,1,0]],[[7439,34540,0],[21,3,0]],[[7496,34548,0],[18,3,0]],[[7514,34551,0],[2,-1,0]],[[7516,34550,0],[17,-7,0]],[[7533,34543,0],[10,-4,0]],[[7543,34539,0],[33,-13,0]],[[7576,34526,0],[-3,-33,0]],[[9394,35022,0],[72,2,35693],[42,-2,130041],[4,-5,13153],[1,-11,42337],[12,4,7773],[6,0,42337],[39,-12,21692],[9,-1,472719],[29,6,13074],[26,5,53453],[47,14,10080],[29,9,183769],[50,22,53596],[104,36,84768],[56,26,30312],[40,18,7428],[29,12,0]],[[10015,35115,0],[-37,-27,7485],[-13,-9,7485],[-4,-3,43652],[-5,-6,7401],[-1,-4,0]],[[9955,35066,0],[-16,-4,49436],[-10,-4,8931],[-33,-15,24797],[-24,-9,14440],[-68,-28,66433],[-26,-8,41976],[-5,8,34792],[-4,-1,7259],[-8,-3,12240],[-2,1,8943],[-7,-2,66433],[-5,-7,16246],[2,-8,137652],[-21,-6,9237],[-12,-3,9237],[-39,-12,33327],[-25,-9,8374],[-14,-5,50673],[-14,-3,8235],[-20,-4,10424],[-13,-4,240985],[-17,-1,11736],[-9,0,11736],[-60,-2,0]],[[9505,34937,0],[-50,8,57580],[-34,17,0]],[[9421,34962,0],[-29,18,85372],[2,42,0]],[[7131,34520,0],[95,-25,0]],[[7226,34495,0],[20,0,18137],[12,2,41332],[2,-1,8107],[14,0,11187],[15,-3,16510],[27,-2,81233],[45,9,29181],[8,1,9361],[9,-1,0]],[[7589,34593,0],[0,-1,7327],[6,1,14331],[7,-3,7265],[8,-4,36150],[6,-1,8395],[0,3,9764],[7,-1,9764],[15,1,17591],[1,-2,0]],[[7639,34586,0],[1,-2,7008],[0,-7,20704],[8,-2,0]],[[7648,34575,0],[1,-3,6973],[0,-2,16150],[10,-1,31235],[-2,-14,104247],[-13,-2,32782],[-68,-27,0]],[[7543,34539,0],[14,31,57423],[6,3,13601],[16,3,23814],[0,0,6973],[0,4,0]],[[7579,34580,0],[-1,5,10402],[2,1,7846],[0,5,0]],[[8483,34777,0],[11,30,61506],[-14,21,152049],[75,33,0]],[[8555,34861,0],[91,-9,242292],[373,73,491414],[38,-26,98711],[-5,-39,74810],[22,-15,0]],[[9108,34783,0],[0,-11,34201],[-16,-11,28487],[-2,-10,0]],[[9090,34751,0],[0,-4,22515],[-17,-19,28984],[-5,-14,124363],[-13,0,8559],[-6,0,46174],[-10,-5,20680],[-24,-7,11369],[-21,-7,11369],[-8,-1,0]],[[8986,34694,0],[-23,-5,21970],[-9,0,8026],[-4,1,108653],[-20,18,32942],[-16,10,11654],[-22,13,23840],[-7,7,186001],[-51,-6,46654],[-43,-10,14271],[-26,-5,170948],[-14,22,12077],[-1,4,52703],[4,8,38121],[-21,0,8068],[-7,0,431946],[-31,-24,74597],[-10,0,9084],[-11,1,10132],[-18,0,74597],[-29,-9,7535],[-18,-6,32149],[-16,-9,20896],[-23,-7,72934],[-17,-2,29472],[-19,-4,14293],[-37,-10,0]],[[8497,34681,0],[-8,-2,0]],[[8489,34679,0],[-4,17,7135],[-1,7,28480],[-14,38,0]],[[8470,34741,0],[10,26,6973],[3,10,0]],[[7666,34703,0],[10,-69,0]],[[7676,34634,0],[12,-42,16405],[4,-2,16405],[0,-4,8422],[-3,0,8422],[4,-4,8422],[0,-5,0]],[[7693,34577,0],[1,-2,7555],[10,-25,0]],[[7639,34586,0],[14,12,11539],[3,2,63661],[-5,20,13467],[-4,12,0]],[[7647,34632,0],[2,6,34985],[-9,61,0]],[[8184,34420,0],[15,6,30682],[5,-3,16645],[7,4,16645],[13,-1,67937],[2,5,9440],[5,6,21357],[1,5,10315],[-1,7,59593],[4,1,12564],[3,-3,9092],[6,-1,21797],[13,4,0]],[[8257,34450,0],[2,-6,27501],[20,6,27501],[42,5,96867],[30,-7,7044],[11,-3,12563],[37,-9,180175],[35,16,37148],[28,7,19290],[19,7,0]],[[8481,34466,0],[-1,-10,20121],[-7,-2,20121],[-10,-16,8243],[-4,-7,9179],[-14,-24,12257],[-8,-11,181723],[-24,-14,51928],[-19,-7,19832],[-6,2,32216],[-13,-6,12063],[-2,0,14709],[-9,-4,8114],[-5,-3,18885],[-10,-2,97232],[-6,-4,8722],[-5,-5,18857],[-4,-10,26105],[-9,-9,15262],[-3,1,9034],[-3,-3,0]],[[8221,34374,0],[-4,6,8612],[-7,8,7380],[-4,5,17859],[-11,12,9386],[-8,10,15964],[-3,5,0]],[[7968,34564,0],[10,2,7013],[5,0,15040],[9,3,23448],[31,3,41613],[27,-1,13523],[10,1,63199],[13,3,9785],[20,5,9785],[9,2,100618],[15,1,27086],[10,-2,8584],[11,-2,14352],[8,-4,0]],[[8146,34575,0],[-8,-5,14565],[-7,0,20151],[0,-3,7314],[-4,0,7314],[0,-3,16501],[-12,-4,45937],[-22,0,0]],[[8014,34560,0],[-1,-1,7057],[-18,-3,13318],[-8,-5,12694],[-9,-1,28966],[1,-4,0]],[[7979,34546,0],[-5,4,8185],[-3,4,19814],[-3,10,0]],[[8136,34291,0],[-1,10,31554],[14,36,85669],[0,24,32931],[-9,34,0]],[[8140,34395,0],[37,22,0]],[[8177,34417,0],[7,3,0]],[[7149,38451,0],[251,174,16836],[210,147,0]],[[7610,38772,0],[1231,-1520,0]],[[8841,37252,0],[62,-211,441587],[196,-134,0]],[[9044,36717,0],[-131,73,8433],[-181,101,0]],[[8732,36891,0],[-148,82,372972],[-116,-96,0]],[[9948,35054,0],[5,4,13324],[2,8,0]],[[9928,34657,0],[-7,-9,43396],[-14,-1,19927],[-4,3,9113],[-8,2,16313],[-6,-1,45948],[-8,-6,8840],[-5,-6,8188],[-3,-1,45948],[-10,5,19496],[-13,0,0]],[[9850,34643,0],[-10,0,18354],[-17,6,0]],[[9823,34649,0],[10,12,18206],[-1,4,6973],[1,2,0]],[[9833,34667,0],[-4,3,11406],[4,2,11406],[-2,5,23159],[10,4,21981],[-2,7,23159],[4,3,12136],[-2,4,12136],[1,9,10975],[3,4,16631],[9,20,22881],[3,15,26609],[5,13,7922],[9,23,26609],[-2,8,23192],[1,3,8587],[7,7,14748],[0,5,197448],[7,8,7310],[4,2,10069],[7,9,17714],[1,4,8085],[6,7,15087],[6,5,41858],[17,30,87953],[40,97,86438],[15,3,364847],[-33,85,27430],[1,2,0]],[[7401,34577,0],[-2,4,0]],[[7399,34581,0],[3,1,7280],[9,1,23107],[23,-3,0]],[[7434,34580,0],[0,-9,0]],[[7434,34571,0],[5,-31,0]],[[7429,34539,0],[-4,25,35281],[-9,8,0]],[[7416,34572,0],[-14,4,8712],[-1,1,0]],[[8564,34531,0],[22,0,15127],[14,-2,57858],[24,15,73490],[14,-9,24516],[14,-1,157484],[41,23,55336],[29,12,11396],[33,14,28113],[11,2,0]],[[8766,34585,0],[13,-14,11368],[8,-10,46077],[-6,-9,53065],[18,-27,7153],[20,-27,122941],[21,7,98588],[27,-29,53287],[8,-14,20730],[6,-19,139840],[-17,-13,29794],[-11,-18,139840],[8,-6,22639],[12,3,22639],[21,-3,83213],[15,-15,10000],[7,-7,19130],[7,-10,0]],[[8923,34374,0],[5,-5,6973],[0,-1,20736],[47,-68,0]],[[8495,34162,0],[-40,115,100200],[2,7,15774],[8,9,0]],[[8465,34293,0],[-1,3,11895],[-9,1,48988],[1,10,7675],[1,5,23093],[9,4,23093],[-10,6,23093],[3,14,55281],[-3,4,11445],[-2,12,28543],[-8,-2,245984],[16,29,14724],[12,20,10883],[4,7,117387],[6,2,10043],[11,6,19241],[5,6,21384],[9,3,10110],[7,3,30984],[25,18,191787],[6,24,7078],[6,29,31812],[4,5,22975],[7,29,0]],[[7969,34535,0],[18,6,29226],[-8,5,0]],[[8004,34530,0],[-3,-2,8998],[-13,-4,0]],[[7988,34524,0],[-2,3,10651],[-6,-1,7326],[0,1,19742],[-8,-5,35093],[-3,13,0]],[[7434,34580,0],[1,3,0]],[[7435,34583,0],[7,0,19284],[18,9,22977],[2,-3,0]],[[7462,34589,0],[1,-1,0]],[[7918,34608,0],[40,18,106763],[103,-1,106763],[79,20,0]],[[8140,34645,0],[8,-26,27787],[11,-9,27787],[-4,-7,6973],[0,-1,6973],[0,0,0]],[[8155,34602,0],[-2,-4,10620],[4,-2,10620],[-1,-3,7954],[4,-1,7177],[-2,-1,23534],[-8,1,24805],[-1,-6,12621],[5,-1,18527],[-2,-3,7803],[0,-7,0]],[[8152,34575,0],[-6,0,0]],[[7968,34564,0],[-2,1,8049],[-14,2,21342],[-13,-2,56820],[-1,5,12047],[-7,13,0]],[[7931,34583,0],[-13,25,0]],[[8994,36545,0],[-238,89,181349],[-83,13,6973],[-24,4,0]],[[8649,36651,0],[-23,3,28718],[-4,7,0]],[[8571,36722,0],[-1,45,8774],[-1,27,109217],[18,12,25861],[10,0,0]],[[8597,36806,0],[5,0,6973],[2,0,6973],[1,1,6973],[6,0,6973],[71,6,191969],[50,78,0]],[[8096,34425,0],[44,-30,0]],[[7908,34445,0],[41,6,0]],[[7949,34451,0],[46,7,0]],[[7995,34458,0],[43,6,0]],[[8038,34464,0],[58,-39,0]],[[8402,36425,0],[50,99,95469],[2,1,6973],[16,5,0]],[[8470,36530,0],[18,5,7358],[15,5,18317],[7,4,32411],[12,3,9848],[12,1,108003],[8,7,11190],[46,39,214671],[11,73,0]],[[8776,36260,0],[-239,106,10016],[-135,59,0]],[[9382,34770,0],[43,14,0]],[[9425,34784,0],[54,-8,28393],[1,3,0]],[[9480,34779,0],[11,16,137972],[3,2,7509],[-2,2,13539],[8,2,19333],[2,-2,7321],[8,-1,19333],[0,3,7179],[4,3,26526],[12,-1,19271],[-3,5,19271],[22,13,27125],[47,20,83030],[27,14,8774],[14,7,14495],[35,19,7075],[16,9,36319],[20,9,17581],[29,15,12043],[12,6,12043],[19,10,19411],[17,8,0]],[[9781,34938,0],[-2,-8,7010],[0,-6,7010],[-3,-14,24704],[-8,-17,117474],[-5,-8,10169],[-15,-19,39655],[-8,-8,12728],[-13,-15,13820],[-23,-24,101570],[-4,-10,14451],[-13,-23,30612],[-3,-9,10882],[0,-9,16455],[-3,-4,235205],[6,-24,27048],[7,-45,0]],[[9694,34695,0],[-7,0,11411],[-55,1,128411],[-17,-8,12495],[-20,-7,49051],[-5,-4,8855],[-23,-16,23382],[-12,-5,10185],[-6,-4,183330],[-15,1,8576],[-8,1,54294],[-9,5,10944],[-9,8,19349],[-8,9,0]],[[9500,34676,0],[0,1,6973],[-10,12,0]],[[9490,34689,0],[14,10,34912],[-1,14,0]],[[9503,34713,0],[-1,21,6973],[0,3,132189],[-90,12,97076],[-30,21,0]],[[8841,37252,0],[374,246,574050],[251,15,0]],[[8092,34542,0],[9,0,14094],[36,-6,46246],[7,0,7091],[6,0,15937],[15,4,0]],[[8165,34540,0],[1,-10,14371],[-4,-1,25877],[4,-14,14837],[4,2,14837],[1,-8,12297],[-4,0,7467],[0,-3,0]],[[8167,34506,0],[0,-9,6973],[-2,-12,0]],[[8165,34485,0],[-31,-10,83563],[-38,-50,0]],[[8038,34464,0],[22,28,0]],[[7813,34683,0],[-16,-50,0]],[[7797,34633,0],[0,-4,10611],[-5,0,18987],[-1,-12,0]],[[7791,34617,0],[-1,-21,35343],[9,-10,0]],[[7799,34586,0],[2,-5,6973],[1,-4,0]],[[7765,34572,0],[0,5,10797],[3,1,6973],[0,1,6973],[1,2,0]],[[7769,34581,0],[-4,1,15512],[0,10,23387],[-9,3,52213],[0,10,7307],[-1,29,0]],[[7755,34634,0],[0,2,16158],[18,58,0]],[[10039,34374,0],[56,69,16121],[2,4,0]],[[10097,34447,0],[8,12,14817],[1,6,58738],[6,4,11983],[10,5,25948],[16,4,10787],[6,1,94286],[3,15,12169],[3,6,34142],[-5,1,7970],[1,2,21331],[9,4,9600],[4,4,21331],[3,11,14613],[4,3,300305],[18,-12,41493],[10,3,16011],[12,-2,87103],[25,12,18868],[19,6,76023],[18,1,30554],[12,-5,9368],[6,-3,186191],[8,2,23529],[20,8,8038],[50,21,30836],[36,16,417833],[52,90,69836],[10,33,0]],[[8191,34482,0],[1,6,8138],[2,2,0]],[[8194,34490,0],[5,3,13341],[1,7,21305],[2,2,9461],[7,0,32791],[1,2,7530],[0,6,20590],[4,1,8185],[1,3,7062],[3,0,20590],[3,5,7365],[4,3,8137],[10,13,247025],[7,2,28415],[35,-2,20514],[16,1,9078],[5,0,53564],[18,8,120272],[203,51,0]],[[8519,34595,0],[20,6,24307],[25,4,12406],[16,3,81795],[14,6,21721],[14,10,8947],[10,5,48866],[24,9,12156],[11,3,7617],[13,4,283593],[36,2,40899],[75,-4,180234],[0,-19,27396],[7,-30,0]],[[8784,34594,0],[-5,1,19816],[-13,-10,0]],[[8564,34531,0],[-12,-2,23611],[-6,1,8103],[-29,0,133218],[-1,-11,8478],[-1,-17,12668],[2,-4,12668],[-5,-7,12668],[3,-2,90841],[-24,-16,8935],[-10,-7,0]],[[8257,34450,0],[-2,5,22664],[14,7,28367],[-3,8,49471],[-19,-3,17720],[-5,-3,49471],[-7,8,19529],[-6,0,15380],[-3,6,8347],[-4,3,13322],[-1,-3,37156],[-11,1,9500],[-2,-1,17921],[-5,4,8745],[-3,0,0]],[[8200,34482,0],[-9,0,0]],[[8275,34583,0],[16,2,43420],[-4,19,0]],[[8287,34604,0],[26,5,24894],[24,8,86503],[16,30,147313],[16,10,28720],[14,0,28720],[9,2,11583],[28,10,68925],[20,-2,42531],[20,6,17567],[17,2,9930],[13,3,15150],[-1,1,0]],[[8497,34681,0],[9,-17,10698],[11,-19,74189],[2,-50,0]],[[8191,34482,0],[-26,3,0]],[[8140,34645,0],[64,16,0]],[[8204,34661,0],[49,-35,47112],[0,-8,0]],[[8253,34618,0],[5,-6,10185],[-2,-1,10185],[5,-9,19085],[-3,-3,57489],[29,5,0]],[[8244,34968,0],[338,10,0]],[[8582,34978,0],[6,-43,103160],[-33,-74,0]],[[8483,34777,0],[-85,-32,81501],[-165,-48,0]],[[8233,34697,0],[-1,54,0]],[[8232,34751,0],[7,19,0]],[[8239,34770,0],[-3,45,25105],[1,33,67675],[6,10,7028],[3,7,0]],[[8246,34865,0],[1,3,29458],[-3,100,0]],[[7529,34613,0],[1,-16,12943],[-2,-6,11035],[0,-15,0]],[[7528,34576,0],[-12,-26,0]],[[7514,34551,0],[3,25,0]],[[7517,34576,0],[-7,5,24825],[-1,16,30355],[-9,5,0]],[[7500,34602,0],[-2,5,20243],[11,8,40555],[14,-3,10846],[6,1,0]],[[7483,34599,0],[5,0,10064],[12,3,0]],[[9288,34763,0],[37,-8,75226],[43,5,46506],[14,10,0]],[[9490,34689,0],[-53,-17,99468],[-54,-49,282586],[27,-109,0]],[[9342,34480,0],[-33,59,37653],[-9,10,6973],[0,1,0]],[[9300,34550,0],[-23,18,12591],[-9,5,9465],[-12,10,29684],[-8,3,7533],[-6,4,100884],[-1,-2,9961],[-11,-2,10855],[-6,-4,53173],[-3,10,15176],[-8,12,53173],[1,0,7191],[-9,4,7191],[-8,5,31915],[-17,3,14521],[-6,0,31915],[-11,5,7629],[-7,2,8558],[-11,6,261024],[-34,-3,10890],[-9,0,9386],[-12,-2,88878],[-10,4,18166],[-19,3,36576],[-33,-1,43213],[-7,2,13640],[-18,2,14907],[-10,4,14907],[-15,2,0]],[[8978,34640,0],[8,54,0]],[[6505,37928,0],[223,209,15313],[4,4,0]],[[8402,36425,0],[-302,133,486581],[-474,340,1276358],[-219,203,26106],[-154,142,12441],[-178,164,76865],[-552,505,9527],[-18,16,0]],[[7399,34581,0],[-5,7,11682],[0,4,0]],[[7394,34592,0],[-42,95,0]],[[7384,34700,0],[47,-104,0]],[[7431,34596,0],[4,0,18492],[1,-2,7011],[-1,-11,0]],[[7359,34582,0],[1,-2,6973],[6,-7,0]],[[7366,34573,0],[4,-3,8698],[5,-1,32554],[21,6,10606],[5,2,0]],[[7371,34531,0],[-27,22,0]],[[7907,34811,0],[9,2,8981],[24,5,28658],[12,-1,0]],[[7952,34817,0],[10,-3,15767],[8,1,11812],[7,-2,7761],[6,-1,24059],[9,2,25207],[11,-1,12596],[16,-4,22803],[18,-1,7561],[6,0,162199],[5,3,11976],[20,4,17740],[11,6,44344],[9,-1,13360],[11,1,7729],[10,1,93701],[3,5,10555],[6,4,10555],[6,7,30418],[1,11,0]],[[8125,34849,0],[-4,115,0]],[[8121,34964,0],[123,4,0]],[[8232,34751,0],[-61,11,35306],[-10,-2,116651],[-22,-29,116651],[-122,-31,106114],[-76,-3,0]],[[7610,38772,0],[522,361,0]],[[7529,34613,0],[8,-1,12617],[2,3,12617],[18,7,0]],[[7557,34594,0],[-4,-6,12349],[-6,-3,22086],[1,-2,8712],[-1,-6,0]],[[7547,34577,0],[0,-1,6973],[1,-1,17439],[-15,-32,0]],[[8978,34640,0],[-13,-7,9944],[-5,-1,25292],[-2,-7,107960],[-30,-6,24577],[-18,-2,14862],[-13,-3,14862],[-14,-1,55669],[-25,-6,21549],[-13,-7,67379],[-28,-4,7543],[-19,-3,30427],[-11,0,9298],[-3,1,0]],[[9781,34938,0],[4,2,7650],[21,9,28745],[30,17,11828],[9,6,0]],[[9845,34972,0],[4,-17,37867],[18,-8,79221],[3,-4,7530],[0,-2,17576],[-6,-6,20121],[0,-3,10436],[3,-10,52000],[19,-22,52000],[4,-12,21675],[1,-19,209974],[-4,-12,11712],[-3,-3,11712],[0,-8,43766],[-8,-6,13316],[0,-3,11586],[-7,-7,31229],[-3,-7,11846],[-5,-8,8175],[-2,-6,87348],[0,-9,7636],[1,0,16387],[0,-10,10581],[-2,-1,20395],[1,-7,7706],[2,-9,451487],[-22,-4,40616],[2,-3,10035],[-6,-3,10035],[-7,-10,40616],[-16,-8,9449],[-2,-3,20272],[-18,-5,18286],[-7,-5,78331],[-69,-28,9158],[-22,-9,0]],[[7709,34911,0],[64,30,96463],[77,10,0]],[[7850,34951,0],[21,3,0]],[[7871,34954,0],[10,-64,83646],[4,-2,12526],[10,2,16290],[5,-3,0]],[[7900,34887,0],[5,0,14380],[15,9,54306],[1,-14,18060],[-3,-5,36149],[-7,-3,9294],[-8,-1,30304],[-2,-6,14277],[4,-4,78789],[7,-2,9557],[8,0,9557],[13,-3,32561],[6,-3,8784],[5,-4,10628],[9,-3,98722],[2,-5,18751],[-3,-26,0]],[[7843,34581,0],[20,3,34448],[32,13,0]],[[7895,34597,0],[9,-19,24181],[4,-16,0]],[[7908,34562,0],[5,-19,6995],[3,-14,0]],[[7916,34529,0],[-28,-12,0]],[[8204,34661,0],[29,36,0]],[[7835,34677,0],[30,-44,0]],[[7865,34633,0],[-24,-14,0]],[[7841,34619,0],[-17,-1,12534],[-13,-3,28149],[-20,2,0]],[[9653,34460,0],[50,44,19381],[0,1,6973],[2,3,0]],[[9705,34508,0],[16,21,126267],[14,3,15373],[50,10,65289],[5,-6,11222],[2,-6,15786],[3,0,65289],[29,19,23202],[2,4,9927],[7,6,65289],[5,1,7358],[13,3,9249],[15,5,23032],[14,1,126267],[2,13,44190],[11,9,16404],[11,4,16404],[8,8,60119],[14,-3,0]],[[7995,34458,0],[-8,48,0]],[[7987,34506,0],[1,8,9581],[2,1,16467],[-2,9,0]],[[7918,34608,0],[-23,-11,0]],[[7895,34597,0],[-30,36,0]],[[7916,34529,0],[23,2,0]],[[7939,34531,0],[0,-15,11876],[3,0,11876],[-1,-8,27768],[-5,-9,0]],[[7936,34499,0],[5,-5,35094],[8,-43,0]],[[7969,34535,0],[-1,-1,7286],[-29,-3,0]],[[5614,37083,0],[91,89,20469],[33,32,0]],[[5738,37204,0],[1180,-1082,1157942],[578,-321,250381],[-11,-12,0]],[[7485,35789,0],[-9,-4,35029],[6,-8,15148],[7,-1,15148],[3,-6,64621],[3,-2,7867],[4,2,15005],[0,-4,8555],[4,-2,16596],[10,2,16596],[3,-4,28351],[7,-1,10138],[7,2,86766],[-1,-5,13315],[0,-23,146206],[-25,2,63882],[-5,-7,15709],[-18,-19,324568],[79,-32,113076],[20,-13,37184],[53,-45,192181],[8,11,8545],[0,2,34886],[15,0,77336],[49,-15,0]],[[7705,35619,0],[2,-1,6973],[0,0,28113],[85,39,0]],[[7792,35657,0],[112,-83,0]],[[7904,35574,0],[-66,-79,0]],[[7838,35495,0],[-53,-62,0]],[[7785,35433,0],[-220,-22,0]],[[9948,35054,0],[-18,-6,25768],[-9,-6,11009],[-3,-4,57548],[-2,-9,10887],[-3,-8,27205],[-4,-5,7237],[-6,-5,63704],[-30,-20,11980],[-28,-19,0]],[[9425,34784,0],[-1,8,6973],[-1,1,0]],[[9423,34793,0],[-2,9,12006],[1,6,32156],[-9,3,19077],[-3,7,52263],[8,21,163801],[7,-1,17176],[2,7,22943],[14,19,23005],[39,37,38094],[16,12,85683],[9,24,0]],[[8038,36091,0],[15,27,0]],[[8053,36118,0],[38,83,0]],[[8091,36201,0],[98,-38,0]],[[8189,36163,0],[337,-261,0]],[[8526,35902,0],[-92,-94,0]],[[8434,35808,0],[-82,-84,0]],[[8352,35724,0],[-296,27,0]],[[8056,35751,0],[-34,97,0]],[[8022,35848,0],[28,63,26301],[0,1,6973],[3,11,0]],[[8053,35923,0],[2,5,19536],[14,6,78476],[15,78,195641],[-19,-4,53474],[-3,4,9201],[-14,18,20776],[-4,1,115960],[-3,54,30699],[-6,0,15011],[3,6,0]],[[8799,34973,0],[7,-1,24380],[4,1,8166],[7,3,16627],[11,0,14178],[6,3,55922],[8,-5,22190],[16,-3,9500],[10,-1,96077],[10,2,16192],[8,-2,30265],[11,3,7553],[5,1,14040],[11,5,35669],[15,1,8933],[9,1,17127],[11,-2,17127],[4,4,26410],[9,0,12394],[5,-3,26410],[7,5,8658],[5,2,52149],[5,-6,21567],[10,4,0],[3,1,0],[7,2,14065],[6,-1,7429],[10,1,57503],[11,5,9991],[4,4,9991],[5,0,30478],[6,4,8347],[1,2,8560],[11,7,16404],[3,5,30478],[12,3,105450],[27,-1,13122],[18,0,26691],[17,-2,105450],[4,7,12760],[5,1,23210],[33,20,192249],[15,-5,16311],[28,-7,29667],[12,-2,7579],[8,0,0]],[[9239,35029,0],[57,1,60021],[98,-8,0]],[[9421,34962,0],[-8,-13,17927],[-10,-25,133822],[-10,3,11849],[-1,-2,11849],[-31,0,24244],[-11,-3,22806],[-8,2,10597],[-6,-1,10597],[-13,1,39798],[-1,-3,0]],[[8582,34978,0],[146,44,0]],[[8728,35022,0],[49,16,0]],[[8777,35038,0],[5,-44,61966],[1,-1,6973],[16,-20,0]],[[9606,34507,0],[99,89,129349],[49,15,0]],[[9754,34611,0],[30,10,54404],[39,28,0]],[[9754,34611,0],[-8,21,32380],[1,15,7194],[0,2,6973],[0,0,6973],[0,3,0]],[[9747,34652,0],[-1,2,6991],[0,6,9055],[-7,29,97542],[-28,7,31610],[-15,-3,14827],[-2,2,0]],[[7785,35433,0],[79,-105,316457],[20,-153,129546],[-30,-28,129546],[36,-50,66460],[-4,-15,0]],[[7886,35082,0],[-49,-24,181998],[-15,-31,71364],[12,-16,23633],[7,-2,71364],[9,-58,0]],[[9239,35029,0],[1,9,22973],[-1,46,7957],[-1,20,15210],[-1,6,0]],[[9237,35110,0],[28,0,70237],[25,14,17640],[37,18,125212],[25,18,15062],[24,18,27815],[27,21,378521],[39,-4,8327],[53,-6,192870],[23,3,14875],[32,3,71096],[-8,15,71096],[46,14,54520],[26,18,192870],[30,5,21970],[50,11,59237],[11,-6,82974],[33,8,9304],[39,9,11649],[39,9,511162],[53,-4,94965],[31,-26,77080],[47,-8,0]],[[7871,34954,0],[23,4,57269],[227,6,0]],[[5988,37441,0],[197,185,0]],[[6185,37626,0],[1509,-1390,826603],[-2,-60,106647],[31,-44,0]],[[7723,36132,0],[39,-70,0]],[[7762,36062,0],[-45,-59,13536],[0,0,6973],[-3,-4,0]],[[7714,35999,0],[-13,-15,0]],[[7701,35984,0],[-4,1,9056],[-3,-3,9056],[-3,2,36455],[-3,8,17225],[-6,2,7058],[-4,3,16983],[-2,6,27691],[-10,5,45250],[-2,6,10533],[2,3,23470],[-5,2,9874],[1,3,9874],[-6,5,45250],[-3,-1,11048],[-7,6,15623],[-9,0,10348],[-3,2,163054],[-17,-15,100093],[-84,24,0]],[[7533,36043,0],[-18,5,10261],[-21,7,460348],[-1506,1386,0]],[[8572,35486,0],[4,-63,100712],[-20,-113,128475],[12,-35,36881],[2,-17,17424],[-1,0,6973],[-2,-1,0]],[[8567,35257,0],[-55,-20,28899],[-4,1,0]],[[8508,35238,0],[2,9,37907],[-15,34,22584],[-1,10,0]],[[8494,35291,0],[-6,29,64423],[8,76,185962],[13,30,53960],[16,-1,70732],[25,53,19701],[4,5,0]],[[8554,35483,0],[5,4,17350],[13,-1,0]],[[7762,36062,0],[40,-26,0]],[[7802,36036,0],[132,-164,259864],[88,-24,0]],[[8056,35751,0],[-41,-46,0]],[[8015,35705,0],[-111,-131,0]],[[7792,35657,0],[7,44,0]],[[7799,35701,0],[32,44,0]],[[7831,35745,0],[4,6,7829],[4,3,21350],[11,17,9554],[9,13,125437],[-11,4,9597],[-11,2,34810],[-30,17,127290],[6,6,8764],[18,12,13907],[7,5,76882],[-1,5,7521],[0,5,14438],[-1,4,7222],[-4,13,297053],[-6,7,8150],[-29,34,40493],[-6,-1,40493],[-12,16,10077],[-1,2,10077],[-10,15,8030],[-5,6,97303],[-18,9,9314],[-9,5,51905],[0,9,7885],[1,2,23322],[-8,0,11645],[-1,-3,23322],[-5,2,7096],[0,2,7714],[-10,5,9462],[-5,4,34143],[0,4,7316],[-2,1,7316],[-3,7,10429],[-2,1,0]],[[5824,37286,0],[164,155,0]],[[7799,35701,0],[-845,549,1250010],[-1130,1036,0]],[[9278,35349,0],[-67,-18,45945],[-9,0,8895],[-5,2,0]],[[9197,35333,0],[-30,0,24366],[-35,4,0]],[[9132,35337,0],[18,134,343586],[-136,90,343586],[-21,180,92040],[-14,52,0]],[[9179,35840,0],[24,-86,0]],[[9203,35754,0],[3,-4,7376],[9,-15,26026],[3,-8,10390],[2,-11,86834],[-3,-18,26765],[0,-6,11654],[4,-10,26765],[-1,-24,19795],[2,-24,172021],[6,-12,7296],[10,-21,14016],[21,-40,23155],[6,-10,78395],[20,-51,35806],[3,-18,287372],[-20,-37,117102],[35,-50,129010],[-25,-46,0]],[[8572,35486,0],[3,33,149245],[-94,249,237969],[-47,40,0]],[[8703,35727,0],[22,-83,83201],[28,-55,0]],[[8753,35589,0],[42,-111,273468],[-3,-55,102457],[-22,-81,45143],[-18,-49,0]],[[8752,35293,0],[-3,-31,75157],[-28,-78,46189],[-15,-52,12930],[1,-2,0]],[[8707,35130,0],[-29,-13,53967],[-37,0,66472],[-12,-6,15454],[-16,-11,170757],[-59,6,58570],[-41,14,368171],[3,18,7160],[1,8,31713],[4,51,18962],[-1,9,87247],[-12,32,0]],[[7838,35495,0],[45,-34,87648],[5,-31,0]],[[7888,35430,0],[1,-12,62520],[30,-30,7807],[10,-10,34334],[21,-16,273517],[105,-17,70583],[52,-1,113708],[89,-24,208576],[0,-7,14251],[8,-24,0]],[[8204,35289,0],[-4,-4,10388],[-5,0,33220],[-3,-14,16897],[-5,-11,70166],[-3,-3,7863],[-10,-4,27186],[-4,0,8070],[-7,-2,11528],[-9,1,196832],[-4,-11,25477],[2,-15,12772],[-1,-3,7458],[1,-8,72498],[-1,-4,7524],[-5,-6,12870],[-3,-9,19711],[-3,-7,9246],[-7,-7,34267],[-5,-13,15130],[-4,-14,115243],[14,-26,11376],[2,-8,58784],[0,-4,7579],[-2,-6,15443],[-6,-8,461577],[-29,-1,40654],[-8,10,103172],[-20,-17,10724],[-10,-7,10724],[-6,-7,31956],[-6,-1,12925],[-8,-5,131911],[-25,-1,11478],[-19,0,32760],[-21,3,15540],[-14,0,66205],[-11,6,45774],[-13,-7,11270],[-6,-6,24907],[-11,-1,0]],[[7925,35069,0],[-13,-3,10016],[-3,0,42624],[-23,16,0]],[[7802,36036,0],[38,49,53033],[11,2,0]],[[7851,36087,0],[1,3,7085],[17,32,100013],[27,0,74142],[1,-13,25258],[-4,-9,8846],[-4,-5,45056],[11,-8,100013],[96,29,168977],[2,-4,10406],[7,-2,11854],[5,-8,10368],[3,0,31733],[25,-11,0]],[[8189,36163,0],[34,76,64824],[0,0,6973],[14,11,0]],[[8237,36250,0],[17,3,32336],[33,0,7548],[31,-1,7548],[9,0,41809],[3,4,9662],[5,-1,8356],[1,2,34984],[28,-8,41809],[22,6,225444],[16,-22,11493],[27,-34,0]],[[8429,36199,0],[4,-5,6973],[0,-2,12555],[48,-57,165438],[146,-88,0]],[[9567,35491,0],[-7,7,41306],[-3,-37,41306],[-10,-10,95469],[-35,3,39965],[-6,-7,177317],[-9,-94,422997],[-43,-7,26420],[-20,0,24074],[-31,-5,166175],[-9,22,82640],[-44,21,49763],[-19,-1,166175],[-53,-34,0]],[[8752,35293,0],[54,-5,56849],[17,3,15772],[6,3,32268],[27,0,144488],[7,-4,13149],[5,-7,28157],[1,-13,81815],[11,-9,21975],[15,-7,49032],[18,-3,8511],[15,-2,144488],[0,1,9273],[13,1,9273],[10,2,18136],[11,4,44350],[13,12,0]],[[8975,35269,0],[31,-41,12395],[45,-58,63563],[19,-34,0]],[[9070,35136,0],[-5,-3,7127],[-5,0,15930],[2,-4,21928],[-13,-5,11449],[-2,-2,10800],[-12,-4,64219],[-5,-5,8567],[-4,-5,29651],[2,-6,7937],[3,-2,14642],[-1,-5,82138],[-10,-4,8015],[-8,-5,26744],[-9,-3,8965],[-17,-4,0]],[[8986,35079,0],[-2,0,6973],[-1,0,6973],[-12,2,60966],[-67,-31,129335],[-127,-12,0]],[[8728,35022,0],[-17,49,0]],[[8711,35071,0],[-4,59,0]],[[8352,35724,0],[49,-133,0]],[[8401,35591,0],[2,-2,7785],[0,-5,7785],[3,-8,26474],[19,-30,26474],[7,-19,218905],[-8,-29,79640],[-4,-39,9719],[-3,-28,28385],[-6,-48,12516],[-2,-22,43346],[0,-12,8906],[-2,-30,0]],[[8407,35319,0],[-82,16,0]],[[8325,35335,0],[-46,47,127795],[-25,61,12560],[-17,41,221731],[-12,-2,24214],[-12,-5,14969],[-6,-6,118165],[-62,51,221731],[0,3,10715],[-12,38,33043],[-1,3,7370],[-7,8,66415],[3,15,18404],[-1,18,36496],[1,0,11961],[-7,16,0]],[[8121,35623,0],[-2,2,6973],[0,1,34615],[-104,79,0]],[[5738,37204,0],[86,82,0]],[[8204,35289,0],[13,-1,7438],[8,-2,23154],[-1,-2,9417],[6,-3,23154],[13,3,52003],[8,10,96193],[5,-2,11757],[8,2,24113],[1,8,24113],[26,13,16916],[34,20,0]],[[8407,35319,0],[9,-7,18548],[25,-23,99359],[10,-5,13163],[9,0,42882],[34,7,0]],[[6274,37711,0],[231,217,0]],[[8091,36201,0],[-307,119,1217411],[-1510,1391,0]],[[9070,35136,0],[2,-3,46330],[45,12,7718],[54,16,37950],[8,-1,0]],[[9179,35160,0],[0,-25,12754],[-2,-20,12754],[0,-10,141480],[35,4,20541],[20,4,39167],[0,-6,14816],[5,3,0]],[[8975,35269,0],[4,7,22300],[19,21,14342],[16,18,128396],[10,2,13680],[8,6,48789],[8,1,11758],[12,0,25135],[11,-2,13960],[17,-1,0]],[[9080,35321,0],[5,-1,6973],[22,-6,0]],[[9107,35314,0],[-7,-25,79152],[18,-51,50471],[2,-28,0]],[[9120,35210,0],[0,-6,15541],[-6,-10,13830],[1,-3,89128],[59,-18,62435],[5,-13,0]],[[6185,37626,0],[89,85,0]],[[9107,35314,0],[25,23,0]],[[9847,36510,0],[0,-2,0]],[[9525,36302,0],[1,0,0]],[[9526,36302,0],[-2,-2,0],[32,1,65857],[21,25,107778],[-12,14,36226],[-22,6,107778],[10,26,53795],[21,8,85889],[-6,10,34511],[13,12,34511],[2,23,55828],[17,23,343958],[38,29,41281],[22,9,41281],[29,24,170610],[19,2,38386],[56,-6,0],[83,4,0]],[[12215,36700,0],[1,-2,0]],[[12041,36470,0],[-6,-1,0]],[[12035,36469,0],[-18,6,0],[10,9,37698],[-18,8,135006],[-16,-6,33743],[-19,4,33743],[-48,-5,72408],[-12,10,70598],[-52,-5,31287],[-4,6,31287],[-22,-8,221180],[46,34,118219],[-30,1,42730],[11,10,45857],[-34,1,552929],[11,11,39967],[35,11,72659],[66,12,79896],[24,13,35820],[23,3,39481],[72,30,198089],[14,17,44827],[44,29,109027],[84,32,0],[13,8,0]],[[12369,35585,0],[-1,0,0]],[[12022,35536,0],[-1,0,0]],[[12021,35536,0],[-9,29,0],[-2,26,53785],[-22,49,76894],[8,17,120664],[-41,79,164962],[4,16,33056],[14,11,620956],[124,35,94265],[32,2,35898],[50,10,158706],[11,22,119418],[15,4,39805],[46,-5,75343],[20,-24,61915],[21,7,678511],[2,-18,34250],[11,-4,34250],[19,-41,136611],[-7,-52,31173],[4,-18,31173],[-6,-13,187343],[12,-21,43621],[14,2,65155],[25,-46,0],[3,-18,0]],[[6345,33651,0],[0,-1,0]],[[6345,33650,0],[-1,0,0],[-2,-1,0]],[[6342,33649,0],[0,-1,0]],[[6342,33648,0],[-18,-13,0],[-30,2,53333],[-6,-15,53333],[-51,-9,176579],[43,34,102449],[4,28,43113],[-10,8,0]],[[16027,36055,0],[0,-3,0]],[[15901,36409,0],[1,1,0]],[[15902,36410,0],[13,-13,0],[23,-4,32379],[8,8,32379],[16,-7,224195],[7,-25,70298],[-2,-51,39182],[-7,-35,76583],[15,-6,76583],[-11,-18,36900],[7,-9,36900],[-7,-38,224195],[20,-14,44143],[23,-32,132386],[-7,-26,55878],[9,-19,37569],[0,-24,82985],[17,-21,0],[1,-21,0]],[[9847,36510,0],[12,1,0],[35,12,41203],[34,19,108744],[25,30,58852],[17,3,38311],[-2,-15,53397],[-20,-16,58852],[30,-2,45101],[21,11,31017],[15,-1,108744],[49,29,194141],[26,1,49153],[24,8,31020],[53,10,53999],[30,1,79605],[29,25,79605],[32,-10,345902],[-13,-20,35441],[-1,-18,73444],[20,-11,0],[2,-6,0]],[[10265,36561,0],[-2,0,0]],[[10069,36696,0],[23,9,33667],[5,-6,33667],[-28,-3,0]],[[10222,36658,0],[23,-7,38081],[-9,-8,38081],[-14,15,0]],[[14387,36822,0],[2,2,0]],[[14396,36806,0],[-5,2,0]],[[14391,36808,0],[3,19,0],[-7,-5,0]],[[12359,36853,0],[-3,-8,0]],[[12356,36845,0],[-22,14,0],[-31,-17,37374],[-26,-7,46159],[-60,-31,0],[-21,-8,0]],[[12196,36796,0],[0,1,0]],[[11397,36580,0],[0,-5,0]],[[11397,36575,0],[-18,0,0],[-38,-10,0]],[[11341,36565,0],[0,3,0]],[[10461,34061,0],[-112,-25,0]],[[10349,34036,0],[-25,35,0],[13,62,84312],[-4,38,35931],[-7,12,64891],[9,25,330509],[-21,28,44671],[-2,20,139275],[-16,13,38655],[-36,14,71770],[-30,32,41522],[-20,11,0]],[[10210,34326,0],[1,0,0]],[[14836,36988,0],[1,1,0]],[[14837,36989,0],[40,-12,0],[14,-22,82863],[61,-35,51902],[19,-3,82863],[26,-19,33029],[17,-18,82119],[35,-3,77874],[23,-13,38880],[14,-20,428060],[77,0,118647],[7,10,31164],[0,21,124066],[14,7,39186],[23,-7,39186],[59,4,0]],[[15266,36879,0],[-2,-2,0]],[[15154,36945,0],[9,14,34457],[12,-3,34457],[-17,-18,32659],[-4,7,0]],[[9481,36026,0],[0,-1,0]],[[9481,36025,0],[-35,-16,0],[-5,9,31851],[-17,-5,81972],[-14,-18,32074],[-18,-11,66048],[-38,-11,234581],[13,16,38628],[-15,3,38628],[23,12,38628],[2,13,119277],[-18,16,31719],[-16,3,31719],[-7,12,41367],[-14,-3,41367],[-1,19,104668],[30,9,0],[0,3,0]],[[9299,36073,0],[11,2,34464],[1,-17,34464],[-12,15,0]],[[14232,36785,0],[0,-1,0]],[[14232,36784,0],[-91,-11,0],[-2,1,0]],[[14387,36822,0],[-15,-10,0]],[[14372,36812,0],[-1,0,0]],[[14370,36812,0],[-2,-2,0]],[[14368,36810,0],[-14,3,0],[-35,-8,0]],[[12241,35067,0],[19,-14,0]],[[12113,35070,0],[0,1,0]],[[12113,35071,0],[9,-15,0],[28,-29,135391],[23,10,32396],[59,16,0],[9,14,0]],[[11948,35281,0],[0,1,0]],[[11948,35282,0],[9,-5,21936],[24,-3,51011],[41,-24,240371],[21,-26,32380],[24,-37,52393],[34,-37,169343],[6,-47,35097],[-2,-20,0],[8,-12,0]],[[11250,36544,0],[-6,-3,0],[-24,-6,0]],[[11220,36535,0],[0,1,0]],[[11157,36529,0],[-20,4,0],[-20,0,0]],[[11220,36535,0],[-40,-11,0],[-23,5,0]],[[10939,36512,0],[-42,6,0],[-14,-2,34848],[-18,-17,58638],[-26,2,0],[-7,10,0]],[[11545,36608,0],[0,-1,0]],[[11545,36607,0],[-72,-23,0],[-15,-9,57045],[-15,9,37368],[-30,2,61345],[-14,-11,0],[-2,0,0]],[[11290,36555,0],[1,-2,0]],[[11291,36553,0],[-21,-1,0],[-20,-8,0]],[[12940,36949,0],[2,1,0]],[[12976,36844,0],[0,1,0]],[[12976,36845,0],[35,17,0],[31,3,113065],[8,15,39275],[19,3,39275],[11,16,52977],[49,29,83506],[3,16,262387],[-34,-15,45373],[-2,-13,45373],[-26,0,60806],[-61,-18,143204],[-29,0,45299],[-43,-11,75181],[-14,-22,75181],[-27,6,37495],[-6,10,203865],[80,50,0],[-30,18,0]],[[12935,36944,0],[0,2,0]],[[12935,36946,0],[3,1,0]],[[12938,36947,0],[-3,-3,0]],[[12056,36374,0],[0,-1,0]],[[12110,36239,0],[-16,-1,0],[-40,-15,37475],[5,-5,32108],[-37,-1,109473],[17,-22,59028],[-21,-8,260170],[-23,10,41201],[-62,15,169559],[-17,-4,36675],[-2,-13,108045],[-51,2,44369],[-12,-6,44369],[-50,3,481533],[-7,25,39221],[-25,15,39221],[17,0,181939],[17,14,34604],[-3,9,43781],[24,13,33996],[4,11,109738],[19,0,54358],[50,27,254667],[27,7,40976],[2,-10,40976],[22,-7,32404],[35,-3,198345],[54,28,64104],[20,22,115699],[-13,5,40333],[-35,-10,75200],[12,11,33019],[-7,10,53886],[24,3,0],[18,10,0]],[[11727,36242,0],[30,21,49018],[-5,-16,49018],[-25,-5,0]],[[12716,36921,0],[0,-3,0]],[[12716,36918,0],[-55,-7,0],[-53,-12,62159],[-47,-22,79768],[-43,-3,49093],[-33,-13,0],[-36,7,0]],[[12449,36868,0],[0,2,0]],[[14294,36593,0],[-5,-7,0]],[[14289,36586,0],[0,1,0],[-42,8,70349],[-12,21,41405],[-18,5,154552],[-10,27,54329],[12,11,43280],[-7,21,372215],[28,13,34650],[17,15,37441],[36,14,37441],[9,11,59347],[57,24,45322],[27,18,0],[5,33,0]],[[14372,36812,0],[-4,-2,0]],[[10493,36631,0],[1,0,0]],[[10708,36483,0],[1,-2,0]],[[10709,36481,0],[-26,-10,0],[-36,0,39646],[-33,-7,69017],[-13,-15,35044],[-21,-8,69017],[-16,4,32527],[1,10,69017],[-55,-1,58333],[-25,-13,50277],[-31,1,497958],[11,9,37613],[-12,12,71977],[13,10,31358],[29,9,172919],[-12,5,34454],[-34,-4,47195],[13,8,67026],[-13,24,62193],[-27,1,43902],[-7,12,251832],[62,26,160647],[25,61,72896],[-9,16,0]],[[11232,36312,0],[59,28,45429],[34,22,121816],[35,-9,121816],[29,15,51442],[-26,0,44540],[21,13,78135],[28,7,32330],[13,-3,95069],[20,10,37883],[76,24,42836],[47,21,42836],[25,4,0],[19,16,56347],[-34,-6,36922],[-20,-11,56347],[-7,11,55235],[-40,-11,148719],[-9,18,39624],[-17,4,46060],[5,16,38628],[-15,7,229477],[28,11,44600],[28,3,31629],[6,7,31629],[51,12,0],[2,11,45016],[25,-3,32558],[4,-8,45016],[60,2,59131],[44,-6,147694],[-1,-16,68451],[28,-6,47077],[14,15,47077],[4,-21,0],[-37,-18,55333],[-73,-22,96962],[-20,5,55668],[-48,-15,174004],[-69,-48,227289],[-64,-22,73410],[-14,4,32078],[-20,-8,32078],[-28,-3,97536],[-45,-18,43070],[-100,-35,89811],[-18,3,0]],[[11341,36565,0],[-42,-11,0],[-8,-1,0]],[[10933,36379,0],[35,8,31185],[-30,-12,31185],[-5,4,0]],[[10945,36354,0],[44,13,43150],[17,-2,64244],[94,29,108576],[-11,7,35171],[23,4,35171],[-6,-10,35171],[31,1,48360],[-10,-9,32286],[18,-2,50189],[-45,-11,42505],[8,9,108576],[-101,-23,67792],[-62,-6,0]],[[10994,36382,0],[25,10,31559],[14,-1,31559],[-39,-9,0]],[[11166,36467,0],[13,8,32834],[2,-13,32834],[-15,5,0]],[[11200,36391,0],[59,25,60050],[17,1,32654],[41,12,53328],[35,16,0],[-9,14,66055],[45,13,98414],[-17,-23,46386],[23,10,46386],[7,-23,0],[-41,-5,40579],[6,-8,40579],[-29,-9,40579],[4,13,72015],[-141,-36,0]],[[11219,36422,0],[28,13,35366],[16,0,35366],[-44,-13,0]],[[11221,36413,0],[18,8,34145],[52,10,42608],[-36,-14,42608],[-34,-4,0]],[[12946,36428,0],[-9,-4,0],[-66,-26,30551],[-67,-29,77247],[-13,-1,32707],[-33,-15,32707],[-17,-2,196932],[-70,-38,96937],[-159,-63,99921],[-104,-52,44398],[-24,-8,34342],[-46,-24,766107],[-33,1,39720],[-18,-8,39720],[-37,0,60350],[-24,-8,43385],[-14,6,30710],[-10,-7,30710],[-42,-6,325810],[-11,7,56279],[17,16,31961],[6,15,107257],[-19,0,37865],[-27,13,107257],[8,29,47425],[-9,16,0],[-15,-1,0]],[[12000,36015,0],[45,36,72360],[-9,7,46027],[21,23,178569],[33,14,54610],[-14,-22,54610],[35,8,65409],[17,-13,178569],[-63,-41,37922],[-2,-7,37922],[-42,-21,136915],[-21,16,0]],[[13857,36768,0],[0,-1,0]],[[13857,36767,0],[-75,-29,0],[-32,-4,38860],[-27,-12,61243],[-22,5,76720],[-56,-20,0],[-7,-3,0]],[[12449,36868,0],[-13,3,0],[-32,-14,31754],[-13,-11,60114],[-30,-3,0],[-5,2,0]],[[10265,36561,0],[7,-23,0],[-1,-20,62458],[21,-8,38482],[9,-15,113905],[-17,-14,55333],[-3,-31,113905],[15,-49,81981],[-13,-33,99346],[21,-35,590846],[-50,-38,87856],[-14,1,32132],[-17,-11,32132],[-20,-3,87856],[-9,-11,47486],[-68,-39,181777],[-39,-16,60642],[-7,5,39974],[-45,-10,0],[-6,-4,0]],[[10031,36013,0],[22,15,39855],[1,-12,39855],[-23,-3,0]],[[10049,36042,0],[51,22,56145],[30,23,57443],[48,17,40173],[17,12,210544],[61,5,116155],[9,-11,64104],[-14,-4,31768],[-4,-13,31768],[-20,-12,210544],[-28,-2,34299],[-11,-8,59355],[-79,-32,41518],[-19,-10,32282],[-21,-2,143130],[-20,15,0]],[[14699,37098,0],[-1,-1,0]],[[14611,37220,0],[5,-25,0],[15,-36,31708],[12,-18,0],[56,-43,0]],[[11321,35995,0],[45,31,43633],[-2,10,33889],[19,9,113284],[-16,22,173976],[58,18,49000],[31,3,115491],[18,13,45310],[-5,15,0],[26,-3,34821],[37,2,59202],[29,-10,33991],[17,0,200240],[44,-27,70792],[43,-45,288061],[55,-7,52852],[21,5,50427],[27,-8,37890],[27,1,67382],[13,-12,67382],[52,10,388037],[16,-27,38505],[16,-12,81731],[24,3,38692],[11,-10,135199],[-24,-30,0],[-41,-15,38938],[-39,-8,49552],[-60,-22,41869],[-75,-22,305239],[-24,14,90942],[-51,-8,31552],[-20,-6,90942],[-17,4,34935],[-26,-5,42935],[-37,1,33952],[-24,6,33952],[-21,-2,585565],[-23,15,64853],[-17,3,30806],[-30,-4,83789],[-28,23,181377],[6,11,42998],[-9,35,110308],[-46,29,0]],[[11961,35993,0],[23,11,39546],[6,-9,39546],[-27,-8,32545],[-2,6,0]],[[14197,36517,0],[-2,-1,0]],[[13201,36363,0],[22,14,42375],[35,7,59131],[49,29,128511],[35,6,53917],[60,24,63466],[44,7,159609],[65,36,48917],[15,14,159609],[44,2,71074],[17,8,39477],[66,15,634956],[23,1,37816],[15,-11,53486],[21,3,37576],[43,-7,62452],[60,-15,167784],[14,-16,33586],[18,-31,31417],[15,-18,167784],[32,-2,62250],[26,9,39816],[2,10,525850],[-19,57,34723],[-15,32,261898],[5,16,51004],[31,18,100035],[33,6,43356],[14,13,43356],[27,3,392648],[57,-7,34465],[15,-6,46386],[48,-3,110713],[21,-17,34843],[19,-6,0],[39,-37,0]],[[13859,36531,0],[17,8,30675],[-6,-12,30675],[-11,4,0]],[[14699,37098,0],[4,-4,0],[64,-34,141985],[-7,-19,37295],[1,-31,166210],[27,-6,35972],[27,-14,35972],[15,0,0],[7,-1,0]],[[11032,36507,0],[0,-1,0]],[[11032,36506,0],[-10,3,0],[-13,9,34317],[-23,1,0],[-16,-7,0]],[[10970,36512,0],[0,2,0]],[[9401,36427,0],[0,-2,0]],[[9534,36426,0],[1,0,0]],[[9535,36426,0],[-2,-14,0],[14,-5,43063],[-8,-20,43063],[2,-41,77930],[-21,-1,49628],[-10,-21,70828],[20,-14,0],[-4,-8,0]],[[9383,36389,0],[-27,18,0]],[[9356,36407,0],[38,18,0],[7,2,0]],[[10029,36207,0],[-23,-22,0],[-52,-18,50207],[-24,1,74308],[-28,-19,130701],[-7,6,32295],[-21,-5,44102],[-10,13,150703],[-32,-3,45971],[-16,-13,61206],[-26,8,61206],[-18,-5,39029],[-2,-14,61206],[-18,1,39142],[-21,-13,47170],[-10,10,47170],[-18,-21,99734],[-18,6,45289],[-18,-13,45289],[-28,-1,36605],[-24,-8,289251],[-32,-27,74049],[-61,-32,47607],[-18,-3,0],[-23,-10,0]],[[9095,36134,0],[1,-1,0]],[[9304,36036,0],[0,1,0]],[[9304,36037,0],[2,-4,0],[-2,-11,33212],[10,-38,332407],[-34,-27,86597],[-81,-24,174979],[-18,5,40017],[-38,-3,45959],[-25,7,174979],[-90,-53,159642],[-21,-3,46458],[-13,16,73715],[-42,-10,616408],[-22,12,56411],[18,17,50732],[14,-11,56411],[21,6,41346],[-3,10,34563],[-20,-2,41346],[0,23,109386],[24,5,49895],[36,24,109386],[-10,13,55200],[-29,-6,31753],[-8,4,213445],[24,21,38703],[15,2,68747],[7,24,50588],[17,-2,50588],[10,21,40639],[16,7,158889],[-1,41,74719],[-16,8,59880],[39,17,0],[11,8,0]],[[8770,35828,0],[2,11,35460],[23,23,54099],[23,11,56198],[29,38,229121],[34,16,48645],[23,-1,119528],[9,-20,40297],[21,-15,229121],[-35,-26,55521],[-62,-33,144071],[-48,-15,69781],[-19,11,0]],[[8771,35812,0],[21,-10,33098],[-15,-2,33098],[-6,12,0]],[[14563,37350,0],[3,0,0]],[[14566,37350,0],[1,-15,43815],[23,-19,94159],[6,-27,35000],[-2,-30,65758],[14,-27,0],[3,-12,0]],[[12940,36949,0],[-1,0,0],[-1,-2,0]],[[12935,36944,0],[-14,-15,0],[-14,-6,34450],[-22,4,58202],[12,17,90304],[-95,1,149309],[-32,-16,41321],[-34,-8,0],[-20,-3,0]],[[14139,36774,0],[-2,1,0],[-61,-23,63593],[-4,10,63593],[-42,-8,47393],[-43,-17,238034],[-2,9,41066],[27,16,37636],[-3,7,77168],[-40,-13,77168],[-13,3,33328],[1,14,33328],[-14,4,148596],[-83,-9,0],[-3,-1,0]],[[9095,36134,0],[13,9,0],[-4,19,60990],[-34,-3,60990],[52,24,60990],[9,17,40143],[-9,13,200495],[55,32,59239],[52,20,441428],[9,-10,41764],[-10,-24,41764],[8,-12,88599],[-14,-20,55364],[9,-23,55364],[-13,-26,88599],[7,-24,37004],[-7,-9,37004],[0,-49,300767],[19,-18,85086],[28,16,64018],[30,-8,0],[9,-21,0]],[[9207,36271,0],[41,29,64202],[6,-12,54455],[-30,-21,64202],[-17,4,0]],[[12196,36796,0],[-22,-8,0],[-16,-13,81023],[-21,0,35549],[-12,-10,38040],[-23,0,38040],[-57,-14,81023],[-54,-23,0],[-25,-7,0]],[[11966,36721,0],[0,2,0]],[[11966,36721,0],[-80,-22,0],[-33,-2,43439],[-24,-11,45552],[-38,-4,45598],[-59,-14,98580],[-69,-3,219448],[-56,-24,33603],[-40,-14,82021],[-4,-14,0],[-18,-6,0]],[[9401,36427,0],[28,6,0],[29,-5,73053],[-13,10,31079],[-19,26,93796],[-27,3,48442],[-21,12,38196],[-2,-12,38196],[-19,13,38196],[21,3,252009],[24,23,31239],[4,11,115199],[22,5,52185],[29,17,33196],[30,11,38286],[-16,2,38286],[40,9,287231],[0,-13,47005],[30,-7,47005],[-25,-6,47005],[16,-12,64370],[-6,-21,120323],[42,24,70807],[22,-7,120323],[0,-11,32845],[-17,-26,85503],[-43,-17,120323],[-7,-15,44375],[12,-22,0],[0,-2,0]],[[14319,36805,0],[-81,-20,0],[-6,-1,0]],[[10832,36511,0],[-3,3,0],[-19,1,40665],[-22,-12,31893],[-22,-2,40766],[-15,-13,40766],[-22,1,0],[-20,-8,0]],[[12056,36374,0],[10,6,0],[1,7,36086],[-32,0,36086],[-21,11,75558],[22,13,46756],[-8,15,38634],[-12,-10,129634],[-34,0,33417],[-39,-5,242389],[2,7,40011],[40,16,40011],[55,34,0],[-5,1,0]],[[12508,36800,0],[86,19,0],[14,6,43303],[74,6,43303],[83,14,188255],[43,-1,61203],[58,-15,32178],[22,-3,137208],[17,7,39571],[63,7,0],[8,5,0]],[[14633,36336,0],[-9,26,0],[-25,22,46200],[-17,1,67466],[-11,25,67197],[-15,3,32266],[-23,16,155632],[8,28,31223],[-3,13,304728],[-27,28,54842],[-36,18,57874],[-24,-1,55298],[-12,20,167956],[-30,1,34456],[-30,9,79448],[-31,-12,39976],[-16,2,167956],[-10,17,36463],[-17,0,36463],[7,13,36463],[-8,15,0],[-15,6,0]],[[9337,36206,0],[-1,1,0]],[[9336,36207,0],[5,11,0],[26,7,45327],[3,14,83278],[22,9,33481],[23,0,39183],[36,12,344108],[-21,6,68847],[-2,39,81118],[-18,2,31320],[3,9,31320],[-18,5,101355],[-6,16,38867],[20,15,38867],[-21,-3,38867],[-11,18,61705],[-18,8,50919],[3,9,32054],[-13,19,0],[7,4,0]],[[9223,36379,0],[1,8,31697],[21,4,52378],[82,23,162129],[2,-13,42335],[-23,-12,42335],[-5,-17,78781],[-20,9,69354],[-2,-22,47344],[-18,-10,162129],[-32,18,37200],[-6,12,0]],[[9272,36324,0],[29,-1,50144],[9,11,31560],[13,-1,31560],[-44,-23,50144],[-7,14,0]],[[14197,36517,0],[36,-35,0],[25,-2,75592],[15,-41,135572],[51,-38,48927],[26,-11,48927],[62,-42,41971],[36,-18,264040],[9,20,30893],[9,4,77293],[23,-24,141137],[5,-36,54741],[11,-12,33730],[10,-33,148555],[40,24,148555],[-4,-10,36041],[11,-25,46067],[10,0,76348],[5,-41,46993],[-8,-9,264040],[47,-40,69788],[32,-10,143087],[11,6,34674],[10,25,552637],[-2,37,34118],[-9,64,83137],[-16,37,0],[-9,29,0]],[[10970,36512,0],[-8,-3,0],[-23,3,0]],[[11117,36533,0],[-17,0,0],[-8,-17,51395],[-33,-16,0],[-27,6,0]],[[9351,36076,0],[1,9,0],[-12,15,50745],[-31,2,70662],[-1,14,37937],[-17,1,37937],[-8,15,202787],[29,13,73651],[-24,20,86112],[21,12,37263],[2,11,36905],[21,12,0],[4,7,0]],[[13638,36704,0],[-25,-12,0],[-75,-45,69720],[-65,-29,274860],[-61,-6,80047],[-37,-14,34095],[-13,-10,68753],[-34,-1,173053],[-63,-49,173053],[-30,-5,48867],[-38,-21,55040],[-37,-6,55040],[-61,-20,32497],[-10,-7,32497],[-33,-6,44128],[-56,-24,37906],[-16,-2,0],[-38,-19,0]],[[12215,36700,0],[11,7,0],[55,18,47317],[94,23,116275],[18,13,35648],[57,29,94497],[53,9,0],[5,1,0]],[[12988,35213,0],[1,2,0],[-1,0,0]],[[12988,35215,0],[2,5,0]],[[13346,35360,0],[-1,-1,0]],[[13345,35359,0],[-75,-6,0],[-19,4,63462],[-44,31,37816],[-21,21,246955],[-33,3,83117],[-73,-17,37663],[-45,-8,0],[-1,0,0]],[[13358,35321,0],[1,-1,0]],[[13228,35288,0],[-1,1,0]],[[13227,35289,0],[18,6,0],[49,5,61226],[63,20,0],[1,1,0]],[[12382,36010,0],[42,9,0],[17,20,37243],[18,8,37243],[28,29,233109],[21,10,45402],[70,16,107931],[32,-6,73984],[76,15,321770],[19,12,41853],[6,19,41853],[22,16,56412],[9,26,56412],[31,25,0],[43,11,0]],[[12816,36220,0],[5,2,0],[105,21,105022],[46,2,46968],[21,-7,328130],[37,40,80669],[29,1,80669],[24,38,172497],[35,16,40813],[73,25,33612],[10,5,0]],[[12560,34776,0],[-1,1,0]],[[12559,34777,0],[4,0,0],[2,25,37843],[12,20,156427],[-25,159,45363],[-5,47,0],[2,1,0]],[[12490,35518,0],[-1,0,0]],[[12489,35518,0],[-1,1,0],[7,41,77147],[-18,40,77147],[6,19,32615],[1,29,54329],[-7,24,309266],[-23,21,36220],[-27,33,62337],[-27,21,44568],[-19,28,44568],[-17,7,430959],[-3,16,32913],[3,53,127449],[-32,61,99581],[-1,30,35705],[-9,20,35705],[4,15,253609],[20,21,50040],[29,10,0],[7,2,0]],[[12438,35573,0],[1,11,33006],[21,18,46975],[5,-11,37317],[-14,-18,46975],[-13,0,0]],[[13358,35321,0],[7,9,0],[-16,14,48842],[11,16,0],[-15,-1,0]],[[13034,35387,0],[-53,-15,0],[-33,-14,36241],[-39,-11,106989],[-9,-19,51578],[-34,-23,160917],[-41,-5,52332],[-5,-10,31069],[-21,-10,52332],[-3,15,53071],[-31,-11,0],[-3,3,0]],[[12762,35287,0],[0,2,0]],[[12369,35585,0],[1,-7,0],[-5,-51,35135],[-5,-18,67659],[5,-39,76201],[-6,-22,37652],[-16,-21,76201],[16,-14,284656],[26,8,44466],[24,21,91730],[6,32,78450],[8,-2,30797],[2,-20,43230],[24,-13,43230],[-10,-8,192595],[-8,-49,56399],[11,-8,38265],[-4,-21,0],[19,-24,0]],[[12457,35329,0],[0,-1,0]],[[12435,35263,0],[-7,-17,0]],[[12428,35246,0],[-29,1,0],[-20,15,65593],[-67,15,108448],[-37,4,40219],[-27,-4,410549],[-28,32,48947],[-25,13,70181],[-21,34,170739],[1,12,42829],[27,18,42829],[20,24,170739],[-13,14,52276],[-41,6,102693],[-37,-20,170739],[-12,16,34555],[-25,15,60553],[-18,24,45120],[-45,43,0],[-10,28,0]],[[12488,35385,0],[-3,0,0]],[[12485,35385,0],[4,5,0],[-18,15,48799],[4,19,103074],[-25,-10,49349],[-7,13,76278],[18,5,37630],[31,21,76278],[5,48,0],[-8,17,0]],[[12396,35497,0],[9,13,35367],[15,-1,38652],[-6,-14,38652],[-18,2,0]],[[13052,35286,0],[-1,2,0]],[[13051,35288,0],[18,4,0],[91,8,100257],[59,-14,0],[8,3,0]],[[12448,34937,0],[-1,0,0]],[[12241,35067,0],[9,13,0],[1,36,34112],[-5,13,206347],[62,-19,42137],[20,-13,42137],[26,-1,79045],[26,11,57853],[15,-3,30805],[2,-12,371075],[-34,-43,135419],[24,6,47094],[3,-15,47094],[32,-7,135419],[21,-57,55967],[4,-37,0],[1,-2,0]],[[12448,34937,0],[17,-65,0],[9,-20,41852],[-1,-30,60300],[18,-38,98314],[23,-13,0],[45,6,0]],[[12549,35029,0],[34,36,0],[30,5,61037],[15,14,38735],[33,14,73451],[10,-7,73777],[32,8,35945],[10,10,40356],[44,12,38419],[30,14,178255],[61,3,55854],[61,12,271168],[11,56,148552],[24,-6,49528],[41,7,0],[1,1,0]],[[12762,35287,0],[-2,2,0],[-49,-27,78032],[-12,-2,31597],[-9,12,129622],[-19,-10,37893],[-8,-17,53890],[-20,-1,71441],[-40,-27,40947],[-6,2,46807],[-71,-28,365954],[-19,1,58831],[-14,31,86870],[-43,7,56236],[-22,16,0]],[[12457,35329,0],[11,16,38152],[-11,6,0],[28,34,0]],[[12938,35259,0],[-2,1,0]],[[12936,35260,0],[14,15,0],[59,29,111184],[36,-17,0],[6,1,0]],[[12988,35215,0],[-52,9,0],[30,11,78115],[-5,12,40981],[-21,-5,46460],[-6,16,0],[2,2,0]],[[11933,33113,0],[0,-1,0]],[[11933,33112,0],[-7,10,0],[-37,15,61988],[-18,22,42348],[-26,14,159889],[-4,28,74174],[-21,33,40110],[-20,20,433721],[-82,31,192823],[-43,-4,70161],[-28,-22,152194],[-6,12,38552],[-21,3,42057],[-7,15,124235],[-33,-11,50108],[11,-9,67651],[-52,-13,88602],[3,19,0],[-45,23,0]],[[11497,33298,0],[-1,2,0]],[[11874,33057,0],[-10,-14,0]],[[11436,33157,0],[-4,6,0]],[[11432,33163,0],[4,10,0],[37,19,67362],[7,24,276062],[59,-14,72358],[31,6,65997],[18,-11,49007],[44,-2,178030],[25,14,41017],[19,22,92464],[37,-1,178030],[-2,-19,52638],[20,-38,440695],[59,-55,99486],[36,-5,43078],[17,-11,99486],[11,-35,55070],[16,-4,0],[4,-6,0]],[[11497,33298,0],[-11,6,0],[-25,5,0]],[[11461,33309,0],[0,3,0]],[[11227,33049,0],[0,2,0]],[[11227,33051,0],[3,1,0],[62,-8,55259],[20,-10,145148],[34,-51,369032],[33,20,41146],[5,12,120390],[-2,62,120390],[16,37,55118],[23,20,0],[11,29,0]],[[11120,33068,0],[-4,-2,0]],[[10665,32688,0],[-3,1,0]],[[10662,32689,0],[5,24,37820],[14,18,228069],[1,17,36716],[-11,65,76840],[-17,38,139628],[9,26,38107],[3,39,139628],[-10,49,40731],[-7,7,37104],[5,29,84013],[-12,28,53687],[9,21,53687],[1,37,31554],[-3,35,1087084],[10,24,47349],[26,25,304685],[32,2,31704],[17,-3,46516],[40,5,34338],[44,1,134158],[56,-21,194515],[51,1,40699],[40,5,86136],[14,20,63341],[32,-3,478488],[59,-62,55440],[35,-29,0],[15,-19,0]],[[10121,33790,0],[-2,0,0]],[[10069,34263,0],[0,1,0]],[[10069,34264,0],[34,-17,86276],[27,-32,56046],[-16,-18,44290],[17,-2,126925],[56,-28,47319],[28,-21,612442],[-14,-44,71265],[-25,-19,71265],[-26,-65,65598],[-30,-45,322434],[4,-8,39035],[-16,-34,39035],[-3,-31,145288],[21,-39,51431],[19,-15,145288],[-6,-28,45265],[-15,-8,39577],[-3,-20,0]],[[11461,33309,0],[-1,0,0],[-29,-10,41488],[-17,4,132841],[-28,-25,34162],[-25,-14,34162],[-9,-12,51336],[-40,-27,260293],[-20,6,67021],[-33,-19,33672],[-21,-6,116641],[-30,3,31741],[-11,6,34569],[-33,3,442802],[-48,28,63532],[-14,22,92410],[-38,21,42492],[-19,2,0]],[[11045,33291,0],[0,1,0]],[[11120,33068,0],[10,-12,0],[33,-12,0],[64,7,0]],[[11874,33057,0],[37,-59,0],[32,-32,73448],[38,-9,152243],[-8,-51,152243],[29,-28,56626],[18,-37,121440],[38,-1,176766],[-5,21,55385],[-27,32,49541],[-12,29,247678],[26,7,43775],[17,-9,38239],[18,5,135619],[8,31,46956],[-7,20,322239],[-35,20,37937],[-8,11,37937],[-60,39,138049],[-7,32,62721],[-25,21,0],[-8,13,0]],[[10382,33628,0],[-1,0,0]],[[10381,33628,0],[-12,7,63562],[-8,24,33883],[-1,32,63562],[-21,37,42765],[-13,40,104789],[-15,10,31830],[-10,20,96168],[10,25,61232],[-10,38,389364],[-16,11,44641],[44,-9,44641],[50,2,95675],[76,24,389364],[17,41,37745],[-1,13,175724],[-45,-6,82521],[-46,20,175724],[-11,19,41470],[-19,59,0],[-1,1,0]],[[11045,33291,0],[-27,4,41537],[-44,16,153209],[-38,-10,35629],[-26,-2,52801],[-34,-13,52801],[-23,4,336302],[-5,39,94456],[-8,11,34775],[-35,26,172380],[-47,17,34240],[-36,9,331273],[-38,-4,47809],[-31,9,47809],[-17,-7,47809],[-85,-4,790242],[-13,4,32127],[-14,18,62892],[-27,2,34113],[-16,9,184908],[-14,26,39341],[-7,30,126191],[-34,18,78970],[-26,41,37691],[-14,12,278413],[-4,23,35164],[0,59,18619],[-1,0,0]],[[10301,33448,0],[28,-26,0],[11,-26,0],[2,-20,0]],[[10342,33376,0],[-4,0,0]],[[10320,31890,0],[3,9,0]],[[10323,31899,0],[23,-5,0],[42,-21,43382],[49,-32,52831],[35,-14,128434],[22,-29,57737],[48,-37,100876],[44,-17,379821],[36,-1,32271],[21,5,32271],[81,7,163761],[29,11,31695],[20,2,57005],[62,27,367886],[70,65,136804],[46,82,39870],[12,16,322327],[25,8,44840],[50,4,152283],[34,-6,51844],[40,-19,60637],[45,-7,205480],[25,-21,62673],[3,-28,88005],[37,-22,56881],[16,-25,205480],[26,18,39997],[4,13,164376],[-44,51,76576],[-14,37,322327],[-18,3,38064],[-9,15,38064],[-22,10,37212],[-61,38,112392],[-61,17,241235],[-55,-7,44031],[-29,-9,322327],[-36,-38,79744],[-31,-61,100564],[-48,-48,43493],[-22,-29,322327],[-53,-21,63325],[-64,-13,187116],[-25,0,34521],[-25,8,51618],[-15,-7,77097],[-29,6,32654],[-19,10,367886],[-54,58,94745],[-44,32,32479],[-27,16,170024],[-65,18,47732],[-12,9,379821],[12,27,32701],[1,19,82521],[20,36,37317],[25,33,95929],[18,42,39334],[11,45,31544],[7,12,343443],[92,72,77643],[56,55,748592],[11,23,34138],[15,14,57708],[15,42,148376],[5,80,49589],[7,34,286536],[-14,41,76569],[-10,9,39443],[6,20,39443],[-8,79,114868],[7,38,0]],[[10342,33376,0],[0,-3,0],[16,5,44203],[13,-16,104743],[-1,-24,36634],[11,-6,36634],[-4,-17,67974],[19,-26,0],[3,-26,0]],[[10399,33263,0],[0,-1,0]],[[10575,32559,0],[6,7,0]],[[10581,32566,0],[2,-2,0],[-1,-47,46516],[6,-25,58618],[-4,-59,479918],[-11,-19,33684],[-20,-18,78020],[-38,-14,78020],[-21,-14,37986],[-16,-23,50418],[-22,-10,257893],[-48,-54,70822],[-11,-32,46371],[-17,-17,70822],[-57,-75,42412],[-10,-7,31773],[-20,-28,479918],[-7,-42,38835],[2,-21,107422],[-17,-50,52193],[-19,-29,316928],[-41,-37,68139],[-5,-14,35907],[-24,-30,118583],[-16,-7,37661],[-47,-33,118583],[1,-14,51830],[-31,-20,51830],[-43,-50,316928],[18,-27,49399],[-10,-7,45945],[15,-24,792473],[24,9,77809],[-8,21,47311],[9,21,115354],[40,-7,115354],[14,15,31811],[34,47,155811],[33,11,68443],[30,34,68443],[42,31,48378],[18,5,0],[18,-5,0]],[[10399,33263,0],[1,-2,0],[20,-9,45562],[20,-26,49822],[18,-6,159475],[45,8,34038],[39,4,746144],[10,-27,101714],[-12,-26,38373],[-8,-35,48079],[-14,-26,235735],[11,-31,31108],[14,-24,136132],[1,-68,68621],[5,-16,42108],[6,-64,235735],[-2,-16,31663],[-14,-26,95868],[8,-31,35997],[-5,-17,35997],[8,-17,95868],[-6,-53,41207],[-7,-10,41207],[-2,-39,341276],[27,-57,50888],[12,-39,100868],[-4,-34,0],[11,-10,0]],[[10121,33790,0],[19,-25,51886],[7,-34,69575],[35,-48,124407],[32,-13,63699],[15,-28,256899],[1,-26,36792],[-8,-38,54624],[9,-26,39108],[-5,-13,202074],[9,-23,34160],[13,-13,34160],[12,-26,85168],[29,-18,0],[12,-11,0]],[[6263,33746,0],[3,1,0]],[[6274,33683,0],[13,37,0],[-21,18,0],[-3,8,0]],[[9002,33619,0],[-1,0,0]],[[8907,33342,0],[0,0,6973],[-9,2,0]],[[8770,33315,0],[0,0,6973],[-10,2,0]],[[8919,33815,0],[11,-25,0],[12,-2,45809],[45,-35,205978],[13,-43,72321],[-11,-34,72523],[13,-56,0],[0,-1,0]],[[9014,34027,0],[3,0,0]],[[8990,33965,0],[-1,0,0]],[[8989,33965,0],[-18,27,0],[28,3,69042],[-1,8,32093],[18,22,0],[-2,2,0]],[[8972,33897,0],[-5,16,0],[23,22,57784],[2,26,0],[-3,4,0]],[[6364,33627,0],[-2,1,0]],[[6362,33628,0],[4,2,0],[-21,20,0]],[[9660,34307,0],[0,1,0]],[[9660,34308,0],[22,-3,0],[58,-21,50696],[19,1,157851],[55,30,49051],[2,9,186400],[49,2,70862],[28,-15,75206],[104,-6,279594],[47,-19,58662],[23,-21,11224],[2,-1,0]],[[9014,34027,0],[-6,8,0],[2,29,0],[-20,14,0]],[[6263,33746,0],[-13,39,0],[-3,21,38122],[9,20,57282],[-9,46,57282],[6,28,121002],[22,8,0],[16,37,0]],[[8455,34015,0],[0,-1,0]],[[8499,33566,0],[-1,0,0]],[[8498,33566,0],[0,4,22406],[-26,44,24647],[-19,40,144479],[-35,39,39032],[-17,25,62171],[-38,35,522996],[2,13,43537],[30,35,78061],[19,7,42549],[26,27,78061],[3,24,284289],[-16,28,46194],[-39,44,72746],[-3,21,202949],[41,53,0],[29,10,0]],[[6155,33344,0],[1,-1,0]],[[6288,33537,0],[-1,0,0]],[[6287,33537,0],[9,-2,0],[-11,12,56894],[10,13,31587],[-3,12,31587],[13,2,70354],[16,-23,85988],[-7,-8,37780],[10,-21,37780],[-3,-21,86249],[12,3,49669],[28,-16,32630],[-5,-9,32630],[19,-1,382706],[-3,-20,59671],[-31,-1,115243],[7,-15,34835],[12,7,34835],[-13,-24,34835],[6,-19,54806],[-7,-13,146952],[-11,8,31365],[-17,-3,37675],[-10,10,146952],[-28,-32,83375],[-43,-6,86578],[-28,-32,129397],[22,-1,34613],[27,8,71604],[-9,-19,110837],[-53,-19,58141],[-10,-14,299688],[-42,13,80687],[-6,-8,49361],[-50,0,150807],[9,7,32390],[-10,11,53002],[19,9,32766],[6,13,94352],[25,3,34048],[10,-7,0],[8,10,0]],[[6094,33363,0],[15,7,40161],[13,-11,40161],[-28,4,0]],[[9149,34299,0],[1,-1,0]],[[8990,34078,0],[-26,17,0],[-41,20,60236],[-28,-2,100043],[-5,26,356557],[64,23,110473],[17,19,36460],[-2,11,43102],[18,15,110473],[51,23,89749],[26,30,72130],[31,12,42007],[23,19,0],[31,8,0]],[[9018,33763,0],[-4,9,0],[-53,60,136661],[12,10,38635],[8,27,0],[-9,28,0]],[[8455,34015,0],[4,2,0],[20,0,36005],[24,11,81112],[38,33,272969],[38,8,38936],[21,-2,88475],[31,-19,105828],[15,11,51332],[22,-13,51332],[45,8,88367],[5,15,83889],[36,-10,38563],[14,-10,30973],[20,-5,0],[27,-23,0]],[[8926,33950,0],[1,0,0]],[[8927,33950,0],[-8,-10,0],[4,-23,58282],[-16,-47,83389],[9,-48,0],[3,-7,0]],[[9149,34299,0],[11,3,0],[52,8,77022],[16,22,95406],[48,19,38967],[30,3,38967],[18,11,74061],[41,4,162209],[36,28,31772],[22,10,31656],[16,15,133066],[29,12,47385],[24,-1,37294],[33,10,596452],[31,-17,58485],[47,-3,56772],[13,-12,232306],[-20,-38,104181],[2,-16,32553],[15,-44,0],[47,-5,0]],[[9002,33619,0],[9,-23,0],[36,-20,177181],[0,27,62967],[-23,46,62967],[5,20,50867],[-15,35,136879],[18,18,34631],[0,11,0],[-14,30,0]],[[8815,34021,0],[3,-2,0],[19,1,37379],[45,-9,53164],[23,-10,147339],[14,-39,44455],[11,-9,0],[-3,-3,0]],[[6401,33557,0],[2,0,0]],[[6337,33337,0],[0,3,0]],[[6337,33340,0],[25,2,0],[21,28,92423],[-31,26,159504],[30,11,65295],[-3,16,42295],[17,14,97925],[-33,-3,37670],[-4,6,97925],[35,27,36134],[22,11,183081],[3,34,59814],[-14,42,0],[-4,3,0]],[[6291,33945,0],[24,53,0],[19,21,34951],[-2,9,60607],[31,16,131952],[5,36,48968],[-7,23,290849],[27,11,73467],[19,30,51949],[16,0,51949],[42,27,36721],[11,12,104722],[22,5,34827],[12,12,34827],[35,16,489877],[48,-2,98807],[60,18,46443],[51,7,32253],[17,6,107563],[34,-5,0]],[[6755,34240,0],[0,-2,0]],[[5977,34219,0],[26,20,44777],[-8,-19,44777],[-18,-1,0]],[[6029,34273,0],[1,13,32174],[15,8,43831],[1,-18,31134],[-8,-11,43831],[-9,8,0]],[[6071,33640,0],[7,17,89865],[26,-9,44737],[8,6,34688],[-20,11,44737],[32,10,61367],[11,22,42172],[4,-19,42172],[25,-1,0],[5,-19,38428],[-9,-11,0],[-29,3,52149],[-25,-14,58490],[3,-7,31601],[-18,-12,36902],[-8,12,32303],[10,6,36902],[-22,5,0]],[[6079,33539,0],[12,28,36804],[4,-10,36804],[-16,-18,0]],[[6085,33840,0],[14,3,48189],[-2,26,94144],[41,10,71523],[5,-20,94144],[-25,-20,41149],[-30,-13,71645],[-3,14,0]],[[6086,33582,0],[12,10,34698],[-2,16,75050],[25,16,34766],[17,2,75050],[-14,-23,37822],[-12,-2,37822],[-19,-25,59681],[-7,6,0]],[[6121,33898,0],[19,8,32521],[-10,-13,32521],[-9,5,0]],[[6150,33956,0],[8,9,31515],[16,-4,38315],[-21,-15,38315],[-3,10,0]],[[6154,33679,0],[5,11,35387],[15,-7,35387],[-20,-4,0]],[[6409,33227,0],[-1,0,0]],[[6408,33227,0],[-15,21,0],[-13,6,87753],[-17,-10,31721],[-23,-24,52165],[3,-10,52165],[-41,-15,140450],[-3,6,37582],[24,32,77957],[32,15,53971],[13,22,140450],[-30,39,68717],[-34,18,68717],[20,12,0],[13,1,0]],[[6279,33272,0],[27,14,39429],[11,-4,39429],[-38,-10,0]],[[6401,33557,0],[-16,14,0],[-13,25,36396],[-12,5,36396],[-10,23,0],[12,4,0]],[[6281,32991,0],[1,-1,0]],[[6285,32990,0],[3,0,0]],[[6288,32990,0],[9,-6,0],[37,2,0],[4,7,0]],[[6338,32993,0],[2,-1,0]],[[6688,33186,0],[42,-8,0]],[[6730,33178,0],[0,-1,15914],[-29,-29,39643],[-41,-52,144669],[-22,-41,51428],[-11,-39,60669],[-21,-33,647677],[-26,-17,36327],[-16,-1,110225],[-34,11,74692],[-40,-8,40990],[-22,2,113185],[-24,-14,34000],[-24,-6,262597],[1,12,51863],[-26,19,37598],[-12,0,76963],[-7,-21,82899],[-73,2,40916],[-32,-3,129738],[-23,9,50718],[-35,-9,50718],[32,21,0],[36,11,0]],[[6384,32830,0],[17,21,41258],[3,-14,48869],[50,38,85826],[-28,-7,39914],[5,11,85826],[55,46,85826],[16,-12,85826],[20,15,38510],[30,13,32593],[20,15,244692],[27,-3,91308],[-25,-49,244692],[-26,-26,35121],[-30,-22,127728],[-26,-6,53159],[-16,-15,35054],[-28,-13,53159],[-13,2,45757],[-33,-20,194929],[-16,5,31751],[12,7,31751],[5,18,57704],[-19,-4,0]],[[6392,32967,0],[6,7,33396],[15,-14,37654],[-20,-5,37654],[-1,12,0]],[[6155,33344,0],[2,4,0],[-21,51,111754],[17,8,70401],[-9,28,53027],[12,-4,41478],[-3,25,205253],[23,-2,61579],[-26,22,48897],[-16,-6,42800],[-13,15,99741],[-29,-6,41582],[-12,9,33120],[-15,-4,205253],[-4,16,68089],[45,11,68089],[6,17,33768],[17,15,397166],[6,-20,53387],[25,-3,82387],[0,11,39359],[23,7,82387],[39,2,37944],[31,-5,37944],[11,6,0],[23,-4,0]],[[6166,33548,0],[23,24,77261],[6,-19,32367],[10,-6,77261],[-39,1,0]],[[6338,32993,0],[2,3,0],[-12,6,47473],[-46,-8,101358],[-13,20,42484],[9,9,102282],[20,0,33848],[19,-11,65315],[25,11,102282],[-33,25,79229],[20,16,165174],[13,-15,36818],[15,0,58344],[1,19,58344],[38,-2,165174],[19,27,63209],[-5,27,103153],[19,1,39272],[18,14,242709],[-5,37,51279],[-13,13,32702],[-3,16,0],[-18,26,0]],[[6281,32991,0],[5,1,0],[2,-2,0]],[[6321,33078,0],[3,8,34400],[31,10,34400],[-26,-2,48691],[30,12,98579],[-2,-9,38324],[23,-19,98579],[-59,0,0]],[[6937,32793,0],[2,1,0]],[[7173,32660,0],[-34,17,0],[-19,1,31003],[-40,10,32120],[-20,-1,32120],[-27,9,54922],[-58,0,54772],[-23,9,302092],[6,12,37913],[2,41,72967],[-12,29,0],[-11,6,0]],[[9937,35756,0],[-2,-1,0]],[[9387,35789,0],[3,0,10544],[56,21,97422],[2,16,70945],[29,20,33921],[27,11,103059],[58,12,48616],[13,14,33283],[11,-2,103059],[14,25,354641],[37,15,48850],[53,9,152917],[47,-3,49232],[59,-12,620387],[36,-35,66512],[34,-13,159718],[12,-58,59788],[15,-23,0],[44,-30,0]],[[10246,35510,0],[2,1,0]],[[10278,35455,0],[-1,0,0]],[[10277,35455,0],[-12,16,0],[-18,38,0],[-1,1,0]],[[10044,35655,0],[0,-1,0]],[[9937,35756,0],[2,-2,0],[87,-87,64191],[13,-5,0],[5,-7,0]],[[10736,35920,0],[0,-1,0]],[[10297,35714,0],[-1,0,0]],[[10296,35714,0],[-23,35,0],[-38,21,46214],[-34,10,182048],[-9,30,51574],[8,27,58282],[-11,25,628006],[46,19,42568],[54,15,42568],[14,10,187569],[36,5,30748],[64,14,86814],[39,-1,59122],[76,11,350140],[-4,-12,40135],[-29,-15,40135],[6,-6,210838],[78,10,36102],[-2,7,36102],[34,-1,50287],[44,13,50287],[38,2,152844],[50,-13,0],[3,0,0]],[[10740,35734,0],[0,1,0]],[[10736,35920,0],[32,-2,0],[37,8,82644],[20,-6,44320],[9,-19,265693],[0,-49,51458],[9,-19,115697],[-28,-26,93662],[-6,-30,49919],[11,-17,228545],[50,-10,115411],[-3,-14,38713],[-23,-26,147974],[-39,-1,85073],[3,18,62061],[-24,10,39807],[-9,14,85073],[-13,1,32568],[-7,-13,0],[-15,-5,0]],[[10878,35756,0],[16,11,42378],[-2,18,69497],[25,-5,56338],[-9,-20,69497],[-23,-8,31674],[-7,4,0]],[[10240,35366,0],[1,-1,0]],[[10180,35467,0],[11,-23,0],[15,-8,37466],[25,3,161160],[-19,-58,45761],[10,-13,45761],[-19,-11,61420],[0,-22,0],[37,31,0]],[[11587,35585,0],[0,-1,0]],[[11280,35660,0],[32,-36,0],[46,-23,122519],[26,6,50591],[29,22,186139],[8,43,57994],[-21,7,37086],[10,8,143568],[60,4,363877],[-10,-9,50842],[41,-8,70759],[3,-29,70759],[55,-58,0],[28,-2,0]],[[10737,35661,0],[0,1,0]],[[10737,35662,0],[35,5,0],[37,10,63089],[-15,-13,38779],[17,-2,48484],[21,33,48484],[27,13,208155],[5,-22,43333],[17,-9,97092],[-2,-27,46009],[-14,-23,0],[17,-17,0]],[[10986,35010,0],[1,-1,0]],[[10987,35009,0],[-2,-15,0],[19,-26,37351],[3,9,37351],[22,-18,119436],[20,39,0],[7,39,0]],[[11056,35037,0],[2,0,0]],[[10979,35145,0],[-5,-38,0],[26,-10,92151],[-4,-33,40633],[12,-13,40633],[-15,-7,0],[-6,-35,0]],[[11028,35612,0],[-1,1,0]],[[11027,35613,0],[10,6,0],[21,24,105572],[-5,25,38203],[3,31,63948],[-13,12,63948],[24,32,204285],[61,17,414449],[11,-17,35621],[-3,-16,71972],[24,-2,43985],[7,-15,148035],[69,-8,110842],[11,-16,34929],[27,-19,0],[6,-7,0]],[[10908,35436,0],[1,0,0]],[[10909,35436,0],[1,-6,0],[5,-39,111596],[17,-19,48549],[24,-5,53860],[20,-23,265367],[-14,-20,54889],[9,-17,36880],[-5,-15,132368],[25,-37,53083],[5,-29,39211],[11,-13,174326],[-26,-57,0],[-2,-11,0]],[[11587,35585,0],[6,0,0],[17,-12,42999],[28,-2,87095],[56,11,158144],[32,-29,50841],[4,-17,58057],[18,-33,31291],[24,-37,158144],[3,13,32029],[11,-11,32029],[16,8,158144],[-26,23,34348],[-45,48,92491],[-20,41,158144],[17,20,57917],[28,0,120669],[42,-20,43337],[24,-4,640634],[20,-43,75854],[-11,-27,96297],[6,-21,45409],[22,-20,104599],[-12,-12,44782],[2,-29,61724],[15,-2,61789],[9,-40,32990],[8,-20,59176],[16,-8,59176],[-7,-36,264349],[17,-6,45799],[24,-30,40939],[17,-8,0]],[[10044,35655,0],[23,-30,0],[31,-19,78451],[14,-28,38753],[19,-18,33733],[5,-14,65794],[18,-9,133803],[1,-13,35201],[18,-20,48862],[0,-21,0],[7,-16,0]],[[10740,35734,0],[-9,-2,0],[-28,-15,55775],[-34,-8,42967],[-52,-21,125950],[8,-20,41328],[-13,-5,0],[-4,-7,0]],[[11008,35507,0],[-1,0,0]],[[11007,35507,0],[0,2,0],[-13,18,53559],[8,28,77214],[-24,12,124109],[28,34,0],[21,12,0]],[[11056,35037,0],[3,18,0],[2,52,49655],[-13,18,49655],[15,12,49655],[8,28,35229],[-2,17,110511],[-16,26,110511],[7,25,40313],[13,10,66182],[7,52,352239],[-7,13,32937],[0,27,39899],[-10,20,33645],[-4,25,120392],[-20,15,59123],[-5,35,59123],[-26,37,0],[-1,40,0]],[[10608,35656,0],[-7,-13,0],[10,-4,61710],[61,9,40369],[7,10,40369],[25,-2,0],[33,6,0]],[[10246,35510,0],[-25,13,0],[24,28,44418],[0,13,47327],[25,28,95384],[-22,10,44258],[4,13,95384],[45,14,35862],[7,7,208177],[-25,64,93711],[18,14,0]],[[10297,35714,0],[-1,0,0]],[[10240,35366,0],[8,6,0],[21,23,74107],[12,34,40742],[-1,22,0],[-3,4,0]],[[10882,35610,0],[1,-1,0],[2,-48,64840],[17,-102,0],[7,-23,0]],[[7726,34397,0],[19,0,0]],[[7745,34397,0],[-2,-12,0],[27,2,0],[2,-15,0]],[[7772,34372,0],[-4,-3,0]],[[14308,38316,0],[3,1,0]],[[14686,37952,0],[-5,-3,0]],[[14681,37949,0],[4,11,0],[-14,31,64882],[-27,13,35090],[-6,11,117122],[2,33,50933],[-11,27,369429],[-29,14,39140],[-5,12,39140],[-32,20,56241],[-11,-1,36356],[-3,20,56241],[-38,15,97512],[-27,37,97512],[-20,6,30660],[-31,2,185488],[-13,18,41731],[-2,24,89378],[-21,13,41316],[0,13,51461],[-26,12,129669],[-14,-16,47239],[-23,2,101762],[-32,33,59508],[12,8,0],[-6,9,0]],[[15288,38240,0],[2,0,0]],[[15290,38240,0],[17,-16,0],[35,-24,100744],[-2,-22,31182],[4,-28,357492],[-11,-13,41449],[-45,-27,169840],[-27,-30,38716],[-2,-12,38716],[-26,-31,32416],[-7,-16,51762],[-18,-13,51762],[-15,-34,35536],[-12,-12,56396],[13,-6,56396],[-35,-27,402165],[36,-15,96099],[0,-28,61870],[23,-9,46302],[1,-16,0],[28,-12,0]],[[15207,37953,0],[5,10,36034],[19,-8,46943],[-17,-17,46943],[-7,15,0]],[[14134,38633,0],[2,2,0]],[[14308,38316,0],[-44,63,0],[-2,25,69710],[-25,16,54939],[-10,27,182836],[-37,11,63908],[-18,-4,32893],[-13,7,36320],[-22,-5,223736],[12,39,81764],[-11,9,32936],[-17,-4,81764],[-1,16,38805],[-18,5,38805],[10,12,45871],[-16,15,371575],[30,21,33241],[39,35,82377],[-1,16,0],[-30,13,0]],[[14039,38492,0],[12,8,30515],[-2,12,61765],[24,13,41901],[12,-6,61765],[-18,-12,31554],[-2,-11,54645],[-24,-10,31163],[-2,6,0]],[[14802,37267,0],[-3,-2,0]],[[14799,37265,0],[-8,11,0],[-21,77,151009],[-37,15,77091],[-13,24,31489],[1,9,52396],[-16,7,327132],[21,37,56178],[11,45,244907],[-8,20,37445],[-14,59,45888],[-13,25,45888],[3,23,107587],[-26,41,673115],[34,34,42212],[29,37,162263],[21,-6,66509],[32,26,66509],[12,-5,32575],[22,7,105192],[18,26,0],[20,4,0]],[[14867,37781,0],[2,-2,0]],[[15360,36937,0],[-3,-2,0]],[[15357,36935,0],[-1,8,31868],[-22,18,56779],[2,21,70951],[-34,39,354228],[-78,21,75185],[-52,1,46735],[-30,8,75185],[9,19,47492],[-15,11,75185],[-29,-17,130174],[-45,1,37706],[-19,-5,37706],[-20,8,417293],[0,12,33057],[-15,9,33057],[-17,24,84968],[-38,26,46884],[-28,28,144147],[-23,2,45704],[-55,21,134027],[-19,21,42484],[-9,27,0],[-20,27,0]],[[15247,37849,0],[15,-6,0],[33,-25,85509],[17,-49,66935],[22,-19,156909],[13,-47,46110],[-2,-27,46110],[13,-16,457087],[-27,-19,124780],[-59,-87,67061],[-4,-18,55226],[-44,-65,369748],[0,-19,32588],[-12,-14,32588],[10,-4,93227],[13,21,41271],[30,28,117983],[14,-2,58470],[-16,-40,73434],[-40,-40,73434],[49,26,179943],[41,78,186593],[63,32,132769],[-3,32,45134],[12,-7,57756],[28,17,57756],[19,29,50608],[27,20,369748],[26,-2,89871],[17,-14,36097],[36,-42,89871],[26,-13,44944],[50,-38,44944],[15,-5,0]],[[14050,38847,0],[1,0,0]],[[14110,38699,0],[0,-1,0]],[[14110,38698,0],[-11,-8,0]],[[14099,38690,0],[-2,0,0]],[[14086,38679,0],[-1,-1,0]],[[14085,38678,0],[-9,5,0],[-3,15,53892],[-30,-15,104868],[5,25,52366],[25,20,39712],[1,12,148285],[-30,12,47971],[-16,-8,47971],[-20,13,213821],[-8,25,59341],[23,2,59341],[14,19,32516],[23,18,101224],[-17,13,0],[7,13,0]],[[13928,38869,0],[14,15,41294],[-3,-25,41294],[-11,10,0]],[[14927,38506,0],[-2,-1,0]],[[14409,38777,0],[0,2,0]],[[14409,38779,0],[5,5,0],[74,25,107840],[1,11,43553],[30,-11,43553],[17,8,56424],[35,-6,310583],[3,-22,79959],[30,10,58850],[21,-13,156448],[-22,-18,46516],[10,-9,60557],[2,-46,337427],[26,0,49970],[-6,-16,49970],[8,-12,31228],[22,-11,34850],[11,-15,46355],[23,-12,163528],[33,6,43091],[33,-3,259899],[13,-25,47834],[22,-16,41896],[16,-24,89461],[-6,-20,61609],[23,-28,186666],[22,0,39939],[6,-12,39939],[38,-9,0],[28,-10,0]],[[14406,38799,0],[0,1,0]],[[14592,38918,0],[3,0,0]],[[14595,38918,0],[-3,-21,0],[5,-14,39768],[-10,-29,39768],[2,-29,274843],[-15,-5,35514],[-4,13,71414],[-31,-5,39567],[-33,-14,97264],[-26,16,146885],[-40,-13,36170],[-33,-17,0],[-1,-1,0]],[[13892,38776,0],[-2,-4,0]],[[13859,38429,0],[-15,-9,0],[-52,-16,66822],[-2,-8,32262],[-27,-15,127355],[-27,6,37439],[-32,-1,531636],[10,24,85923],[37,6,35915],[31,-7,35915],[2,6,85923],[-42,15,98535],[4,39,52218],[-13,16,52218],[24,7,253746],[-13,12,37301],[3,15,42788],[-17,16,138347],[28,8,48988],[16,18,91876],[-9,15,41935],[-22,0,91876],[4,34,62723],[-17,14,57556],[3,30,448703],[36,18,45573],[-2,11,45573],[32,15,118828],[-6,16,63046],[6,15,32155],[21,21,118828],[13,0,42301],[42,23,0],[17,3,0]],[[13672,38571,0],[2,15,37444],[16,-3,37444],[-7,-18,37133],[-11,6,0]],[[14406,38799,0],[-4,-8,0],[-60,-49,84378],[30,-7,71733],[25,10,52239],[-8,15,0],[20,19,0]],[[14134,38633,0],[-7,3,0],[-11,19,59548],[13,32,0],[-19,11,0]],[[14099,38690,0],[-2,-1,0],[17,-4,43124],[0,-16,31678],[-9,-14,39024],[-5,14,0],[-15,9,0]],[[14927,38506,0],[33,-12,0],[49,-10,127241],[4,-12,55123],[21,-14,31538],[19,-19,42644],[10,-2,36412],[10,-23,257441],[-15,-17,50255],[5,-21,88244],[-20,-20,41284],[-23,-10,88244],[-7,-36,257441],[6,-4,35698],[37,8,99858],[-7,-37,59229],[16,-2,191930],[60,58,39097],[16,11,257441],[8,-15,68932],[14,-2,31974],[25,-17,43543],[26,-5,68932],[11,-12,32053],[31,-19,0],[34,-34,0]],[[14873,37825,0],[-2,-3,0]],[[14871,37822,0],[-7,7,0],[-22,3,57389],[-39,-21,80384],[-84,-3,72684],[-33,-12,396953],[7,20,30986],[18,22,30986],[2,11,160122],[-24,24,94114],[5,20,57570],[-5,32,37669],[-10,20,0],[2,4,0]],[[14867,37781,0],[14,15,50460],[-7,23,0],[-3,3,0]],[[14051,39085,0],[49,-11,0]],[[14050,38847,0],[1,1,0],[-14,12,31832],[-5,16,101184],[35,43,116700],[-2,13,46188],[-22,-5,33757],[-6,7,116700],[15,21,65417],[-21,19,65417],[8,28,89911],[-16,9,38302],[-4,19,184998],[14,13,43306],[-10,12,50482],[20,17,0],[8,13,0]],[[13892,38776,0],[14,4,0],[15,-8,32355],[18,2,35007],[11,-9,56299],[49,-4,112562],[15,-27,307382],[-9,-21,31596],[-11,-6,50064],[6,-13,67170],[-25,-19,80368],[-6,-19,37411],[6,-25,80368],[-26,-19,399545],[20,3,37114],[12,-11,50754],[11,10,31211],[14,-2,78157],[8,-19,181182],[7,20,40328],[30,40,56829],[18,15,181182],[15,-6,42215],[-2,-20,50229],[20,-7,35353],[8,-13,673878],[-17,-10,39405],[-5,-19,56199],[16,-4,43565],[-22,-15,43565],[-4,-21,144308],[-40,-19,42942],[-23,-4,145500],[-9,-24,57881],[-36,-35,75199],[-2,-24,304204],[-32,-4,35539],[-13,5,65749],[-59,-17,0],[-5,-2,0]],[[14102,38574,0],[18,11,35460],[-5,-15,35460],[-13,4,0]],[[14491,39239,0],[1,2,0]],[[14492,39241,0],[29,-7,0],[13,11,100185],[3,-57,67046],[15,-14,67046],[-3,-49,221458],[18,3,31608],[3,-9,36847],[28,8,36847],[-4,-9,99982],[19,-31,43718],[0,-16,87514],[27,1,375822],[-30,-35,61412],[2,-20,137822],[18,2,35947],[19,-10,78496],[3,-30,182718],[-16,-17,35423],[-40,-32,0],[-1,-12,0]],[[14051,39085,0],[5,7,0],[5,22,189785],[35,14,33263],[5,7,34438],[39,15,71551],[21,21,83388],[55,22,31396],[15,3,83388],[33,29,143698],[17,-2,48287],[51,17,90152],[49,32,398241],[33,2,39690],[20,-6,51106],[27,6,122187],[-2,-13,43754],[23,-18,0],[10,-2,0]],[[13965,39112,0],[1,19,64159],[36,36,83092],[-13,13,31762],[6,8,153602],[64,29,203941],[-1,-24,51133],[-19,-25,99964],[27,-19,203941],[-41,-22,63423],[-60,-15,0]],[[14082,39168,0],[1,9,32988],[24,15,81461],[20,1,35371],[8,11,35371],[27,13,31882],[24,4,81461],[23,13,34278],[-4,6,40098],[24,8,31639],[6,9,154191],[24,3,49529],[-6,-18,120222],[-40,-23,43915],[-20,-18,56101],[-36,-16,154191],[-43,-6,39576],[-32,-11,0]],[[14268,39251,0],[20,20,40329],[3,-11,40329],[-23,-9,0]],[[14451,39290,0],[24,-1,33215],[-5,-7,33215],[-19,8,0]],[[17145,39945,0],[0,1,0]],[[17145,39945,0],[-6,1,26224],[-21,-19,33692],[-24,-9,102590],[-72,-3,166125],[-115,-18,57499],[-64,-4,57499],[-38,-11,93754],[-73,-3,53151],[-42,-8,278136],[-11,6,42123],[-53,-1,66476],[-22,14,105744],[24,17,33297],[7,13,82882],[-13,15,32076],[1,-15,32076],[-32,-5,278136],[-61,-43,99587],[-50,-23,53209],[-32,-6,1362336],[-29,16,54573],[-18,-9,88721],[-21,14,42231],[-29,4,47703],[-48,25,517211],[25,18,48777],[17,28,223735],[-5,26,64114],[-23,21,51356],[-6,-15,118744],[-66,-36,118744],[11,21,45590],[24,13,62283],[-6,25,62283],[26,8,118744],[-11,10,34705],[-36,14,33706],[-7,8,223735],[-2,30,38377],[-20,3,38377],[19,10,53092],[0,22,30697],[8,15,219441],[-14,18,58021],[-47,16,128477],[18,19,40289],[1,17,135886],[-17,18,57512],[-34,12,33649],[-7,14,33649],[-13,-2,187681],[-10,21,66769],[30,12,0],[1,1,0]],[[16159,40260,0],[5,1,0]],[[14413,40147,0],[1,-1,0]],[[14002,39859,0],[-1,0,0]],[[14001,39859,0],[40,22,0],[59,21,120197],[-2,10,39827],[-28,4,65705],[-38,-15,65705],[-7,17,194258],[38,12,35818],[34,4,41836],[28,11,62381],[27,-7,62381],[34,17,262962],[35,5,39675],[10,-7,102847],[23,29,60197],[-13,11,129205],[16,22,33518],[26,24,53479],[8,19,69994],[33,18,69994],[-10,2,31575],[0,18,159846],[16,14,40545],[53,28,0],[30,9,0]],[[14001,39860,0],[-4,3,0]],[[13981,39876,0],[36,9,0],[-17,-17,0],[1,-8,0]],[[13975,39881,0],[-9,7,0]],[[13958,39894,0],[-1,1,0]],[[13957,39895,0],[1,2,0],[18,-15,0],[-1,-1,0]],[[13925,39921,0],[32,14,39675],[1,-8,39675],[-31,-12,34754],[-2,6,0]],[[13961,39968,0],[32,9,42520],[-26,-17,42520],[-6,8,0]],[[13970,39927,0],[4,7,62745],[109,35,77440],[11,14,167829],[50,15,40298],[-9,-8,43589],[48,-1,30895],[18,3,167829],[-6,-23,71603],[-25,-9,42914],[-13,8,88607],[-44,-14,31150],[-47,-11,63432],[-42,-19,157100],[-49,-7,53794],[-5,10,0]],[[13980,39902,0],[17,6,38895],[-16,-21,38895],[-1,15,0]],[[14040,39989,0],[70,29,87790],[-26,-21,41027],[6,-6,87790],[-36,-12,56245],[-14,10,0]],[[14201,39975,0],[5,6,33266],[32,0,39271],[-8,-8,39271],[-29,2,0]],[[16487,40862,0],[0,1,0]],[[16046,41279,0],[-2,2,0]],[[16044,41281,0],[28,11,0],[54,13,44968],[36,2,91475],[30,22,79022],[37,2,37575],[24,8,355341],[29,-24,81119],[1,-27,58096],[23,-30,289408],[12,-4,38733],[35,9,95489],[12,23,60016],[35,16,182220],[3,-21,40724],[15,-8,30511],[1,-11,118202],[28,10,31239],[27,3,629526],[-5,-40,67501],[19,-10,67501],[-2,-17,35761],[11,-13,35761],[6,-29,72592],[25,-16,72592],[-5,-32,339034],[11,-16,38639],[18,-2,91153],[24,15,31271],[-6,-10,31271],[34,11,93547],[12,-12,39153],[16,7,39153],[8,-13,33759],[16,-2,987926],[-24,-21,58487],[9,-17,58487],[-26,-17,207408],[3,-16,32388],[11,-2,32447],[11,-27,81223],[-13,-12,36325],[3,-16,138800],[21,-10,61635],[42,9,138800],[4,-17,72112],[-41,-35,414801],[-35,-17,36785],[-26,-6,36785],[-45,-20,92806],[-38,-7,46990],[-17,-20,46990],[-4,18,0],[-4,-1,0]],[[16693,41080,0],[-3,1,0]],[[16690,41081,0],[4,14,0],[-21,18,60078],[9,9,37487],[-16,10,37487],[2,15,142891],[-16,12,30744],[-18,3,71060],[-16,23,33626],[-23,21,92529],[-25,0,311129],[-11,19,38610],[3,19,57822],[-11,8,35185],[2,18,35919],[-13,10,86434],[8,25,37269],[-5,12,149465],[-31,-1,46610],[-25,12,64425],[16,10,124676],[-9,48,47424],[8,14,47424],[-16,4,32197],[-3,13,952583],[18,18,45143],[1,21,94517],[36,25,36347],[20,7,201274],[79,8,98564],[57,27,245963],[23,-13,33299],[28,-6,69771],[-7,-15,46238],[21,-6,245963],[35,8,64702],[20,26,114048],[-14,11,33512],[6,12,33026],[-12,6,140133],[28,21,30291],[19,8,59591],[25,3,0]],[[16866,41577,0],[0,1,0]],[[16734,40890,0],[-2,2,0]],[[16732,40892,0],[45,13,0],[-4,-11,44901],[46,34,44901],[9,-9,44395],[21,18,87763],[5,-16,131673],[9,13,30496],[16,6,30496],[21,19,44381],[3,15,44381],[22,1,431161],[55,18,84218],[61,4,35769],[36,6,127406],[22,-11,42177],[33,-2,89605],[29,11,30403],[22,3,247208],[-5,13,37909],[11,16,66365],[-24,10,247208],[-13,-13,41945],[-14,9,41945],[-21,-5,35242],[-23,5,54589],[-33,-2,31425],[-41,-9,88211],[-28,-16,81925],[-29,1,33904],[-14,-7,42165],[-38,2,160530],[-23,-7,33269],[-8,-10,33315],[-25,-8,247208],[-17,4,37372],[-3,15,72278],[-51,5,88929],[9,10,32733],[-9,10,131416],[-112,-22,107324],[37,25,192703],[-7,41,49294],[-12,9,0],[0,1,0]],[[16710,40958,0],[13,21,57398],[18,-13,57398],[-27,-13,32015],[-4,5,0]],[[15193,40612,0],[15,16,54245],[20,3,35660],[4,-10,54245],[-39,-9,0]],[[15220,40607,0],[19,12,34381],[6,-8,34381],[-25,-4,0]],[[15256,40670,0],[30,16,52735],[6,-13,52735],[-27,-7,32286],[-9,4,0]],[[15301,40690,0],[20,15,46024],[42,14,125952],[1,-11,36057],[22,-2,36057],[-4,-10,90230],[-37,-30,125952],[-13,5,38866],[-1,21,67040],[-30,-2,0]],[[15432,40723,0],[14,38,77218],[37,27,97987],[-8,21,97987],[20,16,44531],[23,2,72266],[3,20,36765],[13,7,396642],[24,-14,53091],[12,13,66691],[19,-22,229939],[-3,41,32576],[5,6,112480],[26,-22,32480],[19,-10,112480],[5,18,39837],[-9,25,99264],[39,24,75860],[30,-8,99264],[-31,-32,102910],[68,18,61430],[22,23,61430],[27,-2,0],[9,-28,41425],[1,-37,163769],[57,-12,46020],[19,2,125116],[3,-36,323488],[-20,-25,36559],[-22,-15,75904],[18,-7,41519],[-1,-16,75904],[-30,-11,47906],[-12,9,75904],[-20,-29,0],[-19,-1,31359],[-14,-10,41866],[-31,0,51960],[-6,10,51960],[-37,-16,53969],[-28,2,53969],[-19,-13,43625],[-30,-2,111978],[3,11,37681],[-31,-9,37681],[37,19,37681],[-6,8,106733],[-30,-10,31175],[-41,-18,291120],[-35,-2,57817],[23,18,77038],[-44,0,32042],[6,7,32042],[-30,-2,90671],[11,13,36469],[-7,13,66280],[-29,-2,0]],[[15622,40920,0],[16,13,37100],[13,-5,37100],[-29,-8,0]],[[15390,40364,0],[0,-1,0]],[[15180,39994,0],[-3,-4,0]],[[15177,39990,0],[-31,28,0],[-14,-14,41793],[-3,19,41793],[-12,0,33452],[-24,15,67198],[-13,20,210453],[0,15,32572],[12,9,32572],[9,24,144800],[-31,49,54554],[-9,30,463165],[22,4,35719],[1,11,36296],[35,19,32196],[24,9,226348],[7,11,30567],[30,24,75159],[-34,-5,75491],[0,6,30983],[-25,13,38817],[-5,14,93702],[-24,-4,68403],[9,17,37491],[18,5,40777],[6,17,302258],[-12,21,39168],[-25,-3,39168],[10,12,68933],[-27,-1,68933],[-6,16,40410],[-21,7,33110],[-5,11,66699],[25,24,66699],[-47,-14,302258],[-11,6,46323],[22,21,71029],[40,18,55713],[-7,-16,72055],[29,12,31895],[7,-3,49748],[33,13,30934],[12,10,790521],[17,1,30468],[2,-9,47009],[28,9,47009],[-7,-16,48043],[15,-7,32009],[2,-13,48043],[26,-6,157978],[-8,-24,60076],[27,1,60148],[-2,-15,33523],[11,-6,37536],[-2,-20,295595],[15,-4,59864],[37,31,85138],[18,-7,61136],[-14,-16,31446],[-18,-8,85138],[-4,-13,32443],[14,-2,52615],[25,12,64189],[11,-22,64189],[12,11,32245],[4,20,64189],[20,7,31744],[15,-3,0],[4,3,0]],[[14981,40330,0],[10,17,33965],[16,7,87240],[30,-23,87240],[-16,-9,34978],[-30,-4,62383],[-10,12,0]],[[15053,40457,0],[12,13,49860],[58,29,52385],[-11,-14,52385],[-48,-27,37245],[-11,-1,0]],[[15090,40457,0],[16,13,34798],[8,-6,34798],[-24,-7,0]],[[15131,40479,0],[22,15,40760],[4,-10,40760],[-19,-13,36991],[-7,8,0]],[[15353,40369,0],[17,21,39850],[24,15,69118],[1,-17,44955],[-13,-4,32257],[-7,-15,69118],[-22,0,0]],[[14597,39591,0],[0,1,0]],[[14762,39834,0],[6,1,0]],[[14768,39835,0],[3,-2,0],[-7,-22,58406],[15,-37,118582],[-18,-21,52509],[9,-16,52509],[-15,-25,44104],[8,-10,44104],[-7,-58,362628],[25,-2,38184],[7,9,78806],[27,-22,39148],[14,-2,118800],[-14,-22,32282],[-11,-6,210188],[-52,3,34091],[-16,-9,34091],[-4,11,86695],[-42,-15,105366],[-18,9,45052],[-34,-3,34472],[-5,5,0],[-36,-9,0]],[[14413,40147,0],[33,10,0],[46,22,35174],[19,14,85989],[11,-4,30897],[-5,-13,85989],[25,3,44139],[43,22,43623],[12,-1,585094],[-16,-29,94700],[-14,-10,31595],[37,14,49157],[15,-2,31156],[11,-12,94700],[1,-40,91238],[36,-44,150300],[-12,-28,85640],[9,-4,32619],[3,-22,32938],[10,-8,49940],[1,-21,150300],[10,-6,33546],[18,8,83031],[23,-40,243959],[1,-11,31840],[-13,-34,105638],[33,-15,95303],[-12,-13,50311],[13,-17,43461],[-8,-14,0],[25,-17,0]],[[15535,40161,0],[-2,0,0]],[[15390,40364,0],[24,22,0],[4,12,35611],[19,1,49745],[-7,14,49745],[19,25,34666],[12,4,190678],[27,-15,33564],[-1,22,33564],[9,-2,33564],[0,-20,80684],[28,-43,351135],[4,-22,31469],[-4,-18,54394],[12,-12,54394],[6,-43,44906],[11,-22,123189],[3,-32,41744],[-9,-19,41744],[4,-27,0],[-16,-28,0]],[[15670,40500,0],[1,-2,0]],[[15593,40176,0],[-2,0,0]],[[15591,40176,0],[-8,10,0],[-11,2,31387],[-9,18,64110],[10,23,55928],[-15,18,168161],[25,34,81277],[-15,25,101000],[31,16,38388],[3,9,268177],[-44,10,79916],[-2,25,65237],[-30,7,181019],[8,17,31759],[15,10,67050],[36,9,151488],[-22,15,63650],[-25,-14,51252],[-15,9,96265],[9,24,469149],[26,24,38329],[44,30,61734],[12,-2,35358],[18,16,147470],[12,-10,34715],[25,-3,0],[1,2,0]],[[15255,40487,0],[16,19,39228],[7,-9,39228],[-23,-10,0]],[[15296,40532,0],[28,18,44157],[-16,-22,44157],[-12,4,0]],[[15325,40487,0],[53,34,60365],[-1,-13,60365],[-20,-14,32526],[-28,-12,46641],[-4,5,0]],[[15334,40456,0],[17,-6,35190],[-10,-9,35190],[-7,15,0]],[[15366,40460,0],[20,11,38945],[-18,3,69895],[39,32,46134],[28,13,129932],[9,-12,60674],[-21,-41,129932],[-32,2,39371],[-25,-8,0]],[[15406,40523,0],[21,19,43257],[5,-11,43257],[-26,-8,0]],[[15670,40500,0],[14,19,0],[17,5,31696],[21,16,35748],[25,8,169713],[18,-4,65817],[10,-27,32996],[-1,-16,112218],[23,6,36744],[22,-4,532587],[2,-30,42784],[12,-18,77745],[-24,-18,77745],[38,-15,77745],[21,-70,142571],[9,-8,47163],[-2,-40,47163],[10,-34,45728],[-2,-13,30947],[7,-43,274021],[15,-9,32748],[6,-15,58733],[38,-16,126112],[13,-31,48626],[-5,-20,556365],[60,-7,100473],[-2,13,45859],[25,13,159812],[19,-9,39862],[23,-27,80103],[21,5,31254],[10,-6,556365],[12,-47,75142],[-17,-31,60493],[19,-2,60493],[2,-30,37333],[8,-10,57929],[-7,-33,261891],[24,3,46841],[5,-11,30638],[17,-2,71843],[26,13,117693],[5,-25,43750],[18,-3,43750],[-16,-16,79985],[-6,10,33922],[-21,0,165216],[3,-32,54152],[16,-7,67380],[5,-52,99866],[18,-12,35021],[8,-17,261891],[-27,-31,40656],[-21,-14,0],[-11,-5,0]],[[16173,39751,0],[-1,2,0]],[[16253,39781,0],[22,17,38573],[1,-11,38573],[-23,-6,0]],[[16480,40795,0],[1,4,0]],[[16481,40799,0],[11,-1,0],[25,-6,83580],[16,10,36871],[-10,8,36871],[19,25,83580],[36,13,34094],[32,17,159224],[46,8,66852],[29,-12,108627],[26,25,0],[21,6,0]],[[14650,40229,0],[19,11,33664],[-3,-12,33664],[-16,1,0]],[[14676,40203,0],[35,23,30680],[8,0,114605],[32,32,50839],[-19,-5,56702],[-7,26,101423],[36,22,391335],[37,-15,64552],[31,7,64552],[15,-5,32958],[5,-14,115491],[-24,-18,115491],[-25,-4,34313],[10,-7,34313],[22,5,34313],[28,-6,49381],[17,-18,94116],[11,-26,33021],[-13,-10,32034],[11,-5,94116],[34,5,47695],[5,-11,391335],[-16,-15,32312],[-14,-3,32312],[-19,-18,61226],[-2,-16,61226],[-41,-14,156926],[7,15,33405],[-12,2,76850],[-56,-14,335876],[-15,8,58133],[19,12,33429],[6,14,97914],[-12,8,41224],[-35,-2,97914],[-37,40,59342],[-22,7,0]],[[14690,40298,0],[30,20,53592],[10,-10,53592],[-40,-10,0]],[[14713,40029,0],[18,15,34350],[17,3,34350],[52,27,64276],[-1,11,34959],[18,6,64276],[78,38,196946],[29,1,30861],[13,6,38611],[16,-6,38611],[23,7,957933],[6,-23,39856],[16,-17,70861],[1,-41,98207],[30,-34,68634],[-2,-14,34460],[13,-25,279994],[30,-17,77127],[1,-15,33452],[14,-5,40303],[2,-20,54336],[19,-16,148143],[30,8,41837],[20,-6,279994],[28,-38,53835],[32,-24,53835],[10,-23,75925],[23,0,75925],[6,-43,89074],[15,-1,43603],[2,-19,40598],[15,-2,89074],[-4,-26,67446],[15,-8,39282],[-2,-16,34105],[12,-7,222113],[-7,-21,41483],[17,-1,41483],[-22,-16,0],[-46,0,49886],[-22,-9,84967],[-38,1,34319],[-23,6,73910],[-75,-6,207129],[-45,-21,50109],[-25,3,50109],[-16,-15,137314],[-28,-8,38829],[-6,8,55716],[-75,-17,69779],[-24,5,0],[-24,28,51298],[-32,19,157087],[14,20,56162],[-7,18,43540],[10,23,157087],[-14,12,46906],[4,25,47971],[-14,35,33259],[-7,4,123915],[-12,48,51749],[4,23,51749],[-14,34,50816],[1,31,279819],[35,10,90491],[5,21,55192],[-21,15,107141],[-18,-12,44052],[-30,-1,107141],[-8,20,45065],[-23,16,54605],[-9,26,0]],[[14738,40318,0],[32,16,76666],[46,-7,110956],[-3,-27,110956],[-42,5,44320],[7,9,33908],[-26,-4,33908],[-14,8,0]],[[14890,40214,0],[9,15,46058],[18,-4,37891],[-3,-13,46058],[-24,2,0]],[[14968,40231,0],[3,9,39985],[27,9,31529],[6,-4,58750],[-17,-23,58750],[-16,-4,36005],[-3,13,0]],[[15008,40164,0],[22,10,32825],[-2,-9,32825],[-20,-1,0]],[[15013,40130,0],[28,23,119882],[15,0,40449],[4,-19,40449],[28,-16,56304],[2,-13,119882],[-48,-1,87511],[-29,26,0]],[[15535,39644,0],[0,-2,0]],[[15535,39642,0],[-43,7,0],[-22,-6,42190],[-44,2,98295],[-13,16,44830],[-28,7,419733],[3,12,40707],[-16,23,45472],[-7,28,32718],[1,21,153490],[-28,42,63575],[-10,4,37578],[9,21,37578],[-20,-19,122569],[-13,43,33099],[-11,6,33099],[10,12,61013],[-16,22,273625],[-16,4,35292],[-20,19,34534],[-15,3,120984],[-6,21,45944],[-21,9,45944],[-18,26,31697],[-13,9,71920],[2,13,0],[-3,3,0]],[[16173,39751,0],[-28,-11,0],[-18,-12,45247],[-80,-37,80521],[-31,-2,80521],[-13,-19,40975],[-19,-6,34515],[-9,-13,162710],[-16,0,45786],[-43,-20,45786],[-10,3,41573],[-41,-15,513342],[-53,22,49520],[-40,9,97038],[2,18,75779],[-13,8,37103],[-23,-2,39490],[-18,10,322279],[-13,-8,34268],[-26,-32,36080],[-20,-14,202675],[-67,11,60784],[-53,0,0],[-6,1,0]],[[14001,39860,0],[0,-1,0]],[[14597,39591,0],[-38,-9,0],[-67,-48,108193],[-12,0,36062],[-38,-16,33397],[-17,-1,421574],[-38,12,60580],[-30,-3,34713],[3,7,34713],[-32,-2,188999],[-25,-15,43595],[-47,-15,114265],[8,14,55102],[-34,6,114265],[-43,-3,40373],[-77,1,147605],[-35,9,68536],[-7,-9,32540],[-16,4,45345],[41,24,147605],[-96,-22,48866],[-27,-2,1098545],[6,19,40098],[-15,-2,40098],[-13,22,104910],[18,11,41519],[35,5,67565],[35,-4,104910],[-9,11,35737],[9,13,104910],[-39,-2,48644],[-23,-12,32989],[-18,-1,104910],[-5,12,36672],[14,13,68517],[-32,3,68517],[4,8,37644],[-17,35,239775],[-54,41,55615],[16,18,48713],[-24,-1,55615],[-42,19,569005],[-10,11,34227],[20,-2,34227],[5,17,65474],[45,8,33510],[29,0,33510],[9,7,65474],[-53,-1,36118],[-25,-5,65474],[-8,10,94438],[30,23,35110],[15,20,183337],[37,20,30964],[26,7,30964],[7,8,41475],[33,12,41475],[0,9,0],[5,1,0]],[[13975,39881,0],[-26,-18,0],[-44,-8,52313],[7,9,38283],[35,9,0],[10,22,0]],[[13501,39707,0],[11,10,33272],[12,-7,33272],[-23,-3,0]],[[13510,39766,0],[44,9,75137],[-5,-10,35825],[-31,-20,75137],[2,15,31401],[-10,6,0]],[[13559,39737,0],[43,3,42559],[23,9,98505],[22,-9,31812],[14,4,31812],[1,-13,144542],[-21,-15,33400],[-29,-12,79561],[-28,5,40335],[-17,-8,144542],[-8,36,0]],[[13585,39641,0],[32,7,44425],[-8,-12,44425],[-24,5,0]],[[13594,39653,0],[31,26,56343],[19,-1,68287],[-11,-19,32788],[-15,-10,68287],[-24,4,0]],[[13609,39818,0],[16,9,41975],[31,2,30823],[-5,-6,41975],[-42,-5,0]],[[13619,39840,0],[3,6,30953],[36,6,51447],[2,-11,51447],[-41,-1,0]],[[13643,39663,0],[28,18,51459],[2,-15,51459],[-30,-3,0]],[[13656,39644,0],[17,9,32917],[3,-9,32917],[-17,-9,31647],[-3,9,0]],[[13663,39758,0],[23,9,42842],[-9,-17,42842],[-14,8,0]],[[13670,39627,0],[17,4,33310],[6,-10,33310],[-23,6,0]],[[13679,39670,0],[17,23,59401],[18,-10,61198],[-19,-26,61198],[-16,13,0]],[[13690,39645,0],[13,7,38408],[33,34,140252],[19,-3,46675],[10,-28,46675],[7,17,100199],[19,-1,31131],[4,9,31131],[35,17,340950],[25,-15,85609],[15,-32,47033],[20,-20,40390],[-1,-12,30845],[13,-15,107151],[28,15,63035],[4,-22,65463],[-36,-15,340950],[-21,1,31353],[-30,-6,33924],[-13,4,33924],[-34,-5,114764],[-5,13,41064],[18,11,114764],[-36,-5,60337],[-8,16,60337],[-47,-6,55841],[12,13,55841],[-38,11,102805],[-6,17,0]],[[13707,39707,0],[5,7,32434],[18,-9,50301],[-1,-19,50301],[-18,5,38261],[-4,16,0]],[[13724,39714,0],[9,10,45181],[28,-8,61827],[-18,-19,61827],[-19,17,0]],[[13742,39591,0],[29,11,45357],[0,-12,45357],[-29,1,0]],[[13767,39694,0],[24,14,47697],[-9,16,47697],[21,6,99361],[18,-28,99361],[-10,-8,44897],[-43,-4,30683],[-1,4,0]],[[13777,39835,0],[17,1,31240],[-12,-11,31240],[-5,10,0]],[[13821,39798,0],[22,3,33399],[-10,-10,33399],[-12,7,0]],[[13824,39833,0],[7,13,45077],[30,6,52533],[3,-12,33525],[-15,-7,52533],[-25,0,0]],[[13828,39892,0],[51,21,69040],[28,2,51395],[-1,-7,30808],[-26,-11,69040],[-50,-11,45219],[-2,6,0]],[[13860,39938,0],[31,12,31601],[-8,-9,31601],[-23,-3,0]],[[13891,39550,0],[16,6,54452],[16,-24,54452],[-25,2,46137],[-7,16,0]],[[13909,39487,0],[32,8,67058],[10,-18,39191],[-10,-7,67058],[-32,17,0]],[[13949,39493,0],[9,15,35741],[20,9,75513],[16,-14,43894],[-8,-14,75513],[-28,-4,39462],[-9,8,0]],[[13980,39450,0],[29,16,75488],[17,-5,48469],[4,-16,31879],[-9,-6,75488],[-32,2,40232],[-9,9,0]],[[14101,39492,0],[24,18,35173],[2,-8,35173],[-26,-10,0]],[[16159,40260,0],[1,13,0],[-13,18,32511],[-19,11,54851],[3,14,143967],[-36,11,55745],[-31,-4,42203],[-25,6,306289],[-5,31,76592],[7,14,36743],[16,-1,51535],[8,23,76592],[-29,0,80690],[6,34,55082],[-19,3,55082],[5,12,35542],[23,12,339459],[-24,2,38706],[-16,12,42697],[-3,21,42697],[-13,-9,63065],[1,-27,36673],[-8,-3,63065],[-4,28,40140],[-11,8,95554],[-39,-6,57079],[-23,11,339459],[27,11,54910],[-20,11,54910],[5,34,63485],[17,7,63485],[2,21,34550],[-10,5,34550],[10,16,269733],[22,4,41942],[4,-14,41942],[26,0,52080],[0,-13,52080],[35,-1,124929],[8,14,39518],[24,8,0],[-1,36,0]],[[15864,40484,0],[44,-2,53659],[-39,-9,53659],[-5,11,0]],[[15888,40384,0],[41,24,103175],[-15,24,35366],[-19,-2,35366],[9,13,93654],[18,-2,42302],[15,17,170377],[21,-2,47142],[9,-18,70224],[-22,-11,35881],[-4,-12,70224],[26,7,45517],[5,-13,170377],[-23,-8,36548],[1,-9,36548],[-32,-23,107695],[-30,15,0]],[[15891,40295,0],[0,13,57556],[45,38,79773],[-13,0,31957],[0,14,79773],[20,16,44203],[34,11,352123],[16,-9,45653],[-13,-15,45653],[15,-9,45653],[20,-43,159454],[-27,-44,101686],[14,-45,172394],[12,-4,30928],[-2,-12,30928],[13,-3,30928],[34,-30,172394],[-5,-12,43490],[-36,-25,96658],[-32,11,352123],[-23,45,32538],[-17,27,43242],[-15,9,43242],[1,20,97616],[-29,21,54791],[-12,26,0]],[[15535,40161,0],[-9,-15,0],[8,-44,47868],[11,-12,83710],[-12,-32,91798],[13,-18,51026],[9,-48,262089],[12,-10,48098],[25,12,122503],[23,-18,49939],[-20,35,49939],[17,21,42729],[-1,15,38607],[16,20,227606],[1,31,71126],[-15,8,38012],[6,14,38012],[-19,31,35489],[0,12,0],[-9,13,0]],[[16060,40633,0],[-15,6,50559],[25,20,86076],[-52,1,80522],[11,22,366366],[19,10,40376],[2,-14,40376],[20,9,50080],[23,-7,115908],[24,35,115908],[39,18,56675],[60,13,89924],[24,-6,124095],[50,13,58669],[15,0,31671],[3,11,31671],[41,17,60997],[43,5,60997],[39,19,0],[50,-6,0]],[[15888,40711,0],[27,15,45942],[13,-2,35826],[-17,-14,45942],[-23,1,0]],[[15907,40755,0],[14,17,58644],[18,4,37665],[10,-11,58644],[-40,-17,43210],[-2,7,0]],[[16487,40862,0],[-32,-3,0],[-41,-16,32853],[-29,-8,91873],[-17,-25,77811],[-55,-20,223808],[-58,-2,67524],[-29,-7,32593],[-6,9,32593],[-9,-17,78805],[-13,11,55203],[-27,-12,37738],[-13,3,707954],[19,14,30998],[17,1,30998],[-10,9,54677],[-22,0,54677],[16,12,34143],[-20,-2,34143],[10,18,111280],[44,15,111280],[-1,20,71592],[-25,7,42122],[11,12,42122],[-31,-7,129687],[11,27,43018],[21,15,43018],[1,16,382542],[-24,-2,37757],[7,11,37757],[-18,3,31777],[-2,10,31777],[-24,11,123112],[-3,14,30950],[-14,8,63604],[-24,-11,63604],[-22,0,34835],[-17,10,40807],[-41,2,382542],[-10,-33,163413],[12,0,31355],[9,-14,66215],[27,1,30502],[15,6,110279],[6,-8,37164],[-11,-24,111988],[41,-12,89240],[-9,-9,30988],[-4,-21,89240],[22,-18,46364],[-11,-13,46364],[24,-6,163413],[-24,-15,382542],[-36,-5,40438],[1,8,55973],[-47,20,95978],[-27,-6,51365],[-48,6,120077],[-35,27,120077],[-24,-5,31316],[-19,3,55694],[-29,-13,352153],[-16,10,37936],[1,15,48248],[-18,5,71953],[-3,19,31864],[-13,6,31864],[3,13,110250],[-33,2,65077],[2,10,32615],[-16,13,1192561],[9,13,35584],[24,12,58844],[32,3,58844],[4,12,32230],[18,10,135147],[17,-2,32438],[-1,-11,94844],[23,12,36150],[2,11,49079],[42,22,94844],[20,-7,39138],[18,7,244541],[32,-42,128198],[24,5,44816],[25,19,657277],[-24,25,58951],[9,5,33374],[-12,14,37329],[-16,0,37329],[10,15,154845],[-38,-8,40061],[-9,-14,40061],[-16,6,110643],[17,16,41586],[-31,-11,41586],[-7,24,154845],[35,19,35171],[17,2,33409],[-12,9,35171],[23,9,154845],[-15,4,40961],[14,17,40961],[-6,16,80724],[-31,7,319811],[1,26,36754],[-18,10,36754],[24,-1,36754],[2,22,116612],[18,9,38280],[30,30,0],[43,16,0]],[[16007,40786,0],[22,8,35368],[-13,-15,35368],[-9,7,0]],[[13921,38190,0],[48,12,112789],[28,20,31760],[20,20,46989],[-5,10,46989],[32,14,475780],[26,-9,44660],[7,-16,103309],[20,11,48526],[15,-11,48526],[32,5,116166],[11,-21,53359],[22,0,53359],[24,-9,31308],[18,-13,111474],[22,21,91688],[29,-7,55680],[-6,-15,38555],[15,-6,274831],[-10,-40,85155],[22,-34,130913],[23,-3,33850],[15,7,0],[21,-4,0]],[[13367,37970,0],[1,-1,0]],[[13106,37796,0],[1,1,0],[16,21,99867],[36,23,35588],[11,1,35588],[73,33,127557],[82,69,66075],[34,18,0],[8,8,0]],[[14505,37883,0],[1,0,0]],[[14506,37883,0],[0,-3,0],[19,-2,36961],[17,12,54468],[28,-7,294343],[-35,-45,71518],[6,-17,71518],[-17,-15,32704],[-8,-21,30771],[-11,-7,153616],[-5,-19,50569],[20,-10,101771],[-30,-30,30815],[-12,-7,101771],[0,-29,63323],[-28,-23,63323],[11,-14,471258],[51,-9,49672],[27,4,154905],[-19,-52,260039],[8,-44,31339],[1,-30,37521],[9,-50,37521],[1,-32,123234],[15,-47,29780],[10,-18,29780],[2,-18,0]],[[12984,37705,0],[0,1,0]],[[12984,37706,0],[20,-6,0],[15,11,33629],[47,47,45711],[17,14,30885],[6,13,0],[17,11,0]],[[13367,37970,0],[64,56,0],[34,18,36466],[35,26,36929],[46,26,251245],[44,3,103010],[16,-37,91990],[10,-5,31683],[28,5,308805],[10,41,124535],[37,36,57663],[22,10,34275],[22,19,308805],[16,-4,33441],[39,3,82599],[46,21,111431],[5,9,35091],[18,-10,35091],[17,5,58211],[24,-12,0],[21,10,0]],[[12675,37943,0],[0,2,11005],[14,9,43515],[-3,21,94246],[-40,23,387602],[49,22,113274],[17,22,45713],[36,26,77588],[29,9,42439],[30,20,76701],[-3,12,50185],[31,18,128505],[30,7,36530],[32,15,128505],[34,35,57322],[-2,11,43374],[28,7,43374],[12,13,31857],[26,15,485887],[41,9,43044],[86,9,108253],[19,-13,0],[12,1,0]],[[13153,38236,0],[0,-2,0]],[[13153,38236,0],[18,0,0],[22,8,46376],[-6,10,36824],[16,10,120204],[12,-31,39570],[14,-10,39570],[-13,-9,33541],[10,-8,133239],[35,12,33421],[-3,7,33421],[26,5,192159],[0,-15,67647],[29,-4,42544],[2,-14,42544],[23,3,67647],[9,-17,53446],[28,-2,44936],[10,-14,681175],[-28,-19,32767],[-13,-3,77329],[-12,-20,37349],[-19,-13,31009],[-9,-14,77329],[-28,-16,61182],[-67,-62,152228],[-6,-15,31193],[-18,-14,31193],[-20,-26,87379],[-48,-42,32209],[-2,-11,32209],[-17,-1,32209],[-12,-17,0],[-18,-45,0]],[[13068,37849,0],[-4,3,0]],[[14350,38122,0],[16,-3,0],[8,-13,36390],[-10,-13,59254],[11,-15,33769],[11,3,74616],[14,-76,217525],[28,-20,55447],[5,-19,33531],[14,-15,131774],[21,7,32897],[0,-8,32897],[39,-7,56774],[11,-14,35147],[13,2,131774],[-18,-22,31651],[-12,-6,0],[5,-20,0]],[[13068,37849,0],[-3,-8,0],[-12,-6,54538],[-22,-28,30934],[-40,-43,144043],[-28,-63,77868],[19,5,0],[2,0,0]],[[13349,38285,0],[14,13,41653],[12,-5,32938],[17,8,111992],[-3,49,205410],[22,19,31297],[13,17,89612],[22,7,48561],[55,34,132322],[13,-8,58423],[40,18,0],[13,-8,39143],[4,-23,71062],[30,-6,104595],[10,-18,37443],[-2,-18,30655],[7,-15,149983],[19,7,33833],[-7,-13,33833],[33,0,67568],[16,-19,0],[-25,-27,55624],[-41,-24,73114],[3,-12,42335],[-21,-15,239063],[-28,12,45636],[-24,-3,133438],[-30,-18,31286],[-49,-23,83867],[-26,2,391417],[-7,19,48312],[-23,4,48312],[-3,9,32805],[-25,20,46010],[-18,-2,46010],[-11,19,0]],[[13375,38413,0],[15,1,31196],[-3,-11,31196],[-12,10,0]],[[13410,38437,0],[10,7,35066],[10,-15,35066],[-20,8,0]],[[13557,38452,0],[21,6,69297],[27,-29,61008],[-15,-7,69297],[-33,30,0]],[[13650,38277,0],[4,18,39256],[14,-1,39256],[-3,-13,32289],[-15,-4,0]],[[8002,34279,0],[1,-3,0]],[[8029,34245,0],[2,-1,0]],[[8031,34244,0],[-4,-3,0],[21,-17,0],[20,-9,0]],[[8068,34215,0],[0,-1,0]],[[8071,34211,0],[4,0,0]],[[8075,34211,0],[4,-1,0],[12,-28,116313],[-24,-24,73257],[4,-33,83248],[-18,-6,32585],[-10,-14,246671],[-57,-8,57345],[-9,-13,57345],[-24,4,32347],[-10,8,0]],[[7943,34096,0],[0,1,0]],[[7958,34227,0],[-1,2,0]],[[7957,34229,0],[6,0,0],[6,11,38470],[26,4,83191],[-17,18,52228],[11,16,0],[13,1,0]],[[7557,34345,0],[-1,3,0]],[[7556,34348,0],[10,-2,0],[21,16,0],[1,1,0]],[[7796,34333,0],[-2,0,0]],[[7794,34333,0],[8,18,0],[27,18,38604],[18,0,38604],[8,15,156475],[42,-9,70691],[27,-26,0],[-6,-19,0]],[[7918,34330,0],[-3,1,0]],[[7926,34333,0],[-5,-3,0]],[[7921,34330,0],[-1,0,0]],[[7920,34330,0],[6,3,0]],[[8002,34279,0],[39,2,0],[3,-8,31854],[24,-8,75160],[32,16,0],[28,-4,0]],[[8164,34179,0],[0,-1,0]],[[8164,34178,0],[-52,-18,0],[-19,4,41804],[3,14,59556],[-26,63,105456],[-28,9,0],[-11,-6,0]],[[8068,34215,0],[7,-4,0]],[[7656,34397,0],[-3,1,0]],[[7653,34398,0],[13,1,0],[-19,0,0]],[[7647,34399,0],[-2,1,0]],[[7643,34403,0],[-3,2,0]],[[7640,34405,0],[11,15,0],[30,7,39911],[-10,5,31470],[22,7,123205],[22,-17,55460],[41,-8,76266],[-10,-11,0],[-1,-6,0]],[[7484,34354,0],[0,-2,0]],[[7169,34287,0],[-33,-24,0]],[[7136,34263,0],[-2,2,0],[-11,60,94270],[-10,7,47209],[30,16,403835],[50,-2,50205],[81,-10,39992],[40,-1,180477],[26,8,33795],[31,0,33445],[9,6,78813],[31,-10,78813],[24,6,32475],[21,-2,52355],[17,11,0],[11,0,0]],[[7920,34271,0],[-1,3,0]],[[7918,34330,0],[0,-1,0],[2,1,0]],[[7926,34333,0],[15,7,0],[26,2,34204],[6,-7,56641],[-20,-14,56641],[4,-27,95861],[-26,-21,0],[-11,-2,0]],[[7484,34354,0],[13,-1,0],[18,-10,46442],[11,13,0],[30,-8,0]],[[7920,34271,0],[-2,0,0],[-11,-16,38999],[-2,-27,94071],[33,13,45727],[3,-9,0],[16,-3,0]],[[7645,34400,0],[-2,0,0]],[[7643,34400,0],[-7,0,0],[4,5,0]],[[7547,34421,0],[32,13,33007],[18,2,0],[-45,-26,0],[-5,11,0]],[[7638,34443,0],[14,6,39510],[-2,-19,39510],[-12,13,0]],[[7635,34035,0],[1,-3,0]],[[7636,34032,0],[-12,-4,0],[-19,3,42136],[-48,-10,109177],[-40,4,45350],[-9,-4,31327],[-19,10,31327],[-34,8,68965],[-40,-2,479014],[-88,30,172221],[-28,25,44152],[-25,11,62211],[-42,41,76537],[-42,24,254764],[-18,23,55399],[2,9,32245],[-12,33,0],[-26,30,0]],[[7772,34372,0],[4,-20,0],[-10,-27,62432],[26,4,0],[2,4,0]],[[7588,34363,0],[5,12,0],[-17,-2,40465],[3,16,55885],[31,-1,33853],[1,6,0],[42,4,0]],[[7647,34399,0],[-4,1,0]],[[8128,34277,0],[3,0,0],[28,13,52944],[41,2,191682],[-8,-12,47725],[24,-11,59435],[7,-35,38968],[12,-24,211079],[-34,-22,49057],[-32,-8,0],[-5,-2,0]],[[7943,34096,0],[-29,-4,0],[-19,-10,45392],[-47,-9,96542],[-26,7,39636],[-30,-1,132463],[-47,-14,48005],[-48,-23,70826],[-22,1,0],[-39,-11,0]],[[8429,33276,0],[-7,-2,0]],[[8176,33829,0],[1,0,0]],[[8177,33829,0],[2,-9,0],[-5,-34,32960],[2,-27,140444],[17,-64,84160],[17,-22,32050],[14,-27,340758],[27,-22,45952],[20,-31,61253],[22,-11,137217],[5,-21,39528],[24,-51,89343],[38,-23,51831],[-7,-7,275898],[5,-57,102317],[19,-38,65492],[1,-22,47518],[19,-55,161040],[12,-15,33466],[19,-8,0],[1,-9,0]],[[7204,33332,0],[-1,3,0]],[[7203,33335,0],[13,3,0],[38,41,69538],[9,20,31398],[21,33,0],[25,9,0]],[[7309,33441,0],[1,-2,0]],[[8429,33276,0],[1,-9,0],[17,-10,39463],[-8,-10,44201],[-1,-35,70715],[-11,-29,83791],[7,-11,33585],[-7,-17,38743],[8,-24,38743],[4,-53,442951],[17,-32,32905],[12,-12,150979],[30,-9,32367],[33,-16,58855],[38,-30,53678],[23,-4,135104],[8,-19,36704],[19,-19,0],[16,-65,0]],[[8635,32872,0],[-1,0,0]],[[7366,32556,0],[2,1,0]],[[7368,32557,0],[0,1,0]],[[6820,33034,0],[1,-1,0]],[[6937,32793,0],[-1,34,34036],[5,12,161564],[-14,29,62464],[-23,10,31665],[-12,13,62464],[-5,24,62024],[-31,23,212121],[-40,-1,37168],[-18,5,31192],[-25,-1,212121],[17,12,48308],[5,25,48308],[13,9,33035],[10,21,76978],[1,22,0],[1,4,0]],[[6735,32873,0],[24,14,74205],[21,-9,43802],[1,-16,90752],[58,14,37427],[13,-1,127660],[-18,-23,127660],[-40,3,37318],[-51,11,55794],[-8,7,0]],[[7526,33581,0],[0,1,0]],[[7526,33582,0],[19,14,0],[40,15,36574],[18,-2,36574],[12,12,53915],[48,24,218346],[19,30,34051],[15,32,114551],[14,16,45248],[45,27,510554],[59,17,63487],[32,-3,81532],[44,17,38686],[35,8,241669],[30,23,63458],[59,24,76531],[28,19,45997],[8,17,76531],[36,10,366433],[21,-5,31106],[14,-11,54293],[15,4,35788],[26,-8,54293],[11,-13,0],[3,-20,0]],[[7323,32510,0],[0,-4,0]],[[7183,32531,0],[0,2,0]],[[7183,32533,0],[43,-20,0],[54,-5,44647],[13,5,0],[30,-3,0]],[[6757,32782,0],[25,26,60552],[31,7,124250],[11,-9,39376],[39,-8,323319],[8,-91,111182],[14,-18,51892],[14,-49,365273],[52,-48,78487],[38,-16,215983],[30,12,42256],[16,-3,79165],[14,25,200525],[21,-6,58348],[30,-33,64729],[33,-7,46589],[12,-13,0],[38,-18,0]],[[7364,32556,0],[0,1,0]],[[7364,32557,0],[4,0,0]],[[7368,32557,0],[-1,13,0],[-16,13,37258],[3,12,0],[-12,8,0]],[[7309,33441,0],[43,14,0],[36,22,42049],[4,14,42049],[24,6,60510],[4,15,60510],[29,3,32741],[14,7,115339],[46,47,0],[17,13,0]],[[7342,32603,0],[-11,7,0],[-31,9,41232],[-94,20,81774],[-14,12,0],[-19,9,0]],[[6820,33034,0],[12,30,0],[15,29,42907],[24,23,90348],[24,-2,90348],[40,20,45263],[29,24,39939],[28,14,151946],[7,16,43879],[26,15,48865],[34,32,39088],[61,49,119972],[26,9,61722],[43,27,45305],[10,14,0],[4,1,0]],[[8832,32839,0],[-19,-4,0]],[[8813,32835,0],[0,5,0],[-44,44,92151],[-3,34,79156],[-34,35,190324],[-9,37,47574],[5,23,88756],[-9,29,40286],[-17,29,281555],[-48,31,67208],[-5,9,36150],[-43,38,562463],[8,22,62207],[-19,30,62207],[6,12,34995],[-4,26,153261],[-15,34,44487],[-4,28,76057],[-20,25,64233],[-19,56,153261],[-16,10,34730],[-12,20,100934],[9,7,45641],[3,41,100934],[-9,32,33794],[-10,15,71537],[-6,59,0]],[[9237,32599,0],[-1,-1,0]],[[9236,32598,0],[-12,17,0],[-38,18,72913],[-70,11,107680],[-9,11,48369],[-16,0,33003],[-27,11,48369],[-13,13,363314],[-45,1,82561],[-28,-25,101319],[-21,-1,37932],[-20,11,101319],[-46,-20,78099],[-45,-9,41953],[-26,1,594409],[15,12,33110],[17,26,171669],[-1,22,62311],[-22,47,40731],[1,18,40731],[-14,21,0],[-3,52,0]],[[7323,32510,0],[10,0,0],[17,28,31162],[5,19,0],[9,0,0]],[[8635,32872,0],[1,-4,0],[17,-23,89030],[2,-19,39092],[15,-25,39092],[7,-31,46565],[12,-20,46565],[-1,-26,261427],[-24,-13,40648],[-31,-27,144034],[-2,-16,33577],[7,-44,261427],[25,0,52097],[50,17,177985],[9,-24,40766],[5,-44,477336],[33,-47,34062],[49,-63,116938],[22,-11,55912],[10,-15,31978],[33,-33,190030],[28,-64,80496],[21,-34,34754],[22,-24,0]],[[8945,32282,0],[-1,0,0]],[[8976,32535,0],[-39,-23,0]],[[8937,32512,0],[-22,31,200563],[31,14,43397],[82,50,96471],[25,-1,48046],[22,14,377318],[15,-14,37004],[26,-10,72885],[51,-9,124841],[54,-36,37288],[11,-1,37288],[17,-22,238992],[19,-4,49552],[-3,14,31167],[10,5,94820],[-12,30,45217],[-16,11,0],[-11,14,0]],[[7165,33781,0],[-1,-1,0]],[[7114,33796,0],[0,2,0]],[[7114,33798,0],[32,-10,0],[19,-7,0]],[[7155,33666,0],[0,-2,0]],[[7165,33781,0],[18,-7,0],[7,-16,35507],[16,-5,61660],[-1,-27,163759],[-19,-19,37188],[-28,-17,58372],[-18,-26,0],[15,2,0]],[[7155,33666,0],[8,1,0],[10,16,73995],[48,24,33300],[6,9,33300],[23,4,188421],[-7,-16,57237],[33,0,78101],[23,6,32236],[12,11,93431],[13,-9,36242],[-1,-15,338795],[-57,-57,121676],[-36,-6,70320],[-25,-13,33252],[-20,-17,143949],[-35,-50,59130],[-21,-13,0],[-33,-30,0]],[[7096,33511,0],[0,1,0]],[[7025,33866,0],[-2,2,0]],[[7008,33970,0],[3,2,0]],[[7011,33972,0],[9,-2,0],[13,-23,49335],[9,-44,0],[-17,-37,0]],[[6948,34062,0],[-1,-1,0]],[[6755,34240,0],[18,-3,33159],[26,6,100000],[87,-32,120818],[33,12,387554],[5,-19,34897],[-5,-19,65643],[18,-31,87672],[-4,-45,60884],[9,-42,0],[6,-5,0]],[[6948,34062,0],[11,-9,0],[5,-24,59871],[20,-21,43149],[17,-33,0],[10,-3,0]],[[7096,33511,0],[-1,-1,0],[-28,-13,70520],[-29,-42,93837],[-14,-14,34123],[-40,-23,49323],[-12,-15,43481],[-50,-34,105590],[-5,-14,42567],[-25,-14,34630],[-6,-13,181853],[-81,-36,181853],[-65,-72,83305],[-13,-32,0],[3,-10,0]],[[7021,33844,0],[3,1,0]],[[7024,33845,0],[4,-12,0],[16,-14,0],[11,-1,0]],[[7055,33818,0],[-1,0,0]],[[7055,33818,0],[22,-1,0],[8,-10,0],[29,-9,0]],[[7025,33866,0],[-5,-12,0],[4,-9,0]],[[13197,39311,0],[1,0,0]],[[13239,39314,0],[1,-1,0]],[[13240,39313,0],[-40,-9,0],[-3,7,0]],[[13244,39305,0],[1,-2,0]],[[13217,39275,0],[-2,12,0],[21,18,0],[8,0,0]],[[16203,36430,0],[-73,-13,0]],[[16130,36417,0],[-6,16,0],[-30,48,70890],[-28,20,37692],[-14,18,301303],[-20,0,32501],[-5,9,32501],[-37,12,103699],[-4,9,33679],[-24,9,33679],[-48,37,117319],[-45,13,34735],[-46,18,117319],[-5,15,54482],[-36,16,45172],[-3,11,80724],[-39,11,301303],[5,10,49437],[-25,38,177775],[-46,32,55376],[-24,8,40251],[-17,19,37809],[-15,2,88037],[-54,45,285786],[-29,3,46365],[-20,14,57219],[-26,-2,162794],[-18,15,35654],[-23,8,35654],[-33,20,54557],[-28,5,49957],[-28,21,113881],[-2,18,0]],[[15722,36675,0],[6,10,47005],[23,-26,72798],[0,-11,36742],[20,-31,84518],[-13,-2,32094],[-15,11,84518],[0,18,46373],[-17,2,41664],[8,17,41664],[-12,12,0]],[[15608,36553,0],[1,0,0]],[[15609,36553,0],[2,-5,0],[20,-43,91129],[17,-83,41708],[0,-20,269709],[25,-3,30989],[26,3,166547],[9,20,61919],[1,73,269709],[51,-10,37290],[27,-10,71640],[24,5,34888],[25,-3,71640],[-3,-18,119363],[24,-18,47010],[28,-4,47010],[4,-14,0],[13,-13,0]],[[16141,36140,0],[-2,5,0]],[[16139,36145,0],[6,2,0],[6,45,46007],[13,32,169854],[-6,79,67168],[-10,12,63498],[-6,74,0],[-12,28,0]],[[15266,36879,0],[2,0,14991],[-7,-19,43068],[7,-38,160398],[17,-23,39337],[16,-7,53791],[5,-19,53791],[27,-22,37956],[14,-20,388771],[60,-1,71595],[-1,-14,91770],[33,-25,41036],[28,-12,81157],[36,-4,50296],[27,-16,209739],[37,-42,46186],[29,-25,0],[13,-39,0]],[[16027,36055,0],[0,-4,0],[13,-1,37043],[18,-19,70586],[8,8,41706],[-13,23,70586],[28,-11,36877],[-20,16,36877],[23,-3,63834],[-1,10,41613],[26,14,146749],[-11,34,60534],[15,12,0],[26,11,0]],[[15629,37514,0],[9,-3,45432],[43,-53,90346],[18,-47,143376],[28,-33,60999],[59,-45,378832],[52,-11,80325],[29,10,36512],[24,1,204676],[45,-58,109942],[1,-20,70743],[42,10,561624],[11,8,34646],[7,-15,34646],[-3,33,39834],[21,18,48531],[7,19,154507],[-12,32,41971],[-4,39,0],[-12,21,0]],[[15994,37420,0],[-1,2,0],[-12,5,38469],[-86,51,40765],[-58,31,100231],[-54,18,427941],[-16,23,35949],[-21,16,69255],[-14,37,103597],[-18,6,34380],[-21,17,201035],[-8,20,32186],[-10,5,33503],[-9,22,65167],[2,25,86850],[-18,21,34641],[-15,6,45491],[-8,17,86850],[33,-5,427941],[116,-116,237623],[27,-17,48656],[33,-5,48656],[43,-21,46941],[36,-8,232473],[4,-14,34042],[23,-30,88081],[66,-56,427941],[47,-7,56078],[20,3,39735],[59,-4,170822],[24,19,36508],[17,3,80856],[27,-13,89407],[37,25,608373],[36,-28,98496],[-8,-22,34286],[2,-19,98496],[17,-9,53326],[6,-32,53326],[23,-11,52641],[5,-22,113782],[30,-6,104933],[-4,-9,36495],[9,-31,63536],[21,-26,0]],[[15523,37828,0],[8,36,42077],[9,1,172131],[37,-31,60511],[8,-24,72733],[15,-14,32830],[21,-7,72733],[-7,-14,43767],[14,-15,172131],[-10,-15,37184],[-22,-9,167256],[-30,43,60078],[-18,4,74843],[-19,43,32179],[-6,2,0]],[[13085,39367,0],[0,1,0]],[[13061,39348,0],[-1,3,0]],[[13060,39351,0],[28,17,0],[-3,-1,0]],[[15730,38525,0],[0,-2,0]],[[15422,38301,0],[-1,0,0]],[[15421,38301,0],[-12,27,0],[-17,23,38998],[0,16,122004],[-34,20,32888],[-11,0,35927],[-40,24,330149],[-3,18,56088],[12,9,31019],[13,25,92600],[21,11,38643],[23,25,66089],[1,16,32379],[13,13,609315],[50,-8,103260],[14,11,57838],[70,15,103260],[16,-16,103260],[33,2,31368],[41,-3,56290],[12,-6,45318],[35,1,31931],[36,-4,56290],[10,5,0],[26,0,0]],[[16280,37623,0],[-50,-8,0],[-61,-22,57506],[-30,-3,40027],[-49,-15,321508],[-18,23,32338],[1,8,75431],[28,7,72001],[-16,28,190134],[5,11,34453],[-22,-8,36522],[-47,-4,111382],[-32,32,0],[-11,21,0]],[[15978,37693,0],[0,1,0]],[[16485,38330,0],[-3,30,0],[21,15,78949],[-16,22,53127],[-22,1,0],[-12,-4,0]],[[16390,38236,0],[0,-1,0]],[[15748,38109,0],[-1,2,0]],[[15747,38111,0],[33,7,0],[55,27,37567],[9,9,37567],[45,18,263144],[17,-23,73343],[36,7,72075],[15,-22,150273],[17,-1,40345],[27,9,31527],[29,4,53190],[16,-4,319853],[46,12,32384],[14,8,57142],[36,6,32617],[48,14,100807],[10,11,47735],[47,17,100807],[38,2,37843],[16,-6,140709],[32,18,32252],[29,11,0],[28,1,0]],[[16418,37454,0],[-2,-1,0]],[[16416,37453,0],[1,13,0],[-12,24,52562],[-23,9,54996],[-3,29,54996],[-19,6,108180],[-8,46,178396],[-43,31,47271],[-29,12,0]],[[16528,38254,0],[3,1,0]],[[16503,38243,0],[5,1,0],[20,5,0],[0,5,0]],[[16100,38566,0],[0,-2,0]],[[16100,38564,0],[-50,-28,0],[-29,-7,58215],[-45,-34,57158],[-17,-1,119052],[-55,-45,66121],[14,-13,31348],[-3,-9,46571],[-27,22,66121],[-21,-21,41603],[-16,-2,41603],[-36,-24,82379],[-4,-21,78506],[-13,3,38930],[-38,-9,180132],[-60,-48,46255],[-29,-16,34105],[-28,-23,180132],[-29,-13,31635],[-7,2,54716],[-99,-43,570837],[-26,-3,45284],[-26,11,117174],[-4,30,66031],[-12,20,41332],[-15,-1,0],[-4,10,0]],[[15730,38525,0],[9,0,0],[25,12,44502],[32,1,78512],[29,25,78512],[15,-4,32875],[10,10,32875],[25,3,70950],[0,12,46148],[30,0,46148],[19,13,264831],[-9,21,50847],[-26,9,207637],[-22,-1,30620],[-47,-8,103936],[-32,-21,80386],[-33,-8,32004],[-28,-2,49163],[-26,-12,0],[-5,1,0]],[[15811,38378,0],[19,-1,38317],[2,-13,38317],[-21,14,0]],[[16453,38394,0],[-32,-12,0],[-9,-15,48220],[-27,1,99242],[-13,18,51080],[-34,11,162899],[-76,-21,49822],[-58,-10,281281],[-22,-23,34792],[-20,-7,34792],[-5,-12,114459],[-38,-6,58148],[-49,-24,0],[0,-1,0]],[[16070,38293,0],[-2,8,0]],[[16528,38254,0],[0,4,0],[-23,-2,97998],[-20,68,0],[0,6,0]],[[16390,38236,0],[16,0,0],[33,11,51324],[29,-5,0],[35,1,0]],[[16376,37281,0],[1,-2,8219],[18,-14,38748],[22,-32,39010],[25,-24,191611],[18,-4,46129],[35,5,33030],[6,6,56315],[28,-6,191611],[42,-33,70220],[39,-6,70220],[-3,-22,113008],[30,-19,58368],[15,7,31915],[13,-6,445002],[6,19,43728],[-9,33,57960],[10,17,134992],[-41,32,317711],[-42,17,51008],[-63,16,89285],[-26,11,33832],[-28,20,89285],[-21,-12,60833],[-30,15,309031],[10,19,60853],[-13,37,61097],[-22,-9,61097],[13,34,0],[7,73,0]],[[15476,38609,0],[0,-1,0]],[[15476,38608,0],[-6,1,0],[-18,-7,60412],[-21,9,39441],[-38,4,118319],[-20,-29,139797],[-14,-2,43667],[-35,-27,43841],[-33,-11,43841],[-10,-13,69773],[-36,-12,459161],[-22,14,45490],[-29,5,33687],[-19,9,82554],[-14,23,84793],[-33,1,59158],[-47,21,84793],[-10,19,18915],[-3,0,0]],[[15069,38613,0],[-1,0,0]],[[16109,38516,0],[0,-1,0]],[[16070,38293,0],[-17,-12,0],[5,-9,65126],[-56,-24,48577],[-7,-10,219368],[-36,-9,39080],[-15,3,98212],[-42,27,141087],[-16,-7,48581],[-49,-2,40288],[-17,-12,34498],[-8,6,558398],[17,16,30797],[8,18,72789],[-4,30,72789],[14,18,40900],[-2,21,40900],[14,1,150657],[55,46,48571],[9,14,321286],[36,17,39942],[10,-2,66876],[31,14,31226],[37,23,116939],[20,26,58010],[25,8,38333],[16,15,0],[11,7,0]],[[15766,38247,0],[28,15,43257],[-11,-17,43257],[-17,2,0]],[[15696,38576,0],[-33,1,0],[-25,-6,38444],[-28,4,40500],[-25,-6,40500],[-13,7,87924],[-37,-6,31360],[-21,-8,195460],[-15,28,41217],[3,14,0],[-26,4,0]],[[15978,37693,0],[0,1,0]],[[15978,37694,0],[-22,5,50357],[-19,23,50759],[-43,20,107473],[-36,-3,158901],[-27,35,43744],[-27,21,525740],[-14,44,74232],[9,22,55432],[-8,43,245094],[-30,24,32982],[-16,4,32942],[-2,12,32942],[-29,27,76252],[-9,-2,49169],[-21,41,364365],[0,23,44011],[-13,13,44011],[-10,34,85714],[10,23,186264],[44,10,47304],[19,-5,0],[13,3,0]],[[16109,38516,0],[29,19,0],[27,7,33367],[19,12,33367],[80,38,188654],[24,20,53995],[1,23,60399],[-23,-15,72369],[-32,8,180767],[-26,-13,50049],[-14,1,31185],[-33,-9,93935],[-40,-32,0],[-21,-11,0]],[[13231,39408,0],[-2,-14,0]],[[13151,39382,0],[2,2,0]],[[13153,39384,0],[0,-1,0],[17,18,60298],[-12,8,34517],[13,8,34517],[-5,17,121255],[40,17,91106],[4,-34,0],[21,-9,0]],[[5470,31551,0],[2,0,0]],[[5472,31551,0],[1,-7,0],[19,-47,121561],[24,-11,69378],[14,5,36382],[9,19,193115],[-2,22,39073],[-12,9,39073],[-10,35,128171],[34,22,0],[0,1,0]],[[5733,32383,0],[-2,1,0]],[[5731,32384,0],[-7,21,0],[20,-1,31273],[19,-10,31273],[59,-18,57263],[41,-6,134874],[58,7,310864],[15,6,31915],[16,16,75711],[8,29,46315],[18,18,160794],[37,6,52954],[23,-9,0],[1,0,0]],[[6373,32612,0],[-2,-4,0]],[[6039,32443,0],[31,12,0],[23,-6,109528],[33,13,39916],[6,10,39916],[40,18,74391],[18,21,193134],[-1,33,61588],[-20,9,290413],[24,8,39616],[3,12,92082],[58,-8,92082],[24,6,31177],[10,10,61528],[44,2,144055],[24,17,26304],[4,9,26304],[13,3,0]],[[7108,32233,0],[-2,-1,0]],[[7106,32232,0],[-6,6,0],[-17,7,0],[-18,34,0]],[[5825,31889,0],[0,1,0]],[[5825,31890,0],[45,-56,0],[31,-63,57382],[13,-8,0],[13,2,0]],[[5927,31765,0],[-2,-3,0]],[[5346,31820,0],[-2,-1,0]],[[5344,31819,0],[-3,4,0],[-7,20,62789],[-31,-4,62789],[-26,27,148081],[-51,2,41951],[-31,-5,0],[-18,1,0]],[[5549,31599,0],[1,23,0],[-11,18,41811],[1,25,102480],[-23,29,43443],[-30,25,207410],[-32,13,54845],[-67,10,72870],[-28,15,185840],[-5,12,35388],[3,34,0],[-14,16,0]],[[5992,31848,0],[-1,0,0]],[[5991,31848,0],[-36,34,0],[-19,6,53509],[-20,32,58798],[-108,88,483429],[-10,27,87566],[11,44,37700],[11,24,229160],[-5,21,38377],[-20,43,53937],[-13,52,60432],[-13,22,41114],[-16,49,109104],[1,28,0],[-23,66,0]],[[5973,31782,0],[-1,1,0]],[[5972,31783,0],[18,19,0],[6,41,0],[-5,5,0]],[[5730,32068,0],[1,0,0]],[[5731,32068,0],[-3,-12,0],[2,-61,153899],[19,-29,61628],[47,-40,0],[29,-36,0]],[[4815,32156,0],[-3,0,0]],[[4812,32156,0],[2,19,0],[10,48,65680],[23,5,60502],[-2,25,117045],[35,16,246386],[3,32,54143],[-12,28,113788],[4,59,64654],[14,46,427581],[71,74,65054],[12,24,128998],[43,0,125431],[25,22,63820],[13,39,0],[2,-1,0]],[[5055,32592,0],[0,-1,0]],[[5927,31765,0],[33,4,0],[12,14,0]],[[5586,32374,0],[-2,3,0]],[[5584,32377,0],[6,2,0],[1,16,56752],[33,-8,60502],[-5,-19,182452],[24,-50,35818],[8,-9,48727],[48,-100,82104],[16,-4,31584],[9,-13,82104],[-2,-24,58205],[21,-37,0],[-12,-63,0]],[[8968,32020,0],[2,2,0],[33,7,56739],[15,-5,37409],[37,1,273497],[34,42,69603],[18,31,35324],[9,27,130507],[-7,21,50500],[10,29,686098],[-21,36,51980],[4,15,55930],[-24,34,55930],[-5,28,110239],[-23,13,114247],[-8,48,72006],[-21,17,72006],[2,13,31534],[-12,14,40123],[-35,74,175877],[-38,43,7447],[-1,2,0]],[[5190,31546,0],[0,-1,0]],[[5190,31545,0],[-3,13,0],[2,29,41156],[-5,43,51362],[7,20,51362],[-12,26,265834],[17,10,48682],[14,-14,48682],[34,3,112468],[16,21,33103],[16,11,473065],[-1,-14,43800],[21,-13,54526],[14,13,38295],[9,-9,54526],[-22,-18,32334],[1,-7,69373],[31,-31,233251],[48,-8,130655],[25,18,65195],[10,35,222923],[7,-4,32351],[5,-26,69755],[14,16,50903],[4,-25,50903],[22,-14,69755],[-2,-19,0],[10,-50,0]],[[7165,32178,0],[-3,-2,0]],[[7162,32176,0],[-12,10,0],[-8,0,0]],[[7142,32186,0],[1,0,0]],[[7170,31878,0],[6,7,0]],[[7176,31885,0],[6,-5,0],[18,-10,44423],[22,-32,90612],[15,-49,339862],[-41,-77,69688],[-22,-22,136420],[-5,-13,32923],[11,-8,32923],[1,-19,205772],[-31,-40,73072],[-12,4,59353],[-34,-37,159439],[-10,-35,85210],[-27,-24,33647],[-22,-27,84530],[-9,-34,205772],[32,8,70904],[30,34,58048],[21,5,205772],[2,36,63670],[21,61,713516],[18,12,51818],[13,-16,101677],[-3,-9,32891],[7,-31,73709],[24,-19,238286],[12,2,33519],[10,19,101660],[-1,49,74972],[18,47,238286],[32,15,39462],[19,17,82320],[61,17,193183],[84,-18,85538],[22,10,0],[6,-1,0]],[[7464,31695,0],[0,-5,0]],[[5055,32592,0],[33,-15,0],[17,-35,96425],[51,-15,108659],[21,-44,130933],[12,-6,31140],[32,-30,34063],[15,-20,34063],[15,-7,55003],[17,-22,49761],[24,-7,71494],[11,-23,58981],[36,-22,585733],[24,-3,37023],[84,-19,211784],[58,7,103735],[47,27,36309],[9,11,0],[23,8,0]],[[5206,31361,0],[1,4,0]],[[5207,31365,0],[10,-1,0],[1,15,36210],[-12,18,88326],[-45,20,212768],[-12,21,42843],[14,-1,69723],[43,28,127332],[-13,29,50132],[5,22,0],[-8,29,0]],[[5151,31448,0],[8,28,35207],[7,1,37950],[-9,-34,37950],[-6,5,0]],[[5177,31864,0],[-52,3,0],[-32,6,33377],[-40,1,103739],[-31,-5,36643],[-46,-13,168137],[-4,-8,37851],[-28,8,47579],[-1,12,56612],[-49,11,40271],[-22,0,626290],[1,39,86385],[-10,43,52646],[-19,30,197497],[-68,66,95537],[-16,2,55676],[-4,20,32740],[6,13,303795],[32,11,77156],[-13,35,77156],[29,0,0],[2,18,0]],[[5074,31233,0],[-1,0,0]],[[5073,31233,0],[5,16,32048],[-2,29,133209],[20,13,33505],[24,25,65398],[3,15,39313],[23,24,191841],[6,44,121330],[58,-15,84472],[-8,-19,0],[5,0,0]],[[5089,31335,0],[6,10,32956],[13,-10,32956],[-19,0,0]],[[6864,32506,0],[0,1,0]],[[6949,32354,0],[0,-1,0]],[[6949,32353,0],[-26,29,0],[-11,36,61557],[-26,31,66888],[-18,52,0],[-4,5,0]],[[6438,31439,0],[2,-4,0]],[[6440,31435,0],[-6,-7,0],[-11,-21,48927],[-11,-44,34830],[-15,-41,96786],[-24,-24,91239],[-14,-48,36980],[-11,-13,36980],[-3,-23,305924],[11,-15,45623],[-8,-21,48720],[13,-21,102346],[29,4,234178],[1,24,49922],[18,22,49922],[24,59,49069],[17,26,0],[7,12,0]],[[7142,32186,0],[-8,-1,0],[-10,27,0]],[[7124,32212,0],[1,0,0]],[[6806,31888,0],[1,0,0]],[[6457,31304,0],[40,71,0],[1,13,67919],[62,49,77771],[27,33,32754],[14,23,318233],[24,55,68266],[10,58,106252],[16,9,46801],[22,37,92428],[7,46,258629],[41,49,35639],[30,29,139499],[13,35,35642],[12,14,35642],[29,57,0],[1,6,0]],[[7806,31628,0],[2,1,0]],[[7808,31629,0],[5,-4,0],[33,-7,41344],[34,1,173394],[21,20,76283],[3,52,357238],[-16,7,35184],[-5,15,77817],[36,-8,44324],[32,-15,118930],[8,-24,64017],[38,-28,177562],[-12,-19,32293],[-14,-8,147396],[-4,-18,45839],[20,-3,45839],[20,-31,108303],[40,-5,357238],[-3,22,44127],[14,9,62793],[16,-15,46395],[8,14,46395],[-42,12,92249],[12,21,31368],[0,13,50243],[15,9,137670],[-5,24,41920],[-16,16,54494],[0,25,549298],[-24,11,51184],[-33,-3,56649],[-42,16,84086],[-13,20,84086],[-27,3,39374],[-29,-6,156752],[-18,-18,34832],[-24,-14,63294],[-28,-5,156752],[-14,18,57828],[25,6,57828],[-2,39,164058],[-48,4,80963],[-23,-12,52099],[-47,-5,164058],[-25,35,0],[-15,16,0]],[[7833,31687,0],[15,-3,32109],[-9,-10,32109],[-6,13,0]],[[7317,31972,0],[1,1,0]],[[7659,31809,0],[-10,10,0],[-54,18,45599],[-16,-4,45599],[-15,17,38181],[-15,0,215537],[-18,-23,84441],[-31,-6,32081],[-33,-13,48096],[-9,-8,448212],[-36,16,116674],[0,29,50484],[-13,39,125234],[-32,26,54078],[-23,4,108567],[-8,33,46023],[-15,15,0],[-14,10,0]],[[7065,32279,0],[-5,9,0],[-40,23,54959],[-31,6,77952],[-5,16,48077],[-27,11,0],[-8,9,0]],[[7317,31972,0],[-18,12,0],[-38,5,35621],[-10,6,98010],[-4,35,98010],[-35,37,31515],[-21,18,31515],[-6,12,199225],[1,34,39270],[-7,31,0],[-17,14,0]],[[6616,31783,0],[-17,-48,0],[8,-16,34061],[-6,-11,35182],[8,-22,151159],[-32,-20,63194],[-33,-42,151159],[-4,-22,31063],[6,-11,92842],[-42,-49,92842],[-14,-42,33637],[-10,-21,0],[-40,-44,0]],[[7124,32212,0],[-1,2,0],[-17,18,0]],[[6806,31888,0],[6,22,0],[8,74,95824],[-1,35,42257],[-10,48,185572],[-15,20,39923],[1,16,54355],[-19,13,172675],[8,21,79382],[16,6,31090],[43,24,718919],[41,-8,44180],[31,2,56827],[30,-11,352746],[26,-44,33026],[12,-11,33026],[8,-25,65682],[24,-26,111724],[7,-35,38013],[9,-4,38013],[1,-28,111724],[43,-47,283229],[14,-2,35627],[35,-18,55365],[21,2,0],[31,-27,0]],[[6679,32142,0],[2,-1,0]],[[6681,32141,0],[-1,-24,0],[6,-18,33992],[13,-5,71811],[-3,-39,65969],[16,-23,298955],[-9,-25,51071],[6,-29,109127],[-15,-44,43846],[-14,-17,87394],[12,-21,49641],[-17,-4,49641],[-2,-17,31299],[-11,-20,42674],[2,-17,190211],[-39,-29,0],[-9,-26,0]],[[7464,31695,0],[16,-1,0],[55,22,71183],[8,22,71183],[40,3,340850],[9,-4,31205],[4,-22,31205],[12,-12,91086],[57,-31,200124],[33,-3,52273],[24,12,88533],[-7,22,66004],[32,6,200124],[10,-24,40058],[29,-40,0],[22,-16,0]],[[8945,32282,0],[11,-13,30968],[17,-34,66257],[37,-34,344488],[-8,-24,38638],[3,-23,54083],[-9,-15,35384],[-6,-32,213929],[-37,-10,73131],[-30,-15,38235],[-23,-22,273239],[-15,-27,50658],[1,-28,44044],[13,-6,42073],[-23,-11,124869],[9,-20,62265],[-12,-17,38874],[-2,-24,64268],[9,-33,207962],[28,-2,73674],[10,22,31415],[13,10,142628],[-12,24,74813],[16,45,0],[33,27,0]],[[6541,32557,0],[2,-3,0],[41,-26,45284],[22,-22,212034],[12,-34,92582],[35,-39,59006],[22,-40,41734],[10,-2,34115],[12,-24,117768],[2,-30,74510],[32,-47,475657],[-1,-27,46795],[-15,-37,81437],[-15,-11,63189],[-5,-34,45145],[-14,-22,0],[0,-18,0]],[[6373,32612,0],[16,3,67414],[17,-13,34877],[8,-17,41333],[17,-9,138943],[23,-1,34084],[2,9,34084],[31,10,113768],[42,-5,69956],[2,-19,0],[10,-13,0]],[[6864,32506,0],[-18,20,0],[-20,11,32026],[-18,1,38230],[-37,19,116289],[-25,25,37043],[-13,21,216161],[16,21,55677],[29,-2,51326],[6,15,216161],[-49,47,44335],[-22,-1,31061],[7,8,81212],[-19,34,93885],[-20,-2,36831],[-15,-12,93885],[-7,32,45673],[8,10,391935],[29,0,38866],[27,8,71779],[33,20,9345],[1,1,0]],[[6473,32766,0],[20,17,59128],[-17,14,59128],[19,14,40558],[-5,10,130735],[40,4,37599],[11,-4,130735],[-10,-23,32583],[3,-10,40589],[-11,-18,120043],[-37,-8,36041],[-13,4,0]],[[13258,39306,0],[1,0,0]],[[13259,39306,0],[14,2,0],[47,29,0],[3,11,0]],[[7357,35303,0],[-14,-1,0]],[[7264,35346,0],[0,7,0],[-21,25,56627],[-33,14,35353],[-9,10,185267],[-32,-3,85865],[7,23,53811],[27,18,117085],[25,-1,33002],[36,6,0],[13,6,0]],[[7277,35451,0],[4,-2,0]],[[7347,35371,0],[1,0,0]],[[7348,35371,0],[-10,-33,0],[12,-25,0],[7,-10,0]],[[7265,34920,0],[1,0,0]],[[7306,34778,0],[-1,-1,0]],[[7305,34777,0],[-37,12,0],[9,25,71239],[-20,2,31714],[-10,10,113290],[33,27,99197],[-3,13,41071],[-27,22,68019],[0,16,41110],[18,-10,0],[-3,26,0]],[[7402,34922,0],[-2,-1,0]],[[7265,34920,0],[0,3,0],[6,62,165591],[21,16,64525],[43,14,43612],[14,-3,260951],[14,-24,39511],[23,-21,79253],[12,5,34033],[22,-8,79253],[-5,-23,34562],[-11,-7,0],[-2,-12,0]],[[7402,34922,0],[-11,-54,0],[5,-22,0]],[[7396,34846,0],[-1,0,0]],[[7451,34867,0],[42,28,65051],[52,19,74749],[-14,-23,52252],[-19,1,52252],[-12,-16,33987],[-7,6,33987],[-17,-13,74749],[-25,-2,0]],[[6864,34685,0],[0,-3,0]],[[6696,34584,0],[0,1,0]],[[6696,34585,0],[5,4,0],[8,18,31171],[-6,9,109404],[40,38,62157],[43,26,179581],[3,12,45192],[-14,13,32839],[-6,18,92698],[30,11,139471],[9,-25,42017],[21,-23,69229],[19,-3,0],[16,2,0]],[[7396,34846,0],[6,-28,0],[13,-16,0],[-15,-15,0]],[[7027,34809,0],[2,0,0]],[[7131,34797,0],[3,-2,0]],[[7134,34795,0],[-15,-2,0],[-43,-19,117129],[-24,6,38433],[-3,11,51149],[-18,-6,31123],[-11,5,51149],[7,15,0],[0,4,0]],[[6864,34685,0],[30,3,0],[7,-14,47879],[32,-7,138213],[41,1,43317],[17,9,63284],[38,0,32054],[10,-5,32054],[23,5,352663],[12,-19,53647],[-1,-37,159817],[-11,-16,44546],[-6,-38,63769],[-19,-7,50684],[-4,-25,128963],[-19,5,39971],[-4,16,0],[-2,1,0]],[[7067,34686,0],[16,5,34479],[-11,-16,34479],[-5,11,0]],[[7123,34705,0],[8,13,35104],[16,0,50764],[1,-16,44745],[-20,-12,50764],[-5,15,0]],[[7246,35186,0],[-1,7,0]],[[7205,35305,0],[4,1,0],[33,-2,51495],[37,11,90302],[-15,18,0],[0,13,0]],[[7357,35303,0],[20,-27,0],[9,2,31305],[-3,-18,31305],[13,-29,144488],[-9,-8,36274],[-4,-27,51354],[-12,-17,32582],[-15,-7,49198],[-3,-19,198266],[17,-24,55350],[22,-60,145193],[1,-20,37912],[-12,-4,62449],[15,-37,62449],[-17,-1,405028],[-47,46,83751],[-38,59,40869],[-18,22,132325],[-1,29,0],[-29,23,0]],[[7277,35451,0],[27,10,0],[31,-13,35231],[23,-2,151348],[15,-41,90824],[-24,-29,0],[-1,-5,0]],[[7246,35186,0],[-1,1,0],[-26,6,79597],[-18,-38,106940],[-33,1,37597],[-17,7,0],[-9,-9,0]],[[7045,35253,0],[-3,2,0]],[[7042,35255,0],[-1,8,0],[40,-5,98421],[16,15,40444],[8,24,122112],[42,4,74306],[-1,23,74306],[42,-23,0],[17,4,0]],[[7027,34809,0],[0,32,0],[-22,14,31196],[-20,20,57813],[27,-9,94384],[36,13,32646],[19,2,79467],[7,-18,94384],[41,20,50356],[22,21,266682],[13,-7,55850],[-14,-33,67234],[19,-30,106457],[-18,-39,0],[-3,0,0]],[[7400,34787,0],[-7,-8,0],[-33,-22,43529],[-16,-2,105427],[-37,21,0],[-2,1,0]],[[7008,34557,0],[-30,9,0],[-9,-17,60296],[-29,12,60296],[-62,-15,98622],[-22,-15,39351],[-16,0,39351],[-33,-15,312920],[-16,3,31335],[-47,-1,94153],[-53,14,46312],[-19,12,165924],[13,32,0],[11,9,0]],[[7142,35154,0],[-7,-6,0],[19,-46,98939],[-30,-16,239971],[-51,-4,36643],[-17,-7,36643],[-33,-1,82268],[-12,-12,34301],[-24,-8,59386],[-25,2,392903],[25,28,39515],[21,14,92981],[45,2,92981],[-3,15,38519],[-20,17,238473],[-53,-1,117208],[-34,44,280303],[31,8,43268],[4,11,60067],[39,4,136712],[18,24,41627],[-6,7,36087],[13,19,0],[0,7,0]],[[6663,35168,0],[27,10,40727],[6,22,40727],[8,-21,40727],[20,2,110943],[-7,-20,43534],[-22,-21,110943],[-9,17,40549],[-23,11,0]],[[6932,35120,0],[14,8,44535],[18,-8,34367],[-5,-8,44535],[-27,8,0]],[[13716,39039,0],[1,-1,0]],[[13717,39038,0],[9,-14,0],[-5,-17,64985],[19,-4,39931],[26,8,137985],[-11,-21,45766],[-23,-5,34787],[10,-7,34787],[-19,-14,100151],[29,-15,55639],[-15,-11,0],[-1,-1,0]],[[13736,38937,0],[-1,0,0]],[[13016,39312,0],[0,-1,0]],[[13016,39311,0],[10,20,0],[34,20,0]],[[13172,39298,0],[2,-12,0]],[[13174,39286,0],[-1,0,0]],[[13303,39251,0],[-1,2,0]],[[13652,39402,0],[5,-6,0],[0,-26,57954],[13,-1,36029],[-5,-17,36029],[15,-18,136736],[-1,-20,32281],[-10,-17,43561],[7,-7,41129],[-24,-19,503013],[-70,-20,119627],[-9,3,45726],[-81,-12,61580],[-34,3,88836],[-76,-14,230303],[-29,3,43889],[-29,18,42980],[-20,0,0],[-1,-1,0]],[[13568,39235,0],[0,-3,0]],[[13415,39190,0],[26,4,0],[5,8,44967],[53,11,54090],[11,-6,54090],[35,13,35716],[11,10,0],[12,5,0]],[[13407,39214,0],[19,4,31262],[9,-6,42126],[22,10,42126],[-3,-15,50014],[-23,-6,50014],[-24,13,0]],[[13462,39214,0],[16,1,44855],[12,17,31540],[13,5,65566],[8,-14,65566],[-27,-11,42612],[-22,2,0]],[[13360,38655,0],[1,-1,0]],[[13361,38654,0],[-6,-4,0],[-47,8,31677],[-32,9,64994],[-16,-5,33515],[-24,4,129818],[-30,-20,0],[-5,3,0]],[[13201,38649,0],[1,1,0]],[[13085,39367,0],[-43,-9,0],[-4,8,34105],[15,17,62505],[-27,-3,69687],[9,9,33699],[3,24,134878],[55,19,69850],[1,-15,0],[2,0,0]],[[13323,39348,0],[1,4,0],[18,1,42257],[4,13,35326],[19,6,67233],[-4,17,85129],[45,12,92157],[34,18,32828],[13,11,65967],[-23,5,59375],[35,19,176048],[18,-9,31632],[4,-12,62176],[10,13,39158],[14,-7,83599],[21,-46,83599],[20,14,83599],[-19,0,36920],[3,13,36920],[-28,35,83599],[2,9,45113],[43,16,404475],[15,-29,88711],[22,7,45865],[25,-8,99761],[-1,-19,36986],[-16,-7,33859],[3,-10,99761],[25,8,53469],[21,-12,0],[5,-8,0]],[[13499,38703,0],[-19,-14,0],[19,-21,114248],[-10,-9,36828],[-27,1,73244],[2,-25,73244],[-19,-9,35796],[-17,4,172425],[-63,26,0],[-4,-2,0]],[[13749,39088,0],[1,0,0]],[[13750,39088,0],[4,-18,0],[-10,-19,50976],[-28,-12,0]],[[13716,39039,0],[1,-1,0]],[[13389,39099,0],[0,-1,0]],[[13177,39106,0],[-1,1,0]],[[13176,39107,0],[6,2,0],[11,13,61839],[61,10,150757],[11,-18,33009],[16,-9,40717],[6,-17,150757],[21,2,37128],[51,-8,78950],[31,12,0],[-1,5,0]],[[13280,39120,0],[13,20,62799],[16,-1,37933],[6,-16,62799],[36,6,111462],[-27,-16,42438],[-13,-19,111462],[-18,3,45750],[-13,23,0]],[[13291,39156,0],[23,5,34171],[-10,-10,34171],[-13,5,0]],[[13214,38601,0],[12,6,43597],[13,33,99901],[13,8,33402],[42,11,0],[0,-14,32553],[13,-9,81001],[15,3,31545],[13,-10,31545],[13,4,63793],[19,-19,0],[-33,-7,40790],[-8,-10,110727],[-30,2,31093],[-46,-2,59929],[8,17,59929],[-44,-13,0]],[[13303,39251,0],[-10,-9,0],[-7,11,0],[-29,-13,0]],[[13120,39268,0],[-11,-2,0]],[[13109,39266,0],[5,6,0]],[[13165,39355,0],[1,-4,0]],[[13166,39351,0],[-5,5,0],[6,-31,51206],[16,-10,33128],[6,-15,51206],[-17,-1,0],[0,-1,0]],[[13736,38937,0],[-11,-23,0],[-23,-23,57663],[2,-23,96281],[-20,-23,39828],[-21,-10,62057],[-9,-21,33159],[-15,-15,191512],[-61,-29,81542],[-29,-37,55356],[-17,-4,0],[-33,-26,0]],[[13197,39311,0],[-4,10,0]],[[13147,39398,0],[6,-14,0]],[[13139,39252,0],[0,-1,0]],[[13139,39251,0],[-25,-7,0],[-13,13,0],[8,9,0]],[[13157,39257,0],[1,0,0]],[[13158,39257,0],[-19,-6,0]],[[12591,40052,0],[13,9,34578],[-5,-19,34578],[-8,10,0]],[[12601,39957,0],[10,18,45186],[14,-11,45186],[-24,-7,0]],[[12652,40075,0],[10,12,0],[17,-8,0],[-21,-13,0],[12,16,0],[-18,-7,0]],[[12678,40030,0],[23,10,38498],[-15,-18,38498],[-8,8,0]],[[12715,40140,0],[12,15,31776],[-5,-20,31776],[-7,5,0]],[[12808,39835,0],[12,13,39169],[7,-13,39169],[-19,0,0]],[[12847,39863,0],[7,13,34102],[12,-8,42256],[-5,-18,42256],[-14,13,0]],[[13244,39377,0],[2,-8,0],[29,2,39816],[-17,-11,0],[2,-12,0]],[[13260,39348,0],[-1,0,0]],[[13261,39388,0],[19,-12,33602],[-17,1,33602],[-2,11,0]],[[13270,39397,0],[15,13,63984],[35,9,38238],[52,20,0],[8,-12,57065],[-31,-27,0],[-36,-16,42680],[-29,-5,93182],[-14,18,0]],[[13096,39417,0],[26,9,0],[23,-24,0],[2,-4,0]],[[13244,39305,0],[15,1,0]],[[13221,39256,0],[-2,2,0],[-2,17,0]],[[13257,39240,0],[-5,-2,0],[-24,6,0],[-7,12,0]],[[13024,38908,0],[25,10,46610],[-2,-15,46610],[-23,5,0]],[[13035,38891,0],[22,10,47084],[4,-16,47084],[-26,6,0]],[[13058,38933,0],[40,-31,0],[-9,-13,33554],[-13,3,0],[-16,24,35162],[-2,17,0]],[[13231,39408,0],[5,-3,0],[8,-28,0]],[[13643,39221,0],[-1,4,0]],[[13642,39225,0],[40,22,0],[-13,-14,55009],[35,-2,56759],[10,-20,35373],[12,-1,49712],[2,-22,136173],[23,14,36165],[18,2,251756],[6,-17,54585],[-15,-33,38240],[1,-14,78890],[20,-5,78890],[-18,-22,40580],[5,-12,40580],[-18,-12,0],[0,-1,0]],[[13568,39235,0],[15,6,0],[10,-11,40047],[19,6,52113],[17,-25,52113],[10,13,0],[3,1,0]],[[13204,39219,0],[-1,2,0]],[[13154,39235,0],[0,1,0]],[[13154,39236,0],[53,24,0],[13,-38,0],[-16,-3,0]],[[13389,39099,0],[-3,15,0],[16,16,63634],[-12,6,36610],[-20,-10,36610],[-5,9,107601],[27,26,50568],[12,28,0],[11,1,0]],[[13148,38881,0],[2,1,0]],[[13201,38649,0],[-16,8,0],[-16,44,170602],[-28,-1,59749],[-51,8,37611],[-12,9,37611],[-28,0,403618],[-9,21,51544],[13,17,35534],[-4,11,61488],[19,2,41714],[6,16,61488],[-20,11,70216],[13,26,70216],[-17,31,280804],[6,18,31672],[10,1,57492],[13,-31,36802],[10,-6,46129],[-15,39,46129],[32,8,150161],[8,-21,42768],[0,-23,32639],[9,-36,61759],[10,-8,150161],[5,23,35013],[-11,17,33247],[12,-2,33247],[3,36,55506],[8,11,0],[-3,3,0]],[[13109,39295,0],[-11,-5,0]],[[13098,39290,0],[-4,4,0],[-8,2,0]],[[13193,39321,0],[-3,7,0],[-24,23,0]],[[13186,39212,0],[1,-1,0]],[[13187,39211,0],[-11,-8,0],[-12,7,33950],[-14,-8,35172],[-44,5,56584],[3,8,0],[40,18,0]],[[13204,39219,0],[-9,-2,0],[-8,-6,0]],[[13149,39233,0],[5,3,0]],[[13114,39272,0],[2,2,0],[-18,16,0]],[[13174,39286,0],[2,-15,0],[-7,-11,0],[-11,-3,0]],[[13148,38881,0],[-23,26,0],[-11,24,40929],[-17,11,69604],[10,16,79991],[-32,30,257690],[25,12,78567],[-9,19,40584],[12,13,40584],[-18,4,78567],[5,16,40506],[18,3,51967],[-7,14,136051],[26,22,46241],[15,-5,33339],[7,10,0],[27,11,0]],[[13067,39060,0],[21,2,31142],[-9,-9,31142],[-12,7,0]],[[13086,39296,0],[-19,5,0],[-24,-6,51021],[-30,10,0],[3,6,0]],[[13260,39348,0],[1,-3,0]],[[13261,39344,0],[0,1,0]],[[13261,39344,0],[2,-17,0],[-12,-12,0],[-11,-2,0]],[[6180,33194,0],[-2,-2,0]],[[6043,33219,0],[1,5,0]],[[6044,33224,0],[50,16,0],[-12,-26,65442],[-24,-6,43681],[-16,-17,65442],[30,-1,140088],[51,40,34615],[15,15,79800],[27,7,160614],[28,-22,47236],[5,-18,97151],[-23,-19,0],[5,1,0]],[[12156,37935,0],[-1,-1,0]],[[12061,38076,0],[1,1,0]],[[12062,38077,0],[2,-13,0],[28,-40,95047],[47,-12,157887],[-3,-14,51671],[19,-54,0],[1,-9,0]],[[11176,37262,0],[-21,13,0],[-55,14,36691],[-17,9,190826],[12,22,86362],[64,17,110334],[-16,16,43237],[11,9,0],[-14,0,0]],[[11140,37362,0],[2,11,0]],[[10417,37622,0],[1,-2,0]],[[10563,37360,0],[-1,0,0]],[[10562,37360,0],[0,3,0],[-18,-4,47043],[10,20,33688],[13,6,56688],[-9,16,31123],[-12,3,63149],[6,29,166036],[-37,4,33952],[-10,-4,66378],[-22,15,228386],[21,33,78429],[-12,17,62344],[3,13,31838],[17,17,45544],[-6,8,262921],[-53,7,57319],[-34,-6,35433],[2,9,31810],[-22,-6,221113],[1,12,31542],[14,23,64236],[-3,33,38141],[-28,2,38141],[29,7,0],[5,5,0]],[[9825,37691,0],[2,7,36156],[33,7,48676],[5,-10,48676],[-21,-7,32963],[-19,3,0]],[[9826,37644,0],[14,4,35445],[14,-12,47048],[-11,-10,47048],[-17,18,0]],[[9861,37653,0],[22,15,53102],[3,-20,53102],[-25,5,0]],[[9894,37676,0],[23,9,62457],[1,-29,62457],[-23,9,37915],[-1,11,0]],[[9921,37643,0],[15,16,34190],[5,-8,34190],[-20,-8,0]],[[10022,37658,0],[13,5,32138],[20,-7,38208],[-12,-7,38208],[-21,9,0]],[[10097,37581,0],[0,5,35683],[40,9,38632],[-6,-9,38632],[-34,-5,0]],[[10298,37570,0],[2,6,33360],[51,48,129277],[12,1,48664],[11,-22,35033],[-4,-12,129277],[-31,-21,71121],[-41,0,0]],[[10412,37954,0],[15,9,0],[15,-3,41739],[14,18,63891],[-13,17,83601],[9,12,30654],[21,12,46793],[-19,-1,33258],[1,9,46793],[26,7,38983],[16,-6,62696],[7,17,0],[25,8,0]],[[10529,38053,0],[1,-1,0]],[[10133,38057,0],[25,12,37263],[-6,-12,37263],[-19,0,0]],[[10321,37957,0],[30,29,102050],[46,12,33089],[10,-12,33089],[4,15,33089],[19,5,138243],[12,-24,138243],[-38,-18,30727],[-43,-16,110041],[-36,-1,44896],[-4,10,0]],[[10351,37997,0],[49,16,57642],[-3,-13,57642],[-46,-3,0]],[[12169,37841,0],[-2,0,0]],[[12156,37935,0],[3,-20,0],[15,-30,0],[-5,-44,0]],[[11400,38475,0],[0,-1,0]],[[11445,38386,0],[2,0,0]],[[11447,38386,0],[-20,-21,0],[22,-11,61836],[10,24,112382],[35,-17,56566],[-19,-6,56566],[12,-18,47832],[20,15,47832],[5,-18,34475],[-10,-5,0],[1,0,0]],[[11503,38329,0],[0,-1,0]],[[11180,38409,0],[27,0,0],[31,14,57810],[37,-1,42019],[18,7,98397],[7,21,95327],[81,19,0],[19,6,0]],[[11206,38483,0],[26,4,31470],[4,-6,31470],[-30,2,0]],[[11279,38511,0],[12,8,36043],[5,-15,36043],[-17,7,0]],[[11290,38473,0],[33,8,41593],[3,-9,41593],[-36,1,0]],[[11378,38498,0],[24,8,38915],[-5,-12,38915],[-19,4,0]],[[10889,38347,0],[-1,1,0]],[[10888,38348,0],[19,11,0],[-18,17,64765],[40,2,98689],[19,-17,63311],[-6,-11,40140],[10,-27,184650],[14,-7,33407],[5,12,37249],[14,-9,84183],[16,35,132307],[29,-11,41270],[20,3,62661],[0,-20,62661],[24,8,33262],[9,12,267092],[-8,18,41290],[11,12,47306],[-9,11,31659],[-1,19,99975],[-13,-6,32858],[-28,2,48513],[-19,7,99975],[37,18,36965],[19,-3,36965],[10,10,200432],[42,-1,74024],[13,-16,39963],[17,5,38648],[6,-13,0],[20,0,0]],[[10279,37847,0],[-5,6,0]],[[10274,37853,0],[45,34,0],[-2,12,69161],[54,28,39362],[9,10,0],[32,17,0]],[[10293,37879,0],[16,15,33100],[8,-4,33100],[-24,-11,0]],[[10317,37912,0],[39,16,30640],[-17,-11,30640],[-22,-5,0]],[[10529,38053,0],[30,10,0],[-67,-11,116916],[4,11,40285],[25,3,40285],[8,15,33246],[17,8,87416],[30,-5,33491],[17,4,72095],[15,-12,52084],[-4,20,30596],[5,11,130124],[37,9,36914],[-10,4,36914],[-35,-9,36914],[-10,11,31634],[-11,-5,34739],[-11,12,0],[23,8,0]],[[10379,38152,0],[20,13,51612],[5,-19,51612],[-25,6,0]],[[10402,38295,0],[12,10,33228],[10,-7,33228],[-22,-3,0]],[[10508,38094,0],[15,11,33373],[5,-9,33373],[-20,-2,0]],[[10522,38112,0],[11,10,40068],[22,-4,40068],[-10,-7,31845],[-23,1,0]],[[11065,37379,0],[-1,-9,0]],[[11064,37370,0],[-16,2,0],[-41,-1,44386],[-50,-10,0],[-33,-9,0]],[[10924,37352,0],[-1,7,0]],[[10860,37131,0],[1,-1,0]],[[10508,37013,0],[-2,1,0]],[[10506,37014,0],[-1,17,0],[20,7,35429],[19,16,43040],[25,6,73766],[-1,20,53786],[25,5,152198],[-11,38,328661],[37,30,66793],[11,-11,66793],[17,15,44560],[32,9,95858],[-18,-20,52275],[23,-1,52275],[0,-23,95858],[12,9,35613],[-2,18,35613],[18,35,95858],[21,8,30733],[34,23,210049],[19,-13,57956],[-13,-22,144971],[18,13,34088],[21,3,51530],[20,20,71464],[21,9,30700],[16,-1,435895],[24,-12,37088],[5,-12,58653],[-19,-11,42054],[16,-7,67194],[41,13,67194],[5,-6,36572],[-24,-19,172047],[-8,9,43843],[-21,-18,49408],[-50,-2,36257],[-19,-6,129663],[-5,15,61358],[-28,-41,102023],[30,-6,51706],[-7,-12,35700],[15,-5,104167],[35,27,0],[1,0,0]],[[10496,37081,0],[8,8,37805],[33,1,41784],[24,19,41703],[16,1,41784],[-27,-21,44918],[-29,-11,44918],[-25,3,0]],[[10551,37144,0],[10,21,74421],[50,42,54435],[16,4,141336],[9,-21,45430],[-8,-23,141336],[7,-9,36550],[-25,1,36550],[-26,-21,84871],[-27,-5,42611],[-6,11,0]],[[10822,37132,0],[5,10,35769],[21,3,51624],[-6,-21,51624],[-20,8,0]],[[10853,37234,0],[13,26,60508],[14,-19,60508],[-27,-7,0]],[[10930,37282,0],[24,24,50942],[16,-3,50942],[-22,-10,33562],[-2,-12,33562],[-16,1,0]],[[10933,37258,0],[23,14,59645],[32,4,39396],[4,-8,59645],[-59,-10,0]],[[10961,37214,0],[6,17,38182],[11,-10,38182],[42,27,58906],[36,10,128835],[10,-9,43924],[35,2,53953],[-3,-10,31542],[-19,-5,44305],[-9,9,98905],[-29,-20,44338],[-39,-14,44338],[-8,-11,128835],[-29,4,41107],[-4,10,0]],[[10989,37285,0],[21,18,30963],[23,13,113450],[6,-21,32911],[11,-8,96481],[-21,-11,33900],[6,-6,33900],[-21,-16,113450],[-10,22,37996],[-15,9,0]],[[10592,38137,0],[60,20,0],[12,-26,33573],[11,12,33573],[-14,3,33573],[-4,16,33573],[16,18,89860],[-11,19,33463],[-5,-9,33463],[-25,10,96500],[12,16,32199],[-4,9,30778],[19,-3,214477],[32,-28,65352],[-10,19,30902],[4,9,65352],[38,-11,115599],[-3,18,31569],[10,-2,50965],[-18,22,115617],[17,-7,38946],[13,10,50502],[21,-14,42976],[19,3,270729],[2,-18,66854],[44,-18,85198],[3,-28,0],[4,-3,0]],[[10835,38174,0],[-1,-1,0]],[[10525,38237,0],[5,8,34345],[19,-7,34345],[-24,-1,0]],[[11140,37362,0],[-19,1,0],[-57,7,0]],[[10273,37746,0],[-1,0,0]],[[10272,37746,0],[-1,4,0],[-39,12,52501],[-14,-11,42242],[-23,4,52501],[13,15,52501],[-28,11,35447],[-11,-3,118932],[-10,27,258911],[39,20,52725],[50,12,51288],[1,8,32193],[23,7,0],[2,1,0]],[[10073,37768,0],[26,18,32917],[-6,-11,32917],[-20,-7,0]],[[10101,37777,0],[25,15,37150],[0,-10,37150],[-25,-5,0]],[[11890,38180,0],[1,0,0]],[[11891,38180,0],[15,-5,0],[-1,-14,100377],[45,-4,42101],[41,-11,73721],[32,6,213782],[7,-22,32022],[-5,-9,31738],[7,-22,88848],[30,-22,0]],[[11202,37020,0],[0,-2,0]],[[11014,37127,0],[64,11,0],[9,-17,39925],[7,-49,76988],[7,-19,31538],[17,-18,176478],[31,-5,38532],[6,-10,32542],[21,-3,0],[26,3,0]],[[10902,38166,0],[-2,1,0]],[[10900,38167,0],[1,0,0],[-1,0,0]],[[10898,38166,0],[-25,-7,0],[-27,22,103322],[22,16,62679],[2,32,125605],[-39,22,229081],[17,17,36324],[25,11,31672],[11,12,71937],[-6,14,39829],[16,10,122399],[-35,20,50741],[4,8,30981],[-15,11,76660],[34,8,57765],[2,-17,0],[4,3,0]],[[10897,38163,0],[-1,-1,0]],[[10893,38160,0],[-1,0,0]],[[10892,38160,0],[5,3,0]],[[12118,37780,0],[0,-1,0]],[[12118,37779,0],[-30,2,0],[-6,4,34093],[-13,-22,51980],[16,-9,51980],[-7,-24,0],[11,4,0]],[[12089,37734,0],[-8,-9,0]],[[10417,37622,0],[17,16,0],[13,3,44436],[-23,20,81820],[5,14,37771],[27,27,135393],[-42,-4,39092],[-6,-16,32158],[-13,-6,39092],[6,20,39092],[-41,-8,135393],[9,-11,51533],[-17,-27,90529],[-40,-4,38078],[9,7,64075],[-10,24,90529],[46,5,90529],[0,9,31011],[17,21,79447],[23,-6,34340],[-6,10,34340],[28,13,0],[-3,0,0]],[[10416,37729,0],[1,1,0]],[[10292,37604,0],[13,15,41059],[13,-7,41059],[-26,-8,0]],[[11361,37089,0],[0,-2,0]],[[11361,37087,0],[-48,4,0],[-21,-11,92302],[-22,3,38038],[-8,13,49348],[-47,11,209984],[-27,17,42482],[-23,25,137179],[16,29,45911],[17,8,0],[10,11,0]],[[11208,37197,0],[33,-37,0]],[[10860,37131,0],[27,-3,0],[13,-35,142115],[88,30,0],[26,4,0]],[[10919,37130,0],[20,6,47577],[-1,-19,47577],[-17,-3,40312],[-2,16,0]],[[10960,37183,0],[45,7,66695],[22,20,86925],[26,1,37236],[5,-8,161880],[-30,-25,59193],[-11,-29,161880],[-51,18,64377],[-6,16,0]],[[11787,38234,0],[1,3,0]],[[11788,38237,0],[16,-4,0],[26,1,53809],[28,-18,57850],[28,1,132864],[-6,-25,43340],[20,-2,35989],[-11,-10,0],[2,0,0]],[[10897,38163,0],[3,4,0]],[[10835,38174,0],[28,-23,0],[21,2,0],[8,7,0]],[[10924,37352,0],[-19,-5,0],[-25,-14,30713],[-31,-10,33578],[-29,-15,54861],[-13,-13,49044],[-50,-21,287578],[-61,-10,68103],[-21,9,33897],[-2,-8,33897],[-24,4,126468],[9,11,37581],[-11,14,217936],[-60,-17,54308],[-41,-3,109470],[-37,-28,462327],[-2,27,43295],[-12,28,161856],[18,2,58138],[21,24,37491],[-1,11,58138],[29,13,0],[0,9,0]],[[11400,38475,0],[41,13,0],[31,0,43059],[12,13,43059],[23,-4,102473],[23,19,74625],[28,10,39333],[26,-1,51196],[29,14,317409],[3,-13,36397],[17,-1,48427],[-3,-17,109467],[-42,-19,76046],[0,-23,218305],[-16,-5,36224],[-2,-20,34507],[-10,2,47962],[-51,-27,70403],[-7,4,38255],[-42,-14,60753],[-7,-14,0],[-6,-6,0]],[[11358,38632,0],[27,6,56157],[7,-18,56157],[-25,0,43548],[-9,12,0]],[[11480,38514,0],[27,14,44336],[6,-10,44336],[-33,-4,0]],[[11501,38541,0],[64,31,104549],[10,-12,69282],[-29,-18,32690],[-14,-16,104549],[-31,15,0]],[[11632,38532,0],[24,11,41408],[12,-6,41408],[-36,-5,0]],[[11668,38546,0],[26,13,38107],[2,-8,34606],[-22,-11,38107],[-6,6,0]],[[11670,38506,0],[13,13,32036],[5,-9,32036],[-18,-4,0]],[[11699,38561,0],[22,14,37583],[-15,-20,39075],[24,15,59442],[-17,-24,59442],[-14,15,0]],[[11751,38577,0],[23,-8,38672],[-8,-8,38672],[-15,16,0]],[[11202,37020,0],[51,5,0],[25,16,43596],[34,8,127256],[27,-5,48225],[15,-17,36718],[15,-2,204864],[22,21,82119],[1,34,53335],[-15,6,0],[-16,1,0]],[[10488,36898,0],[-2,0,0]],[[10486,36898,0],[3,2,26910],[-29,22,29490],[-7,12,103034],[-17,4,34103],[15,8,34103],[9,34,164747],[22,7,46592],[24,24,0],[0,3,0]],[[12089,37734,0],[57,19,0],[14,19,69495],[21,-15,48579],[-2,-17,69495],[21,-5,35198],[12,7,57734],[10,-16,178696],[20,16,32613],[4,13,32613],[27,24,0],[27,3,0]],[[12169,37841,0],[-1,-9,0],[-33,-54,0],[-17,1,0]],[[11503,38329,0],[32,-1,0],[26,-16,62435],[42,-1,113930],[18,20,93704],[-15,10,38023],[-21,-3,49887],[-20,15,113930],[-17,-12,43306],[-33,-5,113930],[0,27,53080],[-19,28,98995],[-25,-7,36454],[-5,8,307866],[92,41,63079],[10,-2,31187],[10,16,31187],[52,26,355929],[7,-20,69189],[21,-1,36879],[-4,-11,37601],[18,-13,36193],[0,-13,44164],[23,-15,234595],[-10,-20,39799],[-3,-34,54875],[-24,-35,54875],[3,-19,0],[2,-1,0]],[[11663,38291,0],[-1,-1,0]],[[10416,37729,0],[-28,4,0],[-9,-9,35190],[-27,-6,62573],[4,8,31950],[-20,5,62573],[-59,-5,88591],[-29,-11,50791],[1,17,50791],[26,5,0],[-3,9,0]],[[11663,38291,0],[10,-5,0],[-4,-31,132750],[22,-6,53473],[20,17,58948],[21,3,31534],[33,-3,112122],[0,-23,0],[23,-6,0]],[[12300,37782,0],[2,0,0],[46,-4,72105],[13,16,41510],[24,7,72105],[14,-15,289844],[42,27,54130],[28,-1,54130],[-3,19,54130],[11,11,35032],[23,6,130790],[8,14,34843],[27,26,39207],[15,6,39207],[0,12,32313],[14,10,239356],[52,4,46858],[23,-6,115338],[32,12,53946],[4,17,0]],[[11208,37197,0],[15,18,0],[38,18,56576],[9,19,108883],[-34,1,42603],[-31,-9,0],[-29,18,0]],[[6179,33041,0],[-2,-1,0]],[[6180,33194,0],[20,3,0],[17,13,31357],[-6,5,35690],[26,23,129767],[34,5,62621],[24,-15,289934],[5,-14,33297],[-10,-10,53983],[10,-19,33041],[-17,-15,33041],[20,7,36049],[-2,-12,142597],[-46,-5,78072],[6,-13,35100],[-23,-36,35100],[2,-7,32980],[17,29,78072],[31,16,38309],[6,-5,78072],[-20,-24,49758],[-2,-18,37183],[-17,-27,251793],[-26,-4,48703],[9,17,96279],[-40,-19,62124],[-21,-27,0],[2,-1,0]],[[6277,33079,0],[2,12,52102],[27,12,24958],[-11,-1,24958],[30,20,60614],[-6,-18,60614],[-12,-1,28769],[-5,-12,28769],[-25,-12,0]],[[6289,33126,0],[16,25,83206],[24,11,46685],[26,-5,83206],[-16,-9,32812],[1,-11,71609],[-44,-17,48420],[-7,6,0]],[[10121,37086,0],[1,0,0]],[[10122,37086,0],[16,-8,0],[50,16,171053],[12,-27,50291],[26,15,50291],[1,-16,50291],[-28,-1,82742],[-9,-17,31861],[-18,-14,82742],[-4,-47,0],[6,-10,0]],[[10174,36977,0],[-3,-1,0]],[[9182,36878,0],[30,9,32602],[0,6,78689],[33,-8,42569],[1,-10,84280],[21,13,32057],[23,4,0],[3,-14,42922],[-15,-29,132916],[-14,15,48054],[-13,-8,41634],[10,-17,54383],[-16,-8,46621],[-41,3,0],[-13,18,33299],[-9,26,0]],[[9268,36968,0],[11,5,31379],[-2,-16,31379],[-9,11,0]],[[9394,37098,0],[16,14,42861],[13,-8,42861],[-29,-6,0]],[[9401,37089,0],[1,7,32487],[28,1,59617],[13,-8,39973],[-13,-13,59617],[-20,4,35117],[10,13,35117],[-19,-4,0]],[[9420,37060,0],[26,6,31551],[-2,-7,31551],[-24,1,0]],[[9439,37076,0],[23,6,35568],[4,-9,35568],[-27,3,0]],[[9479,37093,0],[17,11,31384],[-5,-13,31384],[-12,2,0]],[[5214,33008,0],[1,0,0]],[[5572,32787,0],[-10,4,0],[-27,2,71464],[-1,18,34772],[-12,15,160907],[-86,14,43373],[-28,0,43373],[-40,10,331511],[-19,16,35886],[-56,34,66339],[-53,21,66339],[-21,23,201913],[-5,28,33530],[3,18,0],[-3,18,0]],[[12297,38759,0],[0,1,0]],[[12297,38760,0],[23,7,0],[23,18,38091],[23,9,131108],[25,0,30857],[42,6,54881],[14,-8,46301],[36,5,198579],[-10,-23,76692],[22,-1,39049],[11,-25,39049],[5,13,0],[27,2,0]],[[12538,38763,0],[1,-1,0]],[[12539,38762,0],[-3,-17,0],[-18,-6,54657],[-5,-30,141493],[17,-11,39236],[0,-15,47805],[29,-22,88549],[23,6,141493],[5,-12,38923],[-16,-15,44933],[6,-17,68364],[21,0,65455],[-18,-38,48210],[12,3,0],[-7,-17,0]],[[12585,38571,0],[-6,2,0]],[[12552,38678,0],[29,22,58594],[13,-2,30687],[-5,-11,54627],[-26,-21,58594],[-11,12,0]],[[12594,38578,0],[24,8,41342],[7,-9,41342],[-22,-6,34079],[-9,7,0]],[[12926,39011,0],[-3,1,0]],[[12842,38999,0],[0,-1,0]],[[12842,38998,0],[-3,5,0],[-16,-15,50756],[-44,-14,165633],[-15,26,90198],[-30,12,42374],[-13,-5,35165],[-20,9,272483],[30,11,55867],[-24,8,55867],[0,25,131768],[20,13,45506],[40,8,74801],[40,-8,74801],[6,28,74801],[-34,-1,0],[-8,6,0]],[[12771,39106,0],[40,13,0]],[[12941,39117,0],[3,0,0]],[[12944,39117,0],[0,-1,0],[-11,-4,36783],[-8,-27,60401],[5,-31,60237],[-17,-20,126376],[32,-5,0],[-19,-18,0]],[[12923,38904,0],[0,1,0]],[[12809,38940,0],[-1,1,0]],[[12808,38941,0],[1,1,0],[-1,14,32180],[-17,6,32180],[20,3,68217],[36,24,0],[-5,9,0]],[[12926,39011,0],[-16,-15,0],[11,-20,77318],[42,8,62478],[13,-13,174300],[-10,-25,44293],[-15,-14,33297],[-14,-25,0],[-14,-3,0]],[[12585,38571,0],[0,-2,0],[-13,-8,0],[6,-24,0]],[[12578,38537,0],[-1,-3,0]],[[12762,38221,0],[-2,4,0]],[[13103,38432,0],[1,-1,0]],[[13104,38431,0],[-46,-32,0],[-41,-39,148249],[-48,-18,53618],[-54,-31,71358],[-75,-28,171586],[-31,-18,55707],[-41,-43,0],[-6,-1,0]],[[12132,38732,0],[1,0,0]],[[12275,38758,0],[3,1,0]],[[12278,38759,0],[-2,-6,0],[21,7,0]],[[12174,38684,0],[0,-1,0]],[[12174,38683,0],[-34,8,0],[-34,-6,47529],[-27,7,92073],[19,-24,92073],[21,5,31660],[11,11,62004],[26,-8,0],[18,6,0]],[[12174,38682,0],[0,-1,0]],[[12173,38642,0],[-3,-2,0]],[[12170,38640,0],[-25,-5,0],[-22,-18,45500],[-9,9,45500],[-16,-7,32460],[-3,-13,204581],[-33,12,59552],[-4,20,94505],[-17,-6,37718],[-12,9,37718],[-21,-5,55739],[-10,10,94505],[63,17,107156],[4,12,33335],[-13,9,38706],[-7,-11,38706],[-28,12,33787],[26,-1,26555],[6,6,26555],[-25,-4,26555],[-17,10,259962],[42,-6,70102],[6,5,22018],[20,-2,22018],[-21,6,22018],[1,10,87489],[19,-4,35727],[27,5,55869],[15,-12,135032],[21,2,37725],[13,13,69949],[-24,14,0],[6,5,0]],[[11827,38601,0],[8,9,41030],[25,-9,43330],[-18,-9,43330],[-15,9,0]],[[11844,38611,0],[9,10,34308],[26,6,54570],[-2,-15,54570],[-33,-1,0]],[[11895,38633,0],[4,7,30760],[20,-7,30760],[-15,-7,30712],[-9,7,0]],[[11927,38676,0],[3,7,36604],[29,-4,39593],[-11,-9,39593],[-21,6,0]],[[11969,38681,0],[1,6,32115],[32,9,40074],[0,-9,40074],[-33,-6,0]],[[12923,38904,0],[-10,-2,0],[-16,-18,0],[12,-17,0]],[[12909,38867,0],[-2,-2,0]],[[12644,38738,0],[-1,0,0]],[[12643,38738,0],[7,4,0],[-15,31,82877],[-25,-2,41614],[-16,11,88635],[14,22,70746],[-39,-2,70746],[-3,22,400498],[16,2,37120],[25,18,59482],[43,5,146356],[-10,13,57568],[36,11,57568],[16,32,174476],[43,13,67769],[-15,-23,96250],[24,7,45656],[-2,18,45656],[21,-8,45656],[30,15,0],[15,14,0]],[[12538,38763,0],[1,0,0],[0,-1,0]],[[12520,38784,0],[23,18,51031],[20,-4,103146],[6,-41,103146],[-27,5,52047],[6,14,39103],[-20,-5,39103],[-8,13,0]],[[12534,38823,0],[26,14,35642],[-9,-14,35642],[-17,0,0]],[[12113,38211,0],[0,1,0]],[[12306,38084,0],[-3,-1,0]],[[12303,38083,0],[-6,22,0],[-26,11,76931],[-6,34,40923],[-10,12,167252],[-40,15,36498],[-45,11,68227],[-31,19,0],[-26,4,0]],[[11872,38407,0],[-4,10,0]],[[11868,38417,0],[32,-3,0],[-6,22,47131],[14,16,145732],[37,14,51736],[19,19,63926],[15,-3,33814],[6,12,33814],[28,7,180575],[-13,9,52350],[42,8,52350],[-12,12,52350],[-28,-11,52350],[-11,7,38501],[11,16,303844],[33,9,40098],[31,0,79262],[8,11,33980],[27,12,77538],[57,7,0],[1,1,0]],[[11903,38565,0],[1,13,37272],[20,12,91286],[36,2,68427],[4,-23,91286],[-32,-13,64591],[-17,-1,32112],[-12,10,0]],[[11970,38550,0],[3,12,43020],[30,11,56366],[6,-12,56366],[-39,-11,0]],[[11997,38589,0],[8,10,32686],[19,0,47009],[8,-11,47009],[-26,6,31783],[-9,-5,0]],[[12007,38572,0],[29,3,31253],[-22,-8,31253],[-7,5,0]],[[12064,38576,0],[38,19,48436],[1,-10,48436],[-39,-9,0]],[[12113,38211,0],[-40,5,0],[-5,16,37543],[-15,0,37543],[-15,17,110711],[-63,0,110711],[-24,17,46844],[-17,-5,46844],[-59,14,67166],[-38,18,428756],[-4,13,36035],[-21,17,40770],[-15,2,40770],[2,17,188320],[17,5,35960],[-6,11,35960],[17,33,76206],[36,26,0],[5,0,0]],[[12943,38712,0],[11,2,0]],[[12954,38714,0],[0,-9,0],[24,-32,83449],[-22,-7,40962],[0,-14,120233],[37,-29,56511],[-3,-12,35074],[15,-13,255768],[49,-9,51193],[34,-17,140487],[14,-41,103585],[25,-6,35065],[25,-14,366842],[-12,-36,56603],[-19,-15,39366],[-10,-24,0],[-7,-5,0]],[[12748,39190,0],[-1,-2,0]],[[12747,39188,0],[-7,4,0],[-10,-7,33498],[-14,11,35113],[-30,-4,172324],[-5,67,83968],[48,13,41614],[6,8,83968],[-40,0,38599],[-2,6,363318],[96,31,171732],[38,7,35291],[-4,-7,60548],[-55,-19,70654],[-13,-10,32683],[36,13,35527],[-6,-11,35527],[21,5,63752],[22,16,70654],[34,-6,58314],[-9,-15,42413],[18,-4,137423],[52,21,0],[7,-18,0]],[[12545,39227,0],[42,10,82083],[-9,-30,82083],[-14,-3,45937],[-19,23,0]],[[12572,39187,0],[27,14,74382],[14,42,135169],[37,16,57194],[-34,1,40345],[-1,8,57194],[39,6,57194],[24,-17,191654],[-2,-61,191654],[-50,-17,87165],[-23,0,31895],[1,8,31895],[-23,-7,41664],[-9,7,0]],[[12632,39281,0],[32,12,53009],[5,-13,53009],[-37,1,0]],[[12132,38732,0],[12,8,0],[-23,1,33122],[-20,-7,41568],[19,-4,41568],[-38,-8,77063],[-24,10,230189],[3,42,92137],[52,-8,92137],[53,6,37684],[13,-4,37684],[36,9,92137],[1,11,44330],[-32,-8,44330],[-33,9,90767],[-15,13,38170],[-1,-16,38170],[-74,-3,94008],[0,24,66303],[32,34,393450],[20,3,49892],[10,-19,127708],[16,17,49965],[27,-3,49965],[-3,16,49965],[30,26,127708],[34,-1,43901],[-3,-9,110551],[43,10,52762],[-7,10,62828],[47,11,39534],[5,-15,39534],[11,19,393450],[49,0,54997],[10,-10,112866],[-30,-35,107028],[48,7,62327],[4,-14,270622],[-53,-35,57612],[0,-14,41780],[-22,20,57612],[-10,-24,108634],[-16,-7,39079],[-37,-2,58236],[1,16,58236],[-38,-13,108634],[8,-9,34623],[26,-3,54474],[45,10,54474],[5,-10,45238],[-30,-7,0],[-5,-17,0]],[[12062,38831,0],[17,16,38269],[15,-1,39716],[-29,-22,39716],[-3,7,0]],[[12039,38879,0],[22,3,33472],[-12,-11,33472],[-10,8,0]],[[12039,38893,0],[18,12,51691],[7,-20,51691],[-25,8,0]],[[12062,38857,0],[3,22,44578],[19,15,35342],[-1,10,114906],[22,-4,39916],[16,-15,109127],[2,25,31403],[-6,7,53452],[12,28,109127],[14,-32,51523],[15,-4,109127],[1,-16,37533],[-15,-17,70120],[-17,-4,34557],[-17,-16,114906],[-48,1,0]],[[12089,38914,0],[18,6,53170],[10,-23,53170],[-28,17,0]],[[12161,38934,0],[6,9,38649],[32,5,70926],[9,-8,50101],[-29,-22,70926],[13,-16,62476],[33,10,100960],[-8,30,100960],[15,3,34799],[25,-10,79511],[36,7,44735],[15,12,75444],[34,-7,0],[-9,-18,47977],[-31,-17,145303],[-57,-11,51928],[-23,3,70889],[-52,-16,0],[4,32,52287],[-13,14,0]],[[12190,38924,0],[20,2,39781],[-5,-14,39781],[-15,12,0]],[[12220,38958,0],[62,14,59435],[19,-5,70190],[-76,-19,70190],[-5,10,0]],[[12576,38106,0],[-1,1,0]],[[12762,38221,0],[-19,-6,0],[-42,-20,61010],[-27,-28,61010],[-14,-6,32317],[-26,-24,32723],[-21,-9,31320],[-18,-15,0],[-19,-7,0]],[[12526,39037,0],[36,14,40602],[4,9,63080],[38,7,47989],[26,15,153647],[29,-4,48877],[-3,-17,48877],[26,4,0],[3,-47,42991],[8,-12,56793],[-4,-25,33560],[4,-26,58619],[-14,-18,58619],[22,-14,0],[-44,-16,64908],[1,-16,96370],[-31,-10,47497],[-30,2,124287],[6,20,66030],[44,24,124287],[-28,0,37531],[-17,8,61474],[-53,-6,40179],[-15,3,318406],[21,29,52471],[-13,5,67476],[31,35,60373],[-22,0,36511],[2,11,58173],[26,15,177386],[-53,10,0]],[[12548,38897,0],[20,10,32202],[4,-7,32202],[-24,-3,0]],[[12555,39074,0],[29,16,53082],[16,-8,53082],[-45,-8,0]],[[12586,39104,0],[6,8,47946],[38,10,33002],[13,-1,107980],[1,-25,65496],[-29,-18,107980],[-2,6,30563],[-26,8,42013],[-1,12,0]],[[12576,38106,0],[-30,-11,0],[-17,-21,37225],[-28,-21,78505],[-38,-17,33797],[-24,-16,211661],[-29,5,40856],[-29,-4,97978],[-21,-12,36367],[-16,-20,96089],[-20,6,34457],[-25,-2,323670],[3,31,47473],[-10,23,74546],[14,22,0],[-3,14,0]],[[11921,38825,0],[23,12,71919],[12,-10,32689],[12,5,38540],[14,-13,71919],[-59,-2,51967],[-2,8,0]],[[11939,38785,0],[8,13,32329],[25,17,52160],[11,-4,63164],[18,10,31045],[21,3,36923],[11,12,36923],[10,-9,32129],[10,9,0],[4,-46,54464],[-17,-16,54464],[13,-17,0],[-50,0,91587],[-18,7,41609],[-7,20,78264],[-17,-11,50852],[-22,12,0]],[[11966,38744,0],[3,4,30786],[39,-6,67624],[20,-12,40929],[-14,-6,67624],[-47,10,53341],[-1,10,0]],[[12578,38537,0],[1,-3,0],[22,19,54205],[13,-4,33356],[18,9,120294],[2,19,42591],[17,7,42591],[-22,9,42591],[7,13,99860],[37,17,290179],[-1,9,39777],[-29,-3,61055],[3,19,50614],[-23,8,137296],[9,25,53932],[28,3,53932],[-19,11,33158],[-5,-10,33158],[-16,10,33158],[13,4,53932],[10,20,99954],[-25,6,0],[25,13,0]],[[12595,38716,0],[17,2,40936],[8,-16,40936],[-18,1,36113],[-7,13,0]],[[12174,38682,0],[1,0,0],[-1,1,0]],[[12159,38582,0],[50,46,0],[-30,-9,38064],[11,12,38064],[-23,1,38003],[10,10,0],[-7,-2,0]],[[12123,38612,0],[34,15,61929],[12,-14,61929],[-35,-14,59356],[-11,13,0]],[[12268,38988,0],[18,16,67012],[30,4,35807],[16,-5,67012],[-28,-7,36305],[-15,-11,54549],[-21,3,0]],[[12311,38973,0],[49,8,69626],[-15,8,51742],[19,20,69626],[16,-1,44422],[-1,-16,33062],[12,-5,0],[-31,-24,43105],[3,-9,0],[-52,19,0]],[[12353,39030,0],[13,9,37163],[2,-16,37163],[-15,7,0]],[[12381,39031,0],[7,8,35261],[38,7,86651],[-38,5,38848],[41,2,38848],[10,-12,34031],[-3,-16,49304],[-15,-9,86651],[-23,-1,31898],[6,8,31898],[-23,8,0]],[[12402,39122,0],[23,-3,39565],[-19,-9,39565],[-4,12,0]],[[12421,38933,0],[9,13,41989],[20,-3,42934],[-13,-16,42934],[-16,6,0]],[[12422,39064,0],[21,16,43805],[4,-12,43805],[-25,-4,0]],[[12446,39046,0],[32,-3,49385],[-28,-10,49385],[-4,13,0]],[[12453,39064,0],[26,28,33331],[-6,-15,33331],[15,5,33331],[-5,18,52047],[20,8,93682],[3,-18,42946],[-14,-22,93682],[15,-10,52721],[-34,-3,45346],[6,12,40862],[-26,-3,0]],[[12464,38927,0],[32,9,41667],[-20,-15,41667],[-12,6,0]],[[12466,38951,0],[34,6,55366],[-14,-18,55366],[-20,12,0]],[[12771,39106,0],[-3,2,0],[13,15,47307],[-26,1,74960],[40,26,101704],[-6,11,37804],[-26,7,47211],[6,9,0],[-22,11,0]],[[12930,39289,0],[1,-2,0],[13,-3,36199],[-6,-17,44722],[-16,-4,61202],[-20,-22,32709],[-21,-13,220906],[26,1,88033],[-20,-34,63593],[11,-16,103773],[42,5,103773],[0,-19,50346],[23,0,70025],[-15,-25,0],[-4,-23,0]],[[12909,38867,0],[3,-5,0],[27,5,34342],[13,9,183901],[-12,-40,35603],[-2,-25,112029],[15,-4,42239],[8,-23,88200],[-12,-16,53345],[14,-20,47798],[-9,-15,0],[0,-19,0]],[[13912,41235,0],[1,1,0]],[[13922,41085,0],[-7,-5,0]],[[13915,41080,0],[-24,0,0],[-36,9,41162],[-13,-4,41162],[54,-10,41162],[-8,-7,36023],[-24,5,44340],[-1,-11,31798],[-21,6,31798],[9,-11,69766],[34,0,42687],[21,10,69766],[-4,-14,32436],[7,-3,22384],[8,9,33990],[38,-8,169158],[-17,-9,18242],[-25,7,18242],[22,-9,18242],[-15,-7,58705],[-41,-3,69500],[-49,14,69500],[20,-23,182831],[-71,16,121953],[7,34,182831],[42,16,46185],[-64,-15,46185],[-11,2,30662],[-39,-8,33094],[-12,7,33094],[-10,-9,106320],[-30,2,46211],[-23,14,461988],[7,15,69108],[56,36,49344],[30,26,206745],[29,10,40573],[59,28,63238],[74,23,35013],[34,6,32425],[-17,2,0],[1,9,0]],[[13878,40958,0],[-1,-2,0]],[[13872,40953,0],[-1,0,0]],[[13871,40953,0],[7,5,0]],[[13447,40917,0],[44,11,53904],[-23,-17,53904],[-21,6,0]],[[13452,40889,0],[30,3,44951],[-6,-12,44951],[-24,9,0]],[[13486,40921,0],[32,11,61428],[33,-8,49000],[26,10,49000],[-6,-18,61428],[-36,-13,61428],[-1,18,74238],[-45,-19,74238],[-3,19,0]],[[13487,40951,0],[29,20,100534],[9,-10,29072],[8,8,29072],[47,-11,74942],[-15,-12,100534],[-34,0,34020],[6,11,34020],[-10,1,13336],[4,-4,13336],[-18,-8,40754],[-26,5,0]],[[13528,40932,0],[3,8,34737],[26,-5,34737],[-29,-3,0]],[[13531,40849,0],[29,1,30537],[-25,-6,30537],[-4,5,0]],[[13534,40818,0],[22,10,42440],[-6,-17,42440],[-16,7,0]],[[13535,40987,0],[27,5,34960],[4,-7,34960],[-31,2,0]],[[13559,40968,0],[23,18,41067],[-16,4,37615],[16,11,40975],[19,-6,40975],[24,12,146274],[-36,-3,80907],[-16,16,43783],[5,15,208320],[22,3,36423],[5,-14,36423],[11,17,36423],[78,9,381013],[19,-13,55203],[34,4,65187],[26,-12,40403],[18,2,51026],[24,-16,163745],[-16,-13,41946],[-50,-20,163745],[65,12,56036],[42,-1,112107],[17,-19,396064],[-60,-8,78732],[1,-8,37194],[28,0,62052],[-22,-7,30706],[-4,-8,62967],[-41,-2,52053],[11,12,62967],[-27,-8,32782],[2,30,31798],[-7,-22,32782],[-15,-10,35893],[-17,8,35893],[1,-14,168715],[-42,0,58879],[65,-15,81214],[-16,-10,50558],[-26,4,34137],[-18,-5,81214],[-15,-24,32870],[-17,-15,168715],[-22,8,42389],[-6,-13,30542],[-6,12,30542],[-31,3,396064],[-8,7,40464],[20,17,40464],[-2,23,39601],[11,9,65129],[-2,30,156336],[-15,-3,31125],[-34,3,0]],[[13580,40947,0],[29,9,45969],[-3,-14,45969],[-23,-2,31209],[-3,7,0]],[[13586,41075,0],[28,17,35837],[23,6,103401],[-1,-24,31276],[-7,-16,103401],[-29,7,32465],[-14,10,0]],[[13588,40826,0],[36,-5,36966],[-31,-2,36966],[-5,7,0]],[[13589,40839,0],[14,5,33548],[18,-7,33548],[-32,2,0]],[[13593,40735,0],[7,15,37778],[14,-5,37778],[-21,-10,0]],[[13603,40752,0],[26,14,52875],[13,-3,31665],[-6,-11,52875],[-33,0,0]],[[13611,40738,0],[10,14,30648],[12,-2,34891],[-11,-15,34891],[-11,3,0]],[[13630,40814,0],[13,11,32949],[7,-9,32949],[-20,-2,0]],[[13745,40740,0],[25,12,30724],[-17,-15,30724],[-8,3,0]],[[13811,40933,0],[16,11,52265],[39,-2,52265],[0,-9,40220],[-34,6,40220],[-9,-12,34182],[-12,6,0]],[[13815,40886,0],[39,3,36622],[-30,-8,36622],[-9,5,0]],[[13824,40865,0],[12,11,55149],[27,1,34575],[15,-7,55149],[-25,-8,41825],[-29,3,0]],[[13853,40958,0],[27,7,37043],[-9,-11,37043],[-18,4,0]],[[13858,41010,0],[15,13,33660],[19,4,52140],[-11,-19,52140],[-23,2,0]],[[14410,40945,0],[1,-2,0]],[[14411,40943,0],[-29,-3,0],[-25,10,45042],[-11,-3,31054],[13,-11,50847],[40,-5,31984],[22,1,41131],[19,-8,41131],[13,10,63204],[28,-3,35131],[19,-9,35131],[37,-5,135949],[-12,-11,69948],[36,-9,32363],[-1,-8,32363],[24,0,238820],[13,-14,34328],[-22,8,34328],[-8,-9,80809],[-51,-2,30824],[-34,15,30824],[24,-15,56120],[-25,-10,175221],[-35,21,76233],[-41,4,43243],[-4,11,43243],[-34,14,43243],[23,-23,278991],[-11,-14,39732],[-30,-14,58134],[27,-5,31995],[-1,-6,58134],[-52,1,58134],[8,-11,35351],[-18,-3,159296],[-32,7,36943],[18,3,36943],[-34,14,159296],[-45,-1,65679],[-3,12,49561],[-39,9,63760],[24,-17,32519],[19,-20,74617],[-42,-12,55876],[-45,0,700269],[-20,20,97139],[-29,-3,33944],[-48,1,119990],[13,4,35931],[-26,9,35931],[1,11,59510],[-31,10,369856],[14,19,73408],[52,-4,70666],[-36,12,35205],[-17,-2,35205],[-6,11,70666],[20,-3,31408],[11,7,39026],[-27,5,39026],[-15,17,183772],[-32,1,51135],[-9,15,51261],[-33,11,35324],[10,4,35324],[-15,13,32418],[-17,5,239685],[16,11,47913],[-10,17,90985],[18,6,34429],[34,0,240968],[-15,7,39440],[16,10,41692],[16,-18,41692],[42,-9,56701],[10,-11,56701],[39,-3,39679],[25,-9,76462],[-7,-16,60487],[14,8,31116],[33,8,61960],[55,-16,240968],[23,-20,45991],[-6,-11,112207],[22,2,33209],[52,-7,112207],[1,13,52738],[-39,6,56654],[-28,28,112207],[27,10,38969],[-25,2,38969],[-15,-10,38969],[-25,2,36395],[-27,11,53461],[-13,-4,32648],[-29,6,112207],[-28,16,57748],[-64,14,87302],[-76,32,46597],[-11,10,0],[-4,0,0]],[[13878,40958,0],[13,9,0],[10,-16,68306],[37,1,56256],[37,-14,68306],[3,-17,58023],[-33,-3,67106],[7,7,36249],[-30,3,36249],[10,6,87809],[-50,10,39871],[-13,8,0],[2,1,0]],[[13740,40573,0],[24,4,31974],[-5,-8,31974],[-19,4,0]],[[13891,40923,0],[28,4,30782],[-11,-7,30782],[-17,3,0]],[[13907,40674,0],[18,11,34676],[-3,-13,34676],[-15,2,0]],[[13907,40582,0],[23,1,33170],[-7,-9,33170],[-16,8,0]],[[13917,40843,0],[32,1,36037],[-9,-7,36037],[-23,6,0]],[[13923,40665,0],[7,20,54887],[27,1,59421],[-13,-26,59421],[-21,5,0]],[[13927,40620,0],[13,19,44406],[15,-4,44406],[-22,-18,32570],[-6,3,0]],[[13930,40604,0],[19,19,50131],[9,-10,37874],[-12,-16,50131],[-16,7,0]],[[13941,40886,0],[4,8,34799],[21,-11,34799],[-25,3,0]],[[13946,40905,0],[18,11,46966],[27,-2,43178],[0,-21,38907],[-14,-4,33791],[2,14,46966],[-33,2,0]],[[13955,40603,0],[18,18,47741],[10,-11,47741],[-28,-7,0]],[[13981,41030,0],[10,5,34849],[19,-11,34849],[-29,6,0]],[[14028,40644,0],[4,8,37806],[28,-11,37806],[-28,-5,37357],[-4,8,0]],[[14038,40832,0],[26,5,49298],[22,-5,30613],[-1,-7,49298],[-37,1,36320],[-10,6,0]],[[14045,40709,0],[12,6,32610],[8,-11,32610],[-20,5,0]],[[14057,40815,0],[13,5,37943],[19,-11,37943],[-32,6,0]],[[14073,40740,0],[21,16,34716],[-14,0,34716],[11,17,82889],[23,-2,45538],[6,-17,82889],[23,6,33123],[24,-5,31664],[-20,11,31664],[10,5,82889],[-67,16,130310],[7,15,44504],[25,6,50726],[36,-11,34603],[-19,-11,34603],[41,12,34603],[-25,3,50726],[15,10,50726],[-31,-4,34021],[-17,4,54077],[46,17,354464],[10,-13,51379],[35,1,66831],[1,17,66831],[30,9,47724],[24,-5,56439],[-28,-18,49060],[29,1,49060],[10,14,49060],[42,-3,88619],[4,-13,37519],[-22,10,37519],[-20,-6,203991],[25,-10,44203],[2,-17,44203],[19,2,99895],[8,-41,354464],[-7,-12,42688],[-22,8,42688],[-70,-13,131910],[-30,-14,40542],[-14,-16,51452],[-36,-14,277372],[-42,4,30749],[14,11,30749],[-32,-12,120040],[10,26,78785],[22,-2,41157],[-57,18,0]],[[14203,40704,0],[7,14,35292],[13,-6,35292],[-20,-8,0]],[[14236,40724,0],[10,9,42238],[45,12,80193],[16,-2,41132],[-11,-16,80193],[-40,-7,40676],[-20,4,0]],[[14264,40712,0],[23,7,40344],[-9,-15,40344],[-14,8,0]],[[14333,40785,0],[2,7,34002],[26,-10,55935],[-21,-17,55935],[-7,20,0]],[[14342,40804,0],[49,-13,64930],[13,-7,32001],[-10,-8,64930],[-52,28,0]],[[14383,40812,0],[24,2,37493],[15,-9,52647],[-13,-10,52647],[-26,17,0]],[[14386,40866,0],[15,9,35209],[-9,16,35209],[18,-8,62894],[12,-20,62894],[-36,3,0]],[[14396,40823,0],[9,5,33767],[31,-5,38120],[-13,-6,38120],[-27,6,0]],[[14409,40854,0],[19,5,37676],[2,-13,37676],[-21,8,0]],[[14423,40811,0],[4,5,32746],[41,3,77621],[17,-14,36540],[-7,-7,77621],[-42,1,53692],[-13,12,0]],[[14499,40859,0],[24,8,53250],[29,-11,53250],[-43,-3,41679],[-10,6,0]],[[14503,40823,0],[2,7,41663],[45,-7,46269],[-40,-8,46269],[-7,8,0]],[[14533,40909,0],[22,4,36904],[3,-10,36904],[-25,6,0]],[[14087,41935,0],[-3,-2,0]],[[14082,41931,0],[-4,-2,0]],[[14078,41929,0],[-27,7,43630],[8,8,35411],[22,-3,0],[6,-6,0]],[[13799,41921,0],[14,9,32375],[-5,-16,32375],[-9,7,0]],[[13934,41955,0],[18,-2,32723],[-11,-9,32723],[-7,11,0]],[[13954,42223,0],[12,18,38637],[17,3,0],[13,-15,45103],[36,-15,88926],[1,-28,0],[-17,5,36775],[-18,20,36775],[-16,-3,35895],[-7,13,59204],[-13,-11,38934],[-8,13,0]],[[14000,41911,0],[18,7,33026],[-11,-15,33026],[-7,8,0]],[[14010,42058,0],[19,5,47863],[-3,-21,47863],[-16,16,0]],[[14015,41926,0],[6,12,30489],[11,-3,30489],[-17,-9,0]],[[14016,42070,0],[17,26,55251],[12,-14,55251],[-13,-16,40494],[-16,4,0]],[[14022,41943,0],[5,15,56541],[36,-2,56541],[-24,-21,55156],[-17,8,0]],[[14039,42051,0],[23,44,111614],[13,-18,40672],[10,23,32237],[6,-9,32237],[-12,-11,32237],[14,-6,75153],[-7,-27,111614],[-17,9,50093],[-15,-18,56199],[-15,13,0]],[[14078,42026,0],[20,13,41532],[-8,10,71866],[13,7,31562],[31,3,82971],[-2,-23,82971],[-51,-23,63599],[-3,13,0]],[[14079,41952,0],[3,12,43462],[28,2,43462],[-31,-14,0]],[[14092,41998,0],[33,19,86896],[4,-37,86896],[-12,-2,41185],[-25,20,0]],[[14150,42074,0],[6,18,42480],[20,7,64783],[16,-12,64783],[-42,-13,0]],[[14207,41999,0],[9,8,34169],[18,-5,36207],[-13,-10,36207],[-14,7,0]],[[13912,41235,0],[0,1,0],[-72,-24,49603],[-5,3,44476],[-57,-32,44476],[-24,-6,171581],[5,16,33708],[15,9,48723],[-7,12,293809],[-16,-7,34213],[-21,-23,35447],[7,-5,35447],[-27,-11,35447],[-32,-25,51534],[-25,-1,51534],[-3,-19,125524],[-23,-11,44365],[10,20,44365],[-23,19,100294],[5,-28,41584],[-11,-1,55198],[-17,18,35085],[1,12,53619],[20,-2,47177],[-6,20,53619],[-30,-2,55198],[13,-37,55198],[23,-18,32206],[1,-9,100294],[-27,-5,48654],[-21,-19,513010],[-21,1,47672],[-4,12,30859],[-12,-4,30859],[-22,15,78702],[2,31,30894],[-10,-10,30894],[8,-8,30894],[-9,-25,30894],[-15,-1,78702],[-16,13,50252],[3,25,149965],[13,-8,32358],[-2,16,32358],[11,13,31163],[16,3,76529],[13,18,42587],[-10,11,94050],[-24,-3,33058],[-15,-10,0],[-38,30,0]],[[13433,41199,0],[9,6,0]],[[13406,41197,0],[7,5,0]],[[13413,41202,0],[3,2,0]],[[13416,41204,0],[50,-35,0],[-9,-9,47553],[-62,-13,137976],[5,11,36789],[-14,19,66027],[20,20,0]],[[13333,41120,0],[0,14,50758],[30,0,38367],[2,-8,50758],[21,14,31439],[20,7,48637],[5,-18,48637],[-25,6,92930],[1,-28,92930],[-9,-7,36342],[-21,9,46901],[-10,-12,78024],[-14,23,0]],[[13338,41144,0],[17,20,48732],[28,9,92701],[12,-16,33412],[-3,-11,92701],[-41,-7,37709],[-13,5,0]],[[13409,41095,0],[4,7,33394],[27,-2,38100],[-16,-11,38100],[-15,6,0]],[[13409,41144,0],[17,-8,77919],[6,16,38486],[15,0,38486],[33,17,119865],[15,-8,68960],[-38,-35,119865],[-22,-5,32364],[-16,4,64945],[-10,19,0]],[[13432,41080,0],[11,13,38342],[9,-13,38342],[17,12,68299],[12,-19,68299],[-39,-5,56058],[-10,12,0]],[[14735,41453,0],[-5,-2,0]],[[14663,41698,0],[2,1,0]],[[14665,41699,0],[16,-16,0],[-6,-21,32455],[5,-14,67085],[-22,-19,151083],[28,-10,45708],[5,-16,92909],[37,17,205861],[6,-11,37853],[-21,-19,34170],[9,-2,37853],[-4,-40,31317],[-6,-16,41517],[15,0,40026],[-15,-19,124992],[14,-2,37371],[14,15,48058],[11,-9,107804],[0,-43,73095],[-21,-11,0],[5,-10,0]],[[14715,41644,0],[15,13,43063],[9,-12,30694],[-7,-8,43063],[-17,7,0]],[[14738,41662,0],[12,8,36273],[10,-12,37354],[-13,-9,37354],[-9,13,0]],[[14762,41525,0],[2,17,40255],[17,10,55278],[9,-15,55278],[-12,-15,30887],[10,-5,30887],[-25,-4,44827],[-1,12,0]],[[14766,41593,0],[17,9,35173],[-1,-13,35173],[-16,4,0]],[[13185,40676,0],[22,6,30362],[-8,-9,30362],[-14,3,0]],[[13257,40437,0],[13,10,32733],[7,-8,32733],[-20,-2,0]],[[13261,40468,0],[8,10,31022],[15,-3,31022],[-23,-7,0]],[[13270,41085,0],[15,12,51931],[11,-23,60224],[-14,-19,60224],[-12,30,0]],[[13280,40433,0],[18,4,30674],[-9,-11,30674],[-9,7,0]],[[13287,41098,0],[11,4,35256],[28,-16,34503],[-15,2,49488],[-14,-12,49488],[-10,22,0]],[[13289,41056,0],[27,14,37827],[-4,7,31218],[26,-4,60776],[-14,-17,60776],[-35,0,0]],[[13299,40444,0],[26,2,38552],[-12,-11,38552],[-14,9,0]],[[13314,40951,0],[25,16,47681],[-2,-17,47681],[-23,1,0]],[[13319,40833,0],[20,15,53639],[24,-6,53639],[0,-14,13651],[3,17,15967],[16,1,33630],[16,14,42488],[13,-2,0],[-9,-28,76157],[-41,-16,0],[2,12,36136],[-21,-8,36136],[-23,15,0]],[[13336,40644,0],[15,21,41876],[11,-6,41876],[-26,-15,0]],[[13353,40580,0],[27,7,55326],[6,-17,37395],[-12,-4,55326],[-21,14,0]],[[13374,40986,0],[20,4,34888],[-10,-12,34888],[-10,8,0]],[[13377,40777,0],[8,12,32205],[5,-15,32205],[-13,3,0]],[[13385,40809,0],[17,10,32087],[-1,-11,32087],[-16,1,0]],[[13393,40926,0],[16,18,34006],[20,9,81912],[20,-9,33488],[-17,-2,33488],[7,-13,81912],[-28,-9,43638],[-18,6,0]],[[13411,40563,0],[31,8,42965],[-10,-13,42965],[-21,5,0]],[[13411,40964,0],[17,9,41418],[12,-10,41418],[-18,-5,30995],[-11,6,0]],[[13430,40819,0],[18,8,34885],[-16,5,34885],[4,24,105600],[27,6,39800],[15,-7,86252],[5,-32,105600],[-41,-9,42771],[-12,5,0]],[[13432,40674,0],[26,8,53696],[4,-14,34981],[-12,-7,53696],[-18,13,0]],[[13442,40780,0],[3,8,40304],[37,4,62245],[-8,-19,62245],[-31,2,30456],[-1,5,0]],[[13444,40960,0],[41,7,64565],[4,-7,31399],[-21,-5,31399],[-12,-11,64565],[-12,16,0]],[[13448,40795,0],[15,13,40636],[16,-3,32310],[-9,-10,40636],[-22,0,0]],[[13449,40591,0],[10,11,31951],[-1,-18,31951],[-9,7,0]],[[13470,40994,0],[25,-4,31405],[-15,-5,31405],[-10,9,0]],[[13474,40999,0],[16,16,47429],[16,-1,30661],[-3,-10,47429],[-29,-5,0]],[[13501,40285,0],[14,16,43949],[21,0,62411],[-2,-20,62411],[-28,-5,40373],[-5,9,0]],[[13544,40541,0],[26,13,63369],[2,-26,63369],[-26,-1,45348],[-2,14,0]],[[13547,40500,0],[16,4,40257],[-11,-20,40257],[-5,16,0]],[[13558,40511,0],[12,15,30619],[3,-10,30619],[-15,-5,0]],[[13569,40309,0],[22,9,41000],[-6,-16,41000],[-16,7,0]],[[13575,40614,0],[11,10,30886],[4,-11,30886],[-15,1,0]],[[13611,40377,0],[10,17,43507],[9,-18,43507],[-19,1,0]],[[13628,40517,0],[8,11,34587],[23,10,32038],[-10,7,32038],[20,4,99688],[12,-24,54183],[-16,13,34707],[12,-22,34707],[-8,-8,99688],[-31,0,40335],[11,11,35507],[-21,-2,0]],[[13633,40546,0],[25,11,30806],[-13,-12,30806],[-12,1,0]],[[13576,41585,0],[-1,1,0]],[[13575,41586,0],[5,6,0],[13,27,46558],[29,28,120907],[16,-4,38112],[0,-21,33060],[9,3,66418],[-4,-28,120907],[21,5,22224],[4,9,22224],[-13,-7,31509],[17,22,17919],[-1,-9,17919],[7,16,111230],[-15,4,57517],[-4,20,30754],[9,4,30754],[-8,15,207608],[26,-2,43542],[2,11,30335],[15,1,70039],[20,-16,70039],[24,3,38991],[-6,16,37143],[16,-4,328793],[-10,-16,36793],[0,-24,48898],[-23,-19,43275],[7,-13,43275],[15,18,43275],[1,-25,236844],[14,15,36871],[14,0,50704],[8,-17,47433],[13,-1,34372],[3,15,88638],[-15,10,30868],[-3,12,88638],[22,18,42493],[9,20,135287],[-9,7,32593],[-2,20,66541],[20,2,30827],[15,-7,66541],[-7,-21,66541],[54,30,236844],[5,-15,53626],[-13,-12,35940],[-17,6,35940],[12,-17,35940],[-25,-34,53626],[29,25,37612],[16,23,66100],[12,0,38500],[-2,-22,52122],[37,-33,136917],[9,7,50758],[-19,20,32645],[9,15,32645],[-16,-7,50758],[0,19,85779],[25,-6,0],[6,4,0]],[[13951,41682,0],[5,-3,0]],[[13244,41922,0],[25,14,33352],[-16,-17,33352],[-9,3,0]],[[13377,41750,0],[8,13,33601],[10,-9,33601],[-18,-4,0]],[[13394,41603,0],[0,9,30416],[19,0,30416],[-19,-9,0]],[[13404,41748,0],[13,21,43104],[5,-16,43104],[-18,-5,0]],[[13408,41880,0],[4,9,31069],[17,-3,31069],[-21,-6,0]],[[13429,41615,0],[9,10,36374],[-4,20,77162],[29,10,65046],[9,-4,34091],[-6,-20,77162],[-19,-23,56297],[-18,7,0]],[[13438,41793,0],[19,7,62208],[15,-23,48006],[-10,-10,62208],[-24,26,0]],[[13439,41886,0],[18,16,39972],[0,-16,39972],[-18,0,0]],[[13531,41891,0],[22,23,59760],[21,4,36682],[0,-11,83607],[-22,-37,83607],[-11,0,36013],[-10,21,0]],[[13553,41953,0],[25,1,41251],[-7,-12,41251],[-18,11,0]],[[13560,41624,0],[19,10,35826],[-15,4,35826],[11,26,95540],[31,-23,95540],[-2,-8,32801],[-31,-25,75585],[-13,16,0]],[[13601,41741,0],[3,8,30862],[17,-10,30862],[-20,2,0]],[[13623,41649,0],[12,9,31433],[4,-11,31433],[-16,2,0]],[[13708,41759,0],[29,10,32437],[18,18,32437],[-8,-18,91732],[16,-16,34059],[-18,6,34059],[9,-17,33036],[-6,-10,91732],[-11,14,40037],[-21,2,35495],[-8,11,0]],[[13722,41780,0],[6,12,35457],[11,-16,35457],[-17,4,0]],[[13757,41770,0],[25,-3,45125],[-11,-13,45125],[-14,16,0]],[[13758,41642,0],[17,-10,30326],[-8,-5,30326],[-9,15,0]],[[13759,41739,0],[9,17,34545],[2,-18,34545],[-11,1,0]],[[13772,41800,0],[17,1,37970],[3,-15,37970],[-20,14,0]],[[13828,41711,0],[9,30,45084],[13,4,47670],[-10,-34,47670],[-12,0,0]],[[13847,41725,0],[8,16,48305],[9,-9,35151],[9,20,35151],[-6,-37,48305],[-20,10,0]],[[13885,41715,0],[3,9,31557],[11,-19,31557],[-14,10,0]],[[13880,40451,0],[19,2,30889],[-8,-9,30889],[-11,7,0]],[[13900,40462,0],[36,17,60731],[-11,-22,60731],[-18,-4,32507],[-7,9,0]],[[13969,40495,0],[8,8,52985],[32,4,35764],[28,-3,119209],[8,-16,54278],[27,9,63513],[19,-8,40650],[5,-17,67588],[-27,-9,67588],[-20,23,71896],[-5,-12,42671],[-30,-10,119209],[-19,26,58441],[-13,-8,40221],[-13,13,0]],[[14028,40460,0],[10,8,35430],[13,-8,31223],[-6,-9,35430],[-17,9,0]],[[14050,40616,0],[39,24,95867],[45,1,45238],[11,-8,132751],[-40,-39,132751],[-18,3,36967],[15,11,62189],[-37,-3,51364],[-15,11,0]],[[14102,40584,0],[23,12,47243],[4,19,56376],[24,7,139844],[8,-7,35435],[-2,-24,49818],[19,3,49818],[-5,-24,139844],[-24,-16,93744],[-5,9,32704],[-23,7,32704],[8,10,31096],[-20,-4,31096],[-7,8,0]],[[14151,40499,0],[40,12,64517],[-2,-19,64517],[-25,-1,34399],[-13,8,0]],[[14182,40642,0],[1,6,31126],[29,-1,36889],[-5,-8,36889],[-25,3,0]],[[14189,40571,0],[4,18,70320],[52,24,70320],[14,-22,56783],[-28,-18,56783],[1,20,57198],[-27,-23,46898],[-16,1,0]],[[14215,40661,0],[12,8,31455],[8,-9,31455],[-20,1,0]],[[14216,40538,0],[11,16,40573],[17,-1,62282],[12,15,39672],[48,40,105658],[-23,-3,80888],[20,22,44362],[36,20,44362],[6,13,338290],[27,5,32334],[33,-1,33782],[44,5,111351],[16,10,33021],[-9,7,33021],[22,4,33021],[10,12,108828],[39,0,31197],[19,-4,338290],[-40,-48,87823],[-31,-5,66670],[-16,-17,44824],[12,-9,66670],[-11,-12,37882],[-42,-28,328484],[-52,-18,62397],[-37,1,99822],[-45,-21,30916],[-28,-6,30916],[-12,-9,141373],[-26,12,0]],[[14261,40648,0],[9,15,45467],[34,15,91445],[14,-4,54799],[0,-14,34037],[-16,-16,91445],[-21,-4,37725],[-20,8,0]],[[14334,40707,0],[13,20,47504],[13,-8,47504],[-26,-12,0]],[[14359,40736,0],[5,4,31156],[41,-2,71213],[23,-15,47572],[-20,-4,71213],[-24,13,38429],[-25,4,0]],[[14420,40689,0],[15,21,42696],[17,-1,42696],[-14,19,123072],[68,1,123072],[5,-10,50849],[-17,-9,35792],[-22,3,50849],[-39,-27,68552],[-13,3,0]],[[14438,40500,0],[29,21,45528],[-4,-14,33136],[-18,-14,45528],[-7,7,0]],[[14508,40509,0],[20,42,232068],[19,3,32082],[9,10,35440],[36,9,100085],[10,17,36002],[-6,12,100085],[26,6,58031],[9,24,58031],[34,26,81856],[19,36,81856],[16,15,38651],[32,13,127391],[23,-5,34655],[10,7,59749],[33,-17,127391],[10,-23,48908],[17,1,48908],[-26,32,48908],[3,10,36822],[-17,25,127391],[21,17,31283],[28,29,34082],[23,15,34082],[0,9,34082],[30,26,0],[9,-31,79866],[5,12,32255],[16,0,65609],[11,-18,50431],[-13,-19,65609],[28,-11,56537],[-8,-14,40375],[15,-8,0],[-32,-25,39519],[2,-13,38426],[-21,6,71159],[-2,-18,111230],[-20,-12,34171],[-11,4,53215],[-6,-17,53976],[-38,-13,77900],[-18,-15,32907],[-24,-10,45759],[-3,-11,258115],[-50,-18,58286],[-13,-14,38874],[-33,-9,32373],[0,-5,74708],[-38,-9,150116],[-16,-22,35160],[-20,-13,50872],[-2,-14,150116],[-37,-9,57781],[-47,-26,94543],[-13,13,0]],[[14599,40735,0],[13,9,36351],[30,3,73806],[-30,-31,73806],[-13,19,0]],[[14632,40782,0],[42,27,53538],[-5,-14,53538],[-28,-14,32250],[-9,1,0]],[[14649,40771,0],[22,17,41781],[21,4,77390],[3,16,57201],[14,14,31061],[25,14,152608],[18,-18,40960],[0,-15,152608],[-41,-22,43194],[-10,-1,31914],[-45,-20,89950],[-7,11,0]],[[14716,40846,0],[23,7,39683],[-19,-18,39683],[-4,11,0]],[[14746,40841,0],[20,16,34972],[-3,-12,34972],[-17,-4,0]],[[14815,40908,0],[20,4,30667],[-2,-9,30667],[-18,5,0]],[[14841,40971,0],[6,19,84180],[17,-8,42406],[47,-1,84180],[-8,-14,73039],[-40,-4,49420],[-22,8,0]],[[14855,40911,0],[82,49,108434],[12,-11,33649],[-8,-9,76828],[-45,-29,108434],[-34,-8,44706],[-7,8,0]],[[14909,40867,0],[11,3,33774],[5,-17,33774],[-16,14,0]],[[14915,40980,0],[48,38,90356],[34,17,52048],[17,-5,96439],[-18,-25,73359],[-37,-23,38322],[-22,-7,96439],[-22,5,0]],[[14934,40832,0],[15,5,36971],[1,-16,36971],[-16,11,0]],[[14965,40911,0],[9,1,31943],[8,-21,31943],[-17,20,0]],[[14980,40917,0],[15,-1,39990],[6,-19,39990],[-21,20,0]],[[15013,40991,0],[13,11,36831],[3,-15,36831],[-16,4,0]],[[15053,41016,0],[30,15,44962],[8,-8,42795],[-29,-14,44962],[-9,7,0]],[[15057,41050,0],[30,18,63582],[7,-19,63582],[-30,-15,56891],[-7,16,0]],[[14087,41935,0],[14,-15,0],[-19,-5,0],[-4,14,0]],[[14260,41852,0],[1,-7,0]],[[13951,41682,0],[2,2,0],[-21,12,30535],[17,-2,30535],[-15,17,152367],[3,24,50767],[17,-12,50767],[6,18,43712],[20,3,97577],[-20,20,40988],[21,-6,40988],[-10,20,30337],[12,9,30337],[-2,-14,74699],[28,17,44049],[7,16,377115],[44,15,58997],[2,-28,58997],[18,-13,47018],[5,-15,35689],[18,-17,42241],[-32,59,47018],[10,20,58997],[20,-7,40402],[4,13,138690],[76,60,262320],[35,-7,100120],[-12,-48,100120],[10,-5,39501],[25,14,54415],[-25,9,54415],[32,26,79650],[8,-15,37806],[-10,-13,0],[16,-2,0]],[[13932,41784,0],[33,-4,43157],[-12,-9,43157],[-21,13,0]],[[13944,41838,0],[20,5,40444],[16,-11,41078],[19,6,41078],[5,-14,59534],[20,6,158303],[-1,10,30338],[-18,24,32692],[-8,23,158303],[7,9,35759],[28,4,35759],[16,10,60658],[19,-4,208959],[8,-20,32574],[-3,-16,78581],[-24,-36,208959],[-28,-16,34026],[-18,-3,112574],[-24,10,37710],[-12,-4,54149],[-22,17,0]],[[13951,41791,0],[9,8,40421],[42,5,65929],[-32,-23,65929],[-19,10,0]],[[13976,41818,0],[28,-5,41159],[-18,-8,41159],[-10,13,0]],[[14058,41840,0],[9,20,34197],[22,28,128104],[15,-13,30605],[14,3,30326],[7,-10,68927],[32,11,36721],[-18,-16,36721],[-19,-4,36721],[1,-12,128104],[-37,-14,59055],[2,14,45875],[-28,-7,0]],[[14059,41910,0],[4,10,37838],[20,-11,37838],[-24,1,0]],[[14116,41918,0],[18,23,46273],[-1,-22,46273],[-17,-1,0]],[[14735,41453,0],[11,-20,0],[-14,-57,55071],[15,23,77295],[29,-14,41073],[3,-12,164901],[42,9,90156],[8,-27,46997],[-18,-1,41175],[37,-14,86132],[-1,11,31131],[15,-3,31131],[4,10,317350],[12,-16,53093],[-11,-27,68234],[-12,4,44253],[-33,-17,68234],[28,3,36082],[22,-6,74283],[7,-12,32051],[-12,-7,32051],[-5,-33,140147],[-28,-9,65345],[42,-13,65345],[20,-15,31465],[12,-17,45782],[-7,-7,30888],[-11,13,613408],[-10,-25,43439],[-14,11,43439],[-11,-12,31920],[13,-1,31920],[8,-16,64790],[-24,-23,86618],[-13,9,31831],[-19,0,56560],[-29,-19,37312],[19,4,86618],[33,-8,54516],[7,-17,86618],[-15,-13,37332],[-6,13,37332],[-10,-18,62999],[6,-18,271242],[-25,-9,37886],[-13,-15,53073],[-28,-4,139540],[-72,21,183031],[-22,-13,48769],[-1,-13,34887],[-19,-18,271242],[47,0,38594],[14,5,61441],[35,-7,147700],[-7,-17,51896],[17,-22,920693],[-63,-4,99736],[-29,-8,46077],[1,-13,70110],[-36,5,70110],[-37,-15,40094],[-12,4,30855],[-16,-8,200098],[-103,2,65580],[-24,8,0],[-21,-2,0]],[[14518,40927,0],[20,6,43646],[15,-12,43646],[-35,6,0]],[[14557,40921,0],[14,5,53130],[35,-9,31579],[15,-9,73949],[-13,-12,73949],[-30,11,34722],[-2,11,34722],[-19,3,0]],[[14584,40895,0],[43,-9,48909],[-18,-6,48909],[-25,15,0]],[[14585,40929,0],[47,12,84671],[48,-15,112535],[-2,-10,30610],[-18,-12,112535],[-24,4,39383],[-51,21,0]],[[14640,40885,0],[7,10,39002],[20,-9,39002],[-27,-1,0]],[[14652,40938,0],[2,7,31171],[22,-5,31171],[-24,-2,0]],[[14657,40898,0],[35,13,54078],[-14,-19,54078],[-21,6,0]],[[14761,41428,0],[2,18,32138],[11,7,33161],[-3,-21,33161],[-10,-4,0]],[[14763,41457,0],[21,12,31881],[-2,-9,31881],[-19,-3,0]],[[14794,41445,0],[11,8,32481],[29,6,78429],[6,9,36097],[18,-8,36097],[-11,-10,35377],[-15,5,36097],[4,-22,78429],[-35,0,48917],[17,18,43126],[-24,-6,0]],[[14806,41042,0],[13,5,31612],[7,-11,31612],[-20,6,0]],[[14828,41053,0],[21,2,31964],[12,-7,31964],[-33,5,0]],[[14864,41063,0],[34,0,45929],[-14,-11,45929],[-20,11,0]],[[14884,41284,0],[11,18,48231],[13,-15,48231],[-11,-11,37151],[-13,8,0]],[[14900,41213,0],[19,1,41755],[22,-14,72567],[-27,-14,72567],[-14,27,0]],[[14912,41298,0],[9,6,31776],[23,-1,59991],[35,-14,98668],[-7,-10,39664],[23,-8,39664],[-12,-8,98668],[-41,19,49588],[-21,-3,49588],[-9,19,0]],[[14522,41867,0],[0,2,0]],[[14522,41869,0],[9,9,0],[22,-31,45762],[24,-11,45762],[4,-17,76588],[29,-14,156208],[14,-37,30769],[0,-12,89511],[14,-1,42331],[29,-22,89511],[-6,-30,0],[4,-4,0]],[[14489,41919,0],[65,0,44981],[-6,13,32781],[16,8,31105],[-1,-11,32781],[27,9,44981],[7,-8,44981],[-33,-12,44981],[26,0,33803],[24,10,33803],[-4,-10,71655],[28,-10,42400],[10,-14,68909],[-28,3,37710],[-3,10,39003],[-30,4,163334],[-5,-17,42581],[17,-5,59421],[0,-13,33780],[-14,-12,163334],[-30,18,34585],[-17,18,68036],[-38,8,42965],[-11,11,0]],[[14597,41867,0],[8,10,33252],[8,-14,33252],[-16,4,0]],[[14609,41843,0],[5,8,51904],[36,-10,39399],[10,-10,57943],[-39,-3,57943],[-12,15,0]],[[14647,41850,0],[10,5,31032],[11,-10,31032],[-21,5,0]],[[14703,41775,0],[21,8,32128],[-4,-10,32128],[-17,2,0]],[[14260,41852,0],[34,-4,0],[19,-7,32172],[6,-12,76899],[7,16,40893],[22,5,76899],[10,-12,30779],[4,11,30779],[36,-6,61487],[-27,-21,61487],[40,15,39678],[40,-1,39678],[-20,7,149429],[2,22,71569],[43,10,74266],[-6,25,74266],[17,5,34605],[22,-5,134650],[13,-31,0]],[[14314,41870,0],[13,7,34593],[14,-9,49574],[-10,-15,49574],[-17,17,0]],[[14331,42014,0],[13,17,47878],[15,-3,32349],[-3,-11,47878],[-25,-3,0]],[[14388,41851,0],[9,11,31351],[12,-4,31351],[-21,-7,0]],[[14408,41862,0],[2,9,36932],[28,5,41768],[-10,-15,41768],[-20,1,0]],[[13433,41199,0],[-18,15,0],[-26,36,33474],[-9,19,143416],[6,18,74401],[60,20,74401],[33,24,47670],[31,12,35836],[43,10,47670],[5,-34,38713],[6,3,31303],[1,32,38713],[-7,6,47670],[-78,-25,100721],[-70,-29,100721],[-6,6,35743],[26,14,35743],[7,16,91328],[-29,-10,49515],[-11,11,368408],[16,14,31786],[25,11,47833],[-1,-25,47833],[17,35,52134],[59,29,99527],[56,16,0],[-1,0,0]],[[13406,41197,0],[-19,-10,0],[-19,16,35575],[3,13,35575],[-17,2,106003],[9,24,49257],[-17,10,49257],[24,11,115942],[7,-19,34140],[12,-4,34140],[25,-34,0],[2,-2,0]],[[13261,41167,0],[14,2,30627],[-3,-12,30627],[-11,10,0]],[[13297,41234,0],[12,12,31073],[1,-13,31073],[-13,1,0]],[[13298,41370,0],[18,17,36432],[1,-12,36432],[-19,-5,0]],[[13300,41169,0],[19,27,95645],[12,-14,44006],[9,19,47436],[18,0,35391],[14,-11,95645],[-5,-15,42303],[-25,-9,80678],[-7,11,51008],[-21,-13,41446],[-14,5,0]],[[13300,41337,0],[26,7,35630],[-8,-10,35630],[-18,3,0]],[[13304,41351,0],[8,9,37184],[13,-14,37184],[-21,5,0]],[[13334,41234,0],[9,15,31118],[5,-10,31118],[-14,-5,0]],[[13335,41356,0],[37,-10,61977],[-17,-13,61977],[-20,23,0]],[[13341,41362,0],[17,3,35780],[2,14,67568],[16,-16,39922],[-3,-15,67568],[-32,14,0]],[[13345,41258,0],[5,12,36695],[24,13,37468],[-4,-13,37468],[-25,-12,0]],[[13352,41325,0],[27,15,40084],[-24,-23,40084],[-3,8,0]],[[13375,41318,0],[7,7,30922],[14,-10,35520],[-15,-8,35520],[-6,11,0]],[[13385,41363,0],[12,6,33170],[10,-11,34175],[-16,-6,34175],[-6,11,0]],[[13961,42274,0],[16,3,0],[0,-12,30704],[-13,-4,0],[-3,13,0]],[[13568,41423,0],[-14,5,0],[-14,-8,57608],[-52,4,40655],[-25,-4,164940],[-44,27,75109],[-32,-9,75109],[0,16,41520],[-19,9,391894],[34,14,58265],[-3,12,36076],[16,10,71370],[55,6,45395],[-26,4,45395],[24,10,31211],[12,12,110606],[-16,-2,32997],[-3,11,68965],[37,25,110606],[1,-17,55112],[29,21,55112],[20,6,33818],[13,-5,0],[14,16,0]],[[13223,41481,0],[13,-1,33796],[-11,-14,33796],[-2,15,0]],[[13255,41389,0],[19,11,30984],[0,-9,30984],[-19,-2,0]],[[13301,41412,0],[16,15,49126],[17,6,30535],[10,-6,65485],[-2,-17,46508],[-24,-10,65485],[-3,15,35080],[-14,-3,0]],[[13302,41445,0],[16,12,33530],[5,-8,33530],[-21,-4,0]],[[13363,41490,0],[18,9,32764],[8,-6,32764],[-26,-3,0]],[[13392,41379,0],[18,4,47219],[-3,21,80861],[28,-29,80861],[-12,-9,50295],[-31,13,0]],[[13411,41591,0],[15,13,39041],[9,-9,39041],[-24,-4,0]],[[13418,41428,0],[40,-21,64663],[-10,-12,64663],[-28,14,53071],[-2,19,0]],[[13431,41514,0],[7,20,46529],[20,2,46529],[-5,-10,31017],[-22,-12,0]],[[13468,41408,0],[41,13,55349],[13,-7,45723],[-31,-11,55349],[-23,5,0]],[[6174,32889,0],[1,2,0]],[[6175,32891,0],[1,0,0],[18,6,42513],[33,-5,157861],[-8,-16,53409],[5,-48,69443],[12,-17,327400],[-4,-13,35621],[-22,-16,35621],[-33,-39,100109],[-18,-50,139902],[-25,-6,40819],[-17,-16,0]],[[6117,32671,0],[-4,1,0]],[[6249,32811,0],[20,8,33663],[15,-3,60113],[8,18,87614],[16,7,37017],[22,-5,65987],[-17,-20,87614],[-57,-8,34889],[-7,3,0]],[[5159,33659,0],[1,0,0]],[[5418,33605,0],[-15,-4,0],[-9,-8,43474],[-48,-6,63357],[-50,-19,34317],[-9,-8,68299],[-73,-18,385864],[-13,9,54395],[-11,46,107868],[-29,29,51352],[-33,19,107868],[28,10,0],[3,4,0]],[[4251,33541,0],[3,18,32768],[10,-3,53740],[5,-29,53740],[-16,-1,37702],[-2,15,0]],[[5020,33482,0],[17,20,41767],[-14,2,41767],[22,17,101177],[-7,10,31064],[7,12,40858],[-14,24,157419],[-11,3,33579],[27,12,33579],[31,21,70723],[10,26,0],[19,-18,35045],[6,-16,42732],[34,-32,32807],[12,-17,93158],[1,-21,0],[-43,-22,55409],[-13,-15,46364],[-47,-29,169370],[-12,0,34382],[3,16,45599],[-16,-4,37024],[-12,11,0]],[[5570,33637,0],[1,0,0],[10,10,46529],[18,-17,0],[7,-15,0]],[[5734,33621,0],[1,1,0]],[[5735,33622,0],[-1,-6,0],[-11,-4,32197],[-1,-17,41065],[14,2,0],[7,-19,0]],[[5743,33578,0],[0,-1,0]],[[5743,33577,0],[-10,2,0],[-22,-28,59177],[-31,-4,59177],[-2,-19,0],[-16,-1,0]],[[5662,33527,0],[-2,2,0]],[[5739,33697,0],[-1,0,0]],[[5738,33697,0],[-30,31,0],[13,17,31826],[25,23,59974],[5,12,38242],[18,-4,0],[76,25,0]],[[5733,33797,0],[28,8,48525],[-17,-19,48525],[-11,11,0]],[[5607,33849,0],[-3,-3,0]],[[5629,33776,0],[2,-4,0]],[[5631,33772,0],[-46,-1,0],[-12,10,33379],[-23,3,33379],[-18,12,90889],[5,13,52211],[-17,6,35383],[5,13,35048],[-15,3,230718],[22,21,39074],[39,49,0],[36,-52,0]],[[5302,33234,0],[-1,1,0]],[[5301,33235,0],[23,36,75302],[37,17,266841],[83,1,64236],[34,10,59375],[54,-2,134755],[43,-15,0],[20,12,0]],[[5399,33440,0],[26,3,35882],[-8,-9,35882],[-18,6,0]],[[5432,33468,0],[40,-7,44434],[-6,-7,44434],[-23,4,32818],[-11,10,0]],[[5435,33429,0],[9,6,36046],[28,-7,65250],[19,-14,53166],[-27,-5,65250],[-8,12,32862],[-21,8,0]],[[5480,33325,0],[5,7,42327],[34,-13,42327],[-29,-1,36389],[-10,7,0]],[[5654,33658,0],[5,1,0],[23,7,36837],[30,0,101832],[17,-12,36737],[7,-17,0],[-1,-15,0]],[[5806,33314,0],[0,-1,0]],[[5595,33294,0],[9,6,0],[7,23,155106],[32,8,58382],[7,-16,58382],[15,6,32964],[28,-2,55178],[11,-11,55178],[50,-8,41137],[10,4,138928],[0,45,72634],[11,-7,31390],[8,-20,0],[23,-8,0]],[[5474,33538,0],[0,-1,0]],[[5474,33537,0],[-21,3,0],[19,5,74872],[-2,13,31516],[8,37,140647],[14,-1,43554],[7,21,60279],[11,-1,31574],[17,14,31574],[33,15,0],[10,-6,0]],[[5964,33262,0],[0,1,0]],[[5806,33314,0],[17,-6,0],[32,-24,55573],[21,0,162724],[10,13,38575],[-8,15,38575],[6,36,58384],[-7,19,235171],[22,8,38798],[23,-3,46953],[7,-12,46953],[19,17,129879],[27,0,43997],[17,-12,63359],[-15,-17,63359],[23,6,39866],[14,-8,283986],[-12,-11,38420],[-19,-4,31075],[-18,-12,58543],[29,5,58543],[-5,-14,31015],[-18,-13,93297],[5,-29,0],[-12,-6,0]],[[5728,33431,0],[10,11,62299],[36,-13,28356],[-9,-5,23579],[16,-1,66052],[-11,-23,66052],[40,16,66699],[37,-9,47401],[26,3,47401],[-6,-15,191253],[-34,-12,57614],[-39,5,55190],[-24,-11,90645],[-28,1,35819],[-6,7,191253],[18,16,37022],[8,20,50059],[-21,-12,50059],[1,10,31914],[-14,12,0]],[[5797,33430,0],[34,11,44114],[-2,-10,34750],[-22,-8,44114],[-10,7,0]],[[5814,33376,0],[21,6,38084],[-17,-16,38084],[-4,10,0]],[[5840,33431,0],[20,8,43109],[9,-12,43109],[-29,4,0]],[[5891,33448,0],[15,11,44497],[12,-13,44497],[-21,-10,43722],[-6,12,0]],[[5929,33386,0],[36,14,64911],[18,-1,36037],[0,-11,64911],[-46,-7,42969],[-8,5,0]],[[5767,33556,0],[2,-3,0]],[[5732,33506,0],[-1,0,0]],[[5731,33506,0],[-20,15,0],[-6,-9,38052],[-33,-7,58274],[32,30,49630],[23,8,58274],[29,-10,57735],[-1,19,0],[12,4,0]],[[5726,33548,0],[17,8,37546],[4,-12,37546],[-21,4,0]],[[5964,33262,0],[-7,-3,0],[0,-19,42094],[-15,-13,69192],[-2,-23,40404],[11,-13,176369],[29,9,51980],[4,7,32618],[27,9,33049],[14,12,72026],[4,-9,0],[15,5,0]],[[5988,33253,0],[36,28,86286],[34,0,60361],[10,19,35317],[9,-4,35317],[-32,-33,86286],[-52,-16,47394],[-5,6,0]],[[5767,33556,0],[18,6,0],[-17,11,52340],[13,18,70920],[-20,3,41437],[2,18,39244],[-15,-2,70920],[5,23,126340],[23,0,42565],[6,-17,42565],[16,6,84956],[2,26,126340],[-32,32,49713],[-22,8,0],[-8,9,0]],[[5395,33735,0],[-1,1,0]],[[5394,33736,0],[1,0,0],[20,13,44301],[4,19,156028],[25,-15,52650],[-8,-14,52650],[22,-33,41159],[26,9,41159],[-13,-15,41159],[7,-22,177351],[-4,-29,41570],[9,-9,41570],[-11,-21,0],[-54,-14,0]],[[5615,33610,0],[11,5,0],[-23,20,69907],[18,20,0],[33,3,0]],[[5606,33615,0],[4,-7,0],[5,2,0]],[[5159,33659,0],[35,50,0],[-12,43,138038],[-40,23,45051],[-20,3,79430],[-29,30,414555],[24,14,59029],[49,4,86216],[51,17,58709],[6,13,118228],[24,3,32724],[8,8,32724],[37,8,60150],[25,-2,414555],[-15,-27,50561],[9,-13,50561],[-14,-25,81691],[7,-32,185639],[20,-3,41854],[6,-15,41854],[28,-19,0],[36,-3,0]],[[5985,33673,0],[-2,0,0]],[[5845,33801,0],[7,2,0],[12,9,37084],[28,1,129356],[0,-46,55136],[11,-22,211186],[30,13,89136],[10,45,77034],[26,14,310511],[14,-7,32139],[-2,-12,32139],[13,-6,132169],[-10,-16,57926],[12,-2,36327],[-9,-16,36327],[9,-15,57926],[-19,-4,37823],[-5,-13,37823],[22,8,37823],[-10,-34,52669],[6,-18,0],[-5,-9,0]],[[5834,33839,0],[42,15,64819],[13,-3,43873],[-26,-18,64819],[-29,6,0]],[[5400,34161,0],[22,13,37961],[0,-11,54234],[25,-19,79671],[23,-4,36601],[19,7,36629],[26,-4,218627],[36,-48,131408],[55,-20,53669],[21,0,155417],[16,23,41684],[8,-7,41684],[35,22,155417],[-16,-32,83821],[3,-17,37946],[17,-18,0],[-16,-6,36208],[-26,-24,80342],[-17,-37,237142],[-34,1,55583],[-34,-10,31926],[-24,-2,84989],[-27,-19,84989],[-11,9,32243],[-29,7,182371],[36,19,59660],[6,20,0],[-27,32,62276],[-39,23,154239],[3,19,33004],[-10,2,33004],[-18,33,60352],[-10,-5,60352],[-7,35,32142],[3,20,32142],[-9,-2,0]],[[5985,33673,0],[-4,-7,0],[-22,-7,86508],[-18,-29,38121],[-12,-34,38121],[-10,-9,198200],[10,-29,81295],[12,-6,40889],[25,11,113766],[1,-18,33573],[-10,-7,53166],[11,-22,198200],[-17,-19,60300],[-27,-4,41348],[-22,-14,449885],[-29,5,38956],[-13,-7,38956],[-64,-2,142028],[-1,7,36450],[-33,0,67125],[23,23,30873],[25,4,30873],[-16,9,30873],[-5,-8,67125],[-45,-19,67125],[-49,5,60882],[9,9,40675],[28,0,0],[-1,1,0]],[[6179,33041,0],[9,-5,0],[18,15,52159],[-7,-32,57453],[-26,-12,57453],[-38,-44,164052],[1,-56,57980],[10,-13,0],[29,-3,0]],[[6193,32996,0],[1,9,37935],[27,9,37935],[-28,-18,0]],[[5662,33527,0],[-29,-3,0],[-4,-12,52668],[20,7,32844],[-5,-10,32844],[18,-11,111249],[-30,-3,55310],[27,-15,55310],[0,-15,50206],[-27,-12,247618],[-26,13,42257],[1,11,102460],[-41,-1,52331],[4,12,52331],[-48,20,52294],[-20,-1,132512],[-13,13,35208],[0,15,0],[-15,2,0]],[[5607,33849,0],[6,-8,0],[21,0,46345],[47,18,46345],[58,13,237535],[3,-31,76763],[-15,-19,43330],[3,-17,43330],[-16,-11,176427],[-22,0,37107],[-14,-11,37107],[-37,-11,0],[-10,0,0]],[[10129,37113,0],[1,-1,0]],[[10130,37112,0],[-4,-1,0],[-10,-21,0],[6,-4,0]],[[10141,36823,0],[-1,-1,0]],[[10140,36822,0],[-18,6,0],[-14,24,53481],[-29,14,103328],[-14,-13,67508],[-39,18,150482],[19,17,68091],[-11,32,150482],[-29,7,42590],[-23,-6,33153],[-1,8,33153],[-24,0,0],[-1,7,0]],[[9956,36936,0],[2,2,0]],[[9929,36822,0],[20,7,31388],[-7,-11,31388],[-13,4,0]],[[9986,36841,0],[31,7,47422],[-2,-12,47422],[-29,5,0]],[[10324,37357,0],[-1,0,0]],[[10106,37310,0],[-5,1,0]],[[10101,37311,0],[14,15,0],[20,4,43373],[11,20,43373],[40,27,63382],[19,0,63382],[36,38,270348],[24,-24,116061],[24,7,31593],[0,7,31593],[38,18,160197],[-4,-19,31750],[-12,-13,58420],[18,-11,38435],[-9,-8,0],[4,-15,0]],[[10160,37400,0],[30,4,40227],[-26,-12,40227],[-4,8,0]],[[10174,36977,0],[10,-18,0],[21,-7,38541],[-4,14,49712],[29,-13,53485],[21,16,53485],[10,-15,264076],[-20,-20,49121],[4,-18,49121],[-11,-9,31068],[-1,-16,31068],[-13,-13,132414],[6,-48,38307],[-3,-22,132414],[-42,-2,0],[-41,16,0]],[[10197,36689,0],[1,11,34073],[20,13,88209],[29,-4,47001],[9,-15,88209],[-26,-3,32053],[-20,-8,52699],[-13,6,0]],[[10218,36745,0],[22,19,43326],[8,-8,43326],[-18,-13,33513],[-12,2,0]],[[10235,36734,0],[10,4,35377],[22,-11,35377],[-25,0,31403],[-7,7,0]],[[10262,36972,0],[30,21,51385],[2,-11,35777],[-18,-15,51385],[-14,5,0]],[[10043,37249,0],[16,10,0],[23,-5,78545],[15,23,55487],[-8,21,0],[12,13,0]],[[10062,37277,0],[25,1,48940],[-7,-17,48940],[-18,16,0]],[[9803,37347,0],[0,1,0]],[[9803,37348,0],[37,20,0],[7,11,42166],[24,-7,69096],[6,-25,117011],[28,-6,54183],[13,14,54183],[23,-6,48880],[21,12,282183],[7,-42,77619],[27,-11,89858],[-1,-27,38615],[9,-26,135432],[15,1,32926],[18,-11,0],[6,4,0]],[[9934,37445,0],[22,0,40423],[0,-13,40423],[-22,13,0]],[[9974,37477,0],[19,4,35632],[-6,-12,35632],[-13,8,0]],[[9854,37148,0],[3,-1,0]],[[9876,37033,0],[-12,-4,0]],[[9864,37029,0],[-65,7,0],[24,12,47004],[-61,-16,51562],[9,13,74440],[-37,-7,36667],[11,16,36667],[-30,-24,94705],[-25,4,44450],[23,9,53288],[-35,2,241650],[31,20,39469],[31,28,158518],[-19,12,44079],[11,11,67509],[-39,-3,54153],[1,12,293125],[76,20,124795],[28,-16,46321],[-22,-7,46321],[29,-8,108422],[7,9,40461],[39,7,0],[3,18,0]],[[9589,37085,0],[24,6,41748],[-10,-15,41748],[-14,9,0]],[[9631,37077,0],[26,11,44097],[4,-10,36915],[-19,-9,44097],[-11,8,0]],[[9663,37026,0],[19,10,32203],[-4,-12,32203],[-15,2,0]],[[9795,37024,0],[20,-1,30973],[-3,-8,30973],[-17,9,0]],[[10493,36631,0],[-3,6,16967],[-15,15,81552],[18,6,38878],[-6,13,38878],[17,9,83184],[3,25,58743],[-10,15,31827],[-14,2,58743],[10,18,0],[0,14,0]],[[10324,37357,0],[0,-1,0],[23,22,44844],[2,-13,49157],[52,3,72021],[11,-10,178932],[-26,-26,45795],[0,-15,42058],[-22,-22,178932],[9,-8,58901],[-23,-25,44371],[-5,-20,83865],[23,2,83865],[6,-32,41499],[-4,-29,41499],[17,-3,36315],[-10,-11,501708],[-55,-34,64938],[-16,-23,107958],[-29,-11,32386],[-22,-1,236968],[-38,7,59019],[-17,9,31642],[-3,11,81249],[-35,-3,0],[-32,-12,0]],[[9854,37148,0],[1,3,0],[15,10,57044],[4,14,31960],[-7,21,209177],[-42,19,58547],[-24,-3,99705],[3,25,99705],[-30,15,58823],[-21,18,33044],[-6,14,41332],[-20,13,315600],[-17,0,26548],[-4,7,26777],[27,-4,26777],[-2,16,35217],[13,14,95814],[12,-4,49275],[28,18,37995],[16,2,0],[3,2,0]],[[9670,37321,0],[24,18,41644],[18,1,65934],[-11,-28,25015],[-2,4,65934],[-29,5,0]],[[9694,37257,0],[15,13,34069],[8,-6,34069],[-23,-7,0]],[[9765,37195,0],[18,10,33412],[1,-10,33412],[-19,0,0]],[[10493,36754,0],[0,3,0],[-34,-1,71505],[5,25,66972],[-31,1,137015],[25,27,112866],[-22,6,57468],[-6,17,37506],[-18,13,252399],[38,21,48288],[36,32,0]],[[9956,36936,0],[-3,17,0],[14,19,124514],[-15,17,34039],[-16,5,66049],[-16,-12,66049],[-27,8,44310],[12,10,38662],[-20,4,97002],[-27,-8,43471],[-21,5,83972],[18,10,35814],[-9,7,46374],[26,10,0],[-8,1,0]],[[9587,36945,0],[12,11,39214],[22,-2,39214],[-34,-9,0]],[[9639,36886,0],[1,9,40726],[26,4,33220],[6,-6,40726],[-33,-7,0]],[[9711,36912,0],[34,13,54405],[0,-12,39117],[-22,-11,54405],[-12,10,0]],[[9724,36956,0],[42,11,48563],[-16,-14,48563],[-26,3,0]],[[9749,36938,0],[19,13,44253],[12,-9,44253],[-22,-11,38109],[-9,7,0]],[[9794,36959,0],[31,16,39850],[-5,-11,39850],[-26,-5,0]],[[4707,33014,0],[18,16,65294],[34,11,42646],[25,0,98951],[-3,21,108299],[29,7,36876],[-25,4,36876],[7,10,36876],[14,-11,36876],[21,9,37096],[-13,7,37096],[23,5,33849],[13,-6,41468],[-2,16,41468],[19,-2,34196],[1,-11,312953],[53,-17,60378],[9,22,60378],[6,-18,32091],[12,-8,106962],[60,15,92026],[16,-25,53799],[13,9,0],[10,-39,56642],[-2,-47,98406],[-13,-3,44670],[-3,-26,176600],[-10,2,39271],[-32,31,62193],[-8,-8,62193],[-33,20,35474],[1,10,31944],[-18,7,120818],[-7,-10,36427],[11,-17,120818],[28,-18,36973],[18,-2,69049],[9,-27,42376],[14,-9,69049],[11,17,69049],[10,-23,43044],[12,-6,35121],[-4,20,43044],[37,-10,123730],[2,-27,41766],[12,-10,69712],[-11,-31,176600],[-17,-7,46249],[-15,14,47622],[-19,-12,47622],[-16,10,104686],[-5,27,0],[-15,4,48289],[-17,-11,32653],[-4,-13,32653],[-12,7,71601],[-5,-17,39187],[-11,10,33481],[4,15,43994],[-23,-12,46267],[-17,8,139032],[-13,-16,71996],[-9,27,45621],[-15,10,98012],[-32,-4,42454],[-12,6,37565],[-34,-1,365591],[-17,8,35371],[0,13,50321],[17,3,50321],[-7,22,34870],[6,10,72986],[-27,23,57723],[10,12,174407],[-17,8,32158],[-42,8,0]],[[5363,32781,0],[0,1,0]],[[5363,32782,0],[14,-5,0],[45,-10,102771],[10,17,33930],[-5,11,63995],[26,5,222476],[58,-22,39706],[22,-12,39706],[117,-54,222476],[-8,17,32008],[-16,13,64876],[16,6,37591],[-7,13,0],[-63,26,0]],[[4527,32693,0],[19,7,60181],[7,18,33806],[-4,15,158767],[23,6,61793],[35,-20,61793],[23,12,51416],[15,-11,158767],[11,13,37858],[-5,15,96322],[23,13,53476],[17,-9,37895],[17,6,0],[24,-27,42989],[27,-18,72808],[18,1,183937],[30,-50,82144],[11,-57,303129],[-7,-35,46204],[-16,-24,101180],[-31,-5,0],[-31,26,34330],[-32,20,32265],[-17,16,124927],[-46,18,31831],[-14,2,72524],[-46,30,91815],[-34,2,83921],[-17,11,33250],[12,3,33250],[-12,22,0]],[[4534,32851,0],[29,27,73791],[35,2,173340],[14,-39,58028],[22,-22,173340],[3,-18,44161],[-18,-1,57714],[-10,24,57714],[-35,8,47458],[-11,9,34127],[-29,10,0]],[[4625,32429,0],[19,4,31506],[-5,-10,31506],[-14,6,0]],[[4648,32427,0],[17,13,31905],[-6,-15,31905],[-11,2,0]],[[4652,32465,0],[16,7,52133],[9,18,31416],[-3,13,79613],[15,1,31755],[20,12,106782],[4,-30,106782],[-7,-10,36436],[-34,-15,62447],[-20,4,0]],[[4696,32394,0],[34,9,73470],[-9,9,38192],[19,9,45444],[-7,-17,36124],[3,-25,49252],[-16,-4,73470],[-24,19,0]],[[5343,32671,0],[-1,0,0]],[[5342,32671,0],[2,7,0],[-36,-1,99785],[-13,13,46983],[4,24,36164],[-7,9,99785],[-52,29,61515],[-27,26,290728],[3,23,43140],[-10,7,26414],[16,1,26414],[11,25,89759],[29,10,210088],[73,-51,0],[28,-11,0]],[[6117,32671,0],[-58,-51,208652],[-35,-1,34831],[-23,4,71058],[-90,-9,208652],[-32,-17,45585],[-44,-11,72668],[-42,0,72668],[-28,-14,31463],[-2,-6,158635],[-31,-6,34593],[-19,3,44481],[-26,-10,41660],[-28,1,125682],[-19,-13,34264],[-9,4,34568],[-40,-21,95439],[-29,6,46765],[-11,-10,46765],[-47,2,72252],[8,-10,0],[-17,-1,0]],[[5495,32511,0],[-4,10,0]],[[5495,32511,0],[-5,-1,0],[-2,-15,86831],[-20,15,32147],[-25,0,32147],[13,7,46067],[-32,9,34913],[3,13,34913],[-16,-2,196951],[-11,9,33121],[-2,17,48885],[-22,16,93318],[-5,31,37551],[7,8,123932],[-25,28,59252],[-2,-9,31410],[-16,6,0],[7,28,0]],[[4910,32757,0],[21,1,36580],[15,-10,65298],[32,12,89544],[32,-18,0],[8,-24,41262],[-9,-9,42334],[8,-26,110807],[-33,-19,0],[-12,19,46296],[-18,-2,46296],[-12,19,78959],[11,16,78959],[-42,24,64260],[11,4,33250],[-12,13,0]],[[5005,32779,0],[7,17,37997],[15,1,63078],[11,-21,63078],[-5,-11,31240],[-15,2,47169],[-13,12,0]],[[5025,32741,0],[16,20,43445],[-2,-22,43445],[-14,2,0]],[[5041,32729,0],[20,6,65275],[16,-20,44987],[-7,-13,65275],[-28,18,37508],[-1,9,0]],[[5214,33008,0],[-1,9,0],[9,6,32505],[19,-7,53475],[38,14,78476],[45,-6,128272],[29,-30,46553],[20,-8,128272],[20,15,34840],[5,13,70865],[-13,19,466016],[-70,30,118639],[-5,14,37623],[-31,34,297574],[-5,35,66198],[13,17,39826],[1,22,78560],[-14,27,78560],[27,23,0]],[[9135,34866,0],[3,1,0]],[[9304,34822,0],[-2,-10,0]],[[9302,34812,0],[-6,2,0],[-75,1,55061],[-3,8,55061],[-62,-2,60088],[-45,-12,55506],[-8,10,205195],[34,23,52099],[-14,-1,32916],[13,14,0],[-1,11,0]],[[8288,34297,0],[-2,0,0]],[[8286,34297,0],[2,1,0],[-41,7,33752],[-7,-3,0],[-41,-3,0]],[[8199,34299,0],[1,3,0]],[[7822,34504,0],[2,0,0]],[[7854,34480,0],[0,-2,0]],[[7854,34478,0],[-19,0,0],[-20,-13,60455],[-5,27,0],[12,12,0]],[[7694,34807,0],[2,-3,0]],[[7713,34789,0],[3,-2,0]],[[7716,34787,0],[-2,-8,0],[-17,-3,38980],[-16,-18,63158],[-25,4,87984],[-45,-35,185591],[-51,0,39724],[-20,7,39724],[-33,-3,221968],[25,19,52484],[2,12,38926],[23,17,33144],[3,11,169144],[48,8,35979],[32,1,35979],[16,7,0],[38,1,0]],[[7477,34621,0],[0,-1,0]],[[7491,34580,0],[0,-2,0]],[[7491,34578,0],[-17,1,0],[-16,-11,48613],[17,36,54264],[-20,9,0],[22,8,0]],[[7901,34486,0],[1,-1,0]],[[7902,34485,0],[-43,-7,0],[-5,0,0]],[[7694,34807,0],[2,0,0],[29,6,37307],[29,14,0],[0,10,0]],[[7754,34837,0],[4,-1,0]],[[7940,34719,0],[1,-1,0]],[[7941,34718,0],[-10,-1,0],[-23,8,33533],[-15,-3,61251],[-12,19,96161],[-40,-7,32137],[-16,1,96161],[-11,20,31906],[-12,6,115942],[-36,-1,41137],[-36,8,200691],[9,19,46547],[22,6,89486],[-13,9,34447],[-27,2,0],[-5,-17,0]],[[7611,34625,0],[2,9,0]],[[7613,34634,0],[10,-4,0],[5,0,0]],[[7628,34630,0],[-1,-1,0]],[[7331,34545,0],[-3,-2,0]],[[7258,34547,0],[-4,0,0]],[[7254,34547,0],[7,6,0],[-27,1,51126],[-1,16,77755],[35,15,107160],[25,1,40244],[31,-9,62709],[43,17,55414],[-16,-17,37306],[-27,-12,0],[7,-20,0]],[[7838,34558,0],[-1,-6,0]],[[7831,34526,0],[-4,0,0]],[[7827,34526,0],[-1,4,0],[-48,-1,52492],[14,15,52492],[-24,21,52492],[-6,-14,39949],[14,-12,79980],[-35,-10,44584],[-34,1,176186],[1,14,57981],[43,26,108858],[21,-2,31603],[34,6,0],[32,-16,0]],[[8074,34511,0],[-34,3,0]],[[8525,36686,0],[-17,11,0],[-29,-1,75887],[-28,18,46136],[-42,14,256297],[-18,-5,70729],[26,30,37432],[-2,9,37432],[20,19,126233],[37,14,38643],[8,13,38643],[21,4,0],[16,14,0]],[[8517,36826,0],[6,-5,0]],[[8375,36733,0],[3,23,48710],[15,-19,48710],[-18,-4,0]],[[7372,34516,0],[0,1,0]],[[7372,34517,0],[6,0,0],[21,-8,33256],[14,4,33256],[36,-9,111850],[13,9,38009],[47,13,49820],[19,1,111850],[-22,-33,92536],[-17,-10,40604],[-39,-6,0],[-68,1,0]],[[7225,34496,0],[1,-1,0]],[[7382,34479,0],[-5,0,0],[-92,-26,154441],[-37,6,57708],[-15,18,34088],[-12,2,0],[4,17,0]],[[7648,34575,0],[1,-2,0]],[[7649,34573,0],[-2,0,0],[-3,-11,55025],[-47,-6,85239],[-32,15,57103],[23,6,0],[-9,0,0]],[[7579,34577,0],[0,3,0]],[[9090,34752,0],[0,-1,0]],[[8470,34741,0],[0,1,0]],[[8470,34742,0],[72,2,0],[19,24,60852],[43,23,66308],[4,25,66308],[31,8,257293],[11,-6,32728],[1,-17,91246],[56,-12,39614],[13,-7,247802],[32,14,84138],[-9,22,30807],[-14,1,30807],[14,10,131300],[36,10,40376],[11,12,40376],[28,6,596045],[-24,-21,40547],[-9,-19,98590],[39,-2,127960],[3,-11,33374],[19,-3,45419],[4,-19,79050],[41,-7,43074],[4,-8,312434],[70,19,93440],[6,-20,86030],[58,17,176130],[-3,13,48488],[27,19,126102],[13,-5,41468],[-3,-21,64840],[33,-15,86495],[-15,-13,39440],[8,-10,0],[1,1,0]],[[8498,34823,0],[32,9,31154],[26,3,85220],[20,-5,31159],[6,-11,85220],[-20,-5,32848],[-43,-3,76393],[-21,12,0]],[[8600,34825,0],[14,12,38380],[5,-14,38380],[-19,2,0]],[[8703,34830,0],[31,16,33552],[0,-6,33552],[-31,-10,0]],[[8905,34896,0],[33,3,54379],[65,-4,31821],[7,-8,31821],[15,5,181738],[19,-11,50784],[-19,-12,99843],[-40,1,73923],[-3,-9,37689],[-29,-13,181738],[-3,10,34032],[-20,-2,34032],[-21,8,88757],[-4,32,0]],[[8922,34801,0],[21,4,36732],[-13,-14,36732],[-8,10,0]],[[7676,34635,0],[0,-1,0]],[[7693,34577,0],[1,-1,0]],[[7694,34576,0],[-2,-1,0],[-43,-2,0]],[[7647,34632,0],[29,3,0]],[[7638,34538,0],[21,12,52208],[13,-14,52208],[-12,-4,31868],[-22,6,0]],[[7628,34630,0],[19,2,0]],[[8176,34417,0],[1,0,0]],[[8199,34299,0],[-37,-2,0],[-16,2,33470],[19,9,33470],[12,18,66679],[-22,7,46940],[7,14,94708],[40,8,52979],[8,14,45621],[-29,-6,52979],[12,33,0],[-17,21,0]],[[8649,36993,0],[13,15,37379],[20,6,63665],[-5,-24,68589],[16,-3,31998],[19,7,46224],[-10,9,46224],[31,9,0],[5,-11,33896],[17,1,71564],[-13,-33,123163],[-36,-7,38062],[-20,-11,0],[-16,9,35281],[15,5,35281],[-15,31,76640],[-21,-3,0]],[[8734,37094,0],[19,7,48983],[11,-17,48983],[-19,0,32102],[-11,10,0]],[[8798,37125,0],[15,-7,32766],[32,-4,93315],[-3,-10,33838],[11,-22,81339],[-13,-6,43752],[-24,14,93315],[-18,35,0]],[[8815,36998,0],[11,11,37464],[21,-2,79887],[9,-20,50177],[-14,-15,79887],[-27,14,43357],[0,12,0]],[[9850,34643,0],[-7,0,0]],[[9843,34643,0],[8,23,0],[-11,2,0],[-8,-2,0]],[[9832,34666,0],[1,1,0]],[[7434,34571,0],[0,-1,0]],[[7434,34570,0],[-18,2,0]],[[8923,34374,0],[5,-5,0]],[[8928,34369,0],[-30,-14,0],[-24,-22,31083],[-25,-15,173081],[-20,0,43114],[-50,-14,47237],[-11,6,47237],[-36,-17,73501],[-13,8,73501],[-27,-18,48813],[-37,-10,314388],[-40,5,34510],[-13,6,47413],[-21,-6,47055],[-12,11,32769],[-16,-1,110365],[-20,-19,90158],[-23,0,42097],[-4,13,55992],[-37,-3,0],[-11,6,0]],[[8458,34285,0],[7,8,0]],[[7462,34589,0],[-9,-21,0],[-19,2,0]],[[7931,34583,0],[-2,3,0]],[[7929,34586,0],[11,3,0],[17,-4,39206],[19,10,59514],[36,-4,42760],[29,7,39376],[22,-4,111580],[62,19,0],[30,-11,0]],[[7942,34600,0],[4,9,42746],[32,0,42746],[-36,-9,0]],[[8673,36647,0],[-24,4,0]],[[8597,36806,0],[4,0,0]],[[8601,36806,0],[-1,-1,0],[10,-21,41416],[-3,-24,43958],[13,-41,136324],[23,-34,33800],[12,-10,46970],[-4,-14,46970],[22,-12,0],[0,-2,0]],[[7878,34404,0],[27,0,45015],[9,12,80088],[27,-2,39921],[16,-12,89240],[12,10,32077],[23,6,164430],[15,-5,37081],[3,-17,47854],[19,7,47854],[2,-20,164430],[-49,-18,66595],[-9,11,114978],[-21,1,36983],[-17,11,36983],[-35,5,50589],[-22,11,0]],[[7994,34311,0],[11,10,32020],[19,1,46967],[0,12,71216],[33,-3,47318],[12,11,124406],[-9,7,32969],[-31,7,83384],[9,26,124406],[22,-12,58268],[4,10,35915],[21,1,81933],[19,-7,32364],[17,-17,0],[-3,-14,36477],[14,-8,53753],[-6,-32,0],[-45,-10,98866],[-27,18,78024],[-34,-7,48798],[-26,7,0]],[[8454,36525,0],[16,5,0]],[[8673,36647,0],[-7,-31,0],[-16,-27,33953],[-8,-28,70623],[-35,-45,89237],[-12,-43,313117],[-14,-10,33662],[-36,-13,82582],[-36,7,144709],[6,24,64144],[-25,13,0],[-36,31,0]],[[9479,34778,0],[1,1,0]],[[9500,34676,0],[0,1,0]],[[9500,34677,0],[5,1,0],[6,24,48353],[22,-3,48353],[-11,20,0],[-19,-8,0]],[[9503,34711,0],[0,2,0]],[[9503,34713,0],[-1,18,0]],[[9502,34731,0],[22,3,0],[-16,4,40646],[-6,18,96712],[-55,-6,54341],[-32,6,96712],[12,19,82945],[61,-1,0],[-9,4,0]],[[8892,37143,0],[0,15,31494],[11,11,43391],[3,-21,43391],[-14,-5,0]],[[8907,37141,0],[4,12,36761],[12,-19,36761],[-16,7,0]],[[8924,37142,0],[3,10,30804],[11,-15,30804],[-14,5,0]],[[8927,37165,0],[8,14,41561],[7,-25,41561],[-15,11,0]],[[8990,37172,0],[7,18,44983],[10,-5,31693],[11,12,107929],[12,-4,30851],[6,-15,38301],[39,-15,38301],[-16,0,0],[-12,-17,60257],[17,-5,38969],[4,-16,62369],[-8,-21,31360],[0,-20,0],[-21,5,68630],[-22,20,35039],[7,4,40770],[-27,24,102719],[-4,16,31667],[9,4,43076],[-12,15,0]],[[9094,37117,0],[16,13,44481],[6,-8,34409],[-11,-17,44481],[-11,12,0]],[[8167,34506,0],[0,-6,0]],[[8167,34500,0],[-28,5,0],[-22,-4,44694],[-30,9,0],[-13,1,0]],[[7798,34634,0],[-1,-1,0]],[[7799,34586,0],[2,-3,0]],[[7801,34583,0],[-12,-3,0],[-20,0,0]],[[7769,34580,0],[0,1,0]],[[7755,34634,0],[0,2,0]],[[7755,34636,0],[3,-1,0],[40,-1,0]],[[10096,34445,0],[1,2,0]],[[10210,34326,0],[-2,1,14370],[-7,19,33945],[-16,17,84779],[-23,10,40435],[-22,23,45388],[-15,2,45388],[-13,23,61589],[22,10,59328],[-16,12,39254],[-21,-1,0],[-1,3,0]],[[8193,34489,0],[1,1,0]],[[8200,34482,0],[-3,0,0]],[[8197,34482,0],[-1,5,0],[-3,2,0]],[[8193,34489,0],[-23,10,0],[-3,1,0]],[[8253,34622,0],[0,-4,0]],[[8155,34602,0],[15,-5,0],[83,25,0]],[[8239,34769,0],[0,1,0]],[[8246,34865,0],[1,1,0]],[[8247,34866,0],[22,-2,0],[28,6,55622],[12,21,91785],[14,-1,42107],[4,-22,133907],[36,18,69696],[22,-5,41707],[7,13,41707],[36,1,86801],[32,12,39222],[17,14,64360],[51,14,385558],[38,-17,139681],[-6,-26,77890],[-23,-11,47930],[-24,-27,334802],[-24,-2,48115],[-54,-21,48115],[-52,-10,91141],[-25,-16,41584],[-35,-10,112172],[-24,-20,54059],[-18,-5,34122],[11,-8,34122],[-13,-23,112172],[-23,10,52453],[-15,-15,31061],[-4,7,40697],[26,25,0],[-24,3,0]],[[8383,34777,0],[14,19,54242],[13,-19,54242],[-21,-13,46582],[-6,13,0]],[[8176,34417,0],[-8,10,0],[-18,8,31895],[-4,11,68195],[36,4,68195],[-9,10,35970],[6,18,54748],[19,-3,0],[-1,7,0]],[[8155,34470,0],[16,2,33504],[-8,-12,33504],[-8,10,0]],[[7769,34580,0],[-9,0,0],[-32,-20,76784],[-10,16,39433],[8,14,0],[-32,-14,0]],[[7676,34635,0],[2,0,0],[16,11,54354],[22,-14,54354],[29,6,0],[10,-2,0]],[[7528,34576,0],[-11,-1,0]],[[7517,34575,0],[0,1,0]],[[7517,34575,0],[-2,0,0],[-24,3,0]],[[9090,34752,0],[32,14,0],[-1,8,42119],[36,17,200767],[34,-6,57631],[-29,-11,57631],[21,-15,60006],[-15,-16,60006],[27,-11,72507],[18,-31,59342],[40,-35,435895],[28,-1,37365],[10,-9,108401],[12,15,58894],[28,6,35667],[25,13,160135],[-44,21,117575],[60,24,226099],[35,-3,38691],[-8,8,38691],[39,-1,68831],[51,-9,0],[13,1,0]],[[9503,34711,0],[-24,-10,0],[-33,-3,33807],[3,-8,33807],[-24,2,64199],[-7,-12,42154],[-26,-5,225095],[1,-14,44348],[-24,-22,49265],[-2,-22,112749],[-29,-8,72836],[-5,-33,72836],[-33,-26,0]],[[9300,34550,0],[0,-1,0]],[[9300,34549,0],[0,1,0]],[[9147,34793,0],[15,17,41885],[4,-16,41885],[-19,-1,0]],[[8454,36525,0],[-3,2,0],[22,19,102807],[-11,24,50374],[-23,5,50374],[-5,20,214591],[16,5,34687],[15,-8,69249],[16,15,48741],[-15,11,69249],[27,16,50219],[27,0,153853],[13,24,52230],[-6,26,0],[-2,2,0]],[[8200,36602,0],[34,20,39288],[-3,5,66998],[49,1,49497],[8,10,40476],[10,-21,49497],[-17,6,32381],[-27,-2,61544],[1,-8,33903],[-23,-4,33903],[-4,-9,66998],[-28,2,0]],[[8214,36641,0],[26,8,45997],[7,-12,45997],[-19,-4,33887],[-14,8,0]],[[8256,36671,0],[17,3,32904],[11,-8,64933],[4,18,38950],[16,7,64933],[11,-23,81729],[-19,-10,30818],[-6,6,34604],[-27,-13,81729],[-7,20,0]],[[8322,36685,0],[43,4,46118],[-1,-8,46118],[-21,-2,30696],[-21,6,0]],[[8325,36646,0],[2,9,31507],[21,3,31507],[-23,-12,0]],[[8354,36655,0],[33,7,51269],[-11,-15,51269],[-22,8,0]],[[7394,34592,0],[-1,1,0]],[[7393,34593,0],[36,6,0]],[[7429,34599,0],[2,-3,0]],[[7361,34580,0],[5,-7,0]],[[7416,34572,0],[-1,0,0],[-1,-13,33925],[-15,8,33925],[-22,-3,62756],[-2,-20,58003],[-27,21,58003],[10,13,0],[3,2,0]],[[8125,34849,0],[1,0,0],[44,-10,40836],[21,2,110943],[5,26,52055],[21,15,72663],[13,-14,0],[17,-2,0]],[[8239,34769,0],[-17,2,0],[-64,-6,93318],[-35,-24,50169],[-26,-5,136750],[-34,15,41287],[-19,1,128429],[-23,-13,34980],[-8,-13,83571],[-48,-3,0],[-24,-5,0]],[[8816,37410,0],[20,9,31192],[-4,-10,31192],[-16,1,0]],[[8843,37431,0],[22,10,30741],[11,13,30741],[13,1,0],[-2,-22,51536],[21,4,73301],[0,-16,31554],[-11,-20,0],[-25,6,50312],[2,11,35017],[-19,1,35017],[-12,12,0]],[[8861,37463,0],[8,6,35494],[18,-12,35494],[-26,6,0]],[[8935,37452,0],[16,8,33146],[-12,-17,33146],[-4,9,0]],[[9025,37489,0],[9,13,41245],[18,-8,45146],[-8,-14,45146],[-19,9,0]],[[7547,34577,0],[0,-1,0]],[[7547,34576,0],[-19,0,0]],[[7754,34837,0],[-1,18,0],[14,26,69636],[38,10,148103],[8,-10,41606],[37,-10,101302],[13,7,32274],[27,1,36420],[10,7,0],[0,1,0]],[[7904,34578,0],[4,-16,0]],[[7822,34504,0],[6,7,0],[-1,15,0]],[[7838,34558,0],[1,0,0],[10,16,52564],[25,-5,0],[30,9,0]],[[8253,34622,0],[8,2,0],[-15,24,61863],[7,5,30955],[1,23,246550],[21,11,51477],[22,-8,51477],[60,9,160253],[11,27,103381],[37,1,72875],[41,25,0],[24,1,0]],[[7477,34621,0],[27,10,0],[4,9,37099],[21,-10,55561],[23,6,36001],[21,28,36001],[14,1,36001],[-19,-16,80802],[25,0,36234],[5,-9,0],[15,-6,0]],[[7845,34621,0],[-4,-2,0]],[[7798,34634,0],[44,-1,0],[0,-9,0],[3,-3,0]],[[8458,34285,0],[-5,3,0],[-12,-16,50645],[-39,-15,77292],[-24,-32,63002],[-26,-12,35107],[-18,-17,321028],[-29,-2,84994],[0,28,30955],[6,14,112395],[29,11,43905],[8,14,180381],[-8,27,69784],[-27,-12,69784],[-37,8,42109],[-4,9,0],[14,4,0]],[[8259,34195,0],[17,5,36249],[-13,-17,36249],[-4,12,0]],[[7579,34577,0],[-32,-1,0]],[[8517,36826,0],[8,6,0],[-18,17,84490],[9,18,38184],[23,21,164274],[15,-1,36394],[0,-15,76114],[31,34,87034],[17,-9,32572],[15,6,32572],[5,-11,182826],[-5,-28,45926],[8,-28,0],[-24,-30,0]],[[9704,34506,0],[1,2,0]],[[10096,34445,0],[-6,20,0],[-18,13,42800],[-8,24,283824],[-36,11,59841],[-14,-4,37271],[-46,5,131882],[-33,-22,51825],[-27,-4,131882],[-25,16,32629],[-26,10,183473],[-26,-1,54001],[-44,-21,110874],[-84,3,0],[1,11,0]],[[8040,34514,0],[-17,1,0],[-35,-11,0]],[[7988,34504,0],[-1,2,0]],[[7877,34650,0],[17,15,46360],[27,3,94389],[17,-17,73046],[-31,-23,94389],[-12,2,35567],[-18,20,0]],[[7959,34656,0],[15,3,35705],[-12,-16,35705],[-3,13,0]],[[7976,34658,0],[16,13,46281],[39,10,89694],[14,-19,89694],[-16,-7,42294],[-47,-4,52580],[-6,7,0]],[[8062,34683,0],[29,20,42745],[17,1,42745],[-28,-18,38592],[-18,-3,0]],[[8116,34684,0],[8,13,53044],[23,3,31089],[-5,9,31089],[22,-6,73273],[16,15,32094],[-2,9,93023],[30,11,35242],[20,0,0],[-8,-17,49964],[-28,-10,49964],[-4,-10,32317],[-22,-9,32317],[-22,-21,0],[-23,2,38842],[-5,11,0]],[[8163,34745,0],[1,13,43322],[23,-6,43322],[-8,-10,32060],[-16,3,0]],[[7936,34499,0],[4,-4,0]],[[7940,34495,0],[-12,-5,0],[-26,-5,0]],[[7429,34599,0],[22,3,0],[16,-2,0],[-5,-11,0]],[[9300,34549,0],[-32,-18,0],[-26,-10,35209],[-14,2,49429],[-27,-15,95965],[-15,13,36374],[1,15,92992],[-27,-4,30902],[1,6,30902],[-27,-2,95617],[-4,-10,35414],[16,-14,40248],[18,7,40248],[-4,-17,95617],[-58,-14,55237],[-10,6,306825],[-22,-44,60946],[-12,5,64225],[-14,-16,35119],[-14,-3,35119],[-29,-25,112493],[-9,5,51740],[-44,-23,73974],[-18,-23,0],[-2,-1,0]],[[7904,34578,0],[25,8,0]],[[7988,34504,0],[-7,-2,0],[-21,2,0],[-20,-9,0]],[[7845,34621,0],[17,-16,0],[-9,-13,41417],[-22,-1,0],[-30,-8,0]],[[7486,35790,0],[-1,-1,0]],[[7705,35619,0],[1,0,0]],[[7706,35619,0],[0,-9,0],[-9,-24,51729],[7,-32,115468],[-8,-12,36458],[-32,-17,365998],[-25,3,52972],[-7,21,52038],[-22,2,52972],[-71,28,103049],[-24,22,33894],[-6,14,103049],[-60,12,517554],[-12,9,41716],[4,22,81150],[-41,59,37280],[-14,14,82849],[-13,27,31329],[-2,17,306440],[29,7,50424],[36,25,85194],[28,-5,0],[22,-12,0]],[[7679,35500,0],[6,13,35767],[24,20,68103],[10,-16,73594],[-12,-23,42065],[-20,-14,73594],[-8,20,0]],[[7766,35545,0],[18,8,39753],[9,-11,40556],[-23,-8,40556],[-4,11,0]],[[7796,35573,0],[1,18,57210],[17,14,39388],[13,-5,74213],[2,-29,74213],[-18,-7,38979],[-15,9,0]],[[9479,34778,0],[-28,12,0],[-27,2,0]],[[9424,34792,0],[-1,1,0]],[[8053,36118,0],[17,0,0],[9,-10,35328],[23,-3,103572],[28,-43,62276],[19,-3,62276],[21,-40,361057],[0,-38,133475],[-14,-25,49909],[-35,-32,63364],[-1,-16,53959],[-31,-8,172250],[-33,13,0],[-6,0,0]],[[8050,35913,0],[3,10,0]],[[8170,35879,0],[20,-10,58301],[12,-35,58328],[-4,-7,30717],[-19,6,58328],[12,26,58328],[-21,20,0]],[[9135,34866,0],[0,3,0],[-57,6,147566],[0,14,59171],[32,17,43392],[11,-5,59171],[43,28,167815],[-2,15,70649],[-60,20,461106],[-86,-13,58477],[-46,-14,45280],[-45,-6,98021],[-61,-20,272094],[-8,4,38664],[-42,-5,70231],[-14,16,79626],[-55,-8,58090],[-16,8,191705],[-28,-15,48132],[-55,-16,120569],[-5,4,41771],[-59,-6,43003],[-4,5,461106],[45,30,45078],[26,8,45078],[30,23,132705],[40,11,31343],[10,7,40163],[34,5,40163],[14,10,19647],[6,0,0]],[[8783,34992,0],[16,-19,0]],[[8603,34880,0],[46,10,45557],[-19,-12,45557],[-27,2,0]],[[9704,34506,0],[1,45,0],[37,8,40708],[39,15,40708],[40,10,183724],[28,31,71607],[-8,23,0],[2,5,0]],[[9832,34666,0],[-45,-12,0],[-34,-5,0],[-6,1,0]],[[9747,34650,0],[0,2,0]],[[9747,34650,0],[-11,3,0],[-31,-3,68345],[-36,-29,182103],[-24,-2,41507],[-68,6,120589],[-37,-3,31373],[-41,-9,31373],[-15,1,64971],[-10,-13,35394],[-14,2,307174],[-9,28,33159],[4,10,33159],[-14,8,75951],[16,11,0],[43,17,0]],[[9407,34627,0],[28,8,60841],[10,-13,42221],[-15,-10,60841],[-23,15,0]],[[7569,35082,0],[13,11,36926],[10,26,61178],[17,1,80394],[-14,-30,31902],[2,-10,80394],[-28,2,0]],[[7576,34960,0],[10,20,31561],[22,28,95481],[22,20,40672],[34,17,142008],[3,25,42503],[9,-4,32556],[-7,-16,32556],[5,-17,49989],[-11,-27,142008],[-24,-25,47419],[-19,-2,47419],[-15,-21,94916],[-29,2,0]],[[7622,35037,0],[18,17,37513],[-1,-15,37513],[-17,-2,0]],[[7664,34978,0],[12,17,45483],[24,7,45483],[-36,-24,0]],[[7703,35174,0],[34,28,106876],[10,26,53414],[-6,33,106876],[31,51,38073],[-11,5,38073],[23,13,240683],[12,-10,61620],[2,-26,42140],[9,42,42140],[21,12,92036],[15,-26,0],[-24,-15,68977],[-13,-19,31364],[-6,-21,40293],[-14,-15,151908],[0,-24,57099],[-23,-61,37806],[-1,-14,0],[-32,3,53117],[-27,18,0]],[[7718,35015,0],[37,33,54638],[-6,-19,54638],[-31,-14,0]],[[7721,34983,0],[47,20,57235],[-28,-24,57235],[-19,4,0]],[[7773,35008,0],[19,16,34633],[1,-10,34633],[-20,-6,0]],[[7789,34996,0],[21,10,33299],[-2,-10,33299],[-19,0,0]],[[7791,35162,0],[16,47,57022],[23,25,48895],[5,24,195659],[33,-39,85827],[-4,-32,30743],[4,-5,195659],[-23,-13,56737],[-12,-24,41745],[-12,8,38066],[10,13,41745],[-40,-4,0]],[[9424,34792,0],[-2,0,0],[-25,7,41429],[-42,1,64508],[-2,-14,37243],[-17,-4,64508],[-19,13,34846],[3,9,0],[-18,8,0]],[[7361,34580,0],[21,11,0],[11,2,0]],[[7900,34887,0],[-8,20,0],[36,3,43825],[23,-7,81522],[17,4,32636],[2,10,72053],[45,-5,39510],[14,5,262384],[15,-15,39856],[-1,-17,87227],[24,-18,33749],[9,-15,52546],[28,-15,0],[21,12,0]],[[7225,34496,0],[1,4,0],[32,31,61834],[-9,12,0],[5,4,0]],[[7331,34545,0],[6,-15,0],[12,1,34728],[13,-15,0],[10,1,0]],[[7717,36002,0],[-3,-3,0]],[[7533,36043,0],[-16,5,0]],[[7517,36048,0],[3,7,0],[-1,33,36966],[8,37,34684],[-3,13,303254],[20,3,54142],[11,-23,89655],[44,16,98408],[6,-15,51823],[35,-9,238107],[2,-20,37911],[13,-10,37911],[25,-44,75722],[22,-10,41224],[4,-15,0],[11,-9,0]],[[7722,36134,0],[1,-2,0]],[[7723,36132,0],[1,-2,0]],[[7724,36130,0],[-9,-4,0],[-16,-1,46378],[-62,18,46378],[73,-16,0],[12,7,0]],[[7504,36154,0],[19,9,46565],[-2,-19,46565],[-17,10,0]],[[7592,36205,0],[27,6,57984],[24,-5,32066],[6,-9,125406],[-7,-23,35705],[2,-23,125406],[-19,11,32060],[-25,4,96463],[-2,18,37171],[13,5,59304],[-19,16,0]],[[8554,35483,0],[2,2,0]],[[8556,35485,0],[2,-4,0],[-9,-30,39802],[4,-15,36857],[-7,-24,87085],[11,-1,53410],[0,-42,87085],[-15,-59,160719],[4,-32,58205],[18,-5,0],[3,-16,0]],[[7717,36002,0],[17,-13,0],[16,-2,38398],[22,14,38398],[10,-4,248541],[4,-25,52752],[15,-37,34107],[14,-23,158673],[27,-26,34512],[39,-44,73755],[25,-40,374949],[-4,-48,69960],[-18,-15,137789],[-50,4,0],[-4,2,0]],[[7830,35745,0],[1,0,0]],[[7830,35745,0],[-11,8,0],[-61,72,31247],[-4,8,105500],[-76,62,200461],[-55,24,39865],[-36,11,200461],[-55,-1,88854],[-1,13,45851],[27,11,88854],[-26,30,53077],[-15,6,38278],[-31,29,145983],[24,15,0],[7,15,0]],[[9197,35333,0],[-29,0,0]],[[9168,35333,0],[0,31,0],[-14,13,32567],[-1,12,106079],[16,38,51466],[22,24,122116],[8,50,75353],[-7,22,42684],[-1,44,182593],[-36,12,67161],[3,16,45819],[-20,11,117482],[30,22,143586],[-1,33,35352],[-7,18,97455],[20,32,51560],[-2,16,30863],[-12,11,30863],[17,-1,0],[20,17,0]],[[9024,35729,0],[21,18,95142],[45,10,58349],[19,-5,32831],[25,2,133875],[4,-21,85505],[-16,-9,33623],[-38,-9,133875],[-4,5,37326],[-56,9,0]],[[9030,35601,0],[15,32,95763],[28,10,49046],[2,-14,41988],[20,8,95763],[-13,-28,45546],[-18,-12,92991],[-34,4,0]],[[9049,35671,0],[23,25,77838],[31,1,48837],[0,-13,77838],[-33,-24,70533],[-21,11,0]],[[9149,35553,0],[29,0,42110],[-7,-10,42110],[-22,1,35685],[0,9,0]],[[8567,35257,0],[4,-15,0],[-8,-37,70157],[2,-23,34834],[11,-26,115698],[19,-24,43586],[9,6,115698],[-6,44,72461],[-28,65,115698],[1,46,50284],[10,51,104854],[13,-1,63289],[11,50,173049],[-7,40,37533],[-14,43,166005],[15,11,72469],[-11,52,92064],[28,25,45024],[-2,11,428144],[-49,25,97055],[-2,33,238288],[21,9,44529],[19,-8,51169],[19,9,35081],[31,4,76305],[63,-1,0],[9,-3,0]],[[8725,35643,0],[28,-54,0]],[[7925,35069,0],[-13,-3,0]],[[7912,35066,0],[15,12,0],[18,20,50573],[-4,20,108299],[-25,3,44879],[-17,12,36144],[-27,6,94367],[-4,12,35068],[16,7,51124],[20,-7,130958],[5,25,58555],[-14,30,38246],[1,16,91053],[17,26,132354],[-20,35,73896],[-6,33,33738],[1,24,165722],[-12,1,37947],[-9,21,37947],[-31,25,165722],[3,19,56002],[31,30,79294],[18,-6,0]],[[8050,35913,0],[-6,-1,0],[-50,22,55515],[-75,44,99304],[-43,36,239509],[-23,37,66193],[8,24,45729],[-10,12,0]],[[8225,36240,0],[12,10,0]],[[8429,36199,0],[3,-5,0]],[[8432,36194,0],[-37,-7,0],[-9,-14,40474],[-21,-3,110747],[-82,21,0],[-58,49,0]],[[9203,35754,0],[2,1,0],[41,5,227987],[20,-21,62084],[18,-50,132469],[-4,-36,98387],[9,-40,52739],[11,-16,36915],[4,-26,33290],[10,-17,488931],[21,-14,43264],[7,10,145279],[-18,37,35606],[-13,7,35606],[5,14,81446],[0,53,71577],[-16,21,145279],[10,65,57603],[-12,12,43641],[8,17,326348],[50,5,34006],[31,8,0]],[[8986,35079,0],[4,5,0],[-5,18,102107],[-100,7,212263],[-56,-7,66712],[-46,-16,55949],[-27,0,43871],[-35,-11,0],[-9,-6,0]],[[8712,35069,0],[-1,2,0]],[[8400,35594,0],[1,-3,0]],[[8121,35623,0],[-2,2,0]],[[8119,35625,0],[16,-4,0],[59,-33,117520],[28,2,57978],[4,-9,37841],[32,-9,57978],[25,0,30958],[25,-6,227192],[56,18,41666],[31,5,0],[5,5,0]],[[7486,35790,0],[18,-10,0],[10,16,33584],[16,8,127450],[54,-14,57175],[27,-17,279556],[25,-45,95149],[18,-9,33501],[37,-29,120985],[15,-46,0],[0,-25,0]],[[8712,35069,0],[-16,-11,0],[-24,5,31453],[-33,-1,119700],[-52,-20,52395],[-57,-14,364981],[-22,4,32241],[-16,-6,45576],[-20,9,49647],[-34,-5,49647],[-23,9,81714],[-44,-5,98814],[-26,10,48260],[-59,7,73004],[-16,-6,39202],[-29,5,249788],[-16,-9,32159],[-20,0,32159],[-7,-11,31237],[-14,3,31237],[-48,-12,214700],[-26,-1,32483],[-7,7,39740],[-32,-2,78591],[-42,-14,103801],[-26,-1,34021],[-6,7,46203],[-37,-4,35871],[-18,4,78891],[-55,-12,76563],[-18,0,34715],[5,12,54950],[-38,-5,249788],[-2,11,46132],[26,25,74542],[22,-6,0],[30,24,0]],[[8400,35594,0],[11,10,0],[39,19,67242],[10,-7,38928],[16,12,38928],[28,3,282925],[1,-49,86433],[26,-3,123434],[-7,-54,56104],[4,-41,34193],[-2,-31,123434],[18,30,32241],[4,15,0],[8,-13,0]],[[8539,35522,0],[14,6,43059],[2,-21,43059],[-14,-2,37012],[-2,17,0]],[[8225,36240,0],[-8,7,0],[-22,-2,45932],[-18,15,57689],[-31,-3,117214],[-14,9,41989],[-44,6,41174],[5,6,41174],[-39,15,73565],[-1,10,406400],[53,5,47261],[20,13,47261],[14,-10,62527],[46,-4,168087],[61,20,52366],[12,-10,40962],[20,7,52366],[-4,15,64934],[51,0,64934],[-5,13,165686],[55,5,58953],[38,-8,0],[-16,-15,59957],[28,-12,59957],[19,3,42427],[-8,-18,42427],[33,-48,187036],[-12,-21,36419],[-7,-35,36419],[-7,-7,0],[-12,-2,0]],[[8783,34992,0],[45,1,48664],[48,-8,68825],[55,4,160524],[32,13,32905],[12,-1,32905],[21,12,43257],[24,4,282606],[2,24,81100],[-40,16,51794],[-3,12,0],[7,10,0]],[[9080,35321,0],[5,-1,0]],[[9085,35320,0],[-2,-6,0],[2,-32,33121],[-4,-28,108675],[15,-16,30890],[17,-8,0],[7,-15,0]],[[9120,35215,0],[0,-5,0]],[[7851,36087,0],[-79,51,0],[-33,0,0],[-15,-8,0]],[[7722,36134,0],[22,11,0],[12,14,73720],[-7,32,43663],[-19,11,37448],[5,9,340658],[56,-4,106570],[33,-23,63015],[33,-3,53614],[-1,-10,39557],[25,-6,172477],[16,21,97139],[44,-10,33405],[-1,-8,33405],[24,5,234409],[1,-14,64931],[30,-14,42320],[21,1,64931],[9,-16,32635],[19,-11,0],[9,-1,0]],[[7888,35430,0],[14,5,0],[6,15,44771],[35,33,66283],[42,22,58410],[8,18,133288],[22,10,42849],[16,-6,167948],[18,19,35667],[4,15,72865],[40,40,40555],[17,6,40555],[8,19,0],[1,-1,0]],[[9120,35215,0],[0,-2,0],[12,6,36560],[3,20,84010],[-10,22,50559],[10,20,57417],[-13,17,150647],[30,8,36062],[15,12,0],[1,15,0]],[[8725,35643,0],[23,-6,0],[66,8,91417],[16,9,36948],[1,15,91417],[61,24,34588],[30,4,32843],[6,7,79428],[41,4,724236],[-3,-72,66850],[6,-5,41008],[-4,-39,41008],[0,-38,31451],[4,-16,56949],[-3,-38,385770],[22,-14,53275],[23,6,50989],[23,-13,69536],[-17,-41,66849],[6,0,31681],[23,24,69536],[42,2,35915],[8,-4,299866],[3,-31,55393],[16,4,55393],[0,-32,125599],[-13,-12,48059],[-2,-30,45204],[-13,-13,0],[-5,-26,0]]],"transform":{"scale":[0.00027674069000000004,0.00013626010260102598],"translate":[4.087524,57.759005]},"objects":{"grunnkretser":{"type":"GeometryCollection","geometries":[{"type":"Polygon","arcs":[[0,1,2,3]],"properties":{"grunnkretsnummer":"15060205","grunnkretsnavn":"Stadionområdet","delomradenummer":"150602","delomradenavn":"Reknes","kommunenummer":"1506"}},{"type":"Polygon","arcs":[[4,5,6,7,8,9,10,11]],"properties":{"grunnkretsnummer":"15061007","grunnkretsnavn":"Rakvåg","delomradenummer":"150610","delomradenavn":"Midsund","kommunenummer":"1506"}},{"type":"Polygon","arcs":[[12,13,14,15,16,17,18]],"properties":{"grunnkretsnummer":"15060701","grunnkretsnavn":"Grønnes","delomradenummer":"150607","delomradenavn":"Skåla","kommunenummer":"1506"}},{"type":"Polygon","arcs":[[19,20,21,22,23,24,25]],"properties":{"grunnkretsnummer":"15390201","grunnkretsnavn":"Rødven","delomradenummer":"153902","delomradenavn":"Nordsida","kommunenummer":"1539"}},{"type":"Polygon","arcs":[[26,27,28,29,30,31,32,33,34,35]],"properties":{"grunnkretsnummer":"15160105","grunnkretsnavn":"Osnes nedre","delomradenummer":"151601","delomradenavn":"Ytre Ulstein","kommunenummer":"1516"}},{"type":"Polygon","arcs":[[36,37,38,39,40,41,42]],"properties":{"grunnkretsnummer":"15630301","grunnkretsnavn":"Viklandet","delomradenummer":"156303","delomradenavn":"Øksendal","kommunenummer":"1563"}},{"type":"Polygon","arcs":[[43,44,45,46,47]],"properties":{"grunnkretsnummer":"15050206","grunnkretsnavn":"Øvrevågen","delomradenummer":"150502","delomradenavn":"Kirkelandet Sentrum","kommunenummer":"1505"}},{"type":"Polygon","arcs":[[48,49,50,-1,51,52]],"properties":{"grunnkretsnummer":"15060203","grunnkretsnavn":"Hauan","delomradenummer":"150602","delomradenavn":"Reknes","kommunenummer":"1506"}},{"type":"Polygon","arcs":[[53,54,55,56,-49,57]],"properties":{"grunnkretsnummer":"15060302","grunnkretsnavn":"Granlia","delomradenummer":"150603","delomradenavn":"Moldegård","kommunenummer":"1506"}},{"type":"Polygon","arcs":[[58,-8,-7,59,60,61,62,63,64]],"properties":{"grunnkretsnummer":"15061008","grunnkretsnavn":"Ræstad","delomradenummer":"150610","delomradenavn":"Midsund","kommunenummer":"1506"}},{"type":"Polygon","arcs":[[65,66,67,68,69,70,71]],"properties":{"grunnkretsnummer":"15060808","grunnkretsnavn":"Stubø","delomradenummer":"150608","delomradenavn":"Nesset","kommunenummer":"1506"}},{"type":"Polygon","arcs":[[72,73,74,75,76,77,78]],"properties":{"grunnkretsnummer":"15060602","grunnkretsnavn":"Hjelset","delomradenummer":"150606","delomradenavn":"Kleive","kommunenummer":"1506"}},{"type":"Polygon","arcs":[[79,80,81,82,83,84,85]],"properties":{"grunnkretsnummer":"15060506","grunnkretsnavn":"Kviltorp","delomradenummer":"150605","delomradenavn":"Røbekk","kommunenummer":"1506"}},{"type":"Polygon","arcs":[[-51,86,87,-2]],"properties":{"grunnkretsnummer":"15060204","grunnkretsnavn":"Elvebakken","delomradenummer":"150602","delomradenavn":"Reknes","kommunenummer":"1506"}},{"type":"Polygon","arcs":[[88,89,90,91,92,93]],"properties":{"grunnkretsnummer":"15780101","grunnkretsnavn":"Dyrkorn","delomradenummer":"157801","delomradenavn":"Stordal","kommunenummer":"1578"}},{"type":"Polygon","arcs":[[94,95,96,97,98,99]],"properties":{"grunnkretsnummer":"15060813","grunnkretsnavn":"Meisalstranda","delomradenummer":"150608","delomradenavn":"Nesset","kommunenummer":"1506"}},{"type":"Polygon","arcs":[[100,101,102,-55,103]],"properties":{"grunnkretsnummer":"15060406","grunnkretsnavn":"Høgnakken","delomradenummer":"150604","delomradenavn":"Fuglset","kommunenummer":"1506"}},{"type":"Polygon","arcs":[[104,105,106,107,108,109,110]],"properties":{"grunnkretsnummer":"15061011","grunnkretsnavn":"Midsund Indre","delomradenummer":"150610","delomradenavn":"Midsund","kommunenummer":"1506"}},{"type":"Polygon","arcs":[[111,112,113,114,115,116,117,118,119]],"properties":{"grunnkretsnummer":"15060804","grunnkretsnavn":"Høvik","delomradenummer":"150608","delomradenavn":"Nesset","kommunenummer":"1506"}},{"type":"Polygon","arcs":[[120,121,122,123]],"properties":{"grunnkretsnummer":"15060508","grunnkretsnavn":"Årødalen","delomradenummer":"150605","delomradenavn":"Røbekk","kommunenummer":"1506"}},{"type":"Polygon","arcs":[[124,125,126,127]],"properties":{"grunnkretsnummer":"15780225","grunnkretsnavn":"Svartegga","delomradenummer":"157802","delomradenavn":"Norddal","kommunenummer":"1578"}},{"type":"Polygon","arcs":[[128,-67,-66,129,130,131,132,133]],"properties":{"grunnkretsnummer":"15060806","grunnkretsnavn":"Eidsvåg sentrum","delomradenummer":"150608","delomradenavn":"Nesset","kommunenummer":"1506"}},{"type":"Polygon","arcs":[[-103,134,135,136,137,-56]],"properties":{"grunnkretsnummer":"15060402","grunnkretsnavn":"Fuglset øvre","delomradenummer":"150604","delomradenavn":"Fuglset","kommunenummer":"1506"}},{"type":"Polygon","arcs":[[138,139,140,141,142,143,144,145]],"properties":{"grunnkretsnummer":"15390411","grunnkretsnavn":"Marstein","delomradenummer":"153904","delomradenavn":"Romsdalen","kommunenummer":"1539"}},{"type":"Polygon","arcs":[[146,147,148,149,150]],"properties":{"grunnkretsnummer":"15390104","grunnkretsnavn":"Voll","delomradenummer":"153901","delomradenavn":"Sørsida","kommunenummer":"1539"}},{"type":"Polygon","arcs":[[151,152,153,154,155,156,-143,157,158]],"properties":{"grunnkretsnummer":"15390410","grunnkretsnavn":"Sogge","delomradenummer":"153904","delomradenavn":"Romsdalen","kommunenummer":"1539"}},{"type":"Polygon","arcs":[[159,160,161,-155,162]],"properties":{"grunnkretsnummer":"15390404","grunnkretsnavn":"Mjelva","delomradenummer":"153904","delomradenavn":"Romsdalen","kommunenummer":"1539"}},{"type":"Polygon","arcs":[[163,164,165,166,167,168]],"properties":{"grunnkretsnummer":"15390305","grunnkretsnavn":"Grøvdal","delomradenummer":"153903","delomradenavn":"Isfjorden","kommunenummer":"1539"}},{"type":"Polygon","arcs":[[169,170,171,172,173,-151,-150,174,175,176]],"properties":{"grunnkretsnummer":"15390105","grunnkretsnavn":"Sæbø","delomradenummer":"153901","delomradenavn":"Sørsida","kommunenummer":"1539"}},{"type":"Polygon","arcs":[[177,178,-139,179,180]],"properties":{"grunnkretsnummer":"15390412","grunnkretsnavn":"Verma","delomradenummer":"153904","delomradenavn":"Romsdalen","kommunenummer":"1539"}},{"type":"Polygon","arcs":[[-136,181,182,183,184,185,186]],"properties":{"grunnkretsnummer":"15060404","grunnkretsnavn":"Fuglset nedre","delomradenummer":"150604","delomradenavn":"Fuglset","kommunenummer":"1506"}},{"type":"Polygon","arcs":[[-87,187,188,189,190,191,192]],"properties":{"grunnkretsnummer":"15060304","grunnkretsnavn":"Sentrum 2","delomradenummer":"150603","delomradenavn":"Moldegård","kommunenummer":"1506"}},{"type":"Polygon","arcs":[[193,194,195,196,197,-101,198]],"properties":{"grunnkretsnummer":"15060307","grunnkretsnavn":"Høglia","delomradenummer":"150603","delomradenavn":"Moldegård","kommunenummer":"1506"}},{"type":"Polygon","arcs":[[199,-137,-187,-186,200,-190,-189]],"properties":{"grunnkretsnummer":"15060305","grunnkretsnavn":"Lingedalen","delomradenummer":"150603","delomradenavn":"Moldegård","kommunenummer":"1506"}},{"type":"Polygon","arcs":[[201,202,-52,203,204,205]],"properties":{"grunnkretsnummer":"15060202","grunnkretsnavn":"Kringsjå","delomradenummer":"150602","delomradenavn":"Reknes","kommunenummer":"1506"}},{"type":"Polygon","arcs":[[206,207,208,209,210,211,212]],"properties":{"grunnkretsnummer":"15060103","grunnkretsnavn":"Mek","delomradenummer":"150601","delomradenavn":"Haukebøen","kommunenummer":"1506"}},{"type":"Polygon","arcs":[[213,214,-122,215,216,217,218,-83,-82]],"properties":{"grunnkretsnummer":"15060507","grunnkretsnavn":"Årø","delomradenummer":"150605","delomradenavn":"Røbekk","kommunenummer":"1506"}},{"type":"Polygon","arcs":[[219,220,221,222,223,-184,-183]],"properties":{"grunnkretsnummer":"15060405","grunnkretsnavn":"Tøndergård","delomradenummer":"150604","delomradenavn":"Fuglset","kommunenummer":"1506"}},{"type":"Polygon","arcs":[[224,225,-220,-182,-135]],"properties":{"grunnkretsnummer":"15060403","grunnkretsnavn":"Øverland","delomradenummer":"150604","delomradenavn":"Fuglset","kommunenummer":"1506"}},{"type":"Polygon","arcs":[[226,227,228,229,230,231,232,233]],"properties":{"grunnkretsnummer":"15060608","grunnkretsnavn":"Osen","delomradenummer":"150606","delomradenavn":"Kleive","kommunenummer":"1506"}},{"type":"Polygon","arcs":[[234,235,236,237,238,239,240,241]],"properties":{"grunnkretsnummer":"15060706","grunnkretsnavn":"Nesje","delomradenummer":"150607","delomradenavn":"Skåla","kommunenummer":"1506"}},{"type":"Polygon","arcs":[[242,243,244,245,246,247,248,249]],"properties":{"grunnkretsnummer":"15060605","grunnkretsnavn":"Eide","delomradenummer":"150606","delomradenavn":"Kleive","kommunenummer":"1506"}},{"type":"Polygon","arcs":[[-116,250,-132,-131,-130,-72,-71,251,252,253,254,255]],"properties":{"grunnkretsnummer":"15060809","grunnkretsnavn":"Vorpenes","delomradenummer":"150608","delomradenavn":"Nesset","kommunenummer":"1506"}},{"type":"Polygon","arcs":[[256,-123,-215,257,258,-196]],"properties":{"grunnkretsnummer":"15060502","grunnkretsnavn":"Råkhaugen","delomradenummer":"150605","delomradenavn":"Røbekk","kommunenummer":"1506"}},{"type":"Polygon","arcs":[[259,-250,260,-74]],"properties":{"grunnkretsnummer":"15060603","grunnkretsnavn":"Roaldset","delomradenummer":"150606","delomradenavn":"Kleive","kommunenummer":"1506"}},{"type":"Polygon","arcs":[[-63,261,262,263,264,265,266,267]],"properties":{"grunnkretsnummer":"15060101","grunnkretsnavn":"Mordal","delomradenummer":"150601","delomradenavn":"Haukebøen","kommunenummer":"1506"}},{"type":"Polygon","arcs":[[-197,-259,268,269,270]],"properties":{"grunnkretsnummer":"15060501","grunnkretsnavn":"Gjerhaugen","delomradenummer":"150605","delomradenavn":"Røbekk","kommunenummer":"1506"}},{"type":"Polygon","arcs":[[-218,271,-19,272,-235,273,274]],"properties":{"grunnkretsnummer":"15060510","grunnkretsnavn":"Bolsøya","delomradenummer":"150605","delomradenavn":"Røbekk","kommunenummer":"1506"}},{"type":"Polygon","arcs":[[275,-86,-85,276,-223,-222]],"properties":{"grunnkretsnummer":"15060505","grunnkretsnavn":"Bergmo","delomradenummer":"150605","delomradenavn":"Røbekk","kommunenummer":"1506"}},{"type":"Polygon","arcs":[[277,-211,278,279,280,-191,-201,-185,-224,-277,-84,-219,-275,281,282,-267]],"properties":{"grunnkretsnummer":"15060306","grunnkretsnavn":"Moldeholmene","delomradenummer":"150603","delomradenavn":"Moldegård","kommunenummer":"1506"}},{"type":"Polygon","arcs":[[-241,-240,283,284,285,286,287,288,289,-26,290]],"properties":{"grunnkretsnummer":"15060705","grunnkretsnavn":"Sølsnes","delomradenummer":"150607","delomradenavn":"Skåla","kommunenummer":"1506"}},{"type":"Polygon","arcs":[[291,292,293,294,295,296,297]],"properties":{"grunnkretsnummer":"15060906","grunnkretsnavn":"Aursjøen","delomradenummer":"150609","delomradenavn":"Eresfjord - Vistdal","kommunenummer":"1506"}},{"type":"Polygon","arcs":[[-119,298,299,300,301,302,-231,303,304]],"properties":{"grunnkretsnummer":"15060802","grunnkretsnavn":"Tjelle","delomradenummer":"150608","delomradenavn":"Nesset","kommunenummer":"1506"}},{"type":"Polygon","arcs":[[-261,-249,-248,305,-76,-75]],"properties":{"grunnkretsnummer":"15060604","grunnkretsnavn":"Skjevik","delomradenummer":"150606","delomradenavn":"Kleive","kommunenummer":"1506"}},{"type":"Polygon","arcs":[[-65,-64,-268,306,307,308,309]],"properties":{"grunnkretsnummer":"15061009","grunnkretsnavn":"Nord - Heggdal - Tautra","delomradenummer":"150610","delomradenavn":"Midsund","kommunenummer":"1506"}},{"type":"Polygon","arcs":[[310,311,312,313,314,315,316]],"properties":{"grunnkretsnummer":"15060811","grunnkretsnavn":"Bersås","delomradenummer":"150608","delomradenavn":"Nesset","kommunenummer":"1506"}},{"type":"Polygon","arcs":[[317,-274,-242,-291,-25,318,319,320]],"properties":{"grunnkretsnummer":"15060707","grunnkretsnavn":"Sekken","delomradenummer":"150607","delomradenavn":"Skåla","kommunenummer":"1506"}},{"type":"Polygon","arcs":[[-301,321,-255,322,323,324,325,326,327,328,329,330]],"properties":{"grunnkretsnummer":"15060901","grunnkretsnavn":"Myklebostad","delomradenummer":"150609","delomradenavn":"Eresfjord - Vistdal","kommunenummer":"1506"}},{"type":"Polygon","arcs":[[331,-58,-53,-203]],"properties":{"grunnkretsnummer":"15060201","grunnkretsnavn":"Hatlelia","delomradenummer":"150602","delomradenavn":"Reknes","kommunenummer":"1506"}},{"type":"Polygon","arcs":[[-69,332,-312,-311,333,-96,-95]],"properties":{"grunnkretsnummer":"15060812","grunnkretsnavn":"Eidsøra","delomradenummer":"150608","delomradenavn":"Nesset","kommunenummer":"1506"}},{"type":"Polygon","arcs":[[334,335,-199,-104,-54,-332,-202,336]],"properties":{"grunnkretsnummer":"15060301","grunnkretsnavn":"Moldeheia","delomradenummer":"150603","delomradenavn":"Moldegård","kommunenummer":"1506"}},{"type":"Polygon","arcs":[[337,-205,338,339,340,-280,341,342]],"properties":{"grunnkretsnummer":"15060106","grunnkretsnavn":"Bjørset","delomradenummer":"150601","delomradenavn":"Haukebøen","kommunenummer":"1506"}},{"type":"Polygon","arcs":[[343,344,345,-12,-11,346,347]],"properties":{"grunnkretsnummer":"15061005","grunnkretsnavn":"Nerland","delomradenummer":"150610","delomradenavn":"Midsund","kommunenummer":"1506"}},{"type":"Polygon","arcs":[[-310,-309,348,-110,-109,349,350,-9,-59]],"properties":{"grunnkretsnummer":"15061010","grunnkretsnavn":"Sør-Heggdal","delomradenummer":"150610","delomradenavn":"Midsund","kommunenummer":"1506"}},{"type":"Polygon","arcs":[[351,352,353,354,355,356,357,-105,358,359,360]],"properties":{"grunnkretsnummer":"15061001","grunnkretsnavn":"Søre Midøy","delomradenummer":"150610","delomradenavn":"Midsund","kommunenummer":"1506"}},{"type":"Polygon","arcs":[[361,-315,-314,362,363,364,365]],"properties":{"grunnkretsnummer":"15060810","grunnkretsnavn":"Raudsand","delomradenummer":"150608","delomradenavn":"Nesset","kommunenummer":"1506"}},{"type":"Polygon","arcs":[[366,367,368,369,-229,-228,-227,370,-245,-244]],"properties":{"grunnkretsnummer":"15060606","grunnkretsnavn":"Groven","delomradenummer":"150606","delomradenavn":"Kleive","kommunenummer":"1506"}},{"type":"Polygon","arcs":[[371,-145,372,-167,373,-294]],"properties":{"grunnkretsnummer":"15060905","grunnkretsnavn":"Eikesdal","delomradenummer":"150609","delomradenavn":"Eresfjord - Vistdal","kommunenummer":"1506"}},{"type":"Polygon","arcs":[[-204,-4,374,-339]],"properties":{"grunnkretsnummer":"15060206","grunnkretsnavn":"Sellanrå","delomradenummer":"150602","delomradenavn":"Reknes","kommunenummer":"1506"}},{"type":"Polygon","arcs":[[-118,-117,-256,-322,-300,-299]],"properties":{"grunnkretsnummer":"15060803","grunnkretsnavn":"Rød","delomradenummer":"150608","delomradenavn":"Nesset","kommunenummer":"1506"}},{"type":"Polygon","arcs":[[375,376,377,-106,-358,-357,-356]],"properties":{"grunnkretsnummer":"15061002","grunnkretsnavn":"Nordre Midøy","delomradenummer":"150610","delomradenavn":"Midsund","kommunenummer":"1506"}},{"type":"Polygon","arcs":[[378,379,-304,-230,-370,380,381,382]],"properties":{"grunnkretsnummer":"15060607","grunnkretsnavn":"Ødegård","delomradenummer":"150606","delomradenavn":"Kleive","kommunenummer":"1506"}},{"type":"Polygon","arcs":[[383,384,-79,-78,385,-14,386,387]],"properties":{"grunnkretsnummer":"15060601","grunnkretsnavn":"Mjelvehagen","delomradenummer":"150606","delomradenavn":"Kleive","kommunenummer":"1506"}},{"type":"Polygon","arcs":[[388,-337,-206,-338,389,-208]],"properties":{"grunnkretsnummer":"15060104","grunnkretsnavn":"Bjørset utmark","delomradenummer":"150601","delomradenavn":"Haukebøen","kommunenummer":"1506"}},{"type":"Polygon","arcs":[[390,-388,-387,-13,-272,-217,-216,-121]],"properties":{"grunnkretsnummer":"15060509","grunnkretsnavn":"Strande","delomradenummer":"150605","delomradenavn":"Røbekk","kommunenummer":"1506"}},{"type":"Polygon","arcs":[[391,392,-5,-346,-345,-344,393]],"properties":{"grunnkretsnummer":"15061006","grunnkretsnavn":"Raknes","delomradenummer":"150610","delomradenavn":"Midsund","kommunenummer":"1506"}},{"type":"Polygon","arcs":[[394,-134,-133,-251,-115,-114]],"properties":{"grunnkretsnummer":"15060805","grunnkretsnavn":"Hammervoll","delomradenummer":"150608","delomradenavn":"Nesset","kommunenummer":"1506"}},{"type":"Polygon","arcs":[[395,-213,-212,-278,-266,-265]],"properties":{"grunnkretsnummer":"15060102","grunnkretsnavn":"Kringstad","delomradenummer":"150601","delomradenavn":"Haukebøen","kommunenummer":"1506"}},{"type":"Polygon","arcs":[[-18,-17,396,-238,-237,-236,-273]],"properties":{"grunnkretsnummer":"15060704","grunnkretsnavn":"Geitnes","delomradenummer":"150607","delomradenavn":"Skåla","kommunenummer":"1506"}},{"type":"Polygon","arcs":[[-246,-371,-234,-233,397,-285,398,399]],"properties":{"grunnkretsnummer":"15060703","grunnkretsnavn":"Risan","delomradenummer":"150607","delomradenavn":"Skåla","kommunenummer":"1506"}},{"type":"Polygon","arcs":[[-253,-252,-70,-100,400,401,402]],"properties":{"grunnkretsnummer":"15060814","grunnkretsnavn":"Bugge","delomradenummer":"150608","delomradenavn":"Nesset","kommunenummer":"1506"}},{"type":"Polygon","arcs":[[-198,-271,403,-225,-102]],"properties":{"grunnkretsnummer":"15060401","grunnkretsnavn":"Hauglegda","delomradenummer":"150604","delomradenavn":"Fuglset","kommunenummer":"1506"}},{"type":"Polygon","arcs":[[404,405,406,407,-295,-374,-166]],"properties":{"grunnkretsnummer":"15060904","grunnkretsnavn":"Slenes","delomradenummer":"150609","delomradenavn":"Eresfjord - Vistdal","kommunenummer":"1506"}},{"type":"Polygon","arcs":[[-57,-138,-200,-188,-50]],"properties":{"grunnkretsnummer":"15060303","grunnkretsnavn":"Langmyra","delomradenummer":"150603","delomradenavn":"Moldegård","kommunenummer":"1506"}},{"type":"Polygon","arcs":[[408,-405,-165,409,-325]],"properties":{"grunnkretsnummer":"15060902","grunnkretsnavn":"Nerland","delomradenummer":"150609","delomradenavn":"Eresfjord - Vistdal","kommunenummer":"1506"}},{"type":"Polygon","arcs":[[-348,-347,-10,-351,410,411,-377,412,413,-394]],"properties":{"grunnkretsnummer":"15061004","grunnkretsnavn":"Ugelvik","delomradenummer":"150610","delomradenavn":"Midsund","kommunenummer":"1506"}},{"type":"Polygon","arcs":[[-269,-258,-214,-81,414]],"properties":{"grunnkretsnummer":"15060504","grunnkretsnavn":"Eikrem","delomradenummer":"150605","delomradenavn":"Røbekk","kommunenummer":"1506"}},{"type":"Polygon","arcs":[[-409,-324,-323,-254,-403,-402,415,416,-406]],"properties":{"grunnkretsnummer":"15060903","grunnkretsnavn":"Sira","delomradenummer":"150609","delomradenavn":"Eresfjord - Vistdal","kommunenummer":"1506"}},{"type":"Polygon","arcs":[[417,-363,-313,-333,-68,-129,-395,-113,418,419]],"properties":{"grunnkretsnummer":"15060807","grunnkretsnavn":"Aasen","delomradenummer":"150608","delomradenavn":"Nesset","kommunenummer":"1506"}},{"type":"Polygon","arcs":[[-270,-415,-80,-276,-221,-226,-404]],"properties":{"grunnkretsnummer":"15060503","grunnkretsnavn":"Øvre Berg","delomradenummer":"150605","delomradenavn":"Røbekk","kommunenummer":"1506"}},{"type":"Polygon","arcs":[[-390,-343,-342,-279,-210,-209]],"properties":{"grunnkretsnummer":"15060105","grunnkretsnavn":"Strandheim","delomradenummer":"150601","delomradenavn":"Haukebøen","kommunenummer":"1506"}},{"type":"Polygon","arcs":[[-375,-3,-88,-193,-192,-281,-341,-340]],"properties":{"grunnkretsnummer":"15060207","grunnkretsnavn":"Sentrum 1","delomradenummer":"150602","delomradenavn":"Reknes","kommunenummer":"1506"}},{"type":"Polygon","arcs":[[-412,-411,-350,-108,-107,-378]],"properties":{"grunnkretsnummer":"15061003","grunnkretsnavn":"Midsund","delomradenummer":"150610","delomradenavn":"Midsund","kommunenummer":"1506"}},{"type":"Polygon","arcs":[[-398,-232,-303,-302,-331,420,-287,-286]],"properties":{"grunnkretsnummer":"15060801","grunnkretsnavn":"Ranvik","delomradenummer":"150608","delomradenavn":"Nesset","kommunenummer":"1506"}},{"type":"Polygon","arcs":[[-386,-77,-306,-247,-400,-399,-284,-239,-397,-16,-15]],"properties":{"grunnkretsnummer":"15060702","grunnkretsnavn":"Solemdal","delomradenummer":"150607","delomradenavn":"Skåla","kommunenummer":"1506"}},{"type":"Polygon","arcs":[[421,-160,422,423,424,425]],"properties":{"grunnkretsnummer":"15390402","grunnkretsnavn":"Øran øst","delomradenummer":"153904","delomradenavn":"Romsdalen","kommunenummer":"1539"}},{"type":"Polygon","arcs":[[426,427,428,-328,429,430,431,432]],"properties":{"grunnkretsnummer":"15390302","grunnkretsnavn":"Tokle","delomradenummer":"153903","delomradenavn":"Isfjorden","kommunenummer":"1539"}},{"type":"Polygon","arcs":[[-432,433,434,435,436,437,-156,438,439]],"properties":{"grunnkretsnummer":"15390306","grunnkretsnavn":"Grøtta","delomradenummer":"153903","delomradenavn":"Isfjorden","kommunenummer":"1539"}},{"type":"Polygon","arcs":[[-179,440,441,442,443,444,445,-140]],"properties":{"grunnkretsnummer":"15390414","grunnkretsnavn":"Ulvådalen","delomradenummer":"153904","delomradenavn":"Romsdalen","kommunenummer":"1539"}},{"type":"Polygon","arcs":[[-289,446,447,448,449,450,451]],"properties":{"grunnkretsnummer":"15390205","grunnkretsnavn":"Holm","delomradenummer":"153902","delomradenavn":"Nordsida","kommunenummer":"1539"}},{"type":"Polygon","arcs":[[452,-448,-447,-288,-421,-330,-329,-429]],"properties":{"grunnkretsnummer":"15390206","grunnkretsnavn":"Mittet","delomradenummer":"153902","delomradenavn":"Nordsida","kommunenummer":"1539"}},{"type":"Polygon","arcs":[[453,454,455,-153,456,457]],"properties":{"grunnkretsnummer":"15390101","grunnkretsnavn":"Gridset","delomradenummer":"153901","delomradenavn":"Sørsida","kommunenummer":"1539"}},{"type":"Polygon","arcs":[[-290,-452,-451,458,459,460,-20]],"properties":{"grunnkretsnummer":"15390204","grunnkretsnavn":"Sandnes","delomradenummer":"153902","delomradenavn":"Nordsida","kommunenummer":"1539"}},{"type":"Polygon","arcs":[[-431,-430,-327,461,-435,-434]],"properties":{"grunnkretsnummer":"15390303","grunnkretsnavn":"Hen","delomradenummer":"153903","delomradenavn":"Isfjorden","kommunenummer":"1539"}},{"type":"Polygon","arcs":[[-449,-453,-428,-427,462,463,464,465,466]],"properties":{"grunnkretsnummer":"15390301","grunnkretsnavn":"Stranden","delomradenummer":"153903","delomradenavn":"Isfjorden","kommunenummer":"1539"}},{"type":"Polygon","arcs":[[-23,-22,-21,-461,-460,467,468,469,470,471,-173,472]],"properties":{"grunnkretsnummer":"15390202","grunnkretsnavn":"Frisvold","delomradenummer":"153902","delomradenavn":"Nordsida","kommunenummer":"1539"}},{"type":"Polygon","arcs":[[-433,-440,-439,-162,473,474,475,476]],"properties":{"grunnkretsnummer":"15390405","grunnkretsnavn":"Nesstranda","delomradenummer":"153904","delomradenavn":"Romsdalen","kommunenummer":"1539"}},{"type":"Polygon","arcs":[[477,478,479,-474,-161,-422]],"properties":{"grunnkretsnummer":"15390403","grunnkretsnavn":"Neshagen","delomradenummer":"153904","delomradenavn":"Romsdalen","kommunenummer":"1539"}},{"type":"Polygon","arcs":[[-174,-472,480,481,-454,482,483,-148,-147]],"properties":{"grunnkretsnummer":"15390103","grunnkretsnavn":"Hovde","delomradenummer":"153901","delomradenavn":"Sørsida","kommunenummer":"1539"}},{"type":"Polygon","arcs":[[484,-180,-146,-372,-293,485]],"properties":{"grunnkretsnummer":"15390413","grunnkretsnavn":"Sandgrovbotn","delomradenummer":"153904","delomradenavn":"Romsdalen","kommunenummer":"1539"}},{"type":"Polygon","arcs":[[-484,-483,-458,-457,-152,486,487,488,-175,-149]],"properties":{"grunnkretsnummer":"15390102","grunnkretsnavn":"Innfjorden","delomradenummer":"153901","delomradenavn":"Sørsida","kommunenummer":"1539"}},{"type":"Polygon","arcs":[[489,490,-479,491]],"properties":{"grunnkretsnummer":"15390407","grunnkretsnavn":"Skoleområdet","delomradenummer":"153904","delomradenavn":"Romsdalen","kommunenummer":"1539"}},{"type":"Polygon","arcs":[[492,-465,493,-423,-163,-154,-456,-455,-482]],"properties":{"grunnkretsnummer":"15390401","grunnkretsnavn":"Veblungsnes","delomradenummer":"153904","delomradenavn":"Romsdalen","kommunenummer":"1539"}},{"type":"Polygon","arcs":[[-459,-450,-467,-466,-493,-481,-471,-470,-469,-468]],"properties":{"grunnkretsnummer":"15390203","grunnkretsnavn":"Korsbakken","delomradenummer":"153902","delomradenavn":"Nordsida","kommunenummer":"1539"}},{"type":"Polygon","arcs":[[494,-169,495,-437]],"properties":{"grunnkretsnummer":"15390307","grunnkretsnavn":"Moa","delomradenummer":"153903","delomradenavn":"Isfjorden","kommunenummer":"1539"}},{"type":"Polygon","arcs":[[-477,-476,496,-490,497,498,-463]],"properties":{"grunnkretsnummer":"15390408","grunnkretsnavn":"Vollan","delomradenummer":"153904","delomradenavn":"Romsdalen","kommunenummer":"1539"}},{"type":"Polygon","arcs":[[-464,-499,-498,-492,-478,-426,-425,-424,-494]],"properties":{"grunnkretsnummer":"15390409","grunnkretsnavn":"Øran vest","delomradenummer":"153904","delomradenavn":"Romsdalen","kommunenummer":"1539"}},{"type":"Polygon","arcs":[[-497,-475,-480,-491]],"properties":{"grunnkretsnummer":"15390406","grunnkretsnavn":"Risen","delomradenummer":"153904","delomradenavn":"Romsdalen","kommunenummer":"1539"}},{"type":"Polygon","arcs":[[-462,-326,-410,-164,-495,-436]],"properties":{"grunnkretsnummer":"15390304","grunnkretsnavn":"Kavli","delomradenummer":"153903","delomradenavn":"Isfjorden","kommunenummer":"1539"}},{"type":"Polygon","arcs":[[-438,-496,-168,-373,-144,-157]],"properties":{"grunnkretsnummer":"15390308","grunnkretsnavn":"Dale","delomradenummer":"153903","delomradenavn":"Isfjorden","kommunenummer":"1539"}},{"type":"Polygon","arcs":[[499,-141,-446,500]],"properties":{"grunnkretsnummer":"15780221","grunnkretsnavn":"Langfjelldalen","delomradenummer":"157802","delomradenavn":"Norddal","kommunenummer":"1578"}},{"type":"Polygon","arcs":[[501,502,503,504,505,506,507,508,509,510,511]],"properties":{"grunnkretsnummer":"15780206","grunnkretsnavn":"Fjørå","delomradenummer":"157802","delomradenavn":"Norddal","kommunenummer":"1578"}},{"type":"Polygon","arcs":[[512,-512,-511,513,514]],"properties":{"grunnkretsnummer":"15780202","grunnkretsnavn":"Sylte","delomradenummer":"157802","delomradenavn":"Norddal","kommunenummer":"1578"}},{"type":"Polygon","arcs":[[515,516,517,518,-509,-508,519,520,521]],"properties":{"grunnkretsnummer":"15780208","grunnkretsnavn":"Dalsbygda","delomradenummer":"157802","delomradenavn":"Norddal","kommunenummer":"1578"}},{"type":"Polygon","arcs":[[522,523,524,525,-516,526,527,528,529]],"properties":{"grunnkretsnummer":"15780210","grunnkretsnavn":"Rønneberg","delomradenummer":"157802","delomradenavn":"Norddal","kommunenummer":"1578"}},{"type":"Polygon","arcs":[[-501,-445,530,531]],"properties":{"grunnkretsnummer":"15780222","grunnkretsnavn":"Breidfjellet","delomradenummer":"157802","delomradenavn":"Norddal","kommunenummer":"1578"}},{"type":"Polygon","arcs":[[532,-488,533,534,535,-503,536]],"properties":{"grunnkretsnummer":"15780204","grunnkretsnavn":"Gjerde","delomradenummer":"157802","delomradenavn":"Norddal","kommunenummer":"1578"}},{"type":"Polygon","arcs":[[-92,537,538,539,540,541]],"properties":{"grunnkretsnummer":"15780102","grunnkretsnavn":"Skotet","delomradenummer":"157801","delomradenavn":"Stordal","kommunenummer":"1578"}},{"type":"Polygon","arcs":[[542,543,-89,544,545]],"properties":{"grunnkretsnummer":"15780104","grunnkretsnavn":"Midtbust","delomradenummer":"157801","delomradenavn":"Stordal","kommunenummer":"1578"}},{"type":"Polygon","arcs":[[546,547,548,-546,549,550,-176,-489,-533]],"properties":{"grunnkretsnummer":"15780105","grunnkretsnavn":"Moe","delomradenummer":"157801","delomradenavn":"Stordal","kommunenummer":"1578"}},{"type":"Polygon","arcs":[[-527,-522,551]],"properties":{"grunnkretsnummer":"15780209","grunnkretsnavn":"Eide","delomradenummer":"157802","delomradenavn":"Norddal","kommunenummer":"1578"}},{"type":"Polygon","arcs":[[-548,552,-515,-514,-510,-519,553,-524,554,555]],"properties":{"grunnkretsnummer":"15780201","grunnkretsnavn":"Muri","delomradenummer":"157802","delomradenavn":"Norddal","kommunenummer":"1578"}},{"type":"Polygon","arcs":[[-487,-159,556,-534]],"properties":{"grunnkretsnummer":"15780220","grunnkretsnavn":"Høgstolen","delomradenummer":"157802","delomradenavn":"Norddal","kommunenummer":"1578"}},{"type":"Polygon","arcs":[[-504,-536,557,-531,-444,558,559]],"properties":{"grunnkretsnummer":"15780223","grunnkretsnavn":"Neskopptindane","delomradenummer":"157802","delomradenavn":"Norddal","kommunenummer":"1578"}},{"type":"Polygon","arcs":[[-554,-518,-517,-526,-525]],"properties":{"grunnkretsnummer":"15780211","grunnkretsnavn":"Ytterdal","delomradenummer":"157802","delomradenavn":"Norddal","kommunenummer":"1578"}},{"type":"Polygon","arcs":[[-507,-506,-505,-560,560,-128,561,-520]],"properties":{"grunnkretsnummer":"15780207","grunnkretsnavn":"Tafjord","delomradenummer":"157802","delomradenavn":"Norddal","kommunenummer":"1578"}},{"type":"Polygon","arcs":[[-559,-443,562,-125,-561]],"properties":{"grunnkretsnummer":"15780224","grunnkretsnavn":"Illstigfjellet","delomradenummer":"157802","delomradenavn":"Norddal","kommunenummer":"1578"}},{"type":"Polygon","arcs":[[-547,-537,-502,-513,-553]],"properties":{"grunnkretsnummer":"15780203","grunnkretsnavn":"Uri","delomradenummer":"157802","delomradenavn":"Norddal","kommunenummer":"1578"}},{"type":"Polygon","arcs":[[-91,-90,-544,563,564,565,-538]],"properties":{"grunnkretsnummer":"15780103","grunnkretsnavn":"Stordal sentrum","delomradenummer":"157801","delomradenavn":"Stordal","kommunenummer":"1578"}},{"type":"Polygon","arcs":[[-557,-158,-142,-500,-532,-558,-535]],"properties":{"grunnkretsnummer":"15780205","grunnkretsnavn":"Alstad","delomradenummer":"157802","delomradenavn":"Norddal","kommunenummer":"1578"}},{"type":"Polygon","arcs":[[-556,-555,-523,566,567,568,569,-565,-564,-543,-549]],"properties":{"grunnkretsnummer":"15250101","grunnkretsnavn":"Liabygda","delomradenummer":"152501","delomradenavn":"Stranda - Liabygda","kommunenummer":"1525"}},{"type":"Polygon","arcs":[[570,571,572]],"properties":{"grunnkretsnummer":"15250104","grunnkretsnavn":"Storgjerde","delomradenummer":"152501","delomradenavn":"Stranda - Liabygda","kommunenummer":"1525"}},{"type":"Polygon","arcs":[[573,574,575,576,577,578,579]],"properties":{"grunnkretsnummer":"15250108","grunnkretsnavn":"Kjølås","delomradenummer":"152501","delomradenavn":"Stranda - Liabygda","kommunenummer":"1525"}},{"type":"Polygon","arcs":[[580,581,582]],"properties":{"grunnkretsnummer":"15250113","grunnkretsnavn":"Fjørstad","delomradenummer":"152501","delomradenavn":"Stranda - Liabygda","kommunenummer":"1525"}},{"type":"Polygon","arcs":[[583,584,-586,-587,-588,-589,589]],"properties":{"grunnkretsnummer":"15250204","grunnkretsnavn":"Bjørdal-Frøysa","delomradenummer":"152502","delomradenavn":"Synnylven - Geiranger","kommunenummer":"1525"}},{"type":"Polygon","arcs":[[590,591,-569,592,593,-576,594]],"properties":{"grunnkretsnummer":"15250107","grunnkretsnavn":"Sløgstad","delomradenummer":"152501","delomradenavn":"Stranda - Liabygda","kommunenummer":"1525"}},{"type":"Polygon","arcs":[[-521,-562,-127,595,-597,-585,597,598,599,600,-529,-528,-552]],"properties":{"grunnkretsnummer":"15250205","grunnkretsnavn":"Geiranger","delomradenummer":"152502","delomradenavn":"Synnylven - Geiranger","kommunenummer":"1525"}},{"type":"Polygon","arcs":[[-579,601,-583,602,603,604,605]],"properties":{"grunnkretsnummer":"15250112","grunnkretsnavn":"Helstad","delomradenummer":"152501","delomradenavn":"Stranda - Liabygda","kommunenummer":"1525"}},{"type":"Polygon","arcs":[[-607,607,608,609,610,611,612,613,-590]],"properties":{"grunnkretsnummer":"15250202","grunnkretsnavn":"Tronstad","delomradenummer":"152502","delomradenavn":"Synnylven - Geiranger","kommunenummer":"1525"}},{"type":"Polygon","arcs":[[614,-598,-584,-614]],"properties":{"grunnkretsnummer":"15250203","grunnkretsnavn":"Hauge","delomradenummer":"152502","delomradenavn":"Synnylven - Geiranger","kommunenummer":"1525"}},{"type":"Polygon","arcs":[[615,616,617,-573,618,-580,-606]],"properties":{"grunnkretsnummer":"15250111","grunnkretsnavn":"Furset","delomradenummer":"152501","delomradenavn":"Stranda - Liabygda","kommunenummer":"1525"}},{"type":"Polygon","arcs":[[619,-595,-575,620,621]],"properties":{"grunnkretsnummer":"15250106","grunnkretsnavn":"Ringstad","delomradenummer":"152501","delomradenavn":"Stranda - Liabygda","kommunenummer":"1525"}},{"type":"Polygon","arcs":[[-594,-593,-568,622,623,-577]],"properties":{"grunnkretsnummer":"15250109","grunnkretsnavn":"Hagen-Helsemfeltet","delomradenummer":"152501","delomradenavn":"Stranda - Liabygda","kommunenummer":"1525"}},{"type":"Polygon","arcs":[[624,-621,-574,-619,-572]],"properties":{"grunnkretsnummer":"15250105","grunnkretsnavn":"Sløgstadmarka-Ringstad","delomradenummer":"152501","delomradenavn":"Stranda - Liabygda","kommunenummer":"1525"}},{"type":"Polygon","arcs":[[625,-603,-582,626,627,-600,-599,-615,-613]],"properties":{"grunnkretsnummer":"15250201","grunnkretsnavn":"Hellesylt","delomradenummer":"152502","delomradenavn":"Synnylven - Geiranger","kommunenummer":"1525"}},{"type":"Polygon","arcs":[[-618,628,629,-622,-625,-571]],"properties":{"grunnkretsnummer":"15250103","grunnkretsnavn":"Langlo","delomradenummer":"152501","delomradenavn":"Stranda - Liabygda","kommunenummer":"1525"}},{"type":"Polygon","arcs":[[-578,-624,-623,-567,-530,-601,-628,-627,-581,-602]],"properties":{"grunnkretsnummer":"15250110","grunnkretsnavn":"Bygda","delomradenummer":"152501","delomradenavn":"Stranda - Liabygda","kommunenummer":"1525"}},{"type":"Polygon","arcs":[[-539,-566,-570,-592,-591,-620,-630,630,631,-540]],"properties":{"grunnkretsnummer":"15250102","grunnkretsnavn":"Ødegård-Langlo","delomradenummer":"152501","delomradenavn":"Stranda - Liabygda","kommunenummer":"1525"}},{"type":"Polygon","arcs":[[632,633,634,635,636,637,-29,-28,638]],"properties":{"grunnkretsnummer":"15160104","grunnkretsnavn":"Skeide","delomradenummer":"151601","delomradenavn":"Ytre Ulstein","kommunenummer":"1516"}},{"type":"Polygon","arcs":[[639,640,641,642,643,644,645,646,647,648,649,650]],"properties":{"grunnkretsnummer":"15280105","grunnkretsnavn":"Riksheim","delomradenummer":"152801","delomradenavn":"Sørestranda - Velledalen","kommunenummer":"1528"}},{"type":"Polygon","arcs":[[651,652,653,654,655,656]],"properties":{"grunnkretsnummer":"15280204","grunnkretsnavn":"Aure","delomradenummer":"152802","delomradenavn":"Sykkylven","kommunenummer":"1528"}},{"type":"Polygon","arcs":[[657,658,-656,-655,659,660,661,662]],"properties":{"grunnkretsnummer":"15280205","grunnkretsnavn":"Vik","delomradenummer":"152802","delomradenavn":"Sykkylven","kommunenummer":"1528"}},{"type":"Polygon","arcs":[[663,664,665,666,667,-33,-32,-31]],"properties":{"grunnkretsnummer":"15160106","grunnkretsnavn":"Ulsteinvik","delomradenummer":"151601","delomradenavn":"Ytre Ulstein","kommunenummer":"1516"}},{"type":"Polygon","arcs":[[668,669,670,671,672,673,-542,-541,-632]],"properties":{"grunnkretsnummer":"15280208","grunnkretsnavn":"Ramstaddal","delomradenummer":"152802","delomradenavn":"Sykkylven","kommunenummer":"1528"}},{"type":"Polygon","arcs":[[674,-653,-652,675,676,677]],"properties":{"grunnkretsnummer":"15280203","grunnkretsnavn":"Ullavik","delomradenummer":"152802","delomradenavn":"Sykkylven","kommunenummer":"1528"}},{"type":"Polygon","arcs":[[678,679,680,-634,-633,681]],"properties":{"grunnkretsnummer":"15160103","grunnkretsnavn":"Ulstein","delomradenummer":"151601","delomradenavn":"Ytre Ulstein","kommunenummer":"1516"}},{"type":"Polygon","arcs":[[682,683,684,685,686,687,-649,688,689]],"properties":{"grunnkretsnummer":"15280101","grunnkretsnavn":"Hundeidvik","delomradenummer":"152801","delomradenavn":"Sørestranda - Velledalen","kommunenummer":"1528"}},{"type":"Polygon","arcs":[[690,691,692,693,694,-35,695,696,697,698]],"properties":{"grunnkretsnummer":"15160202","grunnkretsnavn":"Sundgot","delomradenummer":"151602","delomradenavn":"Indre Ulstein","kommunenummer":"1516"}},{"type":"Polygon","arcs":[[699,700,701,702,703,-678,-677,704,705]],"properties":{"grunnkretsnummer":"15280201","grunnkretsnavn":"Aursnes","delomradenummer":"152802","delomradenavn":"Sykkylven","kommunenummer":"1528"}},{"type":"Polygon","arcs":[[706,-663,-662,707,708,709,-640]],"properties":{"grunnkretsnummer":"15280206","grunnkretsnavn":"Tynes","delomradenummer":"152802","delomradenavn":"Sykkylven","kommunenummer":"1528"}},{"type":"Polygon","arcs":[[710,711,-708,-661,712,-669,-631,-629,-617]],"properties":{"grunnkretsnummer":"15280109","grunnkretsnavn":"Hole","delomradenummer":"152801","delomradenavn":"Sørestranda - Velledalen","kommunenummer":"1528"}},{"type":"Polygon","arcs":[[713,714,-706,715,716,717,-687,-686]],"properties":{"grunnkretsnummer":"15280102","grunnkretsnavn":"Tusvik","delomradenummer":"152801","delomradenavn":"Sørestranda - Velledalen","kommunenummer":"1528"}},{"type":"Polygon","arcs":[[-643,718,719,720,721]],"properties":{"grunnkretsnummer":"15280107","grunnkretsnavn":"Drabløs","delomradenummer":"152801","delomradenavn":"Sørestranda - Velledalen","kommunenummer":"1528"}},{"type":"Polygon","arcs":[[-675,-704,722,-670,-713,-660,-654]],"properties":{"grunnkretsnummer":"15280202","grunnkretsnavn":"Aurdal","delomradenummer":"152802","delomradenavn":"Sykkylven","kommunenummer":"1528"}},{"type":"Polygon","arcs":[[723,724,-658,-707,-651,-650,-688,-718]],"properties":{"grunnkretsnummer":"15280104","grunnkretsnavn":"Indre Ikornnes","delomradenummer":"152801","delomradenavn":"Sørestranda - Velledalen","kommunenummer":"1528"}},{"type":"Polygon","arcs":[[725,726,-672,-671,-723,-703,-702,727,728,729]],"properties":{"grunnkretsnummer":"15280207","grunnkretsnavn":"Søvikdal","delomradenummer":"152802","delomradenavn":"Sykkylven","kommunenummer":"1528"}},{"type":"Polygon","arcs":[[730,-711,-616,-605,731,-720]],"properties":{"grunnkretsnummer":"15280108","grunnkretsnavn":"Brunstad","delomradenummer":"152801","delomradenavn":"Sørestranda - Velledalen","kommunenummer":"1528"}},{"type":"Polygon","arcs":[[-710,-709,-712,-731,-719,-642,-641]],"properties":{"grunnkretsnummer":"15280106","grunnkretsnavn":"Straumgjerde","delomradenummer":"152801","delomradenavn":"Sørestranda - Velledalen","kommunenummer":"1528"}},{"type":"Polygon","arcs":[[-705,-676,-657,-659,-725,-724,-717,-716]],"properties":{"grunnkretsnummer":"15280103","grunnkretsnavn":"Ytre Ikornnes","delomradenummer":"152801","delomradenavn":"Sørestranda - Velledalen","kommunenummer":"1528"}},{"type":"Polygon","arcs":[[732,733,734,735,736,737,738,-697]],"properties":{"grunnkretsnummer":"15160203","grunnkretsnavn":"Hasund","delomradenummer":"151602","delomradenavn":"Indre Ulstein","kommunenummer":"1516"}},{"type":"Polygon","arcs":[[739,740,-680,-679,741,742,743,744,745,746,747]],"properties":{"grunnkretsnummer":"15160101","grunnkretsnavn":"Flø","delomradenummer":"151601","delomradenavn":"Ytre Ulstein","kommunenummer":"1516"}},{"type":"Polygon","arcs":[[748,749,-637,750,-735,751,752]],"properties":{"grunnkretsnummer":"15160109","grunnkretsnavn":"Holsekre øvre - Hofsetmarka","delomradenummer":"151601","delomradenavn":"Ytre Ulstein","kommunenummer":"1516"}},{"type":"Polygon","arcs":[[-27,753,754,755,756,-742,-682,-639]],"properties":{"grunnkretsnummer":"15160102","grunnkretsnavn":"Hatløy","delomradenummer":"151601","delomradenavn":"Ytre Ulstein","kommunenummer":"1516"}},{"type":"Polygon","arcs":[[-739,-738,757,758,759,-698]],"properties":{"grunnkretsnummer":"15160204","grunnkretsnavn":"Garnes","delomradenummer":"151602","delomradenavn":"Indre Ulstein","kommunenummer":"1516"}},{"type":"Polygon","arcs":[[-34,-668,-667,760,-752,-734,-733,-696]],"properties":{"grunnkretsnummer":"15160111","grunnkretsnavn":"Saunes","delomradenummer":"151601","delomradenavn":"Ytre Ulstein","kommunenummer":"1516"}},{"type":"Polygon","arcs":[[761,-753,-761,-666]],"properties":{"grunnkretsnummer":"15160108","grunnkretsnavn":"Holsekre nedre","delomradenummer":"151601","delomradenavn":"Ytre Ulstein","kommunenummer":"1516"}},{"type":"Polygon","arcs":[[-749,-762,-665,762]],"properties":{"grunnkretsnummer":"15160107","grunnkretsnavn":"Hofset","delomradenummer":"151601","delomradenavn":"Ytre Ulstein","kommunenummer":"1516"}},{"type":"Polygon","arcs":[[-638,-750,-763,-664,-30]],"properties":{"grunnkretsnummer":"15160110","grunnkretsnavn":"Osnes øvre","delomradenummer":"151601","delomradenavn":"Ytre Ulstein","kommunenummer":"1516"}},{"type":"Polygon","arcs":[[763,764,765,766,767,768,769,770,771,772,773]],"properties":{"grunnkretsnummer":"15160206","grunnkretsnavn":"Eiksund","delomradenummer":"151602","delomradenavn":"Indre Ulstein","kommunenummer":"1516"}},{"type":"Polygon","arcs":[[-754,-36,-695,-694,-693,774]],"properties":{"grunnkretsnummer":"15160201","grunnkretsnavn":"Dimna","delomradenummer":"151602","delomradenavn":"Indre Ulstein","kommunenummer":"1516"}},{"type":"Polygon","arcs":[[775,776,-767,-766,-765,-764,777,778,-759,-758,-737,779]],"properties":{"grunnkretsnummer":"15160205","grunnkretsnavn":"Haddal","delomradenummer":"151602","delomradenavn":"Indre Ulstein","kommunenummer":"1516"}},{"type":"Polygon","arcs":[[780,781,782,783,784,785,786,787,788]],"properties":{"grunnkretsnummer":"15200202","grunnkretsnavn":"Lystad","delomradenummer":"152002","delomradenavn":"Ørsta","kommunenummer":"1520"}},{"type":"Polygon","arcs":[[-349,-308,789,790,791,792,793,-111]],"properties":{"grunnkretsnummer":"15350101","grunnkretsnavn":"Rekdal","delomradenummer":"153501","delomradenavn":"Tomrefjord","kommunenummer":"1535"}},{"type":"Polygon","arcs":[[794,795,796,797,798]],"properties":{"grunnkretsnummer":"15350106","grunnkretsnavn":"Gjerde-Lid","delomradenummer":"153501","delomradenavn":"Tomrefjord","kommunenummer":"1535"}},{"type":"Polygon","arcs":[[799,800,801,802,803,-792,-791]],"properties":{"grunnkretsnummer":"15350102","grunnkretsnavn":"Fiksdal","delomradenummer":"153501","delomradenavn":"Tomrefjord","kommunenummer":"1535"}},{"type":"Polygon","arcs":[[-790,-307,-283,804,805,806,807,808,809,810,-800]],"properties":{"grunnkretsnummer":"15350201","grunnkretsnavn":"Øverås-Nerås","delomradenummer":"153502","delomradenavn":"Vestnes","kommunenummer":"1535"}},{"type":"Polygon","arcs":[[-318,811,812,813,814,-806,-805,-282]],"properties":{"grunnkretsnummer":"15350204","grunnkretsnavn":"Hagneset-Vestnesbukta","delomradenummer":"153502","delomradenavn":"Vestnes","kommunenummer":"1535"}},{"type":"Polygon","arcs":[[-799,815,816,817,818,819,820,821,822,823]],"properties":{"grunnkretsnummer":"15350104","grunnkretsnavn":"Frostad","delomradenummer":"153501","delomradenavn":"Tomrefjord","kommunenummer":"1535"}},{"type":"Polygon","arcs":[[824,825,826,827,828,-320]],"properties":{"grunnkretsnummer":"15350309","grunnkretsnavn":"Hjelvik","delomradenummer":"153503","delomradenavn":"Tresfjord","kommunenummer":"1535"}},{"type":"Polygon","arcs":[[829,-813,830,831,832,833,834,835,836]],"properties":{"grunnkretsnummer":"15350205","grunnkretsnavn":"Helland-Remmemsvik","delomradenummer":"153502","delomradenavn":"Vestnes","kommunenummer":"1535"}},{"type":"Polygon","arcs":[[837,838,839,840,841,842,843,844]],"properties":{"grunnkretsnummer":"15350303","grunnkretsnavn":"Sylte","delomradenummer":"153503","delomradenavn":"Tresfjord","kommunenummer":"1535"}},{"type":"Polygon","arcs":[[845,846,847,-840,-839]],"properties":{"grunnkretsnummer":"15350302","grunnkretsnavn":"Løvik-Eidhammer","delomradenummer":"153503","delomradenavn":"Tresfjord","kommunenummer":"1535"}},{"type":"Polygon","arcs":[[-829,-828,848,849,850,-831,-812,-321]],"properties":{"grunnkretsnummer":"15350307","grunnkretsnavn":"Vike ytre","delomradenummer":"153503","delomradenavn":"Tresfjord","kommunenummer":"1535"}},{"type":"Polygon","arcs":[[-847,-846,-838,851,852,-818,853,854,-835,855,856,857]],"properties":{"grunnkretsnummer":"15350301","grunnkretsnavn":"Skorgen-Kjøpstad","delomradenummer":"153503","delomradenavn":"Tresfjord","kommunenummer":"1535"}},{"type":"Polygon","arcs":[[858,-826,-825,-319,-24,-473,-172,-171]],"properties":{"grunnkretsnummer":"15350308","grunnkretsnavn":"Våge","delomradenummer":"153503","delomradenavn":"Tresfjord","kommunenummer":"1535"}},{"type":"Polygon","arcs":[[-811,859,-824,-823,860,-802,-801]],"properties":{"grunnkretsnummer":"15350103","grunnkretsnavn":"Fiksdalstrand","delomradenummer":"153501","delomradenavn":"Tomrefjord","kommunenummer":"1535"}},{"type":"Polygon","arcs":[[-815,-814,-830,861,862,-807]],"properties":{"grunnkretsnummer":"15350203","grunnkretsnavn":"Åsbygda-Sørås","delomradenummer":"153502","delomradenavn":"Vestnes","kommunenummer":"1535"}},{"type":"Polygon","arcs":[[-832,-851,-850,863,864,865]],"properties":{"grunnkretsnummer":"15350306","grunnkretsnavn":"Vike indre","delomradenummer":"153503","delomradenavn":"Tresfjord","kommunenummer":"1535"}},{"type":"Polygon","arcs":[[-843,866,-177,-551,867]],"properties":{"grunnkretsnummer":"15350304","grunnkretsnavn":"Rypdal-Kjersem","delomradenummer":"153503","delomradenavn":"Tresfjord","kommunenummer":"1535"}},{"type":"Polygon","arcs":[[868,-865,-864,-849,-827,-859,-170,-867,-842,-841,-848,-858]],"properties":{"grunnkretsnummer":"15350305","grunnkretsnavn":"Daugstad","delomradenummer":"153503","delomradenavn":"Tresfjord","kommunenummer":"1535"}},{"type":"Polygon","arcs":[[-808,-863,-862,-837,-836,-855,869,870]],"properties":{"grunnkretsnummer":"15350202","grunnkretsnavn":"Flate-Furland","delomradenummer":"153502","delomradenavn":"Vestnes","kommunenummer":"1535"}},{"type":"Polygon","arcs":[[-810,-809,-871,-796,-795,-860]],"properties":{"grunnkretsnummer":"15350107","grunnkretsnavn":"Vik","delomradenummer":"153501","delomradenavn":"Tomrefjord","kommunenummer":"1535"}},{"type":"Polygon","arcs":[[-798,-797,-870,-854,-817,-816]],"properties":{"grunnkretsnummer":"15350105","grunnkretsnavn":"Tomra","delomradenummer":"153501","delomradenavn":"Tomrefjord","kommunenummer":"1535"}},{"type":"Polygon","arcs":[[-866,-869,-857,-856,-834,-833]],"properties":{"grunnkretsnummer":"15350206","grunnkretsnavn":"Salthammer-Brastad","delomradenummer":"153502","delomradenavn":"Vestnes","kommunenummer":"1535"}},{"type":"Polygon","arcs":[[871,872,873,874,875,876,877]],"properties":{"grunnkretsnummer":"15310108","grunnkretsnavn":"Holen","delomradenummer":"153101","delomradenavn":"Langevåg","kommunenummer":"1531"}},{"type":"Polygon","arcs":[[878,879,880,881,882,883,884,885]],"properties":{"grunnkretsnummer":"15600101","grunnkretsnavn":"Gyl","delomradenummer":"156001","delomradenavn":"Tingvoll","kommunenummer":"1560"}},{"type":"Polygon","arcs":[[886,887,888,889,890,891,892,893,894,895]],"properties":{"grunnkretsnummer":"15600103","grunnkretsnavn":"Vågbø","delomradenummer":"156001","delomradenavn":"Tingvoll","kommunenummer":"1560"}},{"type":"Polygon","arcs":[[896,897,898,899,900,-880,-879]],"properties":{"grunnkretsnummer":"15600203","grunnkretsnavn":"Eikrem","delomradenummer":"156002","delomradenavn":"Straumsnes","kommunenummer":"1560"}},{"type":"Polygon","arcs":[[901,902,903,-316,-362,904,905,906,907]],"properties":{"grunnkretsnummer":"15600106","grunnkretsnavn":"Tingvollvågen sør","delomradenummer":"156001","delomradenavn":"Tingvoll","kommunenummer":"1560"}},{"type":"Polygon","arcs":[[908,-97,-334,-317,-904,-903,909,910,911]],"properties":{"grunnkretsnummer":"15600108","grunnkretsnavn":"Skar","delomradenummer":"156001","delomradenavn":"Tingvoll","kommunenummer":"1560"}},{"type":"Polygon","arcs":[[-888,-887,912,913,914,-910,-902]],"properties":{"grunnkretsnummer":"15600107","grunnkretsnavn":"Meisingset","delomradenummer":"156001","delomradenavn":"Tingvoll","kommunenummer":"1560"}},{"type":"Polygon","arcs":[[915,916,917,918,919,920,921,922,923,924,925,926]],"properties":{"grunnkretsnummer":"15600205","grunnkretsnavn":"Grimstad","delomradenummer":"156002","delomradenavn":"Straumsnes","kommunenummer":"1560"}},{"type":"Polygon","arcs":[[927,928,-881,-901,929,930,931,-922,932,933,-935]],"properties":{"grunnkretsnummer":"15600209","grunnkretsnavn":"Kanestraum","delomradenummer":"156002","delomradenavn":"Straumsnes","kommunenummer":"1560"}},{"type":"Polygon","arcs":[[935,-916,936,937,938,939,940,941,942]],"properties":{"grunnkretsnummer":"15600201","grunnkretsnavn":"Aspa","delomradenummer":"156002","delomradenavn":"Straumsnes","kommunenummer":"1560"}},{"type":"Polygon","arcs":[[-932,-931,-930,-900,-899,943,-926,-925,-924,-923]],"properties":{"grunnkretsnummer":"15600204","grunnkretsnavn":"Ulset","delomradenummer":"156002","delomradenavn":"Straumsnes","kommunenummer":"1560"}},{"type":"Polygon","arcs":[[-892,-891,944,-882,-929,-928,-946,946,947]],"properties":{"grunnkretsnummer":"15600102","grunnkretsnavn":"Torjulvågen","delomradenummer":"156001","delomradenavn":"Tingvoll","kommunenummer":"1560"}},{"type":"Polygon","arcs":[[-906,948,949,-884,-883,-945,-890,950,951]],"properties":{"grunnkretsnummer":"15600104","grunnkretsnavn":"Tingvollvågen nord","delomradenummer":"156001","delomradenavn":"Tingvoll","kommunenummer":"1560"}},{"type":"Polygon","arcs":[[-952,-951,-889,-908,-907]],"properties":{"grunnkretsnummer":"15600105","grunnkretsnavn":"Tingvollvågen øst","delomradenummer":"156001","delomradenavn":"Tingvoll","kommunenummer":"1560"}},{"type":"Polygon","arcs":[[952,953,954,955,956,-920,-919]],"properties":{"grunnkretsnummer":"15600206","grunnkretsnavn":"Kvisvik","delomradenummer":"156002","delomradenavn":"Straumsnes","kommunenummer":"1560"}},{"type":"Polygon","arcs":[[-927,-944,-898,957,-939,-938,-937]],"properties":{"grunnkretsnummer":"15600202","grunnkretsnavn":"Aspøy","delomradenummer":"156002","delomradenavn":"Straumsnes","kommunenummer":"1560"}},{"type":"Polygon","arcs":[[-921,-957,958,959,-961,-934,-933]],"properties":{"grunnkretsnummer":"15600208","grunnkretsnavn":"Rakstang","delomradenummer":"156002","delomradenavn":"Straumsnes","kommunenummer":"1560"}},{"type":"Polygon","arcs":[[-962,-960,-959,-956,-955,962,963,964]],"properties":{"grunnkretsnummer":"15600207","grunnkretsnavn":"Årsund","delomradenummer":"156002","delomradenavn":"Straumsnes","kommunenummer":"1560"}},{"type":"Polygon","arcs":[[-966,-967,-968,-969,-970,970,971,972,973,-975]],"properties":{"grunnkretsnummer":"15760109","grunnkretsnavn":"Vik","delomradenummer":"157601","delomradenavn":"Aure","kommunenummer":"1576"}},{"type":"Polygon","arcs":[[975,976,977,978,979,980,981,982,983,984]],"properties":{"grunnkretsnummer":"15760202","grunnkretsnavn":"Leira","delomradenummer":"157602","delomradenavn":"Tustna","kommunenummer":"1576"}},{"type":"Polygon","arcs":[[-986,986,987,988,989,990,991,-993]],"properties":{"grunnkretsnummer":"15760103","grunnkretsnavn":"Skarsøya","delomradenummer":"157601","delomradenavn":"Aure","kommunenummer":"1576"}},{"type":"Polygon","arcs":[[993,994,-987,-996,-997,-998,-999]],"properties":{"grunnkretsnummer":"15760104","grunnkretsnavn":"Kjørsvikbugen","delomradenummer":"157601","delomradenavn":"Aure","kommunenummer":"1576"}},{"type":"Polygon","arcs":[[-988,-995,-994,-1000,-1001,-974,1001,1002,1003]],"properties":{"grunnkretsnummer":"15760105","grunnkretsnavn":"Årvågsfjord","delomradenummer":"157601","delomradenavn":"Aure","kommunenummer":"1576"}},{"type":"Polygon","arcs":[[1004,1005,1006,1007,1008,1009,1010]],"properties":{"grunnkretsnummer":"15760101","grunnkretsnavn":"Grisvågøy","delomradenummer":"157601","delomradenavn":"Aure","kommunenummer":"1576"}},{"type":"Polygon","arcs":[[1011,1012,-1010,1013,1014,1015,1016]],"properties":{"grunnkretsnummer":"15760114","grunnkretsnavn":"Vingsternes-Høvik","delomradenummer":"157601","delomradenavn":"Aure","kommunenummer":"1576"}},{"type":"Polygon","arcs":[[-1018,1018,1019,1020,1021,1022,-1024]],"properties":{"grunnkretsnummer":"15760204","grunnkretsnavn":"Hals","delomradenummer":"157602","delomradenavn":"Tustna","kommunenummer":"1576"}},{"type":"Polygon","arcs":[[1024,-1022,-1021,1025,-978,-977,1026]],"properties":{"grunnkretsnummer":"15760203","grunnkretsnavn":"Knarvik","delomradenummer":"157602","delomradenavn":"Tustna","kommunenummer":"1576"}},{"type":"Polygon","arcs":[[-1009,1027,1028,1029,1030,1031,-1015,-1014]],"properties":{"grunnkretsnummer":"15760113","grunnkretsnavn":"Straumsvik","delomradenummer":"157601","delomradenavn":"Aure","kommunenummer":"1576"}},{"type":"Polygon","arcs":[[-1029,-1028,-1008,1032,-971,-1034,-1035,1035,1036,1037]],"properties":{"grunnkretsnummer":"15760110","grunnkretsnavn":"Ertvåg","delomradenummer":"157601","delomradenavn":"Aure","kommunenummer":"1576"}},{"type":"Polygon","arcs":[[-989,-1004,-1003,1038,1039,1040]],"properties":{"grunnkretsnummer":"15760106","grunnkretsnavn":"Stemshaug","delomradenummer":"157601","delomradenavn":"Aure","kommunenummer":"1576"}},{"type":"Polygon","arcs":[[-1042,-1043,-1044,-1023,-1025,1044,-1012,1045]],"properties":{"grunnkretsnummer":"15760205","grunnkretsnavn":"Nord-Tustna","delomradenummer":"157602","delomradenavn":"Tustna","kommunenummer":"1576"}},{"type":"Polygon","arcs":[[-1047,-1046,-1017,-1016,1047,1048,1049,-1051]],"properties":{"grunnkretsnummer":"15760115","grunnkretsnavn":"Fuglvåg","delomradenummer":"157601","delomradenavn":"Aure","kommunenummer":"1576"}},{"type":"Polygon","arcs":[[-1052,-1050,-1049,1052,-1037,-1036,-1054,-1055]],"properties":{"grunnkretsnummer":"15760111","grunnkretsnavn":"Vågos","delomradenummer":"157601","delomradenavn":"Aure","kommunenummer":"1576"}},{"type":"Polygon","arcs":[[1055,1056,1057,1058,1059,1060,-984,-983,-982,-981,-980,-979,-1026,-1020,-1019,-1062,-965,1062]],"properties":{"grunnkretsnummer":"15760201","grunnkretsnavn":"Sør-Tustna","delomradenummer":"157602","delomradenavn":"Tustna","kommunenummer":"1576"}},{"type":"Polygon","arcs":[[-1007,1063,1064,-1039,-1002,-973,-972,-1033]],"properties":{"grunnkretsnummer":"15760108","grunnkretsnavn":"Aure","delomradenummer":"157601","delomradenavn":"Aure","kommunenummer":"1576"}},{"type":"Polygon","arcs":[[-1032,-1031,-1030,-1038,-1053,-1048]],"properties":{"grunnkretsnummer":"15760112","grunnkretsnavn":"Ålmo","delomradenummer":"157601","delomradenavn":"Aure","kommunenummer":"1576"}},{"type":"Polygon","arcs":[[1065,1066,1067,1068,-120,-305,-380,-379,-383]],"properties":{"grunnkretsnummer":"15570202","grunnkretsnavn":"Øye - Heggem","delomradenummer":"155702","delomradenavn":"Indre Gjemnes","kommunenummer":"1557"}},{"type":"Polygon","arcs":[[-1006,1069,-1041,-1040,-1065,-1064]],"properties":{"grunnkretsnummer":"15760107","grunnkretsnavn":"Vean","delomradenummer":"157601","delomradenavn":"Aure","kommunenummer":"1576"}},{"type":"Polygon","arcs":[[-1070,-1005,-1071,-992,-991,-990]],"properties":{"grunnkretsnummer":"15760102","grunnkretsnavn":"Lesund","delomradenummer":"157601","delomradenavn":"Aure","kommunenummer":"1576"}},{"type":"Polygon","arcs":[[-958,-897,-886,1071,1072,1073,-1068,1074,1075,-940]],"properties":{"grunnkretsnummer":"15570203","grunnkretsnavn":"Kvalvåg - Hoem","delomradenummer":"155702","delomradenavn":"Indre Gjemnes","kommunenummer":"1557"}},{"type":"Polygon","arcs":[[1076,1077,1078,1079,-1066,-382,1080,1081]],"properties":{"grunnkretsnummer":"15570107","grunnkretsnavn":"Øre","delomradenummer":"155701","delomradenavn":"Ytre Gjemnes","kommunenummer":"1557"}},{"type":"Polygon","arcs":[[-905,-366,-365,-364,-418,-420,1082,1083,1084,-949]],"properties":{"grunnkretsnummer":"15570206","grunnkretsnavn":"Angvik","delomradenummer":"155702","delomradenavn":"Indre Gjemnes","kommunenummer":"1557"}},{"type":"Polygon","arcs":[[1085,1086,-1082,-1081,-381,-369,1087]],"properties":{"grunnkretsnummer":"15570106","grunnkretsnavn":"Tøriset-Silset","delomradenummer":"155701","delomradenavn":"Ytre Gjemnes","kommunenummer":"1557"}},{"type":"Polygon","arcs":[[-1067,-1080,-1079,1088,1089,-941,-1076,-1075]],"properties":{"grunnkretsnummer":"15570201","grunnkretsnavn":"Torvik","delomradenummer":"155702","delomradenavn":"Indre Gjemnes","kommunenummer":"1557"}},{"type":"Polygon","arcs":[[1090,1091,1092,1093,1094,1095,1096,1097]],"properties":{"grunnkretsnummer":"15570101","grunnkretsnavn":"Storlandet","delomradenummer":"155701","delomradenavn":"Ytre Gjemnes","kommunenummer":"1557"}},{"type":"Polygon","arcs":[[-1096,-1095,1098,1099,-1089,-1078,1100,1101]],"properties":{"grunnkretsnummer":"15570102","grunnkretsnavn":"Gjemnes","delomradenummer":"155701","delomradenavn":"Ytre Gjemnes","kommunenummer":"1557"}},{"type":"Polygon","arcs":[[-112,-1069,-1074,1102,-1083,-419]],"properties":{"grunnkretsnummer":"15570204","grunnkretsnavn":"Fagerli","delomradenummer":"155702","delomradenavn":"Indre Gjemnes","kommunenummer":"1557"}},{"type":"Polygon","arcs":[[1103,1104,1105,-1088,-368,-367,-243,-260,-73,-385,1106,1107]],"properties":{"grunnkretsnummer":"15570104","grunnkretsnavn":"Bjerkely","delomradenummer":"155701","delomradenavn":"Ytre Gjemnes","kommunenummer":"1557"}},{"type":"Polygon","arcs":[[-1085,-1084,-1103,-1073,-1072,-885,-950]],"properties":{"grunnkretsnummer":"15570205","grunnkretsnavn":"Flemma","delomradenummer":"155702","delomradenavn":"Indre Gjemnes","kommunenummer":"1557"}},{"type":"Polygon","arcs":[[-1097,-1102,-1101,-1077,-1087,-1086,-1106,1108]],"properties":{"grunnkretsnummer":"15570105","grunnkretsnavn":"Gaupset - Astad","delomradenummer":"155701","delomradenavn":"Ytre Gjemnes","kommunenummer":"1557"}},{"type":"Polygon","arcs":[[-1090,-1100,1109,1110,1111,-942]],"properties":{"grunnkretsnummer":"15570103","grunnkretsnavn":"Bergsøy","delomradenummer":"155701","delomradenavn":"Ytre Gjemnes","kommunenummer":"1557"}},{"type":"Polygon","arcs":[[1112,1113,1114,1115,1116,1117,1118,1119,1120,1121,1122,1123]],"properties":{"grunnkretsnummer":"15310207","grunnkretsnavn":"Solevåg","delomradenummer":"153102","delomradenavn":"Indre Sula","kommunenummer":"1531"}},{"type":"Polygon","arcs":[[1124,1125,1126,1127,1128,1129,1130,1131]],"properties":{"grunnkretsnummer":"15310103","grunnkretsnavn":"Molvær","delomradenummer":"153101","delomradenavn":"Langevåg","kommunenummer":"1531"}},{"type":"Polygon","arcs":[[1132,1133,1134,1135,1136,1137,1138,1139]],"properties":{"grunnkretsnummer":"15310201","grunnkretsnavn":"Fiskerstrand","delomradenummer":"153102","delomradenavn":"Indre Sula","kommunenummer":"1531"}},{"type":"Polygon","arcs":[[-1118,-1117,-1116,-1115,-1114,1140,1141,1142,1143,1144]],"properties":{"grunnkretsnummer":"15310208","grunnkretsnavn":"Sunde","delomradenummer":"153102","delomradenavn":"Indre Sula","kommunenummer":"1531"}},{"type":"Polygon","arcs":[[1145,1146,1147,1148,-1136,-874,-873,1149,1150,1151]],"properties":{"grunnkretsnummer":"15310107","grunnkretsnavn":"Vågnes","delomradenummer":"153101","delomradenavn":"Langevåg","kommunenummer":"1531"}},{"type":"Polygon","arcs":[[-1133,1152,1153,1154,1155]],"properties":{"grunnkretsnummer":"15310203","grunnkretsnavn":"Gjølvatnet","delomradenummer":"153102","delomradenavn":"Indre Sula","kommunenummer":"1531"}},{"type":"Polygon","arcs":[[1156,1157,1158,1159,1160,1161,1162,1163]],"properties":{"grunnkretsnummer":"15310101","grunnkretsnavn":"Kjellingset","delomradenummer":"153101","delomradenavn":"Langevåg","kommunenummer":"1531"}},{"type":"Polygon","arcs":[[1164,1165,-1153,-1140,-1139,-1138,1166,-1124]],"properties":{"grunnkretsnummer":"15310202","grunnkretsnavn":"Rørstad","delomradenummer":"153102","delomradenavn":"Indre Sula","kommunenummer":"1531"}},{"type":"Polygon","arcs":[[-1132,-1131,1167,-1161,-1160,1168,1169]],"properties":{"grunnkretsnummer":"15310102","grunnkretsnavn":"Sandvik","delomradenummer":"153101","delomradenavn":"Langevåg","kommunenummer":"1531"}},{"type":"Polygon","arcs":[[-1154,-1166,-1165,-1123,-1122,1170]],"properties":{"grunnkretsnummer":"15310204","grunnkretsnavn":"Mauseidvåg","delomradenummer":"153102","delomradenavn":"Indre Sula","kommunenummer":"1531"}},{"type":"Polygon","arcs":[[-1152,-1151,1171,1172,1173]],"properties":{"grunnkretsnummer":"15310106","grunnkretsnavn":"Langevågsholmane","delomradenummer":"153101","delomradenavn":"Langevåg","kommunenummer":"1531"}},{"type":"Polygon","arcs":[[1174,1175,1176,1177,1178,-1163,-1162,-1168,-1130,1179,1180,1181,1182,1183,1184,1185]],"properties":{"grunnkretsnummer":"15310205","grunnkretsnavn":"Søre Sula","delomradenummer":"153102","delomradenavn":"Indre Sula","kommunenummer":"1531"}},{"type":"Polygon","arcs":[[1186,-878,1187,-1126]],"properties":{"grunnkretsnummer":"15310104","grunnkretsnavn":"Langevåg sentrum","delomradenummer":"153101","delomradenavn":"Langevåg","kommunenummer":"1531"}},{"type":"Polygon","arcs":[[1188,-876,-875,-1135,-1134,-1156,1189,-1128]],"properties":{"grunnkretsnummer":"15310110","grunnkretsnavn":"Vedde","delomradenummer":"153101","delomradenavn":"Langevåg","kommunenummer":"1531"}},{"type":"Polygon","arcs":[[-1170,1190,-1172,-1150,-872,-1187,-1125]],"properties":{"grunnkretsnummer":"15310105","grunnkretsnavn":"Stadsnes","delomradenummer":"153101","delomradenavn":"Langevåg","kommunenummer":"1531"}},{"type":"Polygon","arcs":[[1191,1192,1193,1194,-1144,-1143,-1142,1195]],"properties":{"grunnkretsnummer":"15310209","grunnkretsnavn":"Veibust","delomradenummer":"153102","delomradenavn":"Indre Sula","kommunenummer":"1531"}},{"type":"Polygon","arcs":[[-877,-1189,-1127,-1188]],"properties":{"grunnkretsnummer":"15310109","grunnkretsnavn":"Bratthaug","delomradenummer":"153101","delomradenavn":"Langevåg","kommunenummer":"1531"}},{"type":"Polygon","arcs":[[-1121,-1120,1196,-1181,-1180,-1129,-1190,-1155,-1171]],"properties":{"grunnkretsnummer":"15310206","grunnkretsnavn":"Eikrem","delomradenummer":"153102","delomradenavn":"Indre Sula","kommunenummer":"1531"}},{"type":"Polygon","arcs":[[1197,1198,1199,1200,1201,-683]],"properties":{"grunnkretsnummer":"15200410","grunnkretsnavn":"Ytre Standal-Brattheim","delomradenummer":"152004","delomradenavn":"Hjørundfjord","kommunenummer":"1520"}},{"type":"Polygon","arcs":[[-786,1202,1203,1204]],"properties":{"grunnkretsnummer":"15200203","grunnkretsnavn":"Mork-Vinjevoll","delomradenummer":"152002","delomradenavn":"Ørsta","kommunenummer":"1520"}},{"type":"Polygon","arcs":[[1205,1206,1207,1208,1209,1210,1211]],"properties":{"grunnkretsnummer":"15200504","grunnkretsnavn":"Sætre","delomradenummer":"152005","delomradenavn":"Vartdal","kommunenummer":"1520"}},{"type":"Polygon","arcs":[[-1200,-1199,1212,1213,1214,1215,1216]],"properties":{"grunnkretsnummer":"15200409","grunnkretsnavn":"Standal","delomradenummer":"152004","delomradenavn":"Hjørundfjord","kommunenummer":"1520"}},{"type":"Polygon","arcs":[[1217,1218,1219,1220,1221,1222]],"properties":{"grunnkretsnummer":"15200206","grunnkretsnavn":"Valla-Marka","delomradenummer":"152002","delomradenavn":"Ørsta","kommunenummer":"1520"}},{"type":"Polygon","arcs":[[1223,1224,1225,-782,-781,1226,1227,-771]],"properties":{"grunnkretsnummer":"15200201","grunnkretsnavn":"Liadal","delomradenummer":"152002","delomradenavn":"Ørsta","kommunenummer":"1520"}},{"type":"Polygon","arcs":[[-1197,-1119,-1145,-1195,-684,-1202,-1201,1228,1229,1230,1231,-1182]],"properties":{"grunnkretsnummer":"15200501","grunnkretsnavn":"Barstadvik","delomradenummer":"152005","delomradenavn":"Vartdal","kommunenummer":"1520"}},{"type":"Polygon","arcs":[[-784,1232,1233,1234,1235]],"properties":{"grunnkretsnummer":"15200211","grunnkretsnavn":"Vallabøen 2","delomradenummer":"152002","delomradenavn":"Ørsta","kommunenummer":"1520"}},{"type":"Polygon","arcs":[[1236,1237,1238,1239,1240,1241,1242,1243]],"properties":{"grunnkretsnummer":"15200102","grunnkretsnavn":"Hovden 1","delomradenummer":"152001","delomradenavn":"Hovdebygda","kommunenummer":"1520"}},{"type":"Polygon","arcs":[[1244,1245,1246,1247,-1227,-789,1248,-1244,-1243,1249]],"properties":{"grunnkretsnummer":"15200101","grunnkretsnavn":"Ytre Hovden","delomradenummer":"152001","delomradenavn":"Hovdebygda","kommunenummer":"1520"}},{"type":"Polygon","arcs":[[1250,1251,1252,1253]],"properties":{"grunnkretsnummer":"15200301","grunnkretsnavn":"Åmås","delomradenummer":"152003","delomradenavn":"Dalane","kommunenummer":"1520"}},{"type":"Polygon","arcs":[[1254,-1252,1255,1256,1257,1258,1259]],"properties":{"grunnkretsnummer":"15200304","grunnkretsnavn":"Brautaset","delomradenummer":"152003","delomradenavn":"Dalane","kommunenummer":"1520"}},{"type":"Polygon","arcs":[[1260,1261,-1223,-1222,-1221,1262,1263,1264,1265]],"properties":{"grunnkretsnummer":"15200205","grunnkretsnavn":"Vik","delomradenummer":"152002","delomradenavn":"Ørsta","kommunenummer":"1520"}},{"type":"Polygon","arcs":[[-1204,1266,1267,-1261,1268]],"properties":{"grunnkretsnummer":"15200207","grunnkretsnavn":"Bakkane","delomradenummer":"152002","delomradenavn":"Ørsta","kommunenummer":"1520"}},{"type":"Polygon","arcs":[[1269,-1231,-1230,1270,1271,-1211,-1210]],"properties":{"grunnkretsnummer":"15200502","grunnkretsnavn":"Nordre Vartdal","delomradenummer":"152005","delomradenavn":"Vartdal","kommunenummer":"1520"}},{"type":"Polygon","arcs":[[1272,-1253,1273,1274,1275,1276,1277,1278]],"properties":{"grunnkretsnummer":"15200105","grunnkretsnavn":"Melsbygda","delomradenummer":"152001","delomradenavn":"Hovdebygda","kommunenummer":"1520"}},{"type":"Polygon","arcs":[[-788,-787,-1205,-1269,-1266,-1265,-1237,-1249]],"properties":{"grunnkretsnummer":"15200204","grunnkretsnavn":"Nedre Mork-Vik","delomradenummer":"152002","delomradenavn":"Ørsta","kommunenummer":"1520"}},{"type":"Polygon","arcs":[[-1207,-1206,1279,-1225,-1224,-770,1280]],"properties":{"grunnkretsnummer":"15200505","grunnkretsnavn":"Søre Vartdal","delomradenummer":"152005","delomradenavn":"Vartdal","kommunenummer":"1520"}},{"type":"Polygon","arcs":[[1281,1282,1283]],"properties":{"grunnkretsnummer":"15200306","grunnkretsnavn":"Bjørdal","delomradenummer":"152003","delomradenavn":"Dalane","kommunenummer":"1520"}},{"type":"Polygon","arcs":[[1284,-1271,-1229,-1217,1285,-1257,1286]],"properties":{"grunnkretsnummer":"15200303","grunnkretsnavn":"Øvre Follestaddal","delomradenummer":"152003","delomradenavn":"Dalane","kommunenummer":"1520"}},{"type":"Polygon","arcs":[[1287,1288,-1287,-1256,-1251]],"properties":{"grunnkretsnummer":"15200302","grunnkretsnavn":"Nedre Follestaddal","delomradenummer":"152003","delomradenavn":"Dalane","kommunenummer":"1520"}},{"type":"Polygon","arcs":[[1289,-1213,-1198,-690,-689,-648,-647,-646,-645,-644,-722,1290,1291]],"properties":{"grunnkretsnummer":"15200408","grunnkretsnavn":"Trandal","delomradenummer":"152004","delomradenavn":"Hjørundfjord","kommunenummer":"1520"}},{"type":"Polygon","arcs":[[-1292,-1291,-721,-732,1292,1293,1294]],"properties":{"grunnkretsnummer":"15200407","grunnkretsnavn":"Urke","delomradenummer":"152004","delomradenavn":"Hjørundfjord","kommunenummer":"1520"}},{"type":"Polygon","arcs":[[-1235,1295,1296,1297]],"properties":{"grunnkretsnummer":"15200210","grunnkretsnavn":"Vallabøen 1","delomradenummer":"152002","delomradenavn":"Ørsta","kommunenummer":"1520"}},{"type":"Polygon","arcs":[[-1239,-1238,-1264,-1263,-1220,1298,-1279,1299]],"properties":{"grunnkretsnummer":"15200104","grunnkretsnavn":"Ose","delomradenummer":"152001","delomradenavn":"Hovdebygda","kommunenummer":"1520"}},{"type":"Polygon","arcs":[[1300,1301,1302,1303,-1283]],"properties":{"grunnkretsnummer":"15200401","grunnkretsnavn":"Rekkedal","delomradenummer":"152004","delomradenavn":"Hjørundfjord","kommunenummer":"1520"}},{"type":"Polygon","arcs":[[-1296,-1234,1304,-1288,-1254,-1273,-1299,-1219,1305]],"properties":{"grunnkretsnummer":"15200212","grunnkretsnavn":"Moe-Nupen","delomradenummer":"152002","delomradenavn":"Ørsta","kommunenummer":"1520"}},{"type":"Polygon","arcs":[[-1280,-1212,-1272,-1285,-1289,-1305,-1233,-783,-1226]],"properties":{"grunnkretsnummer":"15200503","grunnkretsnavn":"Årsetdalen","delomradenummer":"152005","delomradenavn":"Vartdal","kommunenummer":"1520"}},{"type":"Polygon","arcs":[[-1215,-1214,-1290,-1295,1306,1307,1308,1309,1310]],"properties":{"grunnkretsnummer":"15200403","grunnkretsnavn":"Sæbø","delomradenummer":"152004","delomradenavn":"Hjørundfjord","kommunenummer":"1520"}},{"type":"Polygon","arcs":[[1311,1312,-1307,-1294,-1293,-604,-626,-612]],"properties":{"grunnkretsnummer":"15200406","grunnkretsnavn":"Øye-Stennes","delomradenummer":"152004","delomradenavn":"Hjørundfjord","kommunenummer":"1520"}},{"type":"Polygon","arcs":[[1313,1314,-1259,-1301,-1282,1315]],"properties":{"grunnkretsnummer":"15200305","grunnkretsnavn":"Hovdenakk-Vatne","delomradenummer":"152003","delomradenavn":"Dalane","kommunenummer":"1520"}},{"type":"Polygon","arcs":[[-785,-1236,-1298,-1267,-1203]],"properties":{"grunnkretsnummer":"15200209","grunnkretsnavn":"Grepalia","delomradenummer":"152002","delomradenavn":"Ørsta","kommunenummer":"1520"}},{"type":"Polygon","arcs":[[-1258,-1286,-1216,-1311,1316,-1302]],"properties":{"grunnkretsnummer":"15200402","grunnkretsnavn":"Stokke","delomradenummer":"152004","delomradenavn":"Hjørundfjord","kommunenummer":"1520"}},{"type":"Polygon","arcs":[[-1268,-1297,-1306,-1218,-1262]],"properties":{"grunnkretsnummer":"15200208","grunnkretsnavn":"Velle","delomradenummer":"152002","delomradenavn":"Ørsta","kommunenummer":"1520"}},{"type":"Polygon","arcs":[[1317,-1240,-1300,1318,1319]],"properties":{"grunnkretsnummer":"15200103","grunnkretsnavn":"Hovden 2 - Flyplassen","delomradenummer":"152001","delomradenavn":"Hovdebygda","kommunenummer":"1520"}},{"type":"Polygon","arcs":[[1320,1321,1322,1323,1324]],"properties":{"grunnkretsnummer":"15170302","grunnkretsnavn":"Røyset","delomradenummer":"151703","delomradenavn":"Bigset","kommunenummer":"1517"}},{"type":"Polygon","arcs":[[-1185,1325,1326,1327,1328]],"properties":{"grunnkretsnummer":"15170201","grunnkretsnavn":"Plassane","delomradenummer":"151702","delomradenavn":"Hareid","kommunenummer":"1517"}},{"type":"Polygon","arcs":[[-636,1329,1330,-751]],"properties":{"grunnkretsnummer":"15170303","grunnkretsnavn":"Rise","delomradenummer":"151703","delomradenavn":"Bigset","kommunenummer":"1517"}},{"type":"Polygon","arcs":[[1331,1332,1333]],"properties":{"grunnkretsnummer":"15170206","grunnkretsnavn":"Holstad-Gjerde","delomradenummer":"151702","delomradenavn":"Hareid","kommunenummer":"1517"}},{"type":"Polygon","arcs":[[-1184,1334,1335,1336,-1327,-1326]],"properties":{"grunnkretsnummer":"15170101","grunnkretsnavn":"Liavågen","delomradenummer":"151701","delomradenavn":"Hjørungvåg","kommunenummer":"1517"}},{"type":"Polygon","arcs":[[-1336,-1335,-1183,-1232,-1270,-1209,1337,1338,1339]],"properties":{"grunnkretsnummer":"15170102","grunnkretsnavn":"Hjørungnes-Åsen-Overå","delomradenummer":"151701","delomradenavn":"Hjørungvåg","kommunenummer":"1517"}},{"type":"Polygon","arcs":[[-1177,1340,1341,1342,1343]],"properties":{"grunnkretsnummer":"15170205","grunnkretsnavn":"Korsnes-Håbakk","delomradenummer":"151702","delomradenavn":"Hareid","kommunenummer":"1517"}},{"type":"Polygon","arcs":[[-1179,1344,1345,-747,-746,1346,-1164]],"properties":{"grunnkretsnummer":"15170209","grunnkretsnavn":"Brandal-Kvitnes","delomradenummer":"151702","delomradenavn":"Hareid","kommunenummer":"1517"}},{"type":"Polygon","arcs":[[-1346,-1345,-1178,-1344,-1343,1347,-1332,1348,1349,1350,-748]],"properties":{"grunnkretsnummer":"15170208","grunnkretsnavn":"Brandal-Indredal","delomradenummer":"151702","delomradenavn":"Hareid","kommunenummer":"1517"}},{"type":"Polygon","arcs":[[-1324,1351,-1339,-1338,-1208,-1281,-769,-768,-777,1352]],"properties":{"grunnkretsnummer":"15170103","grunnkretsnavn":"Øvrelid-Alme","delomradenummer":"151701","delomradenavn":"Hjørungvåg","kommunenummer":"1517"}},{"type":"Polygon","arcs":[[-635,-681,-741,1353,-1321,1354,-1330]],"properties":{"grunnkretsnummer":"15170304","grunnkretsnavn":"Bigset","delomradenummer":"151703","delomradenavn":"Bigset","kommunenummer":"1517"}},{"type":"Polygon","arcs":[[-1354,-740,-1351,1355,1356,-1322]],"properties":{"grunnkretsnummer":"15170305","grunnkretsnavn":"Bjåstad","delomradenummer":"151703","delomradenavn":"Bigset","kommunenummer":"1517"}},{"type":"Polygon","arcs":[[-1349,-1334,1357,1358,1359]],"properties":{"grunnkretsnummer":"15170207","grunnkretsnavn":"Grimstad","delomradenummer":"151702","delomradenavn":"Hareid","kommunenummer":"1517"}},{"type":"Polygon","arcs":[[-1359,1360,1361,-1175,1362,1363,1364]],"properties":{"grunnkretsnummer":"15170203","grunnkretsnavn":"Indre Hareid","delomradenummer":"151702","delomradenavn":"Hareid","kommunenummer":"1517"}},{"type":"Polygon","arcs":[[-1352,-1323,-1357,1365,-1364,-1363,-1186,-1329,-1328,-1337,-1340]],"properties":{"grunnkretsnummer":"15170202","grunnkretsnavn":"Brubakken","delomradenummer":"151702","delomradenavn":"Hareid","kommunenummer":"1517"}},{"type":"Polygon","arcs":[[-1333,-1348,-1342,-1341,-1176,-1362,-1361,-1358]],"properties":{"grunnkretsnummer":"15170204","grunnkretsnavn":"Ytre Hareid","delomradenummer":"151702","delomradenavn":"Hareid","kommunenummer":"1517"}},{"type":"Polygon","arcs":[[-1350,-1360,-1365,-1366,-1356]],"properties":{"grunnkretsnummer":"15170306","grunnkretsnavn":"Geilane","delomradenummer":"151703","delomradenavn":"Bigset","kommunenummer":"1517"}},{"type":"Polygon","arcs":[[-736,-1331,-1355,-1325,-1353,-776,-780]],"properties":{"grunnkretsnummer":"15170301","grunnkretsnavn":"Snipsøyrdalen","delomradenummer":"151703","delomradenavn":"Bigset","kommunenummer":"1517"}},{"type":"Polygon","arcs":[[1366,1367,1368,1369,1370,1371]],"properties":{"grunnkretsnummer":"15050604","grunnkretsnavn":"Nordholmen","delomradenummer":"150506","delomradenavn":"Gomalandet","kommunenummer":"1505"}},{"type":"Polygon","arcs":[[1372,1373,-48,1374,1375]],"properties":{"grunnkretsnummer":"15050404","grunnkretsnavn":"Sankthanshaugen","delomradenummer":"150504","delomradenavn":"Kringsjå","kommunenummer":"1505"}},{"type":"Polygon","arcs":[[1376,1377,1378,1379,1380]],"properties":{"grunnkretsnummer":"15630201","grunnkretsnavn":"Presthagen syd-øst","delomradenummer":"156302","delomradenavn":"Sunndalsøra","kommunenummer":"1563"}},{"type":"Polygon","arcs":[[1381,1382,1383,1384,1385,1386,-1380,1387,1388]],"properties":{"grunnkretsnummer":"15630209","grunnkretsnavn":"Kalken","delomradenummer":"156302","delomradenavn":"Sunndalsøra","kommunenummer":"1563"}},{"type":"Polygon","arcs":[[-1371,1389,1390,1391,1392]],"properties":{"grunnkretsnummer":"15050801","grunnkretsnavn":"Bjønnahaugen","delomradenummer":"150508","delomradenavn":"Nordlandet","kommunenummer":"1505"}},{"type":"Polygon","arcs":[[1393,-909,-912,1394,1395,1396,-37,1397]],"properties":{"grunnkretsnummer":"15630402","grunnkretsnavn":"Opdøl","delomradenummer":"156304","delomradenavn":"Ålvundeid - Ålvundfjord","kommunenummer":"1563"}},{"type":"Polygon","arcs":[[1398,1399,-1398,-43,-42,1400,1401,1402,-407,-417]],"properties":{"grunnkretsnummer":"15630302","grunnkretsnavn":"Øksendal","delomradenummer":"156303","delomradenavn":"Øksendal","kommunenummer":"1563"}},{"type":"Polygon","arcs":[[1403,1404,1405,1406,1407]],"properties":{"grunnkretsnummer":"15630105","grunnkretsnavn":"Grødalen","delomradenummer":"156301","delomradenavn":"Sunndal","kommunenummer":"1563"}},{"type":"Polygon","arcs":[[1408,1409,1410,1411,1412]],"properties":{"grunnkretsnummer":"15630107","grunnkretsnavn":"Grøa nord","delomradenummer":"156301","delomradenavn":"Sunndal","kommunenummer":"1563"}},{"type":"Polygon","arcs":[[-1413,1413,1414,1415]],"properties":{"grunnkretsnummer":"15630108","grunnkretsnavn":"Hoelsand","delomradenummer":"156301","delomradenavn":"Sunndal","kommunenummer":"1563"}},{"type":"Polygon","arcs":[[-1397,-1396,1416,1417,-1377,1418,1419,1420,1421,1422,-38]],"properties":{"grunnkretsnummer":"15630207","grunnkretsnavn":"Nordmørsvegen øst","delomradenummer":"156302","delomradenavn":"Sunndalsøra","kommunenummer":"1563"}},{"type":"Polygon","arcs":[[1423,-1421,1424,1425,-1385,1426]],"properties":{"grunnkretsnummer":"15630205","grunnkretsnavn":"Auragata øst","delomradenummer":"156302","delomradenavn":"Sunndalsøra","kommunenummer":"1563"}},{"type":"Polygon","arcs":[[1427,-1425,-1420]],"properties":{"grunnkretsnummer":"15630206","grunnkretsnavn":"Helsetunet","delomradenummer":"156302","delomradenavn":"Sunndalsøra","kommunenummer":"1563"}},{"type":"Polygon","arcs":[[1428,-1389,1429,1430,-1402]],"properties":{"grunnkretsnummer":"15630211","grunnkretsnavn":"Tredal","delomradenummer":"156302","delomradenavn":"Sunndalsøra","kommunenummer":"1563"}},{"type":"Polygon","arcs":[[-401,-99,-98,-1394,-1400,-1399,-416]],"properties":{"grunnkretsnummer":"15630303","grunnkretsnavn":"Jordalsgrenda","delomradenummer":"156303","delomradenavn":"Øksendal","kommunenummer":"1563"}},{"type":"Polygon","arcs":[[-1411,1431,1432,1433,-1406,1434]],"properties":{"grunnkretsnummer":"15630104","grunnkretsnavn":"Fale","delomradenummer":"156301","delomradenavn":"Sunndal","kommunenummer":"1563"}},{"type":"Polygon","arcs":[[-1436,1436,-1432,-1410,1437,1438]],"properties":{"grunnkretsnummer":"15630401","grunnkretsnavn":"Innerdal","delomradenummer":"156304","delomradenavn":"Ålvundeid - Ålvundfjord","kommunenummer":"1563"}},{"type":"Polygon","arcs":[[-1403,-1431,-1408,1439,-296,-408]],"properties":{"grunnkretsnummer":"15630212","grunnkretsnavn":"Torbudalen","delomradenummer":"156302","delomradenavn":"Sunndalsøra","kommunenummer":"1563"}},{"type":"Polygon","arcs":[[-1418,1440,-1416,1441,-1378]],"properties":{"grunnkretsnummer":"15630110","grunnkretsnavn":"Furu","delomradenummer":"156301","delomradenavn":"Sunndal","kommunenummer":"1563"}},{"type":"Polygon","arcs":[[-1423,-1422,-1424,1442,-1383,1443,-40,-39]],"properties":{"grunnkretsnummer":"15630208","grunnkretsnavn":"Industriområde","delomradenummer":"156302","delomradenavn":"Sunndalsøra","kommunenummer":"1563"}},{"type":"Polygon","arcs":[[-915,-914,1444,1445,1446,-911]],"properties":{"grunnkretsnummer":"15630404","grunnkretsnavn":"Indre Ålvundfjord","delomradenummer":"156304","delomradenavn":"Ålvundeid - Ålvundfjord","kommunenummer":"1563"}},{"type":"Polygon","arcs":[[-913,-896,1447,1448,1449,1450,1451,-1446,-1445]],"properties":{"grunnkretsnummer":"15630405","grunnkretsnavn":"Ytre Ålvundfjord","delomradenummer":"156304","delomradenavn":"Ålvundeid - Ålvundfjord","kommunenummer":"1563"}},{"type":"Polygon","arcs":[[1452,-1386,-1426,-1428]],"properties":{"grunnkretsnummer":"15630203","grunnkretsnavn":"Holten","delomradenummer":"156302","delomradenavn":"Sunndalsøra","kommunenummer":"1563"}},{"type":"Polygon","arcs":[[-1454,1454,-1407,-1434,1455,-1457,-1458]],"properties":{"grunnkretsnummer":"15630102","grunnkretsnavn":"Gjøra","delomradenummer":"156301","delomradenavn":"Sunndal","kommunenummer":"1563"}},{"type":"Polygon","arcs":[[-1438,-1409,-1441,-1417,-1395,-1447,1458,1459]],"properties":{"grunnkretsnummer":"15630403","grunnkretsnavn":"Ålvundeid","delomradenummer":"156304","delomradenavn":"Ålvundeid - Ålvundfjord","kommunenummer":"1563"}},{"type":"Polygon","arcs":[[-1419,-1381,-1387,-1453]],"properties":{"grunnkretsnummer":"15630202","grunnkretsnavn":"Presthagen vest","delomradenummer":"156302","delomradenavn":"Sunndalsøra","kommunenummer":"1563"}},{"type":"Polygon","arcs":[[-1461,-1456,-1433,-1437]],"properties":{"grunnkretsnummer":"15630103","grunnkretsnavn":"Musgjerd","delomradenummer":"156301","delomradenavn":"Sunndal","kommunenummer":"1563"}},{"type":"Polygon","arcs":[[-1414,-1412,-1435,-1405,1461]],"properties":{"grunnkretsnummer":"15630106","grunnkretsnavn":"Grøa syd","delomradenummer":"156301","delomradenavn":"Sunndal","kommunenummer":"1563"}},{"type":"Polygon","arcs":[[-1455,-1463,-1464,-1465,-297,-1440]],"properties":{"grunnkretsnummer":"15630101","grunnkretsnavn":"Grøvudalen","delomradenummer":"156301","delomradenavn":"Sunndal","kommunenummer":"1563"}},{"type":"Polygon","arcs":[[-1443,-1427,-1384]],"properties":{"grunnkretsnummer":"15630204","grunnkretsnavn":"Auragata vest","delomradenummer":"156302","delomradenavn":"Sunndalsøra","kommunenummer":"1563"}},{"type":"Polygon","arcs":[[-41,-1444,-1382,-1429,-1401]],"properties":{"grunnkretsnummer":"15630210","grunnkretsnavn":"Håsen","delomradenummer":"156302","delomradenavn":"Sunndalsøra","kommunenummer":"1563"}},{"type":"Polygon","arcs":[[-1388,-1379,-1442,-1415,-1462,-1404,-1430]],"properties":{"grunnkretsnummer":"15630109","grunnkretsnavn":"Mæle","delomradenummer":"156301","delomradenavn":"Sunndal","kommunenummer":"1563"}},{"type":"Polygon","arcs":[[1465,1466,1467,-1373,1468,1469,1470]],"properties":{"grunnkretsnummer":"15050501","grunnkretsnavn":"Bukta","delomradenummer":"150505","delomradenavn":"Nordre Bydel","kommunenummer":"1505"}},{"type":"Polygon","arcs":[[1471,1472,1473,1474]],"properties":{"grunnkretsnummer":"15660203","grunnkretsnavn":"Grimsmo","delomradenummer":"156602","delomradenavn":"Ranes","kommunenummer":"1566"}},{"type":"Polygon","arcs":[[1475,1476,1477,1478,-893,-948,1479]],"properties":{"grunnkretsnummer":"15660403","grunnkretsnavn":"Bø","delomradenummer":"156604","delomradenavn":"Åsskard","kommunenummer":"1566"}},{"type":"Polygon","arcs":[[1480,1481,1482,-1449,1483,1484]],"properties":{"grunnkretsnummer":"15660502","grunnkretsnavn":"Melhus-Kvanne","delomradenummer":"156605","delomradenavn":"Stangvik","kommunenummer":"1566"}},{"type":"Polygon","arcs":[[1485,1486,1487,1488,1489,1490]],"properties":{"grunnkretsnummer":"15660104","grunnkretsnavn":"Honnstad","delomradenummer":"156601","delomradenavn":"Mo","kommunenummer":"1566"}},{"type":"Polygon","arcs":[[-1489,1491,1492,1493,1494]],"properties":{"grunnkretsnummer":"15660103","grunnkretsnavn":"Nedre Mo sør","delomradenummer":"156601","delomradenavn":"Mo","kommunenummer":"1566"}},{"type":"Polygon","arcs":[[1495,1496,1497,1498,-1481]],"properties":{"grunnkretsnummer":"15660503","grunnkretsnavn":"Stenberg","delomradenummer":"156605","delomradenavn":"Stangvik","kommunenummer":"1566"}},{"type":"Polygon","arcs":[[1499,1500,1501,1502,-1473]],"properties":{"grunnkretsnummer":"15660202","grunnkretsnavn":"Skei","delomradenummer":"156602","delomradenavn":"Ranes","kommunenummer":"1566"}},{"type":"Polygon","arcs":[[1503,1504,1505,1506,1507,-1492,-1488]],"properties":{"grunnkretsnummer":"15660102","grunnkretsnavn":"Nedre Mo nord","delomradenummer":"156601","delomradenavn":"Mo","kommunenummer":"1566"}},{"type":"Polygon","arcs":[[1508,1509,1510,1511,1512,1513]],"properties":{"grunnkretsnummer":"15660303","grunnkretsnavn":"Bøvra","delomradenummer":"156603","delomradenavn":"Øye","kommunenummer":"1566"}},{"type":"Polygon","arcs":[[1514,1515,1516,1517,1518,1519,1520]],"properties":{"grunnkretsnummer":"15660206","grunnkretsnavn":"Sæter","delomradenummer":"156602","delomradenavn":"Ranes","kommunenummer":"1566"}},{"type":"Polygon","arcs":[[1521,1522,1523,1524,-1519,-1497,1525,1526]],"properties":{"grunnkretsnummer":"15660209","grunnkretsnavn":"Strand-Torvik","delomradenummer":"156602","delomradenavn":"Ranes","kommunenummer":"1566"}},{"type":"Polygon","arcs":[[-1499,1527,1528,1529,-1450,-1483,-1482]],"properties":{"grunnkretsnummer":"15660504","grunnkretsnavn":"Nordvik","delomradenummer":"156605","delomradenavn":"Stangvik","kommunenummer":"1566"}},{"type":"Polygon","arcs":[[1530,1531,-1521,1532,1533]],"properties":{"grunnkretsnummer":"15660207","grunnkretsnavn":"Ytre Sæter","delomradenummer":"156602","delomradenavn":"Ranes","kommunenummer":"1566"}},{"type":"Polygon","arcs":[[1534,1535,1536,1537,-894,-1479,-1478,-1477,1538,1539,-1541]],"properties":{"grunnkretsnummer":"15660404","grunnkretsnavn":"Åsgard-Snekvik","delomradenummer":"156604","delomradenavn":"Åsskard","kommunenummer":"1566"}},{"type":"Polygon","arcs":[[1541,-1504,-1487]],"properties":{"grunnkretsnummer":"15660105","grunnkretsnavn":"Mogstad","delomradenummer":"156601","delomradenavn":"Mo","kommunenummer":"1566"}},{"type":"Polygon","arcs":[[1542,-1514,-1513,1543,1544,-1523,1545,1546]],"properties":{"grunnkretsnummer":"15660302","grunnkretsnavn":"Sjøflot-Glærem","delomradenummer":"156603","delomradenavn":"Øye","kommunenummer":"1566"}},{"type":"Polygon","arcs":[[1547,1548,-1515,-1532,-1531,1549,-1544,-1512,-1511]],"properties":{"grunnkretsnummer":"15660304","grunnkretsnavn":"Sylte-Berset-Heggset","delomradenummer":"156603","delomradenavn":"Øye","kommunenummer":"1566"}},{"type":"Polygon","arcs":[[1550,1551,-1500,-1472,1552,-1516,-1549]],"properties":{"grunnkretsnummer":"15660305","grunnkretsnavn":"Øye","delomradenummer":"156603","delomradenavn":"Øye","kommunenummer":"1566"}},{"type":"Polygon","arcs":[[-1545,-1550,-1534,-1533,-1520,-1525,-1524]],"properties":{"grunnkretsnummer":"15660208","grunnkretsnavn":"Surnadalsøra","delomradenummer":"156602","delomradenavn":"Ranes","kommunenummer":"1566"}},{"type":"Polygon","arcs":[[-1452,-1451,-1530,-1529,1553,1554,-1459]],"properties":{"grunnkretsnummer":"15660601","grunnkretsnavn":"Nedre Todalen","delomradenummer":"156606","delomradenavn":"Todalen","kommunenummer":"1566"}},{"type":"Polygon","arcs":[[-1518,1555,-1474,-1503,1556,-1490,-1495,1557,-1554,-1528,-1498]],"properties":{"grunnkretsnummer":"15660205","grunnkretsnavn":"Eidet","delomradenummer":"156602","delomradenavn":"Ranes","kommunenummer":"1566"}},{"type":"Polygon","arcs":[[1558,-1505,-1542,-1486,1559,-1501,-1552]],"properties":{"grunnkretsnummer":"15660306","grunnkretsnavn":"Bergheim","delomradenummer":"156603","delomradenavn":"Øye","kommunenummer":"1566"}},{"type":"Polygon","arcs":[[-1561,1561,1562,-1480,-947,-1564,-1565]],"properties":{"grunnkretsnummer":"15660402","grunnkretsnavn":"Bøfjorden","delomradenummer":"156604","delomradenavn":"Åsskard","kommunenummer":"1566"}},{"type":"Polygon","arcs":[[1565,1566,-1547,-1546,-1522,1567,-1537]],"properties":{"grunnkretsnummer":"15660301","grunnkretsnavn":"Årnes-Hamnes","delomradenummer":"156603","delomradenavn":"Øye","kommunenummer":"1566"}},{"type":"Polygon","arcs":[[-1569,-1570,-1571,1571,-1506,-1559,-1551,-1548,-1510,1572,-1574]],"properties":{"grunnkretsnummer":"15660406","grunnkretsnavn":"Bæverdalen","delomradenummer":"156604","delomradenavn":"Åsskard","kommunenummer":"1566"}},{"type":"Polygon","arcs":[[1574,1575,1576,1577,1578,1579,-1581,-1582,1582,-1493,-1508,1583,1584]],"properties":{"grunnkretsnummer":"15660101","grunnkretsnavn":"Øvre Mo","delomradenummer":"156601","delomradenavn":"Mo","kommunenummer":"1566"}},{"type":"Polygon","arcs":[[-1586,-1540,-1539,-1476,-1563,-1562,-1587]],"properties":{"grunnkretsnummer":"15660401","grunnkretsnavn":"Settem-Settemsdal","delomradenummer":"156604","delomradenavn":"Åsskard","kommunenummer":"1566"}},{"type":"Polygon","arcs":[[-1553,-1475,-1556,-1517]],"properties":{"grunnkretsnummer":"15660204","grunnkretsnavn":"Vaseng","delomradenummer":"156602","delomradenavn":"Ranes","kommunenummer":"1566"}},{"type":"Polygon","arcs":[[-1496,-1485,-1484,-1448,-895,-1538,-1568,-1527,-1526]],"properties":{"grunnkretsnummer":"15660501","grunnkretsnavn":"Stangvik","delomradenummer":"156605","delomradenavn":"Stangvik","kommunenummer":"1566"}},{"type":"Polygon","arcs":[[-1560,-1491,-1557,-1502]],"properties":{"grunnkretsnummer":"15660201","grunnkretsnavn":"Ranes","delomradenummer":"156602","delomradenavn":"Ranes","kommunenummer":"1566"}},{"type":"Polygon","arcs":[[-1555,-1558,-1494,-1583,-1588,-1439,-1460]],"properties":{"grunnkretsnummer":"15660602","grunnkretsnavn":"Øvre Todalen","delomradenummer":"156606","delomradenavn":"Todalen","kommunenummer":"1566"}},{"type":"Polygon","arcs":[[-1589,-1573,-1509,-1543,-1567,-1566,-1536,-1535]],"properties":{"grunnkretsnummer":"15660405","grunnkretsnavn":"Bæverfjord","delomradenummer":"156604","delomradenavn":"Åsskard","kommunenummer":"1566"}},{"type":"Polygon","arcs":[[-1059,1589,1590,1591,1592,1593,1594]],"properties":{"grunnkretsnummer":"15050505","grunnkretsnavn":"Dalen","delomradenummer":"150505","delomradenavn":"Nordre Bydel","kommunenummer":"1505"}},{"type":"Polygon","arcs":[[1595,1596,1597,1598,1599,1600,1601]],"properties":{"grunnkretsnummer":"15110105","grunnkretsnavn":"Sylte","delomradenummer":"151101","delomradenavn":"Vanylven","kommunenummer":"1511"}},{"type":"Polygon","arcs":[[1602,1603,1604,1605,1606,1607]],"properties":{"grunnkretsnummer":"15110208","grunnkretsnavn":"Rovde","delomradenummer":"151102","delomradenavn":"Syvde","kommunenummer":"1511"}},{"type":"Polygon","arcs":[[1608,1609,1610,1611,1612,1613,-1608,-1607,1614]],"properties":{"grunnkretsnummer":"15110209","grunnkretsnavn":"Sundnes","delomradenummer":"151102","delomradenavn":"Syvde","kommunenummer":"1511"}},{"type":"Polygon","arcs":[[-1601,1615,1616,1617,1618,1619,1620,1621,1622,1623]],"properties":{"grunnkretsnummer":"15110109","grunnkretsnavn":"Gusdal","delomradenummer":"151101","delomradenavn":"Vanylven","kommunenummer":"1511"}},{"type":"Polygon","arcs":[[1624,1625,1626,1627,1628]],"properties":{"grunnkretsnummer":"15770408","grunnkretsnavn":"Norddalen","delomradenummer":"157704","delomradenavn":"Volda","kommunenummer":"1577"}},{"type":"Polygon","arcs":[[1629,1630,1631,1632]],"properties":{"grunnkretsnummer":"15770411","grunnkretsnavn":"Øvre Heltne - Vikebygd","delomradenummer":"157704","delomradenavn":"Volda","kommunenummer":"1577"}},{"type":"Polygon","arcs":[[1633,1634,1635,1636,1637,1638]],"properties":{"grunnkretsnummer":"15110203","grunnkretsnavn":"Løset","delomradenummer":"151102","delomradenavn":"Syvde","kommunenummer":"1511"}},{"type":"Polygon","arcs":[[1639,1640,1641,1642,1643,1644,1645]],"properties":{"grunnkretsnummer":"15110102","grunnkretsnavn":"Fiskå","delomradenummer":"151101","delomradenavn":"Vanylven","kommunenummer":"1511"}},{"type":"Polygon","arcs":[[-1643,-1642,1646,-1639,1647,-1599,-1598,1648]],"properties":{"grunnkretsnummer":"15110104","grunnkretsnavn":"Tunheim","delomradenummer":"151101","delomradenavn":"Vanylven","kommunenummer":"1511"}},{"type":"Polygon","arcs":[[1649,-1604,-1603,-1614,1650,1651,1652,1653,-1636,1654]],"properties":{"grunnkretsnummer":"15110207","grunnkretsnavn":"Skår-Eikrem","delomradenummer":"151102","delomradenavn":"Syvde","kommunenummer":"1511"}},{"type":"Polygon","arcs":[[1655,1656,1657,-1654,-1653]],"properties":{"grunnkretsnummer":"15110205","grunnkretsnavn":"Vik","delomradenummer":"151102","delomradenavn":"Syvde","kommunenummer":"1511"}},{"type":"Polygon","arcs":[[1658,1659,-1655,-1635,-1634,1660]],"properties":{"grunnkretsnummer":"15110202","grunnkretsnavn":"Eidså","delomradenummer":"151102","delomradenavn":"Syvde","kommunenummer":"1511"}},{"type":"Polygon","arcs":[[1661,1662,1663,1664,1665,1666,1667]],"properties":{"grunnkretsnummer":"15110302","grunnkretsnavn":"Hakallestranda","delomradenummer":"151103","delomradenavn":"Åram","kommunenummer":"1511"}},{"type":"Polygon","arcs":[[-1648,-1638,-1637,-1658,-1657,1668,1669,-1616,-1600]],"properties":{"grunnkretsnummer":"15110204","grunnkretsnavn":"Myklebust","delomradenummer":"151102","delomradenavn":"Syvde","kommunenummer":"1511"}},{"type":"Polygon","arcs":[[1670,-1605,-1650,-1660,-1659,1671,1672,1673]],"properties":{"grunnkretsnummer":"15110201","grunnkretsnavn":"Øyra","delomradenummer":"151102","delomradenavn":"Syvde","kommunenummer":"1511"}},{"type":"Polygon","arcs":[[1674,1675,-1308,-1313,-1312,-611]],"properties":{"grunnkretsnummer":"15770306","grunnkretsnavn":"Viddalen","delomradenummer":"157703","delomradenavn":"Austefjord","kommunenummer":"1577"}},{"type":"Polygon","arcs":[[-1644,-1649,-1597,-1596,1676,1677,1678,1679]],"properties":{"grunnkretsnummer":"15110106","grunnkretsnavn":"Slagnes","delomradenummer":"151101","delomradenavn":"Vanylven","kommunenummer":"1511"}},{"type":"Polygon","arcs":[[1680,1681,1682,1683,1684,1685]],"properties":{"grunnkretsnummer":"15770401","grunnkretsnavn":"Halkjelsvik","delomradenummer":"157704","delomradenavn":"Volda","kommunenummer":"1577"}},{"type":"Polygon","arcs":[[1686,1687,1688,1689,1690,1691,1692,1693]],"properties":{"grunnkretsnummer":"15770202","grunnkretsnavn":"Fylsvik","delomradenummer":"157702","delomradenavn":"Folkestad - Bjørkedal","kommunenummer":"1577"}},{"type":"Polygon","arcs":[[-1656,-1652,1694,1695,1696,-1669]],"properties":{"grunnkretsnummer":"15110206","grunnkretsnavn":"Nordal","delomradenummer":"151102","delomradenavn":"Syvde","kommunenummer":"1511"}},{"type":"Polygon","arcs":[[1697,-1640,-1668,-1667,1698,1699,-1674,-1673]],"properties":{"grunnkretsnummer":"15110301","grunnkretsnavn":"Sørbrandal","delomradenummer":"151103","delomradenavn":"Åram","kommunenummer":"1511"}},{"type":"Polygon","arcs":[[1700,1701,1702,-1678,-1677,-1602,-1624]],"properties":{"grunnkretsnummer":"15110107","grunnkretsnavn":"Åheim","delomradenummer":"151101","delomradenavn":"Vanylven","kommunenummer":"1511"}},{"type":"Polygon","arcs":[[1703,-1663,-1662,-1646,-1645,-1680,1704,1705,1706]],"properties":{"grunnkretsnummer":"15110101","grunnkretsnavn":"Nordstranda","delomradenummer":"151101","delomradenavn":"Vanylven","kommunenummer":"1511"}},{"type":"Polygon","arcs":[[-1698,-1672,-1661,-1647,-1641]],"properties":{"grunnkretsnummer":"15110103","grunnkretsnavn":"Eide","delomradenummer":"151101","delomradenavn":"Vanylven","kommunenummer":"1511"}},{"type":"Polygon","arcs":[[-1702,-1701,-1623,1707,1708,1709,1710,1711]],"properties":{"grunnkretsnummer":"15110108","grunnkretsnavn":"Thue","delomradenummer":"151101","delomradenavn":"Vanylven","kommunenummer":"1511"}},{"type":"Polygon","arcs":[[1712,1713,-1246,-1245,-1250,-1242,1714,1715,1716,1717]],"properties":{"grunnkretsnummer":"15770502","grunnkretsnavn":"Eikrem - Ytrestøyl","delomradenummer":"157705","delomradenavn":"Mork - Berknes","kommunenummer":"1577"}},{"type":"Polygon","arcs":[[-1697,1718,1719,1720,1721,1722,1723,1724,-1617,-1670]],"properties":{"grunnkretsnummer":"15770105","grunnkretsnavn":"Åmelfot-Steinsvik","delomradenummer":"157701","delomradenavn":"Dalsfjord","kommunenummer":"1577"}},{"type":"Polygon","arcs":[[1725,1726,-1686,-1685,1727,1728,1729]],"properties":{"grunnkretsnummer":"15770403","grunnkretsnavn":"Hauane","delomradenummer":"157704","delomradenavn":"Volda","kommunenummer":"1577"}},{"type":"Polygon","arcs":[[1730,1731,1732,-1694,1733,-1722,-1721,1734]],"properties":{"grunnkretsnummer":"15770106","grunnkretsnavn":"Dalsbygda","delomradenummer":"157701","delomradenavn":"Dalsfjord","kommunenummer":"1577"}},{"type":"Polygon","arcs":[[1735,1736,1737,1738,1739,-1316,-1284,-1304,1740]],"properties":{"grunnkretsnummer":"15770302","grunnkretsnavn":"Fyrde","delomradenummer":"157703","delomradenavn":"Austefjord","kommunenummer":"1577"}},{"type":"Polygon","arcs":[[1741,1742,1743,1744,1745,1746,-1748,-1749]],"properties":{"grunnkretsnummer":"15770603","grunnkretsnavn":"Grodås","delomradenummer":"157706","delomradenavn":"Hornindal","kommunenummer":"1577"}},{"type":"Polygon","arcs":[[-1750,1750,1751,-1742]],"properties":{"grunnkretsnummer":"15770608","grunnkretsnavn":"Kjøs","delomradenummer":"157706","delomradenavn":"Hornindal","kommunenummer":"1577"}},{"type":"Polygon","arcs":[[-1727,1752,1753,-1681]],"properties":{"grunnkretsnummer":"15770402","grunnkretsnavn":"Øyra","delomradenummer":"157704","delomradenavn":"Volda","kommunenummer":"1577"}},{"type":"Polygon","arcs":[[1754,-1632,1755,1756]],"properties":{"grunnkretsnummer":"15770405","grunnkretsnavn":"Nedre Heltne","delomradenummer":"157704","delomradenavn":"Volda","kommunenummer":"1577"}},{"type":"Polygon","arcs":[[1757,1758,1759,1760,-1314,-1740,-1739,1761,-1690]],"properties":{"grunnkretsnummer":"15770304","grunnkretsnavn":"Hjartå","delomradenummer":"157703","delomradenavn":"Austefjord","kommunenummer":"1577"}},{"type":"Polygon","arcs":[[1762,-1629,-1628,1763,-1716,-1715,-1241,-1318]],"properties":{"grunnkretsnummer":"15770501","grunnkretsnavn":"Egset - Mork","delomradenummer":"157705","delomradenavn":"Mork - Berknes","kommunenummer":"1577"}},{"type":"Polygon","arcs":[[-1683,-1682,-1754,1764,1765,-1759,-1758,-1689,1766]],"properties":{"grunnkretsnummer":"15770409","grunnkretsnavn":"Nedre Rotset - Greivsnes","delomradenummer":"157704","delomradenavn":"Volda","kommunenummer":"1577"}},{"type":"Polygon","arcs":[[1767,1768,-609,1769,-1746,1770]],"properties":{"grunnkretsnummer":"15770607","grunnkretsnavn":"Rygg","delomradenummer":"157706","delomradenavn":"Hornindal","kommunenummer":"1577"}},{"type":"Polygon","arcs":[[-1726,1771,1772,-1757,-1765,-1753]],"properties":{"grunnkretsnummer":"15770404","grunnkretsnavn":"Myrane","delomradenummer":"157704","delomradenavn":"Volda","kommunenummer":"1577"}},{"type":"Polygon","arcs":[[-1735,-1720,-1719,-1696,1773,1774]],"properties":{"grunnkretsnummer":"15770104","grunnkretsnavn":"Innselset","delomradenummer":"157701","delomradenavn":"Dalsfjord","kommunenummer":"1577"}},{"type":"Polygon","arcs":[[1775,-1768,1776,1777,1778,1779,-1736]],"properties":{"grunnkretsnummer":"15770303","grunnkretsnavn":"Kalvatn","delomradenummer":"157703","delomradenavn":"Austefjord","kommunenummer":"1577"}},{"type":"Polygon","arcs":[[-1763,-1320,1780,-1772,-1730,-1729,1781,-1626,-1625]],"properties":{"grunnkretsnummer":"15770407","grunnkretsnavn":"Engeset - Klepp","delomradenummer":"157704","delomradenavn":"Volda","kommunenummer":"1577"}},{"type":"Polygon","arcs":[[-1315,-1761,1782,-1630,1783,-1277,-1276,-1275,-1274,-1255,-1260]],"properties":{"grunnkretsnummer":"15770412","grunnkretsnavn":"Øvre Vikebygda","delomradenummer":"157704","delomradenavn":"Volda","kommunenummer":"1577"}},{"type":"Polygon","arcs":[[1784,1785,-1717,-1764,-1627,-1782,-1728,-1684,-1767,-1688,-1687,-1733,-1732]],"properties":{"grunnkretsnummer":"15770201","grunnkretsnavn":"Folkestad","delomradenummer":"157702","delomradenavn":"Folkestad - Bjørkedal","kommunenummer":"1577"}},{"type":"Polygon","arcs":[[-1651,-1613,1786,1787,-1785,-1731,-1775,-1774,-1695]],"properties":{"grunnkretsnummer":"15770103","grunnkretsnavn":"Dravlausbygda","delomradenummer":"157701","delomradenavn":"Dalsfjord","kommunenummer":"1577"}},{"type":"Polygon","arcs":[[-1778,1788,1789,-1743,-1752,1790]],"properties":{"grunnkretsnummer":"15770605","grunnkretsnavn":"Otterdal","delomradenummer":"157706","delomradenavn":"Hornindal","kommunenummer":"1577"}},{"type":"Polygon","arcs":[[-1756,-1631,-1783,-1760,-1766]],"properties":{"grunnkretsnummer":"15770410","grunnkretsnavn":"Øvre Rotset","delomradenummer":"157704","delomradenavn":"Volda","kommunenummer":"1577"}},{"type":"Polygon","arcs":[[-1762,-1738,-1737,1791,1792,-1692,-1691]],"properties":{"grunnkretsnummer":"15770301","grunnkretsnavn":"Høydal","delomradenummer":"157703","delomradenavn":"Austefjord","kommunenummer":"1577"}},{"type":"Polygon","arcs":[[-608,-1794,-1795,-1796,-1797,-1747,-1770]],"properties":{"grunnkretsnummer":"15770601","grunnkretsnavn":"Haugen","delomradenummer":"157706","delomradenavn":"Hornindal","kommunenummer":"1577"}},{"type":"Polygon","arcs":[[1797,-1744,-1790]],"properties":{"grunnkretsnummer":"15770602","grunnkretsnavn":"Kirkhorn","delomradenummer":"157706","delomradenavn":"Hornindal","kommunenummer":"1577"}},{"type":"Polygon","arcs":[[-1278,-1784,-1633,-1755,-1773,-1781,-1319]],"properties":{"grunnkretsnummer":"15770406","grunnkretsnavn":"Røyslid","delomradenummer":"157704","delomradenavn":"Volda","kommunenummer":"1577"}},{"type":"Polygon","arcs":[[-1310,-1309,-1676,-1675,-610,-1769,-1776,-1741,-1303,-1317]],"properties":{"grunnkretsnummer":"15770305","grunnkretsnavn":"Bjørke","delomradenummer":"157703","delomradenavn":"Austefjord","kommunenummer":"1577"}},{"type":"Polygon","arcs":[[1798,-1718,-1786,-1788,-1787,-1612,1799,1800]],"properties":{"grunnkretsnummer":"15770102","grunnkretsnavn":"Ulvestad","delomradenummer":"157701","delomradenavn":"Dalsfjord","kommunenummer":"1577"}},{"type":"Polygon","arcs":[[1801,-1801,-1800,-1611,-1610]],"properties":{"grunnkretsnummer":"15770101","grunnkretsnavn":"Velsvik","delomradenummer":"157701","delomradenavn":"Dalsfjord","kommunenummer":"1577"}},{"type":"Polygon","arcs":[[1802,1803,-1723,-1734,-1693,-1793,1804]],"properties":{"grunnkretsnummer":"15770203","grunnkretsnavn":"Bjørkedal","delomradenummer":"157702","delomradenavn":"Folkestad - Bjørkedal","kommunenummer":"1577"}},{"type":"Polygon","arcs":[[-1777,-1771,-1745,-1798,-1789]],"properties":{"grunnkretsnummer":"15770606","grunnkretsnavn":"Lødemel","delomradenummer":"157706","delomradenavn":"Hornindal","kommunenummer":"1577"}},{"type":"Polygon","arcs":[[-1247,-1714,-1713,-1799,-1802,-772,-1228,-1248]],"properties":{"grunnkretsnummer":"15770503","grunnkretsnavn":"Lid - Yksnøy","delomradenummer":"157705","delomradenavn":"Mork - Berknes","kommunenummer":"1577"}},{"type":"Polygon","arcs":[[1805,1806,1807,1808,1809,1810,1811,1812]],"properties":{"grunnkretsnummer":"15050902","grunnkretsnavn":"Melkvika","delomradenummer":"150509","delomradenavn":"Dale","kommunenummer":"1505"}},{"type":"Polygon","arcs":[[1813,1814,1815,1816]],"properties":{"grunnkretsnummer":"15050702","grunnkretsnavn":"Minde","delomradenummer":"150507","delomradenavn":"Teistholmen","kommunenummer":"1505"}},{"type":"Polygon","arcs":[[1817,1818,1819,1820,1821,1822,1823,1824,1825,1826]],"properties":{"grunnkretsnummer":"15320304","grunnkretsnavn":"Molnes-Roald","delomradenummer":"153203","delomradenavn":"Vigra","kommunenummer":"1532"}},{"type":"Polygon","arcs":[[1827,1828,1829,1830,1831,1832,1833,1834]],"properties":{"grunnkretsnummer":"15320201","grunnkretsnavn":"Skjong-Ytterland","delomradenummer":"153202","delomradenavn":"Valderøy","kommunenummer":"1532"}},{"type":"Polygon","arcs":[[1835,1836,1837,1838,1839,1840,-1829,-1828]],"properties":{"grunnkretsnummer":"15320205","grunnkretsnavn":"Oksnes-Gjøsundsæther","delomradenummer":"153202","delomradenavn":"Valderøy","kommunenummer":"1532"}},{"type":"Polygon","arcs":[[-1841,-1840,1841,1842,1843,1844,-1830]],"properties":{"grunnkretsnummer":"15320204","grunnkretsnavn":"Nordstrand","delomradenummer":"153202","delomradenavn":"Valderøy","kommunenummer":"1532"}},{"type":"Polygon","arcs":[[1845,1846,1847,1848,1849,1850,1851,-744,1852]],"properties":{"grunnkretsnummer":"15320101","grunnkretsnavn":"Alnes","delomradenummer":"153201","delomradenavn":"Godøy - Giske","kommunenummer":"1532"}},{"type":"Polygon","arcs":[[1853,1854,-1831,-1845,-1844,1855]],"properties":{"grunnkretsnummer":"15320203","grunnkretsnavn":"Valderhaug","delomradenummer":"153202","delomradenavn":"Valderøy","kommunenummer":"1532"}},{"type":"Polygon","arcs":[[1856,1857,1858,1859]],"properties":{"grunnkretsnummer":"15320104","grunnkretsnavn":"Giske","delomradenummer":"153201","delomradenavn":"Godøy - Giske","kommunenummer":"1532"}},{"type":"Polygon","arcs":[[1860,-1157,1861,1862,-1850,-1849,-1860,-1834,1863,1864,1865]],"properties":{"grunnkretsnummer":"15320103","grunnkretsnavn":"Godøy-Valkvæ","delomradenummer":"153201","delomradenavn":"Godøy - Giske","kommunenummer":"1532"}},{"type":"Polygon","arcs":[[-1838,1866,1867,1868,-1821,-1820,-1819,1869]],"properties":{"grunnkretsnummer":"15320303","grunnkretsnavn":"Rørvik-Gjøsund","delomradenummer":"153203","delomradenavn":"Vigra","kommunenummer":"1532"}},{"type":"Polygon","arcs":[[1870,-1827,-1826,-1825,1871]],"properties":{"grunnkretsnummer":"15320305","grunnkretsnavn":"Roald","delomradenummer":"153203","delomradenavn":"Vigra","kommunenummer":"1532"}},{"type":"Polygon","arcs":[[1872,-1822,-1869,-1868,-1867,1873,1874,1875]],"properties":{"grunnkretsnummer":"15320302","grunnkretsnavn":"Blindheim","delomradenummer":"153203","delomradenavn":"Vigra","kommunenummer":"1532"}},{"type":"Polygon","arcs":[[1876,-1836,-1835,-1859,-1858,-1857,-1848]],"properties":{"grunnkretsnummer":"15320105","grunnkretsnavn":"Giskeødegård-Giskegjerde","delomradenummer":"153201","delomradenavn":"Godøy - Giske","kommunenummer":"1532"}},{"type":"Polygon","arcs":[[1877,1878,1879,-1864,-1833,-1832,-1855,-1854,1880,1881]],"properties":{"grunnkretsnummer":"15320202","grunnkretsnavn":"Valderhaugstrand","delomradenummer":"153202","delomradenavn":"Valderøy","kommunenummer":"1532"}},{"type":"Polygon","arcs":[[-1852,-1851,-1863,-1862,-1347,-745]],"properties":{"grunnkretsnummer":"15320102","grunnkretsnavn":"Godøy-Dyb","delomradenummer":"153201","delomradenavn":"Godøy - Giske","kommunenummer":"1532"}},{"type":"Polygon","arcs":[[1882,-1876,-1875,-1874,-1837,-1877,-1847]],"properties":{"grunnkretsnummer":"15320301","grunnkretsnavn":"Synnes-Røsvik","delomradenummer":"153203","delomradenavn":"Vigra","kommunenummer":"1532"}},{"type":"Polygon","arcs":[[1883,1884,-953,-918,1885,1886,1887]],"properties":{"grunnkretsnummer":"15051303","grunnkretsnavn":"Nordkvalvåg","delomradenummer":"150513","delomradenavn":"Bjerkelund","kommunenummer":"1505"}},{"type":"Polygon","arcs":[[1888,1889,1890,1891]],"properties":{"grunnkretsnummer":"15050305","grunnkretsnavn":"Løkka","delomradenummer":"150503","delomradenavn":"Vestre Bydel","kommunenummer":"1505"}},{"type":"Polygon","arcs":[[-1471,-1470,1892,1893,1894,1895,1896]],"properties":{"grunnkretsnummer":"15050402","grunnkretsnavn":"Myra","delomradenummer":"150504","delomradenavn":"Kringsjå","kommunenummer":"1505"}},{"type":"Polygon","arcs":[[1897,1898,1899,1900,1901,-1890]],"properties":{"grunnkretsnummer":"15050202","grunnkretsnavn":"Blixhammeren","delomradenummer":"150502","delomradenavn":"Kirkelandet Sentrum","kommunenummer":"1505"}},{"type":"Polygon","arcs":[[-1810,1902,1903]],"properties":{"grunnkretsnummer":"15050901","grunnkretsnavn":"Buhamndalen","delomradenummer":"150509","delomradenavn":"Dale","kommunenummer":"1505"}},{"type":"Polygon","arcs":[[1904,1905,1906,1907,1908,1909,1910,1911,1912,-1063,1913]],"properties":{"grunnkretsnummer":"15050807","grunnkretsnavn":"Vikan","delomradenummer":"150508","delomradenavn":"Nordlandet","kommunenummer":"1505"}},{"type":"Polygon","arcs":[[-1906,1914,1915,1916,1917,1918]],"properties":{"grunnkretsnummer":"15051204","grunnkretsnavn":"Rensvik","delomradenummer":"150512","delomradenavn":"Rensvik","kommunenummer":"1505"}},{"type":"Polygon","arcs":[[1919,1920,1921,1922,1923]],"properties":{"grunnkretsnummer":"15051103","grunnkretsnavn":"Flatset","delomradenummer":"150511","delomradenavn":"Frei","kommunenummer":"1505"}},{"type":"Polygon","arcs":[[1924,1925,1926,1927,1928,-1467,-1466,-1897]],"properties":{"grunnkretsnummer":"15050502","grunnkretsnavn":"Brunsvika","delomradenummer":"150505","delomradenavn":"Nordre Bydel","kommunenummer":"1505"}},{"type":"Polygon","arcs":[[-1913,-1912,-1808,-1807,1929,-1056]],"properties":{"grunnkretsnummer":"15050903","grunnkretsnavn":"Torvhaugen","delomradenummer":"150509","delomradenavn":"Dale","kommunenummer":"1505"}},{"type":"Polygon","arcs":[[1930,1931,1932,-1898,1933]],"properties":{"grunnkretsnummer":"15050204","grunnkretsnavn":"Allanenga","delomradenummer":"150502","delomradenavn":"Kirkelandet Sentrum","kommunenummer":"1505"}},{"type":"Polygon","arcs":[[-1921,-1920,1934,1935,1936,1937,1938,-943,-1112,1939]],"properties":{"grunnkretsnummer":"15051105","grunnkretsnavn":"Frei","delomradenummer":"150511","delomradenavn":"Frei","kommunenummer":"1505"}},{"type":"Polygon","arcs":[[-1885,-1884,1940,1941,-963,-954]],"properties":{"grunnkretsnummer":"15051302","grunnkretsnavn":"Ørnvik","delomradenummer":"150513","delomradenavn":"Bjerkelund","kommunenummer":"1505"}},{"type":"Polygon","arcs":[[1942,1943,1944,1945,1946,-1908,1947,1948,-1917,-1888,1949,-1937,1950,1951]],"properties":{"grunnkretsnummer":"15051202","grunnkretsnavn":"Bolga","delomradenummer":"150512","delomradenavn":"Rensvik","kommunenummer":"1505"}},{"type":"Polygon","arcs":[[1952,-1922,-1940,-1111,1953]],"properties":{"grunnkretsnummer":"15051104","grunnkretsnavn":"Flatsetøy","delomradenummer":"150511","delomradenavn":"Frei","kommunenummer":"1505"}},{"type":"Polygon","arcs":[[1954,1955,1956,-1910,-1909,-1947,1957,1958]],"properties":{"grunnkretsnummer":"15050804","grunnkretsnavn":"Juulenga","delomradenummer":"150508","delomradenavn":"Nordlandet","kommunenummer":"1505"}},{"type":"Polygon","arcs":[[1959,1960,-1891,1961,1962,1963,1964,1965]],"properties":{"grunnkretsnummer":"15050303","grunnkretsnavn":"Clausenenga","delomradenummer":"150503","delomradenavn":"Vestre Bydel","kommunenummer":"1505"}},{"type":"Polygon","arcs":[[1966,-46,1967,1968,1969,-1372,-1900,-1899,-1933]],"properties":{"grunnkretsnummer":"15050203","grunnkretsnavn":"Vågen","delomradenummer":"150502","delomradenavn":"Kirkelandet Sentrum","kommunenummer":"1505"}},{"type":"Polygon","arcs":[[-1911,-1957,1970,-1809]],"properties":{"grunnkretsnummer":"15050806","grunnkretsnavn":"Røsseren","delomradenummer":"150508","delomradenavn":"Nordlandet","kommunenummer":"1505"}},{"type":"Polygon","arcs":[[-1939,-1938,-1950,-1887,-1886,-917,-936]],"properties":{"grunnkretsnummer":"15051106","grunnkretsnavn":"Bjerkestrand","delomradenummer":"150511","delomradenavn":"Frei","kommunenummer":"1505"}},{"type":"Polygon","arcs":[[1971,-1817,-1369,-1368,1972,1973]],"properties":{"grunnkretsnummer":"15050603","grunnkretsnavn":"Steinberget","delomradenummer":"150506","delomradenavn":"Gomalandet","kommunenummer":"1505"}},{"type":"Polygon","arcs":[[-1594,-1593,-44,-1374,-1468,-1929,1974]],"properties":{"grunnkretsnummer":"15050504","grunnkretsnavn":"Dalabrekka","delomradenummer":"150505","delomradenavn":"Nordre Bydel","kommunenummer":"1505"}},{"type":"Polygon","arcs":[[1975,-1965,-1964,1976,1977,1978]],"properties":{"grunnkretsnummer":"15050302","grunnkretsnavn":"Nerlandsdalen","delomradenummer":"150503","delomradenavn":"Vestre Bydel","kommunenummer":"1505"}},{"type":"Polygon","arcs":[[-1968,-45,-1592,1979,-1972,1980]],"properties":{"grunnkretsnummer":"15050602","grunnkretsnavn":"Stortua","delomradenummer":"150506","delomradenavn":"Gomalandet","kommunenummer":"1505"}},{"type":"Polygon","arcs":[[-1963,1981,1982,1983,1984,-1978,-1977]],"properties":{"grunnkretsnummer":"15050301","grunnkretsnavn":"Hollahaugen","delomradenummer":"150503","delomradenavn":"Vestre Bydel","kommunenummer":"1505"}},{"type":"Polygon","arcs":[[-1469,-1376,1985,-1893]],"properties":{"grunnkretsnummer":"15050403","grunnkretsnavn":"Margrethes Fryd","delomradenummer":"150504","delomradenavn":"Kringsjå","kommunenummer":"1505"}},{"type":"Polygon","arcs":[[-1060,1986,-1926,1987,1988,1989,1990]],"properties":{"grunnkretsnummer":"15050506","grunnkretsnavn":"Grip","delomradenummer":"150505","delomradenavn":"Nordre Bydel","kommunenummer":"1505"}},{"type":"Polygon","arcs":[[-1815,1991,1992,-1057,-1930,-1806,1993,1994]],"properties":{"grunnkretsnummer":"15050704","grunnkretsnavn":"Meløya","delomradenummer":"150507","delomradenavn":"Teistholmen","kommunenummer":"1505"}},{"type":"Polygon","arcs":[[-1987,-1595,-1975,-1928,-1927]],"properties":{"grunnkretsnummer":"15050503","grunnkretsnavn":"Karihola","delomradenummer":"150505","delomradenavn":"Nordre Bydel","kommunenummer":"1505"}},{"type":"Polygon","arcs":[[1995,-1392,-1391,-1390,1996,-1812,-1811,-1904,1997,-1955,1998,1999,2000]],"properties":{"grunnkretsnummer":"15050802","grunnkretsnavn":"Grendalenga","delomradenummer":"150508","delomradenavn":"Nordlandet","kommunenummer":"1505"}},{"type":"Polygon","arcs":[[-2000,-1999,-1959,-1958,-1946,2001]],"properties":{"grunnkretsnummer":"15050803","grunnkretsnavn":"Smedvika","delomradenummer":"150508","delomradenavn":"Nordlandet","kommunenummer":"1505"}},{"type":"Polygon","arcs":[[2002,2003,2004,2005]],"properties":{"grunnkretsnummer":"15051101","grunnkretsnavn":"Amundøy","delomradenummer":"150511","delomradenavn":"Frei","kommunenummer":"1505"}},{"type":"Polygon","arcs":[[-1993,-1992,-1814,-1980,-1591,-1590,-1058]],"properties":{"grunnkretsnummer":"15050701","grunnkretsnavn":"Røsslyngveien","delomradenummer":"150507","delomradenavn":"Teistholmen","kommunenummer":"1505"}},{"type":"Polygon","arcs":[[-47,-1967,-1932,2006]],"properties":{"grunnkretsnummer":"15050205","grunnkretsnavn":"Christie Minde","delomradenummer":"150502","delomradenavn":"Kirkelandet Sentrum","kommunenummer":"1505"}},{"type":"Polygon","arcs":[[2007,2008,-1914,-964,-1942,-1941]],"properties":{"grunnkretsnummer":"15051301","grunnkretsnavn":"Kvalvik","delomradenummer":"150513","delomradenavn":"Bjerkelund","kommunenummer":"1505"}},{"type":"Polygon","arcs":[[-1905,-2009,-2008,-1916,-1915]],"properties":{"grunnkretsnummer":"15051205","grunnkretsnavn":"Omsund","delomradenummer":"150512","delomradenavn":"Rensvik","kommunenummer":"1505"}},{"type":"Polygon","arcs":[[-1984,2009,-2001,-2002,-1945,2010,2011,2012]],"properties":{"grunnkretsnummer":"15050101","grunnkretsnavn":"Sjursvika","delomradenummer":"150501","delomradenavn":"Innlandet","kommunenummer":"1505"}},{"type":"Polygon","arcs":[[-1907,-1919,-1918,-1949,-1948]],"properties":{"grunnkretsnummer":"15051203","grunnkretsnavn":"Skjærahøgda","delomradenummer":"150512","delomradenavn":"Rensvik","kommunenummer":"1505"}},{"type":"Polygon","arcs":[[2013,2014,-2006,2015,2016,-1935,-1924,-1923,-1953]],"properties":{"grunnkretsnummer":"15051102","grunnkretsnavn":"Møst","delomradenummer":"150511","delomradenavn":"Frei","kommunenummer":"1505"}},{"type":"Polygon","arcs":[[2017,2018,2019,-1934,-1889,2020,2021]],"properties":{"grunnkretsnummer":"15050306","grunnkretsnavn":"Rolighed","delomradenummer":"150503","delomradenavn":"Vestre Bydel","kommunenummer":"1505"}},{"type":"Polygon","arcs":[[-1981,-1974,-1973,-1367,-1970,-1969]],"properties":{"grunnkretsnummer":"15050601","grunnkretsnavn":"Nøstkroken","delomradenummer":"150506","delomradenavn":"Gomalandet","kommunenummer":"1505"}},{"type":"Polygon","arcs":[[2022,2023,-1979,2024,2025,2026,-1943]],"properties":{"grunnkretsnummer":"15050103","grunnkretsnavn":"Skjærva","delomradenummer":"150501","delomradenavn":"Innlandet","kommunenummer":"1505"}},{"type":"Polygon","arcs":[[-1985,-2013,-2012,-2011,-1944,-2027,-2026,-2025]],"properties":{"grunnkretsnummer":"15050102","grunnkretsnavn":"Marihaugen","delomradenummer":"150501","delomradenavn":"Innlandet","kommunenummer":"1505"}},{"type":"Polygon","arcs":[[2027,-2022,-2021,-1892,-1961,-1960]],"properties":{"grunnkretsnummer":"15050304","grunnkretsnavn":"Tolåsenga","delomradenummer":"150503","delomradenavn":"Vestre Bydel","kommunenummer":"1505"}},{"type":"Polygon","arcs":[[-1902,-1901,-1393,-1996,-2010,-1983,-1982,-1962]],"properties":{"grunnkretsnummer":"15050201","grunnkretsnavn":"Storkaia","delomradenummer":"150502","delomradenavn":"Kirkelandet Sentrum","kommunenummer":"1505"}},{"type":"Polygon","arcs":[[2028,2029,2030,-2023,-1952,-1951,-1936,-2017,-2016,-2005]],"properties":{"grunnkretsnummer":"15051201","grunnkretsnavn":"Valen","delomradenummer":"150512","delomradenavn":"Rensvik","kommunenummer":"1505"}},{"type":"Polygon","arcs":[[2031,-1895,-1894,-1986,-1375,-2007,-1931,-2020,-2019]],"properties":{"grunnkretsnummer":"15050401","grunnkretsnavn":"Varden","delomradenummer":"150504","delomradenavn":"Kringsjå","kommunenummer":"1505"}},{"type":"Polygon","arcs":[[-1995,-1994,-1813,-1997,-1370,-1816]],"properties":{"grunnkretsnummer":"15050703","grunnkretsnavn":"Strand","delomradenummer":"150507","delomradenavn":"Teistholmen","kommunenummer":"1505"}},{"type":"Polygon","arcs":[[-1903,-1971,-1956,-1998]],"properties":{"grunnkretsnummer":"15050805","grunnkretsnavn":"Melkvikenga","delomradenummer":"150508","delomradenavn":"Nordlandet","kommunenummer":"1505"}},{"type":"Polygon","arcs":[[-699,2032,2033,2034,2035]],"properties":{"grunnkretsnummer":"15150305","grunnkretsnavn":"Aurvåg","delomradenummer":"151503","delomradenavn":"Indre Herøy","kommunenummer":"1515"}},{"type":"Polygon","arcs":[[2036,2037,2038,2039,2040,2041,2042]],"properties":{"grunnkretsnummer":"15790808","grunnkretsnavn":"Silset-Silnesområdet","delomradenummer":"157908","delomradenavn":"Eide","kommunenummer":"1579"}},{"type":"Polygon","arcs":[[2043,2044,2045,2046,2047,2048,2049]],"properties":{"grunnkretsnummer":"15790303","grunnkretsnavn":"Myrbostad","delomradenummer":"157903","delomradenavn":"Haukås","kommunenummer":"1579"}},{"type":"Polygon","arcs":[[2050,2051,2052,2053,2054,2055,2056,2057,2058,2059]],"properties":{"grunnkretsnummer":"15790101","grunnkretsnavn":"Stavik","delomradenummer":"157901","delomradenavn":"Stavik - Løset","kommunenummer":"1579"}},{"type":"Polygon","arcs":[[2060,2061,2062,2063,2064,2065]],"properties":{"grunnkretsnummer":"15790701","grunnkretsnavn":"Sunde","delomradenummer":"157907","delomradenavn":"Bud","kommunenummer":"1579"}},{"type":"Polygon","arcs":[[2066,2067,2068,-2040,-2039,2069,2070,2071]],"properties":{"grunnkretsnummer":"15790807","grunnkretsnavn":"Ytre Eide","delomradenummer":"157908","delomradenavn":"Eide","kommunenummer":"1579"}},{"type":"Polygon","arcs":[[2072,2073,2074,2075,2076,2077,2078,2079,2080]],"properties":{"grunnkretsnummer":"15790501","grunnkretsnavn":"Skotheim","delomradenummer":"157905","delomradenavn":"Farstad","kommunenummer":"1579"}},{"type":"Polygon","arcs":[[2081,2082,2083,2084,2085,-2081,-2080]],"properties":{"grunnkretsnummer":"15790502","grunnkretsnavn":"Farstad","delomradenummer":"157905","delomradenavn":"Farstad","kommunenummer":"1579"}},{"type":"Polygon","arcs":[[2086,-2062,-2061,2087,2088,2089]],"properties":{"grunnkretsnummer":"15790702","grunnkretsnavn":"Bergset","delomradenummer":"157907","delomradenavn":"Bud","kommunenummer":"1579"}},{"type":"Polygon","arcs":[[2090,2091,2092,-2082,-2079,2093,2094,-2044,2095,2096]],"properties":{"grunnkretsnummer":"15790503","grunnkretsnavn":"Vassenden","delomradenummer":"157905","delomradenavn":"Farstad","kommunenummer":"1579"}},{"type":"Polygon","arcs":[[2097,-2069,2098,2099,2100]],"properties":{"grunnkretsnummer":"15790805","grunnkretsnavn":"Dyrhaug-Krakeli","delomradenummer":"157908","delomradenavn":"Eide","kommunenummer":"1579"}},{"type":"Polygon","arcs":[[2101,-2065,-2064,2102,2103,2104,2105]],"properties":{"grunnkretsnummer":"15790605","grunnkretsnavn":"Vikan","delomradenummer":"157906","delomradenavn":"Hustad","kommunenummer":"1579"}},{"type":"Polygon","arcs":[[2106,-2097,2107,2108,2109,2110,2111]],"properties":{"grunnkretsnummer":"15790301","grunnkretsnavn":"Eidem","delomradenummer":"157903","delomradenavn":"Haukås","kommunenummer":"1579"}},{"type":"Polygon","arcs":[[2112,2113,2114,2115,2116,2117,-2110,-2048,2118,2119]],"properties":{"grunnkretsnummer":"15790201","grunnkretsnavn":"Hoem","delomradenummer":"157902","delomradenavn":"Søre Fræna","kommunenummer":"1579"}},{"type":"Polygon","arcs":[[-2106,-2105,2120,2121,2122,2123,2124]],"properties":{"grunnkretsnummer":"15790604","grunnkretsnavn":"Male","delomradenummer":"157906","delomradenavn":"Hustad","kommunenummer":"1579"}},{"type":"Polygon","arcs":[[-2096,-2050,-2049,-2109,-2108]],"properties":{"grunnkretsnummer":"15790302","grunnkretsnavn":"Haukås","delomradenummer":"157903","delomradenavn":"Haukås","kommunenummer":"1579"}},{"type":"Polygon","arcs":[[2125,-2090,-2089,2126,2127,-2054]],"properties":{"grunnkretsnummer":"15790703","grunnkretsnavn":"Bud","delomradenummer":"157907","delomradenavn":"Bud","kommunenummer":"1579"}},{"type":"Polygon","arcs":[[2128,2129,-2043,-2042,2130,2131,2132]],"properties":{"grunnkretsnummer":"15790809","grunnkretsnavn":"Visnes-Jørgenvågområdet","delomradenummer":"157908","delomradenavn":"Eide","kommunenummer":"1579"}},{"type":"Polygon","arcs":[[2133,2134,2135,-194,-336,2136,2137,2138]],"properties":{"grunnkretsnummer":"15790204","grunnkretsnavn":"Sande","delomradenummer":"157902","delomradenavn":"Søre Fræna","kommunenummer":"1579"}},{"type":"Polygon","arcs":[[-2084,-2083,-2093,2139,2140,2141,2142,2143,2144,-2122,2145]],"properties":{"grunnkretsnummer":"15790601","grunnkretsnavn":"Nerland","delomradenummer":"157906","delomradenavn":"Hustad","kommunenummer":"1579"}},{"type":"Polygon","arcs":[[2146,2147,2148,2149,2150,-2100]],"properties":{"grunnkretsnummer":"15790804","grunnkretsnavn":"Wågsbø-Skjelvikområdet","delomradenummer":"157908","delomradenavn":"Eide","kommunenummer":"1579"}},{"type":"Polygon","arcs":[[2151,-2057,-2056,2152,2153]],"properties":{"grunnkretsnummer":"15790705","grunnkretsnavn":"Vestad","delomradenummer":"157907","delomradenavn":"Bud","kommunenummer":"1579"}},{"type":"Polygon","arcs":[[2154,2155,-1108,2156,2157,-2134,-2120,2158,2159]],"properties":{"grunnkretsnummer":"15790402","grunnkretsnavn":"Kolberg","delomradenummer":"157904","delomradenavn":"Sylte - Malme","kommunenummer":"1579"}},{"type":"Polygon","arcs":[[-2114,-2113,-2139,-2138,2160]],"properties":{"grunnkretsnummer":"15790203","grunnkretsnavn":"Valle","delomradenummer":"157902","delomradenavn":"Søre Fræna","kommunenummer":"1579"}},{"type":"Polygon","arcs":[[2161,2162,2163,-2133,-2132,2164]],"properties":{"grunnkretsnummer":"15790810","grunnkretsnavn":"Lyngstad-Ørjavik-Rismandal","delomradenummer":"157908","delomradenavn":"Eide","kommunenummer":"1579"}},{"type":"Polygon","arcs":[[-2145,-2144,-2143,-2142,-2141,-2140,-2092,2165,-2124,-2123]],"properties":{"grunnkretsnummer":"15790602","grunnkretsnavn":"Hustad","delomradenummer":"157906","delomradenavn":"Hustad","kommunenummer":"1579"}},{"type":"Polygon","arcs":[[2166,-2060,-2059,2167,-2112,-2111,-2118]],"properties":{"grunnkretsnummer":"15790102","grunnkretsnavn":"Løset","delomradenummer":"157901","delomradenavn":"Stavik - Løset","kommunenummer":"1579"}},{"type":"Polygon","arcs":[[2168,-2102,-2125,-2166,-2091,-2107,-2168,-2058,-2152]],"properties":{"grunnkretsnummer":"15790603","grunnkretsnavn":"Skarset","delomradenummer":"157906","delomradenavn":"Hustad","kommunenummer":"1579"}},{"type":"Polygon","arcs":[[-2075,-2074,-2073,-2086,2169,2170,2171,2172,2173]],"properties":{"grunnkretsnummer":"15790814","grunnkretsnavn":"Vevang - øyene utom Straumen","delomradenummer":"157908","delomradenavn":"Eide","kommunenummer":"1579"}},{"type":"Polygon","arcs":[[-195,-2136,-2135,-2158,-2157,-1107,-384,-391,-124,-257]],"properties":{"grunnkretsnummer":"15790403","grunnkretsnavn":"Malme","delomradenummer":"157904","delomradenavn":"Sylte - Malme","kommunenummer":"1579"}},{"type":"Polygon","arcs":[[2174,2175,2176,2177,2178,2179,2180,2181,-2116,-2115,-2161,-2137,-335,-389,-207,-396,-264,2182]],"properties":{"grunnkretsnummer":"15790202","grunnkretsnavn":"Helset","delomradenummer":"157902","delomradenavn":"Søre Fræna","kommunenummer":"1579"}},{"type":"Polygon","arcs":[[-2078,2183,2184,-2165,-2131,-2041,-2098,2185,-2094]],"properties":{"grunnkretsnummer":"15790812","grunnkretsnavn":"Bolli","delomradenummer":"157908","delomradenavn":"Eide","kommunenummer":"1579"}},{"type":"Polygon","arcs":[[-2150,-2149,2186,-2072,2187,2188,-1104,-2156,2189]],"properties":{"grunnkretsnummer":"15790802","grunnkretsnavn":"Øyen","delomradenummer":"157908","delomradenavn":"Eide","kommunenummer":"1579"}},{"type":"Polygon","arcs":[[-2068,-2067,-2187,-2148,-2147,-2099]],"properties":{"grunnkretsnummer":"15790806","grunnkretsnavn":"Indre Eide","delomradenummer":"157908","delomradenavn":"Eide","kommunenummer":"1579"}},{"type":"Polygon","arcs":[[-2077,-2076,-2174,2190,2191,2192,-2184]],"properties":{"grunnkretsnummer":"15790813","grunnkretsnavn":"Gaustad-Årsbog","delomradenummer":"157908","delomradenavn":"Eide","kommunenummer":"1579"}},{"type":"Polygon","arcs":[[-2088,-2066,-2169,-2154,-2153,-2055,-2128,-2127]],"properties":{"grunnkretsnummer":"15790704","grunnkretsnavn":"Gule","delomradenummer":"157907","delomradenavn":"Bud","kommunenummer":"1579"}},{"type":"Polygon","arcs":[[-2193,-2192,2193,-2163,-2162,-2185]],"properties":{"grunnkretsnummer":"15790811","grunnkretsnavn":"Gautvik-Mekvik-Brandshaug","delomradenummer":"157908","delomradenavn":"Eide","kommunenummer":"1579"}},{"type":"Polygon","arcs":[[-2095,-2186,-2101,-2151,-2190,-2155,2194,-2045]],"properties":{"grunnkretsnummer":"15790803","grunnkretsnavn":"Nås","delomradenummer":"157908","delomradenavn":"Eide","kommunenummer":"1579"}},{"type":"Polygon","arcs":[[-2071,2195,-1091,-1098,-1109,-1105,-2189,-2188]],"properties":{"grunnkretsnummer":"15790801","grunnkretsnavn":"Strand","delomradenummer":"157908","delomradenavn":"Eide","kommunenummer":"1579"}},{"type":"Polygon","arcs":[[-2195,-2160,-2159,-2119,-2047,-2046]],"properties":{"grunnkretsnummer":"15790401","grunnkretsnavn":"Sylte","delomradenummer":"157904","delomradenavn":"Sylte - Malme","kommunenummer":"1579"}},{"type":"Polygon","arcs":[[2196,2197,2198,-2034,-2033,-760,-779]],"properties":{"grunnkretsnummer":"15150306","grunnkretsnavn":"Dragsund","delomradenummer":"151503","delomradenavn":"Indre Herøy","kommunenummer":"1515"}},{"type":"Polygon","arcs":[[2199,2200,2201,2202,-2181,2203,2204]],"properties":{"grunnkretsnummer":"15470109","grunnkretsnavn":"Falkhytta","delomradenummer":"154701","delomradenavn":"Aukra","kommunenummer":"1547"}},{"type":"Polygon","arcs":[[2205,2206,-392,-414,2207,2208,2209,2210]],"properties":{"grunnkretsnummer":"15470114","grunnkretsnavn":"Orten","delomradenummer":"154701","delomradenavn":"Aukra","kommunenummer":"1547"}},{"type":"Polygon","arcs":[[2211,2212,2213,2214,2215,2216]],"properties":{"grunnkretsnummer":"15140202","grunnkretsnavn":"Haugsbygda","delomradenummer":"151402","delomradenavn":"Gurskøy","kommunenummer":"1514"}},{"type":"Polygon","arcs":[[2217,2218,2219,2220,2221,2222,2223,2224,2225]],"properties":{"grunnkretsnummer":"15540503","grunnkretsnavn":"Nekstad","delomradenummer":"155405","delomradenavn":"Midtre Averøy","kommunenummer":"1554"}},{"type":"Polygon","arcs":[[2226,2227,2228,2229,2230,2231,2232,2233,-2030]],"properties":{"grunnkretsnummer":"15540103","grunnkretsnavn":"Bremsnes","delomradenummer":"155401","delomradenavn":"Nordre Averøy","kommunenummer":"1554"}},{"type":"Polygon","arcs":[[2234,2235,2236,2237,-2229,-2228,-2227,-2029,-2004]],"properties":{"grunnkretsnummer":"15540104","grunnkretsnavn":"Røsand","delomradenummer":"155401","delomradenavn":"Nordre Averøy","kommunenummer":"1554"}},{"type":"Polygon","arcs":[[-2225,-2224,2238,2239,2240,2241,2242]],"properties":{"grunnkretsnummer":"15540504","grunnkretsnavn":"Hoel","delomradenummer":"155405","delomradenavn":"Midtre Averøy","kommunenummer":"1554"}},{"type":"Polygon","arcs":[[2243,2244,2245,2246,2247,-1094]],"properties":{"grunnkretsnummer":"15540202","grunnkretsnavn":"Rokset","delomradenummer":"155402","delomradenavn":"Indre Averøy","kommunenummer":"1554"}},{"type":"Polygon","arcs":[[2248,-2172,2249,2250,2251,2252,-2219,-2218,2253,2254,2255,2256]],"properties":{"grunnkretsnummer":"15540304","grunnkretsnavn":"Rangøy","delomradenummer":"155403","delomradenavn":"Vestre Averøy","kommunenummer":"1554"}},{"type":"Polygon","arcs":[[2257,-2246,2258,2259]],"properties":{"grunnkretsnummer":"15540502","grunnkretsnavn":"Øvre Bådalen","delomradenummer":"155405","delomradenavn":"Midtre Averøy","kommunenummer":"1554"}},{"type":"Polygon","arcs":[[2260,-2230,-2238,-2237,-2236,2261,2262,2263,2264,2265,-2222]],"properties":{"grunnkretsnummer":"15540107","grunnkretsnavn":"Ødegård","delomradenummer":"155401","delomradenavn":"Nordre Averøy","kommunenummer":"1554"}},{"type":"Polygon","arcs":[[-2130,2266,2267,2268,-2242,2269,2270,-2037]],"properties":{"grunnkretsnummer":"15540205","grunnkretsnavn":"Stene","delomradenummer":"155402","delomradenavn":"Indre Averøy","kommunenummer":"1554"}},{"type":"Polygon","arcs":[[2271,2272,-2173,-2249,2273,2274]],"properties":{"grunnkretsnummer":"15540302","grunnkretsnavn":"Utheim","delomradenummer":"155403","delomradenavn":"Vestre Averøy","kommunenummer":"1554"}},{"type":"Polygon","arcs":[[-2164,-2194,-2191,-2273,-2272,2275,-2268,-2267,-2129]],"properties":{"grunnkretsnummer":"15540301","grunnkretsnavn":"Lillemork","delomradenummer":"155403","delomradenavn":"Vestre Averøy","kommunenummer":"1554"}},{"type":"Polygon","arcs":[[-2264,2276,2277,-2014,-1954,-1110,-1099,-2248,-2247,-2258,2278]],"properties":{"grunnkretsnummer":"15540201","grunnkretsnavn":"Kvernes","delomradenummer":"155402","delomradenavn":"Indre Averøy","kommunenummer":"1554"}},{"type":"Polygon","arcs":[[2279,2280,-1988,-1925,-1896,2281,2282,2283]],"properties":{"grunnkretsnummer":"15540101","grunnkretsnavn":"Sveggen","delomradenummer":"155401","delomradenavn":"Nordre Averøy","kommunenummer":"1554"}},{"type":"Polygon","arcs":[[2284,2285,-2220,-2253,-2252,-2251,2286]],"properties":{"grunnkretsnummer":"15540401","grunnkretsnavn":"Henda","delomradenummer":"155404","delomradenavn":"Ytre Averøy","kommunenummer":"1554"}},{"type":"Polygon","arcs":[[2287,-2285,2288,2289]],"properties":{"grunnkretsnummer":"15540402","grunnkretsnavn":"Langøy","delomradenummer":"155404","delomradenavn":"Ytre Averøy","kommunenummer":"1554"}},{"type":"Polygon","arcs":[[-1093,2290,2291,2292,-2259,-2245,-2244]],"properties":{"grunnkretsnummer":"15540203","grunnkretsnavn":"Meek","delomradenummer":"155402","delomradenavn":"Indre Averøy","kommunenummer":"1554"}},{"type":"Polygon","arcs":[[-2280,-2231,-2261,-2221,2293]],"properties":{"grunnkretsnummer":"15540105","grunnkretsnavn":"Ekkilsøy","delomradenummer":"155401","delomradenavn":"Nordre Averøy","kommunenummer":"1554"}},{"type":"Polygon","arcs":[[-2196,-2070,-2038,-2271,-2270,-2241,-2292,-2291,-1092]],"properties":{"grunnkretsnummer":"15540204","grunnkretsnavn":"Rånes","delomradenummer":"155402","delomradenavn":"Indre Averøy","kommunenummer":"1554"}},{"type":"Polygon","arcs":[[2294,-2289,-2287,-2250,-2171]],"properties":{"grunnkretsnummer":"15540404","grunnkretsnavn":"Sandøy","delomradenummer":"155404","delomradenavn":"Ytre Averøy","kommunenummer":"1554"}},{"type":"Polygon","arcs":[[-2223,-2266,-2265,-2279,-2260,-2293,-2240,-2239]],"properties":{"grunnkretsnummer":"15540501","grunnkretsnavn":"Vebenstad","delomradenummer":"155405","delomradenavn":"Midtre Averøy","kommunenummer":"1554"}},{"type":"Polygon","arcs":[[-2257,-2256,-2255,-2254,-2226,-2243,-2269,-2276,-2275,-2274]],"properties":{"grunnkretsnummer":"15540303","grunnkretsnavn":"Folland","delomradenummer":"155403","delomradenavn":"Vestre Averøy","kommunenummer":"1554"}},{"type":"Polygon","arcs":[[2295,-1989,-2281,-2294,-2286,-2288]],"properties":{"grunnkretsnummer":"15540403","grunnkretsnavn":"Kjønnøy","delomradenummer":"155404","delomradenavn":"Ytre Averøy","kommunenummer":"1554"}},{"type":"Polygon","arcs":[[-2028,-1966,-1976,-2024,-2031,-2234,-2233,-2232,-2284,-2283,-2282,-2032,-2018]],"properties":{"grunnkretsnummer":"15540102","grunnkretsnavn":"Futsæther","delomradenummer":"155401","delomradenavn":"Nordre Averøy","kommunenummer":"1554"}},{"type":"Polygon","arcs":[[-2235,-2003,-2015,-2278,-2277,-2263,-2262]],"properties":{"grunnkretsnummer":"15540106","grunnkretsnavn":"Kristvik","delomradenummer":"155401","delomradenavn":"Nordre Averøy","kommunenummer":"1554"}},{"type":"Polygon","arcs":[[2296,2297,2298,2299,2300,2301,2302,2303]],"properties":{"grunnkretsnummer":"15730102","grunnkretsnavn":"Jøen","delomradenummer":"157301","delomradenavn":"Smøla","kommunenummer":"1573"}},{"type":"Polygon","arcs":[[2304,2305,2306,2307,-2303,-2302,-2301,-2300]],"properties":{"grunnkretsnummer":"15730115","grunnkretsnavn":"Rangnes","delomradenummer":"157301","delomradenavn":"Smøla","kommunenummer":"1573"}},{"type":"Polygon","arcs":[[-2309,-2310,2310,2311,2312,2313,2314,2315]],"properties":{"grunnkretsnummer":"15730108","grunnkretsnavn":"Innveien","delomradenummer":"157301","delomradenavn":"Smøla","kommunenummer":"1573"}},{"type":"Polygon","arcs":[[2316,-2298,-2297,2317,2318,2319,2320]],"properties":{"grunnkretsnummer":"15730103","grunnkretsnavn":"Gjelberg","delomradenummer":"157301","delomradenavn":"Smøla","kommunenummer":"1573"}},{"type":"Polygon","arcs":[[2321,2322,2323,2324,2325,-2327]],"properties":{"grunnkretsnummer":"15730113","grunnkretsnavn":"Rokstad","delomradenummer":"157301","delomradenavn":"Smøla","kommunenummer":"1573"}},{"type":"Polygon","arcs":[[-985,-1061,-1991,2327,2328,-2318,-2304,-2308,2329]],"properties":{"grunnkretsnummer":"15730101","grunnkretsnavn":"Hallarøy","delomradenummer":"157301","delomradenavn":"Smøla","kommunenummer":"1573"}},{"type":"Polygon","arcs":[[2330,-2299,-2317,2331,2332,2333,2334,2335,-2315,2336,2337]],"properties":{"grunnkretsnummer":"15730106","grunnkretsnavn":"Dyrnesvågen","delomradenummer":"157301","delomradenavn":"Smøla","kommunenummer":"1573"}},{"type":"Polygon","arcs":[[-2307,2338,-2340,-1011,-1013,-1045,-1027,-976,-2330]],"properties":{"grunnkretsnummer":"15730116","grunnkretsnavn":"Edøy","delomradenummer":"157301","delomradenavn":"Smøla","kommunenummer":"1573"}},{"type":"Polygon","arcs":[[2340,2341,-2324,-2331,2342]],"properties":{"grunnkretsnummer":"15730112","grunnkretsnavn":"Frostafeltet","delomradenummer":"157301","delomradenavn":"Smøla","kommunenummer":"1573"}},{"type":"Polygon","arcs":[[-2314,-2313,-2312,2343,2344,-2343,-2338,-2337]],"properties":{"grunnkretsnummer":"15730107","grunnkretsnavn":"Hopen","delomradenummer":"157301","delomradenavn":"Smøla","kommunenummer":"1573"}},{"type":"Polygon","arcs":[[-2323,-2322,-2346,-2339,-2306,-2305]],"properties":{"grunnkretsnummer":"15730114","grunnkretsnavn":"Bremnes","delomradenummer":"157301","delomradenavn":"Smøla","kommunenummer":"1573"}},{"type":"Polygon","arcs":[[-2342,2346,2347,-2349,-2350,-2326,-2325]],"properties":{"grunnkretsnummer":"15730111","grunnkretsnavn":"Holmen","delomradenummer":"157301","delomradenavn":"Smøla","kommunenummer":"1573"}},{"type":"Polygon","arcs":[[-2341,-2345,-2344,-2311,-2351,-2348,-2347]],"properties":{"grunnkretsnummer":"15730110","grunnkretsnavn":"Sætran","delomradenummer":"157301","delomradenavn":"Smøla","kommunenummer":"1573"}},{"type":"Polygon","arcs":[[2351,2352,2353,-2332,-2321,-2320,-2319,-2329]],"properties":{"grunnkretsnummer":"15730104","grunnkretsnavn":"Stensøynes","delomradenummer":"157301","delomradenavn":"Smøla","kommunenummer":"1573"}},{"type":"Polygon","arcs":[[-2316,-2336,2354,-2356]],"properties":{"grunnkretsnummer":"15730109","grunnkretsnavn":"Veiholmen","delomradenummer":"157301","delomradenavn":"Smøla","kommunenummer":"1573"}},{"type":"Polygon","arcs":[[-2354,-2353,2356,-2334,-2333]],"properties":{"grunnkretsnummer":"15730105","grunnkretsnavn":"Skarpnes","delomradenummer":"157301","delomradenavn":"Smøla","kommunenummer":"1573"}},{"type":"Polygon","arcs":[[2357,2358,-773,-1609,2359,2360,2361]],"properties":{"grunnkretsnummer":"15150308","grunnkretsnavn":"Jøsok","delomradenummer":"151503","delomradenavn":"Indre Herøy","kommunenummer":"1515"}},{"type":"Polygon","arcs":[[2362,2363,2364,2365,2366,2367,2368]],"properties":{"grunnkretsnummer":"15150103","grunnkretsnavn":"Kopparstad","delomradenummer":"151501","delomradenavn":"Ytre Herøy 1","kommunenummer":"1515"}},{"type":"Polygon","arcs":[[-2369,2369,2370,2371,2372]],"properties":{"grunnkretsnummer":"15150102","grunnkretsnavn":"Skorpa","delomradenummer":"151501","delomradenavn":"Ytre Herøy 1","kommunenummer":"1515"}},{"type":"Polygon","arcs":[[2373,2374,2375,2376,2377,2378,2379]],"properties":{"grunnkretsnummer":"15150106","grunnkretsnavn":"Fosnavåg sentrum","delomradenummer":"151501","delomradenavn":"Ytre Herøy 1","kommunenummer":"1515"}},{"type":"Polygon","arcs":[[2380,2381,2382,2383,2384,2385,2386]],"properties":{"grunnkretsnummer":"15150111","grunnkretsnavn":"Straumane","delomradenummer":"151501","delomradenavn":"Ytre Herøy 1","kommunenummer":"1515"}},{"type":"Polygon","arcs":[[2387,2388]],"properties":{"grunnkretsnummer":"15150110","grunnkretsnavn":"Myklebustvatnet","delomradenummer":"151501","delomradenavn":"Ytre Herøy 1","kommunenummer":"1515"}},{"type":"Polygon","arcs":[[2389,2390,2391,2392,2393,2394]],"properties":{"grunnkretsnummer":"15150204","grunnkretsnavn":"Voldsund","delomradenummer":"151502","delomradenavn":"Ytre Herøy 2","kommunenummer":"1515"}},{"type":"Polygon","arcs":[[2395,2396,2397,2398,2399,-2375,2400]],"properties":{"grunnkretsnummer":"15150202","grunnkretsnavn":"Sævik","delomradenummer":"151502","delomradenavn":"Ytre Herøy 2","kommunenummer":"1515"}},{"type":"Polygon","arcs":[[2401,2402,2403,2404,2405,2406,2407,2408,-2370,-2368]],"properties":{"grunnkretsnummer":"15150301","grunnkretsnavn":"Moltustranda sentrum","delomradenummer":"151503","delomradenavn":"Indre Herøy","kommunenummer":"1515"}},{"type":"Polygon","arcs":[[-2394,2409,-2382,-2381,2410,2411,2412]],"properties":{"grunnkretsnummer":"15150113","grunnkretsnavn":"Flusund","delomradenummer":"151501","delomradenavn":"Ytre Herøy 1","kommunenummer":"1515"}},{"type":"Polygon","arcs":[[2413,2414,2415,-2405,-2404]],"properties":{"grunnkretsnummer":"15150302","grunnkretsnavn":"Austre Moltustranda","delomradenummer":"151503","delomradenavn":"Indre Herøy","kommunenummer":"1515"}},{"type":"Polygon","arcs":[[2416,-2380,-2379,2417,2418,2419,-2402,-2367]],"properties":{"grunnkretsnummer":"15150105","grunnkretsnavn":"Igesund","delomradenummer":"151501","delomradenavn":"Ytre Herøy 1","kommunenummer":"1515"}},{"type":"Polygon","arcs":[[2420,-775,-692,2421,2422,-2406,-2416,-2415,2423]],"properties":{"grunnkretsnummer":"15150303","grunnkretsnavn":"Stokksund","delomradenummer":"151503","delomradenavn":"Indre Herøy","kommunenummer":"1515"}},{"type":"Polygon","arcs":[[2424,2425,2426,2427,2428,-2384]],"properties":{"grunnkretsnummer":"15150114","grunnkretsnavn":"Gjertnes","delomradenummer":"151501","delomradenavn":"Ytre Herøy 1","kommunenummer":"1515"}},{"type":"Polygon","arcs":[[-691,-2036,-2035,-2199,2429,2430,-2407,-2423,-2422]],"properties":{"grunnkretsnummer":"15150304","grunnkretsnavn":"Tjørvåg","delomradenummer":"151503","delomradenavn":"Indre Herøy","kommunenummer":"1515"}},{"type":"Polygon","arcs":[[-2393,-2392,2431,2432,-2426,-2425,-2383,-2410]],"properties":{"grunnkretsnummer":"15150205","grunnkretsnavn":"Leinebygda","delomradenummer":"151502","delomradenavn":"Ytre Herøy 2","kommunenummer":"1515"}},{"type":"Polygon","arcs":[[2433,2434,-2401,-2374,-2417,-2366,-2365]],"properties":{"grunnkretsnummer":"15150104","grunnkretsnavn":"Kvalsund","delomradenummer":"151501","delomradenavn":"Ytre Herøy 1","kommunenummer":"1515"}},{"type":"Polygon","arcs":[[-2400,-2413,-2412,2435,2436,2437,-2376]],"properties":{"grunnkretsnummer":"15150108","grunnkretsnavn":"Nørvåg","delomradenummer":"151501","delomradenavn":"Ytre Herøy 1","kommunenummer":"1515"}},{"type":"Polygon","arcs":[[-2378,-2377,-2438,-2437,2438,2439,-2418]],"properties":{"grunnkretsnummer":"15150107","grunnkretsnavn":"Øvre Fosnavåg","delomradenummer":"151501","delomradenavn":"Ytre Herøy 1","kommunenummer":"1515"}},{"type":"Polygon","arcs":[[-2435,-2434,-2364,-2363,-2373,2440,2441]],"properties":{"grunnkretsnummer":"15150101","grunnkretsnavn":"Kvalsvik","delomradenummer":"151501","delomradenavn":"Ytre Herøy 1","kommunenummer":"1515"}},{"type":"Polygon","arcs":[[2442,-756,2443,2444,-2432,-2391,-2390]],"properties":{"grunnkretsnummer":"15150206","grunnkretsnavn":"Bø","delomradenummer":"151502","delomradenavn":"Ytre Herøy 2","kommunenummer":"1515"}},{"type":"Polygon","arcs":[[2445,-2439,-2436,-2411,-2387,-2388]],"properties":{"grunnkretsnummer":"15150112","grunnkretsnavn":"Elsebø","delomradenummer":"151501","delomradenavn":"Ytre Herøy 1","kommunenummer":"1515"}},{"type":"Polygon","arcs":[[2446,-1853,-743,2447,-2396,-2442]],"properties":{"grunnkretsnummer":"15150201","grunnkretsnavn":"Runde","delomradenummer":"151502","delomradenavn":"Ytre Herøy 2","kommunenummer":"1515"}},{"type":"Polygon","arcs":[[-2428,-2427,-2433,-2445,-2444,-755,-2421,2448]],"properties":{"grunnkretsnummer":"15150207","grunnkretsnavn":"Frøystad","delomradenummer":"151502","delomradenavn":"Ytre Herøy 2","kommunenummer":"1515"}},{"type":"Polygon","arcs":[[2449,-2430,-2198,-2197,-778,-774,-2359,-2358,2450]],"properties":{"grunnkretsnummer":"15150307","grunnkretsnavn":"Leikong","delomradenummer":"151503","delomradenavn":"Indre Herøy","kommunenummer":"1515"}},{"type":"Polygon","arcs":[[-2420,-2419,-2440,-2446,-2389,-2386,-2385,-2429,-2449,-2424,-2414,-2403]],"properties":{"grunnkretsnummer":"15150109","grunnkretsnavn":"Eggesbønes","delomradenummer":"151501","delomradenavn":"Ytre Herøy 1","kommunenummer":"1515"}},{"type":"Polygon","arcs":[[-2395,-2399,-2398,-2397,-2448,-757,-2443]],"properties":{"grunnkretsnummer":"15150203","grunnkretsnavn":"Remøy","delomradenummer":"151502","delomradenavn":"Ytre Herøy 2","kommunenummer":"1515"}},{"type":"Polygon","arcs":[[2451,2452,2453,-2202,-2201,2454,2455]],"properties":{"grunnkretsnummer":"15470107","grunnkretsnavn":"Bakkemyr","delomradenummer":"154701","delomradenavn":"Aukra","kommunenummer":"1547"}},{"type":"Polygon","arcs":[[2456,2457,-61,2458,2459]],"properties":{"grunnkretsnummer":"15470110","grunnkretsnavn":"Hjertvik","delomradenummer":"154701","delomradenavn":"Aukra","kommunenummer":"1547"}},{"type":"Polygon","arcs":[[-2052,2460,2461,2462,2463,2464]],"properties":{"grunnkretsnummer":"15470105","grunnkretsnavn":"Sæter","delomradenummer":"154701","delomradenavn":"Aukra","kommunenummer":"1547"}},{"type":"Polygon","arcs":[[2465,-62,-2458,-2457,-2205,-2204,-2180,2466]],"properties":{"grunnkretsnummer":"15470111","grunnkretsnavn":"Hukkelberg","delomradenummer":"154701","delomradenavn":"Aukra","kommunenummer":"1547"}},{"type":"Polygon","arcs":[[-2464,-2463,2467,-2452,2468,2469]],"properties":{"grunnkretsnummer":"15470106","grunnkretsnavn":"Sporsem","delomradenummer":"154701","delomradenavn":"Aukra","kommunenummer":"1547"}},{"type":"Polygon","arcs":[[-2456,2470,2471,2472,2473,2474,-2103,-2063,-2087,-2126,-2053,-2465,-2470,-2469]],"properties":{"grunnkretsnummer":"15470104","grunnkretsnavn":"Løvik","delomradenummer":"154701","delomradenavn":"Aukra","kommunenummer":"1547"}},{"type":"Polygon","arcs":[[2475,2476,2477,2478,-2206]],"properties":{"grunnkretsnummer":"15470102","grunnkretsnavn":"Småge","delomradenummer":"154701","delomradenavn":"Aukra","kommunenummer":"1547"}},{"type":"Polygon","arcs":[[-2183,-263,-262,-2466,2479,2480]],"properties":{"grunnkretsnummer":"15470113","grunnkretsnavn":"Eidskrem","delomradenummer":"154701","delomradenavn":"Aukra","kommunenummer":"1547"}},{"type":"Polygon","arcs":[[-2117,-2182,-2203,-2454,-2453,-2468,-2462,-2461,-2051,-2167]],"properties":{"grunnkretsnummer":"15470108","grunnkretsnavn":"Nerbø","delomradenummer":"154701","delomradenavn":"Aukra","kommunenummer":"1547"}},{"type":"Polygon","arcs":[[-2473,-2472,2481,-2477,-2476,-2211,2482]],"properties":{"grunnkretsnummer":"15470103","grunnkretsnavn":"Oterhalsen","delomradenummer":"154701","delomradenavn":"Aukra","kommunenummer":"1547"}},{"type":"Polygon","arcs":[[-2179,-2178,-2177,-2176,-2175,-2481,-2480,-2467]],"properties":{"grunnkretsnummer":"15470112","grunnkretsnavn":"Hollingen","delomradenummer":"154701","delomradenavn":"Aukra","kommunenummer":"1547"}},{"type":"Polygon","arcs":[[-2455,-2200,-2460,-2459,-60,-6,-393,-2207,-2479,-2478,-2482,-2471]],"properties":{"grunnkretsnummer":"15470101","grunnkretsnavn":"Horrem","delomradenummer":"154701","delomradenavn":"Aukra","kommunenummer":"1547"}},{"type":"Polygon","arcs":[[2483,-2212,2484,2485,2486,2487,-2371]],"properties":{"grunnkretsnummer":"15140105","grunnkretsnavn":"Sandsøy","delomradenummer":"151401","delomradenavn":"Fastlandet","kommunenummer":"1514"}},{"type":"Polygon","arcs":[[-2216,-2215,2488,-2451,-2362,2489,2490,2491,2492]],"properties":{"grunnkretsnummer":"15140203","grunnkretsnavn":"Vågen","delomradenummer":"151402","delomradenavn":"Gurskøy","kommunenummer":"1514"}},{"type":"Polygon","arcs":[[-1665,2493,2494,2495,-2487,2496]],"properties":{"grunnkretsnummer":"15140103","grunnkretsnavn":"Kvamsøy","delomradenummer":"151401","delomradenavn":"Fastlandet","kommunenummer":"1514"}},{"type":"Polygon","arcs":[[-2485,-2217,-2493,-2492,2497,2498,2499]],"properties":{"grunnkretsnummer":"15140206","grunnkretsnavn":"Hallebygda","delomradenummer":"151402","delomradenavn":"Gurskøy","kommunenummer":"1514"}},{"type":"Polygon","arcs":[[-2490,-2361,-2360,-1615,-1606,-1671,2500,2501]],"properties":{"grunnkretsnummer":"15140204","grunnkretsnavn":"Skredestranda","delomradenummer":"151402","delomradenavn":"Gurskøy","kommunenummer":"1514"}},{"type":"Polygon","arcs":[[-2491,-2502,-2501,-1700,-2499,-2498]],"properties":{"grunnkretsnummer":"15140205","grunnkretsnavn":"Larsnes","delomradenummer":"151402","delomradenavn":"Gurskøy","kommunenummer":"1514"}},{"type":"Polygon","arcs":[[-2486,-2500,-1699,-1666,-2497]],"properties":{"grunnkretsnummer":"15140104","grunnkretsnavn":"Voksa","delomradenummer":"151401","delomradenavn":"Fastlandet","kommunenummer":"1514"}},{"type":"Polygon","arcs":[[-2408,-2431,-2450,-2489,-2214,-2213,-2484,-2409]],"properties":{"grunnkretsnummer":"15140201","grunnkretsnavn":"Gjerdsvika","delomradenummer":"151402","delomradenavn":"Gurskøy","kommunenummer":"1514"}},{"type":"Polygon","arcs":[[2502,2503,2504,2505,2506,2507]],"properties":{"grunnkretsnummer":"15081107","grunnkretsnavn":"Grindvik","delomradenummer":"150811","delomradenavn":"Skodje","kommunenummer":"1508"}},{"type":"Polygon","arcs":[[2508,2509,2510,-1193,2511,2512]],"properties":{"grunnkretsnummer":"15080804","grunnkretsnavn":"Myrland","delomradenummer":"150808","delomradenavn":"Blindheim","kommunenummer":"1508"}},{"type":"Polygon","arcs":[[2513,2514,2515,2516,2517,-1148,2518]],"properties":{"grunnkretsnummer":"15080504","grunnkretsnavn":"Bogneset","delomradenummer":"150805","delomradenavn":"Nørvasund","kommunenummer":"1508"}},{"type":"Polygon","arcs":[[2519,2520,2521,-1881,-1856,-1843,2522,2523,2524,2525,2526,2527,2528]],"properties":{"grunnkretsnummer":"15081001","grunnkretsnavn":"Hoff","delomradenummer":"150810","delomradenavn":"Ellingsøy","kommunenummer":"1508"}},{"type":"Polygon","arcs":[[2529,-2522,2530,2531,2532,2533,2534,2535]],"properties":{"grunnkretsnummer":"15080301","grunnkretsnavn":"Skansen","delomradenummer":"150803","delomradenavn":"Nørvøy Ytre","kommunenummer":"1508"}},{"type":"Polygon","arcs":[[2536,2537,2538,2539,-852,-845]],"properties":{"grunnkretsnummer":"15081205","grunnkretsnavn":"Lande","delomradenummer":"150812","delomradenavn":"Ørskog","kommunenummer":"1508"}},{"type":"Polygon","arcs":[[2540,2541,2542,2543,-2517,-2516]],"properties":{"grunnkretsnummer":"15080505","grunnkretsnavn":"Hatlane","delomradenummer":"150805","delomradenavn":"Nørvasund","kommunenummer":"1508"}},{"type":"Polygon","arcs":[[2544,2545,2546]],"properties":{"grunnkretsnummer":"15080703","grunnkretsnavn":"Moa","delomradenummer":"150807","delomradenavn":"Spjelkavik","kommunenummer":"1508"}},{"type":"Polygon","arcs":[[2547,2548,2549,-2526,-2525,-2524,2550,2551,2552,2553,2554,2555]],"properties":{"grunnkretsnummer":"15081002","grunnkretsnavn":"Grimstad","delomradenummer":"150810","delomradenavn":"Ellingsøy","kommunenummer":"1508"}},{"type":"Polygon","arcs":[[2556,2557,-2520,2558,2559,2560,2561,2562]],"properties":{"grunnkretsnummer":"15080307","grunnkretsnavn":"Fjelltun","delomradenummer":"150803","delomradenavn":"Nørvøy Ytre","kommunenummer":"1508"}},{"type":"Polygon","arcs":[[-1880,2563,2564,2565,2566,2567,-1865]],"properties":{"grunnkretsnummer":"15080101","grunnkretsnavn":"Steinvågneset","delomradenummer":"150801","delomradenavn":"Hessøy","kommunenummer":"1508"}},{"type":"Polygon","arcs":[[2568,2569,2570,-2519,-1147,2571,2572,2573,2574]],"properties":{"grunnkretsnummer":"15080501","grunnkretsnavn":"Gåseid","delomradenummer":"150805","delomradenavn":"Nørvasund","kommunenummer":"1508"}},{"type":"Polygon","arcs":[[2575,2576,2577,2578,2579,2580,2581]],"properties":{"grunnkretsnummer":"15080605","grunnkretsnavn":"Åse","delomradenummer":"150806","delomradenavn":"Åse - Lerstad","kommunenummer":"1508"}},{"type":"Polygon","arcs":[[2582,2583,2584,2585,2586,2587,2588,2589]],"properties":{"grunnkretsnummer":"15081303","grunnkretsnavn":"Bruvoll-Morsund","delomradenummer":"150813","delomradenavn":"Sandøy","kommunenummer":"1508"}},{"type":"Polygon","arcs":[[-1159,2590,2591,2592,2593,2594,2595,2596,-2535,2597,2598,2599,2600,2601,2602,-1173,-1191,-1169]],"properties":{"grunnkretsnummer":"15080104","grunnkretsnavn":"Hessa","delomradenummer":"150801","delomradenavn":"Hessøy","kommunenummer":"1508"}},{"type":"Polygon","arcs":[[2603,-820,2604,2605,2606,2607]],"properties":{"grunnkretsnummer":"15081103","grunnkretsnavn":"Fylling","delomradenummer":"150811","delomradenavn":"Skodje","kommunenummer":"1508"}},{"type":"Polygon","arcs":[[2608,2609,-2592,-2591,-1158,-1861]],"properties":{"grunnkretsnummer":"15080103","grunnkretsnavn":"Sævollen","delomradenummer":"150801","delomradenavn":"Hessøy","kommunenummer":"1508"}},{"type":"Polygon","arcs":[[-2561,2610,2611,2612,-2602,2613,2614]],"properties":{"grunnkretsnummer":"15080309","grunnkretsnavn":"Volsdalsberga","delomradenummer":"150803","delomradenavn":"Nørvøy Ytre","kommunenummer":"1508"}},{"type":"Polygon","arcs":[[2615,2616,-2508,2617,2618,2619,2620,2621,2622]],"properties":{"grunnkretsnummer":"15081111","grunnkretsnavn":"Utvik","delomradenummer":"150811","delomradenavn":"Skodje","kommunenummer":"1508"}},{"type":"Polygon","arcs":[[2623,2624,2625,-2572,-1146,-1174,-2603,-2613,-2612,2626,2627,-2528]],"properties":{"grunnkretsnummer":"15080401","grunnkretsnavn":"Nørve","delomradenummer":"150804","delomradenavn":"Nørvøy Indre","kommunenummer":"1508"}},{"type":"Polygon","arcs":[[2628,2629,2630,-2509,2631]],"properties":{"grunnkretsnummer":"15080803","grunnkretsnavn":"Blindheim","delomradenummer":"150808","delomradenavn":"Blindheim","kommunenummer":"1508"}},{"type":"Polygon","arcs":[[-2529,-2628,-2627,-2611,-2560,-2559]],"properties":{"grunnkretsnummer":"15080308","grunnkretsnavn":"Volsdalen","delomradenummer":"150803","delomradenavn":"Nørvøy Ytre","kommunenummer":"1508"}},{"type":"Polygon","arcs":[[2632,2633,-2577,2634,2635]],"properties":{"grunnkretsnummer":"15080602","grunnkretsnavn":"Lerstad","delomradenummer":"150806","delomradenavn":"Åse - Lerstad","kommunenummer":"1508"}},{"type":"Polygon","arcs":[[2636,2637,2638,-2632,-2513,-2512,-1192]],"properties":{"grunnkretsnummer":"15080802","grunnkretsnavn":"Vegsund","delomradenummer":"150808","delomradenavn":"Blindheim","kommunenummer":"1508"}},{"type":"Polygon","arcs":[[2639,2640,2641,-2209,2642,2643,-2587]],"properties":{"grunnkretsnummer":"15081306","grunnkretsnavn":"Finnøy","delomradenummer":"150813","delomradenavn":"Sandøy","kommunenummer":"1508"}},{"type":"Polygon","arcs":[[2644,-2605,-819,-853,-2540,2645,2646,2647,2648]],"properties":{"grunnkretsnummer":"15081204","grunnkretsnavn":"Sjøholt","delomradenummer":"150812","delomradenavn":"Ørskog","kommunenummer":"1508"}},{"type":"Polygon","arcs":[[2649,2650,2651,2652,-2596,2653,2654]],"properties":{"grunnkretsnummer":"15080204","grunnkretsnavn":"Skutvika","delomradenummer":"150802","delomradenavn":"Aspøy","kommunenummer":"1508"}},{"type":"Polygon","arcs":[[2655,2656,2657,-700,-715,2658,2659]],"properties":{"grunnkretsnummer":"15080901","grunnkretsnavn":"Emblem","delomradenummer":"150809","delomradenavn":"Emblem","kommunenummer":"1508"}},{"type":"Polygon","arcs":[[2660,-2635,-2576,2661,2662]],"properties":{"grunnkretsnummer":"15080603","grunnkretsnavn":"Hatlaåsen","delomradenummer":"150806","delomradenavn":"Åse - Lerstad","kommunenummer":"1508"}},{"type":"Polygon","arcs":[[2663,2664,2665,-2536,-2597,-2653,-2652]],"properties":{"grunnkretsnummer":"15080206","grunnkretsnavn":"Apotekertorget","delomradenummer":"150802","delomradenavn":"Aspøy","kommunenummer":"1508"}},{"type":"Polygon","arcs":[[2666,2667,2668,2669,-2633,2670,2671]],"properties":{"grunnkretsnummer":"15080601","grunnkretsnavn":"Nakken","delomradenummer":"150806","delomradenavn":"Åse - Lerstad","kommunenummer":"1508"}},{"type":"Polygon","arcs":[[-2208,2672,2673,-2590,2674,2675,-2643]],"properties":{"grunnkretsnummer":"15081305","grunnkretsnavn":"Huse","delomradenummer":"150813","delomradenavn":"Sandøy","kommunenummer":"1508"}},{"type":"Polygon","arcs":[[2676,-2637,-1196,-1141,-1113,-1167,-1137,-1149,-2518,-2544,2677,2678,2679,2680]],"properties":{"grunnkretsnummer":"15080801","grunnkretsnavn":"Tørla-Humla","delomradenummer":"150808","delomradenavn":"Blindheim","kommunenummer":"1508"}},{"type":"Polygon","arcs":[[2681,2682,-2583,-2674,-2673,-413,-376,-355,2683]],"properties":{"grunnkretsnummer":"15081301","grunnkretsnavn":"Myklebost","delomradenummer":"150813","delomradenavn":"Sandøy","kommunenummer":"1508"}},{"type":"Polygon","arcs":[[2684,2685,2686,2687,2688,2689,2690,2691]],"properties":{"grunnkretsnummer":"15081104","grunnkretsnavn":"Skodjevåg","delomradenummer":"150811","delomradenavn":"Skodje","kommunenummer":"1508"}},{"type":"Polygon","arcs":[[2692,-2210,-2642]],"properties":{"grunnkretsnummer":"15081308","grunnkretsnavn":"Sandøy","delomradenummer":"150813","delomradenavn":"Sandøy","kommunenummer":"1508"}},{"type":"Polygon","arcs":[[-2580,-2579,2693,2694,2695,2696,-2681,2697]],"properties":{"grunnkretsnummer":"15080607","grunnkretsnavn":"Furmyr","delomradenummer":"150806","delomradenavn":"Åse - Lerstad","kommunenummer":"1508"}},{"type":"Polygon","arcs":[[-2549,2698,2699,2700,2701,-2574,2702,2703,2704]],"properties":{"grunnkretsnummer":"15080403","grunnkretsnavn":"Store-Nørve","delomradenummer":"150804","delomradenavn":"Nørvøy Indre","kommunenummer":"1508"}},{"type":"Polygon","arcs":[[-674,2705,2706,-2537,-844,-868,-550,-545,-94,-93]],"properties":{"grunnkretsnummer":"15081208","grunnkretsnavn":"Vaksvik","delomradenummer":"150812","delomradenavn":"Ørskog","kommunenummer":"1508"}},{"type":"Polygon","arcs":[[2707,2708,2709,2710,-2656,2711,-2630,2712,2713]],"properties":{"grunnkretsnummer":"15080705","grunnkretsnavn":"Spjelkavika","delomradenummer":"150807","delomradenavn":"Spjelkavik","kommunenummer":"1508"}},{"type":"Polygon","arcs":[[2714,2715,-2621,2716,-2709,-2708,2717,-2696,-2695,-2546]],"properties":{"grunnkretsnummer":"15080704","grunnkretsnavn":"Holen","delomradenummer":"150807","delomradenavn":"Spjelkavik","kommunenummer":"1508"}},{"type":"Polygon","arcs":[[2718,2719,2720,-2715,-2545,-2669,-2668]],"properties":{"grunnkretsnummer":"15080701","grunnkretsnavn":"Breivika","delomradenummer":"150807","delomradenavn":"Spjelkavik","kommunenummer":"1508"}},{"type":"Polygon","arcs":[[2721,2722,-2616,2723,2724,2725,2726,2727]],"properties":{"grunnkretsnummer":"15081005","grunnkretsnavn":"Stokke","delomradenummer":"150810","delomradenavn":"Ellingsøy","kommunenummer":"1508"}},{"type":"Polygon","arcs":[[-2634,-2670,-2547,-2694,-2578]],"properties":{"grunnkretsnummer":"15080606","grunnkretsnavn":"Åsemulen","delomradenummer":"150806","delomradenavn":"Åse - Lerstad","kommunenummer":"1508"}},{"type":"Polygon","arcs":[[-2718,-2714,-2713,-2629,-2639,-2638,-2677,-2697]],"properties":{"grunnkretsnummer":"15080706","grunnkretsnavn":"Spjelkaviknes","delomradenummer":"150807","delomradenavn":"Spjelkavik","kommunenummer":"1508"}},{"type":"Polygon","arcs":[[-2527,-2550,-2705,-2704,-2703,-2573,-2626,-2625,-2624]],"properties":{"grunnkretsnummer":"15080402","grunnkretsnavn":"Fagerlia","delomradenummer":"150804","delomradenavn":"Nørvøy Indre","kommunenummer":"1508"}},{"type":"Polygon","arcs":[[2728,2729,-2599,2730,2731,2732]],"properties":{"grunnkretsnummer":"15080304","grunnkretsnavn":"Storledbakken","delomradenummer":"150803","delomradenavn":"Nørvøy Ytre","kommunenummer":"1508"}},{"type":"Polygon","arcs":[[2733,-2732,-2731,-2598,-2534,-2533]],"properties":{"grunnkretsnummer":"15080303","grunnkretsnavn":"Kipervika","delomradenummer":"150803","delomradenavn":"Nørvøy Ytre","kommunenummer":"1508"}},{"type":"Polygon","arcs":[[-2619,-2618,-2507,2734,-2692,-2691,2735,-729,2736,2737,2738]],"properties":{"grunnkretsnummer":"15081108","grunnkretsnavn":"Valle","delomradenummer":"150811","delomradenavn":"Skodje","kommunenummer":"1508"}},{"type":"Polygon","arcs":[[2739,-2585,-2584,-2683,-2682,2740]],"properties":{"grunnkretsnummer":"15081302","grunnkretsnavn":"Røsok","delomradenummer":"150813","delomradenavn":"Sandøy","kommunenummer":"1508"}},{"type":"Polygon","arcs":[[2741,2742,-1878,2743,2744,-2664,-2651]],"properties":{"grunnkretsnummer":"15080203","grunnkretsnavn":"Storhaugen","delomradenummer":"150802","delomradenavn":"Aspøy","kommunenummer":"1508"}},{"type":"Polygon","arcs":[[-2565,2745,2746,-2655,-2654,-2595,2747]],"properties":{"grunnkretsnummer":"15080201","grunnkretsnavn":"Skjerva","delomradenummer":"150802","delomradenavn":"Aspøy","kommunenummer":"1508"}},{"type":"Polygon","arcs":[[2748,2749,2750,2751,-2728,-2727,-2726,2752,-2555,-2554]],"properties":{"grunnkretsnummer":"15081003","grunnkretsnavn":"Vik","delomradenummer":"150810","delomradenavn":"Ellingsøy","kommunenummer":"1508"}},{"type":"Polygon","arcs":[[2753,-2474,-2483,-2693,-2641]],"properties":{"grunnkretsnummer":"15081309","grunnkretsnavn":"Ona-Husøy","delomradenummer":"150813","delomradenavn":"Sandøy","kommunenummer":"1508"}},{"type":"Polygon","arcs":[[2754,-2563,2755,2756,-2600,-2730,-2729]],"properties":{"grunnkretsnummer":"15080305","grunnkretsnavn":"Klipra","delomradenummer":"150803","delomradenavn":"Nørvøy Ytre","kommunenummer":"1508"}},{"type":"Polygon","arcs":[[-2620,-2739,2757,-2710,-2717]],"properties":{"grunnkretsnummer":"15081110","grunnkretsnavn":"Brusdal","delomradenummer":"150811","delomradenavn":"Skodje","kommunenummer":"1508"}},{"type":"Polygon","arcs":[[-2688,2758,2759]],"properties":{"grunnkretsnummer":"15081202","grunnkretsnavn":"Braute","delomradenummer":"150812","delomradenavn":"Ørskog","kommunenummer":"1508"}},{"type":"Polygon","arcs":[[2760,2761,2762,2763,-2749,-2553,-2552]],"properties":{"grunnkretsnummer":"15081006","grunnkretsnavn":"Nes","delomradenummer":"150810","delomradenavn":"Ellingsøy","kommunenummer":"1508"}},{"type":"Polygon","arcs":[[2764,2765,2766,2767,-2541,-2515,-2514,-2571,-2570,-2569]],"properties":{"grunnkretsnummer":"15080502","grunnkretsnavn":"Ratvik","delomradenummer":"150805","delomradenavn":"Nørvasund","kommunenummer":"1508"}},{"type":"Polygon","arcs":[[2768,-2724,-2623,-2622,-2716,-2721,-2720]],"properties":{"grunnkretsnummer":"15080702","grunnkretsnavn":"Olsvika","delomradenummer":"150807","delomradenavn":"Spjelkavik","kommunenummer":"1508"}},{"type":"Polygon","arcs":[[-2521,-2558,-2557,-2755,-2733,-2734,-2532,-2531]],"properties":{"grunnkretsnummer":"15080302","grunnkretsnavn":"Verpingsvika","delomradenummer":"150803","delomradenavn":"Nørvøy Ytre","kommunenummer":"1508"}},{"type":"Polygon","arcs":[[-2548,2769,2770,2771,-2700,-2699]],"properties":{"grunnkretsnummer":"15080404","grunnkretsnavn":"Larsgård","delomradenummer":"150804","delomradenavn":"Nørvøy Indre","kommunenummer":"1508"}},{"type":"Polygon","arcs":[[-2511,-2510,-2631,-2712,-2660,-2659,-714,-685,-1194]],"properties":{"grunnkretsnummer":"15080805","grunnkretsnavn":"Hatlehol","delomradenummer":"150808","delomradenavn":"Blindheim","kommunenummer":"1508"}},{"type":"Polygon","arcs":[[-2562,-2615,-2614,-2601,-2757,-2756]],"properties":{"grunnkretsnummer":"15080306","grunnkretsnavn":"Volsdalsvågen","delomradenummer":"150803","delomradenavn":"Nørvøy Ytre","kommunenummer":"1508"}},{"type":"Polygon","arcs":[[-2644,-2676,-2675,-2589,-2588]],"properties":{"grunnkretsnummer":"15081304","grunnkretsnavn":"Steinshamn-Harnes","delomradenummer":"150813","delomradenavn":"Sandøy","kommunenummer":"1508"}},{"type":"Polygon","arcs":[[2772,2773,-2538,-2707,-2706,-673,-727]],"properties":{"grunnkretsnummer":"15081207","grunnkretsnavn":"Skarbø","delomradenummer":"150812","delomradenavn":"Ørskog","kommunenummer":"1508"}},{"type":"Polygon","arcs":[[-2662,-2582,-2581,-2698,-2680,2774,2775]],"properties":{"grunnkretsnummer":"15080604","grunnkretsnavn":"Åsehaugen","delomradenummer":"150806","delomradenavn":"Åse - Lerstad","kommunenummer":"1508"}},{"type":"Polygon","arcs":[[-2556,-2753,-2725,-2769,-2719,-2667,2776,2777,-2770]],"properties":{"grunnkretsnummer":"15081004","grunnkretsnavn":"Øyene i Ellingsøyfjorden","delomradenummer":"150810","delomradenavn":"Ellingsøy","kommunenummer":"1508"}},{"type":"Polygon","arcs":[[-2768,2778,2779,2780,-2678,-2543,-2542]],"properties":{"grunnkretsnummer":"15080506","grunnkretsnavn":"Hatlevika","delomradenummer":"150805","delomradenavn":"Nørvasund","kommunenummer":"1508"}},{"type":"Polygon","arcs":[[-2530,-2666,-2665,-2745,-2744,-1882]],"properties":{"grunnkretsnummer":"15080205","grunnkretsnavn":"Brunholmen","delomradenummer":"150802","delomradenavn":"Aspøy","kommunenummer":"1508"}},{"type":"Polygon","arcs":[[-2658,-2657,-2711,-2758,-2738,-2737,-728,-701]],"properties":{"grunnkretsnummer":"15081109","grunnkretsnavn":"Glomset","delomradenummer":"150811","delomradenavn":"Skodje","kommunenummer":"1508"}},{"type":"Polygon","arcs":[[-2777,-2672,-2671,-2636,-2661,2781,-2779,-2767,-2766]],"properties":{"grunnkretsnummer":"15080503","grunnkretsnavn":"Lerstadbakken","delomradenummer":"150805","delomradenavn":"Nørvasund","kommunenummer":"1508"}},{"type":"Polygon","arcs":[[-2782,-2663,-2776,-2775,-2679,-2781,-2780]],"properties":{"grunnkretsnummer":"15080507","grunnkretsnavn":"Åsestranda","delomradenummer":"150805","delomradenavn":"Nørvasund","kommunenummer":"1508"}},{"type":"Polygon","arcs":[[-2772,-2771,-2778,-2765,-2575,-2702,-2701]],"properties":{"grunnkretsnummer":"15080405","grunnkretsnavn":"Larsgårdsvågen","delomradenummer":"150804","delomradenavn":"Nørvøy Indre","kommunenummer":"1508"}},{"type":"Polygon","arcs":[[2782,2783,2784,2785,2786,2787,2788,2789,-1872,-1824]],"properties":{"grunnkretsnummer":"15800110","grunnkretsnavn":"Farstad","delomradenummer":"158001","delomradenavn":"Fjørtoft - Haram","kommunenummer":"1580"}},{"type":"Polygon","arcs":[[-2606,-2645,2790,-2759,-2687,-2686,2791,2792]],"properties":{"grunnkretsnummer":"15081105","grunnkretsnavn":"Skodje indre","delomradenummer":"150811","delomradenavn":"Skodje","kommunenummer":"1508"}},{"type":"Polygon","arcs":[[2793,2794,2795,2796,2797,2798,2799,2800,2801,2802]],"properties":{"grunnkretsnummer":"15800103","grunnkretsnavn":"Rogne","delomradenummer":"158001","delomradenavn":"Fjørtoft - Haram","kommunenummer":"1580"}},{"type":"Polygon","arcs":[[2803,2804,-2608,2805,-2504,-2503,-2617,-2723,2806,2807,2808]],"properties":{"grunnkretsnummer":"15081101","grunnkretsnavn":"Stette","delomradenummer":"150811","delomradenavn":"Skodje","kommunenummer":"1508"}},{"type":"Polygon","arcs":[[2809,2810,-2647,-2646,-2539,-2774,-2773,-726]],"properties":{"grunnkretsnummer":"15081206","grunnkretsnavn":"Ørskog","delomradenummer":"150812","delomradenavn":"Ørskog","kommunenummer":"1508"}},{"type":"Polygon","arcs":[[-2760,-2791,-2649,-2648,-2811,2811,2812]],"properties":{"grunnkretsnummer":"15081203","grunnkretsnavn":"Sjøholtstrand","delomradenummer":"150812","delomradenavn":"Ørskog","kommunenummer":"1508"}},{"type":"Polygon","arcs":[[-2736,-2690,-2689,-2813,-2812,-2810,-730]],"properties":{"grunnkretsnummer":"15081201","grunnkretsnavn":"Apalset","delomradenummer":"150812","delomradenavn":"Ørskog","kommunenummer":"1508"}},{"type":"Polygon","arcs":[[-1870,-1818,-1871,-2790,2813,2814,-2761,-2551,-2523,-1842,-1839]],"properties":{"grunnkretsnummer":"15800401","grunnkretsnavn":"Bjørnøy-Kalvøy","delomradenummer":"158004","delomradenavn":"Hamnsund","kommunenummer":"1580"}},{"type":"Polygon","arcs":[[-821,-2604,-2805,2815,2816]],"properties":{"grunnkretsnummer":"15081102","grunnkretsnavn":"Engeset","delomradenummer":"150811","delomradenavn":"Skodje","kommunenummer":"1508"}},{"type":"Polygon","arcs":[[-2806,-2607,-2793,-2792,-2685,-2735,-2506,-2505]],"properties":{"grunnkretsnummer":"15081106","grunnkretsnavn":"Skodje ytre","delomradenummer":"150811","delomradenavn":"Skodje","kommunenummer":"1508"}},{"type":"Polygon","arcs":[[-1879,-2743,-2742,-2650,-2747,-2746,-2564]],"properties":{"grunnkretsnummer":"15080202","grunnkretsnavn":"Steinvågen","delomradenummer":"150802","delomradenavn":"Aspøy","kommunenummer":"1508"}},{"type":"Polygon","arcs":[[-2751,-2750,-2764,-2763,2817]],"properties":{"grunnkretsnummer":"15081007","grunnkretsnavn":"Lorgja","delomradenummer":"150810","delomradenavn":"Ellingsøy","kommunenummer":"1508"}},{"type":"Polygon","arcs":[[-2610,-2609,-1866,-2568,-2567,-2566,-2748,-2594,-2593]],"properties":{"grunnkretsnummer":"15080102","grunnkretsnavn":"Skarbøvika","delomradenummer":"150801","delomradenavn":"Hessøy","kommunenummer":"1508"}},{"type":"Polygon","arcs":[[2818,2819,2820,2821,2822,2823,2824]],"properties":{"grunnkretsnummer":"15800106","grunnkretsnavn":"Ulla","delomradenummer":"158001","delomradenavn":"Fjørtoft - Haram","kommunenummer":"1580"}},{"type":"Polygon","arcs":[[2825,2826,2827,2828,2829]],"properties":{"grunnkretsnummer":"15800204","grunnkretsnavn":"Aksla-Håvik","delomradenummer":"158002","delomradenavn":"Haram","kommunenummer":"1580"}},{"type":"Polygon","arcs":[[-2823,-2822,2830,2831,-2801,2832,2833,-2787,2834,2835,2836]],"properties":{"grunnkretsnummer":"15800107","grunnkretsnavn":"Austnes","delomradenummer":"158001","delomradenavn":"Fjørtoft - Haram","kommunenummer":"1580"}},{"type":"Polygon","arcs":[[2837,-2825,-2824,-2837,-2836,2838]],"properties":{"grunnkretsnummer":"15800108","grunnkretsnavn":"Haram","delomradenummer":"158001","delomradenavn":"Fjørtoft - Haram","kommunenummer":"1580"}},{"type":"Polygon","arcs":[[2839,2840,2841,-360,2842,2843]],"properties":{"grunnkretsnummer":"15800307","grunnkretsnavn":"Hellestranda","delomradenummer":"158003","delomradenavn":"Vatne","kommunenummer":"1580"}},{"type":"Polygon","arcs":[[-2827,-2826,2844,-2798,-352,2845,2846,2847,2848]],"properties":{"grunnkretsnummer":"15800301","grunnkretsnavn":"Samfjord","delomradenummer":"158003","delomradenavn":"Vatne","kommunenummer":"1580"}},{"type":"Polygon","arcs":[[-2789,2849,2850,2851,2852,-2814]],"properties":{"grunnkretsnummer":"15800402","grunnkretsnavn":"Søvik-Gamlem","delomradenummer":"158004","delomradenavn":"Hamnsund","kommunenummer":"1580"}},{"type":"Polygon","arcs":[[2853,2854,-2803,-2802,-2832]],"properties":{"grunnkretsnummer":"15800104","grunnkretsnavn":"Longva","delomradenummer":"158001","delomradenavn":"Fjørtoft - Haram","kommunenummer":"1580"}},{"type":"Polygon","arcs":[[2855,2856,2857,-353,-2797]],"properties":{"grunnkretsnummer":"15800102","grunnkretsnavn":"Otterlei","delomradenummer":"158001","delomradenavn":"Fjørtoft - Haram","kommunenummer":"1580"}},{"type":"Polygon","arcs":[[-2844,-2843,-359,-794,-793,-804,2858]],"properties":{"grunnkretsnummer":"15800308","grunnkretsnavn":"Vestrefjord","delomradenummer":"158003","delomradenavn":"Vatne","kommunenummer":"1580"}},{"type":"Polygon","arcs":[[2859,2860,2861,2862,-2808,2863,2864,-2848]],"properties":{"grunnkretsnummer":"15800303","grunnkretsnavn":"Slyngstad","delomradenummer":"158003","delomradenavn":"Vatne","kommunenummer":"1580"}},{"type":"Polygon","arcs":[[-2833,-2800,2865,2866,2867,2868,2869]],"properties":{"grunnkretsnummer":"15800202","grunnkretsnavn":"Alvestad","delomradenummer":"158002","delomradenavn":"Haram","kommunenummer":"1580"}},{"type":"Polygon","arcs":[[-2839,-2835,-2786,-2785,-2784,2870]],"properties":{"grunnkretsnummer":"15800109","grunnkretsnavn":"Kjerstad","delomradenummer":"158001","delomradenavn":"Fjørtoft - Haram","kommunenummer":"1580"}},{"type":"Polygon","arcs":[[-2752,-2818,-2762,-2815,-2853,-2852,2871,-2868,2872,-2828,-2849,-2865,-2864,-2807,-2722]],"properties":{"grunnkretsnummer":"15800403","grunnkretsnavn":"Grytastrand-Hamsund","delomradenummer":"158004","delomradenavn":"Hamnsund","kommunenummer":"1580"}},{"type":"Polygon","arcs":[[-2799,-2845,-2830,-2829,-2873,-2867,-2866]],"properties":{"grunnkretsnummer":"15800203","grunnkretsnavn":"Brattvåg","delomradenummer":"158002","delomradenavn":"Haram","kommunenummer":"1580"}},{"type":"Polygon","arcs":[[2873,-2741,-2684,-354,-2858,-2857,-2856,-2796,2874]],"properties":{"grunnkretsnummer":"15800101","grunnkretsnavn":"Fjørtoft","delomradenummer":"158001","delomradenavn":"Fjørtoft - Haram","kommunenummer":"1580"}},{"type":"Polygon","arcs":[[-2804,-2809,-2863,-2862,2875,2876,-2816]],"properties":{"grunnkretsnummer":"15800304","grunnkretsnavn":"Tennfjord","delomradenummer":"158003","delomradenavn":"Vatne","kommunenummer":"1580"}},{"type":"Polygon","arcs":[[2877,2878,2879,2880,-2876,-2861]],"properties":{"grunnkretsnummer":"15800305","grunnkretsnavn":"Vatne","delomradenummer":"158003","delomradenavn":"Vatne","kommunenummer":"1580"}},{"type":"Polygon","arcs":[[2881,-2875,-2795,-2794,-2855,-2854,-2831,-2821,-2820]],"properties":{"grunnkretsnummer":"15800105","grunnkretsnavn":"Flem","delomradenummer":"158001","delomradenavn":"Fjørtoft - Haram","kommunenummer":"1580"}},{"type":"Polygon","arcs":[[-2788,-2834,-2870,-2869,-2872,-2851,-2850]],"properties":{"grunnkretsnummer":"15800201","grunnkretsnavn":"Hurla","delomradenummer":"158002","delomradenavn":"Haram","kommunenummer":"1580"}},{"type":"Polygon","arcs":[[-2859,-803,-861,-822,-2817,-2877,-2881,-2880,2882,-2841,-2840]],"properties":{"grunnkretsnummer":"15800306","grunnkretsnavn":"Ulvestad-Vatne","delomradenummer":"158003","delomradenavn":"Vatne","kommunenummer":"1580"}},{"type":"Polygon","arcs":[[-2860,-2847,-2846,-361,-2842,-2883,-2879,-2878]],"properties":{"grunnkretsnummer":"15800302","grunnkretsnavn":"Strand","delomradenummer":"158003","delomradenavn":"Vatne","kommunenummer":"1580"}}]},"grunnkretserUtenHavgrense":{"type":"GeometryCollection","geometries":[{"type":"Polygon","arcs":[[0,1,2,3]],"properties":{"grunnkretsnummer":"15060205","grunnkretsnavn":"Stadionområdet","delomradenummer":"150602","delomradenavn":"Reknes","kommunenummer":"1506"}},{"type":"Polygon","arcs":[[2883,7,8,9,10,2884,2885]],"properties":{"grunnkretsnummer":"15061007","grunnkretsnavn":"Rakvåg","delomradenummer":"150610","delomradenavn":"Midsund","kommunenummer":"1506"}},{"type":"Polygon","arcs":[[2886,15,16,2887,2888]],"properties":{"grunnkretsnummer":"15060701","grunnkretsnavn":"Grønnes","delomradenummer":"150607","delomradenavn":"Skåla","kommunenummer":"1506"}},{"type":"Polygon","arcs":[[2889,21,2890,2891]],"properties":{"grunnkretsnummer":"15390201","grunnkretsnavn":"Rødven","delomradenummer":"153902","delomradenavn":"Nordsida","kommunenummer":"1539"}},{"type":"Polygon","arcs":[[28,29,30,2892,2893,2894,2895]],"properties":{"grunnkretsnummer":"15160105","grunnkretsnavn":"Osnes nedre","delomradenummer":"151601","delomradenavn":"Ytre Ulstein","kommunenummer":"1516"}},{"type":"Polygon","arcs":[[2896,39,40,41,2897,2898]],"properties":{"grunnkretsnummer":"15630301","grunnkretsnavn":"Viklandet","delomradenummer":"156303","delomradenavn":"Øksendal","kommunenummer":"1563"}},{"type":"Polygon","arcs":[[43,44,45,46,47]],"properties":{"grunnkretsnummer":"15050206","grunnkretsnavn":"Øvrevågen","delomradenummer":"150502","delomradenavn":"Kirkelandet Sentrum","kommunenummer":"1505"}},{"type":"Polygon","arcs":[[48,49,50,-1,51,52]],"properties":{"grunnkretsnummer":"15060203","grunnkretsnavn":"Hauan","delomradenummer":"150602","delomradenavn":"Reknes","kommunenummer":"1506"}},{"type":"Polygon","arcs":[[53,54,55,56,-49,57]],"properties":{"grunnkretsnummer":"15060302","grunnkretsnavn":"Granlia","delomradenummer":"150603","delomradenavn":"Moldegård","kommunenummer":"1506"}},{"type":"MultiPolygon","arcs":[[[58,-8,-2884,2899,2900,64]],[[2901]],[[2902]]],"properties":{"grunnkretsnummer":"15061008","grunnkretsnavn":"Ræstad","delomradenummer":"150610","delomradenavn":"Midsund","kommunenummer":"1506"}},{"type":"Polygon","arcs":[[2903,66,67,68,69,70,2904,2905]],"properties":{"grunnkretsnummer":"15060808","grunnkretsnavn":"Stubø","delomradenummer":"150608","delomradenavn":"Nesset","kommunenummer":"1506"}},{"type":"Polygon","arcs":[[72,73,74,2906,2907,2908,78]],"properties":{"grunnkretsnummer":"15060602","grunnkretsnavn":"Hjelset","delomradenummer":"150606","delomradenavn":"Kleive","kommunenummer":"1506"}},{"type":"Polygon","arcs":[[79,80,81,2909,2910,2911,85]],"properties":{"grunnkretsnummer":"15060506","grunnkretsnavn":"Kviltorp","delomradenummer":"150605","delomradenavn":"Røbekk","kommunenummer":"1506"}},{"type":"Polygon","arcs":[[-51,86,87,-2]],"properties":{"grunnkretsnummer":"15060204","grunnkretsnavn":"Elvebakken","delomradenummer":"150602","delomradenavn":"Reknes","kommunenummer":"1506"}},{"type":"Polygon","arcs":[[88,89,2912,2913,2914,93]],"properties":{"grunnkretsnummer":"15780101","grunnkretsnavn":"Dyrkorn","delomradenummer":"157801","delomradenavn":"Stordal","kommunenummer":"1578"}},{"type":"MultiPolygon","arcs":[[[94,2915,2916,2917,98,99]],[[2918]]],"properties":{"grunnkretsnummer":"15060813","grunnkretsnavn":"Meisalstranda","delomradenummer":"150608","delomradenavn":"Nesset","kommunenummer":"1506"}},{"type":"Polygon","arcs":[[100,101,102,-55,103]],"properties":{"grunnkretsnummer":"15060406","grunnkretsnavn":"Høgnakken","delomradenummer":"150604","delomradenavn":"Fuglset","kommunenummer":"1506"}},{"type":"MultiPolygon","arcs":[[[107,108,2919,2920]],[[2921]]],"properties":{"grunnkretsnummer":"15061011","grunnkretsnavn":"Midsund Indre","delomradenummer":"150610","delomradenavn":"Midsund","kommunenummer":"1506"}},{"type":"Polygon","arcs":[[111,112,113,2922,2923,117,118,119]],"properties":{"grunnkretsnummer":"15060804","grunnkretsnavn":"Høvik","delomradenummer":"150608","delomradenavn":"Nesset","kommunenummer":"1506"}},{"type":"Polygon","arcs":[[120,121,122,123]],"properties":{"grunnkretsnummer":"15060508","grunnkretsnavn":"Årødalen","delomradenummer":"150605","delomradenavn":"Røbekk","kommunenummer":"1506"}},{"type":"Polygon","arcs":[[124,125,126,127]],"properties":{"grunnkretsnummer":"15780225","grunnkretsnavn":"Svartegga","delomradenummer":"157802","delomradenavn":"Norddal","kommunenummer":"1578"}},{"type":"Polygon","arcs":[[128,-67,-2904,2924,2925,130,2926,2927,133]],"properties":{"grunnkretsnummer":"15060806","grunnkretsnavn":"Eidsvåg sentrum","delomradenummer":"150608","delomradenavn":"Nesset","kommunenummer":"1506"}},{"type":"Polygon","arcs":[[-103,134,135,136,137,-56]],"properties":{"grunnkretsnummer":"15060402","grunnkretsnavn":"Fuglset øvre","delomradenummer":"150604","delomradenavn":"Fuglset","kommunenummer":"1506"}},{"type":"Polygon","arcs":[[138,139,140,141,142,143,144,145]],"properties":{"grunnkretsnummer":"15390411","grunnkretsnavn":"Marstein","delomradenummer":"153904","delomradenavn":"Romsdalen","kommunenummer":"1539"}},{"type":"Polygon","arcs":[[2928,147,148,149,2929,2930]],"properties":{"grunnkretsnummer":"15390104","grunnkretsnavn":"Voll","delomradenummer":"153901","delomradenavn":"Sørsida","kommunenummer":"1539"}},{"type":"Polygon","arcs":[[151,152,153,154,155,156,-143,157,158]],"properties":{"grunnkretsnummer":"15390410","grunnkretsnavn":"Sogge","delomradenummer":"153904","delomradenavn":"Romsdalen","kommunenummer":"1539"}},{"type":"Polygon","arcs":[[159,160,161,-155,162]],"properties":{"grunnkretsnummer":"15390404","grunnkretsnavn":"Mjelva","delomradenummer":"153904","delomradenavn":"Romsdalen","kommunenummer":"1539"}},{"type":"Polygon","arcs":[[163,164,165,166,167,168]],"properties":{"grunnkretsnummer":"15390305","grunnkretsnavn":"Grøvdal","delomradenummer":"153903","delomradenavn":"Isfjorden","kommunenummer":"1539"}},{"type":"Polygon","arcs":[[169,170,2931,2932,-2930,-150,174,175,176]],"properties":{"grunnkretsnummer":"15390105","grunnkretsnavn":"Sæbø","delomradenummer":"153901","delomradenavn":"Sørsida","kommunenummer":"1539"}},{"type":"Polygon","arcs":[[177,178,-139,179,180]],"properties":{"grunnkretsnummer":"15390412","grunnkretsnavn":"Verma","delomradenummer":"153904","delomradenavn":"Romsdalen","kommunenummer":"1539"}},{"type":"Polygon","arcs":[[-136,181,182,2933,2934,186]],"properties":{"grunnkretsnummer":"15060404","grunnkretsnavn":"Fuglset nedre","delomradenummer":"150604","delomradenavn":"Fuglset","kommunenummer":"1506"}},{"type":"Polygon","arcs":[[-87,187,188,2935,192]],"properties":{"grunnkretsnummer":"15060304","grunnkretsnavn":"Sentrum 2","delomradenummer":"150603","delomradenavn":"Moldegård","kommunenummer":"1506"}},{"type":"Polygon","arcs":[[193,194,195,196,197,-101,198]],"properties":{"grunnkretsnummer":"15060307","grunnkretsnavn":"Høglia","delomradenummer":"150603","delomradenavn":"Moldegård","kommunenummer":"1506"}},{"type":"Polygon","arcs":[[199,-137,-187,-2935,2936,-189]],"properties":{"grunnkretsnummer":"15060305","grunnkretsnavn":"Lingedalen","delomradenummer":"150603","delomradenavn":"Moldegård","kommunenummer":"1506"}},{"type":"Polygon","arcs":[[201,202,-52,203,204,205]],"properties":{"grunnkretsnummer":"15060202","grunnkretsnavn":"Kringsjå","delomradenummer":"150602","delomradenavn":"Reknes","kommunenummer":"1506"}},{"type":"Polygon","arcs":[[206,207,208,2937,212]],"properties":{"grunnkretsnummer":"15060103","grunnkretsnavn":"Mek","delomradenummer":"150601","delomradenavn":"Haukebøen","kommunenummer":"1506"}},{"type":"Polygon","arcs":[[213,214,-122,215,2938,2939,-2910,-82]],"properties":{"grunnkretsnummer":"15060507","grunnkretsnavn":"Årø","delomradenummer":"150605","delomradenavn":"Røbekk","kommunenummer":"1506"}},{"type":"Polygon","arcs":[[219,220,221,2940,2941,-183]],"properties":{"grunnkretsnummer":"15060405","grunnkretsnavn":"Tøndergård","delomradenummer":"150604","delomradenavn":"Fuglset","kommunenummer":"1506"}},{"type":"Polygon","arcs":[[224,225,-220,-182,-135]],"properties":{"grunnkretsnummer":"15060403","grunnkretsnavn":"Øverland","delomradenummer":"150604","delomradenavn":"Fuglset","kommunenummer":"1506"}},{"type":"MultiPolygon","arcs":[[[2942,228,229,230,231,232,2943,2944]],[[2945,2946,2947]]],"properties":{"grunnkretsnummer":"15060608","grunnkretsnavn":"Osen","delomradenummer":"150606","delomradenavn":"Kleive","kommunenummer":"1506"}},{"type":"MultiPolygon","arcs":[[[2948,236,237,238,239,2949]],[[2950]]],"properties":{"grunnkretsnummer":"15060706","grunnkretsnavn":"Nesje","delomradenummer":"150607","delomradenavn":"Skåla","kommunenummer":"1506"}},{"type":"Polygon","arcs":[[242,243,2951,2952,2953,248,249]],"properties":{"grunnkretsnummer":"15060605","grunnkretsnavn":"Eide","delomradenummer":"150606","delomradenavn":"Kleive","kommunenummer":"1506"}},{"type":"MultiPolygon","arcs":[[[-2905,-71,251,2954,2955]],[[-2927,-131,-2926,2956]]],"properties":{"grunnkretsnummer":"15060809","grunnkretsnavn":"Vorpenes","delomradenummer":"150608","delomradenavn":"Nesset","kommunenummer":"1506"}},{"type":"Polygon","arcs":[[256,-123,-215,257,258,-196]],"properties":{"grunnkretsnummer":"15060502","grunnkretsnavn":"Råkhaugen","delomradenummer":"150605","delomradenavn":"Røbekk","kommunenummer":"1506"}},{"type":"Polygon","arcs":[[259,-250,260,-74]],"properties":{"grunnkretsnummer":"15060603","grunnkretsnavn":"Roaldset","delomradenummer":"150606","delomradenavn":"Kleive","kommunenummer":"1506"}},{"type":"Polygon","arcs":[[2957,262,263,264,2958,2959]],"properties":{"grunnkretsnummer":"15060101","grunnkretsnavn":"Mordal","delomradenummer":"150601","delomradenavn":"Haukebøen","kommunenummer":"1506"}},{"type":"Polygon","arcs":[[-197,-259,268,269,270]],"properties":{"grunnkretsnummer":"15060501","grunnkretsnavn":"Gjerhaugen","delomradenummer":"150605","delomradenavn":"Røbekk","kommunenummer":"1506"}},{"type":"Polygon","arcs":[[2960]],"properties":{"grunnkretsnummer":"15060510","grunnkretsnavn":"Bolsøya","delomradenummer":"150605","delomradenavn":"Røbekk","kommunenummer":"1506"}},{"type":"Polygon","arcs":[[275,-86,-2912,2961,-2941,-222]],"properties":{"grunnkretsnummer":"15060505","grunnkretsnavn":"Bergmo","delomradenummer":"150605","delomradenavn":"Røbekk","kommunenummer":"1506"}},{"type":"MultiPolygon","arcs":[[[2962]],[[2963]],[[2964]],[[2965]],[[2966]],[[2967]],[[2968]]],"properties":{"grunnkretsnummer":"15060306","grunnkretsnavn":"Moldeholmene","delomradenummer":"150603","delomradenavn":"Moldegård","kommunenummer":"1506"}},{"type":"MultiPolygon","arcs":[[[-240,283,284,285,2969]],[[2970]]],"properties":{"grunnkretsnummer":"15060705","grunnkretsnavn":"Sølsnes","delomradenummer":"150607","delomradenavn":"Skåla","kommunenummer":"1506"}},{"type":"Polygon","arcs":[[291,292,293,294,295,296,297]],"properties":{"grunnkretsnummer":"15060906","grunnkretsnavn":"Aursjøen","delomradenummer":"150609","delomradenavn":"Eresfjord - Vistdal","kommunenummer":"1506"}},{"type":"Polygon","arcs":[[-119,298,2971,2972,302,-231,303,304]],"properties":{"grunnkretsnummer":"15060802","grunnkretsnavn":"Tjelle","delomradenummer":"150608","delomradenavn":"Nesset","kommunenummer":"1506"}},{"type":"Polygon","arcs":[[-261,-249,-2954,2973,-2907,-75]],"properties":{"grunnkretsnummer":"15060604","grunnkretsnavn":"Skjevik","delomradenummer":"150606","delomradenavn":"Kleive","kommunenummer":"1506"}},{"type":"MultiPolygon","arcs":[[[-65,-2901,2974,309]],[[2975]],[[2976]]],"properties":{"grunnkretsnummer":"15061009","grunnkretsnavn":"Nord - Heggdal - Tautra","delomradenummer":"150610","delomradenavn":"Midsund","kommunenummer":"1506"}},{"type":"Polygon","arcs":[[2977,311,312,313,2978]],"properties":{"grunnkretsnummer":"15060811","grunnkretsnavn":"Bersås","delomradenummer":"150608","delomradenavn":"Nesset","kommunenummer":"1506"}},{"type":"MultiPolygon","arcs":[[[2979]],[[2980]]],"properties":{"grunnkretsnummer":"15060707","grunnkretsnavn":"Sekken","delomradenummer":"150607","delomradenavn":"Skåla","kommunenummer":"1506"}},{"type":"MultiPolygon","arcs":[[[2981,323,324,325,326,327,328,2982]],[[2983]]],"properties":{"grunnkretsnummer":"15060901","grunnkretsnavn":"Myklebostad","delomradenummer":"150609","delomradenavn":"Eresfjord - Vistdal","kommunenummer":"1506"}},{"type":"Polygon","arcs":[[331,-58,-53,-203]],"properties":{"grunnkretsnummer":"15060201","grunnkretsnavn":"Hatlelia","delomradenummer":"150602","delomradenavn":"Reknes","kommunenummer":"1506"}},{"type":"Polygon","arcs":[[-69,332,-312,-2978,2984,-2916,-95]],"properties":{"grunnkretsnummer":"15060812","grunnkretsnavn":"Eidsøra","delomradenummer":"150608","delomradenavn":"Nesset","kommunenummer":"1506"}},{"type":"Polygon","arcs":[[334,335,-199,-104,-54,-332,-202,336]],"properties":{"grunnkretsnummer":"15060301","grunnkretsnavn":"Moldeheia","delomradenummer":"150603","delomradenavn":"Moldegård","kommunenummer":"1506"}},{"type":"Polygon","arcs":[[337,-205,338,339,2985,2986,2987,342]],"properties":{"grunnkretsnummer":"15060106","grunnkretsnavn":"Bjørset","delomradenummer":"150601","delomradenavn":"Haukebøen","kommunenummer":"1506"}},{"type":"Polygon","arcs":[[2988,344,2989,2990,-2885,-11,346,2991,2992]],"properties":{"grunnkretsnummer":"15061005","grunnkretsnavn":"Nerland","delomradenummer":"150610","delomradenavn":"Midsund","kommunenummer":"1506"}},{"type":"Polygon","arcs":[[-310,2993,-2920,-109,349,350,-9,-59]],"properties":{"grunnkretsnummer":"15061010","grunnkretsnavn":"Sør-Heggdal","delomradenummer":"150610","delomradenavn":"Midsund","kommunenummer":"1506"}},{"type":"MultiPolygon","arcs":[[[2994,356,2995,2996]],[[2997]],[[2998]]],"properties":{"grunnkretsnummer":"15061001","grunnkretsnavn":"Søre Midøy","delomradenummer":"150610","delomradenavn":"Midsund","kommunenummer":"1506"}},{"type":"Polygon","arcs":[[-314,362,363,364,2999,3000]],"properties":{"grunnkretsnummer":"15060810","grunnkretsnavn":"Raudsand","delomradenummer":"150608","delomradenavn":"Nesset","kommunenummer":"1506"}},{"type":"Polygon","arcs":[[366,367,368,369,-229,-2943,3001,-2947,-2946,3002,-2952,-244]],"properties":{"grunnkretsnummer":"15060606","grunnkretsnavn":"Groven","delomradenummer":"150606","delomradenavn":"Kleive","kommunenummer":"1506"}},{"type":"Polygon","arcs":[[371,-145,372,-167,373,-294]],"properties":{"grunnkretsnummer":"15060905","grunnkretsnavn":"Eikesdal","delomradenummer":"150609","delomradenavn":"Eresfjord - Vistdal","kommunenummer":"1506"}},{"type":"Polygon","arcs":[[-204,-4,374,-339]],"properties":{"grunnkretsnummer":"15060206","grunnkretsnavn":"Sellanrå","delomradenummer":"150602","delomradenavn":"Reknes","kommunenummer":"1506"}},{"type":"Polygon","arcs":[[-118,3003,-2972,-299]],"properties":{"grunnkretsnummer":"15060803","grunnkretsnavn":"Rød","delomradenummer":"150608","delomradenavn":"Nesset","kommunenummer":"1506"}},{"type":"MultiPolygon","arcs":[[[-2996,-357,-2995,3004]],[[3005]]],"properties":{"grunnkretsnummer":"15061002","grunnkretsnavn":"Nordre Midøy","delomradenummer":"150610","delomradenavn":"Midsund","kommunenummer":"1506"}},{"type":"Polygon","arcs":[[378,379,-304,-230,-370,380,381,382]],"properties":{"grunnkretsnummer":"15060607","grunnkretsnavn":"Ødegård","delomradenummer":"150606","delomradenavn":"Kleive","kommunenummer":"1506"}},{"type":"Polygon","arcs":[[383,384,-79,-2909,3006,3007,387]],"properties":{"grunnkretsnummer":"15060601","grunnkretsnavn":"Mjelvehagen","delomradenummer":"150606","delomradenavn":"Kleive","kommunenummer":"1506"}},{"type":"Polygon","arcs":[[388,-337,-206,-338,389,-208]],"properties":{"grunnkretsnummer":"15060104","grunnkretsnavn":"Bjørset utmark","delomradenummer":"150601","delomradenavn":"Haukebøen","kommunenummer":"1506"}},{"type":"Polygon","arcs":[[390,-388,-3008,3008,-2939,-216,-121]],"properties":{"grunnkretsnummer":"15060509","grunnkretsnavn":"Strande","delomradenummer":"150605","delomradenavn":"Røbekk","kommunenummer":"1506"}},{"type":"Polygon","arcs":[[-2990,-345,-2989,3009]],"properties":{"grunnkretsnummer":"15061006","grunnkretsnavn":"Raknes","delomradenummer":"150610","delomradenavn":"Midsund","kommunenummer":"1506"}},{"type":"Polygon","arcs":[[394,-134,3010,-2923,-114]],"properties":{"grunnkretsnummer":"15060805","grunnkretsnavn":"Hammervoll","delomradenummer":"150608","delomradenavn":"Nesset","kommunenummer":"1506"}},{"type":"Polygon","arcs":[[395,-213,3011,-2959,-265]],"properties":{"grunnkretsnummer":"15060102","grunnkretsnavn":"Kringstad","delomradenummer":"150601","delomradenavn":"Haukebøen","kommunenummer":"1506"}},{"type":"Polygon","arcs":[[-2888,-17,396,-238,-237,-2949,3012]],"properties":{"grunnkretsnummer":"15060704","grunnkretsnavn":"Geitnes","delomradenummer":"150607","delomradenavn":"Skåla","kommunenummer":"1506"}},{"type":"Polygon","arcs":[[-2944,-233,397,-285,398,3013]],"properties":{"grunnkretsnummer":"15060703","grunnkretsnavn":"Risan","delomradenummer":"150607","delomradenavn":"Skåla","kommunenummer":"1506"}},{"type":"Polygon","arcs":[[-2955,-252,-70,-100,400,401,3014]],"properties":{"grunnkretsnummer":"15060814","grunnkretsnavn":"Bugge","delomradenummer":"150608","delomradenavn":"Nesset","kommunenummer":"1506"}},{"type":"Polygon","arcs":[[-198,-271,403,-225,-102]],"properties":{"grunnkretsnummer":"15060401","grunnkretsnavn":"Hauglegda","delomradenummer":"150604","delomradenavn":"Fuglset","kommunenummer":"1506"}},{"type":"Polygon","arcs":[[404,405,406,407,-295,-374,-166]],"properties":{"grunnkretsnummer":"15060904","grunnkretsnavn":"Slenes","delomradenummer":"150609","delomradenavn":"Eresfjord - Vistdal","kommunenummer":"1506"}},{"type":"Polygon","arcs":[[-57,-138,-200,-188,-50]],"properties":{"grunnkretsnummer":"15060303","grunnkretsnavn":"Langmyra","delomradenummer":"150603","delomradenavn":"Moldegård","kommunenummer":"1506"}},{"type":"Polygon","arcs":[[408,-405,-165,409,-325]],"properties":{"grunnkretsnummer":"15060902","grunnkretsnavn":"Nerland","delomradenummer":"150609","delomradenavn":"Eresfjord - Vistdal","kommunenummer":"1506"}},{"type":"MultiPolygon","arcs":[[[-2992,-347,-10,-351,410,3015,3016]],[[3017]],[[3018]]],"properties":{"grunnkretsnummer":"15061004","grunnkretsnavn":"Ugelvik","delomradenummer":"150610","delomradenavn":"Midsund","kommunenummer":"1506"}},{"type":"Polygon","arcs":[[-269,-258,-214,-81,414]],"properties":{"grunnkretsnummer":"15060504","grunnkretsnavn":"Eikrem","delomradenummer":"150605","delomradenavn":"Røbekk","kommunenummer":"1506"}},{"type":"Polygon","arcs":[[-409,-324,-2982,3019,-402,415,416,-406]],"properties":{"grunnkretsnummer":"15060903","grunnkretsnavn":"Sira","delomradenummer":"150609","delomradenavn":"Eresfjord - Vistdal","kommunenummer":"1506"}},{"type":"Polygon","arcs":[[417,-363,-313,-333,-68,-129,-395,-113,418,419]],"properties":{"grunnkretsnummer":"15060807","grunnkretsnavn":"Aasen","delomradenummer":"150608","delomradenavn":"Nesset","kommunenummer":"1506"}},{"type":"Polygon","arcs":[[-270,-415,-80,-276,-221,-226,-404]],"properties":{"grunnkretsnummer":"15060503","grunnkretsnavn":"Øvre Berg","delomradenummer":"150605","delomradenavn":"Røbekk","kommunenummer":"1506"}},{"type":"Polygon","arcs":[[-390,-343,-2988,3020,-209]],"properties":{"grunnkretsnummer":"15060105","grunnkretsnavn":"Strandheim","delomradenummer":"150601","delomradenavn":"Haukebøen","kommunenummer":"1506"}},{"type":"Polygon","arcs":[[-375,-3,-88,-193,3021,-2986,-340]],"properties":{"grunnkretsnummer":"15060207","grunnkretsnavn":"Sentrum 1","delomradenummer":"150602","delomradenavn":"Reknes","kommunenummer":"1506"}},{"type":"Polygon","arcs":[[-3016,-411,-350,-108,3022]],"properties":{"grunnkretsnummer":"15061003","grunnkretsnavn":"Midsund","delomradenummer":"150610","delomradenavn":"Midsund","kommunenummer":"1506"}},{"type":"Polygon","arcs":[[-398,-232,-303,3023,-286]],"properties":{"grunnkretsnummer":"15060801","grunnkretsnavn":"Ranvik","delomradenummer":"150608","delomradenavn":"Nesset","kommunenummer":"1506"}},{"type":"Polygon","arcs":[[-399,-284,-239,-397,-16,-2887,3024]],"properties":{"grunnkretsnummer":"15060702","grunnkretsnavn":"Solemdal","delomradenummer":"150607","delomradenavn":"Skåla","kommunenummer":"1506"}},{"type":"Polygon","arcs":[[421,-160,422,423,3025,3026,425]],"properties":{"grunnkretsnummer":"15390402","grunnkretsnavn":"Øran øst","delomradenummer":"153904","delomradenavn":"Romsdalen","kommunenummer":"1539"}},{"type":"Polygon","arcs":[[427,428,-328,429,3027,3028]],"properties":{"grunnkretsnummer":"15390302","grunnkretsnavn":"Tokle","delomradenummer":"153903","delomradenavn":"Isfjorden","kommunenummer":"1539"}},{"type":"Polygon","arcs":[[3029,434,435,436,437,-156,438,3030,3031]],"properties":{"grunnkretsnummer":"15390306","grunnkretsnavn":"Grøtta","delomradenummer":"153903","delomradenavn":"Isfjorden","kommunenummer":"1539"}},{"type":"Polygon","arcs":[[-179,440,441,442,443,444,445,-140]],"properties":{"grunnkretsnummer":"15390414","grunnkretsnavn":"Ulvådalen","delomradenummer":"153904","delomradenavn":"Romsdalen","kommunenummer":"1539"}},{"type":"Polygon","arcs":[[447,448,449,450,3032]],"properties":{"grunnkretsnummer":"15390205","grunnkretsnavn":"Holm","delomradenummer":"153902","delomradenavn":"Nordsida","kommunenummer":"1539"}},{"type":"Polygon","arcs":[[452,-448,3033,-329,-429]],"properties":{"grunnkretsnummer":"15390206","grunnkretsnavn":"Mittet","delomradenummer":"153902","delomradenavn":"Nordsida","kommunenummer":"1539"}},{"type":"Polygon","arcs":[[455,-153,456,3034,3035]],"properties":{"grunnkretsnummer":"15390101","grunnkretsnavn":"Gridset","delomradenummer":"153901","delomradenavn":"Sørsida","kommunenummer":"1539"}},{"type":"MultiPolygon","arcs":[[[-451,458,459,3036,3037]],[[3038]]],"properties":{"grunnkretsnummer":"15390204","grunnkretsnavn":"Sandnes","delomradenummer":"153902","delomradenavn":"Nordsida","kommunenummer":"1539"}},{"type":"Polygon","arcs":[[-3028,-430,-327,461,-435,-3030,3039]],"properties":{"grunnkretsnummer":"15390303","grunnkretsnavn":"Hen","delomradenummer":"153903","delomradenavn":"Isfjorden","kommunenummer":"1539"}},{"type":"Polygon","arcs":[[-449,-453,-428,3040,3041,466]],"properties":{"grunnkretsnummer":"15390301","grunnkretsnavn":"Stranden","delomradenummer":"153903","delomradenavn":"Isfjorden","kommunenummer":"1539"}},{"type":"MultiPolygon","arcs":[[[-2891,-22,-2890,3042,3043,469,3044,3045]],[[-3037,-460,467,3046,3047]],[[3048]]],"properties":{"grunnkretsnummer":"15390202","grunnkretsnavn":"Frisvold","delomradenummer":"153902","delomradenavn":"Nordsida","kommunenummer":"1539"}},{"type":"Polygon","arcs":[[-3031,-439,-162,473,474,475,3049,3050]],"properties":{"grunnkretsnummer":"15390405","grunnkretsnavn":"Nesstranda","delomradenummer":"153904","delomradenavn":"Romsdalen","kommunenummer":"1539"}},{"type":"Polygon","arcs":[[477,478,479,-474,-161,-422]],"properties":{"grunnkretsnummer":"15390403","grunnkretsnavn":"Neshagen","delomradenummer":"153904","delomradenavn":"Romsdalen","kommunenummer":"1539"}},{"type":"Polygon","arcs":[[3051,483,-148,-2929,3052]],"properties":{"grunnkretsnummer":"15390103","grunnkretsnavn":"Hovde","delomradenummer":"153901","delomradenavn":"Sørsida","kommunenummer":"1539"}},{"type":"Polygon","arcs":[[484,-180,-146,-372,-293,485]],"properties":{"grunnkretsnummer":"15390413","grunnkretsnavn":"Sandgrovbotn","delomradenummer":"153904","delomradenavn":"Romsdalen","kommunenummer":"1539"}},{"type":"Polygon","arcs":[[-484,-3052,3053,-3035,-457,-152,486,487,488,-175,-149]],"properties":{"grunnkretsnummer":"15390102","grunnkretsnavn":"Innfjorden","delomradenummer":"153901","delomradenavn":"Sørsida","kommunenummer":"1539"}},{"type":"Polygon","arcs":[[489,490,-479,491]],"properties":{"grunnkretsnummer":"15390407","grunnkretsnavn":"Skoleområdet","delomradenummer":"153904","delomradenavn":"Romsdalen","kommunenummer":"1539"}},{"type":"Polygon","arcs":[[-423,-163,-154,-456,3054]],"properties":{"grunnkretsnummer":"15390401","grunnkretsnavn":"Veblungsnes","delomradenummer":"153904","delomradenavn":"Romsdalen","kommunenummer":"1539"}},{"type":"Polygon","arcs":[[-459,-450,-467,-3042,3055,-3045,-470,-3044,3056,-3047,-468]],"properties":{"grunnkretsnummer":"15390203","grunnkretsnavn":"Korsbakken","delomradenummer":"153902","delomradenavn":"Nordsida","kommunenummer":"1539"}},{"type":"Polygon","arcs":[[494,-169,495,-437]],"properties":{"grunnkretsnummer":"15390307","grunnkretsnavn":"Moa","delomradenummer":"153903","delomradenavn":"Isfjorden","kommunenummer":"1539"}},{"type":"Polygon","arcs":[[-3050,-476,496,-490,497,3057,3058]],"properties":{"grunnkretsnummer":"15390408","grunnkretsnavn":"Vollan","delomradenummer":"153904","delomradenavn":"Romsdalen","kommunenummer":"1539"}},{"type":"Polygon","arcs":[[-3058,-498,-492,-478,-426,-3027,3059]],"properties":{"grunnkretsnummer":"15390409","grunnkretsnavn":"Øran vest","delomradenummer":"153904","delomradenavn":"Romsdalen","kommunenummer":"1539"}},{"type":"Polygon","arcs":[[-497,-475,-480,-491]],"properties":{"grunnkretsnummer":"15390406","grunnkretsnavn":"Risen","delomradenummer":"153904","delomradenavn":"Romsdalen","kommunenummer":"1539"}},{"type":"Polygon","arcs":[[-462,-326,-410,-164,-495,-436]],"properties":{"grunnkretsnummer":"15390304","grunnkretsnavn":"Kavli","delomradenummer":"153903","delomradenavn":"Isfjorden","kommunenummer":"1539"}},{"type":"Polygon","arcs":[[-438,-496,-168,-373,-144,-157]],"properties":{"grunnkretsnummer":"15390308","grunnkretsnavn":"Dale","delomradenummer":"153903","delomradenavn":"Isfjorden","kommunenummer":"1539"}},{"type":"Polygon","arcs":[[499,-141,-446,500]],"properties":{"grunnkretsnummer":"15780221","grunnkretsnavn":"Langfjelldalen","delomradenummer":"157802","delomradenavn":"Norddal","kommunenummer":"1578"}},{"type":"MultiPolygon","arcs":[[[501,502,503,504,3060,3061,3062,511]],[[3063,506,507,3064,3065]]],"properties":{"grunnkretsnummer":"15780206","grunnkretsnavn":"Fjørå","delomradenummer":"157802","delomradenavn":"Norddal","kommunenummer":"1578"}},{"type":"Polygon","arcs":[[512,-512,-3063,3066,3067,514]],"properties":{"grunnkretsnummer":"15780202","grunnkretsnavn":"Sylte","delomradenummer":"157802","delomradenavn":"Norddal","kommunenummer":"1578"}},{"type":"Polygon","arcs":[[515,516,3068,3069,-3065,-508,519,520,521]],"properties":{"grunnkretsnummer":"15780208","grunnkretsnavn":"Dalsbygda","delomradenummer":"157802","delomradenavn":"Norddal","kommunenummer":"1578"}},{"type":"Polygon","arcs":[[3070,525,-516,526,527,3071,3072]],"properties":{"grunnkretsnummer":"15780210","grunnkretsnavn":"Rønneberg","delomradenummer":"157802","delomradenavn":"Norddal","kommunenummer":"1578"}},{"type":"Polygon","arcs":[[-501,-445,530,531]],"properties":{"grunnkretsnummer":"15780222","grunnkretsnavn":"Breidfjellet","delomradenummer":"157802","delomradenavn":"Norddal","kommunenummer":"1578"}},{"type":"Polygon","arcs":[[532,-488,533,534,535,-503,536]],"properties":{"grunnkretsnummer":"15780204","grunnkretsnavn":"Gjerde","delomradenummer":"157802","delomradenavn":"Norddal","kommunenummer":"1578"}},{"type":"Polygon","arcs":[[3073,539,540,3074,3075]],"properties":{"grunnkretsnummer":"15780102","grunnkretsnavn":"Skotet","delomradenummer":"157801","delomradenavn":"Stordal","kommunenummer":"1578"}},{"type":"Polygon","arcs":[[542,543,-89,544,545]],"properties":{"grunnkretsnummer":"15780104","grunnkretsnavn":"Midtbust","delomradenummer":"157801","delomradenavn":"Stordal","kommunenummer":"1578"}},{"type":"Polygon","arcs":[[546,547,548,-546,549,550,-176,-489,-533]],"properties":{"grunnkretsnummer":"15780105","grunnkretsnavn":"Moe","delomradenummer":"157801","delomradenavn":"Stordal","kommunenummer":"1578"}},{"type":"Polygon","arcs":[[-527,-522,551]],"properties":{"grunnkretsnummer":"15780209","grunnkretsnavn":"Eide","delomradenummer":"157802","delomradenavn":"Norddal","kommunenummer":"1578"}},{"type":"Polygon","arcs":[[-548,552,-515,-3068,3076,3077,555]],"properties":{"grunnkretsnummer":"15780201","grunnkretsnavn":"Muri","delomradenummer":"157802","delomradenavn":"Norddal","kommunenummer":"1578"}},{"type":"Polygon","arcs":[[-487,-159,556,-534]],"properties":{"grunnkretsnummer":"15780220","grunnkretsnavn":"Høgstolen","delomradenummer":"157802","delomradenavn":"Norddal","kommunenummer":"1578"}},{"type":"Polygon","arcs":[[-504,-536,557,-531,-444,558,559]],"properties":{"grunnkretsnummer":"15780223","grunnkretsnavn":"Neskopptindane","delomradenummer":"157802","delomradenavn":"Norddal","kommunenummer":"1578"}},{"type":"Polygon","arcs":[[-3069,-517,-526,-3071,3078]],"properties":{"grunnkretsnummer":"15780211","grunnkretsnavn":"Ytterdal","delomradenummer":"157802","delomradenavn":"Norddal","kommunenummer":"1578"}},{"type":"Polygon","arcs":[[-507,-3064,3079,-3061,-505,-560,560,-128,561,-520]],"properties":{"grunnkretsnummer":"15780207","grunnkretsnavn":"Tafjord","delomradenummer":"157802","delomradenavn":"Norddal","kommunenummer":"1578"}},{"type":"Polygon","arcs":[[-559,-443,562,-125,-561]],"properties":{"grunnkretsnummer":"15780224","grunnkretsnavn":"Illstigfjellet","delomradenummer":"157802","delomradenavn":"Norddal","kommunenummer":"1578"}},{"type":"Polygon","arcs":[[-547,-537,-502,-513,-553]],"properties":{"grunnkretsnummer":"15780203","grunnkretsnavn":"Uri","delomradenummer":"157802","delomradenavn":"Norddal","kommunenummer":"1578"}},{"type":"Polygon","arcs":[[-2913,-90,-544,563,3080,3081]],"properties":{"grunnkretsnummer":"15780103","grunnkretsnavn":"Stordal sentrum","delomradenummer":"157801","delomradenavn":"Stordal","kommunenummer":"1578"}},{"type":"Polygon","arcs":[[-557,-158,-142,-500,-532,-558,-535]],"properties":{"grunnkretsnummer":"15780205","grunnkretsnavn":"Alstad","delomradenummer":"157802","delomradenavn":"Norddal","kommunenummer":"1578"}},{"type":"Polygon","arcs":[[-556,-3078,3082,-3081,-564,-543,-549]],"properties":{"grunnkretsnummer":"15250101","grunnkretsnavn":"Liabygda","delomradenummer":"152501","delomradenavn":"Stranda - Liabygda","kommunenummer":"1525"}},{"type":"Polygon","arcs":[[570,571,572]],"properties":{"grunnkretsnummer":"15250104","grunnkretsnavn":"Storgjerde","delomradenummer":"152501","delomradenavn":"Stranda - Liabygda","kommunenummer":"1525"}},{"type":"Polygon","arcs":[[573,574,575,576,577,578,579]],"properties":{"grunnkretsnummer":"15250108","grunnkretsnavn":"Kjølås","delomradenummer":"152501","delomradenavn":"Stranda - Liabygda","kommunenummer":"1525"}},{"type":"Polygon","arcs":[[580,581,582]],"properties":{"grunnkretsnummer":"15250113","grunnkretsnavn":"Fjørstad","delomradenummer":"152501","delomradenavn":"Stranda - Liabygda","kommunenummer":"1525"}},{"type":"Polygon","arcs":[[583,584,-586,-587,-588,-589,589]],"properties":{"grunnkretsnummer":"15250204","grunnkretsnavn":"Bjørdal-Frøysa","delomradenummer":"152502","delomradenavn":"Synnylven - Geiranger","kommunenummer":"1525"}},{"type":"Polygon","arcs":[[590,3083,3084,593,-576,594]],"properties":{"grunnkretsnummer":"15250107","grunnkretsnavn":"Sløgstad","delomradenummer":"152501","delomradenavn":"Stranda - Liabygda","kommunenummer":"1525"}},{"type":"Polygon","arcs":[[-521,-562,-127,595,-597,-585,597,598,3085,3086,-3072,-528,-552]],"properties":{"grunnkretsnummer":"15250205","grunnkretsnavn":"Geiranger","delomradenummer":"152502","delomradenavn":"Synnylven - Geiranger","kommunenummer":"1525"}},{"type":"Polygon","arcs":[[-579,601,-583,602,603,604,605]],"properties":{"grunnkretsnummer":"15250112","grunnkretsnavn":"Helstad","delomradenummer":"152501","delomradenavn":"Stranda - Liabygda","kommunenummer":"1525"}},{"type":"Polygon","arcs":[[-607,607,608,609,610,611,612,613,-590]],"properties":{"grunnkretsnummer":"15250202","grunnkretsnavn":"Tronstad","delomradenummer":"152502","delomradenavn":"Synnylven - Geiranger","kommunenummer":"1525"}},{"type":"Polygon","arcs":[[614,-598,-584,-614]],"properties":{"grunnkretsnummer":"15250203","grunnkretsnavn":"Hauge","delomradenummer":"152502","delomradenavn":"Synnylven - Geiranger","kommunenummer":"1525"}},{"type":"Polygon","arcs":[[615,616,617,-573,618,-580,-606]],"properties":{"grunnkretsnummer":"15250111","grunnkretsnavn":"Furset","delomradenummer":"152501","delomradenavn":"Stranda - Liabygda","kommunenummer":"1525"}},{"type":"Polygon","arcs":[[619,-595,-575,620,621]],"properties":{"grunnkretsnummer":"15250106","grunnkretsnavn":"Ringstad","delomradenummer":"152501","delomradenavn":"Stranda - Liabygda","kommunenummer":"1525"}},{"type":"Polygon","arcs":[[-594,-3085,3087,3088,623,-577]],"properties":{"grunnkretsnummer":"15250109","grunnkretsnavn":"Hagen-Helsemfeltet","delomradenummer":"152501","delomradenavn":"Stranda - Liabygda","kommunenummer":"1525"}},{"type":"Polygon","arcs":[[624,-621,-574,-619,-572]],"properties":{"grunnkretsnummer":"15250105","grunnkretsnavn":"Sløgstadmarka-Ringstad","delomradenummer":"152501","delomradenavn":"Stranda - Liabygda","kommunenummer":"1525"}},{"type":"Polygon","arcs":[[625,-603,-582,626,3089,3090,-3086,-599,-615,-613]],"properties":{"grunnkretsnummer":"15250201","grunnkretsnavn":"Hellesylt","delomradenummer":"152502","delomradenavn":"Synnylven - Geiranger","kommunenummer":"1525"}},{"type":"Polygon","arcs":[[-618,628,629,-622,-625,-571]],"properties":{"grunnkretsnummer":"15250103","grunnkretsnavn":"Langlo","delomradenummer":"152501","delomradenavn":"Stranda - Liabygda","kommunenummer":"1525"}},{"type":"Polygon","arcs":[[-578,-624,-3089,3091,-3090,-627,-581,-602]],"properties":{"grunnkretsnummer":"15250110","grunnkretsnavn":"Bygda","delomradenummer":"152501","delomradenavn":"Stranda - Liabygda","kommunenummer":"1525"}},{"type":"Polygon","arcs":[[-540,-3074,3092,-591,-620,-630,630,631]],"properties":{"grunnkretsnummer":"15250102","grunnkretsnavn":"Ødegård-Langlo","delomradenummer":"152501","delomradenavn":"Stranda - Liabygda","kommunenummer":"1525"}},{"type":"Polygon","arcs":[[3093,633,634,635,636,637,-29,3094]],"properties":{"grunnkretsnummer":"15160104","grunnkretsnavn":"Skeide","delomradenummer":"151601","delomradenavn":"Ytre Ulstein","kommunenummer":"1516"}},{"type":"Polygon","arcs":[[3095,641,642,643,3096,645,3097,647,648,649,3098]],"properties":{"grunnkretsnummer":"15280105","grunnkretsnavn":"Riksheim","delomradenummer":"152801","delomradenavn":"Sørestranda - Velledalen","kommunenummer":"1528"}},{"type":"Polygon","arcs":[[3099,652,653,654,3100,3101]],"properties":{"grunnkretsnummer":"15280204","grunnkretsnavn":"Aure","delomradenummer":"152802","delomradenavn":"Sykkylven","kommunenummer":"1528"}},{"type":"Polygon","arcs":[[-3101,-655,659,660,661,3102]],"properties":{"grunnkretsnummer":"15280205","grunnkretsnavn":"Vik","delomradenummer":"152802","delomradenavn":"Sykkylven","kommunenummer":"1528"}},{"type":"Polygon","arcs":[[663,664,665,666,3103,3104,-2893,-31]],"properties":{"grunnkretsnummer":"15160106","grunnkretsnavn":"Ulsteinvik","delomradenummer":"151601","delomradenavn":"Ytre Ulstein","kommunenummer":"1516"}},{"type":"Polygon","arcs":[[668,669,670,3105,3106,-3075,-541,-632]],"properties":{"grunnkretsnummer":"15280208","grunnkretsnavn":"Ramstaddal","delomradenummer":"152802","delomradenavn":"Sykkylven","kommunenummer":"1528"}},{"type":"Polygon","arcs":[[674,-653,-3100,3107,677]],"properties":{"grunnkretsnummer":"15280203","grunnkretsnavn":"Ullavik","delomradenummer":"152802","delomradenavn":"Sykkylven","kommunenummer":"1528"}},{"type":"Polygon","arcs":[[679,680,-634,-3094,3108]],"properties":{"grunnkretsnummer":"15160103","grunnkretsnavn":"Ulstein","delomradenummer":"151601","delomradenavn":"Ytre Ulstein","kommunenummer":"1516"}},{"type":"Polygon","arcs":[[3109,686,687,-649,688,3110,3111]],"properties":{"grunnkretsnummer":"15280101","grunnkretsnavn":"Hundeidvik","delomradenummer":"152801","delomradenavn":"Sørestranda - Velledalen","kommunenummer":"1528"}},{"type":"MultiPolygon","arcs":[[[3112,693,3113,3114]],[[3115]]],"properties":{"grunnkretsnummer":"15160202","grunnkretsnavn":"Sundgot","delomradenummer":"151602","delomradenavn":"Indre Ulstein","kommunenummer":"1516"}},{"type":"Polygon","arcs":[[3116,702,703,-678,3117]],"properties":{"grunnkretsnummer":"15280201","grunnkretsnavn":"Aursnes","delomradenummer":"152802","delomradenavn":"Sykkylven","kommunenummer":"1528"}},{"type":"Polygon","arcs":[[-662,707,708,3118]],"properties":{"grunnkretsnummer":"15280206","grunnkretsnavn":"Tynes","delomradenummer":"152802","delomradenavn":"Sykkylven","kommunenummer":"1528"}},{"type":"Polygon","arcs":[[710,711,-708,-661,712,-669,-631,-629,-617]],"properties":{"grunnkretsnummer":"15280109","grunnkretsnavn":"Hole","delomradenummer":"152801","delomradenavn":"Sørestranda - Velledalen","kommunenummer":"1528"}},{"type":"Polygon","arcs":[[716,717,-687,-3110,3119]],"properties":{"grunnkretsnummer":"15280102","grunnkretsnavn":"Tusvik","delomradenummer":"152801","delomradenavn":"Sørestranda - Velledalen","kommunenummer":"1528"}},{"type":"Polygon","arcs":[[-643,718,719,720,721]],"properties":{"grunnkretsnummer":"15280107","grunnkretsnavn":"Drabløs","delomradenummer":"152801","delomradenavn":"Sørestranda - Velledalen","kommunenummer":"1528"}},{"type":"Polygon","arcs":[[-675,-704,722,-670,-713,-660,-654]],"properties":{"grunnkretsnummer":"15280202","grunnkretsnavn":"Aurdal","delomradenummer":"152802","delomradenavn":"Sykkylven","kommunenummer":"1528"}},{"type":"Polygon","arcs":[[723,3120,3121,-650,-688,-718]],"properties":{"grunnkretsnummer":"15280104","grunnkretsnavn":"Indre Ikornnes","delomradenummer":"152801","delomradenavn":"Sørestranda - Velledalen","kommunenummer":"1528"}},{"type":"Polygon","arcs":[[-3106,-671,-723,-703,-3117,3122]],"properties":{"grunnkretsnummer":"15280207","grunnkretsnavn":"Søvikdal","delomradenummer":"152802","delomradenavn":"Sykkylven","kommunenummer":"1528"}},{"type":"Polygon","arcs":[[730,-711,-616,-605,731,-720]],"properties":{"grunnkretsnummer":"15280108","grunnkretsnavn":"Brunstad","delomradenummer":"152801","delomradenavn":"Sørestranda - Velledalen","kommunenummer":"1528"}},{"type":"Polygon","arcs":[[-709,-712,-731,-719,-642,-3096,3123]],"properties":{"grunnkretsnummer":"15280106","grunnkretsnavn":"Straumgjerde","delomradenummer":"152801","delomradenavn":"Sørestranda - Velledalen","kommunenummer":"1528"}},{"type":"Polygon","arcs":[[-3121,-724,-717,3124]],"properties":{"grunnkretsnummer":"15280103","grunnkretsnavn":"Ytre Ikornnes","delomradenummer":"152801","delomradenavn":"Sørestranda - Velledalen","kommunenummer":"1528"}},{"type":"Polygon","arcs":[[3125,733,734,735,736,737,3126,3127]],"properties":{"grunnkretsnummer":"15160203","grunnkretsnavn":"Hasund","delomradenummer":"151602","delomradenavn":"Indre Ulstein","kommunenummer":"1516"}},{"type":"MultiPolygon","arcs":[[[739,740,-680,3128,3129,746,747]],[[3130]],[[3131]]],"properties":{"grunnkretsnummer":"15160101","grunnkretsnavn":"Flø","delomradenummer":"151601","delomradenavn":"Ytre Ulstein","kommunenummer":"1516"}},{"type":"Polygon","arcs":[[748,749,-637,750,-735,751,752]],"properties":{"grunnkretsnummer":"15160109","grunnkretsnavn":"Holsekre øvre - Hofsetmarka","delomradenummer":"151601","delomradenavn":"Ytre Ulstein","kommunenummer":"1516"}},{"type":"MultiPolygon","arcs":[[[3132]],[[3133]],[[3134]],[[3135]],[[3136]],[[3137]],[[3138]]],"properties":{"grunnkretsnummer":"15160102","grunnkretsnavn":"Hatløy","delomradenummer":"151601","delomradenavn":"Ytre Ulstein","kommunenummer":"1516"}},{"type":"MultiPolygon","arcs":[[[-3127,-738,757,3139,3140]],[[3141]]],"properties":{"grunnkretsnummer":"15160204","grunnkretsnavn":"Garnes","delomradenummer":"151602","delomradenavn":"Indre Ulstein","kommunenummer":"1516"}},{"type":"Polygon","arcs":[[-3104,-667,760,-752,-734,-3126,3142]],"properties":{"grunnkretsnummer":"15160111","grunnkretsnavn":"Saunes","delomradenummer":"151601","delomradenavn":"Ytre Ulstein","kommunenummer":"1516"}},{"type":"Polygon","arcs":[[761,-753,-761,-666]],"properties":{"grunnkretsnummer":"15160108","grunnkretsnavn":"Holsekre nedre","delomradenummer":"151601","delomradenavn":"Ytre Ulstein","kommunenummer":"1516"}},{"type":"Polygon","arcs":[[-749,-762,-665,762]],"properties":{"grunnkretsnummer":"15160107","grunnkretsnavn":"Hofset","delomradenummer":"151601","delomradenavn":"Ytre Ulstein","kommunenummer":"1516"}},{"type":"Polygon","arcs":[[-638,-750,-763,-664,-30]],"properties":{"grunnkretsnummer":"15160110","grunnkretsnavn":"Osnes øvre","delomradenummer":"151601","delomradenavn":"Ytre Ulstein","kommunenummer":"1516"}},{"type":"MultiPolygon","arcs":[[[3143,764,3144,3145,3146,766,767,3147,3148]],[[3149]],[[3150]]],"properties":{"grunnkretsnummer":"15160206","grunnkretsnavn":"Eiksund","delomradenummer":"151602","delomradenavn":"Indre Ulstein","kommunenummer":"1516"}},{"type":"MultiPolygon","arcs":[[[-3114,-694,-3113,3151]],[[3152]]],"properties":{"grunnkretsnummer":"15160201","grunnkretsnavn":"Dimna","delomradenummer":"151602","delomradenavn":"Indre Ulstein","kommunenummer":"1516"}},{"type":"MultiPolygon","arcs":[[[775,776,-767,-3147,3153,-3140,-758,-737,779]],[[-3145,-765,-3144,3154]],[[3155]]],"properties":{"grunnkretsnummer":"15160205","grunnkretsnavn":"Haddal","delomradenummer":"151602","delomradenavn":"Indre Ulstein","kommunenummer":"1516"}},{"type":"Polygon","arcs":[[3156,781,782,783,784,785,786,3157]],"properties":{"grunnkretsnummer":"15200202","grunnkretsnavn":"Lystad","delomradenummer":"152002","delomradenavn":"Ørsta","kommunenummer":"1520"}},{"type":"Polygon","arcs":[[3158,791,792,3159]],"properties":{"grunnkretsnummer":"15350101","grunnkretsnavn":"Rekdal","delomradenummer":"153501","delomradenavn":"Tomrefjord","kommunenummer":"1535"}},{"type":"Polygon","arcs":[[3160,795,796,3161,3162]],"properties":{"grunnkretsnummer":"15350106","grunnkretsnavn":"Gjerde-Lid","delomradenummer":"153501","delomradenavn":"Tomrefjord","kommunenummer":"1535"}},{"type":"Polygon","arcs":[[3163,801,802,803,-792,-3159,3164]],"properties":{"grunnkretsnummer":"15350102","grunnkretsnavn":"Fiksdal","delomradenummer":"153501","delomradenavn":"Tomrefjord","kommunenummer":"1535"}},{"type":"Polygon","arcs":[[3165,805,806,807,808,3166,3167]],"properties":{"grunnkretsnummer":"15350201","grunnkretsnavn":"Øverås-Nerås","delomradenummer":"153502","delomradenavn":"Vestnes","kommunenummer":"1535"}},{"type":"MultiPolygon","arcs":[[[3168,814,-806,-3166,3169]],[[3170]]],"properties":{"grunnkretsnummer":"15350204","grunnkretsnavn":"Hagneset-Vestnesbukta","delomradenummer":"153502","delomradenavn":"Vestnes","kommunenummer":"1535"}},{"type":"Polygon","arcs":[[3171,816,817,818,819,820,821,822,3172]],"properties":{"grunnkretsnummer":"15350104","grunnkretsnavn":"Frostad","delomradenummer":"153501","delomradenavn":"Tomrefjord","kommunenummer":"1535"}},{"type":"Polygon","arcs":[[3173,825,826,827,3174]],"properties":{"grunnkretsnummer":"15350309","grunnkretsnavn":"Hjelvik","delomradenummer":"153503","delomradenavn":"Tresfjord","kommunenummer":"1535"}},{"type":"Polygon","arcs":[[833,834,835,3175,3176]],"properties":{"grunnkretsnummer":"15350205","grunnkretsnavn":"Helland-Remmemsvik","delomradenummer":"153502","delomradenavn":"Vestnes","kommunenummer":"1535"}},{"type":"Polygon","arcs":[[837,838,3177,3178,3179,841,842,843,844]],"properties":{"grunnkretsnummer":"15350303","grunnkretsnavn":"Sylte","delomradenummer":"153503","delomradenavn":"Tresfjord","kommunenummer":"1535"}},{"type":"Polygon","arcs":[[845,3180,-3178,-839]],"properties":{"grunnkretsnummer":"15350302","grunnkretsnavn":"Løvik-Eidhammer","delomradenummer":"153503","delomradenavn":"Tresfjord","kommunenummer":"1535"}},{"type":"Polygon","arcs":[[-828,848,849,3181,3182]],"properties":{"grunnkretsnummer":"15350307","grunnkretsnavn":"Vike ytre","delomradenummer":"153503","delomradenavn":"Tresfjord","kommunenummer":"1535"}},{"type":"Polygon","arcs":[[-846,-838,851,852,-818,853,854,-835,855,3183,3184]],"properties":{"grunnkretsnummer":"15350301","grunnkretsnavn":"Skorgen-Kjøpstad","delomradenummer":"153503","delomradenavn":"Tresfjord","kommunenummer":"1535"}},{"type":"Polygon","arcs":[[858,-826,-3174,3185,-2932,-171]],"properties":{"grunnkretsnummer":"15350308","grunnkretsnavn":"Våge","delomradenummer":"153503","delomradenavn":"Tresfjord","kommunenummer":"1535"}},{"type":"Polygon","arcs":[[-823,860,-802,-3164,3186]],"properties":{"grunnkretsnummer":"15350103","grunnkretsnavn":"Fiksdalstrand","delomradenummer":"153501","delomradenavn":"Tomrefjord","kommunenummer":"1535"}},{"type":"Polygon","arcs":[[-815,-3169,3187,862,-807]],"properties":{"grunnkretsnummer":"15350203","grunnkretsnavn":"Åsbygda-Sørås","delomradenummer":"153502","delomradenavn":"Vestnes","kommunenummer":"1535"}},{"type":"Polygon","arcs":[[-3182,-850,863,3188,3189]],"properties":{"grunnkretsnummer":"15350306","grunnkretsnavn":"Vike indre","delomradenummer":"153503","delomradenavn":"Tresfjord","kommunenummer":"1535"}},{"type":"Polygon","arcs":[[-843,866,-177,-551,867]],"properties":{"grunnkretsnummer":"15350304","grunnkretsnavn":"Rypdal-Kjersem","delomradenummer":"153503","delomradenavn":"Tresfjord","kommunenummer":"1535"}},{"type":"Polygon","arcs":[[-3189,-864,-849,-827,-859,-170,-867,-842,-3180,3190]],"properties":{"grunnkretsnummer":"15350305","grunnkretsnavn":"Daugstad","delomradenummer":"153503","delomradenavn":"Tresfjord","kommunenummer":"1535"}},{"type":"Polygon","arcs":[[-808,-863,3191,-3176,-836,-855,869,870]],"properties":{"grunnkretsnummer":"15350202","grunnkretsnavn":"Flate-Furland","delomradenummer":"153502","delomradenavn":"Vestnes","kommunenummer":"1535"}},{"type":"Polygon","arcs":[[-3167,-809,-871,-796,-3161,3192,3193]],"properties":{"grunnkretsnummer":"15350107","grunnkretsnavn":"Vik","delomradenummer":"153501","delomradenavn":"Tomrefjord","kommunenummer":"1535"}},{"type":"Polygon","arcs":[[-3162,-797,-870,-854,-817,-3172,3194]],"properties":{"grunnkretsnummer":"15350105","grunnkretsnavn":"Tomra","delomradenummer":"153501","delomradenavn":"Tomrefjord","kommunenummer":"1535"}},{"type":"Polygon","arcs":[[-3184,-856,-834,3195]],"properties":{"grunnkretsnummer":"15350206","grunnkretsnavn":"Salthammer-Brastad","delomradenummer":"153502","delomradenavn":"Vestnes","kommunenummer":"1535"}},{"type":"Polygon","arcs":[[871,872,3196,3197,3198,875,876,877]],"properties":{"grunnkretsnummer":"15310108","grunnkretsnavn":"Holen","delomradenummer":"153101","delomradenavn":"Langevåg","kommunenummer":"1531"}},{"type":"Polygon","arcs":[[3199,879,880,881,882,3200,3201]],"properties":{"grunnkretsnummer":"15600101","grunnkretsnavn":"Gyl","delomradenummer":"156001","delomradenavn":"Tingvoll","kommunenummer":"1560"}},{"type":"MultiPolygon","arcs":[[[887,888,889,890,3202,3203]],[[3204]]],"properties":{"grunnkretsnummer":"15600103","grunnkretsnavn":"Vågbø","delomradenummer":"156001","delomradenavn":"Tingvoll","kommunenummer":"1560"}},{"type":"MultiPolygon","arcs":[[[3205,899,900,-880,-3200,3206]],[[3207]]],"properties":{"grunnkretsnummer":"15600203","grunnkretsnavn":"Eikrem","delomradenummer":"156002","delomradenavn":"Straumsnes","kommunenummer":"1560"}},{"type":"Polygon","arcs":[[901,902,3208,3209,3210,907]],"properties":{"grunnkretsnummer":"15600106","grunnkretsnavn":"Tingvollvågen sør","delomradenummer":"156001","delomradenavn":"Tingvoll","kommunenummer":"1560"}},{"type":"Polygon","arcs":[[3211,3212,-3209,-903,909,910,911]],"properties":{"grunnkretsnummer":"15600108","grunnkretsnavn":"Skar","delomradenummer":"156001","delomradenavn":"Tingvoll","kommunenummer":"1560"}},{"type":"Polygon","arcs":[[-888,3213,914,-910,-902]],"properties":{"grunnkretsnummer":"15600107","grunnkretsnavn":"Meisingset","delomradenummer":"156001","delomradenavn":"Tingvoll","kommunenummer":"1560"}},{"type":"MultiPolygon","arcs":[[[3214,919,920,921,922,3215,3216,3217,924,3218,3219]],[[3220]]],"properties":{"grunnkretsnummer":"15600205","grunnkretsnavn":"Grimstad","delomradenummer":"156002","delomradenavn":"Straumsnes","kommunenummer":"1560"}},{"type":"MultiPolygon","arcs":[[[3221,928,-881,-901,929,3222,3223]],[[3224,931,-922,932,3225,3226]]],"properties":{"grunnkretsnummer":"15600209","grunnkretsnavn":"Kanestraum","delomradenummer":"156002","delomradenavn":"Straumsnes","kommunenummer":"1560"}},{"type":"MultiPolygon","arcs":[[[3227,937,3228]],[[3229]]],"properties":{"grunnkretsnummer":"15600201","grunnkretsnavn":"Aspa","delomradenummer":"156002","delomradenavn":"Straumsnes","kommunenummer":"1560"}},{"type":"MultiPolygon","arcs":[[[-932,-3225,3230,-3223,-930,-900,-3206,3231,-3216,-923]],[[-3219,-925,-3218,3232]]],"properties":{"grunnkretsnummer":"15600204","grunnkretsnavn":"Ulset","delomradenummer":"156002","delomradenavn":"Straumsnes","kommunenummer":"1560"}},{"type":"Polygon","arcs":[[-3203,-891,944,-882,-929,-3222,3233]],"properties":{"grunnkretsnummer":"15600102","grunnkretsnavn":"Torjulvågen","delomradenummer":"156001","delomradenavn":"Tingvoll","kommunenummer":"1560"}},{"type":"Polygon","arcs":[[-3201,-883,-945,-890,950,3234,3235]],"properties":{"grunnkretsnummer":"15600104","grunnkretsnavn":"Tingvollvågen nord","delomradenummer":"156001","delomradenavn":"Tingvoll","kommunenummer":"1560"}},{"type":"Polygon","arcs":[[-3235,-951,-889,-908,-3211,3236]],"properties":{"grunnkretsnummer":"15600105","grunnkretsnavn":"Tingvollvågen øst","delomradenummer":"156001","delomradenavn":"Tingvoll","kommunenummer":"1560"}},{"type":"Polygon","arcs":[[3237,955,956,-920,-3215,3238]],"properties":{"grunnkretsnummer":"15600206","grunnkretsnavn":"Kvisvik","delomradenummer":"156002","delomradenavn":"Straumsnes","kommunenummer":"1560"}},{"type":"MultiPolygon","arcs":[[[-938,-3228,3239]],[[3240]]],"properties":{"grunnkretsnummer":"15600202","grunnkretsnavn":"Aspøy","delomradenummer":"156002","delomradenavn":"Straumsnes","kommunenummer":"1560"}},{"type":"Polygon","arcs":[[-921,-957,958,3241,3242,-3226,-933]],"properties":{"grunnkretsnummer":"15600208","grunnkretsnavn":"Rakstang","delomradenummer":"156002","delomradenavn":"Straumsnes","kommunenummer":"1560"}},{"type":"MultiPolygon","arcs":[[[-3242,-959,-956,-3238,3243]],[[3244]],[[3245]],[[3246]],[[3247]]],"properties":{"grunnkretsnummer":"15600207","grunnkretsnavn":"Årsund","delomradenummer":"156002","delomradenavn":"Straumsnes","kommunenummer":"1560"}},{"type":"Polygon","arcs":[[-966,-967,-3249,3249,3250,972,973,-975]],"properties":{"grunnkretsnummer":"15760109","grunnkretsnavn":"Vik","delomradenummer":"157601","delomradenavn":"Aure","kommunenummer":"1576"}},{"type":"MultiPolygon","arcs":[[[3251,977,978,3252,3253]],[[3254,980,3255]],[[3256,982,3257,3258]],[[3259]],[[3260]],[[3261]],[[3262]],[[3263]],[[3264]]],"properties":{"grunnkretsnummer":"15760202","grunnkretsnavn":"Leira","delomradenummer":"157602","delomradenavn":"Tustna","kommunenummer":"1576"}},{"type":"Polygon","arcs":[[3265,990,3266,3267]],"properties":{"grunnkretsnummer":"15760103","grunnkretsnavn":"Skarsøya","delomradenummer":"157601","delomradenavn":"Aure","kommunenummer":"1576"}},{"type":"Polygon","arcs":[[993,3268,3269,-3271,-998,-999]],"properties":{"grunnkretsnummer":"15760104","grunnkretsnavn":"Kjørsvikbugen","delomradenummer":"157601","delomradenavn":"Aure","kommunenummer":"1576"}},{"type":"MultiPolygon","arcs":[[[-3269,-994,-1000,-1001,-974,1001,1002,3271,3272]],[[3273]]],"properties":{"grunnkretsnummer":"15760105","grunnkretsnavn":"Årvågsfjord","delomradenummer":"157601","delomradenavn":"Aure","kommunenummer":"1576"}},{"type":"MultiPolygon","arcs":[[[3274]],[[3275]],[[3276]],[[3277]],[[3278]],[[3279]]],"properties":{"grunnkretsnummer":"15760101","grunnkretsnavn":"Grisvågøy","delomradenummer":"157601","delomradenavn":"Aure","kommunenummer":"1576"}},{"type":"MultiPolygon","arcs":[[[3280,1014,1015,3281,3282]],[[3283]],[[3284]],[[3285]],[[3286]],[[3287]]],"properties":{"grunnkretsnummer":"15760114","grunnkretsnavn":"Vingsternes-Høvik","delomradenummer":"157601","delomradenavn":"Aure","kommunenummer":"1576"}},{"type":"Polygon","arcs":[[3288,1019,1020,3289,3290]],"properties":{"grunnkretsnummer":"15760204","grunnkretsnavn":"Hals","delomradenummer":"157602","delomradenavn":"Tustna","kommunenummer":"1576"}},{"type":"Polygon","arcs":[[-3290,-1021,1025,-978,-3252,3291]],"properties":{"grunnkretsnummer":"15760203","grunnkretsnavn":"Knarvik","delomradenummer":"157602","delomradenavn":"Tustna","kommunenummer":"1576"}},{"type":"MultiPolygon","arcs":[[[3292,1031,-1015,-3281,3293]],[[3294,1028,1029,3295,3296]],[[3297]],[[3298]],[[3299]],[[3300]],[[3301]],[[3302]]],"properties":{"grunnkretsnummer":"15760113","grunnkretsnavn":"Straumsvik","delomradenummer":"157601","delomradenavn":"Aure","kommunenummer":"1576"}},{"type":"MultiPolygon","arcs":[[[-1029,-3295,3303,3304,1036,1037]],[[3305]]],"properties":{"grunnkretsnummer":"15760110","grunnkretsnavn":"Ertvåg","delomradenummer":"157601","delomradenavn":"Aure","kommunenummer":"1576"}},{"type":"Polygon","arcs":[[-3272,-1003,1038,1039,3306,3307]],"properties":{"grunnkretsnummer":"15760106","grunnkretsnavn":"Stemshaug","delomradenummer":"157601","delomradenavn":"Aure","kommunenummer":"1576"}},{"type":"MultiPolygon","arcs":[[[3308]],[[3309]],[[3310]],[[3311]],[[3312]],[[3313]],[[3314]],[[3315]],[[3316]]],"properties":{"grunnkretsnummer":"15760205","grunnkretsnavn":"Nord-Tustna","delomradenummer":"157602","delomradenavn":"Tustna","kommunenummer":"1576"}},{"type":"Polygon","arcs":[[-3282,-1016,1047,1048,3317,3318]],"properties":{"grunnkretsnummer":"15760115","grunnkretsnavn":"Fuglvåg","delomradenummer":"157601","delomradenavn":"Aure","kommunenummer":"1576"}},{"type":"Polygon","arcs":[[-3318,-1049,1052,-1037,-3305,3319]],"properties":{"grunnkretsnummer":"15760111","grunnkretsnavn":"Vågos","delomradenummer":"157601","delomradenavn":"Aure","kommunenummer":"1576"}},{"type":"MultiPolygon","arcs":[[[-981,-3255,3320,-3253,-979,-1026,-1020,-3289,3321]],[[-3258,-983,-3257,3322]],[[3323]],[[3324]],[[3325]],[[3326]],[[3327]],[[3328]],[[3329]],[[3330]],[[3331]],[[3332]],[[3333]],[[3334]],[[3335]],[[3336]],[[3337]],[[3338]],[[3339]],[[3340]],[[3341]],[[3342]],[[3343]],[[3344]],[[3345]],[[3346]],[[3347]],[[3348]],[[3349]]],"properties":{"grunnkretsnummer":"15760201","grunnkretsnavn":"Sør-Tustna","delomradenummer":"157602","delomradenavn":"Tustna","kommunenummer":"1576"}},{"type":"MultiPolygon","arcs":[[[1064,-1039,-1002,-973,-3251,3350]],[[3351]],[[3352]],[[3353]]],"properties":{"grunnkretsnummer":"15760108","grunnkretsnavn":"Aure","delomradenummer":"157601","delomradenavn":"Aure","kommunenummer":"1576"}},{"type":"Polygon","arcs":[[-1032,-3293,3354,-3296,-1030,-1038,-1053,-1048]],"properties":{"grunnkretsnummer":"15760112","grunnkretsnavn":"Ålmo","delomradenummer":"157601","delomradenavn":"Aure","kommunenummer":"1576"}},{"type":"Polygon","arcs":[[1065,1066,1067,1068,-120,-305,-380,-379,-383]],"properties":{"grunnkretsnummer":"15570202","grunnkretsnavn":"Øye - Heggem","delomradenummer":"155702","delomradenavn":"Indre Gjemnes","kommunenummer":"1557"}},{"type":"MultiPolygon","arcs":[[[-3307,-1040,-1065,3355]],[[3356]],[[3357]]],"properties":{"grunnkretsnummer":"15760107","grunnkretsnavn":"Vean","delomradenummer":"157601","delomradenavn":"Aure","kommunenummer":"1576"}},{"type":"MultiPolygon","arcs":[[[-3267,-991,-3266,3358]],[[3359]]],"properties":{"grunnkretsnummer":"15760102","grunnkretsnavn":"Lesund","delomradenummer":"157601","delomradenavn":"Aure","kommunenummer":"1576"}},{"type":"Polygon","arcs":[[1072,1073,-1068,1074,3360]],"properties":{"grunnkretsnummer":"15570203","grunnkretsnavn":"Kvalvåg - Hoem","delomradenummer":"155702","delomradenavn":"Indre Gjemnes","kommunenummer":"1557"}},{"type":"Polygon","arcs":[[3361,1079,-1066,-382,1080,3362]],"properties":{"grunnkretsnummer":"15570107","grunnkretsnavn":"Øre","delomradenummer":"155701","delomradenavn":"Ytre Gjemnes","kommunenummer":"1557"}},{"type":"Polygon","arcs":[[-3000,-365,-364,-418,-420,1082,1083,3363,3364]],"properties":{"grunnkretsnummer":"15570206","grunnkretsnavn":"Angvik","delomradenummer":"155702","delomradenavn":"Indre Gjemnes","kommunenummer":"1557"}},{"type":"Polygon","arcs":[[1085,3365,3366,-1081,-381,-369,1087]],"properties":{"grunnkretsnummer":"15570106","grunnkretsnavn":"Tøriset-Silset","delomradenummer":"155701","delomradenavn":"Ytre Gjemnes","kommunenummer":"1557"}},{"type":"Polygon","arcs":[[-1067,-1080,-3362,3367,-1075]],"properties":{"grunnkretsnummer":"15570201","grunnkretsnavn":"Torvik","delomradenummer":"155702","delomradenavn":"Indre Gjemnes","kommunenummer":"1557"}},{"type":"Polygon","arcs":[[3368,3369,1095,1096,1097]],"properties":{"grunnkretsnummer":"15570101","grunnkretsnavn":"Storlandet","delomradenummer":"155701","delomradenavn":"Ytre Gjemnes","kommunenummer":"1557"}},{"type":"Polygon","arcs":[[-1096,-3370,3370,3371,1101]],"properties":{"grunnkretsnummer":"15570102","grunnkretsnavn":"Gjemnes","delomradenummer":"155701","delomradenavn":"Ytre Gjemnes","kommunenummer":"1557"}},{"type":"Polygon","arcs":[[-112,-1069,-1074,1102,-1083,-419]],"properties":{"grunnkretsnummer":"15570204","grunnkretsnavn":"Fagerli","delomradenummer":"155702","delomradenavn":"Indre Gjemnes","kommunenummer":"1557"}},{"type":"Polygon","arcs":[[1103,1104,1105,-1088,-368,-367,-243,-260,-73,-385,1106,1107]],"properties":{"grunnkretsnummer":"15570104","grunnkretsnavn":"Bjerkely","delomradenummer":"155701","delomradenavn":"Ytre Gjemnes","kommunenummer":"1557"}},{"type":"Polygon","arcs":[[-3364,-1084,-1103,-1073,3372]],"properties":{"grunnkretsnummer":"15570205","grunnkretsnavn":"Flemma","delomradenummer":"155702","delomradenavn":"Indre Gjemnes","kommunenummer":"1557"}},{"type":"Polygon","arcs":[[-1097,-1102,-3372,3373,-3366,-1086,-1106,1108]],"properties":{"grunnkretsnummer":"15570105","grunnkretsnavn":"Gaupset - Astad","delomradenummer":"155701","delomradenavn":"Ytre Gjemnes","kommunenummer":"1557"}},{"type":"MultiPolygon","arcs":[[[3374]],[[3375]],[[3376]],[[3377]],[[3378]]],"properties":{"grunnkretsnummer":"15570103","grunnkretsnavn":"Bergsøy","delomradenummer":"155701","delomradenavn":"Ytre Gjemnes","kommunenummer":"1557"}},{"type":"Polygon","arcs":[[3379,1114,3380,3381,3382,1116,3383,3384,3385,1120,1121,3386,3387]],"properties":{"grunnkretsnummer":"15310207","grunnkretsnavn":"Solevåg","delomradenummer":"153102","delomradenavn":"Indre Sula","kommunenummer":"1531"}},{"type":"Polygon","arcs":[[1125,1126,1127,1128,1129,1130,3388,3389]],"properties":{"grunnkretsnummer":"15310103","grunnkretsnavn":"Molvær","delomradenummer":"153101","delomradenavn":"Langevåg","kommunenummer":"1531"}},{"type":"MultiPolygon","arcs":[[[1132,1133,3390,3391,3392,1139]],[[3393,3394,3395]]],"properties":{"grunnkretsnummer":"15310201","grunnkretsnavn":"Fiskerstrand","delomradenummer":"153102","delomradenavn":"Indre Sula","kommunenummer":"1531"}},{"type":"MultiPolygon","arcs":[[[-3381,-1115,-3380,3396,1142,3397,3398]],[[-3384,-1117,-3383,3399]]],"properties":{"grunnkretsnummer":"15310208","grunnkretsnavn":"Sunde","delomradenummer":"153102","delomradenavn":"Indre Sula","kommunenummer":"1531"}},{"type":"Polygon","arcs":[[-3197,-873,3400,3401,3402,1150,3403,3404]],"properties":{"grunnkretsnummer":"15310107","grunnkretsnavn":"Vågnes","delomradenummer":"153101","delomradenavn":"Langevåg","kommunenummer":"1531"}},{"type":"Polygon","arcs":[[-1133,1152,1153,1154,1155]],"properties":{"grunnkretsnummer":"15310203","grunnkretsnavn":"Gjølvatnet","delomradenummer":"153102","delomradenavn":"Indre Sula","kommunenummer":"1531"}},{"type":"Polygon","arcs":[[3405,1160,1161,3406,3407]],"properties":{"grunnkretsnummer":"15310101","grunnkretsnavn":"Kjellingset","delomradenummer":"153101","delomradenavn":"Langevåg","kommunenummer":"1531"}},{"type":"Polygon","arcs":[[3408,1165,-1153,-1140,-3393,3409,-3395,-3394,3410]],"properties":{"grunnkretsnummer":"15310202","grunnkretsnavn":"Rørstad","delomradenummer":"153102","delomradenavn":"Indre Sula","kommunenummer":"1531"}},{"type":"Polygon","arcs":[[-3389,-1131,1167,-1161,-3406,3411]],"properties":{"grunnkretsnummer":"15310102","grunnkretsnavn":"Sandvik","delomradenummer":"153101","delomradenavn":"Langevåg","kommunenummer":"1531"}},{"type":"Polygon","arcs":[[-1154,-1166,-3409,3412,-3387,-1122,1170]],"properties":{"grunnkretsnummer":"15310204","grunnkretsnavn":"Mauseidvåg","delomradenummer":"153102","delomradenavn":"Indre Sula","kommunenummer":"1531"}},{"type":"MultiPolygon","arcs":[[[-3404,-1151,3413,3414]],[[3415]],[[3416]]],"properties":{"grunnkretsnummer":"15310106","grunnkretsnavn":"Langevågsholmane","delomradenummer":"153101","delomradenavn":"Langevåg","kommunenummer":"1531"}},{"type":"Polygon","arcs":[[-3407,-1162,-1168,-1130,1179,3417,3418]],"properties":{"grunnkretsnummer":"15310205","grunnkretsnavn":"Søre Sula","delomradenummer":"153102","delomradenavn":"Indre Sula","kommunenummer":"1531"}},{"type":"Polygon","arcs":[[1186,-878,1187,-1126]],"properties":{"grunnkretsnummer":"15310104","grunnkretsnavn":"Langevåg sentrum","delomradenummer":"153101","delomradenavn":"Langevåg","kommunenummer":"1531"}},{"type":"Polygon","arcs":[[1188,-876,-3199,3419,-3391,-1134,-1156,1189,-1128]],"properties":{"grunnkretsnummer":"15310110","grunnkretsnavn":"Vedde","delomradenummer":"153101","delomradenavn":"Langevåg","kommunenummer":"1531"}},{"type":"MultiPolygon","arcs":[[[-3401,-872,-1187,3420]],[[-3414,-3403,3421]]],"properties":{"grunnkretsnummer":"15310105","grunnkretsnavn":"Stadsnes","delomradenummer":"153101","delomradenavn":"Langevåg","kommunenummer":"1531"}},{"type":"Polygon","arcs":[[-3398,-1143,3422]],"properties":{"grunnkretsnummer":"15310209","grunnkretsnavn":"Veibust","delomradenummer":"153102","delomradenavn":"Indre Sula","kommunenummer":"1531"}},{"type":"Polygon","arcs":[[-877,-1189,-1127,-1188]],"properties":{"grunnkretsnummer":"15310109","grunnkretsnavn":"Bratthaug","delomradenummer":"153101","delomradenavn":"Langevåg","kommunenummer":"1531"}},{"type":"Polygon","arcs":[[-1121,-3386,3423,-3418,-1180,-1129,-1190,-1155,-1171]],"properties":{"grunnkretsnummer":"15310206","grunnkretsnavn":"Eikrem","delomradenummer":"153102","delomradenavn":"Indre Sula","kommunenummer":"1531"}},{"type":"Polygon","arcs":[[3424,1199,1200,3425,3426]],"properties":{"grunnkretsnummer":"15200410","grunnkretsnavn":"Ytre Standal-Brattheim","delomradenummer":"152004","delomradenavn":"Hjørundfjord","kommunenummer":"1520"}},{"type":"Polygon","arcs":[[-786,1202,1203,1204]],"properties":{"grunnkretsnummer":"15200203","grunnkretsnavn":"Mork-Vinjevoll","delomradenummer":"152002","delomradenavn":"Ørsta","kommunenummer":"1520"}},{"type":"Polygon","arcs":[[1205,3427,3428,3429,1210,1211]],"properties":{"grunnkretsnummer":"15200504","grunnkretsnavn":"Sætre","delomradenummer":"152005","delomradenavn":"Vartdal","kommunenummer":"1520"}},{"type":"Polygon","arcs":[[-1200,-3425,3430,3431,1214,1215,1216]],"properties":{"grunnkretsnummer":"15200409","grunnkretsnavn":"Standal","delomradenummer":"152004","delomradenavn":"Hjørundfjord","kommunenummer":"1520"}},{"type":"Polygon","arcs":[[1217,1218,1219,1220,3432,3433,1222]],"properties":{"grunnkretsnummer":"15200206","grunnkretsnavn":"Valla-Marka","delomradenummer":"152002","delomradenavn":"Ørsta","kommunenummer":"1520"}},{"type":"MultiPolygon","arcs":[[[3434,1224,1225,-782,-3157,3435]],[[3436]]],"properties":{"grunnkretsnummer":"15200201","grunnkretsnavn":"Liadal","delomradenummer":"152002","delomradenavn":"Ørsta","kommunenummer":"1520"}},{"type":"Polygon","arcs":[[-3426,-1201,1228,1229,3437,3438]],"properties":{"grunnkretsnummer":"15200501","grunnkretsnavn":"Barstadvik","delomradenummer":"152005","delomradenavn":"Vartdal","kommunenummer":"1520"}},{"type":"Polygon","arcs":[[-784,1232,1233,1234,1235]],"properties":{"grunnkretsnummer":"15200211","grunnkretsnavn":"Vallabøen 2","delomradenummer":"152002","delomradenavn":"Ørsta","kommunenummer":"1520"}},{"type":"Polygon","arcs":[[3439,1238,1239,1240,1241,1242,3440,3441]],"properties":{"grunnkretsnummer":"15200102","grunnkretsnavn":"Hovden 1","delomradenummer":"152001","delomradenavn":"Hovdebygda","kommunenummer":"1520"}},{"type":"Polygon","arcs":[[1244,1245,1246,3442,-3441,-1243,1249]],"properties":{"grunnkretsnummer":"15200101","grunnkretsnavn":"Ytre Hovden","delomradenummer":"152001","delomradenavn":"Hovdebygda","kommunenummer":"1520"}},{"type":"Polygon","arcs":[[1250,1251,1252,1253]],"properties":{"grunnkretsnummer":"15200301","grunnkretsnavn":"Åmås","delomradenummer":"152003","delomradenavn":"Dalane","kommunenummer":"1520"}},{"type":"Polygon","arcs":[[1254,-1252,1255,1256,1257,1258,1259]],"properties":{"grunnkretsnummer":"15200304","grunnkretsnavn":"Brautaset","delomradenummer":"152003","delomradenavn":"Dalane","kommunenummer":"1520"}},{"type":"MultiPolygon","arcs":[[[-3433,-1221,1262,3443,3444]],[[1260,1261,-1223,-3434,3445,1265]]],"properties":{"grunnkretsnummer":"15200205","grunnkretsnavn":"Vik","delomradenummer":"152002","delomradenavn":"Ørsta","kommunenummer":"1520"}},{"type":"Polygon","arcs":[[-1204,1266,1267,-1261,1268]],"properties":{"grunnkretsnummer":"15200207","grunnkretsnavn":"Bakkane","delomradenummer":"152002","delomradenavn":"Ørsta","kommunenummer":"1520"}},{"type":"Polygon","arcs":[[-3438,-1230,1270,1271,-1211,-3430,3446]],"properties":{"grunnkretsnummer":"15200502","grunnkretsnavn":"Nordre Vartdal","delomradenummer":"152005","delomradenavn":"Vartdal","kommunenummer":"1520"}},{"type":"Polygon","arcs":[[1272,-1253,1273,1274,1275,1276,1277,1278]],"properties":{"grunnkretsnummer":"15200105","grunnkretsnavn":"Melsbygda","delomradenummer":"152001","delomradenavn":"Hovdebygda","kommunenummer":"1520"}},{"type":"Polygon","arcs":[[-787,-1205,-1269,-1266,3447]],"properties":{"grunnkretsnummer":"15200204","grunnkretsnavn":"Nedre Mork-Vik","delomradenummer":"152002","delomradenavn":"Ørsta","kommunenummer":"1520"}},{"type":"Polygon","arcs":[[-3428,-1206,1279,-1225,-3435,3448]],"properties":{"grunnkretsnummer":"15200505","grunnkretsnavn":"Søre Vartdal","delomradenummer":"152005","delomradenavn":"Vartdal","kommunenummer":"1520"}},{"type":"Polygon","arcs":[[1281,1282,1283]],"properties":{"grunnkretsnummer":"15200306","grunnkretsnavn":"Bjørdal","delomradenummer":"152003","delomradenavn":"Dalane","kommunenummer":"1520"}},{"type":"Polygon","arcs":[[1284,-1271,-1229,-1217,1285,-1257,1286]],"properties":{"grunnkretsnummer":"15200303","grunnkretsnavn":"Øvre Follestaddal","delomradenummer":"152003","delomradenavn":"Dalane","kommunenummer":"1520"}},{"type":"Polygon","arcs":[[1287,1288,-1287,-1256,-1251]],"properties":{"grunnkretsnummer":"15200302","grunnkretsnavn":"Nedre Follestaddal","delomradenummer":"152003","delomradenavn":"Dalane","kommunenummer":"1520"}},{"type":"Polygon","arcs":[[-3111,-689,-648,-3098,-646,-3097,-644,-722,1290,3449,3450]],"properties":{"grunnkretsnummer":"15200408","grunnkretsnavn":"Trandal","delomradenummer":"152004","delomradenavn":"Hjørundfjord","kommunenummer":"1520"}},{"type":"Polygon","arcs":[[-3450,-1291,-721,-732,1292,3451,3452]],"properties":{"grunnkretsnummer":"15200407","grunnkretsnavn":"Urke","delomradenummer":"152004","delomradenavn":"Hjørundfjord","kommunenummer":"1520"}},{"type":"Polygon","arcs":[[-1235,1295,1296,1297]],"properties":{"grunnkretsnummer":"15200210","grunnkretsnavn":"Vallabøen 1","delomradenummer":"152002","delomradenavn":"Ørsta","kommunenummer":"1520"}},{"type":"Polygon","arcs":[[-1239,-3440,3453,-3444,-1263,-1220,1298,-1279,1299]],"properties":{"grunnkretsnummer":"15200104","grunnkretsnavn":"Ose","delomradenummer":"152001","delomradenavn":"Hovdebygda","kommunenummer":"1520"}},{"type":"Polygon","arcs":[[1300,1301,1302,1303,-1283]],"properties":{"grunnkretsnummer":"15200401","grunnkretsnavn":"Rekkedal","delomradenummer":"152004","delomradenavn":"Hjørundfjord","kommunenummer":"1520"}},{"type":"Polygon","arcs":[[-1296,-1234,1304,-1288,-1254,-1273,-1299,-1219,1305]],"properties":{"grunnkretsnummer":"15200212","grunnkretsnavn":"Moe-Nupen","delomradenummer":"152002","delomradenavn":"Ørsta","kommunenummer":"1520"}},{"type":"Polygon","arcs":[[-1280,-1212,-1272,-1285,-1289,-1305,-1233,-783,-1226]],"properties":{"grunnkretsnummer":"15200503","grunnkretsnavn":"Årsetdalen","delomradenummer":"152005","delomradenavn":"Vartdal","kommunenummer":"1520"}},{"type":"Polygon","arcs":[[-1215,-3432,3454,3455,1309,1310]],"properties":{"grunnkretsnummer":"15200403","grunnkretsnavn":"Sæbø","delomradenummer":"152004","delomradenavn":"Hjørundfjord","kommunenummer":"1520"}},{"type":"Polygon","arcs":[[1311,3456,3457,-3452,-1293,-604,-626,-612]],"properties":{"grunnkretsnummer":"15200406","grunnkretsnavn":"Øye-Stennes","delomradenummer":"152004","delomradenavn":"Hjørundfjord","kommunenummer":"1520"}},{"type":"Polygon","arcs":[[1313,1314,-1259,-1301,-1282,1315]],"properties":{"grunnkretsnummer":"15200305","grunnkretsnavn":"Hovdenakk-Vatne","delomradenummer":"152003","delomradenavn":"Dalane","kommunenummer":"1520"}},{"type":"Polygon","arcs":[[-785,-1236,-1298,-1267,-1203]],"properties":{"grunnkretsnummer":"15200209","grunnkretsnavn":"Grepalia","delomradenummer":"152002","delomradenavn":"Ørsta","kommunenummer":"1520"}},{"type":"Polygon","arcs":[[-1258,-1286,-1216,-1311,1316,-1302]],"properties":{"grunnkretsnummer":"15200402","grunnkretsnavn":"Stokke","delomradenummer":"152004","delomradenavn":"Hjørundfjord","kommunenummer":"1520"}},{"type":"Polygon","arcs":[[-1268,-1297,-1306,-1218,-1262]],"properties":{"grunnkretsnummer":"15200208","grunnkretsnavn":"Velle","delomradenummer":"152002","delomradenavn":"Ørsta","kommunenummer":"1520"}},{"type":"Polygon","arcs":[[1317,-1240,-1300,1318,1319]],"properties":{"grunnkretsnummer":"15200103","grunnkretsnavn":"Hovden 2 - Flyplassen","delomradenummer":"152001","delomradenavn":"Hovdebygda","kommunenummer":"1520"}},{"type":"Polygon","arcs":[[1320,1321,1322,1323,1324]],"properties":{"grunnkretsnummer":"15170302","grunnkretsnavn":"Røyset","delomradenummer":"151703","delomradenavn":"Bigset","kommunenummer":"1517"}},{"type":"Polygon","arcs":[[3458,1326,1327,3459,3460]],"properties":{"grunnkretsnummer":"15170201","grunnkretsnavn":"Plassane","delomradenummer":"151702","delomradenavn":"Hareid","kommunenummer":"1517"}},{"type":"Polygon","arcs":[[-636,1329,1330,-751]],"properties":{"grunnkretsnummer":"15170303","grunnkretsnavn":"Rise","delomradenummer":"151703","delomradenavn":"Bigset","kommunenummer":"1517"}},{"type":"Polygon","arcs":[[1331,1332,1333]],"properties":{"grunnkretsnummer":"15170206","grunnkretsnavn":"Holstad-Gjerde","delomradenummer":"151702","delomradenavn":"Hareid","kommunenummer":"1517"}},{"type":"Polygon","arcs":[[3461,1335,1336,-1327,-3459,3462]],"properties":{"grunnkretsnummer":"15170101","grunnkretsnavn":"Liavågen","delomradenummer":"151701","delomradenavn":"Hjørungvåg","kommunenummer":"1517"}},{"type":"Polygon","arcs":[[-1336,-3462,3463,3464,1338,1339]],"properties":{"grunnkretsnummer":"15170102","grunnkretsnavn":"Hjørungnes-Åsen-Overå","delomradenummer":"151701","delomradenavn":"Hjørungvåg","kommunenummer":"1517"}},{"type":"Polygon","arcs":[[3465,1341,1342,3466,3467]],"properties":{"grunnkretsnummer":"15170205","grunnkretsnavn":"Korsnes-Håbakk","delomradenummer":"151702","delomradenavn":"Hareid","kommunenummer":"1517"}},{"type":"Polygon","arcs":[[3468,1345,-747,-3130,3469]],"properties":{"grunnkretsnummer":"15170209","grunnkretsnavn":"Brandal-Kvitnes","delomradenummer":"151702","delomradenavn":"Hareid","kommunenummer":"1517"}},{"type":"Polygon","arcs":[[-1346,-3469,3470,-3467,-1343,1347,-1332,1348,1349,1350,-748]],"properties":{"grunnkretsnummer":"15170208","grunnkretsnavn":"Brandal-Indredal","delomradenummer":"151702","delomradenavn":"Hareid","kommunenummer":"1517"}},{"type":"Polygon","arcs":[[-1324,1351,-1339,-3465,3471,-3148,-768,-777,1352]],"properties":{"grunnkretsnummer":"15170103","grunnkretsnavn":"Øvrelid-Alme","delomradenummer":"151701","delomradenavn":"Hjørungvåg","kommunenummer":"1517"}},{"type":"Polygon","arcs":[[-635,-681,-741,1353,-1321,1354,-1330]],"properties":{"grunnkretsnummer":"15170304","grunnkretsnavn":"Bigset","delomradenummer":"151703","delomradenavn":"Bigset","kommunenummer":"1517"}},{"type":"Polygon","arcs":[[-1354,-740,-1351,1355,1356,-1322]],"properties":{"grunnkretsnummer":"15170305","grunnkretsnavn":"Bjåstad","delomradenummer":"151703","delomradenavn":"Bigset","kommunenummer":"1517"}},{"type":"Polygon","arcs":[[-1349,-1334,1357,1358,1359]],"properties":{"grunnkretsnummer":"15170207","grunnkretsnavn":"Grimstad","delomradenummer":"151702","delomradenavn":"Hareid","kommunenummer":"1517"}},{"type":"Polygon","arcs":[[-1359,1360,3472,3473,3474,1363,1364]],"properties":{"grunnkretsnummer":"15170203","grunnkretsnavn":"Indre Hareid","delomradenummer":"151702","delomradenavn":"Hareid","kommunenummer":"1517"}},{"type":"Polygon","arcs":[[-1352,-1323,-1357,1365,-1364,-3475,3475,-3460,-1328,-1337,-1340]],"properties":{"grunnkretsnummer":"15170202","grunnkretsnavn":"Brubakken","delomradenummer":"151702","delomradenavn":"Hareid","kommunenummer":"1517"}},{"type":"Polygon","arcs":[[-1333,-1348,-1342,-3466,3476,-3473,-1361,-1358]],"properties":{"grunnkretsnummer":"15170204","grunnkretsnavn":"Ytre Hareid","delomradenummer":"151702","delomradenavn":"Hareid","kommunenummer":"1517"}},{"type":"Polygon","arcs":[[-1350,-1360,-1365,-1366,-1356]],"properties":{"grunnkretsnummer":"15170306","grunnkretsnavn":"Geilane","delomradenummer":"151703","delomradenavn":"Bigset","kommunenummer":"1517"}},{"type":"Polygon","arcs":[[-736,-1331,-1355,-1325,-1353,-776,-780]],"properties":{"grunnkretsnummer":"15170301","grunnkretsnavn":"Snipsøyrdalen","delomradenummer":"151703","delomradenavn":"Bigset","kommunenummer":"1517"}},{"type":"Polygon","arcs":[[3477,1368,3478,3479]],"properties":{"grunnkretsnummer":"15050604","grunnkretsnavn":"Nordholmen","delomradenummer":"150506","delomradenavn":"Gomalandet","kommunenummer":"1505"}},{"type":"Polygon","arcs":[[1372,1373,-48,1374,1375]],"properties":{"grunnkretsnummer":"15050404","grunnkretsnavn":"Sankthanshaugen","delomradenummer":"150504","delomradenavn":"Kringsjå","kommunenummer":"1505"}},{"type":"Polygon","arcs":[[1376,1377,1378,1379,1380]],"properties":{"grunnkretsnummer":"15630201","grunnkretsnavn":"Presthagen syd-øst","delomradenummer":"156302","delomradenavn":"Sunndalsøra","kommunenummer":"1563"}},{"type":"Polygon","arcs":[[1381,1382,1383,1384,1385,1386,-1380,1387,1388]],"properties":{"grunnkretsnummer":"15630209","grunnkretsnavn":"Kalken","delomradenummer":"156302","delomradenavn":"Sunndalsøra","kommunenummer":"1563"}},{"type":"Polygon","arcs":[[3480,1390,3481]],"properties":{"grunnkretsnummer":"15050801","grunnkretsnavn":"Bjønnahaugen","delomradenummer":"150508","delomradenavn":"Nordlandet","kommunenummer":"1505"}},{"type":"MultiPolygon","arcs":[[[-3212,-912,1394,1395,3482,3483]],[[3484]]],"properties":{"grunnkretsnummer":"15630402","grunnkretsnavn":"Opdøl","delomradenummer":"156304","delomradenavn":"Ålvundeid - Ålvundfjord","kommunenummer":"1563"}},{"type":"Polygon","arcs":[[1398,3485,3486,-2898,-42,1400,1401,1402,-407,-417]],"properties":{"grunnkretsnummer":"15630302","grunnkretsnavn":"Øksendal","delomradenummer":"156303","delomradenavn":"Øksendal","kommunenummer":"1563"}},{"type":"Polygon","arcs":[[1403,1404,1405,1406,1407]],"properties":{"grunnkretsnummer":"15630105","grunnkretsnavn":"Grødalen","delomradenummer":"156301","delomradenavn":"Sunndal","kommunenummer":"1563"}},{"type":"Polygon","arcs":[[1408,1409,1410,1411,1412]],"properties":{"grunnkretsnummer":"15630107","grunnkretsnavn":"Grøa nord","delomradenummer":"156301","delomradenavn":"Sunndal","kommunenummer":"1563"}},{"type":"Polygon","arcs":[[-1413,1413,1414,1415]],"properties":{"grunnkretsnummer":"15630108","grunnkretsnavn":"Hoelsand","delomradenummer":"156301","delomradenavn":"Sunndal","kommunenummer":"1563"}},{"type":"Polygon","arcs":[[-3483,-1396,1416,1417,-1377,1418,1419,1420,1421,3487,3488]],"properties":{"grunnkretsnummer":"15630207","grunnkretsnavn":"Nordmørsvegen øst","delomradenummer":"156302","delomradenavn":"Sunndalsøra","kommunenummer":"1563"}},{"type":"Polygon","arcs":[[1423,-1421,1424,1425,-1385,1426]],"properties":{"grunnkretsnummer":"15630205","grunnkretsnavn":"Auragata øst","delomradenummer":"156302","delomradenavn":"Sunndalsøra","kommunenummer":"1563"}},{"type":"Polygon","arcs":[[1427,-1425,-1420]],"properties":{"grunnkretsnummer":"15630206","grunnkretsnavn":"Helsetunet","delomradenummer":"156302","delomradenavn":"Sunndalsøra","kommunenummer":"1563"}},{"type":"Polygon","arcs":[[1428,-1389,1429,1430,-1402]],"properties":{"grunnkretsnummer":"15630211","grunnkretsnavn":"Tredal","delomradenummer":"156302","delomradenavn":"Sunndalsøra","kommunenummer":"1563"}},{"type":"Polygon","arcs":[[-401,-99,-2918,3489,-3486,-1399,-416]],"properties":{"grunnkretsnummer":"15630303","grunnkretsnavn":"Jordalsgrenda","delomradenummer":"156303","delomradenavn":"Øksendal","kommunenummer":"1563"}},{"type":"Polygon","arcs":[[-1411,1431,1432,1433,-1406,1434]],"properties":{"grunnkretsnummer":"15630104","grunnkretsnavn":"Fale","delomradenummer":"156301","delomradenavn":"Sunndal","kommunenummer":"1563"}},{"type":"Polygon","arcs":[[-1436,1436,-1432,-1410,1437,1438]],"properties":{"grunnkretsnummer":"15630401","grunnkretsnavn":"Innerdal","delomradenummer":"156304","delomradenavn":"Ålvundeid - Ålvundfjord","kommunenummer":"1563"}},{"type":"Polygon","arcs":[[-1403,-1431,-1408,1439,-296,-408]],"properties":{"grunnkretsnummer":"15630212","grunnkretsnavn":"Torbudalen","delomradenummer":"156302","delomradenavn":"Sunndalsøra","kommunenummer":"1563"}},{"type":"Polygon","arcs":[[-1418,1440,-1416,1441,-1378]],"properties":{"grunnkretsnummer":"15630110","grunnkretsnavn":"Furu","delomradenummer":"156301","delomradenavn":"Sunndal","kommunenummer":"1563"}},{"type":"Polygon","arcs":[[-3488,-1422,-1424,1442,-1383,1443,-40,-2897,3490]],"properties":{"grunnkretsnummer":"15630208","grunnkretsnavn":"Industriområde","delomradenummer":"156302","delomradenavn":"Sunndalsøra","kommunenummer":"1563"}},{"type":"Polygon","arcs":[[-915,3491,1445,1446,-911]],"properties":{"grunnkretsnummer":"15630404","grunnkretsnavn":"Indre Ålvundfjord","delomradenummer":"156304","delomradenavn":"Ålvundeid - Ålvundfjord","kommunenummer":"1563"}},{"type":"MultiPolygon","arcs":[[[1451,-1446,3492]],[[3493]]],"properties":{"grunnkretsnummer":"15630405","grunnkretsnavn":"Ytre Ålvundfjord","delomradenummer":"156304","delomradenavn":"Ålvundeid - Ålvundfjord","kommunenummer":"1563"}},{"type":"Polygon","arcs":[[1452,-1386,-1426,-1428]],"properties":{"grunnkretsnummer":"15630203","grunnkretsnavn":"Holten","delomradenummer":"156302","delomradenavn":"Sunndalsøra","kommunenummer":"1563"}},{"type":"Polygon","arcs":[[-1454,1454,-1407,-1434,1455,-1457,-1458]],"properties":{"grunnkretsnummer":"15630102","grunnkretsnavn":"Gjøra","delomradenummer":"156301","delomradenavn":"Sunndal","kommunenummer":"1563"}},{"type":"Polygon","arcs":[[-1438,-1409,-1441,-1417,-1395,-1447,1458,1459]],"properties":{"grunnkretsnummer":"15630403","grunnkretsnavn":"Ålvundeid","delomradenummer":"156304","delomradenavn":"Ålvundeid - Ålvundfjord","kommunenummer":"1563"}},{"type":"Polygon","arcs":[[-1419,-1381,-1387,-1453]],"properties":{"grunnkretsnummer":"15630202","grunnkretsnavn":"Presthagen vest","delomradenummer":"156302","delomradenavn":"Sunndalsøra","kommunenummer":"1563"}},{"type":"Polygon","arcs":[[-1461,-1456,-1433,-1437]],"properties":{"grunnkretsnummer":"15630103","grunnkretsnavn":"Musgjerd","delomradenummer":"156301","delomradenavn":"Sunndal","kommunenummer":"1563"}},{"type":"Polygon","arcs":[[-1414,-1412,-1435,-1405,1461]],"properties":{"grunnkretsnummer":"15630106","grunnkretsnavn":"Grøa syd","delomradenummer":"156301","delomradenavn":"Sunndal","kommunenummer":"1563"}},{"type":"Polygon","arcs":[[-1455,-1463,-1464,-1465,-297,-1440]],"properties":{"grunnkretsnummer":"15630101","grunnkretsnavn":"Grøvudalen","delomradenummer":"156301","delomradenavn":"Sunndal","kommunenummer":"1563"}},{"type":"Polygon","arcs":[[-1443,-1427,-1384]],"properties":{"grunnkretsnummer":"15630204","grunnkretsnavn":"Auragata vest","delomradenummer":"156302","delomradenavn":"Sunndalsøra","kommunenummer":"1563"}},{"type":"Polygon","arcs":[[-41,-1444,-1382,-1429,-1401]],"properties":{"grunnkretsnummer":"15630210","grunnkretsnavn":"Håsen","delomradenummer":"156302","delomradenavn":"Sunndalsøra","kommunenummer":"1563"}},{"type":"Polygon","arcs":[[-1388,-1379,-1442,-1415,-1462,-1404,-1430]],"properties":{"grunnkretsnummer":"15630109","grunnkretsnavn":"Mæle","delomradenummer":"156301","delomradenavn":"Sunndal","kommunenummer":"1563"}},{"type":"Polygon","arcs":[[3494,1466,1467,-1373,1468,1469,3495,3496]],"properties":{"grunnkretsnummer":"15050501","grunnkretsnavn":"Bukta","delomradenummer":"150505","delomradenavn":"Nordre Bydel","kommunenummer":"1505"}},{"type":"Polygon","arcs":[[1471,1472,1473,1474]],"properties":{"grunnkretsnummer":"15660203","grunnkretsnavn":"Grimsmo","delomradenummer":"156602","delomradenavn":"Ranes","kommunenummer":"1566"}},{"type":"Polygon","arcs":[[3497,1477,3498,3499]],"properties":{"grunnkretsnummer":"15660403","grunnkretsnavn":"Bø","delomradenummer":"156604","delomradenavn":"Åsskard","kommunenummer":"1566"}},{"type":"Polygon","arcs":[[1480,1481,3500,3501,1484]],"properties":{"grunnkretsnummer":"15660502","grunnkretsnavn":"Melhus-Kvanne","delomradenummer":"156605","delomradenavn":"Stangvik","kommunenummer":"1566"}},{"type":"Polygon","arcs":[[1485,1486,1487,1488,1489,1490]],"properties":{"grunnkretsnummer":"15660104","grunnkretsnavn":"Honnstad","delomradenummer":"156601","delomradenavn":"Mo","kommunenummer":"1566"}},{"type":"Polygon","arcs":[[-1489,1491,1492,1493,1494]],"properties":{"grunnkretsnummer":"15660103","grunnkretsnavn":"Nedre Mo sør","delomradenummer":"156601","delomradenavn":"Mo","kommunenummer":"1566"}},{"type":"Polygon","arcs":[[1495,1496,1497,1498,-1481]],"properties":{"grunnkretsnummer":"15660503","grunnkretsnavn":"Stenberg","delomradenummer":"156605","delomradenavn":"Stangvik","kommunenummer":"1566"}},{"type":"Polygon","arcs":[[1499,1500,1501,1502,-1473]],"properties":{"grunnkretsnummer":"15660202","grunnkretsnavn":"Skei","delomradenummer":"156602","delomradenavn":"Ranes","kommunenummer":"1566"}},{"type":"Polygon","arcs":[[1503,1504,1505,1506,1507,-1492,-1488]],"properties":{"grunnkretsnummer":"15660102","grunnkretsnavn":"Nedre Mo nord","delomradenummer":"156601","delomradenavn":"Mo","kommunenummer":"1566"}},{"type":"Polygon","arcs":[[1508,1509,1510,3502,1513]],"properties":{"grunnkretsnummer":"15660303","grunnkretsnavn":"Bøvra","delomradenummer":"156603","delomradenavn":"Øye","kommunenummer":"1566"}},{"type":"Polygon","arcs":[[1514,1515,1516,1517,1518,1519,1520]],"properties":{"grunnkretsnummer":"15660206","grunnkretsnavn":"Sæter","delomradenummer":"156602","delomradenavn":"Ranes","kommunenummer":"1566"}},{"type":"Polygon","arcs":[[3503,1524,-1519,-1497,1525,3504,3505]],"properties":{"grunnkretsnummer":"15660209","grunnkretsnavn":"Strand-Torvik","delomradenummer":"156602","delomradenavn":"Ranes","kommunenummer":"1566"}},{"type":"Polygon","arcs":[[-1499,1527,1528,3506,3507,-1482]],"properties":{"grunnkretsnummer":"15660504","grunnkretsnavn":"Nordvik","delomradenummer":"156605","delomradenavn":"Stangvik","kommunenummer":"1566"}},{"type":"Polygon","arcs":[[3508,1531,-1521,1532,3509]],"properties":{"grunnkretsnummer":"15660207","grunnkretsnavn":"Ytre Sæter","delomradenummer":"156602","delomradenavn":"Ranes","kommunenummer":"1566"}},{"type":"MultiPolygon","arcs":[[[1534,3510,3511,-3499,-1478,-3498,3512,1539,-1541]],[[3513]]],"properties":{"grunnkretsnummer":"15660404","grunnkretsnavn":"Åsgard-Snekvik","delomradenummer":"156604","delomradenavn":"Åsskard","kommunenummer":"1566"}},{"type":"Polygon","arcs":[[1541,-1504,-1487]],"properties":{"grunnkretsnummer":"15660105","grunnkretsnavn":"Mogstad","delomradenummer":"156601","delomradenavn":"Mo","kommunenummer":"1566"}},{"type":"Polygon","arcs":[[1542,-1514,3514,3515,1546]],"properties":{"grunnkretsnummer":"15660302","grunnkretsnavn":"Sjøflot-Glærem","delomradenummer":"156603","delomradenavn":"Øye","kommunenummer":"1566"}},{"type":"Polygon","arcs":[[1547,1548,-1515,-1532,-3509,3516,-1511]],"properties":{"grunnkretsnummer":"15660304","grunnkretsnavn":"Sylte-Berset-Heggset","delomradenummer":"156603","delomradenavn":"Øye","kommunenummer":"1566"}},{"type":"Polygon","arcs":[[1550,1551,-1500,-1472,1552,-1516,-1549]],"properties":{"grunnkretsnummer":"15660305","grunnkretsnavn":"Øye","delomradenummer":"156603","delomradenavn":"Øye","kommunenummer":"1566"}},{"type":"Polygon","arcs":[[-1533,-1520,-1525,-3504,3517]],"properties":{"grunnkretsnummer":"15660208","grunnkretsnavn":"Surnadalsøra","delomradenummer":"156602","delomradenavn":"Ranes","kommunenummer":"1566"}},{"type":"Polygon","arcs":[[-1452,3518,-3507,-1529,1553,1554,-1459]],"properties":{"grunnkretsnummer":"15660601","grunnkretsnavn":"Nedre Todalen","delomradenummer":"156606","delomradenavn":"Todalen","kommunenummer":"1566"}},{"type":"Polygon","arcs":[[-1518,1555,-1474,-1503,1556,-1490,-1495,1557,-1554,-1528,-1498]],"properties":{"grunnkretsnummer":"15660205","grunnkretsnavn":"Eidet","delomradenummer":"156602","delomradenavn":"Ranes","kommunenummer":"1566"}},{"type":"Polygon","arcs":[[1558,-1505,-1542,-1486,1559,-1501,-1552]],"properties":{"grunnkretsnummer":"15660306","grunnkretsnavn":"Bergheim","delomradenummer":"156603","delomradenavn":"Øye","kommunenummer":"1566"}},{"type":"Polygon","arcs":[[-1561,1561,3519,3520,-3522,-1565]],"properties":{"grunnkretsnummer":"15660402","grunnkretsnavn":"Bøfjorden","delomradenummer":"156604","delomradenavn":"Åsskard","kommunenummer":"1566"}},{"type":"MultiPolygon","arcs":[[[3522,1566,-1547,-3516,3523]],[[3524]]],"properties":{"grunnkretsnummer":"15660301","grunnkretsnavn":"Årnes-Hamnes","delomradenummer":"156603","delomradenavn":"Øye","kommunenummer":"1566"}},{"type":"Polygon","arcs":[[-1569,-1570,-1571,1571,-1506,-1559,-1551,-1548,-1510,1572,-1574]],"properties":{"grunnkretsnummer":"15660406","grunnkretsnavn":"Bæverdalen","delomradenummer":"156604","delomradenavn":"Åsskard","kommunenummer":"1566"}},{"type":"Polygon","arcs":[[1574,1575,1576,1577,1578,1579,-1581,-1582,1582,-1493,-1508,1583,1584]],"properties":{"grunnkretsnummer":"15660101","grunnkretsnavn":"Øvre Mo","delomradenummer":"156601","delomradenavn":"Mo","kommunenummer":"1566"}},{"type":"Polygon","arcs":[[-1586,-1540,3525,-3520,-1562,-1587]],"properties":{"grunnkretsnummer":"15660401","grunnkretsnavn":"Settem-Settemsdal","delomradenummer":"156604","delomradenavn":"Åsskard","kommunenummer":"1566"}},{"type":"Polygon","arcs":[[-1553,-1475,-1556,-1517]],"properties":{"grunnkretsnummer":"15660204","grunnkretsnavn":"Vaseng","delomradenummer":"156602","delomradenavn":"Ranes","kommunenummer":"1566"}},{"type":"Polygon","arcs":[[-1496,-1485,-3502,3526,3527,-3505,-1526]],"properties":{"grunnkretsnummer":"15660501","grunnkretsnavn":"Stangvik","delomradenummer":"156605","delomradenavn":"Stangvik","kommunenummer":"1566"}},{"type":"Polygon","arcs":[[-1560,-1491,-1557,-1502]],"properties":{"grunnkretsnummer":"15660201","grunnkretsnavn":"Ranes","delomradenummer":"156602","delomradenavn":"Ranes","kommunenummer":"1566"}},{"type":"Polygon","arcs":[[-1555,-1558,-1494,-1583,-1588,-1439,-1460]],"properties":{"grunnkretsnummer":"15660602","grunnkretsnavn":"Øvre Todalen","delomradenummer":"156606","delomradenavn":"Todalen","kommunenummer":"1566"}},{"type":"Polygon","arcs":[[-1589,-1573,-1509,-1543,-1567,-3523,3528,-3511,-1535]],"properties":{"grunnkretsnummer":"15660405","grunnkretsnavn":"Bæverfjord","delomradenummer":"156604","delomradenavn":"Åsskard","kommunenummer":"1566"}},{"type":"Polygon","arcs":[[3529,1590,1591,1592,3530,3531]],"properties":{"grunnkretsnummer":"15050505","grunnkretsnavn":"Dalen","delomradenummer":"150505","delomradenavn":"Nordre Bydel","kommunenummer":"1505"}},{"type":"Polygon","arcs":[[1595,3532,3533,1598,1599,1600,1601]],"properties":{"grunnkretsnummer":"15110105","grunnkretsnavn":"Sylte","delomradenummer":"151101","delomradenavn":"Vanylven","kommunenummer":"1511"}},{"type":"Polygon","arcs":[[1602,3534,3535,1607]],"properties":{"grunnkretsnummer":"15110208","grunnkretsnavn":"Rovde","delomradenummer":"151102","delomradenavn":"Syvde","kommunenummer":"1511"}},{"type":"Polygon","arcs":[[3536,1610,1611,1612,1613,-1608,3537]],"properties":{"grunnkretsnummer":"15110209","grunnkretsnavn":"Sundnes","delomradenummer":"151102","delomradenavn":"Syvde","kommunenummer":"1511"}},{"type":"Polygon","arcs":[[-1601,1615,1616,1617,1618,1619,1620,1621,1622,1623]],"properties":{"grunnkretsnummer":"15110109","grunnkretsnavn":"Gusdal","delomradenummer":"151101","delomradenavn":"Vanylven","kommunenummer":"1511"}},{"type":"Polygon","arcs":[[1624,3538,3539,1628]],"properties":{"grunnkretsnummer":"15770408","grunnkretsnavn":"Norddalen","delomradenummer":"157704","delomradenavn":"Volda","kommunenummer":"1577"}},{"type":"Polygon","arcs":[[1629,1630,1631,1632]],"properties":{"grunnkretsnummer":"15770411","grunnkretsnavn":"Øvre Heltne - Vikebygd","delomradenummer":"157704","delomradenavn":"Volda","kommunenummer":"1577"}},{"type":"Polygon","arcs":[[1633,3540,3541,3542,1637,1638]],"properties":{"grunnkretsnummer":"15110203","grunnkretsnavn":"Løset","delomradenummer":"151102","delomradenavn":"Syvde","kommunenummer":"1511"}},{"type":"Polygon","arcs":[[1639,1640,1641,3543,3544,1645]],"properties":{"grunnkretsnummer":"15110102","grunnkretsnavn":"Fiskå","delomradenummer":"151101","delomradenavn":"Vanylven","kommunenummer":"1511"}},{"type":"Polygon","arcs":[[-3544,-1642,1646,-1639,1647,-1599,3545]],"properties":{"grunnkretsnummer":"15110104","grunnkretsnavn":"Tunheim","delomradenummer":"151101","delomradenavn":"Vanylven","kommunenummer":"1511"}},{"type":"Polygon","arcs":[[-3535,-1603,-1614,1650,1651,1652,3546,3547]],"properties":{"grunnkretsnummer":"15110207","grunnkretsnavn":"Skår-Eikrem","delomradenummer":"151102","delomradenavn":"Syvde","kommunenummer":"1511"}},{"type":"Polygon","arcs":[[1655,1656,3548,3549,-3547,-1653]],"properties":{"grunnkretsnummer":"15110205","grunnkretsnavn":"Vik","delomradenummer":"151102","delomradenavn":"Syvde","kommunenummer":"1511"}},{"type":"Polygon","arcs":[[1658,3550,3551,-3541,-1634,1660]],"properties":{"grunnkretsnummer":"15110202","grunnkretsnavn":"Eidså","delomradenummer":"151102","delomradenavn":"Syvde","kommunenummer":"1511"}},{"type":"Polygon","arcs":[[1661,3552,3553,3554,1667]],"properties":{"grunnkretsnummer":"15110302","grunnkretsnavn":"Hakallestranda","delomradenummer":"151103","delomradenavn":"Åram","kommunenummer":"1511"}},{"type":"Polygon","arcs":[[-1648,-1638,-3543,3555,-3549,-1657,1668,1669,-1616,-1600]],"properties":{"grunnkretsnummer":"15110204","grunnkretsnavn":"Myklebust","delomradenummer":"151102","delomradenavn":"Syvde","kommunenummer":"1511"}},{"type":"Polygon","arcs":[[-3551,-1659,1671,1672,3556,3557]],"properties":{"grunnkretsnummer":"15110201","grunnkretsnavn":"Øyra","delomradenummer":"151102","delomradenavn":"Syvde","kommunenummer":"1511"}},{"type":"Polygon","arcs":[[1674,3558,-3457,-1312,-611]],"properties":{"grunnkretsnummer":"15770306","grunnkretsnavn":"Viddalen","delomradenummer":"157703","delomradenavn":"Austefjord","kommunenummer":"1577"}},{"type":"Polygon","arcs":[[-3533,-1596,1676,3559,3560]],"properties":{"grunnkretsnummer":"15110106","grunnkretsnavn":"Slagnes","delomradenummer":"151101","delomradenavn":"Vanylven","kommunenummer":"1511"}},{"type":"Polygon","arcs":[[1680,1681,3561,3562,3563,1685]],"properties":{"grunnkretsnummer":"15770401","grunnkretsnavn":"Halkjelsvik","delomradenummer":"157704","delomradenavn":"Volda","kommunenummer":"1577"}},{"type":"Polygon","arcs":[[1686,3564,3565,3566,1691,1692,1693]],"properties":{"grunnkretsnummer":"15770202","grunnkretsnavn":"Fylsvik","delomradenummer":"157702","delomradenavn":"Folkestad - Bjørkedal","kommunenummer":"1577"}},{"type":"Polygon","arcs":[[-1656,-1652,1694,1695,1696,-1669]],"properties":{"grunnkretsnummer":"15110206","grunnkretsnavn":"Nordal","delomradenummer":"151102","delomradenavn":"Syvde","kommunenummer":"1511"}},{"type":"Polygon","arcs":[[1697,-1640,-1668,-3555,3567,-3557,-1673]],"properties":{"grunnkretsnummer":"15110301","grunnkretsnavn":"Sørbrandal","delomradenummer":"151103","delomradenavn":"Åram","kommunenummer":"1511"}},{"type":"MultiPolygon","arcs":[[[1700,3568,3569,-3560,-1677,-1602,-1624]],[[3570]]],"properties":{"grunnkretsnummer":"15110107","grunnkretsnavn":"Åheim","delomradenummer":"151101","delomradenavn":"Vanylven","kommunenummer":"1511"}},{"type":"Polygon","arcs":[[-3553,-1662,-1646,3571]],"properties":{"grunnkretsnummer":"15110101","grunnkretsnavn":"Nordstranda","delomradenummer":"151101","delomradenavn":"Vanylven","kommunenummer":"1511"}},{"type":"Polygon","arcs":[[-1698,-1672,-1661,-1647,-1641]],"properties":{"grunnkretsnummer":"15110103","grunnkretsnavn":"Eide","delomradenummer":"151101","delomradenavn":"Vanylven","kommunenummer":"1511"}},{"type":"MultiPolygon","arcs":[[[-3569,-1701,-1623,1707,1708,1709,1710,3572,3573]],[[3574]]],"properties":{"grunnkretsnummer":"15110108","grunnkretsnavn":"Thue","delomradenummer":"151101","delomradenavn":"Vanylven","kommunenummer":"1511"}},{"type":"Polygon","arcs":[[3575,1713,-1246,-1245,-1250,-1242,1714,3576,3577]],"properties":{"grunnkretsnummer":"15770502","grunnkretsnavn":"Eikrem - Ytrestøyl","delomradenummer":"157705","delomradenavn":"Mork - Berknes","kommunenummer":"1577"}},{"type":"Polygon","arcs":[[-1697,1718,3578,3579,1721,1722,1723,1724,-1617,-1670]],"properties":{"grunnkretsnummer":"15770105","grunnkretsnavn":"Åmelfot-Steinsvik","delomradenummer":"157701","delomradenavn":"Dalsfjord","kommunenummer":"1577"}},{"type":"Polygon","arcs":[[1725,1726,-1686,-3564,3580,3581,1729]],"properties":{"grunnkretsnummer":"15770403","grunnkretsnavn":"Hauane","delomradenummer":"157704","delomradenavn":"Volda","kommunenummer":"1577"}},{"type":"Polygon","arcs":[[3582,1732,-1694,1733,-1722,3583]],"properties":{"grunnkretsnummer":"15770106","grunnkretsnavn":"Dalsbygda","delomradenummer":"157701","delomradenavn":"Dalsfjord","kommunenummer":"1577"}},{"type":"MultiPolygon","arcs":[[[1735,1736,3584,3585,1739,-1316,-1284,-1304,1740]],[[3586]]],"properties":{"grunnkretsnummer":"15770302","grunnkretsnavn":"Fyrde","delomradenummer":"157703","delomradenavn":"Austefjord","kommunenummer":"1577"}},{"type":"Polygon","arcs":[[1741,1742,1743,1744,1745,1746,-1748,-1749]],"properties":{"grunnkretsnummer":"15770603","grunnkretsnavn":"Grodås","delomradenummer":"157706","delomradenavn":"Hornindal","kommunenummer":"1577"}},{"type":"Polygon","arcs":[[-1750,1750,1751,-1742]],"properties":{"grunnkretsnummer":"15770608","grunnkretsnavn":"Kjøs","delomradenummer":"157706","delomradenavn":"Hornindal","kommunenummer":"1577"}},{"type":"Polygon","arcs":[[-1727,1752,1753,-1681]],"properties":{"grunnkretsnummer":"15770402","grunnkretsnavn":"Øyra","delomradenummer":"157704","delomradenavn":"Volda","kommunenummer":"1577"}},{"type":"Polygon","arcs":[[1754,-1632,1755,1756]],"properties":{"grunnkretsnummer":"15770405","grunnkretsnavn":"Nedre Heltne","delomradenummer":"157704","delomradenavn":"Volda","kommunenummer":"1577"}},{"type":"Polygon","arcs":[[3587,1758,1759,1760,-1314,-1740,3588]],"properties":{"grunnkretsnummer":"15770304","grunnkretsnavn":"Hjartå","delomradenummer":"157703","delomradenavn":"Austefjord","kommunenummer":"1577"}},{"type":"Polygon","arcs":[[1762,-1629,3589,-3577,-1715,-1241,-1318]],"properties":{"grunnkretsnummer":"15770501","grunnkretsnavn":"Egset - Mork","delomradenummer":"157705","delomradenavn":"Mork - Berknes","kommunenummer":"1577"}},{"type":"Polygon","arcs":[[-3562,-1682,-1754,1764,1765,-1759,-3588,3590]],"properties":{"grunnkretsnummer":"15770409","grunnkretsnavn":"Nedre Rotset - Greivsnes","delomradenummer":"157704","delomradenavn":"Volda","kommunenummer":"1577"}},{"type":"Polygon","arcs":[[1767,1768,-609,1769,-1746,1770]],"properties":{"grunnkretsnummer":"15770607","grunnkretsnavn":"Rygg","delomradenummer":"157706","delomradenavn":"Hornindal","kommunenummer":"1577"}},{"type":"Polygon","arcs":[[-1726,1771,1772,-1757,-1765,-1753]],"properties":{"grunnkretsnummer":"15770404","grunnkretsnavn":"Myrane","delomradenummer":"157704","delomradenavn":"Volda","kommunenummer":"1577"}},{"type":"Polygon","arcs":[[-3579,-1719,-1696,1773,3591]],"properties":{"grunnkretsnummer":"15770104","grunnkretsnavn":"Innselset","delomradenummer":"157701","delomradenavn":"Dalsfjord","kommunenummer":"1577"}},{"type":"Polygon","arcs":[[1775,-1768,1776,1777,1778,1779,-1736]],"properties":{"grunnkretsnummer":"15770303","grunnkretsnavn":"Kalvatn","delomradenummer":"157703","delomradenavn":"Austefjord","kommunenummer":"1577"}},{"type":"Polygon","arcs":[[-1763,-1320,1780,-1772,-1730,-3582,3592,-3539,-1625]],"properties":{"grunnkretsnummer":"15770407","grunnkretsnavn":"Engeset - Klepp","delomradenummer":"157704","delomradenavn":"Volda","kommunenummer":"1577"}},{"type":"Polygon","arcs":[[-1315,-1761,1782,-1630,1783,-1277,-1276,-1275,-1274,-1255,-1260]],"properties":{"grunnkretsnummer":"15770412","grunnkretsnavn":"Øvre Vikebygda","delomradenummer":"157704","delomradenavn":"Volda","kommunenummer":"1577"}},{"type":"Polygon","arcs":[[-3565,-1687,-1733,-3583,3593]],"properties":{"grunnkretsnummer":"15770201","grunnkretsnavn":"Folkestad","delomradenummer":"157702","delomradenavn":"Folkestad - Bjørkedal","kommunenummer":"1577"}},{"type":"Polygon","arcs":[[-1651,-1613,1786,3594,3595,-1774,-1695]],"properties":{"grunnkretsnummer":"15770103","grunnkretsnavn":"Dravlausbygda","delomradenummer":"157701","delomradenavn":"Dalsfjord","kommunenummer":"1577"}},{"type":"Polygon","arcs":[[-1778,1788,1789,-1743,-1752,1790]],"properties":{"grunnkretsnummer":"15770605","grunnkretsnavn":"Otterdal","delomradenummer":"157706","delomradenavn":"Hornindal","kommunenummer":"1577"}},{"type":"Polygon","arcs":[[-1756,-1631,-1783,-1760,-1766]],"properties":{"grunnkretsnummer":"15770410","grunnkretsnavn":"Øvre Rotset","delomradenummer":"157704","delomradenavn":"Volda","kommunenummer":"1577"}},{"type":"Polygon","arcs":[[-3585,-1737,1791,1792,-1692,-3567,3596]],"properties":{"grunnkretsnummer":"15770301","grunnkretsnavn":"Høydal","delomradenummer":"157703","delomradenavn":"Austefjord","kommunenummer":"1577"}},{"type":"Polygon","arcs":[[-608,-1794,-1795,-1796,-1797,-1747,-1770]],"properties":{"grunnkretsnummer":"15770601","grunnkretsnavn":"Haugen","delomradenummer":"157706","delomradenavn":"Hornindal","kommunenummer":"1577"}},{"type":"Polygon","arcs":[[1797,-1744,-1790]],"properties":{"grunnkretsnummer":"15770602","grunnkretsnavn":"Kirkhorn","delomradenummer":"157706","delomradenavn":"Hornindal","kommunenummer":"1577"}},{"type":"Polygon","arcs":[[-1278,-1784,-1633,-1755,-1773,-1781,-1319]],"properties":{"grunnkretsnummer":"15770406","grunnkretsnavn":"Røyslid","delomradenummer":"157704","delomradenavn":"Volda","kommunenummer":"1577"}},{"type":"Polygon","arcs":[[-1310,-3456,3597,-1675,-610,-1769,-1776,-1741,-1303,-1317]],"properties":{"grunnkretsnummer":"15770305","grunnkretsnavn":"Bjørke","delomradenummer":"157703","delomradenavn":"Austefjord","kommunenummer":"1577"}},{"type":"Polygon","arcs":[[-3595,-1787,-1612,1799,3598]],"properties":{"grunnkretsnummer":"15770102","grunnkretsnavn":"Ulvestad","delomradenummer":"157701","delomradenavn":"Dalsfjord","kommunenummer":"1577"}},{"type":"Polygon","arcs":[[-1800,-1611,-3537,3599]],"properties":{"grunnkretsnummer":"15770101","grunnkretsnavn":"Velsvik","delomradenummer":"157701","delomradenavn":"Dalsfjord","kommunenummer":"1577"}},{"type":"Polygon","arcs":[[1802,1803,-1723,-1734,-1693,-1793,1804]],"properties":{"grunnkretsnummer":"15770203","grunnkretsnavn":"Bjørkedal","delomradenummer":"157702","delomradenavn":"Folkestad - Bjørkedal","kommunenummer":"1577"}},{"type":"Polygon","arcs":[[-1777,-1771,-1745,-1798,-1789]],"properties":{"grunnkretsnummer":"15770606","grunnkretsnavn":"Lødemel","delomradenummer":"157706","delomradenavn":"Hornindal","kommunenummer":"1577"}},{"type":"MultiPolygon","arcs":[[[-1247,-1714,-3576,3600]],[[3601]]],"properties":{"grunnkretsnummer":"15770503","grunnkretsnavn":"Lid - Yksnøy","delomradenummer":"157705","delomradenavn":"Mork - Berknes","kommunenummer":"1577"}},{"type":"Polygon","arcs":[[1807,1808,1809,1810,3602,3603]],"properties":{"grunnkretsnummer":"15050902","grunnkretsnavn":"Melkvika","delomradenummer":"150509","delomradenavn":"Dale","kommunenummer":"1505"}},{"type":"Polygon","arcs":[[1813,1814,1815,1816]],"properties":{"grunnkretsnummer":"15050702","grunnkretsnavn":"Minde","delomradenummer":"150507","delomradenavn":"Teistholmen","kommunenummer":"1505"}},{"type":"Polygon","arcs":[[3604,1819,3605,3606,1825,3607,3608]],"properties":{"grunnkretsnummer":"15320304","grunnkretsnavn":"Molnes-Roald","delomradenummer":"153203","delomradenavn":"Vigra","kommunenummer":"1532"}},{"type":"Polygon","arcs":[[3609,1828,1829,1830,1831,3610,3611]],"properties":{"grunnkretsnummer":"15320201","grunnkretsnavn":"Skjong-Ytterland","delomradenummer":"153202","delomradenavn":"Valderøy","kommunenummer":"1532"}},{"type":"Polygon","arcs":[[3612,1840,-1829,-3610,3613]],"properties":{"grunnkretsnummer":"15320205","grunnkretsnavn":"Oksnes-Gjøsundsæther","delomradenummer":"153202","delomradenavn":"Valderøy","kommunenummer":"1532"}},{"type":"MultiPolygon","arcs":[[[-1841,-3613,3614,3615,1844,-1830]],[[3616]]],"properties":{"grunnkretsnummer":"15320204","grunnkretsnavn":"Nordstrand","delomradenummer":"153202","delomradenavn":"Valderøy","kommunenummer":"1532"}},{"type":"Polygon","arcs":[[3617,1849,1850,3618,3619]],"properties":{"grunnkretsnummer":"15320101","grunnkretsnavn":"Alnes","delomradenummer":"153201","delomradenavn":"Godøy - Giske","kommunenummer":"1532"}},{"type":"Polygon","arcs":[[1854,-1831,-1845,-3616,3620]],"properties":{"grunnkretsnummer":"15320203","grunnkretsnavn":"Valderhaug","delomradenummer":"153202","delomradenavn":"Valderøy","kommunenummer":"1532"}},{"type":"Polygon","arcs":[[3621,1857,3622,3623]],"properties":{"grunnkretsnummer":"15320104","grunnkretsnavn":"Giske","delomradenummer":"153201","delomradenavn":"Godøy - Giske","kommunenummer":"1532"}},{"type":"MultiPolygon","arcs":[[[1862,-1850,-3618,3624]],[[3625]],[[3626]]],"properties":{"grunnkretsnummer":"15320103","grunnkretsnavn":"Godøy-Valkvæ","delomradenummer":"153201","delomradenavn":"Godøy - Giske","kommunenummer":"1532"}},{"type":"Polygon","arcs":[[3627,1867,3628,-1820,-3605,3629]],"properties":{"grunnkretsnummer":"15320303","grunnkretsnavn":"Rørvik-Gjøsund","delomradenummer":"153203","delomradenavn":"Vigra","kommunenummer":"1532"}},{"type":"Polygon","arcs":[[-3608,-1826,-3607,3630]],"properties":{"grunnkretsnummer":"15320305","grunnkretsnavn":"Roald","delomradenummer":"153203","delomradenavn":"Vigra","kommunenummer":"1532"}},{"type":"Polygon","arcs":[[-1868,-3628,3631,1874,3632,3633]],"properties":{"grunnkretsnummer":"15320302","grunnkretsnavn":"Blindheim","delomradenummer":"153203","delomradenavn":"Vigra","kommunenummer":"1532"}},{"type":"Polygon","arcs":[[-3623,-1858,-3622,3634]],"properties":{"grunnkretsnummer":"15320105","grunnkretsnavn":"Giskeødegård-Giskegjerde","delomradenummer":"153201","delomradenavn":"Godøy - Giske","kommunenummer":"1532"}},{"type":"Polygon","arcs":[[-3611,-1832,-1855,3635]],"properties":{"grunnkretsnummer":"15320202","grunnkretsnavn":"Valderhaugstrand","delomradenummer":"153202","delomradenavn":"Valderøy","kommunenummer":"1532"}},{"type":"Polygon","arcs":[[-3619,-1851,-1863,3636]],"properties":{"grunnkretsnummer":"15320102","grunnkretsnavn":"Godøy-Dyb","delomradenummer":"153201","delomradenavn":"Godøy - Giske","kommunenummer":"1532"}},{"type":"MultiPolygon","arcs":[[[-3633,-1875,3637]],[[3638]],[[3639]]],"properties":{"grunnkretsnummer":"15320301","grunnkretsnavn":"Synnes-Røsvik","delomradenummer":"153203","delomradenavn":"Vigra","kommunenummer":"1532"}},{"type":"Polygon","arcs":[[1883,3640,3641,3642,1886,1887]],"properties":{"grunnkretsnummer":"15051303","grunnkretsnavn":"Nordkvalvåg","delomradenummer":"150513","delomradenavn":"Bjerkelund","kommunenummer":"1505"}},{"type":"Polygon","arcs":[[1888,1889,1890,1891]],"properties":{"grunnkretsnummer":"15050305","grunnkretsnavn":"Løkka","delomradenummer":"150503","delomradenavn":"Vestre Bydel","kommunenummer":"1505"}},{"type":"Polygon","arcs":[[-3496,-1470,1892,1893,3643,3644]],"properties":{"grunnkretsnummer":"15050402","grunnkretsnavn":"Myra","delomradenummer":"150504","delomradenavn":"Kringsjå","kommunenummer":"1505"}},{"type":"Polygon","arcs":[[1897,1898,3645,3646,1901,-1890]],"properties":{"grunnkretsnummer":"15050202","grunnkretsnavn":"Blixhammeren","delomradenummer":"150502","delomradenavn":"Kirkelandet Sentrum","kommunenummer":"1505"}},{"type":"Polygon","arcs":[[-1810,1902,1903]],"properties":{"grunnkretsnummer":"15050901","grunnkretsnavn":"Buhamndalen","delomradenummer":"150509","delomradenavn":"Dale","kommunenummer":"1505"}},{"type":"Polygon","arcs":[[3647,1909,1910,1911,3648]],"properties":{"grunnkretsnummer":"15050807","grunnkretsnavn":"Vikan","delomradenummer":"150508","delomradenavn":"Nordlandet","kommunenummer":"1505"}},{"type":"MultiPolygon","arcs":[[[3649,1915,1916,1917,3650]],[[3651]],[[3652]]],"properties":{"grunnkretsnummer":"15051204","grunnkretsnavn":"Rensvik","delomradenummer":"150512","delomradenavn":"Rensvik","kommunenummer":"1505"}},{"type":"Polygon","arcs":[[1919,3653,3654,3655,1923]],"properties":{"grunnkretsnummer":"15051103","grunnkretsnavn":"Flatset","delomradenummer":"150511","delomradenavn":"Frei","kommunenummer":"1505"}},{"type":"Polygon","arcs":[[1927,1928,-1467,-3495,3656]],"properties":{"grunnkretsnummer":"15050502","grunnkretsnavn":"Brunsvika","delomradenummer":"150505","delomradenavn":"Nordre Bydel","kommunenummer":"1505"}},{"type":"Polygon","arcs":[[-1912,-1808,3657]],"properties":{"grunnkretsnummer":"15050903","grunnkretsnavn":"Torvhaugen","delomradenummer":"150509","delomradenavn":"Dale","kommunenummer":"1505"}},{"type":"Polygon","arcs":[[1930,1931,1932,-1898,1933]],"properties":{"grunnkretsnummer":"15050204","grunnkretsnavn":"Allanenga","delomradenummer":"150502","delomradenavn":"Kirkelandet Sentrum","kommunenummer":"1505"}},{"type":"Polygon","arcs":[[-3654,-1920,1934,1935,1936,1937,3658]],"properties":{"grunnkretsnummer":"15051105","grunnkretsnavn":"Frei","delomradenummer":"150511","delomradenavn":"Frei","kommunenummer":"1505"}},{"type":"Polygon","arcs":[[-3641,-1884,1940,3659,3660,3661]],"properties":{"grunnkretsnummer":"15051302","grunnkretsnavn":"Ørnvik","delomradenummer":"150513","delomradenavn":"Bjerkelund","kommunenummer":"1505"}},{"type":"MultiPolygon","arcs":[[[3662,1948,-1917,-1888,1949,-1937,1950,3663,3664]],[[3665]],[[3666]]],"properties":{"grunnkretsnummer":"15051202","grunnkretsnavn":"Bolga","delomradenummer":"150512","delomradenavn":"Rensvik","kommunenummer":"1505"}},{"type":"Polygon","arcs":[[3667]],"properties":{"grunnkretsnummer":"15051104","grunnkretsnavn":"Flatsetøy","delomradenummer":"150511","delomradenavn":"Frei","kommunenummer":"1505"}},{"type":"Polygon","arcs":[[1954,1955,1956,-1910,-3648,3668,1958]],"properties":{"grunnkretsnummer":"15050804","grunnkretsnavn":"Juulenga","delomradenummer":"150508","delomradenavn":"Nordlandet","kommunenummer":"1505"}},{"type":"Polygon","arcs":[[1960,-1891,1961,1962,1963,3669,3670]],"properties":{"grunnkretsnummer":"15050303","grunnkretsnavn":"Clausenenga","delomradenummer":"150503","delomradenavn":"Vestre Bydel","kommunenummer":"1505"}},{"type":"Polygon","arcs":[[1966,-46,1967,1968,3671,3672,-1899,-1933]],"properties":{"grunnkretsnummer":"15050203","grunnkretsnavn":"Vågen","delomradenummer":"150502","delomradenavn":"Kirkelandet Sentrum","kommunenummer":"1505"}},{"type":"Polygon","arcs":[[-1911,-1957,1970,-1809]],"properties":{"grunnkretsnummer":"15050806","grunnkretsnavn":"Røsseren","delomradenummer":"150508","delomradenavn":"Nordlandet","kommunenummer":"1505"}},{"type":"Polygon","arcs":[[-1938,-1950,-1887,-3643,3673]],"properties":{"grunnkretsnummer":"15051106","grunnkretsnavn":"Bjerkestrand","delomradenummer":"150511","delomradenavn":"Frei","kommunenummer":"1505"}},{"type":"Polygon","arcs":[[1971,-1817,-1369,-3478,3674,1973]],"properties":{"grunnkretsnummer":"15050603","grunnkretsnavn":"Steinberget","delomradenummer":"150506","delomradenavn":"Gomalandet","kommunenummer":"1505"}},{"type":"Polygon","arcs":[[3675,-3531,-1593,-44,-1374,-1468,-1929,1974]],"properties":{"grunnkretsnummer":"15050504","grunnkretsnavn":"Dalabrekka","delomradenummer":"150505","delomradenavn":"Nordre Bydel","kommunenummer":"1505"}},{"type":"Polygon","arcs":[[-3670,-1964,1976,3676,3677]],"properties":{"grunnkretsnummer":"15050302","grunnkretsnavn":"Nerlandsdalen","delomradenummer":"150503","delomradenavn":"Vestre Bydel","kommunenummer":"1505"}},{"type":"Polygon","arcs":[[-1968,-45,-1592,1979,-1972,1980]],"properties":{"grunnkretsnummer":"15050602","grunnkretsnavn":"Stortua","delomradenummer":"150506","delomradenavn":"Gomalandet","kommunenummer":"1505"}},{"type":"Polygon","arcs":[[-1963,1981,3678,3679,-3677,-1977]],"properties":{"grunnkretsnummer":"15050301","grunnkretsnavn":"Hollahaugen","delomradenummer":"150503","delomradenavn":"Vestre Bydel","kommunenummer":"1505"}},{"type":"Polygon","arcs":[[-1469,-1376,1985,-1893]],"properties":{"grunnkretsnummer":"15050403","grunnkretsnavn":"Margrethes Fryd","delomradenummer":"150504","delomradenavn":"Kringsjå","kommunenummer":"1505"}},{"type":"MultiPolygon","arcs":[[[3680]],[[3681]],[[3682]],[[3683]],[[3684]],[[3685]],[[3686]]],"properties":{"grunnkretsnummer":"15050506","grunnkretsnavn":"Grip","delomradenummer":"150505","delomradenavn":"Nordre Bydel","kommunenummer":"1505"}},{"type":"MultiPolygon","arcs":[[[-1815,1991,3687,3688]],[[3689]],[[3690]]],"properties":{"grunnkretsnummer":"15050704","grunnkretsnavn":"Meløya","delomradenummer":"150507","delomradenavn":"Teistholmen","kommunenummer":"1505"}},{"type":"Polygon","arcs":[[-1975,-1928,3691]],"properties":{"grunnkretsnummer":"15050503","grunnkretsnavn":"Karihola","delomradenummer":"150505","delomradenavn":"Nordre Bydel","kommunenummer":"1505"}},{"type":"Polygon","arcs":[[-1391,-3481,3692,-3603,-1811,-1904,1997,-1955,1998,3693]],"properties":{"grunnkretsnummer":"15050802","grunnkretsnavn":"Grendalenga","delomradenummer":"150508","delomradenavn":"Nordlandet","kommunenummer":"1505"}},{"type":"Polygon","arcs":[[-1999,-1959,3694]],"properties":{"grunnkretsnummer":"15050803","grunnkretsnavn":"Smedvika","delomradenummer":"150508","delomradenavn":"Nordlandet","kommunenummer":"1505"}},{"type":"MultiPolygon","arcs":[[[3695]],[[3696]],[[3697]]],"properties":{"grunnkretsnummer":"15051101","grunnkretsnavn":"Amundøy","delomradenummer":"150511","delomradenavn":"Frei","kommunenummer":"1505"}},{"type":"Polygon","arcs":[[-1992,-1814,-1980,-1591,-3530,3698]],"properties":{"grunnkretsnummer":"15050701","grunnkretsnavn":"Røsslyngveien","delomradenummer":"150507","delomradenavn":"Teistholmen","kommunenummer":"1505"}},{"type":"Polygon","arcs":[[-47,-1967,-1932,2006]],"properties":{"grunnkretsnummer":"15050205","grunnkretsnavn":"Christie Minde","delomradenummer":"150502","delomradenavn":"Kirkelandet Sentrum","kommunenummer":"1505"}},{"type":"Polygon","arcs":[[2007,3699,3700,-3660,-1941]],"properties":{"grunnkretsnummer":"15051301","grunnkretsnavn":"Kvalvik","delomradenummer":"150513","delomradenavn":"Bjerkelund","kommunenummer":"1505"}},{"type":"Polygon","arcs":[[-3700,-2008,-1916,-3650,3701]],"properties":{"grunnkretsnummer":"15051205","grunnkretsnavn":"Omsund","delomradenummer":"150512","delomradenavn":"Rensvik","kommunenummer":"1505"}},{"type":"Polygon","arcs":[[3702,2011,3703,3704]],"properties":{"grunnkretsnummer":"15050101","grunnkretsnavn":"Sjursvika","delomradenummer":"150501","delomradenavn":"Innlandet","kommunenummer":"1505"}},{"type":"Polygon","arcs":[[-1918,-1949,-3663,3705]],"properties":{"grunnkretsnummer":"15051203","grunnkretsnavn":"Skjærahøgda","delomradenummer":"150512","delomradenavn":"Rensvik","kommunenummer":"1505"}},{"type":"Polygon","arcs":[[3706,2016,-1935,-1924,-3656,3707]],"properties":{"grunnkretsnummer":"15051102","grunnkretsnavn":"Møst","delomradenummer":"150511","delomradenavn":"Frei","kommunenummer":"1505"}},{"type":"Polygon","arcs":[[2019,-1934,-1889,2020,3708,3709]],"properties":{"grunnkretsnummer":"15050306","grunnkretsnavn":"Rolighed","delomradenummer":"150503","delomradenavn":"Vestre Bydel","kommunenummer":"1505"}},{"type":"Polygon","arcs":[[-1981,-1974,3710,-3672,-1969]],"properties":{"grunnkretsnummer":"15050601","grunnkretsnavn":"Nøstkroken","delomradenummer":"150506","delomradenavn":"Gomalandet","kommunenummer":"1505"}},{"type":"Polygon","arcs":[[2025,3711,3712]],"properties":{"grunnkretsnummer":"15050103","grunnkretsnavn":"Skjærva","delomradenummer":"150501","delomradenavn":"Innlandet","kommunenummer":"1505"}},{"type":"Polygon","arcs":[[-3704,-2012,-3703,3713,-3712,-2026,3714]],"properties":{"grunnkretsnummer":"15050102","grunnkretsnavn":"Marihaugen","delomradenummer":"150501","delomradenavn":"Innlandet","kommunenummer":"1505"}},{"type":"Polygon","arcs":[[-3709,-2021,-1892,-1961,3715]],"properties":{"grunnkretsnummer":"15050304","grunnkretsnavn":"Tolåsenga","delomradenummer":"150503","delomradenavn":"Vestre Bydel","kommunenummer":"1505"}},{"type":"Polygon","arcs":[[-1902,-3647,3716,-3679,-1982,-1962]],"properties":{"grunnkretsnummer":"15050201","grunnkretsnavn":"Storkaia","delomradenummer":"150502","delomradenavn":"Kirkelandet Sentrum","kommunenummer":"1505"}},{"type":"MultiPolygon","arcs":[[[-3664,-1951,-1936,-2017,-3707,3717]],[[3718]]],"properties":{"grunnkretsnummer":"15051201","grunnkretsnavn":"Valen","delomradenummer":"150512","delomradenavn":"Rensvik","kommunenummer":"1505"}},{"type":"Polygon","arcs":[[-3644,-1894,-1986,-1375,-2007,-1931,-2020,3719]],"properties":{"grunnkretsnummer":"15050401","grunnkretsnavn":"Varden","delomradenummer":"150504","delomradenavn":"Kringsjå","kommunenummer":"1505"}},{"type":"Polygon","arcs":[[-3689,3720,-3722,3722,-3479,-1816]],"properties":{"grunnkretsnummer":"15050703","grunnkretsnavn":"Strand","delomradenummer":"150507","delomradenavn":"Teistholmen","kommunenummer":"1505"}},{"type":"Polygon","arcs":[[-1903,-1971,-1956,-1998]],"properties":{"grunnkretsnummer":"15050805","grunnkretsnavn":"Melkvikenga","delomradenummer":"150508","delomradenavn":"Nordlandet","kommunenummer":"1505"}},{"type":"Polygon","arcs":[[3723,2033,2034,3724,3725]],"properties":{"grunnkretsnummer":"15150305","grunnkretsnavn":"Aurvåg","delomradenummer":"151503","delomradenavn":"Indre Herøy","kommunenummer":"1515"}},{"type":"Polygon","arcs":[[3726,2039,2040,2041,3727,3728]],"properties":{"grunnkretsnummer":"15790808","grunnkretsnavn":"Silset-Silnesområdet","delomradenummer":"157908","delomradenavn":"Eide","kommunenummer":"1579"}},{"type":"Polygon","arcs":[[2043,2044,2045,3729,3730,2049]],"properties":{"grunnkretsnummer":"15790303","grunnkretsnavn":"Myrbostad","delomradenummer":"157903","delomradenavn":"Haukås","kommunenummer":"1579"}},{"type":"MultiPolygon","arcs":[[[3731,2056,2057,2058,3732,3733]],[[3734]],[[3735]],[[3736]],[[3737]],[[3738]],[[3739]],[[3740]],[[3741]]],"properties":{"grunnkretsnummer":"15790101","grunnkretsnavn":"Stavik","delomradenummer":"157901","delomradenavn":"Stavik - Løset","kommunenummer":"1579"}},{"type":"MultiPolygon","arcs":[[[2060,3742,3743,2064,2065]],[[3744]],[[3745]],[[3746]]],"properties":{"grunnkretsnummer":"15790701","grunnkretsnavn":"Sunde","delomradenummer":"157907","delomradenavn":"Bud","kommunenummer":"1579"}},{"type":"Polygon","arcs":[[3747,2067,2068,-2040,-3727,3748]],"properties":{"grunnkretsnummer":"15790807","grunnkretsnavn":"Ytre Eide","delomradenummer":"157908","delomradenavn":"Eide","kommunenummer":"1579"}},{"type":"MultiPolygon","arcs":[[[3749,2073,3750,3751,3752,2076,2077,2078,2079,3753]],[[3754]],[[3755]],[[3756]],[[3757]]],"properties":{"grunnkretsnummer":"15790501","grunnkretsnavn":"Skotheim","delomradenummer":"157905","delomradenavn":"Farstad","kommunenummer":"1579"}},{"type":"Polygon","arcs":[[2081,2082,3758,3759,-2080]],"properties":{"grunnkretsnummer":"15790502","grunnkretsnavn":"Farstad","delomradenummer":"157905","delomradenavn":"Farstad","kommunenummer":"1579"}},{"type":"MultiPolygon","arcs":[[[-2061,2087,2088,3760,3761]],[[3762]],[[3763]]],"properties":{"grunnkretsnummer":"15790702","grunnkretsnavn":"Bergset","delomradenummer":"157907","delomradenavn":"Bud","kommunenummer":"1579"}},{"type":"Polygon","arcs":[[2090,2091,2092,-2082,-2079,2093,2094,-2044,2095,2096]],"properties":{"grunnkretsnummer":"15790503","grunnkretsnavn":"Vassenden","delomradenummer":"157905","delomradenavn":"Farstad","kommunenummer":"1579"}},{"type":"Polygon","arcs":[[2097,-2069,2098,2099,2100]],"properties":{"grunnkretsnummer":"15790805","grunnkretsnavn":"Dyrhaug-Krakeli","delomradenummer":"157908","delomradenavn":"Eide","kommunenummer":"1579"}},{"type":"MultiPolygon","arcs":[[[2101,-2065,-3744,3764,2105]],[[3765]],[[3766]],[[3767]],[[3768]]],"properties":{"grunnkretsnummer":"15790605","grunnkretsnavn":"Vikan","delomradenummer":"157906","delomradenavn":"Hustad","kommunenummer":"1579"}},{"type":"Polygon","arcs":[[2106,-2097,2107,3769,3770,3771,2111]],"properties":{"grunnkretsnummer":"15790301","grunnkretsnavn":"Eidem","delomradenummer":"157903","delomradenavn":"Haukås","kommunenummer":"1579"}},{"type":"MultiPolygon","arcs":[[[3772,2113,2114,3773,3774]],[[3775]],[[3776]],[[3777]],[[3778]],[[3779]],[[3780]],[[3781]],[[3782]]],"properties":{"grunnkretsnummer":"15790201","grunnkretsnavn":"Hoem","delomradenummer":"157902","delomradenavn":"Søre Fræna","kommunenummer":"1579"}},{"type":"MultiPolygon","arcs":[[[-2106,3783,3784,2123,2124]],[[3785]]],"properties":{"grunnkretsnummer":"15790604","grunnkretsnavn":"Male","delomradenummer":"157906","delomradenavn":"Hustad","kommunenummer":"1579"}},{"type":"Polygon","arcs":[[-2096,-2050,-3731,3786,-3770,-2108]],"properties":{"grunnkretsnummer":"15790302","grunnkretsnavn":"Haukås","delomradenummer":"157903","delomradenavn":"Haukås","kommunenummer":"1579"}},{"type":"MultiPolygon","arcs":[[[-3761,-2089,2126,3787,3788]],[[3789]],[[3790]]],"properties":{"grunnkretsnummer":"15790703","grunnkretsnavn":"Bud","delomradenummer":"157907","delomradenavn":"Bud","kommunenummer":"1579"}},{"type":"Polygon","arcs":[[-3728,-2042,2130,2131,3791,3792]],"properties":{"grunnkretsnummer":"15790809","grunnkretsnavn":"Visnes-Jørgenvågområdet","delomradenummer":"157908","delomradenavn":"Eide","kommunenummer":"1579"}},{"type":"Polygon","arcs":[[3793,2135,-194,-336,2136,2137,3794]],"properties":{"grunnkretsnummer":"15790204","grunnkretsnavn":"Sande","delomradenummer":"157902","delomradenavn":"Søre Fræna","kommunenummer":"1579"}},{"type":"MultiPolygon","arcs":[[[-3759,-2083,-2093,2139,3795,3796,2141,3797]],[[3798,2143,3799,3800]]],"properties":{"grunnkretsnummer":"15790601","grunnkretsnavn":"Nerland","delomradenummer":"157906","delomradenavn":"Hustad","kommunenummer":"1579"}},{"type":"Polygon","arcs":[[2146,3801,3802,3803,2149,2150,-2100]],"properties":{"grunnkretsnummer":"15790804","grunnkretsnavn":"Wågsbø-Skjelvikområdet","delomradenummer":"157908","delomradenavn":"Eide","kommunenummer":"1579"}},{"type":"MultiPolygon","arcs":[[[2151,-2057,-3732,3804,3805,2153]],[[3806]]],"properties":{"grunnkretsnummer":"15790705","grunnkretsnavn":"Vestad","delomradenummer":"157907","delomradenavn":"Bud","kommunenummer":"1579"}},{"type":"Polygon","arcs":[[2154,2155,-1108,2156,3807,3808,3809,2159]],"properties":{"grunnkretsnummer":"15790402","grunnkretsnavn":"Kolberg","delomradenummer":"157904","delomradenavn":"Sylte - Malme","kommunenummer":"1579"}},{"type":"MultiPolygon","arcs":[[[-2114,-3773,3810,-2138,2160]],[[3811]],[[3812]]],"properties":{"grunnkretsnummer":"15790203","grunnkretsnavn":"Valle","delomradenummer":"157902","delomradenavn":"Søre Fræna","kommunenummer":"1579"}},{"type":"Polygon","arcs":[[2161,3813,3814,-3792,-2132,2164]],"properties":{"grunnkretsnummer":"15790810","grunnkretsnavn":"Lyngstad-Ørjavik-Rismandal","delomradenummer":"157908","delomradenavn":"Eide","kommunenummer":"1579"}},{"type":"Polygon","arcs":[[-3800,-2144,-3799,3815,-3796,-2140,-2092,2165,-2124,-3785,3816]],"properties":{"grunnkretsnummer":"15790602","grunnkretsnavn":"Hustad","delomradenummer":"157906","delomradenavn":"Hustad","kommunenummer":"1579"}},{"type":"Polygon","arcs":[[-3733,-2059,2167,-2112,-3772,3817]],"properties":{"grunnkretsnummer":"15790102","grunnkretsnavn":"Løset","delomradenummer":"157901","delomradenavn":"Stavik - Løset","kommunenummer":"1579"}},{"type":"Polygon","arcs":[[2168,-2102,-2125,-2166,-2091,-2107,-2168,-2058,-2152]],"properties":{"grunnkretsnummer":"15790603","grunnkretsnavn":"Skarset","delomradenummer":"157906","delomradenavn":"Hustad","kommunenummer":"1579"}},{"type":"MultiPolygon","arcs":[[[-3751,-2074,-3750,3818]],[[3819]],[[3820]],[[3821]],[[3822]],[[3823]],[[3824]],[[3825]],[[3826]]],"properties":{"grunnkretsnummer":"15790814","grunnkretsnavn":"Vevang - øyene utom Straumen","delomradenummer":"157908","delomradenavn":"Eide","kommunenummer":"1579"}},{"type":"Polygon","arcs":[[-195,-2136,-3794,3827,-3808,-2157,-1107,-384,-391,-124,-257]],"properties":{"grunnkretsnummer":"15790403","grunnkretsnavn":"Malme","delomradenummer":"157904","delomradenavn":"Sylte - Malme","kommunenummer":"1579"}},{"type":"Polygon","arcs":[[2174,2175,2176,2177,3828,3829,-3774,-2115,-2161,-2137,-335,-389,-207,-396,-264,2182]],"properties":{"grunnkretsnummer":"15790202","grunnkretsnavn":"Helset","delomradenummer":"157902","delomradenavn":"Søre Fræna","kommunenummer":"1579"}},{"type":"Polygon","arcs":[[-2078,2183,2184,-2165,-2131,-2041,-2098,2185,-2094]],"properties":{"grunnkretsnummer":"15790812","grunnkretsnavn":"Bolli","delomradenummer":"157908","delomradenavn":"Eide","kommunenummer":"1579"}},{"type":"Polygon","arcs":[[-2150,-3804,3830,2188,-1104,-2156,2189]],"properties":{"grunnkretsnummer":"15790802","grunnkretsnavn":"Øyen","delomradenummer":"157908","delomradenavn":"Eide","kommunenummer":"1579"}},{"type":"Polygon","arcs":[[-2068,-3748,3831,-3802,-2147,-2099]],"properties":{"grunnkretsnummer":"15790806","grunnkretsnavn":"Indre Eide","delomradenummer":"157908","delomradenavn":"Eide","kommunenummer":"1579"}},{"type":"Polygon","arcs":[[-2077,-3753,3832,3833,2192,-2184]],"properties":{"grunnkretsnummer":"15790813","grunnkretsnavn":"Gaustad-Årsbog","delomradenummer":"157908","delomradenavn":"Eide","kommunenummer":"1579"}},{"type":"Polygon","arcs":[[-2088,-2066,-2169,-2154,-3806,3834,-3788,-2127]],"properties":{"grunnkretsnummer":"15790704","grunnkretsnavn":"Gule","delomradenummer":"157907","delomradenavn":"Bud","kommunenummer":"1579"}},{"type":"Polygon","arcs":[[-2193,-3834,3835,-3814,-2162,-2185]],"properties":{"grunnkretsnummer":"15790811","grunnkretsnavn":"Gautvik-Mekvik-Brandshaug","delomradenummer":"157908","delomradenavn":"Eide","kommunenummer":"1579"}},{"type":"Polygon","arcs":[[-2095,-2186,-2101,-2151,-2190,-2155,2194,-2045]],"properties":{"grunnkretsnummer":"15790803","grunnkretsnavn":"Nås","delomradenummer":"157908","delomradenavn":"Eide","kommunenummer":"1579"}},{"type":"Polygon","arcs":[[-1098,-1109,-1105,-2189,3836]],"properties":{"grunnkretsnummer":"15790801","grunnkretsnavn":"Strand","delomradenummer":"157908","delomradenavn":"Eide","kommunenummer":"1579"}},{"type":"Polygon","arcs":[[-2195,-2160,-3810,3837,-2046]],"properties":{"grunnkretsnummer":"15790401","grunnkretsnavn":"Sylte","delomradenummer":"157904","delomradenavn":"Sylte - Malme","kommunenummer":"1579"}},{"type":"MultiPolygon","arcs":[[[3838,2197,2198,-2034,-3724,3839]],[[3840]],[[3841]]],"properties":{"grunnkretsnummer":"15150306","grunnkretsnavn":"Dragsund","delomradenummer":"151503","delomradenavn":"Indre Herøy","kommunenummer":"1515"}},{"type":"Polygon","arcs":[[2199,2200,3842,3843,3844,2204]],"properties":{"grunnkretsnummer":"15470109","grunnkretsnavn":"Falkhytta","delomradenummer":"154701","delomradenavn":"Aukra","kommunenummer":"1547"}},{"type":"MultiPolygon","arcs":[[[3845]],[[3846]],[[3847]],[[3848]],[[3849]],[[3850]],[[3851]]],"properties":{"grunnkretsnummer":"15470114","grunnkretsnavn":"Orten","delomradenummer":"154701","delomradenavn":"Aukra","kommunenummer":"1547"}},{"type":"Polygon","arcs":[[3852,2213,2214,3853]],"properties":{"grunnkretsnummer":"15140202","grunnkretsnavn":"Haugsbygda","delomradenummer":"151402","delomradenavn":"Gurskøy","kommunenummer":"1514"}},{"type":"MultiPolygon","arcs":[[[2217,3854,3855,3856,3857,3858,2224,2225]],[[3859]],[[3860]]],"properties":{"grunnkretsnummer":"15540503","grunnkretsnavn":"Nekstad","delomradenummer":"155405","delomradenavn":"Midtre Averøy","kommunenummer":"1554"}},{"type":"Polygon","arcs":[[3861,2227,3862,3863,3864,2232,3865,3866]],"properties":{"grunnkretsnummer":"15540103","grunnkretsnavn":"Bremsnes","delomradenummer":"155401","delomradenavn":"Nordre Averøy","kommunenummer":"1554"}},{"type":"Polygon","arcs":[[3867,2236,3868,3869,-3863,-2228,-3862,3870]],"properties":{"grunnkretsnummer":"15540104","grunnkretsnavn":"Røsand","delomradenummer":"155401","delomradenavn":"Nordre Averøy","kommunenummer":"1554"}},{"type":"Polygon","arcs":[[-2225,-3859,3871,3872,2239,2240,2241,2242]],"properties":{"grunnkretsnummer":"15540504","grunnkretsnavn":"Hoel","delomradenummer":"155405","delomradenavn":"Midtre Averøy","kommunenummer":"1554"}},{"type":"Polygon","arcs":[[3873,2244,2245,2246,3874,3875]],"properties":{"grunnkretsnummer":"15540202","grunnkretsnavn":"Rokset","delomradenummer":"155402","delomradenavn":"Indre Averøy","kommunenummer":"1554"}},{"type":"MultiPolygon","arcs":[[[3876,2251,3877,3878,-3855,-2218,2253,3879,3880,3881,2255,3882,3883]],[[3884]],[[3885]],[[3886]],[[3887]],[[3888]]],"properties":{"grunnkretsnummer":"15540304","grunnkretsnavn":"Rangøy","delomradenummer":"155403","delomradenavn":"Vestre Averøy","kommunenummer":"1554"}},{"type":"Polygon","arcs":[[2257,-2246,2258,2259]],"properties":{"grunnkretsnummer":"15540502","grunnkretsnavn":"Øvre Bådalen","delomradenummer":"155405","delomradenavn":"Midtre Averøy","kommunenummer":"1554"}},{"type":"MultiPolygon","arcs":[[[-3869,-2237,-3868,3889,3890,2262,2263,2264,3891,3892]],[[-3857,3893]],[[3894]],[[3895]]],"properties":{"grunnkretsnummer":"15540107","grunnkretsnavn":"Ødegård","delomradenummer":"155401","delomradenavn":"Nordre Averøy","kommunenummer":"1554"}},{"type":"Polygon","arcs":[[3896,2267,2268,-2242,2269,3897,3898]],"properties":{"grunnkretsnummer":"15540205","grunnkretsnavn":"Stene","delomradenummer":"155402","delomradenavn":"Indre Averøy","kommunenummer":"1554"}},{"type":"MultiPolygon","arcs":[[[2271,3899,3900,2274]],[[3901]],[[3902]],[[3903]],[[3904]],[[3905]]],"properties":{"grunnkretsnummer":"15540302","grunnkretsnavn":"Utheim","delomradenummer":"155403","delomradenavn":"Vestre Averøy","kommunenummer":"1554"}},{"type":"Polygon","arcs":[[-3900,-2272,2275,-2268,-3897,3906]],"properties":{"grunnkretsnummer":"15540301","grunnkretsnavn":"Lillemork","delomradenummer":"155403","delomradenavn":"Vestre Averøy","kommunenummer":"1554"}},{"type":"Polygon","arcs":[[-2264,2276,3907,3908,-3875,-2247,-2258,2278]],"properties":{"grunnkretsnummer":"15540201","grunnkretsnavn":"Kvernes","delomradenummer":"155402","delomradenavn":"Indre Averøy","kommunenummer":"1554"}},{"type":"MultiPolygon","arcs":[[[2282,3909,3910]],[[3911]],[[3912]],[[3913]]],"properties":{"grunnkretsnummer":"15540101","grunnkretsnavn":"Sveggen","delomradenummer":"155401","delomradenavn":"Nordre Averøy","kommunenummer":"1554"}},{"type":"MultiPolygon","arcs":[[[-3878,-2252,-3877,3914]],[[3915]]],"properties":{"grunnkretsnummer":"15540401","grunnkretsnavn":"Henda","delomradenummer":"155404","delomradenavn":"Ytre Averøy","kommunenummer":"1554"}},{"type":"MultiPolygon","arcs":[[[3916]],[[3917]],[[3918]],[[3919]],[[3920]],[[3921]],[[3922]]],"properties":{"grunnkretsnummer":"15540402","grunnkretsnavn":"Langøy","delomradenummer":"155404","delomradenavn":"Ytre Averøy","kommunenummer":"1554"}},{"type":"Polygon","arcs":[[3923,2291,2292,-2259,-2245,-3874,3924]],"properties":{"grunnkretsnummer":"15540203","grunnkretsnavn":"Meek","delomradenummer":"155402","delomradenavn":"Indre Averøy","kommunenummer":"1554"}},{"type":"MultiPolygon","arcs":[[[3925]],[[3926]],[[3927]],[[3928]]],"properties":{"grunnkretsnummer":"15540105","grunnkretsnavn":"Ekkilsøy","delomradenummer":"155401","delomradenavn":"Nordre Averøy","kommunenummer":"1554"}},{"type":"Polygon","arcs":[[-3898,-2270,-2241,-2292,-3924,3929]],"properties":{"grunnkretsnummer":"15540204","grunnkretsnavn":"Rånes","delomradenummer":"155402","delomradenavn":"Indre Averøy","kommunenummer":"1554"}},{"type":"MultiPolygon","arcs":[[[3930]],[[3931]],[[3932]]],"properties":{"grunnkretsnummer":"15540404","grunnkretsnavn":"Sandøy","delomradenummer":"155404","delomradenavn":"Ytre Averøy","kommunenummer":"1554"}},{"type":"MultiPolygon","arcs":[[[-3892,-2265,-2279,-2260,-2293,-2240,-3873,3933]],[[3934]]],"properties":{"grunnkretsnummer":"15540501","grunnkretsnavn":"Vebenstad","delomradenummer":"155405","delomradenavn":"Midtre Averøy","kommunenummer":"1554"}},{"type":"MultiPolygon","arcs":[[[-3883,-2256,-3882,3935,-3880,-2254,-2226,-2243,-2269,-2276,-2275,3936]],[[3937]]],"properties":{"grunnkretsnummer":"15540303","grunnkretsnavn":"Folland","delomradenummer":"155403","delomradenavn":"Vestre Averøy","kommunenummer":"1554"}},{"type":"MultiPolygon","arcs":[[[3938]],[[3939]],[[3940]],[[3941]],[[3942]],[[3943]],[[3944]],[[3945]],[[3946]],[[3947]],[[3948]]],"properties":{"grunnkretsnummer":"15540403","grunnkretsnavn":"Kjønnøy","delomradenummer":"155404","delomradenavn":"Ytre Averøy","kommunenummer":"1554"}},{"type":"Polygon","arcs":[[-3866,-2233,-3865,3949,-3910,-2283,3950]],"properties":{"grunnkretsnummer":"15540102","grunnkretsnavn":"Futsæther","delomradenummer":"155401","delomradenavn":"Nordre Averøy","kommunenummer":"1554"}},{"type":"Polygon","arcs":[[-3908,-2277,-2263,-3891,3951]],"properties":{"grunnkretsnummer":"15540106","grunnkretsnavn":"Kristvik","delomradenummer":"155401","delomradenavn":"Nordre Averøy","kommunenummer":"1554"}},{"type":"MultiPolygon","arcs":[[[3952,2297,2298,2299,3953,3954]],[[3955,2301,3956,3957]],[[3958]],[[3959]],[[3960]],[[3961]],[[3962]],[[3963]],[[3964]],[[3965]],[[3966]],[[3967]],[[3968]],[[3969]],[[3970]],[[3971]],[[3972]],[[3973]],[[3974]],[[3975]],[[3976]],[[3977]],[[3978]],[[3979]],[[3980]]],"properties":{"grunnkretsnummer":"15730102","grunnkretsnavn":"Jøen","delomradenummer":"157301","delomradenavn":"Smøla","kommunenummer":"1573"}},{"type":"MultiPolygon","arcs":[[[2304,3981,3982,-3954,-2300]],[[-3957,-2302,-3956,3983]],[[3984]],[[3985]],[[3986]],[[3987]],[[3988]],[[3989]],[[3990]],[[3991]],[[3992]],[[3993]],[[3994]],[[3995]],[[3996]],[[3997]],[[3998]],[[3999]],[[4000]],[[4001]],[[4002]],[[4003]],[[4004]],[[4005]],[[4006]],[[4007]],[[4008]],[[4009]],[[4010]],[[4011]],[[4012]],[[4013]]],"properties":{"grunnkretsnummer":"15730115","grunnkretsnavn":"Rangnes","delomradenummer":"157301","delomradenavn":"Smøla","kommunenummer":"1573"}},{"type":"MultiPolygon","arcs":[[[4014,2312,4015,4016]],[[4017]],[[4018]],[[4019]],[[4020]],[[4021]],[[4022]],[[4023]],[[4024]],[[4025]],[[4026]],[[4027]],[[4028]],[[4029]],[[4030]]],"properties":{"grunnkretsnummer":"15730108","grunnkretsnavn":"Innveien","delomradenummer":"157301","delomradenavn":"Smøla","kommunenummer":"1573"}},{"type":"MultiPolygon","arcs":[[[2316,-2298,-3953,4031,4032,2320]],[[4033,4034,4035]],[[4036]],[[4037]],[[4038]],[[4039]],[[4040]]],"properties":{"grunnkretsnummer":"15730103","grunnkretsnavn":"Gjelberg","delomradenummer":"157301","delomradenavn":"Smøla","kommunenummer":"1573"}},{"type":"MultiPolygon","arcs":[[[4041,2322,2323,2324,4042,4043]],[[4044]],[[4045]],[[4046]],[[4047]]],"properties":{"grunnkretsnummer":"15730113","grunnkretsnavn":"Rokstad","delomradenummer":"157301","delomradenavn":"Smøla","kommunenummer":"1573"}},{"type":"MultiPolygon","arcs":[[[4048]],[[4049]],[[4050]],[[4051]],[[4052]],[[4053]],[[4054]],[[4055]],[[4056]],[[4057]],[[4058]],[[4059]],[[4060]],[[4061]],[[4062]],[[4063]],[[4064]],[[4065]],[[4066]],[[4067]],[[4068]],[[4069]],[[4070]],[[4071]],[[4072]],[[4073]],[[4074]],[[4075]],[[4076]],[[4077]],[[4078]],[[4079]],[[4080]],[[4081]],[[4082]]],"properties":{"grunnkretsnummer":"15730101","grunnkretsnavn":"Hallarøy","delomradenummer":"157301","delomradenavn":"Smøla","kommunenummer":"1573"}},{"type":"MultiPolygon","arcs":[[[2330,-2299,-2317,2331,2332,4083,4084,4085,2337]],[[4086]],[[4087]],[[4088]],[[4089]],[[4090]],[[4091]],[[4092]],[[4093]],[[4094]],[[4095]],[[4096]],[[4097]],[[4098]],[[4099]],[[4100]],[[4101]],[[4102]],[[4103]],[[4104]],[[4105]],[[4106]],[[4107]]],"properties":{"grunnkretsnummer":"15730106","grunnkretsnavn":"Dyrnesvågen","delomradenummer":"157301","delomradenavn":"Smøla","kommunenummer":"1573"}},{"type":"MultiPolygon","arcs":[[[4108]],[[4109]],[[4110]],[[4111]],[[4112]],[[4113]],[[4114]],[[4115]],[[4116]],[[4117]],[[4118]],[[4119]],[[4120]],[[4121]],[[4122]],[[4123]],[[4124]],[[4125]],[[4126]],[[4127]],[[4128]],[[4129]],[[4130]],[[4131]],[[4132]],[[4133]],[[4134]],[[4135]],[[4136]],[[4137]],[[4138]],[[4139]],[[4140]]],"properties":{"grunnkretsnummer":"15730116","grunnkretsnavn":"Edøy","delomradenummer":"157301","delomradenavn":"Smøla","kommunenummer":"1573"}},{"type":"Polygon","arcs":[[2340,2341,-2324,-2331,2342]],"properties":{"grunnkretsnummer":"15730112","grunnkretsnavn":"Frostafeltet","delomradenummer":"157301","delomradenavn":"Smøla","kommunenummer":"1573"}},{"type":"MultiPolygon","arcs":[[[-4016,-2313,-4015,4141]],[[4142,2344,-2343,-2338,-4086,4143]],[[4144]],[[4145]],[[4146]],[[4147]],[[4148]],[[4149]],[[4150]]],"properties":{"grunnkretsnummer":"15730107","grunnkretsnavn":"Hopen","delomradenummer":"157301","delomradenavn":"Smøla","kommunenummer":"1573"}},{"type":"MultiPolygon","arcs":[[[-2323,-4042,4151,-3982,-2305]],[[4152]],[[4153]],[[4154]],[[4155]],[[4156]],[[4157]],[[4158]],[[4159]],[[4160]],[[4161]],[[4162]],[[4163]],[[4164]],[[4165]],[[4166]],[[4167]]],"properties":{"grunnkretsnummer":"15730114","grunnkretsnavn":"Bremnes","delomradenummer":"157301","delomradenavn":"Smøla","kommunenummer":"1573"}},{"type":"MultiPolygon","arcs":[[[-2342,2346,4168,4169,-4043,-2325]],[[4170]],[[4171]],[[4172]],[[4173]],[[4174]]],"properties":{"grunnkretsnummer":"15730111","grunnkretsnavn":"Holmen","delomradenummer":"157301","delomradenavn":"Smøla","kommunenummer":"1573"}},{"type":"MultiPolygon","arcs":[[[-2341,-2345,-4143,4175,-4169,-2347]],[[4176]],[[4177]],[[4178]],[[4179]]],"properties":{"grunnkretsnummer":"15730110","grunnkretsnavn":"Sætran","delomradenummer":"157301","delomradenavn":"Smøla","kommunenummer":"1573"}},{"type":"MultiPolygon","arcs":[[[2353,-2332,-2321,-4033,4180]],[[-4035,-4034,4181]],[[4182]],[[4183]],[[4184]],[[4185]],[[4186]],[[4187]],[[4188]],[[4189]],[[4190]],[[4191]],[[4192]],[[4193]],[[4194]]],"properties":{"grunnkretsnummer":"15730104","grunnkretsnavn":"Stensøynes","delomradenummer":"157301","delomradenavn":"Smøla","kommunenummer":"1573"}},{"type":"Polygon","arcs":[[4195]],"properties":{"grunnkretsnummer":"15730109","grunnkretsnavn":"Veiholmen","delomradenummer":"157301","delomradenavn":"Smøla","kommunenummer":"1573"}},{"type":"MultiPolygon","arcs":[[[-2354,4196,-4084,-2333]],[[4197]],[[4198]],[[4199]],[[4200]],[[4201]],[[4202]],[[4203]],[[4204]],[[4205]],[[4206]]],"properties":{"grunnkretsnummer":"15730105","grunnkretsnavn":"Skarpnes","delomradenummer":"157301","delomradenavn":"Smøla","kommunenummer":"1573"}},{"type":"MultiPolygon","arcs":[[[2357,4207,4208,4209,2360,2361]],[[4210]]],"properties":{"grunnkretsnummer":"15150308","grunnkretsnavn":"Jøsok","delomradenummer":"151503","delomradenavn":"Indre Herøy","kommunenummer":"1515"}},{"type":"Polygon","arcs":[[4211,2363,2364,4212]],"properties":{"grunnkretsnummer":"15150103","grunnkretsnavn":"Kopparstad","delomradenummer":"151501","delomradenavn":"Ytre Herøy 1","kommunenummer":"1515"}},{"type":"MultiPolygon","arcs":[[[4213]],[[4214]]],"properties":{"grunnkretsnummer":"15150102","grunnkretsnavn":"Skorpa","delomradenummer":"151501","delomradenavn":"Ytre Herøy 1","kommunenummer":"1515"}},{"type":"Polygon","arcs":[[2377,2378,4215]],"properties":{"grunnkretsnummer":"15150106","grunnkretsnavn":"Fosnavåg sentrum","delomradenummer":"151501","delomradenavn":"Ytre Herøy 1","kommunenummer":"1515"}},{"type":"Polygon","arcs":[[2380,4216,4217,4218,4219,4220,2385,2386]],"properties":{"grunnkretsnummer":"15150111","grunnkretsnavn":"Straumane","delomradenummer":"151501","delomradenavn":"Ytre Herøy 1","kommunenummer":"1515"}},{"type":"Polygon","arcs":[[2387,2388]],"properties":{"grunnkretsnummer":"15150110","grunnkretsnavn":"Myklebustvatnet","delomradenummer":"151501","delomradenavn":"Ytre Herøy 1","kommunenummer":"1515"}},{"type":"MultiPolygon","arcs":[[[2390,2391,4221,4222]],[[4223]]],"properties":{"grunnkretsnummer":"15150204","grunnkretsnavn":"Voldsund","delomradenummer":"151502","delomradenavn":"Ytre Herøy 2","kommunenummer":"1515"}},{"type":"Polygon","arcs":[[4224,2397,4225,4226]],"properties":{"grunnkretsnummer":"15150202","grunnkretsnavn":"Sævik","delomradenummer":"151502","delomradenavn":"Ytre Herøy 2","kommunenummer":"1515"}},{"type":"MultiPolygon","arcs":[[[2404,2405,2406,2407,4227,4228]],[[4229]],[[4230]],[[4231]],[[4232]]],"properties":{"grunnkretsnummer":"15150301","grunnkretsnavn":"Moltustranda sentrum","delomradenummer":"151503","delomradenavn":"Indre Herøy","kommunenummer":"1515"}},{"type":"Polygon","arcs":[[-4217,-2381,2410,2411,4233]],"properties":{"grunnkretsnummer":"15150113","grunnkretsnavn":"Flusund","delomradenummer":"151501","delomradenavn":"Ytre Herøy 1","kommunenummer":"1515"}},{"type":"Polygon","arcs":[[4234,2415,-2405,4235]],"properties":{"grunnkretsnummer":"15150302","grunnkretsnavn":"Austre Moltustranda","delomradenummer":"151503","delomradenavn":"Indre Herøy","kommunenummer":"1515"}},{"type":"Polygon","arcs":[[-2379,2417,2418,4236,4237]],"properties":{"grunnkretsnummer":"15150105","grunnkretsnavn":"Igesund","delomradenummer":"151501","delomradenavn":"Ytre Herøy 1","kommunenummer":"1515"}},{"type":"MultiPolygon","arcs":[[[4238,2422,-2406,-2416,-4235,4239]],[[4240]],[[4241]],[[4242]],[[4243]],[[4244]],[[4245]]],"properties":{"grunnkretsnummer":"15150303","grunnkretsnavn":"Stokksund","delomradenummer":"151503","delomradenavn":"Indre Herøy","kommunenummer":"1515"}},{"type":"MultiPolygon","arcs":[[[4246,2425,2426,4247,4248]],[[4249]]],"properties":{"grunnkretsnummer":"15150114","grunnkretsnavn":"Gjertnes","delomradenummer":"151501","delomradenavn":"Ytre Herøy 1","kommunenummer":"1515"}},{"type":"MultiPolygon","arcs":[[[-3725,-2035,-2199,2429,2430,-2407,-2423,-4239,4250]],[[4251]]],"properties":{"grunnkretsnummer":"15150304","grunnkretsnavn":"Tjørvåg","delomradenummer":"151503","delomradenavn":"Indre Herøy","kommunenummer":"1515"}},{"type":"Polygon","arcs":[[-4222,-2392,2431,2432,-2426,-4247,4252]],"properties":{"grunnkretsnummer":"15150205","grunnkretsnavn":"Leinebygda","delomradenummer":"151502","delomradenavn":"Ytre Herøy 2","kommunenummer":"1515"}},{"type":"Polygon","arcs":[[2433,4253,4254,-2365]],"properties":{"grunnkretsnummer":"15150104","grunnkretsnavn":"Kvalsund","delomradenummer":"151501","delomradenavn":"Ytre Herøy 1","kommunenummer":"1515"}},{"type":"Polygon","arcs":[[-2412,2435,2436,4255]],"properties":{"grunnkretsnummer":"15150108","grunnkretsnavn":"Nørvåg","delomradenummer":"151501","delomradenavn":"Ytre Herøy 1","kommunenummer":"1515"}},{"type":"Polygon","arcs":[[-2378,4256,-2437,2438,2439,-2418]],"properties":{"grunnkretsnummer":"15150107","grunnkretsnavn":"Øvre Fosnavåg","delomradenummer":"151501","delomradenavn":"Ytre Herøy 1","kommunenummer":"1515"}},{"type":"Polygon","arcs":[[-4254,-2434,-2364,-4212,4257]],"properties":{"grunnkretsnummer":"15150101","grunnkretsnavn":"Kvalsvik","delomradenummer":"151501","delomradenavn":"Ytre Herøy 1","kommunenummer":"1515"}},{"type":"MultiPolygon","arcs":[[[4258,2444,-2432,-2391,4259]],[[4260]]],"properties":{"grunnkretsnummer":"15150206","grunnkretsnavn":"Bø","delomradenummer":"151502","delomradenavn":"Ytre Herøy 2","kommunenummer":"1515"}},{"type":"Polygon","arcs":[[2445,-2439,-2436,-2411,-2387,-2388]],"properties":{"grunnkretsnummer":"15150112","grunnkretsnavn":"Elsebø","delomradenummer":"151501","delomradenavn":"Ytre Herøy 1","kommunenummer":"1515"}},{"type":"Polygon","arcs":[[4261]],"properties":{"grunnkretsnummer":"15150201","grunnkretsnavn":"Runde","delomradenummer":"151502","delomradenavn":"Ytre Herøy 2","kommunenummer":"1515"}},{"type":"Polygon","arcs":[[-4248,-2427,-2433,-2445,-4259,4262]],"properties":{"grunnkretsnummer":"15150207","grunnkretsnavn":"Frøystad","delomradenummer":"151502","delomradenavn":"Ytre Herøy 2","kommunenummer":"1515"}},{"type":"MultiPolygon","arcs":[[[2449,-2430,-2198,-3839,4263,-4208,-2358,2450]],[[4264]]],"properties":{"grunnkretsnummer":"15150307","grunnkretsnavn":"Leikong","delomradenummer":"151503","delomradenavn":"Indre Herøy","kommunenummer":"1515"}},{"type":"Polygon","arcs":[[-4237,-2419,-2440,-2446,-2389,-2386,-4221,4265]],"properties":{"grunnkretsnummer":"15150109","grunnkretsnavn":"Eggesbønes","delomradenummer":"151501","delomradenavn":"Ytre Herøy 1","kommunenummer":"1515"}},{"type":"Polygon","arcs":[[-4226,-2398,-4225,4266]],"properties":{"grunnkretsnummer":"15150203","grunnkretsnavn":"Remøy","delomradenummer":"151502","delomradenavn":"Ytre Herøy 2","kommunenummer":"1515"}},{"type":"Polygon","arcs":[[2451,2452,4267,4268,-3843,-2201,2454,2455]],"properties":{"grunnkretsnummer":"15470107","grunnkretsnavn":"Bakkemyr","delomradenummer":"154701","delomradenavn":"Aukra","kommunenummer":"1547"}},{"type":"MultiPolygon","arcs":[[[2456,4269,4270,4271,2459]],[[4272]],[[4273]]],"properties":{"grunnkretsnummer":"15470110","grunnkretsnavn":"Hjertvik","delomradenummer":"154701","delomradenavn":"Aukra","kommunenummer":"1547"}},{"type":"MultiPolygon","arcs":[[[4274,2461,2462,4275,4276]],[[4277]]],"properties":{"grunnkretsnummer":"15470105","grunnkretsnavn":"Sæter","delomradenummer":"154701","delomradenavn":"Aukra","kommunenummer":"1547"}},{"type":"MultiPolygon","arcs":[[[-4270,-2457,-2205,-3845,4278]],[[4279]],[[4280]],[[4281]],[[4282]]],"properties":{"grunnkretsnummer":"15470111","grunnkretsnavn":"Hukkelberg","delomradenummer":"154701","delomradenavn":"Aukra","kommunenummer":"1547"}},{"type":"MultiPolygon","arcs":[[[-4276,-2463,2467,-2452,2468,4283]],[[4284]]],"properties":{"grunnkretsnummer":"15470106","grunnkretsnavn":"Sporsem","delomradenummer":"154701","delomradenavn":"Aukra","kommunenummer":"1547"}},{"type":"MultiPolygon","arcs":[[[-2456,2470,2471,4285,4286,-2469]],[[4287]],[[4288]]],"properties":{"grunnkretsnummer":"15470104","grunnkretsnavn":"Løvik","delomradenummer":"154701","delomradenavn":"Aukra","kommunenummer":"1547"}},{"type":"MultiPolygon","arcs":[[[4289,2476,2477,4290,4291]],[[4292]],[[4293]],[[4294]],[[4295]]],"properties":{"grunnkretsnummer":"15470102","grunnkretsnavn":"Småge","delomradenummer":"154701","delomradenavn":"Aukra","kommunenummer":"1547"}},{"type":"Polygon","arcs":[[-2183,-263,-2958,4296,2480]],"properties":{"grunnkretsnummer":"15470113","grunnkretsnavn":"Eidskrem","delomradenummer":"154701","delomradenavn":"Aukra","kommunenummer":"1547"}},{"type":"Polygon","arcs":[[-4268,-2453,-2468,-2462,-4275,4297]],"properties":{"grunnkretsnummer":"15470108","grunnkretsnavn":"Nerbø","delomradenummer":"154701","delomradenavn":"Aukra","kommunenummer":"1547"}},{"type":"MultiPolygon","arcs":[[[-4286,-2472,2481,-2477,-4290,4298]],[[4299]],[[4300]],[[4301]]],"properties":{"grunnkretsnummer":"15470103","grunnkretsnavn":"Oterhalsen","delomradenummer":"154701","delomradenavn":"Aukra","kommunenummer":"1547"}},{"type":"Polygon","arcs":[[-3829,-2178,-2177,-2176,-2175,-2481,4302]],"properties":{"grunnkretsnummer":"15470112","grunnkretsnavn":"Hollingen","delomradenummer":"154701","delomradenavn":"Aukra","kommunenummer":"1547"}},{"type":"MultiPolygon","arcs":[[[-2455,-2200,-2460,-4272,4303,-4291,-2478,-2482,-2471]],[[4304]],[[4305]],[[4306]],[[4307]],[[4308]],[[4309]]],"properties":{"grunnkretsnummer":"15470101","grunnkretsnavn":"Horrem","delomradenummer":"154701","delomradenavn":"Aukra","kommunenummer":"1547"}},{"type":"Polygon","arcs":[[4310]],"properties":{"grunnkretsnummer":"15140105","grunnkretsnavn":"Sandsøy","delomradenummer":"151401","delomradenavn":"Fastlandet","kommunenummer":"1514"}},{"type":"Polygon","arcs":[[-2215,2488,-2451,-2362,2489,2490,2491,4311,4312]],"properties":{"grunnkretsnummer":"15140203","grunnkretsnavn":"Vågen","delomradenummer":"151402","delomradenavn":"Gurskøy","kommunenummer":"1514"}},{"type":"MultiPolygon","arcs":[[[4313]],[[4314]],[[4315]],[[4316]],[[4317]],[[4318]]],"properties":{"grunnkretsnummer":"15140103","grunnkretsnavn":"Kvamsøy","delomradenummer":"151401","delomradenavn":"Fastlandet","kommunenummer":"1514"}},{"type":"Polygon","arcs":[[-4312,-2492,2497,4319,4320]],"properties":{"grunnkretsnummer":"15140206","grunnkretsnavn":"Hallebygda","delomradenummer":"151402","delomradenavn":"Gurskøy","kommunenummer":"1514"}},{"type":"Polygon","arcs":[[-2490,-2361,-4210,4321,4322,2501]],"properties":{"grunnkretsnummer":"15140204","grunnkretsnavn":"Skredestranda","delomradenummer":"151402","delomradenavn":"Gurskøy","kommunenummer":"1514"}},{"type":"Polygon","arcs":[[-2491,-2502,-4323,4323,-4320,-2498]],"properties":{"grunnkretsnummer":"15140205","grunnkretsnavn":"Larsnes","delomradenummer":"151402","delomradenavn":"Gurskøy","kommunenummer":"1514"}},{"type":"MultiPolygon","arcs":[[[4324]],[[4325]],[[4326]],[[4327]]],"properties":{"grunnkretsnummer":"15140104","grunnkretsnavn":"Voksa","delomradenummer":"151401","delomradenavn":"Fastlandet","kommunenummer":"1514"}},{"type":"Polygon","arcs":[[-4228,-2408,-2431,-2450,-2489,-2214,-3853,4328]],"properties":{"grunnkretsnummer":"15140201","grunnkretsnavn":"Gjerdsvika","delomradenummer":"151402","delomradenavn":"Gurskøy","kommunenummer":"1514"}},{"type":"Polygon","arcs":[[4329,2503,2504,4330,4331]],"properties":{"grunnkretsnummer":"15081107","grunnkretsnavn":"Grindvik","delomradenummer":"150811","delomradenavn":"Skodje","kommunenummer":"1508"}},{"type":"Polygon","arcs":[[2508,2509,4332,4333,4334,2512]],"properties":{"grunnkretsnummer":"15080804","grunnkretsnavn":"Myrland","delomradenummer":"150808","delomradenavn":"Blindheim","kommunenummer":"1508"}},{"type":"Polygon","arcs":[[4335,2514,2515,4336,4337]],"properties":{"grunnkretsnummer":"15080504","grunnkretsnavn":"Bogneset","delomradenummer":"150805","delomradenavn":"Nørvasund","kommunenummer":"1508"}},{"type":"Polygon","arcs":[[4338,2524,4339,4340]],"properties":{"grunnkretsnummer":"15081001","grunnkretsnavn":"Hoff","delomradenummer":"150810","delomradenavn":"Ellingsøy","kommunenummer":"1508"}},{"type":"Polygon","arcs":[[4341,2531,2532,4342,4343]],"properties":{"grunnkretsnummer":"15080301","grunnkretsnavn":"Skansen","delomradenummer":"150803","delomradenavn":"Nørvøy Ytre","kommunenummer":"1508"}},{"type":"Polygon","arcs":[[2536,2537,2538,2539,-852,-845]],"properties":{"grunnkretsnummer":"15081205","grunnkretsnavn":"Lande","delomradenummer":"150812","delomradenavn":"Ørskog","kommunenummer":"1508"}},{"type":"Polygon","arcs":[[2540,2541,4344,4345,-4337,-2516]],"properties":{"grunnkretsnummer":"15080505","grunnkretsnavn":"Hatlane","delomradenummer":"150805","delomradenavn":"Nørvasund","kommunenummer":"1508"}},{"type":"Polygon","arcs":[[2544,2545,2546]],"properties":{"grunnkretsnummer":"15080703","grunnkretsnavn":"Moa","delomradenummer":"150807","delomradenavn":"Spjelkavik","kommunenummer":"1508"}},{"type":"Polygon","arcs":[[-4340,-2525,-4339,4346,4347,2552,2553,4348,4349]],"properties":{"grunnkretsnummer":"15081002","grunnkretsnavn":"Grimstad","delomradenummer":"150810","delomradenavn":"Ellingsøy","kommunenummer":"1508"}},{"type":"Polygon","arcs":[[2556,4350,4351,4352,2559,2560,2561,2562]],"properties":{"grunnkretsnummer":"15080307","grunnkretsnavn":"Fjelltun","delomradenummer":"150803","delomradenavn":"Nørvøy Ytre","kommunenummer":"1508"}},{"type":"Polygon","arcs":[[4353,2566,4354,4355]],"properties":{"grunnkretsnummer":"15080101","grunnkretsnavn":"Steinvågneset","delomradenummer":"150801","delomradenavn":"Hessøy","kommunenummer":"1508"}},{"type":"Polygon","arcs":[[4356,2569,4357,4358]],"properties":{"grunnkretsnummer":"15080501","grunnkretsnavn":"Gåseid","delomradenummer":"150805","delomradenavn":"Nørvasund","kommunenummer":"1508"}},{"type":"Polygon","arcs":[[2575,2576,2577,2578,4359,2581]],"properties":{"grunnkretsnummer":"15080605","grunnkretsnavn":"Åse","delomradenummer":"150806","delomradenavn":"Åse - Lerstad","kommunenummer":"1508"}},{"type":"MultiPolygon","arcs":[[[2582,2583,4360,4361,2588,2589]],[[4362]]],"properties":{"grunnkretsnummer":"15081303","grunnkretsnavn":"Bruvoll-Morsund","delomradenummer":"150813","delomradenavn":"Sandøy","kommunenummer":"1508"}},{"type":"Polygon","arcs":[[2591,2592,4363,4364]],"properties":{"grunnkretsnummer":"15080104","grunnkretsnavn":"Hessa","delomradenummer":"150801","delomradenavn":"Hessøy","kommunenummer":"1508"}},{"type":"Polygon","arcs":[[2603,-820,2604,2605,2606,2607]],"properties":{"grunnkretsnummer":"15081103","grunnkretsnavn":"Fylling","delomradenummer":"150811","delomradenavn":"Skodje","kommunenummer":"1508"}},{"type":"Polygon","arcs":[[4365,2609,-2592,4366]],"properties":{"grunnkretsnummer":"15080103","grunnkretsnavn":"Sævollen","delomradenummer":"150801","delomradenavn":"Hessøy","kommunenummer":"1508"}},{"type":"Polygon","arcs":[[-2561,2610,2611,4367,4368,4369,2614]],"properties":{"grunnkretsnummer":"15080309","grunnkretsnavn":"Volsdalsberga","delomradenummer":"150803","delomradenavn":"Nørvøy Ytre","kommunenummer":"1508"}},{"type":"MultiPolygon","arcs":[[[4370,2618,2619,2620,2621,4371,4372]],[[4373]],[[4374]],[[4375]],[[4376]],[[4377]]],"properties":{"grunnkretsnummer":"15081111","grunnkretsnavn":"Utvik","delomradenummer":"150811","delomradenavn":"Skodje","kommunenummer":"1508"}},{"type":"MultiPolygon","arcs":[[[4378,2624,4379,4380,-4368,-2612,2626,4381]],[[4382]]],"properties":{"grunnkretsnummer":"15080401","grunnkretsnavn":"Nørve","delomradenummer":"150804","delomradenavn":"Nørvøy Indre","kommunenummer":"1508"}},{"type":"Polygon","arcs":[[2628,2629,2630,-2509,2631]],"properties":{"grunnkretsnummer":"15080803","grunnkretsnavn":"Blindheim","delomradenummer":"150808","delomradenavn":"Blindheim","kommunenummer":"1508"}},{"type":"Polygon","arcs":[[-2627,-2611,-2560,-4353,4383]],"properties":{"grunnkretsnummer":"15080308","grunnkretsnavn":"Volsdalen","delomradenummer":"150803","delomradenavn":"Nørvøy Ytre","kommunenummer":"1508"}},{"type":"Polygon","arcs":[[2632,2633,-2577,2634,2635]],"properties":{"grunnkretsnummer":"15080602","grunnkretsnavn":"Lerstad","delomradenummer":"150806","delomradenavn":"Åse - Lerstad","kommunenummer":"1508"}},{"type":"Polygon","arcs":[[4384,2638,-2632,-2513,-4335,4385]],"properties":{"grunnkretsnummer":"15080802","grunnkretsnavn":"Vegsund","delomradenummer":"150808","delomradenavn":"Blindheim","kommunenummer":"1508"}},{"type":"MultiPolygon","arcs":[[[4386]],[[4387]],[[4388]],[[4389]]],"properties":{"grunnkretsnummer":"15081306","grunnkretsnavn":"Finnøy","delomradenummer":"150813","delomradenavn":"Sandøy","kommunenummer":"1508"}},{"type":"Polygon","arcs":[[2644,-2605,-819,-853,-2540,2645,4390,4391,4392,2648]],"properties":{"grunnkretsnummer":"15081204","grunnkretsnavn":"Sjøholt","delomradenummer":"150812","delomradenavn":"Ørskog","kommunenummer":"1508"}},{"type":"Polygon","arcs":[[2649,2650,2651,4393,4394,2654]],"properties":{"grunnkretsnummer":"15080204","grunnkretsnavn":"Skutvika","delomradenummer":"150802","delomradenavn":"Aspøy","kommunenummer":"1508"}},{"type":"Polygon","arcs":[[2655,2656,4395,4396,4397,2659]],"properties":{"grunnkretsnummer":"15080901","grunnkretsnavn":"Emblem","delomradenummer":"150809","delomradenavn":"Emblem","kommunenummer":"1508"}},{"type":"Polygon","arcs":[[2660,-2635,-2576,2661,2662]],"properties":{"grunnkretsnummer":"15080603","grunnkretsnavn":"Hatlaåsen","delomradenummer":"150806","delomradenavn":"Åse - Lerstad","kommunenummer":"1508"}},{"type":"Polygon","arcs":[[2663,2664,4398,-4394,-2652]],"properties":{"grunnkretsnummer":"15080206","grunnkretsnavn":"Apotekertorget","delomradenummer":"150802","delomradenavn":"Aspøy","kommunenummer":"1508"}},{"type":"MultiPolygon","arcs":[[[2668,2669,-2633,2670,4399,4400]],[[4401]]],"properties":{"grunnkretsnummer":"15080601","grunnkretsnavn":"Nakken","delomradenummer":"150806","delomradenavn":"Åse - Lerstad","kommunenummer":"1508"}},{"type":"Polygon","arcs":[[4402,2673,-2590,2674,4403,4404]],"properties":{"grunnkretsnummer":"15081305","grunnkretsnavn":"Huse","delomradenummer":"150813","delomradenavn":"Sandøy","kommunenummer":"1508"}},{"type":"MultiPolygon","arcs":[[[4405]],[[4406]]],"properties":{"grunnkretsnummer":"15080801","grunnkretsnavn":"Tørla-Humla","delomradenummer":"150808","delomradenavn":"Blindheim","kommunenummer":"1508"}},{"type":"Polygon","arcs":[[4407,2682,-2583,-2674,-4403,4408]],"properties":{"grunnkretsnummer":"15081301","grunnkretsnavn":"Myklebost","delomradenummer":"150813","delomradenavn":"Sandøy","kommunenummer":"1508"}},{"type":"Polygon","arcs":[[4409,2686,2687,2688,4410,4411,4412,4413,4414]],"properties":{"grunnkretsnummer":"15081104","grunnkretsnavn":"Skodjevåg","delomradenummer":"150811","delomradenavn":"Skodje","kommunenummer":"1508"}},{"type":"MultiPolygon","arcs":[[[4415]],[[4416]],[[4417]],[[4418]],[[4419]],[[4420]]],"properties":{"grunnkretsnummer":"15081308","grunnkretsnavn":"Sandøy","delomradenummer":"150813","delomradenavn":"Sandøy","kommunenummer":"1508"}},{"type":"Polygon","arcs":[[-2579,2693,2694,4421,4422]],"properties":{"grunnkretsnummer":"15080607","grunnkretsnavn":"Furmyr","delomradenummer":"150806","delomradenavn":"Åse - Lerstad","kommunenummer":"1508"}},{"type":"Polygon","arcs":[[4423,2699,2700,4424,4425,4426,2703,4427,4428]],"properties":{"grunnkretsnummer":"15080403","grunnkretsnavn":"Store-Nørve","delomradenummer":"150804","delomradenavn":"Nørvøy Indre","kommunenummer":"1508"}},{"type":"Polygon","arcs":[[4429,2706,-2537,-844,-868,-550,-545,-94,-2915,4430]],"properties":{"grunnkretsnummer":"15081208","grunnkretsnavn":"Vaksvik","delomradenummer":"150812","delomradenavn":"Ørskog","kommunenummer":"1508"}},{"type":"Polygon","arcs":[[4431,2708,2709,2710,-2656,2711,-2630,2712,4432,4433]],"properties":{"grunnkretsnummer":"15080705","grunnkretsnavn":"Spjelkavika","delomradenummer":"150807","delomradenavn":"Spjelkavik","kommunenummer":"1508"}},{"type":"Polygon","arcs":[[2714,2715,-2621,2716,-2709,-4432,4434,-4422,-2695,-2546]],"properties":{"grunnkretsnummer":"15080704","grunnkretsnavn":"Holen","delomradenummer":"150807","delomradenavn":"Spjelkavik","kommunenummer":"1508"}},{"type":"Polygon","arcs":[[4435,2720,-2715,-2545,-2669,4436]],"properties":{"grunnkretsnummer":"15080701","grunnkretsnavn":"Breivika","delomradenummer":"150807","delomradenavn":"Spjelkavik","kommunenummer":"1508"}},{"type":"MultiPolygon","arcs":[[[4437,2726,4438,4439]],[[4440]]],"properties":{"grunnkretsnummer":"15081005","grunnkretsnavn":"Stokke","delomradenummer":"150810","delomradenavn":"Ellingsøy","kommunenummer":"1508"}},{"type":"Polygon","arcs":[[-2634,-2670,-2547,-2694,-2578]],"properties":{"grunnkretsnummer":"15080606","grunnkretsnavn":"Åsemulen","delomradenummer":"150806","delomradenavn":"Åse - Lerstad","kommunenummer":"1508"}},{"type":"MultiPolygon","arcs":[[[-4433,-2713,-2629,-2639,-4385,4441]],[[4442]]],"properties":{"grunnkretsnummer":"15080706","grunnkretsnavn":"Spjelkaviknes","delomradenummer":"150807","delomradenavn":"Spjelkavik","kommunenummer":"1508"}},{"type":"Polygon","arcs":[[-4428,-2704,-4427,4443,-4380,-2625,-4379,4444]],"properties":{"grunnkretsnummer":"15080402","grunnkretsnavn":"Fagerlia","delomradenummer":"150804","delomradenavn":"Nørvøy Indre","kommunenummer":"1508"}},{"type":"Polygon","arcs":[[2728,4445,4446,2731,2732]],"properties":{"grunnkretsnummer":"15080304","grunnkretsnavn":"Storledbakken","delomradenummer":"150803","delomradenavn":"Nørvøy Ytre","kommunenummer":"1508"}},{"type":"Polygon","arcs":[[2733,-2732,-4447,4447,-4343,-2533]],"properties":{"grunnkretsnummer":"15080303","grunnkretsnavn":"Kipervika","delomradenummer":"150803","delomradenavn":"Nørvøy Ytre","kommunenummer":"1508"}},{"type":"MultiPolygon","arcs":[[[-2619,-4371,4448,-4414,-4413,4449,4450,4451,2737,2738]],[[4452]]],"properties":{"grunnkretsnummer":"15081108","grunnkretsnavn":"Valle","delomradenummer":"150811","delomradenavn":"Skodje","kommunenummer":"1508"}},{"type":"MultiPolygon","arcs":[[[-2584,-2683,-4408,4453]],[[4454]],[[4455]],[[4456]],[[4457]],[[4458]],[[4459]]],"properties":{"grunnkretsnummer":"15081302","grunnkretsnavn":"Røsok","delomradenummer":"150813","delomradenavn":"Sandøy","kommunenummer":"1508"}},{"type":"Polygon","arcs":[[2741,4460,4461,4462,2744,-2664,-2651]],"properties":{"grunnkretsnummer":"15080203","grunnkretsnavn":"Storhaugen","delomradenummer":"150802","delomradenavn":"Aspøy","kommunenummer":"1508"}},{"type":"Polygon","arcs":[[4463,2746,-2655,4464]],"properties":{"grunnkretsnummer":"15080201","grunnkretsnavn":"Skjerva","delomradenummer":"150802","delomradenavn":"Aspøy","kommunenummer":"1508"}},{"type":"Polygon","arcs":[[2748,2749,4465,-4439,-2727,-4438,4466,-4349,-2554]],"properties":{"grunnkretsnummer":"15081003","grunnkretsnavn":"Vik","delomradenummer":"150810","delomradenavn":"Ellingsøy","kommunenummer":"1508"}},{"type":"MultiPolygon","arcs":[[[4467]],[[4468]],[[4469]],[[4470]],[[4471]]],"properties":{"grunnkretsnummer":"15081309","grunnkretsnavn":"Ona-Husøy","delomradenummer":"150813","delomradenavn":"Sandøy","kommunenummer":"1508"}},{"type":"Polygon","arcs":[[2754,-2563,2755,4472,4473,-2729]],"properties":{"grunnkretsnummer":"15080305","grunnkretsnavn":"Klipra","delomradenummer":"150803","delomradenavn":"Nørvøy Ytre","kommunenummer":"1508"}},{"type":"Polygon","arcs":[[-2620,-2739,2757,-2710,-2717]],"properties":{"grunnkretsnummer":"15081110","grunnkretsnavn":"Brusdal","delomradenummer":"150811","delomradenavn":"Skodje","kommunenummer":"1508"}},{"type":"Polygon","arcs":[[-2688,2758,2759]],"properties":{"grunnkretsnummer":"15081202","grunnkretsnavn":"Braute","delomradenummer":"150812","delomradenavn":"Ørskog","kommunenummer":"1508"}},{"type":"Polygon","arcs":[[2763,-2749,-2553,-4348,4474]],"properties":{"grunnkretsnummer":"15081006","grunnkretsnavn":"Nes","delomradenummer":"150810","delomradenavn":"Ellingsøy","kommunenummer":"1508"}},{"type":"Polygon","arcs":[[4475,2766,2767,-2541,-2515,-4336,4476,-4358,-2570,-4357,4477]],"properties":{"grunnkretsnummer":"15080502","grunnkretsnavn":"Ratvik","delomradenummer":"150805","delomradenavn":"Nørvasund","kommunenummer":"1508"}},{"type":"Polygon","arcs":[[-4372,-2622,-2716,-2721,-4436,4478]],"properties":{"grunnkretsnummer":"15080702","grunnkretsnavn":"Olsvika","delomradenummer":"150807","delomradenavn":"Spjelkavik","kommunenummer":"1508"}},{"type":"Polygon","arcs":[[-4351,-2557,-2755,-2733,-2734,-2532,-4342,4479]],"properties":{"grunnkretsnummer":"15080302","grunnkretsnavn":"Verpingsvika","delomradenummer":"150803","delomradenavn":"Nørvøy Ytre","kommunenummer":"1508"}},{"type":"Polygon","arcs":[[4480,2771,-2700,-4424,4481]],"properties":{"grunnkretsnummer":"15080404","grunnkretsnavn":"Larsgård","delomradenummer":"150804","delomradenavn":"Nørvøy Indre","kommunenummer":"1508"}},{"type":"MultiPolygon","arcs":[[[-4333,-2510,-2631,-2712,-2660,-4398,4482]],[[4483]]],"properties":{"grunnkretsnummer":"15080805","grunnkretsnavn":"Hatlehol","delomradenummer":"150808","delomradenavn":"Blindheim","kommunenummer":"1508"}},{"type":"Polygon","arcs":[[-2562,-2615,-4370,4484,-4473,-2756]],"properties":{"grunnkretsnummer":"15080306","grunnkretsnavn":"Volsdalsvågen","delomradenummer":"150803","delomradenavn":"Nørvøy Ytre","kommunenummer":"1508"}},{"type":"Polygon","arcs":[[-4404,-2675,-2589,-4362,4485]],"properties":{"grunnkretsnummer":"15081304","grunnkretsnavn":"Steinshamn-Harnes","delomradenummer":"150813","delomradenavn":"Sandøy","kommunenummer":"1508"}},{"type":"Polygon","arcs":[[4486,2773,-2538,-2707,-4430,4487]],"properties":{"grunnkretsnummer":"15081207","grunnkretsnavn":"Skarbø","delomradenummer":"150812","delomradenavn":"Ørskog","kommunenummer":"1508"}},{"type":"Polygon","arcs":[[-2662,-2582,4488,4489,2775]],"properties":{"grunnkretsnummer":"15080604","grunnkretsnavn":"Åsehaugen","delomradenummer":"150806","delomradenavn":"Åse - Lerstad","kommunenummer":"1508"}},{"type":"MultiPolygon","arcs":[[[4490]],[[4491]],[[4492]],[[4493]],[[4494]],[[4495]]],"properties":{"grunnkretsnummer":"15081004","grunnkretsnavn":"Øyene i Ellingsøyfjorden","delomradenummer":"150810","delomradenavn":"Ellingsøy","kommunenummer":"1508"}},{"type":"Polygon","arcs":[[-2768,2778,2779,4496,4497,-4345,-2542]],"properties":{"grunnkretsnummer":"15080506","grunnkretsnavn":"Hatlevika","delomradenummer":"150805","delomradenavn":"Nørvasund","kommunenummer":"1508"}},{"type":"Polygon","arcs":[[-2665,-2745,-4463,4498]],"properties":{"grunnkretsnummer":"15080205","grunnkretsnavn":"Brunholmen","delomradenummer":"150802","delomradenavn":"Aspøy","kommunenummer":"1508"}},{"type":"Polygon","arcs":[[-4396,-2657,-2711,-2758,-2738,-4452,4499]],"properties":{"grunnkretsnummer":"15081109","grunnkretsnavn":"Glomset","delomradenummer":"150811","delomradenavn":"Skodje","kommunenummer":"1508"}},{"type":"Polygon","arcs":[[-4400,-2671,-2636,-2661,2781,-2779,-2767,-4476,4500]],"properties":{"grunnkretsnummer":"15080503","grunnkretsnavn":"Lerstadbakken","delomradenummer":"150805","delomradenavn":"Nørvasund","kommunenummer":"1508"}},{"type":"Polygon","arcs":[[-2782,-2663,-2776,-4490,4501,-4497,-2780]],"properties":{"grunnkretsnummer":"15080507","grunnkretsnavn":"Åsestranda","delomradenummer":"150805","delomradenavn":"Nørvasund","kommunenummer":"1508"}},{"type":"Polygon","arcs":[[-2772,-4481,4502,-4425,-2701]],"properties":{"grunnkretsnummer":"15080405","grunnkretsnavn":"Larsgårdsvågen","delomradenummer":"150804","delomradenavn":"Nørvøy Indre","kommunenummer":"1508"}},{"type":"MultiPolygon","arcs":[[[4503,2784,4504,4505]],[[4506]],[[4507]],[[4508]]],"properties":{"grunnkretsnummer":"15800110","grunnkretsnavn":"Farstad","delomradenummer":"158001","delomradenavn":"Fjørtoft - Haram","kommunenummer":"1580"}},{"type":"Polygon","arcs":[[-2606,-2645,2790,-2759,-2687,-4410,4509,4510,2792]],"properties":{"grunnkretsnummer":"15081105","grunnkretsnavn":"Skodje indre","delomradenummer":"150811","delomradenavn":"Skodje","kommunenummer":"1508"}},{"type":"MultiPolygon","arcs":[[[2793,4511,4512,2802]],[[4513]]],"properties":{"grunnkretsnummer":"15800103","grunnkretsnavn":"Rogne","delomradenummer":"158001","delomradenavn":"Fjørtoft - Haram","kommunenummer":"1580"}},{"type":"MultiPolygon","arcs":[[[2803,2804,-2608,2805,-2504,-4330,4514,4515]],[[4516]]],"properties":{"grunnkretsnummer":"15081101","grunnkretsnavn":"Stette","delomradenummer":"150811","delomradenavn":"Skodje","kommunenummer":"1508"}},{"type":"Polygon","arcs":[[-4391,-2646,-2539,-2774,-4487,4517]],"properties":{"grunnkretsnummer":"15081206","grunnkretsnavn":"Ørskog","delomradenummer":"150812","delomradenavn":"Ørskog","kommunenummer":"1508"}},{"type":"Polygon","arcs":[[-2760,-2791,-2649,-4393,4518,4519,2812]],"properties":{"grunnkretsnummer":"15081203","grunnkretsnavn":"Sjøholtstrand","delomradenummer":"150812","delomradenavn":"Ørskog","kommunenummer":"1508"}},{"type":"MultiPolygon","arcs":[[[-4411,-2689,-2813,-4520,4520]],[[4521]]],"properties":{"grunnkretsnummer":"15081201","grunnkretsnavn":"Apalset","delomradenummer":"150812","delomradenavn":"Ørskog","kommunenummer":"1508"}},{"type":"MultiPolygon","arcs":[[[4522]],[[4523]],[[4524]],[[4525]],[[4526]],[[4527]],[[4528]],[[4529]],[[4530]],[[4531]]],"properties":{"grunnkretsnummer":"15800401","grunnkretsnavn":"Bjørnøy-Kalvøy","delomradenummer":"158004","delomradenavn":"Hamnsund","kommunenummer":"1580"}},{"type":"Polygon","arcs":[[-821,-2604,-2805,2815,2816]],"properties":{"grunnkretsnummer":"15081102","grunnkretsnavn":"Engeset","delomradenummer":"150811","delomradenavn":"Skodje","kommunenummer":"1508"}},{"type":"Polygon","arcs":[[-2806,-2607,-2793,-4511,4532,-4331,-2505]],"properties":{"grunnkretsnummer":"15081106","grunnkretsnavn":"Skodje ytre","delomradenummer":"150811","delomradenavn":"Skodje","kommunenummer":"1508"}},{"type":"Polygon","arcs":[[-4461,-2742,-2650,-2747,-4464,4533]],"properties":{"grunnkretsnummer":"15080202","grunnkretsnavn":"Steinvågen","delomradenummer":"150802","delomradenavn":"Aspøy","kommunenummer":"1508"}},{"type":"Polygon","arcs":[[-2750,-2764,4534]],"properties":{"grunnkretsnummer":"15081007","grunnkretsnavn":"Lorgja","delomradenummer":"150810","delomradenavn":"Ellingsøy","kommunenummer":"1508"}},{"type":"Polygon","arcs":[[-2610,-4366,4535,-4355,-2567,-4354,4536,-4364,-2593]],"properties":{"grunnkretsnummer":"15080102","grunnkretsnavn":"Skarbøvika","delomradenummer":"150801","delomradenavn":"Hessøy","kommunenummer":"1508"}},{"type":"MultiPolygon","arcs":[[[4537,2822,2823,4538,4539]],[[4540,4541,4542]],[[4543]],[[4544]]],"properties":{"grunnkretsnummer":"15800106","grunnkretsnavn":"Ulla","delomradenummer":"158001","delomradenavn":"Fjørtoft - Haram","kommunenummer":"1580"}},{"type":"Polygon","arcs":[[2826,2827,2828,4545,4546]],"properties":{"grunnkretsnummer":"15800204","grunnkretsnavn":"Aksla-Håvik","delomradenummer":"158002","delomradenavn":"Haram","kommunenummer":"1580"}},{"type":"Polygon","arcs":[[-2823,-4538,4547,4548,2836]],"properties":{"grunnkretsnummer":"15800107","grunnkretsnavn":"Austnes","delomradenummer":"158001","delomradenavn":"Fjørtoft - Haram","kommunenummer":"1580"}},{"type":"Polygon","arcs":[[-4539,-2824,-2837,-4549,4549]],"properties":{"grunnkretsnummer":"15800108","grunnkretsnavn":"Haram","delomradenummer":"158001","delomradenavn":"Fjørtoft - Haram","kommunenummer":"1580"}},{"type":"MultiPolygon","arcs":[[[2839,4550,4551,2843]],[[4552]],[[4553]],[[4554]],[[4555]]],"properties":{"grunnkretsnummer":"15800307","grunnkretsnavn":"Hellestranda","delomradenummer":"158003","delomradenavn":"Vatne","kommunenummer":"1580"}},{"type":"Polygon","arcs":[[-2827,4556,4557,2846,2847,2848]],"properties":{"grunnkretsnummer":"15800301","grunnkretsnavn":"Samfjord","delomradenummer":"158003","delomradenavn":"Vatne","kommunenummer":"1580"}},{"type":"Polygon","arcs":[[2850,2851,4558,4559]],"properties":{"grunnkretsnummer":"15800402","grunnkretsnavn":"Søvik-Gamlem","delomradenummer":"158004","delomradenavn":"Hamnsund","kommunenummer":"1580"}},{"type":"Polygon","arcs":[[2854,-2803,-4513,4560]],"properties":{"grunnkretsnummer":"15800104","grunnkretsnavn":"Longva","delomradenummer":"158001","delomradenavn":"Fjørtoft - Haram","kommunenummer":"1580"}},{"type":"Polygon","arcs":[[4561,2856,4562,4563]],"properties":{"grunnkretsnummer":"15800102","grunnkretsnavn":"Otterlei","delomradenummer":"158001","delomradenavn":"Fjørtoft - Haram","kommunenummer":"1580"}},{"type":"Polygon","arcs":[[-2844,4564,-793,-804,2858]],"properties":{"grunnkretsnummer":"15800308","grunnkretsnavn":"Vestrefjord","delomradenummer":"158003","delomradenavn":"Vatne","kommunenummer":"1580"}},{"type":"Polygon","arcs":[[2859,2860,2861,4565,4566,2864,-2848]],"properties":{"grunnkretsnummer":"15800303","grunnkretsnavn":"Slyngstad","delomradenummer":"158003","delomradenavn":"Vatne","kommunenummer":"1580"}},{"type":"Polygon","arcs":[[4567,2866,2867,2868,4568,4569]],"properties":{"grunnkretsnummer":"15800202","grunnkretsnavn":"Alvestad","delomradenummer":"158002","delomradenavn":"Haram","kommunenummer":"1580"}},{"type":"Polygon","arcs":[[-4505,-2785,-4504,4570]],"properties":{"grunnkretsnummer":"15800109","grunnkretsnavn":"Kjerstad","delomradenummer":"158001","delomradenavn":"Fjørtoft - Haram","kommunenummer":"1580"}},{"type":"Polygon","arcs":[[-4559,-2852,2871,-2868,2872,-2828,-2849,-2865,-4567,4571]],"properties":{"grunnkretsnummer":"15800403","grunnkretsnavn":"Grytastrand-Hamsund","delomradenummer":"158004","delomradenavn":"Hamnsund","kommunenummer":"1580"}},{"type":"MultiPolygon","arcs":[[[-4546,-2829,-2873,-2867,-4568,4572]],[[4573]]],"properties":{"grunnkretsnummer":"15800203","grunnkretsnavn":"Brattvåg","delomradenummer":"158002","delomradenavn":"Haram","kommunenummer":"1580"}},{"type":"Polygon","arcs":[[-4563,-2857,-4562,4574]],"properties":{"grunnkretsnummer":"15800101","grunnkretsnavn":"Fjørtoft","delomradenummer":"158001","delomradenavn":"Fjørtoft - Haram","kommunenummer":"1580"}},{"type":"Polygon","arcs":[[-2804,-4516,4575,-2862,2875,2876,-2816]],"properties":{"grunnkretsnummer":"15800304","grunnkretsnavn":"Tennfjord","delomradenummer":"158003","delomradenavn":"Vatne","kommunenummer":"1580"}},{"type":"Polygon","arcs":[[2877,4576,4577,4578,2880,-2876,-2861]],"properties":{"grunnkretsnummer":"15800305","grunnkretsnavn":"Vatne","delomradenummer":"158003","delomradenavn":"Vatne","kommunenummer":"1580"}},{"type":"Polygon","arcs":[[-2794,-2855,4579,-4542,-4541,4580]],"properties":{"grunnkretsnummer":"15800105","grunnkretsnavn":"Flem","delomradenummer":"158001","delomradenavn":"Fjørtoft - Haram","kommunenummer":"1580"}},{"type":"Polygon","arcs":[[-4569,-2869,-2872,-2851,4581]],"properties":{"grunnkretsnummer":"15800201","grunnkretsnavn":"Hurla","delomradenummer":"158002","delomradenavn":"Haram","kommunenummer":"1580"}},{"type":"Polygon","arcs":[[-2859,-803,-861,-822,-2817,-2877,-2881,-4579,4582,-4551,-2840]],"properties":{"grunnkretsnummer":"15800306","grunnkretsnavn":"Ulvestad-Vatne","delomradenummer":"158003","delomradenavn":"Vatne","kommunenummer":"1580"}},{"type":"Polygon","arcs":[[-2860,-2847,-4558,4583,-4577,-2878]],"properties":{"grunnkretsnummer":"15800302","grunnkretsnavn":"Strand","delomradenummer":"158003","delomradenavn":"Vatne","kommunenummer":"1580"}}]}}}