{"type":"Topology","arcs":[[[14285,23002,0],[138,227,7697],[44,72,74424],[16,27,7375],[47,78,14638],[31,53,7128],[24,40,7128],[8,12,11555],[44,74,232074],[50,44,78906],[6,9,21243],[2,13,12663],[-1,4,830866],[57,-29,122050],[51,-68,0]],[[14802,23558,0],[20,-37,74149],[75,-93,513378],[93,-45,136681],[108,-84,282952],[142,-31,253449],[46,-32,16011],[64,-44,84005],[69,-36,659984],[34,16,204617],[-12,-100,12770],[-8,-69,12076],[-1,-8,78673],[-27,-15,68559],[17,-19,350067],[107,0,94351],[-6,14,0]],[[15523,22975,0],[45,-25,9647],[15,-8,80858],[31,-12,8891],[59,-22,21509],[28,-10,70875],[6,-9,18291],[8,-3,371226],[-10,-39,31734],[-2,-20,12057],[1,-4,79908],[-10,-1,10077],[0,-2,16908],[14,-1,19408],[3,-18,34491],[0,-28,382703],[10,3,11810],[27,4,97809],[12,-7,8361],[21,-11,26751],[22,-9,61940],[25,-1,274214],[14,-29,53719],[1,-21,40109],[13,-37,141272],[17,-20,7977],[41,-47,254914],[6,-2,10447],[7,0,50380],[9,6,17839],[14,11,10658],[6,7,9114],[5,2,33476],[7,1,0]],[[15968,22623,0],[12,-5,20779],[6,5,20779],[4,-1,10394],[1,-6,94999],[-1,-5,7880],[-3,-3,7880],[-7,-14,47326],[-2,-35,0]],[[15978,22559,0],[-33,1,113257],[-54,-59,177560],[12,-30,42591],[15,-12,177560],[-99,-32,0]],[[15819,22427,0],[-58,37,38622],[-41,23,79300],[-126,86,460899],[-2,-2,9315],[-10,-3,26630],[-7,1,13367],[-7,-4,13691],[-13,0,26630],[-27,-8,48897],[-56,-8,188344],[-53,6,64384],[-24,7,21622],[-32,12,793642],[-2,220,1367480],[-14,16,59453],[-40,5,59453],[-90,31,380844],[-230,-8,224234],[-271,26,612154],[-92,25,30247],[-6,3,49542],[-144,46,98239],[-189,64,0]],[[16465,22460,0],[0,-3,8186],[3,-6,30272],[7,-5,12242],[8,-4,7010],[6,-3,33987],[4,-7,11482],[1,-6,36299],[7,-6,8351],[3,-1,15946],[6,-7,9397],[8,-7,102814],[3,-1,7719],[6,2,11438],[8,-1,70856],[7,-5,21843],[9,-18,38370],[11,-10,12394],[17,-14,70856],[5,-1,10102],[6,1,10102],[7,-1,61652],[4,-3,7901],[5,-7,12089],[9,-6,25663],[2,-7,18118],[12,-12,197717],[3,-10,15906],[0,-12,17312],[3,-12,12081],[2,-4,10042],[2,-8,367733],[5,-3,10810],[7,-1,35885],[11,1,11239],[7,3,27412],[10,0,9678],[12,-1,60234],[1,-7,7146],[1,-2,21482],[-7,-2,89378],[3,-5,12468],[9,-6,22605],[8,-3,8792],[6,-4,33434],[0,-3,10254],[5,-7,27306],[8,-3,15332],[10,-9,130282],[7,2,14385],[4,5,30320],[13,-5,43884],[14,14,130282],[3,-1,11866],[2,-6,8909],[4,-5,14520],[4,-2,14520],[4,-6,9605],[10,-10,60314],[27,-12,17724],[6,-5,0]],[[16833,22193,0],[0,-1,0]],[[16833,22192,0],[-3,-3,7336],[-17,-19,13480],[-3,1,12378],[-7,-7,13480],[2,-2,13480],[-27,-30,40419],[-1,-3,9896],[-18,-23,15212],[-6,-3,14039],[-3,-8,102030],[5,-41,73336],[-21,3,0]],[[16734,22057,0],[-4,20,141917],[-72,14,55185],[-96,12,193777],[-91,-21,193777],[-94,44,0]],[[16377,22126,0],[-94,46,95958],[-9,30,95958],[-54,11,264196],[-50,86,136712],[-61,46,792066],[-145,-80,127789],[-137,-63,66162],[-3,4,0]],[[15824,22206,0],[6,9,26165],[4,-1,7355],[8,-1,26165],[3,8,26165],[-9,-3,11124],[-10,-2,26165],[2,10,10500],[-1,10,19919],[4,7,50986],[3,56,10811],[2,15,10811],[-1,6,136710],[-3,6,6991],[-2,7,16588],[-32,71,127476],[21,23,0]],[[15978,22559,0],[32,-2,48274],[43,10,205562],[18,35,30005],[31,51,152891],[1,0,9066],[2,-11,28659],[13,-20,7388],[6,-7,152891],[47,28,14297],[16,11,9919],[26,16,64882],[16,-5,37875],[0,11,22920],[8,1,300832],[3,-5,13903],[10,-6,41210],[20,-7,22874],[24,-12,9719],[9,-4,152944],[7,19,41883],[11,11,11801],[13,14,87420],[3,-5,16056],[9,-4,8899],[1,-3,8899],[6,-1,0]],[[16353,22674,0],[2,-5,19031],[13,-9,10189],[3,0,35693],[5,-8,12438],[2,-9,113921],[-2,-8,13018],[-2,-14,7968],[0,-6,48939],[2,-11,7109],[1,-10,13188],[0,-11,21500],[3,-19,10822],[1,-7,212860],[3,-8,7641],[5,-6,46761],[2,-2,7147],[10,-2,13388],[12,-6,37554],[5,-5,11377],[8,-9,84974],[10,-17,10029],[2,-5,15016],[9,-13,26928],[4,-11,46080],[9,-7,11093],[5,-6,0]],[[16445,23048,0],[-99,299,0]],[[16346,23347,0],[2,0,18241],[70,59,0]],[[16418,23406,0],[62,-44,11028],[33,-23,0]],[[16513,23339,0],[-12,-24,163069],[143,-77,356390],[141,-43,210198],[114,-53,7867],[182,-86,615765],[53,-5,14056],[22,-1,69373],[40,-7,7693],[18,-2,11755],[27,-5,16811],[43,-7,90104],[32,-1,10073],[36,-1,0]],[[17352,23027,0],[4,0,13107],[8,-7,25226],[5,-6,7476],[6,-6,11665],[1,-3,106915],[-5,-10,22441],[1,-8,11324],[-2,-10,66380],[0,-4,8269],[5,-12,14199],[2,-6,7040],[1,-7,12541],[4,-10,27766],[0,-5,7193],[-1,-5,12563],[2,-4,145691],[9,-8,10657],[3,-4,34220],[-1,-8,10019],[-2,-5,34220],[3,-3,13668],[11,0,40619],[4,-1,10103],[6,-7,10103],[5,-2,7798],[10,-9,143995],[3,-11,9871],[1,-14,53887],[6,-9,19554],[17,-19,83717],[0,-41,0]],[[17458,22783,0],[-120,27,24802],[-46,11,7072],[-87,20,167493],[-4,-1,8976],[-9,-5,45353],[-6,-1,11495],[-8,4,17461],[-12,0,26862],[-7,3,7488],[-3,3,45353],[-4,-3,10569],[-4,3,10569],[-8,0,18189],[-12,-4,0]],[[17128,22840,0],[-7,3,10629],[-6,5,82391],[-4,1,9127],[-6,-2,22332],[-93,-18,292145],[-98,-51,60755],[-69,-43,120169],[-11,-16,29781],[-1,-4,9907],[3,-2,7174],[0,-4,84670],[-4,-3,7173],[-4,-1,7777],[-8,-4,22243],[-10,-3,10590],[-6,0,25253],[-4,-7,23169],[-9,-3,12307],[-5,1,379343],[-13,16,17051],[-9,16,91822],[-46,5,0]],[[16718,22726,0],[8,20,38394],[0,27,79528],[-24,3,74203],[9,36,186907],[65,-8,224545],[5,27,92365],[-40,63,579210],[-296,154,0]],[[16718,22726,0],[-55,-15,138153],[1,-15,8040],[0,-5,33951],[-7,-37,138153],[-10,2,20456],[-42,5,238618],[-9,-32,31260],[4,-6,31260],[-7,-37,24582],[0,-11,238618],[-3,-4,13538],[-6,-2,7075],[-2,0,39708],[-2,-4,8910],[-11,-17,25068],[-8,-3,19872],[-2,-4,8177],[1,-3,13702],[-5,-4,75014],[-10,15,51470],[-16,-14,43665],[6,-10,10715],[0,-4,51470],[-4,-4,8117],[0,-3,11171],[-5,-3,11171],[-2,-6,36375],[-16,-8,14761],[-4,0,52072],[-6,-7,8683],[-1,-3,8683],[-4,-1,12326],[-4,-5,7323],[1,-1,12326],[-6,-4,33644],[0,-2,7719],[-4,-7,11073],[-5,-4,11073],[1,-3,7398],[-2,-2,52072],[-5,2,8917],[-4,0,0]],[[16353,22674,0],[2,4,7753],[-1,5,7753],[1,10,19086],[-5,8,18785],[3,4,7412],[0,3,85854],[16,25,10979],[19,31,153147],[-1,2,15039],[-17,7,30774],[-19,2,251977],[36,57,72878],[-1,12,11901],[1,11,122314],[58,193,0]],[[15523,22975,0],[-11,76,236704],[113,30,320523],[3,-12,16481],[1,-16,117129],[5,-2,7631],[2,-2,13177],[10,-2,23305],[5,1,8801],[4,3,16802],[3,-3,69870],[-1,-4,10617],[1,-4,7103],[-1,-4,7103],[1,-5,51708],[4,2,8572],[3,-2,8588],[8,-1,7853],[6,1,7853],[5,-1,51708],[18,-14,22068],[11,-5,320523],[7,1,9512],[13,2,47739],[30,19,18934],[9,4,152120],[10,-10,49327],[9,-1,22781],[21,6,10326],[0,2,75362],[26,-9,47531],[10,-17,224732],[13,11,40614],[31,6,54183],[3,-4,12683],[8,-3,81415],[25,17,18955],[10,9,151125],[141,17,0]],[[16079,23061,0],[0,-53,163302],[-23,-47,73247],[7,-20,61379],[-28,-3,61379],[-21,-29,27256],[0,-3,20524],[-4,-4,8964],[-6,-9,15586],[-5,-9,309711],[-10,5,43672],[-8,-6,16501],[-13,-13,63702],[7,-4,16279],[14,-1,14385],[8,-3,63702],[6,-12,33521],[-7,-19,51026],[6,1,17658],[0,-10,17658],[3,-2,7798],[4,-8,107568],[-6,-4,15208],[-6,2,21619],[-4,-7,32973],[-9,5,107568],[-6,-14,10691],[-6,-17,8365],[-8,-20,76507],[9,-4,21268],[6,5,7510],[2,0,46328],[-5,-14,9927],[-1,-6,76507],[-1,-14,8373],[-1,-54,44992],[4,-3,10312],[0,-6,38255],[-2,-17,8327],[-3,-12,22931],[-4,-9,0]],[[15047,24328,0],[66,55,132949],[142,75,0]],[[15255,24458,0],[170,-252,0]],[[15425,24206,0],[13,-19,32116],[23,-47,262726],[211,-141,145065],[21,-5,38141],[8,-4,16692],[12,-12,82199],[2,-3,7987],[21,-35,669337],[8,-5,7294],[7,-3,23158],[21,-6,62296],[16,0,8446],[8,0,24392],[23,-5,20569],[3,1,7612],[7,0,135355],[34,20,33199],[12,2,154292],[64,-23,76753],[40,-1,285796],[0,-11,13908],[3,-6,17381],[0,-7,10198],[1,-10,34857],[3,-5,7897],[4,-3,166319],[9,2,7121],[3,0,7121],[21,2,82441],[6,-5,14598],[14,-6,46035],[58,-14,893244],[12,-12,12198],[24,-20,10230],[2,-3,40162],[20,-11,116558],[16,-23,39922],[19,-42,159694],[42,-6,159694],[16,-15,30010],[27,-23,8327],[55,-47,118961],[3,-22,89416],[33,-34,45269],[31,-24,324951],[7,-27,30982],[-3,-9,50944],[19,-35,35242],[-4,-3,0]],[[16420,23501,0],[-10,-8,7996],[-5,-5,47909],[5,-2,8666],[2,-5,8666],[3,-1,24859],[-3,-5,12014],[2,-4,69170],[-13,-18,26491],[-4,-1,15085],[-12,-10,26491],[-3,-10,146907],[36,-26,0]],[[16346,23347,0],[-18,-6,20840],[-35,-7,115624],[-87,18,139058],[-51,-2,71109],[-28,-17,608417],[-28,-70,160982],[-9,-85,37676],[-11,-117,0]],[[14802,23558,0],[57,2,40395],[33,6,104199],[39,-7,37079],[13,-8,517020],[23,123,7663],[12,66,29034],[0,5,203116],[-27,21,30119],[-15,17,156570],[-1,34,79290],[15,17,25614],[9,7,11781],[4,1,40572],[0,10,517020],[65,5,67921],[39,-9,345756],[24,60,10734],[2,4,81822],[65,118,997339],[-154,119,194961],[-92,32,594150],[134,147,0]],[[17128,22840,0],[8,-39,33504],[4,-25,13149],[5,-38,239466],[-77,-70,239466],[-9,-19,17076],[-12,-22,17076],[-27,-57,110044],[-5,-10,10302],[0,-5,10302],[-4,-13,8777],[-6,-17,17375],[-11,-37,20653],[-10,-31,133054],[-27,-53,48049],[-10,-22,15297],[-24,-56,37217],[-2,-4,7650],[-3,-6,7650],[-18,-37,339034],[-18,-24,8450],[-28,-35,14921],[-21,-27,0]],[[22026,14603,0],[17,-6,7905],[3,0,0]],[[22046,14597,0],[19,-2,18379],[5,-2,0]],[[22070,14593,0],[-9,-16,0]],[[22061,14577,0],[-4,1,8048],[-14,2,0]],[[22043,14580,0],[-6,2,9467],[-10,0,0]],[[22027,14582,0],[-9,3,0]],[[22018,14585,0],[2,11,17499],[3,-1,14141],[3,8,0]],[[22250,14363,0],[36,6,35627],[4,-2,10107],[5,1,11551],[1,-2,7354],[3,0,0]],[[22299,14366,0],[-2,-5,9244],[-4,-26,0]],[[22293,14335,0],[-1,0,0]],[[22292,14335,0],[-4,0,8428],[-2,2,8428],[-9,1,17329],[-16,1,23670],[-6,1,8186],[-6,3,0]],[[22249,14343,0],[1,20,0]],[[22163,14382,0],[3,2,17211],[9,-10,17379],[6,0,0]],[[22181,14374,0],[4,-6,8119],[1,-4,0]],[[22186,14364,0],[-7,-5,9081],[-2,0,15449],[-2,-5,0]],[[22175,14354,0],[-4,-1,0]],[[22171,14353,0],[-4,8,17347],[0,9,7330],[-1,6,13685],[-3,6,0]],[[22273,14658,0],[26,15,24414],[1,3,12575],[11,7,0]],[[22311,14683,0],[3,-10,13259],[-2,-1,19016],[2,-7,8225],[1,0,9130],[3,-10,24101],[2,1,11124],[5,-4,24101],[-8,-9,0]],[[22317,14643,0],[-5,-8,14507],[3,-2,33171],[-9,-7,8958],[-13,-9,0]],[[22293,14617,0],[-5,10,13178],[7,2,11597],[0,2,9424],[-6,-1,23146],[-5,10,9969],[-1,-1,11174],[-7,11,9903],[-5,6,20980],[2,2,0]],[[22233,14871,0],[0,8,12748],[3,9,28677],[9,10,0]],[[22245,14898,0],[3,-5,13906],[8,-3,0]],[[22256,14890,0],[7,-3,26190],[1,-2,8905],[-5,-8,15357],[2,-4,38151],[9,-7,11567],[3,-5,11567],[4,0,7983],[2,-3,68677],[-4,-10,18314],[-2,-8,10687],[2,-4,7210],[-1,-2,115126],[-12,-2,8186],[-3,-2,18920],[-4,2,9812],[-5,0,34815],[0,-8,8480],[-2,-2,22221],[-7,1,0]],[[22241,14823,0],[-3,11,0]],[[22238,14834,0],[-5,37,0]],[[22603,14935,0],[-11,4,24593],[-7,4,11969],[-23,14,105623],[-12,-9,15570],[-5,-7,25323],[-15,-9,0]],[[22530,14932,0],[-6,15,16217],[-1,6,12512],[-4,10,40867],[-1,11,7636],[-1,11,7567],[-1,7,14862],[-1,4,200874],[-22,-7,87016],[-4,5,9959],[-3,0,9959],[-11,7,13631],[-6,2,26525],[-12,11,61428],[2,7,7726],[0,5,18036],[-4,6,133732],[-8,-7,28548],[-11,6,28548],[-4,-2,8300],[-6,-1,7383],[-4,-2,54197],[-8,-14,7465],[-1,-1,0]],[[22413,15011,0],[-5,10,14193],[-3,11,10394],[-3,5,0]],[[22402,15037,0],[12,3,9798],[16,6,45657],[14,6,13604],[18,10,22261],[12,9,0]],[[22474,15071,0],[5,-7,22028],[7,4,23902],[3,0,9047],[3,-5,10952],[6,-3,9125],[5,-3,20211],[11,-4,115997],[2,-2,9869],[2,-8,11449],[3,-1,35141],[1,-7,10471],[4,-7,14545],[0,-6,16089],[4,-17,8603],[2,-5,64438],[7,-9,18227],[2,0,8344],[9,-7,181609],[5,8,8559],[5,6,14261],[2,5,17622],[6,7,8079],[3,5,43486],[-1,13,0]],[[22570,15028,0],[11,-9,15881],[24,-25,26451],[5,-1,24184],[14,-21,0]],[[22624,14972,0],[-1,-1,10683],[-15,-15,39952],[-1,-8,7344],[-4,-13,0]],[[20491,16967,0],[29,38,16729],[5,8,39944],[23,26,13331],[2,4,9606],[9,9,116803],[19,18,16913],[5,3,10336],[14,12,27430],[6,3,16817],[2,5,9842],[3,4,19918],[9,3,19918],[2,3,7645],[1,5,44186],[6,3,8801],[4,0,23267],[3,2,8422],[1,6,15287],[7,3,0]],[[20641,17122,0],[6,2,12266],[6,-3,0]],[[20653,17121,0],[2,-6,8399],[3,-4,21531],[10,-8,27745],[14,-19,11949],[10,-16,57118],[2,-17,149855],[5,-3,16829],[9,4,16829],[12,2,7091],[6,1,10956],[6,0,86936],[7,-3,8775],[3,-3,25341],[2,-10,25341],[9,-8,9283],[6,-5,341144],[1,-4,15326],[-3,-27,20775],[-3,-16,65777],[-12,-14,16315],[-4,-8,86737],[0,-15,28722],[2,-9,12138],[5,-10,217869],[4,-2,8691],[6,0,33057],[9,2,13687],[11,5,7249],[11,4,33076],[7,0,10714],[8,-1,73828],[9,-5,16640],[6,-9,217869],[1,-8,9888],[-1,-6,30587],[-9,-12,30587],[-5,-12,15142],[1,-7,94104],[17,-16,38020],[4,-8,16283],[0,-9,115140],[-3,-3,7625],[-3,-2,19934],[-13,-1,55889],[-2,-5,12969],[1,-10,15398],[-4,-13,115140],[1,-7,17050],[3,-3,8168],[4,-1,42418],[21,-2,16151],[10,-3,42122],[3,-4,9292],[0,-6,0]],[[20842,16779,0],[-6,-34,7571],[-3,-17,54085],[-6,-14,18442],[-6,-5,126612],[-11,-6,12114],[-10,-3,27224],[-10,-1,10892],[-8,-2,412894],[-4,-4,11785],[-1,-8,38110],[2,-11,18780],[7,-12,82174],[13,-9,16537],[14,-12,70510],[4,-10,15689],[3,-13,10237],[4,-15,139341],[7,-9,26297],[7,-4,13999],[7,0,55988],[20,11,132736],[6,-1,14054],[4,-7,38116],[4,-15,13454],[3,-15,79389],[-2,-9,22845],[-9,-11,17521],[-3,-8,132736],[7,-8,11188],[6,-5,32424],[13,-26,40541],[9,-13,17879],[11,-9,19594],[9,-12,56838],[0,-10,0]],[[20923,16452,0],[-1,-8,8283],[-1,-9,19739],[-1,-11,8072],[1,-5,0]],[[20921,16419,0],[-10,-12,48955],[-11,-25,11093],[-3,-5,11093],[-6,-14,15061],[-8,-14,15061],[0,-3,7712],[-3,-5,7712],[-4,-10,45964],[-12,-16,239074],[-2,5,23212],[-16,2,47314],[1,-13,31304],[-12,-2,85859],[-6,2,9481],[-11,6,16553],[-5,5,16553],[-14,9,7120],[-9,5,0]],[[20790,16334,0],[-15,23,25046],[0,3,7871],[-3,4,8765],[-3,5,7118],[-9,15,7175],[-5,11,21596],[-10,15,36806],[-4,9,8580],[-7,11,8987],[-7,16,0]],[[20727,16446,0],[-9,11,8645],[-7,12,7093],[-9,12,15356],[-7,7,47660],[-6,18,13223],[-9,19,41094],[-12,12,102222],[-7,20,7751],[-2,8,19934],[-4,6,19934],[-5,11,8208],[-4,13,11232],[-4,5,11075],[-3,9,0]],[[20639,16609,0],[-2,8,12124],[-8,14,20196],[-3,8,8071],[-2,8,8071],[-2,3,12492],[-11,27,20200],[-3,4,13030],[-12,28,80199],[-2,5,9619],[-4,2,17759],[-5,11,17759],[-15,24,73162],[-6,15,22461],[-5,9,8216],[-7,17,12231],[-5,8,16925],[-5,14,13175],[-4,8,36501],[3,6,20955],[-2,3,11126],[-2,12,36501],[-4,-4,20271],[-6,9,174783],[-5,19,12073],[-3,8,12073],[-1,8,14521],[-1,7,7541],[-2,3,14521],[-4,21,54762],[-6,9,14730],[2,4,17546],[-3,9,11170],[-7,13,11692],[-6,18,0]],[[22182,15171,0],[2,1,10127],[5,-3,21381],[2,4,12129],[-5,1,12446],[2,5,21381],[9,3,14716],[2,4,24056],[-1,3,7917],[-3,0,7917],[-5,4,24056],[1,2,12256],[11,-1,66218],[2,3,8393],[-1,4,22277],[-5,5,13014],[-5,1,54188],[1,5,14605],[6,2,24914],[2,5,11963],[-1,8,21531],[7,7,104403],[8,-6,41851],[9,3,10370],[4,3,22801],[1,7,9243],[2,2,19349],[6,1,0]],[[22238,15244,0],[1,-5,20425],[14,-6,47004],[3,1,7511],[4,-2,13164],[2,4,13164],[11,5,47004],[3,-2,9454],[5,1,9454],[10,-3,22818],[0,-1,9967],[9,-5,0]],[[22300,15231,0],[-9,-23,51334],[-1,-10,11246],[1,-9,12194],[-2,-15,10843],[0,-5,39512],[-4,-13,16878],[-4,-22,0]],[[22281,15134,0],[-5,-17,30495],[-13,-16,86270],[-2,-4,14540],[1,-13,25156],[-4,-7,21046],[1,-8,12354],[-2,-12,45979],[4,-19,0]],[[22261,15038,0],[-1,-11,9254],[0,-5,29487],[2,-8,7093],[2,-9,8669],[0,-5,8669],[2,-6,33295],[-2,-13,8557],[0,-5,0]],[[22264,14976,0],[-10,-10,17175],[-7,-2,0]],[[22247,14964,0],[-3,2,12607],[-4,0,7410],[-3,-3,22825],[-5,-7,11173],[-3,-2,43214],[-2,5,17574],[4,11,9522],[-1,1,43214],[-9,3,31458],[-3,11,22413],[-7,4,11942],[-3,5,89376],[2,3,8851],[4,3,14707],[7,1,26366],[4,8,10338],[0,3,39469],[-8,6,19592],[1,7,39469],[8,5,16430],[4,-3,12114],[4,3,79376],[-1,6,19247],[-7,2,10725],[-3,3,46640],[-4,0,7808],[-4,-2,21022],[-5,-8,11552],[-4,-3,0]],[[22206,15028,0],[-5,2,7369],[0,2,21733],[3,4,12812],[0,8,40643],[4,5,7423],[3,1,18673],[7,-1,8406],[1,1,40643],[-5,14,14284],[-4,2,40643],[-3,-2,7121],[-5,-5,8364],[-3,-1,40643],[-5,2,9410],[-2,4,27511],[2,8,9532],[-1,7,0]],[[22193,15079,0],[-2,5,16032],[-4,2,10354],[-6,7,65920],[1,6,14034],[6,3,8446],[1,4,21828],[0,6,14243],[4,7,38733],[6,1,7140],[4,2,94723],[0,3,9395],[-3,7,19652],[-1,5,9180],[2,8,30658],[-6,1,30658],[0,3,8476],[2,6,7953],[-1,3,21959],[-6,-2,21959],[-4,6,8628],[-4,0,7718],[-1,3,20312],[1,6,0]],[[22337,14642,0],[18,-4,7289],[24,-6,0]],[[22379,14632,0],[21,-6,17066],[4,-3,0]],[[22404,14623,0],[-2,-6,16126],[-6,0,28961],[0,-4,7580],[1,-11,0]],[[22397,14602,0],[-1,-5,6973],[-1,-2,35894],[-58,-107,0]],[[22337,14488,0],[-10,92,21973],[-1,10,6973],[0,2,6973],[0,0,6973],[0,0,6973],[0,0,6973],[0,0,0]],[[22326,14592,0],[0,1,0]],[[22326,14593,0],[0,5,0]],[[22326,14598,0],[0,2,0]],[[22326,14600,0],[8,1,0]],[[22334,14601,0],[1,2,9663],[12,5,59129],[-8,18,9232],[-2,1,30275],[0,15,0]],[[22264,14976,0],[10,-1,12114],[3,5,6994],[0,-3,6994],[2,0,48106],[9,-11,33517],[5,-3,9595],[5,0,13058],[-2,4,9959],[3,1,13058],[4,-7,14177],[8,-4,0]],[[22311,14957,0],[-3,-4,7964],[-3,-8,22549],[-5,-1,9793],[-1,2,22549],[-6,-7,9968],[-2,-7,9968],[-3,-1,0]],[[22288,14931,0],[-10,3,47119],[-13,-25,17200],[-4,-4,0]],[[22261,14905,0],[1,-3,15265],[-6,-12,0]],[[22245,14898,0],[-1,7,7856],[-2,3,26369],[-14,13,11502],[-2,4,0]],[[22226,14925,0],[-1,4,8078],[2,4,18508],[7,8,18508],[4,6,8300],[1,6,17329],[6,6,12094],[2,5,0]],[[22228,14596,0],[-7,-8,15595],[-5,-10,0]],[[22216,14578,0],[-5,-6,0]],[[22211,14572,0],[-2,2,10786],[-5,-4,0]],[[22204,14570,0],[-4,6,7112],[-1,0,7112],[-2,5,7112],[-3,5,12523],[-2,5,0]],[[22192,14591,0],[-5,18,0]],[[22187,14609,0],[8,2,21525],[4,10,0]],[[22199,14621,0],[3,1,8746],[8,0,42884],[3,-6,12527],[-1,-4,13971],[6,-10,31559],[3,4,20290],[7,-10,0]],[[22489,14648,0],[-2,-10,11211],[2,-5,48720],[-14,-22,32056],[-6,-6,11796],[-6,-2,138101],[-10,2,16170],[-6,6,30207],[-11,-3,30207],[-3,7,15488],[-6,3,80613],[-3,-4,9414],[-4,-1,9414],[-7,-4,8223],[-2,0,8223],[-3,-4,24025],[-5,1,12211],[-6,-4,0]],[[22404,14623,0],[6,21,49551],[8,1,11197],[2,-1,8010],[-1,6,11197],[4,-2,16652],[1,5,14841],[7,1,112813],[36,-4,38846],[2,3,13515],[12,5,8250],[5,1,38846],[2,-5,7150],[1,-6,0]],[[22215,15425,0],[5,0,7017],[1,-1,14957],[6,4,16805],[8,0,9573],[2,-2,16805],[5,4,100615],[3,-4,8980],[-1,-4,10949],[5,-2,9293],[-1,-3,31878],[8,1,10450],[6,-2,53920],[6,-15,7691],[2,-1,7691],[0,-4,25298],[5,-4,7484],[7,-6,21309],[0,-7,0]],[[22282,15379,0],[-18,1,16969],[-2,2,15659],[-6,-4,9705],[-5,-1,23527],[-1,-5,23527],[-7,1,7513],[-6,0,13924],[-3,2,40840],[-7,0,8409],[-1,-1,8409],[-8,0,18963],[-4,-4,18963],[-3,1,9612],[-4,-3,11254],[-8,-2,8063],[-5,0,76397],[-6,-3,10494],[-1,-4,14947],[-5,1,13557],[-4,-5,42079],[-8,-1,9394],[-8,-3,13432],[-2,-2,7565],[-2,2,7565],[-11,-2,140886],[-4,-8,17791],[-8,-8,26983],[8,-5,21668],[-8,-4,283533],[-4,0,7563],[-8,1,6999],[-5,1,26677],[-17,-2,15144],[-7,-2,46131],[-8,2,10296],[-8,0,20341],[-5,-1,7949],[-6,-1,21309],[-12,2,8441],[-15,2,12945],[-5,0,70323],[-5,7,15125],[-7,1,66124],[-14,-1,9204],[-10,1,14722],[-2,2,14722],[-12,-2,25189],[-4,1,7871],[-7,1,22616],[-11,-2,15983],[-22,1,283533],[-6,-4,22119],[-10,3,18392],[-8,0,9315],[-1,-2,43892],[0,-12,78742],[-9,2,18772],[-5,-5,18772],[-8,0,12450],[-9,-4,19275],[-15,0,19275],[-14,-4,32246],[-16,0,78742],[-178,-45,0]],[[21662,15264,0],[-2,13,0]],[[21660,15277,0],[1,6,10222],[3,6,36271],[1,17,17884],[-3,14,26884],[2,18,180129],[-6,1,7475],[-3,3,7475],[-3,-1,28194],[0,4,12841],[-9,10,55997],[-3,25,71901],[-6,3,24401],[-3,6,8731],[-7,11,8362],[-1,3,34134],[-8,7,15679],[-26,28,0]],[[21589,15438,0],[40,38,138356],[-4,69,138356],[21,25,58913],[26,55,0]],[[21672,15625,0],[18,7,34206],[6,5,8883],[5,3,8883],[17,10,22834],[8,4,7544],[9,4,22834],[7,4,10078],[4,5,0]],[[21746,15667,0],[13,13,8239],[12,10,42564],[9,-3,0]],[[21780,15687,0],[38,22,141747],[-3,17,9342],[-2,18,9769],[-3,15,33580],[0,26,0]],[[21810,15785,0],[8,-3,12820],[11,-6,7355],[4,-3,14222],[6,-2,8068],[5,-3,28338],[9,-9,66122],[17,-2,25663],[6,-2,7116],[4,-2,10810],[14,-3,9802],[4,-2,66122],[5,-6,7291],[6,-4,22279],[13,-5,22279],[2,-7,0]],[[21924,15726,0],[-29,-108,193378],[-2,-50,72358],[12,-110,736090],[16,-20,20493],[8,-12,37205],[12,1,32387],[4,-14,112053],[3,4,13324],[4,-5,13324],[2,0,8045],[7,3,21841],[4,-3,8726],[6,-1,15460],[4,2,71759],[7,-2,8556],[2,-2,8556],[10,-5,34113],[2,-8,13653],[6,-7,27303],[6,-4,10812],[3,1,348378],[6,12,33579],[8,1,7379],[10,4,67852],[7,-1,13425],[7,-5,24050],[5,-8,9702],[3,-2,76966],[13,2,13510],[8,-1,38423],[4,5,11967],[0,6,51297],[3,3,7567],[2,0,14690],[5,-3,14690],[14,0,12440],[6,-2,57032],[9,3,16175],[4,7,17879],[8,2,105782],[9,-1,15509],[14,1,41282],[9,-3,18440],[2,-7,28443],[7,1,13092],[7,-3,105782],[2,7,10432],[4,3,10577],[0,2,7301],[3,4,7301],[3,7,53553],[4,-1,14922],[7,0,9488],[2,3,9488],[6,-1,20549],[3,4,0]],[[22259,14642,0],[7,20,0]],[[22266,14662,0],[7,-3,6986],[0,-1,0]],[[22293,14617,0],[-20,-10,0]],[[22273,14607,0],[-5,11,17554],[-6,13,9119],[-3,11,0]],[[22390,15188,0],[8,7,8763],[3,5,15730],[5,1,0]],[[22406,15201,0],[3,-5,8031],[1,-4,19330],[-5,-4,26018],[4,-6,8493],[4,-9,26018],[0,-8,14589],[5,-9,14589],[4,-18,60382],[-1,-5,12869],[0,-13,10231],[-2,-4,0]],[[22419,15116,0],[-4,11,8931],[-1,-1,15711],[-4,15,9099],[-1,3,0]],[[22409,15144,0],[-2,4,15164],[-3,13,8100],[-4,17,38905],[-10,10,0]],[[22378,14728,0],[8,14,16807],[6,13,9203],[1,4,0]],[[22393,14759,0],[10,10,24605],[5,-5,29389],[2,8,16130],[5,-3,16130],[2,1,7269],[0,3,12770],[7,4,104624],[3,8,12730],[7,10,27374],[-1,4,13884],[3,10,27374],[5,9,10895],[5,14,17325],[1,8,12071],[4,6,0]],[[22451,14846,0],[4,6,19617],[14,11,14366],[3,0,48268],[6,12,15791],[-1,3,10132],[3,8,73189],[9,9,7018],[2,3,19701],[11,6,43777],[8,-7,73189],[3,5,10867],[0,6,15825],[4,1,20176],[2,5,8214],[0,5,8410],[2,7,34671],[8,4,9887],[1,2,0]],[[22530,14932,0],[7,-9,18032],[1,-9,18032],[7,-17,9261],[3,-7,16561],[4,-6,36708],[1,-6,9493],[3,-4,9493],[0,-4,10328],[4,-3,10328],[-1,-5,11482],[5,-14,7369],[1,-4,273573],[-3,1,10310],[-4,-3,51937],[-7,-9,16006],[-3,-10,16006],[-10,-17,28401],[-6,-4,26204],[-6,-14,7180],[-4,-8,69009],[-2,-1,8378],[-9,-2,32820],[0,-6,15869],[-7,-12,32820],[-15,-10,129086],[2,-12,26436],[-5,-25,0]],[[22486,14712,0],[-4,1,11755],[-9,-2,58989],[-10,-7,15053],[-1,-4,15063],[-12,-9,8844],[-3,-5,20966],[-8,-3,20966],[-3,-5,7129],[-6,-8,61413],[-11,-1,13308],[-9,-5,9682],[-2,0,0]],[[22408,14664,0],[-1,10,32721],[-5,0,16714],[-4,-2,8206],[-6,-6,48326],[-6,6,12100],[-1,4,8404],[-4,3,8550],[0,4,8550],[-3,1,19835],[0,5,87544],[13,8,23714],[3,6,10992],[5,2,10992],[2,5,75612],[-2,2,7365],[-4,-1,7365],[-7,3,9876],[-2,-1,9312],[-8,3,41649],[0,2,7180],[4,7,18024],[-4,3,0]],[[22634,15118,0],[2,-8,17296],[-1,-17,41240],[10,-24,7821],[3,-6,55053],[0,-6,17194],[-7,-10,7297],[-1,-2,50037],[5,-9,12174],[2,-9,13613],[4,-5,13613],[0,-5,0]],[[22651,15017,0],[2,-8,43336],[-3,-3,10846],[-5,-9,19696],[-2,1,10643],[-6,-7,22361],[-2,-7,9896],[-4,-6,18506],[-6,-4,7904],[-1,-2,0]],[[22570,15028,0],[-10,8,20495],[-10,0,19100],[1,6,19100],[-8,5,11641],[-5,1,81183],[2,3,9659],[-4,1,9659],[-7,9,12463],[-3,2,34319],[-12,23,15478],[-6,-3,15478],[-2,3,12600],[5,4,15478],[-2,7,7718],[-2,3,0]],[[22507,15100,0],[1,1,0]],[[22508,15101,0],[12,8,20013],[16,4,43992],[22,3,7034],[13,2,0]],[[22571,15118,0],[22,4,22645],[17,6,43955],[11,6,11017],[12,8,0]],[[22633,15142,0],[4,-4,11402],[5,1,37048],[0,-5,16404],[-5,-3,9201],[-3,-5,18864],[0,-8,0]],[[22273,14607,0],[-14,-6,0]],[[22259,14601,0],[-18,-9,9313],[-12,-6,18437],[-6,-5,9088],[-4,-5,18437],[-3,2,0]],[[22228,14596,0],[4,5,0]],[[22232,14601,0],[8,7,14958],[10,16,27875],[9,18,0]],[[22311,14683,0],[4,6,33005],[-3,17,21424],[1,17,0]],[[22313,14723,0],[12,-5,20277],[9,3,20277],[6,-5,29073],[6,1,7309],[5,2,7309],[3,0,20288],[1,-4,11239],[5,0,66971],[7,10,16716],[2,9,37693],[6,0,16081],[3,-6,0]],[[22408,14664,0],[-3,0,11762],[-10,-11,46462],[-4,8,14172],[-3,-2,14172],[-6,4,9555],[-2,4,9555],[-4,1,46462],[-8,-5,15153],[-2,-6,46462],[3,-6,11478],[4,-2,26370],[9,5,24923],[4,-1,12812],[1,-6,46462],[-6,-8,13714],[-2,-7,0]],[[22337,14642,0],[-10,2,14191],[-10,-1,0]],[[22414,14835,0],[9,-19,73457],[16,26,39730],[12,4,0]],[[22393,14759,0],[-2,21,25073],[-1,6,8807],[-4,10,33976],[0,8,7695],[2,6,95712],[9,8,8573],[2,3,14300],[6,3,22281],[-2,5,20421],[11,6,0]],[[22288,14931,0],[-1,-4,10659],[2,-6,11843],[0,-8,8677],[-2,-3,8677],[1,-6,39022],[10,-1,26371],[2,-5,12016],[-3,-5,0]],[[22297,14893,0],[-16,8,8554],[-5,1,23260],[-11,1,9627],[-4,2,0]],[[22023,16039,0],[5,0,7795],[6,3,23921],[6,5,9010],[5,2,15654],[1,4,124265],[-2,3,7705],[-3,12,45013],[0,18,15675],[2,5,16571],[-1,8,8522],[0,10,15679],[2,9,80182],[4,5,9770],[0,6,9770],[3,2,22825],[-1,10,22825],[7,23,0]],[[22057,16164,0],[8,-4,15654],[14,-2,106713],[7,4,9772],[8,6,11467],[4,2,19159],[11,10,11891],[7,4,46060],[10,10,10321],[13,14,22024],[13,11,214083],[8,1,18038],[3,0,7792],[6,-4,35071],[16,-1,16396],[15,2,28880],[19,-2,9104],[9,0,47826],[7,-2,7551],[11,-5,30648],[6,-1,12371],[6,1,7726],[5,1,214083],[12,4,7886],[8,4,13973],[6,1,13973],[37,14,82667],[20,-3,32778],[15,4,19683],[10,-1,8826],[4,1,107288],[52,27,0]],[[22427,16260,0],[42,-93,0]],[[22469,16167,0],[24,-57,121871],[30,-165,299705],[-11,-124,101016],[-15,-30,0]],[[22497,15791,0],[-56,13,18888],[-18,6,13109],[-12,1,13109],[-2,2,8588],[-11,2,181952],[-3,17,6999],[-1,4,41120],[-4,3,9389],[-3,-1,9389],[-7,4,41834],[-4,4,10980],[-3,7,14467],[-5,2,14467],[-4,9,33711],[-4,2,7452],[-8,1,29009],[-9,8,17299],[1,5,0]],[[22344,15880,0],[0,3,10214],[-5,0,18731],[-11,-5,32365],[-5,3,13499],[-6,-1,8755],[-4,2,21734],[-3,5,53272],[-6,-1,9708],[-3,3,9708],[-3,-2,13333],[-6,2,24993],[-6,-4,24993],[-10,-2,14907],[-12,0,7216],[-3,-1,7216],[-4,2,0]],[[22257,15884,0],[0,8,33515],[-2,-1,7525],[-7,1,7525],[-13,-1,56229],[-2,3,17714],[-1,14,11320],[1,9,56229],[-3,1,10717],[-3,-2,7244],[-5,0,18605],[-8,-6,56229],[-24,10,45534],[-3,4,7051],[-3,7,26086],[-15,10,55070],[-19,2,130173],[-10,7,20499],[-7,9,12049],[-10,9,31485],[-7,13,31485],[-6,6,8044],[-5,3,17236],[-8,4,92225],[-14,0,10967],[-9,2,29395],[-13,8,75267],[-5,14,11622],[-1,7,19676],[-6,7,65813],[-26,7,0]],[[21935,14995,0],[6,1,17494],[15,11,35125],[4,-3,9766],[6,0,0]],[[21966,15004,0],[8,-8,9359],[4,-3,15150],[7,-9,34640],[5,-1,12658],[4,3,34640],[3,-3,9752],[1,-4,9752],[3,-5,13380],[2,-7,35252],[14,-6,22925],[7,-10,301606],[13,-5,17111],[13,-1,50628],[-2,11,23870],[-4,-1,7523],[-3,1,18520],[-1,7,55459],[11,6,7720],[5,2,41243],[10,-1,19441],[24,2,55459],[4,3,8378],[2,3,16402],[7,3,11043],[7,6,29863],[5,-3,12456],[3,3,80358],[7,-4,7440],[1,-2,16423],[10,-2,18282],[3,-4,12236],[5,0,12236],[2,-3,9687],[6,-3,80358],[5,9,33820],[-2,2,8575],[-1,9,16048],[-6,12,83995],[14,2,31709],[10,-9,59291],[9,3,9612],[4,0,9612],[0,4,12678],[5,1,9147],[5,3,7052],[7,3,83995],[6,7,20155],[-6,4,20155],[1,3,10049],[5,5,12453],[-2,1,0]],[[22226,14925,0],[-3,4,8918],[-5,2,28477],[0,-4,12829],[-7,-5,28477],[-11,-3,13309],[-2,-4,19479],[-5,2,11424],[-4,-2,70409],[4,-10,7328],[1,-2,30845],[-6,-9,11355],[-3,-1,0]],[[22185,14893,0],[-6,1,14177],[-8,-5,42129],[3,-7,7087],[3,-2,20188],[0,-5,8155],[-2,-4,122350],[-6,-3,7520],[-3,1,13952],[-5,-5,40675],[-28,-3,26408],[-11,3,49833],[-7,-2,11637],[-8,-6,12471],[-10,-3,88241],[2,-13,12385],[3,-2,12385],[0,-4,7879],[-1,-3,20231],[4,-7,61701],[-2,-2,7723],[1,-5,15115],[-4,-2,8925],[-2,-5,36394],[-6,2,12225],[-5,4,88241],[-6,14,11445],[-4,8,19524],[0,5,53296],[-7,-1,11337],[-3,2,9438],[-6,-1,0]],[[22061,14843,0],[1,3,13170],[-6,6,13170],[-12,18,77197],[-10,11,11767],[-7,6,20771],[-2,5,7796],[2,1,18193],[-9,6,22689],[-6,8,7986],[-8,8,15013],[0,4,15013],[-4,3,8906],[-4,5,9750],[-4,3,15013],[-5,7,10333],[-5,3,10057],[-2,5,50263],[-4,3,7157],[-6,4,26667],[-3,14,50263],[-11,9,21400],[-14,6,8194],[-7,3,13640],[-4,3,50263],[1,5,8946],[3,3,0]],[[22479,15257,0],[1,3,7826],[0,5,7826],[1,5,18394],[-2,6,7803],[0,6,35959],[3,3,8917],[1,5,8917],[4,10,35959],[0,3,7468],[1,5,7916],[2,14,7160],[1,5,14832],[-1,4,14832],[3,14,193533],[6,13,7445],[6,17,14625],[3,3,45312],[5,-10,78185],[29,7,22599],[22,3,0]],[[22564,15378,0],[0,-7,12311],[4,-11,0]],[[22568,15360,0],[1,-5,10189],[1,-21,42673],[3,4,8537],[0,-3,8537],[8,0,42673],[2,-14,29669],[5,-1,11795],[2,-6,11236],[3,1,29669],[1,-5,9001],[7,-10,16218],[0,-4,13635],[7,-4,76082],[1,-15,9084],[2,-6,18118],[-2,-4,0]],[[22609,15267,0],[-3,-3,8884],[-8,-4,19318],[-4,-4,9086],[-3,-6,19834],[-7,-4,7420],[-5,-2,12622],[-2,-3,23476],[-9,-2,23476],[-1,-4,11725],[-3,-3,7330],[-2,-3,190293],[1,-8,17455],[-2,-4,7896],[-3,-12,22491],[2,-5,12198],[-1,-12,66444],[4,-11,10641],[2,-12,9383],[0,-4,9383],[3,-5,41908],[-1,-10,12091],[-2,-2,16581],[1,-4,8457],[0,-7,32380],[5,-5,18274],[0,-10,0]],[[22508,15101,0],[-4,5,10150],[-5,1,87544],[0,6,9096],[-2,5,15003],[-1,15,17271],[-1,7,7920],[-1,16,12409],[-1,14,10180],[-2,12,9636],[0,4,56615],[-5,0,11557],[0,4,27079],[-4,17,8318],[-3,7,8318],[-1,6,56615],[4,21,26385],[-3,5,14212],[0,11,0]],[[22497,15791,0],[-32,-60,0]],[[22465,15731,0],[-45,16,143727],[-7,-13,27537],[-7,-9,10489],[-9,-7,52925],[-6,-3,16886],[-2,2,7203],[-4,-1,7203],[-6,2,52925],[-5,-18,24624],[-7,-6,0]],[[22367,15694,0],[-4,3,15396],[-8,0,8054],[-8,2,56278],[-8,9,11793],[-10,9,12908],[-9,8,7789],[-4,6,0]],[[22316,15731,0],[5,2,14700],[6,5,9871],[0,4,61163],[-5,5,11873],[-1,5,23144],[9,9,16999],[-4,0,7629],[-2,-1,23144],[-1,4,7222],[-2,0,12452],[-5,16,61163],[-1,11,13546],[2,14,40309],[8,7,21489],[4,7,11143],[-1,5,40309],[-6,11,113346],[1,6,14897],[7,7,30064],[-3,7,20330],[7,8,20330],[1,7,10147],[4,10,30064],[5,0,0]],[[22185,15475,0],[11,-12,22701],[4,0,6985],[3,-1,57848],[2,-4,9419],[-1,-4,9419],[1,-8,18214],[-2,-10,45203],[5,-5,11425],[5,-1,15130],[2,-5,0]],[[21924,15726,0],[4,-4,11320],[5,-9,40577],[8,0,13304],[8,3,58309],[5,0,10819],[12,-5,27843],[13,3,27843],[20,-3,8601],[7,-1,8601],[13,-1,58309],[10,-3,13156],[23,-7,7545],[4,-1,7545],[5,-2,225343],[7,-10,24161],[13,-7,11354],[7,-5,39523],[2,-6,9418],[5,-9,48925],[7,-5,9651],[2,0,7788],[6,-3,9651],[1,-2,15691],[9,-4,48925],[2,-4,7533],[6,-8,10969],[4,-8,8135],[3,-3,0]],[[22135,15622,0],[-7,-25,67328],[-28,-35,10473],[-16,-20,0]],[[22084,15542,0],[-6,3,10116],[-4,5,16148],[-8,2,92223],[-25,-22,30944],[3,-3,11829],[-5,-2,19666],[-11,-2,19666],[-6,-4,7145],[-11,-9,202178],[2,-4,14128],[6,-3,27914],[15,3,44106],[11,-13,24182],[3,0,9566],[8,-5,120023],[0,-4,12108],[4,-4,8983],[2,-5,29301],[-2,-4,11974],[-7,-1,11974],[-3,-4,29301],[5,-2,11391],[9,2,55285],[1,-4,10847],[-4,-3,10847],[-3,-8,20074],[2,-6,20074],[-8,-4,0],[0,-3,9885],[7,-2,17534],[8,2,37846],[4,-6,11375],[0,-4,11375],[5,-6,82389],[17,-1,30696],[12,3,10427],[8,3,16025],[12,1,164205],[4,4,10808],[10,4,17646],[23,17,40827],[10,10,7560],[6,9,21709],[7,3,0]],[[22158,15177,0],[-14,-4,49282],[-3,1,8420],[2,-4,8881],[2,-7,17584],[-4,-7,30630],[-12,-4,30630],[2,-5,9649],[-1,-7,281480],[-3,-1,9213],[-9,2,20780],[-2,-1,7794],[0,5,8748],[-6,2,52872],[-4,0,12097],[-8,-5,19150],[-9,0,13131],[-11,-4,57753],[-1,-2,8714],[-3,5,18155],[-10,1,10682],[-5,-1,21560],[-1,2,7178],[-5,0,10038],[-4,3,90976],[-6,1,11256],[-3,-3,9587],[-6,1,24068],[-1,-4,11078],[-7,-4,40805],[-8,1,7446],[-6,-1,7370],[-5,0,15505],[-5,-1,9001],[-11,-1,139401],[-6,4,18771],[-5,2,7568],[-15,3,47966],[-4,0,8610],[-6,-3,12733],[-4,1,12733],[-17,-1,47966],[-7,2,17473],[-10,1,7309],[-14,1,24706],[-18,6,91997],[-12,-3,37783],[-4,1,8057],[-6,1,13120],[-3,-2,13120],[-5,0,7217],[-9,1,13120],[-36,1,0]],[[21810,15150,0],[-2,17,9894],[1,8,25996],[3,11,143546],[9,4,16620],[7,0,10883],[9,3,52357],[16,-1,28517],[27,3,9592],[4,1,19696],[17,0,140345],[0,7,10564],[4,28,0],[7,2,11748],[10,-1,37723],[11,-3,13621],[10,1,9614],[7,-2,22404],[16,-5,37723],[9,-1,9185],[6,1,17083],[21,-3,10429],[12,0,115231],[2,-6,11571],[0,-11,28175],[8,-3,175583],[13,1,10488],[9,2,10488],[9,0,26085],[8,-2,11234],[8,0,29943],[9,3,19104],[24,1,74769],[11,10,26505],[7,1,10533],[3,3,10533],[4,-1,175583],[33,-25,62482],[-4,-16,0]],[[22292,14738,0],[4,-5,14478],[6,1,22778],[0,-4,9659],[4,0,9680],[0,-4,19224],[7,-3,0]],[[22266,14662,0],[5,17,0]],[[22271,14679,0],[11,36,26888],[7,16,10620],[3,7,0]],[[22259,14601,0],[4,-8,13684],[-2,-6,0]],[[22261,14587,0],[0,-3,18125],[3,-44,0]],[[22264,14540,0],[-29,0,0]],[[22235,14540,0],[-9,14,6973],[0,1,6973],[-2,3,6973],[0,1,0]],[[22224,14559,0],[-4,6,13467],[-9,7,0]],[[22185,14893,0],[1,-2,8756],[12,-11,46212],[-4,-5,11997],[-6,-3,27031],[2,-9,93763],[7,-2,18603],[20,4,30244],[8,5,9960],[2,3,20840],[6,-2,0]],[[22238,14834,0],[-8,-5,16028],[-8,-2,8455],[-12,-4,26787],[-11,0,90733],[1,-5,11291],[7,-11,17230],[4,-13,0]],[[22211,14794,0],[-7,0,15819],[-1,-6,24737],[-15,3,24737],[-4,-6,60048],[-5,16,7250],[-1,3,60048],[-10,5,15634],[-5,6,26464],[-5,-1,7650],[-4,1,34089],[-6,4,14695],[-1,8,28982],[-3,2,9293],[-5,0,9293],[-7,3,136351],[-1,-3,7685],[0,-5,19048],[5,-14,42769],[-5,-3,14411],[-2,1,8153],[-8,-1,37753],[4,-14,136351],[-3,-3,14296],[-12,0,33214],[-5,4,7687],[-4,3,7687],[-1,2,19098],[-5,-1,88254],[-5,5,11933],[-2,6,12524],[-6,6,10677],[-3,7,24081],[-8,5,20054],[-2,5,7605],[-5,8,12363],[-3,3,0]],[[22241,14823,0],[6,-45,0]],[[22247,14778,0],[-7,1,14437],[-8,5,14437],[-3,0,7680],[-10,4,12619],[-3,4,10590],[-5,0,0]],[[22211,14792,0],[0,2,0]],[[22437,15656,0],[7,-1,26707],[2,-3,10221],[-2,-8,10987],[2,-5,64356],[13,12,7244],[3,3,22755],[8,3,7060],[4,2,111338],[4,8,12991],[5,12,8400],[5,10,28662],[6,11,7118],[6,10,11809],[4,4,148525],[-9,7,26034],[-30,10,0]],[[22469,16167,0],[55,30,108664],[8,8,26128],[8,-5,37059],[9,-1,10392],[16,0,24579],[9,-2,8452],[7,-3,228038],[0,-20,38553],[12,-45,124508],[16,-2,30985],[15,9,21595],[4,-2,0]],[[22628,16134,0],[-1,-6,19974],[2,-10,8973],[3,-6,16074],[1,-9,47783],[11,-10,40304],[-10,-3,9972],[-11,-1,97000],[0,-4,11882],[7,-21,31120],[12,-30,10074],[6,-17,188902],[12,-19,31301],[9,-9,16762],[2,1,8011],[5,-3,63942],[7,-12,9308],[14,-25,12773],[11,-19,164102],[4,-9,8955],[3,-12,17518],[0,-8,20587],[3,-7,10938],[5,-16,7838],[0,-3,53572],[1,-27,11927],[1,-11,0]],[[22725,15838,0],[-1,-9,12614],[2,-11,12614],[1,-16,9793],[0,-8,0]],[[22727,15794,0],[-9,-8,23736],[-5,-2,10065],[-6,1,44963],[-3,-4,11975],[-1,-10,26578],[-8,0,26578],[-10,-7,8992],[-9,-8,0]],[[22676,15756,0],[-2,-4,15747],[2,-3,8383],[-2,-3,8383],[2,-6,15747],[-2,-9,14493],[3,-6,14493],[0,-6,6976],[1,-12,37252],[-3,-17,9136],[-1,-4,9136],[-1,-12,25161],[2,-6,10897],[-1,-8,147105],[-4,-2,12312],[-5,-6,30927],[-1,-8,9029],[-1,-5,7579],[-2,-8,51685],[-6,-2,19877],[-7,-14,29345],[-10,-2,124652],[2,-3,10651],[-3,-7,16709],[2,-5,12771],[0,-13,29602],[5,-8,52147],[-1,-4,8316],[-3,-4,7194],[-1,-4,14136],[-5,-5,34629],[2,-3,9441],[-1,-5,9441],[2,-7,313597],[-3,1,12435],[-6,-6,28596],[-17,1,16809],[-1,-4,15781],[-9,0,10414],[-2,1,46332],[-6,-5,9661],[-1,-3,26872],[-6,0,13482],[-3,4,26872],[-3,-4,17501],[-13,-3,28927],[-2,4,9672],[-4,2,28927],[-3,-5,10621],[-5,-2,13021],[-1,-5,115158],[1,-10,10069],[1,-10,18185],[2,-2,0]],[[22556,15499,0],[-9,-3,24995],[-8,4,12209],[-9,1,24995],[-6,-3,13137],[-7,1,99489],[-5,3,7416],[-5,4,15802],[-7,9,22469],[-5,-2,22469],[-8,7,15313],[-2,6,52997],[-7,-3,34285],[-5,5,8287],[-2,0,9118],[-6,5,14104],[-11,6,305713],[-5,-2,7186],[-2,1,21316],[1,-9,21316],[-2,-2,7440],[-8,-10,14511],[2,-1,28843],[-3,-6,7351],[-5,-9,13813],[-4,-12,45877],[-3,-4,12300],[-6,-2,90180],[-1,-5,7161],[1,-2,16963],[-5,-13,7651],[-1,-7,16963],[-2,-18,15728],[-3,-8,219925],[-7,1,16401],[-7,3,9446],[-5,3,26547],[-9,2,10244],[-10,1,18955],[-4,3,15252],[-7,-1,13495],[-6,3,48985],[-10,-4,0]],[[22343,15441,0],[-1,4,13879],[5,7,13879],[4,14,8582],[2,1,8582],[1,7,21899],[4,6,8690],[5,5,21899],[-4,4,21899],[0,4,8366],[3,3,8403],[2,11,16607],[4,8,103826],[-2,6,9156],[1,2,9541],[-2,7,53154],[3,4,10314],[1,6,11862],[3,4,8683],[2,5,33237],[5,2,11251],[3,6,14671],[7,3,53154],[2,7,11834],[0,7,17979],[4,2,17979],[1,6,8804],[2,0,8804],[5,9,15288],[0,5,63869],[8,10,12517],[2,6,12517],[4,-1,21558],[3,3,9422],[2,7,14935],[4,1,12789],[6,10,57471],[0,4,8313],[3,18,16185],[2,2,0]],[[22382,15150,0],[5,2,16221],[6,-7,19977],[10,-2,11365],[6,1,0]],[[22419,15116,0],[3,0,8968],[0,-6,12781],[-4,-3,12781],[1,-6,11720],[-2,-10,67731],[-28,15,0]],[[22389,15106,0],[0,6,9031],[2,4,29291],[-3,4,12523],[-1,11,14455],[-6,11,26157],[2,5,7670],[-1,3,0]],[[22367,15178,0],[11,4,7569],[6,2,0]],[[22384,15184,0],[0,-5,14948],[-7,-6,36926],[1,-7,10674],[4,-16,0]],[[22389,15106,0],[-8,0,15315],[-21,-2,25305],[-7,-4,0]],[[22353,15100,0],[-8,12,15256],[4,-1,38762],[7,3,8704],[3,2,9433],[5,1,9433],[2,3,69822],[4,24,10057],[2,9,10057],[-1,4,38854],[-6,5,16403],[-2,5,8010],[0,5,26605],[4,6,0]],[[21810,15785,0],[0,8,10143],[-3,10,39118],[-5,10,12778],[-5,14,12778],[-10,19,113843],[-2,22,17470],[-1,31,43752],[1,6,14494],[6,11,36896],[1,11,19042],[-2,6,10597],[-3,2,196801],[-9,0,13789],[-4,2,75420],[-9,18,11465],[-2,6,14362],[-7,9,14362],[2,2,25303],[-4,5,10596],[-3,8,10596],[-5,7,21618],[-1,9,21618],[-4,6,7522],[-2,1,8453],[-4,6,0]],[[21735,16014,0],[23,6,13191],[6,2,35847],[13,11,126743],[2,-1,10856],[29,-1,25073],[10,-3,11206],[11,-2,40042],[16,2,32940],[24,-5,23770],[5,2,15101],[9,-2,8685],[5,0,126743],[13,5,26443],[10,0,10355],[6,-2,26443],[16,2,12651],[19,0,13236],[4,-1,13236],[11,3,17104],[14,0,59534],[10,3,18353],[32,6,0]],[[22257,15884,0],[-3,-10,8435],[-4,-9,8706],[-2,-8,8706],[-3,-4,36505],[-2,-19,7251],[-1,-4,31464],[-5,-8,21173],[-1,-8,7561],[-5,-14,7111],[0,-3,172395],[4,0,14967],[3,-7,26921],[-2,-11,10433],[-1,-2,26921],[0,-11,8179],[1,-3,8539],[1,-17,46978],[7,-24,9028],[1,-7,7759],[3,-10,16489],[1,-12,11924],[2,-5,282667],[11,4,19950],[2,-1,10503],[12,1,25229],[5,2,8525],[2,3,69333],[6,15,19820],[5,8,8970],[4,4,49088],[18,7,0]],[[22367,15694,0],[2,-5,20532],[-7,-23,0]],[[22362,15666,0],[-2,-8,10872],[-6,-12,32699],[-14,-16,12053],[-3,-4,48923],[-10,-9,10381],[-5,-4,17301],[-7,-9,17301],[-4,-1,7547],[-5,-3,45632],[-1,-5,9747],[0,-6,181438],[9,-9,24045],[5,-6,8705],[2,-5,11221],[4,-3,11221],[0,-6,15995],[6,-6,84495],[-2,-2,10274],[-8,2,17607],[-18,-5,84495],[-6,-15,18760],[-1,-11,18760],[-5,-8,60993],[3,-7,11938],[6,-8,22566],[0,-8,75078],[-4,-4,11466],[-1,-6,10265],[-2,-1,7888],[-2,-5,19547],[-4,-1,12460],[-4,-7,0]],[[22283,15468,0],[-4,-5,22023],[-5,2,12697],[-8,-1,54417],[0,2,9708],[6,9,29077],[1,3,8897],[-3,6,7263],[-1,4,16160],[2,5,54417],[-3,3,10821],[-6,0,10821],[-6,5,9284],[-3,-1,7541],[-1,2,127203],[2,7,8488],[0,6,21714],[4,0,7543],[3,3,21714],[-2,4,12692],[-7,3,31114],[-6,-7,24005],[-4,2,10738],[-2,5,31114],[3,3,14738],[0,9,31114],[2,1,9474],[6,-4,14033],[3,-1,6997],[2,2,49257],[2,11,21843],[-4,-1,7292],[-3,1,21843],[-4,7,10387],[-3,9,37599],[2,0,7152],[2,6,10277],[5,-1,10277],[1,3,10277],[-5,1,110215],[-9,12,28340],[-4,12,13578],[-4,7,10909],[-4,10,39862],[-3,3,8378],[-6,3,283800],[-5,-3,12919],[-4,3,12919],[-6,2,7955],[-6,0,25185],[-8,3,8269],[-2,2,14537],[-10,2,29297],[-9,-3,29297],[-6,3,8214],[-14,6,82432],[-4,-3,10606],[-4,-6,7557],[-3,-3,16725],[-3,1,0]],[[22311,14957,0],[2,0,8948],[4,5,10519],[3,1,15288],[5,6,15288],[7,2,0]],[[22332,14971,0],[0,-16,41587],[3,-9,13493],[12,-31,19677],[3,-13,62636],[1,-19,9145],[1,-22,17865],[2,-10,0]],[[22354,14851,0],[-19,10,38952],[-5,3,8554],[-5,6,15771],[-4,7,12962],[-8,7,35699],[-16,9,0]],[[22077,14719,0],[9,11,48920],[11,6,13049],[5,0,16600],[25,7,27520],[10,6,172164],[1,-5,8902],[6,-12,51561],[5,2,21371],[3,-7,7126],[3,-4,21371],[8,-5,12614],[7,-2,8357],[4,-2,98151],[31,10,53646],[4,-7,8527],[0,-3,20084],[7,-1,0]],[[22216,14713,0],[-5,-21,24010],[-4,-12,8913],[-4,-6,12049],[-2,-7,42880],[-2,-19,9171],[1,-4,0]],[[22200,14644,0],[0,-7,0]],[[22200,14637,0],[-7,1,16547],[-12,-4,0]],[[22181,14634,0],[-3,4,15031],[-6,-2,9205],[0,-2,0]],[[22172,14634,0],[-3,0,8240],[-5,-3,22308],[-2,9,0]],[[22162,14640,0],[-4,10,11898],[-9,16,54298],[-7,3,20169],[-10,-6,17109],[-1,3,0]],[[22131,14666,0],[-4,9,21047],[-2,22,50037],[-11,-1,11946],[-2,2,42567],[-4,23,119039],[-9,-3,9870],[-12,-2,30454],[-13,-10,0]],[[22074,14706,0],[0,4,10384],[3,9,0]],[[22200,14637,0],[-1,-16,0]],[[22187,14609,0],[-3,10,0]],[[22184,14619,0],[-3,10,8656],[0,5,0]],[[22282,15379,0],[-1,-8,14934],[3,-9,7449],[0,-4,62953],[-3,-3,9439],[-6,1,8493],[-2,-2,24357],[1,-8,29820],[-2,-3,9457],[-5,1,9457],[-9,-3,81813],[-2,-3,10157],[3,-6,26068],[-3,-9,13635],[-5,-2,10295],[-1,-3,46449],[7,-7,19490],[0,-6,9707],[2,-5,92905],[-1,-3,8409],[-8,-14,23418],[-3,-2,7296],[-4,0,44666],[-1,2,8013],[-2,7,18869],[-3,3,8593],[-3,-3,44666],[-5,-15,17975],[-4,-3,8083],[-2,-4,92905],[5,-8,25987],[8,-4,8511],[2,-3,8511],[7,-2,40834],[0,-3,11759],[-3,-3,8191],[-4,-1,0]],[[22182,15171,0],[-7,0,17649],[-6,1,8433],[-2,3,9632],[-9,2,0]],[[21810,15150,0],[-27,-7,28611],[-13,-1,12481],[-2,2,62612],[-5,-9,34792],[-11,-6,18291],[-16,-4,127928],[3,-7,8583],[2,-3,15497],[3,0,33195],[0,-21,9281],[1,0,0]],[[21745,15094,0],[-10,-3,10744],[-12,-5,0]],[[21723,15086,0],[-11,0,62830],[-1,11,11162],[1,20,28597],[-3,16,8514],[-2,9,77659],[-5,13,10572],[-8,15,16614],[-10,24,40460],[-3,4,10606],[-10,16,99413],[-2,4,8556],[-2,11,10361],[-5,16,30850],[-1,6,9828],[1,13,0]],[[22293,14617,0],[2,-3,13258],[-4,-5,0]],[[22291,14609,0],[6,-40,40725],[1,-50,0]],[[22298,14519,0],[-19,15,0]],[[22279,14534,0],[-8,6,16604],[-7,0,0]],[[22337,14488,0],[-39,31,0]],[[22406,15201,0],[5,2,14754],[9,7,11237],[6,3,34957],[-3,7,72520],[-5,-1,9875],[-8,-5,10107],[-7,-2,25346],[-14,-1,54300],[-7,12,0]],[[22382,15223,0],[5,1,16597],[0,8,69435],[22,6,26124],[11,1,17371],[13,2,8253],[3,0,7001],[8,2,46987],[2,3,10775],[12,7,31497],[17,4,11797],[4,0,0]],[[22507,15100,0],[-33,-29,0]],[[22402,15037,0],[-24,-7,17598],[-10,-4,0]],[[22368,15026,0],[-1,1,8074],[-7,2,10185],[-7,4,21572],[-8,0,0]],[[22345,15033,0],[-2,39,7634],[0,9,28285],[2,9,0]],[[22345,15090,0],[4,7,7634],[4,3,0]],[[22609,15267,0],[4,4,11206],[7,1,24738],[5,-3,10686],[4,2,10686],[2,-4,85866],[-1,-10,11543],[0,-13,24362],[4,-7,24362],[-2,-11,9448],[1,-5,7451],[-1,-5,0]],[[22632,15216,0],[0,-13,16223],[4,-11,16223],[1,-10,13549],[3,-10,11574],[0,-7,61547],[-1,-6,7305],[-2,-2,8544],[0,-6,12116],[-4,-4,12116],[0,-5,0]],[[21871,14999,0],[4,2,13342],[3,9,24246],[4,3,7849],[11,8,98330],[9,0,23659],[5,-3,7682],[11,-5,12398],[6,-4,43651],[11,-14,0]],[[22211,14792,0],[6,-21,27009],[2,-4,8077],[7,-12,59845],[0,-5,10707],[-4,-8,10707],[-2,-8,0]],[[22220,14734,0],[-4,-21,0]],[[22077,14719,0],[-5,-1,18557],[-34,-1,0]],[[22038,14717,0],[0,5,16385],[-15,44,0]],[[22023,14766,0],[-5,15,63765],[-8,2,10253],[-10,5,7613],[-6,2,30679],[-2,5,25835],[-4,2,7876],[-4,-1,14366],[-1,4,14366],[-15,6,58021],[-4,12,0]],[[21964,14818,0],[4,4,12179],[4,5,7424],[2,4,53825],[0,19,13399],[-1,9,28771],[2,11,7855],[2,11,214096],[-1,8,16561],[-5,2,28572],[-9,7,9338],[-23,18,33601],[-16,17,9284],[-9,10,28828],[-15,11,24113],[-1,7,22513],[-11,11,15770],[-3,0,0]],[[21884,14972,0],[-5,14,16335],[-6,12,7415],[-2,1,0]],[[21966,15004,0],[7,26,53627],[-8,21,16743],[-1,7,122053],[7,0,18182],[13,7,7895],[4,2,18182],[7,2,8266],[5,1,12364],[6,2,79262],[-1,11,8056],[-1,5,12953],[1,8,341350],[7,2,21541],[7,-1,7462],[1,-1,13116],[10,-1,54403],[9,-5,11150],[14,-5,38186],[9,-2,7227],[0,1,21859],[13,-4,9877],[3,-2,16181],[14,-3,88782],[-2,-5,7689],[1,-3,31083],[7,-1,10298],[0,-2,17426],[10,1,31083],[5,-6,19392],[10,0,19392],[3,-2,7581],[6,-3,10525],[2,-2,198468],[7,4,20458],[4,-2,13292],[3,2,8630],[7,1,11443],[1,-2,43850],[9,7,19303],[-1,4,8754],[2,4,43850],[12,1,10022],[1,2,10022],[5,-3,31842],[4,3,10770],[0,5,14918],[5,1,0]],[[22521,14580,0],[0,-9,12798],[-2,-1,10125],[0,-8,17102],[2,-9,0]],[[22521,14553,0],[-5,1,26319],[-9,-4,13686],[-11,-8,16337],[-1,-4,14116],[-7,1,76493],[-6,9,22699],[-6,-4,25075],[-2,4,9568],[-4,1,13087],[-1,5,9395],[-3,3,133347],[-6,-3,18073],[4,-7,18073],[-1,-8,8299],[-1,-7,10734],[-1,-10,40050],[-4,-15,21630],[0,-3,8164],[-5,3,0]],[[22452,14507,0],[0,-1,6973],[0,0,19749],[-69,-65,0]],[[22383,14441,0],[-46,47,0]],[[22489,14648,0],[2,1,12611],[10,-3,17013],[4,3,0]],[[22505,14649,0],[5,-6,10365],[4,-2,28880],[3,-11,7234],[3,-6,16027],[4,-4,12375],[3,-8,76730],[-2,-2,7927],[-4,-19,20844],[0,-11,0]],[[22384,15184,0],[6,4,0]],[[22414,14835,0],[-16,25,9544],[-8,13,0]],[[22390,14873,0],[4,2,12482],[1,3,7447],[-3,2,12482],[3,9,44752],[-12,4,18062],[-5,6,48357],[4,4,14028],[0,5,10403],[3,6,49108],[-5,2,22910],[1,10,17683],[6,-2,14802],[2,5,17683],[-4,0,7988],[-4,3,22910],[-1,5,10083],[-6,7,30231],[-3,1,11442],[-2,-6,17903],[-3,3,7141],[-1,3,30231],[2,10,8875],[3,6,177640],[24,30,30012],[2,2,8286],[8,2,30012],[6,7,11567],[3,9,0]],[[22354,14851,0],[7,-14,0]],[[22361,14837,0],[3,-7,8953],[2,-9,19331],[-1,-11,39554],[-2,-8,11005],[-5,-6,130067],[-6,-6,8277],[-8,-7,23070],[-19,-13,18568],[-19,-14,49914],[-11,-14,10358],[-3,-4,0]],[[22292,14738,0],[-4,3,8313],[-5,2,18374],[-11,1,7764],[-4,1,35675],[4,6,12728],[-1,4,35675],[-17,-1,8349],[-3,0,77071],[-4,24,0]],[[22300,15231,0],[2,8,39935],[9,-3,7247],[8,-4,8608],[11,-4,39935],[15,-3,13307],[13,0,21080],[8,-4,21080],[4,1,7029],[12,1,0]],[[22367,15178,0],[-2,-1,8170],[-6,-4,28377],[-2,-5,8927],[0,-7,19033],[-7,-9,54396],[-8,1,14123],[-6,4,11520],[-4,0,54396],[1,-8,19731],[0,-7,7801],[-3,-10,120749],[-18,4,13895],[-8,-1,24223],[-10,-2,8665],[-5,-2,24101],[-8,3,0]],[[21871,14999,0],[-15,12,21586],[-24,16,47843],[-28,11,98945],[-18,13,8482],[-6,4,22663],[-12,13,42064],[-5,7,8464],[-12,21,37342],[-6,-2,0]],[[22324,15078,0],[0,1,8927],[7,3,19456],[2,11,35897],[12,-3,0]],[[22345,15033,0],[-11,1,18356],[-6,-5,0]],[[22328,15029,0],[-5,4,16757],[0,5,11092],[4,0,16757],[1,14,30608],[-5,-1,8953],[-2,-4,41760],[-1,9,12355],[1,9,18551],[4,5,13621],[-1,8,0]],[[22328,15029,0],[-5,-3,15994],[-4,0,8405],[-3,3,27857],[-6,9,0]],[[22310,15038,0],[-3,12,12771],[1,6,47541],[3,6,8720],[2,6,8720],[6,13,33991],[5,-3,0]],[[22271,14679,0],[-9,0,59468],[-1,12,16294],[-8,51,120297],[-2,-3,11402],[-6,0,15603],[-3,-1,7450],[-2,-5,15603],[-5,1,26777],[2,-4,7732],[-1,-3,26777],[-8,0,17192],[-2,4,9528],[-6,3,0]],[[22261,15038,0],[5,3,26123],[1,-8,12026],[-2,-5,16962],[0,-4,7503],[3,-3,73832],[20,1,43669],[17,9,19883],[-1,4,11749],[5,0,8881],[1,3,0]],[[22368,15026,0],[-11,-8,12367],[-9,-9,27303],[-9,-14,56224],[-5,-15,13031],[-2,-9,0]],[[22232,14601,0],[-3,3,14563],[-2,12,20258],[-11,13,14525],[2,1,46983],[1,8,7789],[1,1,7789],[1,10,83332],[-9,-1,11426],[-6,-3,8334],[-6,-1,0]],[[22486,14712,0],[8,1,16897],[8,-1,9675],[11,-1,103175],[-2,-4,15733],[2,-10,7053],[0,-5,22211],[-2,-13,10018],[-1,-19,35296],[1,-6,16805],[-6,-5,0]],[[22521,14553,0],[3,-5,15217],[-1,-6,10754],[3,-8,29177],[-5,-7,19101],[1,-6,8056],[2,-3,0]],[[22524,14518,0],[0,-5,10843],[-2,-10,10843],[0,-6,8252],[-1,-13,7734],[-1,-7,14687],[-1,-7,12445],[-1,-11,7788],[-1,-5,7788],[0,-6,0]],[[22517,14448,0],[3,-11,45818],[-6,-9,17868],[-4,-2,7184],[0,-1,7184],[-6,-3,23292],[-1,-6,13861],[-2,-3,7302],[-4,0,12814],[0,-4,0]],[[22497,14409,0],[-2,-2,6973],[0,0,6973],[-2,-1,6973],[-1,0,6973],[-79,-43,0]],[[22413,14363,0],[-15,39,0]],[[22398,14402,0],[-4,9,0]],[[22394,14411,0],[-11,30,0]],[[22361,14837,0],[2,1,9789],[10,8,7658],[2,1,38802],[6,13,16461],[1,8,31696],[8,5,0]],[[22283,15468,0],[2,-4,12074],[-4,-4,24526],[3,-3,8722],[1,-7,12305],[5,-5,47315],[11,-3,13319],[9,0,8288],[2,-1,47315],[-4,-8,15733],[-8,-5,66382],[-1,-3,10709],[6,-2,17382],[5,1,11884],[2,-3,11884],[8,-1,10454],[1,-3,0]],[[22321,15417,0],[0,-9,29634],[-6,-2,12869],[-2,1,8566],[-6,-1,45533],[0,-12,21660],[-1,-2,7271],[-6,-2,21660],[0,-2,8869],[6,-5,71097],[-3,-3,10603],[-5,0,11398],[-5,-4,26756],[-5,1,9697],[-2,3,11609],[-4,-1,0]],[[22185,15475,0],[3,5,8679],[1,4,19448],[-6,4,10354],[1,2,55167],[-8,1,9076],[-4,-1,27286],[-19,-9,100488],[-6,4,7501],[-3,4,7501],[-4,2,13599],[-22,19,25213],[-5,7,22166],[-9,8,9097],[-2,1,9097],[-15,10,21976],[-3,6,0]],[[22437,15656,0],[-5,1,8257],[-7,3,17482],[-15,2,35634],[-21,11,71746],[-7,1,21026],[-7,-6,13207],[-7,-3,23136],[-6,1,0]],[[22321,15417,0],[5,6,9846],[2,4,9846],[4,3,8403],[3,5,19802],[5,-3,18963],[5,5,12521],[-2,4,0]],[[22556,15499,0],[6,-15,39915],[-1,-4,8545],[2,-7,8545],[1,-11,7614],[1,-7,20804],[0,-9,7570],[1,-18,65960],[0,-11,7024],[-1,0,7024],[-1,-13,16389],[2,-3,16389],[-1,-7,7485],[-2,-9,23319],[1,-7,0]],[[21173,14696,0],[-68,11,9363],[-25,5,104417],[-4,2,13609],[-17,13,25068],[-3,7,0]],[[21056,14734,0],[3,4,8641],[1,5,29393],[-2,5,9172],[-6,7,15637],[1,4,51712],[3,1,7154],[9,3,10082],[4,3,0]],[[21069,14766,0],[16,-10,68809],[27,3,26086],[43,1,84317],[43,-16,0]],[[21198,14744,0],[10,-5,0]],[[21208,14739,0],[2,-4,12439],[-3,-9,48905],[-6,-1,7117],[-10,-2,15826],[-12,-4,58402],[-2,-16,15247],[-4,-7,0]],[[22153,14328,0],[17,7,14185],[7,1,0]],[[22177,14336,0],[8,2,8678],[8,0,21241],[2,1,9242],[10,4,0]],[[22205,14343,0],[-1,-4,8402],[1,-9,0]],[[22205,14330,0],[-9,-3,13621],[-8,-5,49007],[4,-4,21096],[1,-5,10308],[-2,-12,0]],[[22191,14301,0],[-13,-1,9608],[-2,-2,9608],[-11,-1,20247],[-7,1,0]],[[22158,14298,0],[-5,30,0]],[[21855,14668,0],[0,8,11961],[3,2,0]],[[21858,14678,0],[12,-5,7547],[7,-4,0]],[[21877,14669,0],[4,-3,0]],[[21881,14666,0],[-1,-11,0]],[[21880,14655,0],[0,-4,10374],[5,-10,13120],[-1,-3,0]],[[21884,14638,0],[-31,9,0]],[[21853,14647,0],[-2,0,0]],[[21851,14647,0],[3,6,8325],[0,2,8325],[3,1,24325],[-2,12,0]],[[22110,14571,0],[4,10,0]],[[22114,14581,0],[26,-12,0]],[[22140,14569,0],[-2,-10,7254],[0,-5,0]],[[22138,14554,0],[-12,3,20827],[3,5,22360],[-19,9,0]],[[22456,13983,0],[2,25,11319],[1,4,0]],[[22459,14012,0],[9,13,0]],[[22468,14025,0],[14,5,16489],[7,4,44114],[9,1,13839],[3,-3,21479],[20,2,64367],[5,2,7164],[2,2,7164],[7,4,16340],[8,2,10971],[5,3,34361],[8,-2,12303],[11,2,34361],[3,5,18188],[4,2,10825],[6,-2,18188],[4,5,96963],[4,0,10742],[12,-4,46208],[-2,7,17142],[0,9,9180],[2,4,46208],[7,3,24569],[5,7,11991],[0,4,11991],[6,8,87216],[10,-1,25449],[2,-8,20086],[8,-2,0]],[[22638,14084,0],[7,-2,12199],[1,-3,46133],[7,8,15029],[3,0,11171],[3,5,7924],[4,2,33445],[4,-2,10080],[8,1,17513],[3,4,0]],[[22678,14097,0],[62,49,0]],[[22740,14146,0],[40,-53,16085],[41,-56,0]],[[22821,14037,0],[27,-34,164561],[-1,-158,0]],[[22847,13845,0],[-60,-27,0]],[[22787,13818,0],[-4,-1,7775],[-14,-5,15931],[-13,-3,57722],[-19,0,8171],[-4,0,14805],[-9,1,24897],[-23,-3,18179],[-10,1,0]],[[22691,13808,0],[-6,1,7221],[-3,-1,18880],[-11,4,11802],[-10,1,67812],[-17,12,16919],[-11,10,24764],[-6,3,8734],[-5,4,9507],[-9,4,67812],[-18,8,8536],[-17,7,23355],[-13,3,15036],[-6,4,15036],[-18,6,0]],[[22541,13874,0],[-3,10,18000],[-11,16,49432],[-1,17,10858],[-2,17,68720],[-4,9,22624],[-9,13,13293],[-4,3,9838],[-4,5,151596],[-18,7,9482],[-29,12,0]],[[22118,14485,0],[4,8,0]],[[22122,14493,0],[19,-13,0]],[[22141,14480,0],[12,-7,15888],[12,-4,8565],[3,-2,0]],[[22168,14467,0],[-3,-2,6994],[-6,-2,13734],[-5,1,22244],[-3,-5,0]],[[22151,14459,0],[-29,14,42523],[3,8,21150],[-7,4,0]],[[21020,14763,0],[21,23,0]],[[21041,14786,0],[14,-10,0]],[[21055,14776,0],[14,-10,0]],[[21056,14734,0],[-7,-4,7536],[-1,-2,35005],[1,-7,12147],[4,-11,17720],[-1,-3,0]],[[21052,14707,0],[-20,-2,21392],[-10,3,14066],[-12,-1,42197],[-6,-6,0]],[[21004,14701,0],[-4,2,0]],[[21000,14703,0],[2,7,12131],[3,1,13296],[5,4,7407],[6,4,11218],[2,3,67829],[0,4,7180],[-3,7,13721],[-5,13,10308],[-1,5,0]],[[21009,14751,0],[11,12,0]],[[20733,14767,0],[18,-4,107220],[-2,6,17875],[4,4,9488],[3,-1,17875],[6,17,48405],[-9,2,30813],[2,6,9798],[1,9,65103],[2,-1,8747],[14,1,25122],[6,-3,12952],[2,-5,21058],[8,1,65103],[-1,6,14429],[-6,22,60425],[-5,-3,17159],[-6,2,11393],[-8,0,65103],[1,10,12035],[4,4,12035],[-3,3,36417],[2,3,9495],[5,1,10940],[7,7,36417],[-7,7,7184],[-2,0,0]],[[20769,14861,0],[3,5,25757],[-5,7,14243],[0,5,8935],[-4,10,59067],[6,1,14029],[7,-1,7513],[8,-3,161246],[3,-2,8036],[7,-8,10659],[7,-4,33677],[18,-6,39162],[5,-2,8853],[4,-6,15504],[7,-2,21944],[5,-8,39162],[3,1,8038],[2,-4,9082],[6,0,21000],[5,-7,21000],[11,-3,87888],[4,-5,9371],[1,-5,31858],[4,-4,8138],[3,0,18970],[6,-11,20153],[3,1,14215],[9,-9,0]],[[20897,14801,0],[2,-3,12174],[1,-13,24799],[-4,-1,13776],[1,-8,8018],[-2,0,32370],[3,-16,22239],[7,-8,22239],[1,-3,11659],[-6,-2,41789],[-5,3,13719],[-2,8,24597],[-10,1,41789],[-1,-5,13416],[1,-5,7086],[1,-7,41789],[6,-2,7839],[8,-3,11264],[2,-3,54943],[3,-11,9370],[2,-6,11530],[3,-14,0]],[[20908,14703,0],[-5,-5,18092],[-2,-4,7404],[-3,-10,57955],[0,-15,20545],[-3,-25,33228],[3,-9,0]],[[20898,14635,0],[-17,5,32749],[-4,-1,8220],[-7,0,11295],[-8,-2,63496],[-12,5,8979],[-4,2,21770],[-9,2,7892],[-11,4,25874],[-11,7,68275],[-11,-5,11065],[-4,0,42686],[-16,5,14320],[-5,0,10142],[-13,4,0]],[[20766,14661,0],[6,11,8516],[3,4,38655],[-8,10,38655],[3,4,10917],[-2,3,15860],[7,9,32953],[-3,7,8576],[-1,7,111360],[-18,4,50855],[3,9,14193],[0,10,46558],[-16,5,0]],[[20740,14744,0],[2,6,19724],[-10,3,27920],[1,14,0]],[[20360,14556,0],[10,-7,19835],[1,-3,6975],[2,-1,7007],[3,-5,9845],[2,1,9845],[2,-6,55185],[2,-2,7478],[4,0,17782],[13,1,9737],[4,0,105330],[1,7,10202],[3,3,29808],[9,3,10356],[6,0,32430],[0,5,13589],[2,4,7323],[4,2,7000],[0,2,105330],[7,3,9726],[5,0,23322],[2,-6,23322],[5,3,13041],[4,-3,13770],[9,-2,9411],[10,-1,25662],[4,-4,23324],[4,0,9471],[5,4,16526],[9,-1,270803],[4,-4,10607],[2,-6,24011],[2,-3,7064],[2,2,7064],[5,0,24011],[5,-4,9509],[8,-4,11839],[2,-3,11839],[8,-3,91040],[3,-6,25096],[-4,-7,13435],[-3,-11,29105],[4,-10,98037],[6,1,9311],[4,-2,9311],[7,0,28814],[9,-9,7499],[3,-2,23293],[2,4,8602],[3,-1,59899],[6,-11,8986],[2,-8,8986],[2,-1,0]],[[20574,14465,0],[-2,-10,13154],[-3,-5,13154],[-5,-10,8098],[-4,-8,83437],[0,-7,8313],[-1,-11,21870],[-2,-3,7955],[0,-3,7955],[-3,-10,33766],[-7,-6,33766],[-2,1,7286],[3,-4,11904],[-1,-14,9526],[1,-8,39018],[-5,-21,25938],[-2,-33,121270],[-11,7,38455],[1,-10,7539],[1,-5,7539],[1,-6,49785],[-10,-1,8787],[-7,0,19979],[-8,3,121270],[-2,-9,32482],[2,-2,6997],[0,-4,9948],[8,-17,23364],[0,-8,48667],[5,-2,8787],[3,1,11144],[5,-4,34587],[-1,-5,7414],[1,-10,130198],[-18,-8,17420],[-6,-3,7917],[-4,-4,52155],[-8,-11,16777],[-1,-9,130198],[2,-4,8161],[2,1,8161],[8,-6,23916],[0,-7,26530],[4,-4,8875],[7,-3,10417],[2,1,10417],[3,-7,80657],[-2,0,8231],[-2,-5,9787],[-4,-2,16446],[1,-3,7296],[-2,-3,11256],[-3,1,7984],[0,-3,27533],[7,-7,17094],[-6,-1,0]],[[20509,14154,0],[1,-3,11087],[-5,-7,12227],[0,-4,24146],[-3,-8,10220],[-5,-7,10220],[-2,-6,8024],[-5,-8,31593],[2,-5,31593],[-2,-6,9511],[-2,2,14118],[-4,-6,8615],[4,-2,8615],[-5,-1,9524],[0,-3,13379],[-5,-6,23094],[-2,-10,63900],[-4,-1,10214],[-3,-5,10214],[-7,-8,267359],[-4,-2,7925],[-4,0,21990],[-7,9,43541],[-5,-6,14049],[-4,1,21896],[1,-6,7446],[-2,-4,43541],[-4,-2,14759],[-10,1,17558],[-4,-2,7415],[-4,1,10169],[-4,-3,26073],[-2,4,8485],[1,4,8485],[-2,1,26073],[-8,-11,57318],[-12,-6,20978],[-30,-9,28557],[-12,0,9141],[-4,-1,28557],[-17,-9,0]],[[20325,14020,0],[-5,-2,7159],[-9,-2,18501],[-7,1,46323],[-7,10,7993],[-2,6,0]],[[20295,14033,0],[5,4,19159],[-5,7,26710],[-4,0,7232],[-3,2,12193],[-3,-2,29170],[-1,5,9201],[-3,4,15542],[-2,7,9067],[1,4,61855],[-4,0,8072],[0,2,21690],[-5,5,7558],[-10,12,10935],[-8,8,17599],[-7,2,17599],[1,3,9505],[-3,4,85244],[4,8,25733],[5,-1,11430],[10,-7,7237],[5,-3,25733],[1,3,10485],[-4,5,21318],[-7,2,8133],[-2,3,7919],[-5,2,0]],[[20251,14112,0],[-1,1,10633],[7,5,9711],[0,2,17122],[10,6,42475],[1,4,8617],[-1,4,18367],[6,16,48862],[5,5,12818],[9,4,117086],[5,4,9008],[2,6,11380],[8,10,29839],[6,17,29839],[86,158,490692],[-23,134,22986],[-11,68,0]],[[20954,14585,0],[8,17,9381],[3,5,25235],[13,17,42854],[-2,13,12285],[1,5,42854],[6,7,9179],[9,6,0]],[[20992,14655,0],[2,-1,9170],[5,-12,27404],[-1,-14,43746],[2,-6,8504],[2,0,8504],[4,-7,14115],[6,-6,122636],[9,-3,11655],[5,0,24562],[6,-3,8806],[5,-5,13235],[9,-4,64252],[20,-16,14696],[5,-7,12778],[3,-1,7084],[7,-6,24934],[5,-7,0]],[[21086,14557,0],[-1,-3,9871],[-5,-3,10609],[-1,-4,21543],[-12,-8,34378],[-2,-10,21060],[-7,-3,18870],[2,-5,12386],[-4,-3,50759],[5,-9,12121],[1,-6,45127],[-7,-1,7078],[-2,-1,23509],[-3,-12,18619],[-5,1,111277],[7,-11,14001],[3,-8,8808],[4,-7,42267],[-5,0,8595],[-6,-2,23549],[3,-2,7961],[2,-5,0]],[[21053,14455,0],[1,-3,13726],[-6,-13,21370],[-6,-6,53258],[1,-9,16829],[4,-5,9045],[1,-5,9032],[2,-2,164827],[-18,-11,50338],[-3,5,9585],[-8,9,50338],[-8,4,16199],[-13,4,9143],[-6,3,9143],[-3,-1,41252],[-5,-7,29973],[-11,1,16789],[-6,5,104524],[-1,4,10403],[0,10,17560],[4,9,17560],[-3,5,49779],[-7,-2,10530],[-6,-4,0]],[[20956,14446,0],[0,8,19881],[-7,7,71805],[-10,4,16172],[-25,12,26804],[-11,3,8881],[-13,3,22499],[0,2,10362],[-6,2,0]],[[20884,14487,0],[6,1,7351],[6,-1,17165],[4,3,9048],[0,-3,9048],[4,3,28031],[3,-8,28031],[4,2,7968],[4,0,15195],[6,5,73694],[4,13,30390],[-3,2,10276],[-1,4,7561],[-3,4,100790],[8,11,9558],[10,14,49370],[2,7,16521],[-1,4,7756],[-1,8,49370],[1,3,7397],[5,10,21046],[2,4,7377],[6,3,17439],[4,9,0]],[[20574,14465,0],[2,9,26403],[10,15,15361],[2,5,9900],[4,8,61836],[4,0,7705],[6,-1,14136],[3,4,14136],[3,-4,139618],[-1,-4,8289],[1,-7,27904],[4,-3,11093],[7,-2,27904],[4,-4,7367],[3,-4,16633],[1,-4,9036],[3,-6,27676],[6,-5,12621],[4,0,23755],[3,-3,8318],[2,-7,139618],[8,3,12458],[6,5,12526],[20,9,20675],[8,2,101955],[7,-2,8581],[6,0,12869],[6,-3,48600],[25,2,25115],[6,2,9713],[9,0,9713],[7,2,36879],[12,-3,210123],[1,-3,9496],[-2,-5,17896],[5,-7,27347],[-1,-5,9881],[-4,-4,20519],[4,-4,13956],[-1,-3,7859],[-3,-2,11175],[2,-2,0]],[[20766,14434,0],[3,-3,11252],[-4,-3,11252],[-2,-6,28087],[6,-3,19341],[-1,-5,9794],[-3,-4,19341],[0,-4,9656],[4,-3,7521],[0,-3,50754],[-3,-1,8710],[-8,-8,50754],[3,-9,18490],[0,-13,9760],[2,-8,9760],[-2,-3,34637],[-10,-7,32709],[6,-2,18002],[0,-10,0]],[[20757,14339,0],[-2,-32,83110],[8,-19,36852],[21,-26,0]],[[20784,14262,0],[-9,-45,74034],[-7,-5,11048],[-3,-6,37682],[2,-3,8075],[5,-1,10327],[0,-3,19093],[-8,0,19093],[1,-3,9212],[-5,0,11709],[1,-5,11709],[-3,-9,16852],[1,-6,44275],[-5,-4,8781],[-9,-5,26018],[1,-6,7808],[-2,-2,224748],[-3,5,7847],[-4,4,19750],[-7,0,47372],[-6,-3,12014],[-3,-5,11669],[-5,-4,32587],[-6,4,10771],[-4,0,134668],[-1,-4,7729],[-3,-3,11250],[1,-5,12056],[-3,-5,7942],[-3,-9,62778],[-9,-4,13867],[-12,-1,13555],[-2,-3,8379],[-4,-1,62778],[-3,-7,14276],[1,-9,49650],[-10,-9,7274],[-6,-4,11707],[-3,-4,11707],[-6,-3,0]],[[20643,14089,0],[-3,9,13035],[-7,11,111597],[-10,7,26651],[-7,-4,7528],[-3,-1,35595],[-7,3,8388],[-2,3,21675],[-5,13,21675],[-2,-2,8392],[-1,-5,32782],[-6,0,15051],[-2,-3,8305],[-4,-2,30717],[-9,9,52283],[-2,-3,7809],[-6,-2,21811],[-12,3,21811],[-11,0,13441],[-7,-3,43425],[4,8,99198],[-5,2,7744],[-4,4,8766],[-6,3,22276],[-5,4,8069],[-2,4,13983],[-7,3,9266],[-3,4,0]],[[21076,15555,0],[5,-1,16827],[7,-9,20240],[6,-1,43824],[2,-2,9315],[1,-6,15826],[8,-9,14146],[2,-6,161976],[6,-1,9145],[3,2,17179],[5,-1,7386],[4,-2,23629],[4,0,7440],[3,2,7440],[8,1,50461],[6,-1,8809],[9,-3,30076],[9,0,12345],[14,-3,12345],[12,0,10580],[10,-2,52836],[6,2,10390],[10,0,7370],[10,1,14932],[5,-1,0]],[[21231,15515,0],[4,0,12780],[12,-8,25311],[15,-4,12921],[13,-5,29847],[11,1,29847],[3,-1,7347],[5,-4,7347],[9,-6,176436],[14,2,9664],[8,0,30603],[6,2,7182],[4,0,7182],[9,3,14900],[10,4,50908],[14,1,16381],[12,-3,43905],[8,1,10110],[34,6,23529],[5,2,86900],[10,-1,14474],[5,-5,11313],[5,0,332385],[3,-7,10204],[4,-14,44923],[-5,-29,62252],[5,-7,12849],[0,-5,12849],[8,-18,0]],[[21462,15420,0],[-31,4,19614],[-14,4,69253],[-6,-3,10575],[-8,-1,26687],[-17,4,31721],[-19,-3,8987],[-4,-2,8987],[-9,0,162164],[-7,-5,19882],[-8,-13,13379],[-5,-6,42186],[-23,-12,162164],[-6,-1,8321],[-5,2,23427],[-7,-1,8963],[-12,-4,39801],[-7,1,18904],[-18,-2,10367],[-12,0,26772],[-9,3,26772],[-17,-4,18687],[-9,1,64681],[-1,-5,9972],[-4,-2,31014],[-9,1,16162],[-6,-2,9218],[-5,1,7639],[-5,-1,181721],[-6,-6,25376],[-4,-14,7840],[-4,-9,68646],[-2,-1,7242],[-6,0,12611],[-4,3,30410],[-12,-8,11154],[-5,-1,181721],[-11,0,8708],[-10,1,21524],[-10,-5,21524],[-9,4,33102],[-9,-6,33102],[-11,0,13023],[0,3,13023],[-11,2,33102],[-17,-1,13875],[-9,1,16405],[-24,-1,51678],[0,3,17819],[-19,0,0]],[[20996,15339,0],[0,18,0]],[[20996,15357,0],[-1,44,31695],[-3,28,85612],[-6,14,14656],[-6,10,11860],[-6,13,109801],[-2,14,20952],[0,13,8114],[1,7,43239],[3,9,9598],[5,9,0]],[[20981,15518,0],[12,17,43922],[21,16,13205],[8,6,27670],[15,14,12379],[5,6,0]],[[21042,15577,0],[9,-7,19306],[2,-4,7755],[4,-3,7958],[2,-3,7958],[4,-2,12196],[3,-6,43956],[10,3,0]],[[21753,14579,0],[12,0,10204],[33,4,48406],[15,0,17524],[29,-4,0]],[[21842,14579,0],[0,-4,7307],[-3,-9,17110],[-5,-9,18355],[-2,-12,8244],[-1,-3,0]],[[21831,14542,0],[-10,4,0]],[[21821,14546,0],[-67,9,0]],[[21754,14555,0],[-3,6,17368],[1,6,8176],[1,12,0]],[[22163,14503,0],[-16,12,23165],[-5,8,0]],[[22142,14523,0],[5,2,6973],[3,1,0]],[[22150,14526,0],[7,2,0]],[[22157,14528,0],[17,1,0]],[[22174,14529,0],[5,1,6973],[9,2,20804],[4,5,12334],[8,2,45776],[35,1,0]],[[22279,14534,0],[-40,-54,96029],[-14,-1,13152],[-13,0,0]],[[22212,14479,0],[-12,-2,22249],[-7,1,10150],[-6,4,0]],[[22187,14482,0],[-9,9,15804],[-15,12,0]],[[17635,21653,0],[-15,-19,25676],[-2,1,17358],[-7,-15,10266],[0,-4,211837],[5,-2,17849],[1,-10,27507],[-7,-1,18788],[1,-8,45765],[5,1,11744],[0,-5,12559],[7,1,27520],[2,-4,7168],[2,-7,81668],[-18,-13,12939],[-7,-4,45799],[3,-7,10531],[3,-2,81668],[1,-10,10122],[2,-34,17001],[3,-43,33005],[0,-21,162282],[8,-18,12599],[5,-15,15282],[2,-3,8197],[4,-10,45567],[-1,-8,22102],[6,-17,8557],[2,-8,0]],[[17640,21368,0],[-42,0,64147],[-39,-15,0]],[[17559,21353,0],[-14,37,127392],[0,54,11389],[0,10,26345],[1,19,7089],[1,21,48699],[-4,-1,38600],[3,19,8479],[1,10,8479],[4,31,248352],[-6,9,17251],[-6,5,7954],[-3,4,7954],[-4,3,27669],[-7,15,22052],[-8,7,58277],[-3,5,7795],[-4,10,17130],[1,5,30123],[-6,10,8653],[-5,6,0]],[[17500,21632,0],[-5,9,19584],[1,11,9457],[-2,4,30480],[-5,7,7997],[-3,6,0]],[[17486,21669,0],[5,8,7362],[4,7,23063],[12,10,42498],[6,-5,30224],[-11,-15,70698],[4,-5,9210],[1,-4,23131],[11,-2,40921],[5,5,7412],[4,5,32590],[12,-5,40921],[-7,-7,18330],[0,-7,40921],[7,-2,7803],[7,-4,7196],[4,-1,18232],[0,-2,9793],[6,-3,135411],[3,3,9525],[7,10,8565],[3,3,50623],[3,-3,10970],[4,4,10970],[4,0,7368],[6,1,30139],[1,4,9899],[5,-1,9899],[8,6,7848],[7,4,108893],[2,-9,34316],[4,-3,8343],[10,-5,18572],[5,2,15320],[2,-4,9258],[5,-1,0]],[[17458,22783,0],[55,-14,87369],[13,-6,26623],[19,-12,9148],[32,-20,0]],[[17577,22731,0],[-14,-50,200052],[-38,-29,48183],[-27,-26,10867],[-18,-18,29620],[-3,-10,29620],[-6,0,8636],[-5,2,22947],[-4,-7,103327],[-36,-39,15425],[-15,-17,8188],[-23,-26,520963],[38,-32,8936],[30,-26,15602],[17,-14,436980],[-54,-83,92627],[-34,-19,92627],[-8,-14,39351],[0,-33,92627],[-46,-72,9905],[-7,-11,916697],[8,0,23068],[5,-2,10749],[5,-7,23068],[7,-2,13317],[23,-10,21609],[9,-6,13538],[17,-7,51086],[8,-9,98354],[5,-3,7057],[2,0,7057],[13,-6,12759],[17,-5,14323],[49,-20,19008],[55,-21,716551],[6,-4,25679],[-3,-15,109902],[-6,-12,15287],[-7,-22,18998],[-3,-4,9158],[-5,-13,25127],[-6,-21,25127],[-9,-14,31947],[-16,-35,21642],[-2,-9,13977],[-6,-11,13977],[-6,-14,8808],[-2,-4,7653],[-6,-14,246456],[-13,-23,50087],[-11,-12,20240],[-5,-3,9136],[-12,-10,9136],[-7,-5,50087],[-8,-13,17317],[-11,-12,11097],[-12,-16,20789],[-3,4,20789],[-2,-10,13594],[-4,-4,0]],[[17388,21813,0],[-5,5,10624],[-10,11,26628],[-17,14,14462],[-10,5,14462],[-3,5,110326],[1,24,70410],[-4,9,7067],[-8,17,38772],[-11,11,8817],[-6,6,191729],[-22,4,22671],[-14,4,12385],[-6,3,50575],[-12,-3,10073],[-5,-2,0]],[[17256,21926,0],[-6,0,15973],[-10,6,52584],[-3,4,8939],[-5,11,20173],[-7,9,10218],[-5,4,10218],[-2,6,206035],[-12,4,13123],[-8,5,16703],[-11,3,40620],[-11,9,22255],[-15,6,23569],[-6,3,7085],[-6,6,60925],[-13,3,9106],[-10,3,9106],[-5,1,40138],[-7,5,12227],[-4,7,40138],[-5,1,9712],[-11,1,29160],[-11,6,9715],[-9,4,69315],[-4,4,12865],[-4,10,69315],[-13,7,20752],[-19,6,29194],[-5,3,7003],[-2,4,41669],[-5,2,10036],[-14,2,20813],[-12,5,7924],[-6,2,111085],[-10,8,17726],[-1,7,30099],[-8,7,9233],[-8,5,9233],[-14,13,111085],[-17,10,19156],[-14,6,13500],[-8,6,13500],[-9,3,65505],[-9,-2,25745],[-11,1,14246],[-11,4,247102],[-6,4,7146],[-6,6,34890],[-4,8,18654],[-21,28,0]],[[21300,16190,0],[7,-5,7434],[14,-7,12066],[4,-1,0]],[[21325,16177,0],[-7,-9,29962],[-5,-17,20290],[-5,-12,7571],[-5,-10,41251],[-2,-8,10104],[0,-8,0]],[[21301,16113,0],[-4,0,14819],[-17,10,0]],[[21280,16123,0],[7,21,20330],[3,19,7929],[3,12,34131],[7,15,0]],[[21304,15956,0],[6,35,66414],[-3,32,26609],[-7,28,0]],[[21300,16051,0],[19,0,58771],[20,29,86583],[9,0,16907],[4,3,9121],[5,2,24272],[9,0,7530],[5,-2,18322],[1,4,18322],[9,-2,9214],[4,1,254613],[1,-3,7082],[4,-2,16888],[12,-2,16888],[7,-4,9492],[5,-1,11056],[8,-6,10985],[3,0,30322],[6,-6,8441],[5,-4,19530],[7,-2,7120],[4,-2,124692],[10,2,32339],[15,-5,8534],[4,-2,8233],[5,0,8534],[4,-2,32339],[19,-4,14007],[27,-5,47981],[9,0,7069],[15,0,746664],[8,-4,20346],[3,-4,7938],[6,-8,67175],[0,-9,10497],[3,-8,36945],[4,-11,8252],[2,-2,18446],[3,-10,11957],[8,-18,181193],[8,-6,18143],[7,-13,18143],[11,-10,15650],[4,-7,51285],[14,-11,15789],[8,-3,74526],[8,-11,18955],[7,-9,9594],[11,-10,31345],[8,-15,14012],[2,-6,30932],[8,-3,18884],[3,-3,9090],[1,-6,99193],[15,2,11116],[2,-1,99193],[33,-67,61844],[19,-21,264083],[5,-31,32085],[14,-46,0]],[[21746,15667,0],[-9,5,22064],[-5,4,7088],[-10,9,10066],[-4,4,75205],[-8,4,16245],[-12,3,10185],[-10,3,36339],[-12,1,11148],[-10,-1,262047],[-3,3,8780],[-11,8,12664],[-6,3,55664],[-19,16,17004],[-4,1,10911],[0,4,23212],[-5,2,7761],[-4,2,10873],[-2,6,10820],[-3,-1,23212],[-2,7,23212],[-3,1,9133],[-6,8,12599],[-7,5,8050],[-6,6,21081],[-8,9,10149],[-9,9,51894],[-10,3,21519],[-7,9,10223],[-3,2,147118],[-5,16,14240],[1,6,14240],[-5,6,68499],[-31,16,68499],[-5,8,15757],[0,8,15877],[-2,5,7282],[-5,7,64938],[-21,9,15628],[-6,1,64938],[-7,10,8263],[-4,4,21139],[-4,12,21139],[-5,3,11159],[-1,5,7538],[-3,1,398187],[-7,-1,10217],[-12,-4,79981],[-2,1,8534],[-4,6,10869],[-5,3,24578],[-15,3,24578],[-7,7,17058],[-10,2,11836],[-3,4,34092],[-6,1,8166],[-5,-1,23157],[-5,4,7331],[-4,3,10291],[-5,2,79981],[-10,-4,43613],[-4,0,8377],[0,3,8377],[-6,3,22655],[-10,-2,22655],[-9,2,10109],[-12,5,0]],[[21601,16603,0],[72,65,0]],[[21673,16668,0],[142,103,0]],[[21815,16771,0],[306,-175,0]],[[22121,16596,0],[-123,-75,62388],[-10,-3,10044],[-3,1,23976],[-11,-6,12167],[-3,-3,462864],[0,-4,7955],[-3,-9,32608],[6,-12,8392],[2,-1,8392],[2,-6,46767],[-4,-5,8274],[-4,-9,48209],[0,-8,8466],[-1,-8,11925],[3,-7,11925],[-3,-1,22271],[1,-8,10324],[2,-5,10324],[0,-7,22271],[-2,-10,40990],[2,-8,10163],[4,-12,32363],[2,-12,16025],[-2,-7,7082],[0,-6,284471],[-14,-2,21947],[-11,4,18483],[-10,-2,163928],[1,-6,13650],[-5,-9,17005],[0,-5,9904],[-2,-10,9904],[-2,-12,29912],[-3,-4,8388],[-4,-10,24194],[-2,-10,9854],[0,-8,96607],[-7,-2,8578],[-3,1,53801],[-2,-13,16921],[-7,-15,34884],[-6,-4,21297],[-6,-15,0]],[[21893,16243,0],[-6,2,11338],[-14,9,34335],[-15,7,15457],[-9,1,15899],[-7,-4,15899],[-1,6,285795],[-7,5,12283],[-2,5,12283],[-9,11,8162],[-5,6,20732],[-9,14,64895],[-6,11,8996],[-4,11,18171],[-10,14,19638],[-12,26,142053],[-7,10,17565],[-4,1,8580],[-5,5,50098],[-1,13,14872],[-5,19,50098],[2,7,19230],[-2,2,10350],[-6,-2,26531],[-1,-4,10983],[1,-10,21568],[-5,2,50098],[-3,3,7940],[-12,18,7940],[-11,14,32294],[-10,14,8510],[-29,45,75024],[-3,1,9563],[0,6,9563],[-3,3,14593],[-3,13,75024],[-69,76,0]],[[20653,17121,0],[3,0,12408],[16,8,18233],[16,10,17094],[11,4,31714],[11,6,11612],[7,5,141689],[23,23,24644],[8,9,9319],[10,13,32635],[8,7,13001],[4,5,7349],[10,11,15500],[4,5,9144],[5,3,9144],[12,11,84983],[11,9,7714],[2,2,18177],[23,14,209375],[10,17,13325],[3,4,7792],[8,13,43263],[4,9,13464],[-1,7,15710],[5,10,61987],[12,14,22788],[3,8,19875],[11,12,142779],[13,8,13854],[8,2,13854],[10,6,21106],[14,5,0]],[[20937,17381,0],[6,1,7665],[12,2,29442],[16,8,16984],[11,2,11297],[9,4,222545],[9,-19,12268],[6,-16,77302],[-12,-14,13259],[-2,-6,6984],[-3,-3,77302],[1,-8,11257],[4,-4,12241],[3,-8,7307],[2,-9,15532],[5,3,15532],[-2,-9,52453],[-7,4,7798],[-1,-1,12705],[-5,6,12705],[-2,-3,52453],[3,-11,20216],[-1,-9,9679],[2,-5,9679],[0,-16,22061],[3,-14,222545],[15,3,8561],[6,1,97003],[1,-8,8075],[0,-10,8379],[2,-14,10615],[1,-9,42878],[2,-6,7726],[5,-7,21486],[0,-5,9626],[2,-9,97003],[11,-1,12349],[4,-3,65657],[2,-13,33654],[4,-10,14618],[2,-5,8639],[6,-16,23026],[5,-6,220371],[5,-42,36784],[4,-86,0]],[[21071,17010,0],[-7,-3,31217],[-20,-21,12155],[-4,-3,12155],[-6,-8,27261],[-13,-10,115614],[-36,-45,38564],[-8,-17,54861],[-21,-27,9938],[-5,-7,23369],[-11,-12,12233],[-13,-15,184112],[-9,-7,7307],[-10,-9,14747],[-9,-5,19315],[-3,-4,7798],[-9,-8,19315],[-10,-6,8401],[-2,-5,8401],[-1,2,8401],[-4,-3,30993],[7,-8,27864],[-7,-4,9351],[-1,-3,27864],[-4,5,10034],[-2,6,27864],[-8,-5,13538],[-2,-3,7914],[-5,-4,13538],[-6,-2,0]],[[20587,15585,0],[-1,1,12326],[0,18,7210],[1,4,20663],[2,6,62422],[0,4,7463],[-3,4,9640],[-3,8,27115],[-8,9,10012],[-5,7,162210],[-12,2,22219],[-8,-2,15187],[-12,0,50324],[-1,4,18783],[-3,0,8114],[-7,-6,14147],[0,-3,18783],[-21,-7,162210],[-5,0,7180],[-3,2,28311],[0,4,7393],[1,8,11224],[-2,4,76293],[-14,6,27570],[-5,-1,7837],[-7,-2,47072],[-4,2,11759],[-4,10,20813],[-7,3,47072],[-5,-4,7531],[-5,-2,16726],[-6,1,95103],[-5,6,13944],[0,6,13944],[-4,6,9477],[0,4,35860],[-6,4,7506],[-2,4,12335],[-4,0,0]],[[20419,15695,0],[-9,8,11828],[-3,0,37077],[-7,12,18286],[3,1,12681],[2,-5,8796],[2,-1,18286],[4,5,17259],[-4,6,37077],[6,7,24459],[-3,3,10807],[-7,2,24459],[-2,3,7588],[-2,5,10916],[1,3,8565],[-2,5,23152],[-5,1,13660],[0,7,13660],[-5,8,90054],[2,10,7267],[3,4,7267],[0,4,10105],[-2,2,9430],[3,2,82571],[-4,3,9361],[-1,-2,13258],[-4,5,27433],[5,7,10391],[0,3,29111],[-4,5,7177],[-2,5,11977],[-3,2,9270],[-4,6,34176],[-2,9,9217],[2,4,9217],[-2,2,11708],[-3,12,28467],[-7,8,0]],[[20365,15856,0],[0,3,10568],[7,4,10342],[0,-2,24325],[3,0,7567],[7,-3,14909],[10,2,59921],[6,-3,9381],[7,-1,10787],[9,-4,31777],[2,2,10100],[7,0,7808],[4,1,31777],[10,-3,10335],[2,0,10335],[14,-3,7879],[6,-2,121204],[4,4,12608],[11,5,18782],[13,9,11867],[2,3,257362],[9,-9,30493],[11,-6,9301],[6,-2,11203],[9,-5,87614],[7,-11,12159],[6,-13,21607],[5,-9,7251],[2,-1,7251],[13,-20,0]],[[20557,15792,0],[9,-3,8678],[7,-3,8678],[14,-5,23856],[26,-11,12294],[6,-4,12294],[14,-5,118138],[12,-14,18310],[14,-19,13189],[7,-9,148278],[9,0,8874],[10,0,15012],[7,-2,15012],[18,-1,8102],[6,0,20837],[9,-2,82304],[-10,-7,10872],[-8,-3,42222],[4,-13,78059],[7,0,14114],[29,3,16214],[6,-1,0]],[[20753,15693,0],[-1,-6,9050],[-1,-21,52283],[1,-9,8866],[2,-16,19005],[5,-18,17829],[3,-19,10491],[0,-7,118641],[3,-9,8422],[3,-6,17800],[0,-9,17800],[3,-9,10049],[1,-1,7302],[4,-10,32085],[4,-21,9964],[2,-6,9964],[-1,-4,9178],[2,-7,25270],[4,-4,25270],[0,-3,7091],[2,-5,7091],[3,-11,9788],[2,-2,8344],[3,-10,18471],[2,-14,64968],[0,-7,8389],[-2,-3,0]],[[20797,15456,0],[-6,7,34730],[-9,-7,13925],[-9,-3,37199],[-7,3,7857],[-3,-1,7857],[-3,3,23400],[-12,-1,10158],[-4,1,197363],[-4,6,8164],[-4,2,16893],[-8,3,14713],[-5,6,52388],[4,8,11160],[2,7,52388],[-5,5,8466],[-13,17,47325],[0,4,11588],[-7,9,11588],[-3,6,11117],[-8,13,17696],[-3,3,11687],[-6,10,17696],[-1,10,17696],[-5,3,9579],[-1,4,244669],[-8,5,7643],[-4,4,7447],[-4,2,14165],[-5,5,24956],[-12,4,14498],[-4,4,105946],[-6,1,11877],[-17,-3,24148],[-10,3,53881],[-6,-3,12040],[-6,-7,13840],[-8,-4,0]],[[21951,14309,0],[-1,3,7572],[-2,12,20809],[-2,3,7339],[-5,7,20809],[1,8,0]],[[21942,14342,0],[1,3,0]],[[21943,14345,0],[3,-1,7093],[6,1,11548],[5,2,0]],[[21957,14347,0],[2,-2,8369],[2,-12,10718],[0,-5,16109],[4,-1,12381],[0,-7,37379],[-2,-12,7729],[-1,-4,71376],[6,-2,21714],[8,-8,11726],[5,-8,0]],[[21981,14286,0],[1,-7,0]],[[21982,14279,0],[-8,-5,21243],[-10,2,0]],[[21964,14276,0],[-4,15,22642],[-9,18,0]],[[22123,14537,0],[13,-9,0]],[[22136,14528,0],[-7,-16,0]],[[22129,14512,0],[-9,-18,0]],[[22120,14494,0],[-11,9,10342],[-8,9,0]],[[22101,14512,0],[4,6,7411],[3,7,24035],[15,12,0]],[[14285,23002,0],[-217,61,7782],[-2,1,327154],[-162,-33,658512],[-80,91,131218],[-123,106,1441122],[-100,-30,269604],[-175,-170,504109],[-101,-222,0]],[[15824,22206,0],[-77,-66,413376],[-169,36,90649],[-105,13,63238],[-66,15,413376],[-41,-10,59140],[-119,-41,104458],[-128,-30,364310],[-113,5,93333],[-48,21,93333],[-44,-10,1320791],[-20,-42,90725],[-71,-85,463727],[0,-24,97128],[15,-35,7617],[14,-31,43565],[7,-14,8444],[14,-26,27448],[16,-26,42060],[-1,-6,274542],[43,-9,34707],[36,-3,0]],[[14967,21838,0],[-2,-6,8420],[-11,-40,56161],[-17,-43,8093],[-7,-17,44916],[1,-5,22050],[-3,-3,8445],[-3,0,8445],[-9,-5,44916],[3,-11,19170],[-2,-10,277141],[42,-56,142606],[-1,-76,0]],[[14958,21566,0],[-3,4,11654],[0,2,7403],[-5,0,7531],[1,4,7531],[-3,-2,7531],[-4,3,81259],[-41,-3,39809],[-49,1,134232],[-41,24,52674],[-36,10,251732],[-41,-11,92115],[-12,31,76428],[28,7,92115],[-14,13,8638],[-32,32,75128],[-2,1,7084],[5,2,7084],[9,7,9865],[5,2,10660],[13,10,8520],[7,6,75128],[0,3,15997],[-16,0,58144],[-11,-8,14689],[-10,-5,22835],[-3,-6,39234],[-12,2,9257],[-4,-1,26814],[-4,-7,75128],[-9,8,10196],[-15,17,251732],[-2,10,9387],[-2,4,28609],[-5,1,10960],[-3,-4,21003],[2,-5,7343],[0,-4,28609],[-5,1,10958],[-2,4,14868],[-7,0,10760],[-2,2,37582],[-5,-2,9488],[-4,-4,10786],[-4,-1,37582],[-7,8,9677],[-4,3,97017],[-3,-4,12391],[2,-6,18026],[-2,-3,8529],[-4,-1,27976],[0,-3,7346],[2,-6,8234],[0,-5,64485],[-6,-1,16397],[-2,-6,9799],[-3,-2,28021],[-15,-1,97017],[-8,11,20296],[-6,-1,15099],[-5,6,35866],[-2,9,10983],[2,1,0],[5,-2,0],[4,-2,10503],[0,5,18409],[-3,2,8535],[-10,3,36244],[0,6,9632],[1,6,13191],[4,3,13191],[-2,7,74521],[-3,-1,13410],[-6,6,13410],[-7,2,8048],[-3,0,53225],[-9,13,14514],[-3,1,7639],[-3,4,29376],[-3,12,148347],[5,12,12782],[10,26,42336],[1,8,10267],[-1,12,165034],[-4,12,20441],[-6,9,8131],[-6,7,44790],[-21,22,11988],[-11,12,296530],[-4,4,7631],[-6,3,29925],[-8,2,13565],[-8,-1,7500],[-6,-1,68895],[-27,-10,9119],[-12,-5,296530],[-3,1,12154],[-8,10,12154],[-17,17,45585],[-5,1,8552],[-5,-2,7378],[-3,1,92260],[-3,6,11989],[1,3,8979],[3,-3,12174],[-1,15,24897],[-3,12,11526],[-3,2,62894],[-14,-6,13492],[-3,1,62894],[-2,11,28619],[-6,11,11399],[-8,10,177921],[0,4,12046],[6,8,29126],[4,2,8575],[5,0,20158],[0,8,16602],[6,1,47603],[1,-10,20229],[-2,-5,7150],[-4,-8,55328],[2,-4,17508],[10,2,26133],[6,-10,26133],[12,-7,15977],[8,-8,96156],[6,-2,13366],[3,4,33953],[-2,4,12198],[2,3,10039],[-2,5,19676],[3,4,9059],[0,4,177921],[-4,5,11461],[-1,7,14469],[-6,9,34556],[-23,28,39618],[2,6,11382],[-2,3,39618],[-17,16,12726],[-7,9,177921],[-3,-2,15982],[-11,5,32954],[-3,-3,12838],[5,-4,12838],[2,-13,31050],[4,-1,13782],[0,7,11541],[3,-1,32954],[2,-24,23246],[-1,-4,7581],[-2,-1,87999],[-15,12,43333],[-7,-1,17358],[-4,-8,15037],[-4,0,190199],[-54,41,27057],[-2,3,8706],[-4,0,18102],[-8,7,9741],[-4,6,55830],[0,4,10229],[-4,3,10229],[-3,8,55830],[-6,4,11805],[-9,2,20706],[-11,7,11479],[-5,4,26243],[-4,1,9143],[-6,-2,9143],[-2,2,26243],[-1,6,11563],[-3,3,527372],[-7,-11,13836],[-5,-5,14733],[-4,-7,7282],[-6,-8,28552],[-8,-2,16170],[-7,-7,11177],[-5,-2,22014],[4,8,20122],[10,4,28552],[7,6,11736],[11,14,60822],[-4,6,19591],[0,15,26850],[-5,10,13509],[-4,15,86384],[4,1,23251],[5,-11,10427],[5,-8,27285],[3,1,13485],[-3,8,29084],[8,1,10642],[7,-1,49949],[0,-10,34775],[8,-10,12677],[-1,-2,12677],[7,-4,21552],[0,-6,11189],[2,-5,18769],[6,-2,49949],[2,5,12216],[-1,8,20818],[-3,11,36447],[8,3,31345],[1,4,10894],[-4,2,16401],[-6,0,16401],[-9,6,102190],[2,16,26410],[-3,11,7841],[-2,7,31327],[4,8,62128],[-1,7,11943],[-4,11,20983],[-6,8,19024],[-1,8,10356],[-2,6,217698],[-47,-15,168661],[-10,67,53579],[-3,10,14167],[-7,13,1235752],[-16,13,33611],[-13,8,15469],[-17,7,132144],[-19,5,21148],[-18,3,12154],[-14,1,44412],[-25,-1,100619],[-26,22,28004],[-11,5,85073],[-41,0,27030],[-7,3,387225],[-3,8,15987],[-1,13,43093],[-2,2,7518],[-1,6,15315],[-8,9,9303],[-5,9,30359],[-1,9,13938],[-4,6,74218],[-5,5,7953],[-5,4,25919],[-3,10,7663],[-3,5,23305],[-7,5,45563],[-5,10,17246],[1,7,27834],[-10,15,153997],[1,7,8810],[0,11,28672],[6,11,8099],[3,6,91447],[-1,6,13832],[-7,12,30828],[1,8,11078],[-1,8,33815],[-4,10,9226],[-6,10,9074],[-2,5,153997],[-6,8,17916],[-11,6,31547],[-5,11,10049],[-4,6,57624],[-17,-1,358412],[-20,-30,40229],[-25,-51,440857],[-259,79,653814],[-168,192,0]],[[17388,21813,0],[8,-5,14110],[8,0,14110],[4,-4,93561],[4,-28,43267],[3,-2,8009],[8,-3,51150],[3,-8,16876],[-1,-14,16876],[0,-11,7788],[2,-6,32274],[5,-9,0]],[[17432,21723,0],[-13,-9,21007],[-7,1,16259],[-10,-7,81113],[-1,1,7658],[2,-7,33175],[-19,7,7783],[-3,1,7259],[-9,5,56561],[-12,10,13576],[-5,2,29555],[11,-16,29555],[-7,-3,21810],[-21,4,33562],[-9,-5,109184],[-11,2,22210],[-3,6,8050],[-3,2,55377],[-35,3,7456],[-15,1,109184],[-40,-19,10080],[-3,-1,0]],[[17219,21701,0],[-2,4,0]],[[17217,21705,0],[-10,20,51198],[17,8,52168],[-11,21,94267],[-31,15,253658],[16,24,7508],[15,21,31719],[7,-1,24334],[3,12,120912],[-2,8,10308],[-4,7,47087],[8,16,18646],[4,5,7094],[2,1,49991],[-5,9,21073],[-1,13,105231],[4,2,10824],[4,7,14643],[7,3,34287],[1,9,7216],[1,6,34287],[3,2,10529],[9,1,29681],[1,3,7237],[1,9,0]],[[17432,21723,0],[5,-3,10825],[8,-2,12913],[11,-6,8609],[8,-4,77425],[4,-5,16411],[-1,-9,10453],[2,-6,39257],[11,-10,18188],[6,-9,0]],[[17500,21632,0],[-5,-4,16152],[-9,0,46034],[-4,-9,10419],[1,-1,10419],[-5,-7,28962],[-9,-2,27924],[-5,-6,13940],[-4,-11,68811],[10,-3,7295],[3,-2,46837],[-4,-8,20409],[-14,-11,68811],[-7,-2,14846],[-7,-1,7809],[-10,1,18766],[-8,-3,121419],[8,-11,31983],[-6,-12,22399],[4,-5,7320],[-1,-2,61840],[-11,-8,11459],[0,-2,11459],[-7,-3,0]],[[17410,21520,0],[-9,-3,30001],[-6,-8,15095],[-10,-10,9129],[-7,-6,151888],[-4,4,11082],[-5,0,11082],[0,4,36109],[-2,10,7915],[-1,0,9446],[-6,22,86744],[1,4,9399],[-2,7,17429],[3,7,37640],[6,0,11832],[1,3,11832],[7,3,74724],[1,6,21873],[-6,3,10034],[-7,0,31027],[8,7,31027],[-3,4,10383],[0,6,13079],[-6,11,222283],[-11,0,16293],[6,4,16293],[-16,13,49352],[-32,3,31829],[1,5,49352],[-40,23,147611],[-33,-20,0]],[[17238,21622,0],[-4,-2,11344],[-3,3,11344],[-4,-1,9047],[-6,1,91825],[2,21,8939],[2,38,7129],[0,9,52850],[-6,10,0]],[[17715,21708,0],[-1,3,7920],[2,11,18800],[3,6,14720],[-1,5,7097],[0,5,14720],[3,9,11803],[0,8,8838],[1,3,67190],[-1,11,11333],[1,7,8515],[0,4,33379],[-5,5,10000],[-4,8,443535],[7,2,7077],[20,7,49627],[3,3,8244],[8,15,49627],[14,9,10683],[13,11,34695],[23,12,11486],[5,3,44166],[20,19,223182],[56,19,51008],[41,6,73940],[17,6,17392],[11,7,31425],[44,14,190048],[2,2,9393],[18,15,37726],[8,3,10690],[14,7,27609],[7,9,27609],[16,11,10914],[6,4,7799],[13,9,517383],[8,-9,8770],[25,-25,41437],[14,-10,9776],[15,-11,82713],[4,3,24643],[15,-7,14157],[5,-1,503683],[12,6,15152],[17,12,28035],[21,18,28035],[50,35,113811],[32,-8,104899],[3,53,140757],[11,6,23213],[18,16,23213],[30,22,40010],[53,44,94369],[19,3,18160],[30,8,94369],[12,15,27954],[4,16,16860],[4,2,0]],[[18481,22174,0],[52,-72,0]],[[18533,22102,0],[93,-24,94212],[57,1,0]],[[18683,22079,0],[121,-41,374872],[40,-103,19779],[8,-20,207634],[16,-19,7346],[54,-61,11518],[11,-11,11122],[18,-21,687030],[-3,-52,18487],[-2,-36,8276],[-3,-32,33484],[-4,-38,184157],[-16,-29,9373],[-7,-12,16270],[-16,-28,0]],[[18900,21576,0],[-54,15,55478],[-5,1,9559],[-10,-1,15625],[-7,-3,112764],[15,-26,41897],[-10,-1,113000],[-88,-39,31714],[-19,-5,26167],[-25,-13,376839],[-6,-11,20047],[-8,-6,12435],[-6,-8,28458],[-2,-8,11046],[-1,-2,7325],[-3,-6,21715],[-7,-7,100075],[-7,0,12856],[-3,3,16492],[-9,-1,16492],[-3,4,27980],[-2,0,7538],[-7,-3,100075],[-21,-21,9998],[-37,-36,260338],[-38,-18,7410],[-20,-10,31209],[-29,-13,7215],[-34,-15,7215],[-39,-18,141854],[-11,-9,9220],[-50,-36,9753],[-26,-19,91899],[-12,-5,9259],[-34,-13,0]],[[18282,21246,0],[1,21,17560],[-1,16,11217],[0,24,0]],[[18282,21307,0],[-1,33,58978],[-12,13,7555],[-5,6,199760],[-37,-13,9958],[-6,-3,56164],[-1,13,25466],[-7,-5,64145],[-6,-1,7527],[-9,-4,8394],[-9,-3,8394],[-32,-12,12755],[-4,-1,258182],[-2,17,49787],[2,7,14303],[6,6,22753],[0,6,7215],[1,5,22753],[7,7,16958],[1,9,80367],[-5,5,15616],[-7,15,145552],[-3,1,17493],[-5,-10,13208],[0,-4,43012],[-13,-11,10324],[-2,-4,10324],[-6,-3,25852],[-2,-4,16770],[-8,-3,8047],[-6,-1,145552],[-19,12,19434],[-14,10,8833],[-9,7,83190],[-3,5,7041],[-3,5,26701],[1,5,9051],[3,4,22587],[-5,12,522833],[-38,-10,16450],[-5,1,13199],[-12,-4,129744],[-13,-14,21580],[-15,-12,6985],[-8,-7,67248],[7,-15,67248],[-31,-13,9809],[-10,-5,213937],[-10,19,9801],[-12,20,11879],[-5,9,11879],[-13,21,21543],[-5,17,21543],[-6,4,7263],[-1,2,163228],[-19,-2,12560],[-3,1,52059],[-4,10,7873],[-3,2,7873],[-2,7,68202],[-3,-2,11692],[-1,-6,22308],[-6,-1,8850],[1,2,7109],[-4,0,23751],[-3,-2,10632],[0,-6,213937],[4,-20,9425],[2,-6,33999],[4,-8,8535],[9,-18,33999],[14,-37,17268],[8,-23,0]],[[17879,21332,0],[-8,-3,32977],[-4,14,8517],[-3,6,96179],[-16,-9,11028],[-10,-7,10453],[-9,-4,21148],[-9,-8,13841],[-12,-7,200331],[-10,13,20104],[0,3,12981],[-9,17,27617],[-7,8,7071],[-6,6,54298],[-7,15,15680],[-4,15,9468],[-1,3,105136],[-12,-4,16917],[-7,-7,16917],[-1,6,0]],[[17744,21389,0],[-2,12,19501],[2,9,24597],[-1,10,7181],[-1,4,19083],[1,11,16252],[-3,16,76525],[-6,6,26948],[-1,5,10161],[-5,10,15910],[-2,13,15910],[-4,6,76525],[-2,19,12790],[-1,21,19534],[-4,15,18139],[-1,20,215308],[3,10,21967],[6,-2,21967],[9,9,55779],[15,-8,27272],[5,-1,8613],[4,1,8613],[9,-1,53684],[-1,9,14017],[2,4,215308],[-8,11,11799],[-3,1,9984],[-4,7,29194],[-1,9,12780],[-3,1,12780],[-6,9,9079],[-1,4,32342],[-7,5,24535],[-4,7,12943],[-10,15,115686],[-1,5,8530],[-1,13,8530],[-3,26,20504],[1,8,0]],[[17324,21261,0],[-10,20,12447],[-8,18,7311],[-5,11,16552],[-8,13,16552],[-3,11,66182],[-3,6,7330],[1,2,7330],[-2,4,7330],[-13,33,16825],[-3,5,13527],[-3,9,8377],[-7,19,33513],[-12,35,268612],[9,3,21009],[4,9,34789],[-2,5,13665],[-7,1,34789],[9,32,33808],[4,0,17127],[-1,6,7565],[1,6,17127],[5,5,14208],[0,6,10709],[3,2,178100],[-3,5,9843],[-1,9,16059],[2,0,9463],[-2,9,28048],[5,3,56257],[-2,5,8583],[-3,10,12153],[0,8,10955],[-3,2,10955],[-4,13,29641],[-7,-4,21123],[-1,8,8839],[2,3,24964],[11,3,29641],[-1,6,15596],[-3,0,10035],[-5,5,96845],[-5,-4,8444],[-5,-1,40051],[-7,12,12041],[2,2,11251],[-5,6,0]],[[17410,21520,0],[6,-16,28504],[-5,-2,12562],[4,-4,16829],[9,5,33570],[5,-12,10142],[8,-17,97386],[3,-9,12434],[1,-12,15894],[7,-24,7158],[1,-7,30074],[4,-26,9291],[2,-9,149500],[20,0,84810],[21,-49,22974],[5,-8,0]],[[17501,21330,0],[-34,-14,7250],[-36,-14,44684],[-62,-29,80888],[-45,-12,0]],[[17842,22577,0],[8,-3,11050],[16,-6,29636],[8,-9,42047],[12,-2,17975],[8,3,42047],[3,0,7368],[1,-4,15090],[0,-9,0]],[[17898,22547,0],[30,-20,9584],[19,-12,35700],[59,-36,11958],[66,-41,256604],[113,-22,143862],[97,-48,491759],[56,-49,16878],[11,-11,111069],[55,-36,23030],[2,4,23030],[8,-4,9530],[7,-6,23030],[-3,-4,51143],[4,-2,8709],[16,-8,18929],[3,2,6993],[3,0,18929],[4,-3,8097],[1,-4,8097],[3,-1,233352],[2,-17,7051],[1,-16,69782],[26,-39,0]],[[17715,21708,0],[-6,1,8059],[-3,-2,12705],[-12,2,20628],[-3,-1,9319],[-10,-1,20628],[-6,1,8022],[-11,-1,7295],[-7,1,60387],[-13,-3,24451],[-4,-7,144491],[0,-4,7247],[3,-4,15492],[-3,-5,15492],[1,-20,10763],[1,-6,10763],[-1,-7,41000],[-6,1,0]],[[17577,22731,0],[45,-28,29136],[100,-67,130721],[25,-1,90458],[9,-10,32934],[31,-14,36549],[15,3,18323],[7,-3,36549],[0,-5,9447],[-3,-4,45793],[13,-7,21108],[18,-14,7166],[5,-4,0]],[[17744,21389,0],[-6,-2,10401],[-23,-2,34671],[0,-6,11262],[-4,5,11262],[-69,-16,14995],[-2,0,0]],[[16881,21805,0],[16,9,9334],[18,11,118767],[12,-5,8259],[29,-13,44042],[29,-5,282990],[33,-27,8445],[27,-23,97366],[42,-21,7062],[39,-21,128434],[24,-34,324700],[45,19,35158],[6,-6,35158],[16,16,0]],[[17324,21261,0],[-13,-4,31316],[-5,-2,9563],[-34,-17,7893],[-10,-5,214542],[5,-39,101100],[-16,-42,28235],[-16,-36,173314],[-50,-37,0]],[[17185,21079,0],[1,16,8454],[1,27,133745],[-7,12,19057],[-15,27,7789],[-9,16,7789],[-30,54,271283],[-3,3,7682],[-5,8,15632],[-36,44,15632],[-41,51,63403],[-2,5,7939],[-4,4,27192],[8,8,31694],[-4,5,11249],[-3,10,63403],[-10,-1,19521],[-9,-6,98119],[-24,35,16102],[-18,30,16102],[-2,2,550647],[-2,23,37041],[-3,10,10235],[-11,40,119946],[-5,61,50637],[0,77,16630],[-1,12,10768],[2,0,50637],[-4,18,14398],[-1,17,300319],[-48,69,80762],[-10,10,17948],[-10,4,66376],[12,17,49400],[-11,18,0]],[[17559,21353,0],[-58,-23,0]],[[18282,21307,0],[-24,-2,25979],[-16,-6,113968],[-13,-9,9740],[-20,-15,17308],[-8,-8,74662],[-11,-5,11640],[-14,-8,17822],[-11,-6,7534],[-7,-3,30443],[-13,-10,12229],[-11,-6,30443],[-18,-6,240512],[-16,-19,12502],[-21,-27,31332],[-4,-3,7083],[-4,-5,12111],[-4,-3,8455],[-6,-6,15500],[-4,-6,103407],[16,-4,10264],[5,-3,92879],[-4,-5,7979],[-7,-13,21531],[-2,-2,9026],[0,-7,9578],[-2,-4,65064],[-10,1,36255],[-8,-4,8961],[-1,-3,7036],[-5,-3,20580],[-6,-8,205343],[-5,-1,11775],[-8,3,19386],[-8,0,12694],[-18,1,36809],[-7,-1,8163],[-2,-3,8163],[-6,0,0],[-3,8,8083],[-4,9,20289],[-7,13,7010],[-4,6,15514],[-8,17,31286],[-1,7,11327],[-5,14,31286],[-6,3,12419],[-4,4,7161],[-1,3,153775],[0,6,8132],[1,6,8132],[3,18,34913],[4,5,14139],[1,5,7354],[3,6,7745],[1,5,56200],[-1,4,7413],[-1,8,9084],[-2,8,218041],[-6,3,8093],[-6,5,28769],[-2,7,11356],[-5,9,28769],[-10,10,16067],[-7,12,10078],[-8,9,25260],[-10,5,25260],[-10,12,14169],[-2,7,0]],[[16881,21805,0],[-25,32,41318],[-15,9,69683],[-4,9,20202],[4,5,20202],[-4,9,142582],[-32,15,41939],[-15,3,7738],[-19,4,0]],[[16771,21891,0],[-1,21,7014],[-1,32,101669],[-6,1,44781],[-18,53,74225],[-5,42,30144],[-6,17,0]],[[22179,14398,0],[1,-1,7290],[12,3,0]],[[22192,14400,0],[3,-8,13303],[10,-20,0]],[[22205,14372,0],[3,-10,0]],[[22208,14362,0],[-8,-1,21451],[-6,9,34353],[-1,0,7066],[-1,-6,13487],[-6,-3,0]],[[22186,14361,0],[0,3,0]],[[22181,14374,0],[0,3,7120],[2,8,12173],[-2,5,15191],[-6,7,15191],[4,1,0]],[[22103,14604,0],[18,-3,11634],[1,-1,0]],[[22122,14600,0],[-4,-8,10746],[-4,-11,0]],[[22110,14571,0],[-6,2,0]],[[22104,14573,0],[-11,6,0]],[[22093,14579,0],[2,2,12006],[8,15,21455],[-3,1,12234],[3,7,0]],[[22046,14628,0],[3,-3,8883],[6,-1,8883],[11,-5,13291],[6,-5,12063],[4,1,0]],[[22076,14615,0],[3,-3,20035],[-2,-3,8361],[-5,-2,9864],[-2,-4,21491],[4,-3,16899],[-4,-7,0]],[[22046,14597,0],[-1,8,7548],[-1,4,18811],[3,6,23929],[-4,0,14009],[-3,3,8349],[2,2,7845],[-2,2,23929],[6,6,0]],[[21772,14668,0],[6,-2,0]],[[21778,14666,0],[52,-14,0]],[[21830,14652,0],[16,-4,7598],[5,-1,0]],[[21853,14647,0],[-2,-4,14207],[-2,-21,24630],[-4,-1,10865],[0,-5,7777],[-2,0,24630],[0,-5,7131],[1,-10,0]],[[21844,14601,0],[-13,1,0]],[[21831,14602,0],[-8,3,9441],[-9,6,21502],[-13,10,34767],[-15,7,13759],[-12,4,0]],[[21774,14632,0],[2,10,21612],[-6,2,29445],[2,24,0]],[[21884,14638,0],[8,-2,0]],[[21892,14636,0],[-2,-30,0]],[[21890,14606,0],[-21,-2,12277],[-12,-3,19294],[-13,0,0]],[[21973,14399,0],[11,8,13739],[0,3,0]],[[21984,14410,0],[4,-5,8043],[13,-10,23143],[9,-12,0]],[[22010,14383,0],[-2,-3,9865],[-8,-2,14269],[-5,1,18687],[-14,-8,0]],[[21981,14371,0],[0,7,7821],[0,11,30680],[-4,6,7825],[-4,4,0]],[[21857,14467,0],[-10,8,8618],[-6,2,8618],[0,2,0]],[[21841,14479,0],[13,-1,0]],[[21854,14478,0],[10,-3,25105],[4,2,8213],[5,3,10670],[5,1,0]],[[21878,14481,0],[1,-9,19952],[8,-17,0]],[[21887,14455,0],[-2,-1,9364],[-11,2,11345],[-5,2,11345],[-4,-3,0]],[[21865,14455,0],[-3,7,11871],[-5,5,0]],[[22122,14600,0],[3,0,8168],[7,2,11344],[1,3,11344],[6,-1,38501],[2,5,8778],[5,10,0]],[[22146,14619,0],[4,-12,0]],[[22150,14607,0],[3,-4,14369],[-6,-4,8324],[1,-1,14369],[-3,-13,0]],[[22145,14585,0],[-1,-5,0]],[[22144,14580,0],[0,-6,11474],[-2,0,7715],[-2,-5,0]],[[21239,14668,0],[0,11,21750],[7,-2,38159],[-1,7,15603],[-3,7,7064],[-4,7,38159],[2,1,7197],[6,5,0]],[[21246,14704,0],[62,-30,44780],[15,-12,0]],[[21323,14662,0],[12,-11,19042],[10,-5,0]],[[21345,14646,0],[-4,-10,0]],[[21341,14636,0],[-21,6,14486],[-14,5,38605],[-8,-1,8625],[-8,0,20960],[-11,3,68047],[-8,5,8509],[-12,8,29946],[-12,5,11970],[-8,1,0]],[[22202,14449,0],[5,5,7032],[0,2,0]],[[22207,14456,0],[7,3,27304],[6,-4,10057],[8,-2,14286],[4,-5,31390],[-2,-5,0]],[[22230,14443,0],[-16,0,11335],[-5,-2,7045],[-6,0,0]],[[22203,14441,0],[-1,8,0]],[[21893,14445,0],[4,0,17945],[3,11,7320],[2,1,0]],[[21902,14457,0],[8,-3,13269],[7,-6,19513],[5,2,0]],[[21922,14450,0],[-13,-28,0]],[[21909,14422,0],[-3,-12,0]],[[21906,14410,0],[-4,10,11539],[-6,17,0]],[[21896,14437,0],[-3,8,0]],[[21783,14431,0],[7,3,9021],[4,3,26105],[7,14,0]],[[21801,14451,0],[11,-8,10219],[15,-13,0]],[[21827,14430,0],[1,-1,0]],[[21828,14429,0],[2,-5,20193],[15,-10,0]],[[21845,14414,0],[-4,-10,23825],[-3,-4,9226],[-8,-6,16031],[-2,-4,0]],[[21828,14390,0],[-36,19,61723],[-2,0,16120],[-7,7,9306],[-2,5,30270],[1,4,7346],[-1,1,8268],[2,5,0]],[[22293,14335,0],[9,-1,16143],[25,2,0]],[[22327,14336,0],[0,-8,11777],[-2,-11,28215],[-6,-10,7568],[-1,-4,57963],[-18,-7,0]],[[22300,14296,0],[-3,10,0]],[[22297,14306,0],[-4,22,13862],[-1,7,0]],[[21575,14729,0],[2,-2,7789],[-2,-2,15756],[8,-10,31110],[14,-10,8915],[1,-1,0]],[[21598,14704,0],[-8,-4,23092],[-6,-6,12417],[-15,-14,0]],[[21569,14680,0],[-3,7,12534],[-6,6,25570],[-12,4,0]],[[21548,14697,0],[5,9,7212],[1,5,11933],[3,3,19664],[2,9,8817],[3,6,16661],[4,6,53074],[9,-6,0]],[[14005,19328,0],[-1,74,165468],[19,38,79097],[38,25,295299],[86,-33,566697],[-6,136,241424],[-72,83,241424],[0,21,30140],[5,46,88482],[21,31,1241542],[17,8,23136],[36,22,69602],[55,17,250314],[65,1,99047],[188,21,50681],[14,3,707552],[78,103,8127],[8,12,236268],[167,128,65251],[16,19,21074],[4,0,0]],[[14743,20083,0],[39,-57,7839],[14,-21,12705],[21,-31,196667],[-38,-10,8226],[-1,0,177167],[19,-41,57189],[44,-69,310925],[-42,-55,804795],[239,0,211813],[1,2,11962],[21,8,32726],[13,4,10776],[40,11,57708],[32,0,31892],[6,5,0]],[[15151,19829,0],[40,-17,7399],[3,-2,62263],[14,-10,7833],[19,-16,16473],[2,-3,105398],[20,-7,26165],[23,-6,7270],[21,-4,211711],[-4,-36,7762],[-1,-12,664311],[60,-5,19132],[5,0,10640],[55,-4,19132],[12,-1,9764],[36,-3,10067],[43,-3,7142],[12,-1,7142],[14,-1,9262],[22,-1,7985],[15,-2,139682],[31,6,9092],[29,6,7271],[10,2,15271],[28,6,139682],[29,-5,60041],[1,-21,298976],[37,10,7509],[7,1,7509],[19,6,109880],[18,16,8046],[7,7,8046],[26,23,100738],[16,3,7354],[15,3,9479],[13,3,298976],[9,-15,40024],[15,3,59018],[10,-9,12388],[37,-37,0]],[[15919,19703,0],[-5,-24,7338],[-10,-46,69727],[-19,-42,543758],[-30,-16,70532],[-32,-7,46833],[-12,8,70532],[-48,-12,33026],[-54,-9,114179],[-87,-9,21600],[-27,-4,161049],[-21,9,81976],[0,-4,14939],[-1,-6,7276],[-2,-2,7276],[-3,-9,19436],[1,-2,8773],[-1,-12,13645],[-2,-2,7204],[-1,-7,26876],[2,-3,8217],[1,-6,25297],[-3,0,11352],[0,-4,7151],[-2,-3,12150],[-4,-1,75302],[-1,5,8937],[2,6,12250],[-2,3,25533],[-5,-6,7891],[-3,-1,25533],[-2,6,11259],[3,2,7214],[-3,2,7214],[1,3,161049],[-5,4,8061],[-4,0,24931],[-3,-4,16047],[-4,2,11026],[-1,-3,7549],[-4,0,47116],[-3,3,8142],[-4,0,9552],[-5,5,25546],[-1,-2,13314],[-6,0,9012],[-3,3,9012],[-3,-1,25546],[-2,4,7208],[-3,3,47116],[-1,-3,10961],[-6,2,10961],[-11,0,32687],[-8,4,14620],[-13,1,18147],[-7,3,984988],[-1,9,13671],[-4,6,71614],[-1,-6,10139],[-17,-56,7676],[-6,-23,194099],[-10,-3,43996],[-12,6,23270],[-10,3,8417],[-27,7,127655],[-9,-18,47533],[-3,-1,13287],[-25,-17,194099],[6,-3,12179],[6,2,27245],[1,-6,11485],[5,-5,47970],[18,2,20522],[7,0,9082],[6,-2,72832],[13,-6,9285],[9,-3,16132],[13,-8,39616],[3,-3,8294],[4,-7,194099],[-6,-17,13318],[-6,-20,31530],[2,-5,7360],[2,-1,14097],[-1,-8,31530],[-2,0,8567],[-4,-7,8567],[-4,-3,47318],[-2,-7,12755],[1,-7,12755],[-3,-6,9462],[1,-5,22986],[-6,-3,22986],[1,-8,7621],[1,-6,84718],[-2,-3,10439],[-7,-3,8569],[0,-2,7045],[-4,-2,298478],[-1,-3,15197],[5,-16,23245],[23,-80,0]],[[15406,19187,0],[-49,-9,21012],[-34,-7,90028],[-12,-4,14394],[-109,-34,241788],[18,-32,136718],[-42,-20,45925],[-35,-9,0]],[[15143,19072,0],[-18,2,62669],[-78,-26,113065],[-67,8,103340],[-59,-18,255157],[-25,-28,70643],[-52,-25,224893],[-160,-17,118212],[-7,-3,9411],[-8,-5,14063],[-13,-5,14816],[-4,2,14816],[-6,-7,585820],[-5,-1,7851],[-1,2,9862],[-7,-2,30125],[-1,3,7336],[-7,5,13058],[-6,3,58163],[-2,13,31620],[-14,12,71416],[-9,3,8681],[-4,0,23184],[-3,-4,7801],[-3,-1,39658],[-13,7,13112],[-6,5,71416],[-9,14,25970],[1,9,263842],[30,34,9219],[3,4,56197],[5,11,14542],[3,1,14542],[9,14,10519],[6,11,27628],[0,5,532046],[-5,3,11108],[-10,3,17813],[-18,9,32581],[-5,2,7215],[-17,4,9726],[-10,3,192118],[-11,0,14008],[-3,-1,7049],[-9,-2,37011],[-9,-10,46581],[-6,1,8827],[-11,1,26501],[-10,-3,6977],[-5,-2,64102],[-10,-8,8886],[-10,-8,54224],[-9,-3,14316],[-18,-2,18909],[-7,-3,11233],[-5,0,7198],[-3,-2,330687],[-7,-7,14188],[-2,0,8224],[-6,-5,29154],[-8,-15,29154],[-8,-12,16423],[-4,-3,8602],[-10,-11,61880],[-5,-6,9627],[0,-3,9627],[-4,-6,21453],[0,-8,12429],[-3,-7,61880],[-3,-1,7887],[-2,-4,7887],[-6,-5,27590],[-7,-3,9042],[-8,-1,1400021],[-18,16,23373],[-22,23,108631],[-13,21,36662],[0,15,36662],[-16,39,314693],[3,19,59248],[33,27,59248],[36,47,159070],[-14,36,700972],[-177,56,8543],[-146,46,0]],[[15595,20674,0],[-7,-12,11235],[-40,-72,11235],[-17,-29,294830],[44,-15,173043],[3,-48,13349],[3,-61,485157],[-20,-9,42922],[-57,-10,74184],[-75,-30,161300],[-8,-30,0]],[[15421,20358,0],[-25,-2,45021],[-12,12,0]],[[15384,20368,0],[1,94,33167],[3,26,122247],[3,14,9651],[1,2,9651],[8,32,29438],[2,12,9401],[0,7,21452],[3,10,7216],[0,4,7216],[2,5,94602],[-1,7,7172],[-1,13,12452],[0,27,12452],[-1,5,30147],[0,8,7316],[2,7,14632],[-1,9,68549],[6,15,12888],[3,13,310642],[-8,1,7540],[-13,2,19439],[-10,0,7893],[-13,0,34270],[-17,5,201929],[8,19,28750],[9,6,49798],[2,6,12463],[-4,3,21263],[7,7,21263],[8,26,99632],[-2,3,20029],[-22,-1,20029],[-13,4,89884],[7,7,18710],[6,4,8504],[7,2,9808],[5,4,39553],[3,6,7933],[2,7,0]],[[15376,20789,0],[5,5,17181],[-3,4,8087],[1,2,23658],[9,13,7285],[5,7,0]],[[15393,20820,0],[3,3,11864],[3,-5,25266],[1,-17,26755],[2,-7,11343],[6,-8,21026],[3,-9,9367],[1,-6,21026],[6,-7,222057],[6,-1,13201],[12,0,8816],[5,0,68934],[2,-3,8175],[5,-1,8175],[5,-4,13089],[16,-8,20844],[6,0,9834],[7,-3,20359],[8,-6,7742],[3,-1,49787],[22,-4,24451],[8,-4,7312],[5,-3,141252],[7,-7,8292],[9,-8,12260],[5,-6,48461],[8,-4,14544],[9,-1,14544],[11,-5,51998],[3,-5,10067],[1,-8,30732],[14,-8,0]],[[15613,20997,0],[22,-20,42688],[10,-23,180257],[10,-68,34382],[1,-24,58070],[6,-34,22244],[6,-16,87579],[1,-10,14207],[-3,-10,14207],[-1,-20,363892],[-5,-1,11545],[-15,-5,63626],[0,-7,25898],[-9,-13,18395],[0,-6,16248],[-7,-10,125757],[6,-12,12846],[2,-9,29599],[-1,-5,7026],[1,-10,13964],[2,-7,36062],[7,6,18592],[6,0,9814],[1,-3,36062],[-4,-9,19936],[-4,-5,8100],[-5,-3,166783],[-12,-1,9283],[-20,-1,28213],[0,-4,10425],[-5,-2,24036],[-5,2,15170],[-1,6,8585],[-2,1,0]],[[15393,20820,0],[-5,5,13863],[0,3,8656],[-5,8,27702],[-1,12,40454],[2,2,9383],[3,-6,12042],[3,2,15534],[4,-5,40454],[5,5,21488],[-4,5,11899],[0,5,21488],[5,3,14627],[-1,6,72454],[12,-9,14818],[4,-7,81462],[10,9,27893],[8,-5,45429],[8,11,16778],[14,13,62376],[13,-7,150532],[5,7,19655],[2,13,24213],[3,3,12912],[10,18,43106],[4,23,292215],[-25,121,13983],[-2,9,175034],[34,16,0]],[[15499,21080,0],[19,-30,106463],[38,-25,49925],[57,-28,0]],[[14261,21038,0],[50,-15,174319],[7,28,12377],[9,40,35806],[2,22,191464],[49,0,55994],[11,6,13644],[11,2,8205],[1,1,28074],[5,-1,7531],[7,-1,14099],[2,2,469030],[-30,74,120462],[-24,39,53692],[-7,11,8422],[-6,6,8422],[-17,21,9528],[-3,3,9528],[-14,18,0]],[[14314,21294,0],[10,3,13319],[18,2,13319],[7,2,8489],[11,1,8489],[19,4,233961],[0,-6,11449],[5,-12,39130],[4,-5,8365],[6,-10,17726],[9,-7,17726],[4,-9,51762],[3,-2,7046],[8,-2,92679],[5,-15,7362],[2,-3,21410],[2,-11,14121],[4,-10,9302],[1,-6,9278],[3,-8,35739],[3,-5,7718],[6,-11,309958],[8,3,17743],[11,10,52207],[13,-14,82381],[12,5,30038],[9,8,8798],[26,22,82381],[14,-14,41234],[11,9,320333],[2,-2,10770],[-1,-7,10770],[2,-12,23543],[-3,-4,14681],[1,-10,47917],[8,-5,11426],[2,2,11362],[1,-7,25856],[-2,0,7538],[-1,-3,14068],[3,-7,103306],[14,8,38838],[1,18,38838],[3,0,7080],[1,-3,7080],[5,-1,8046],[4,-3,19316],[0,-4,103306],[15,-56,216350],[21,-5,25984],[18,-2,9565],[7,0,77382],[10,4,18327],[23,12,132600],[0,-14,19822],[-1,-14,11175],[-2,-9,62220],[16,3,0]],[[14695,21092,0],[4,-2,15116],[1,-6,7013],[3,-7,23625],[-1,-8,23625],[2,-2,7444],[2,-7,11827],[-1,-3,11827],[2,-4,7179],[0,-4,7179],[4,-9,101623],[-1,-6,22699],[4,0,8379],[9,2,25835],[-2,-8,28418],[1,-1,7486],[8,1,9509],[5,-1,28418],[-1,-9,38717],[5,-2,9390],[4,1,12172],[7,-4,197677],[-7,-10,12897],[-9,-10,74037],[-6,-3,10278],[-6,0,25833],[-9,3,14537],[-11,0,25833],[-14,-3,197677],[-3,-10,22879],[-1,-7,8254],[-2,-1,8254],[2,-4,10804],[1,-11,8036],[-1,-5,50942],[3,-17,10003],[2,-3,9300],[-1,-6,9300],[2,-6,8590],[1,-8,52805],[-1,-9,8093],[-1,-24,27120],[0,-58,408803],[33,16,9213],[30,15,172687],[3,74,126208],[4,6,19346],[15,9,32896],[15,3,0]],[[14789,20944,0],[15,2,50992],[-10,-30,105655],[30,1,26147],[18,-4,39505],[15,5,105655],[7,-6,16403],[22,-12,16403],[38,-23,100734],[42,-2,245499],[-2,-9,27383],[-7,-6,14269],[-7,-1,27383],[-1,-2,7355],[-4,-4,10263],[-3,-6,15167],[-10,-12,0]],[[14932,20835,0],[-47,2,74988],[-40,21,289428],[-24,-28,40262],[-9,-17,21718],[-23,-33,176051],[-13,-6,21936],[-29,-11,11048],[-22,-8,15636],[-7,-6,15636],[-4,2,25806],[-15,-7,469997],[-15,4,10829],[-33,9,122912],[5,48,193572],[-10,2,11754],[-61,11,7165],[-13,3,49650],[-32,11,634786],[-54,-82,228653],[-12,0,7111],[-10,0,7111],[-29,-2,10048],[-48,-1,219473],[-57,-80,0]],[[14330,20667,0],[-60,46,107297],[-80,92,32845],[-5,3,527668],[48,91,133698],[7,-3,10965],[9,0,13083],[4,-2,13083],[6,1,7776],[3,-1,265480],[-1,144,0]],[[14862,20323,0],[11,1,7541],[9,1,63396],[6,2,8382],[11,7,26874],[9,12,26874],[16,12,13305],[5,2,90580],[11,0,9146],[6,-2,9146],[5,1,74400],[11,6,7785],[15,8,26335],[5,3,8714],[8,8,55948],[11,4,9955],[17,7,28133],[10,0,120543],[2,4,9630],[2,12,0]],[[15032,20411,0],[1,-1,15086],[29,-36,135476],[37,-80,26876],[12,-24,79548],[32,-89,0]],[[15143,20181,0],[-17,-13,9125],[-35,-23,78892],[-11,-4,11366],[-46,-20,9596],[-8,-3,177081],[-5,-3,9673],[-4,-7,27201],[2,-5,12762],[-2,-8,55439],[2,-5,11909],[9,-8,44720],[1,-7,19705],[-1,-6,8393],[-4,-11,142243],[-53,-11,0]],[[14971,20047,0],[-40,94,11308],[-14,32,339260],[-28,-3,29444],[-27,2,64488],[-36,10,101642],[-38,-14,256887],[-33,61,38777],[-6,10,12704],[-8,8,634915],[-9,4,13284],[-8,0,34892],[-26,-6,109190],[-3,-4,10633],[-9,-9,24023],[-5,-2,8841],[-4,-4,10880],[-4,0,59362],[0,-7,7836],[1,-4,24641],[-3,-2,15363],[-4,-14,146474],[44,-81,146474],[-70,52,146474],[-36,-1,109725],[-17,-43,48134],[-13,-11,0]],[[14575,20115,0],[-49,85,0]],[[14526,20200,0],[3,4,18928],[8,3,8350],[11,4,24386],[10,9,9716],[5,2,37994],[6,0,19494],[7,4,11539],[4,5,19494],[8,2,9377],[8,4,129318],[5,6,27138],[-1,27,46711],[3,4,11614],[9,9,330353],[12,0,15784],[6,-3,28587],[8,0,12429],[14,3,28587],[22,-3,67725],[4,1,10085],[9,5,10085],[12,5,67725],[8,0,15303],[7,-4,15808],[23,-9,198880],[10,0,22735],[14,3,12983],[13,5,33985],[19,10,33985],[5,1,8810],[9,-1,8093],[4,0,83009],[8,6,16192],[11,12,25187],[7,5,11575],[7,3,51751],[18,1,0]],[[14695,21092,0],[10,-2,16064],[0,3,10382],[6,0,40247],[1,4,8697],[3,8,17015],[5,4,88181],[-2,11,22092],[4,9,11997],[0,8,29407],[-4,11,76693],[2,4,11988],[5,-2,19972],[2,9,19972],[14,14,215604],[6,-2,14388],[-1,-5,14388],[6,-9,8668],[16,-21,20362],[25,-32,0]],[[14793,21104,0],[1,-1,15167],[27,-1,168307],[-2,-2,7154],[-1,-7,25679],[0,-6,9312],[-2,-8,9312],[-1,-15,8747],[-2,-5,8747],[0,-8,11502],[-3,-13,11502],[0,-4,58028],[7,-3,15916],[-1,-5,15916],[-7,4,15916],[-3,-7,33004],[-12,-56,16559],[-5,-23,0]],[[14958,21566,0],[8,-3,14063],[3,-5,48693],[10,1,10550],[4,-2,9637],[4,3,9637],[3,0,7403],[11,1,10034],[7,2,10034],[2,-1,70545],[-1,-3,7077],[0,-5,29366],[11,-2,21289],[3,-2,8087],[-1,-4,10010],[3,-2,70545],[10,2,8245],[3,0,8245],[11,3,19397],[9,4,9004],[3,0,343790],[0,-7,16524],[2,-40,18838],[-1,-21,76290],[6,-25,28902],[3,-38,39566],[-2,-29,39566],[8,-23,518865],[20,-14,10598],[7,-5,47688],[22,-4,12599],[7,-3,88795],[-1,-6,26256],[-16,3,26626],[-3,-3,10525],[-10,-6,26432],[-6,1,7945],[-8,1,19548],[-2,-4,88795],[62,-8,184846],[28,-10,10519],[28,-8,18364],[12,-3,30630],[43,-16,30630],[68,-21,30484],[39,-14,0]],[[15367,21250,0],[-2,-12,23557],[0,-8,8486],[1,-5,13168],[-2,-5,13168],[3,-6,0]],[[15367,21214,0],[-1,-9,25330],[1,-16,8798],[3,-23,60321],[-1,-8,12403],[-7,-19,12403],[-2,-9,111307],[6,-32,36471],[5,-15,13735],[7,-15,58348],[-2,-25,366145],[-41,2,115682],[1,-19,28068],[-6,0,28068],[-2,-24,51713],[9,-8,115682],[-7,-10,14849],[-14,-24,44529],[-8,-9,13416],[-11,-8,197396],[-3,0,10787],[-8,9,11054],[-14,10,24676],[-15,8,0]],[[15257,20970,0],[9,11,11079],[7,8,80379],[-3,23,34497],[-5,11,13006],[-7,11,299271],[-19,2,27905],[2,-7,37343],[-23,3,11002],[-6,1,38968],[7,-9,38968],[-10,4,10966],[-18,5,13223],[-7,3,38968],[-10,2,7701],[-6,0,21597],[2,-5,27494],[-32,2,146836],[-29,14,56070],[-10,2,15836],[-12,-2,26783],[-38,6,55489],[-1,4,12439],[-8,5,0]],[[15040,21064,0],[-6,5,9384],[-6,3,28844],[-1,4,7555],[2,3,9693],[-2,5,40083],[-6,2,7773],[-3,3,15163],[-4,6,15163],[-5,-1,33127],[-4,5,11594],[-4,0,11594],[0,5,11594],[-4,6,161620],[-5,1,10530],[-7,-2,28327],[-4,4,13855],[-2,0,7292],[-7,4,8928],[-3,-2,8928],[-1,3,28327],[-8,1,7071],[-24,4,46057],[-19,11,46057],[-35,1,264483],[-20,10,11203],[-4,2,64476],[-1,-27,78668],[-32,11,28633],[-14,1,110626],[2,-12,40982],[-7,0,13694],[-3,-5,15867],[-6,1,31734],[-3,-6,10735],[-1,-6,0]],[[14314,21294,0],[-13,35,22965],[-9,19,143848],[-17,13,22303],[-7,-2,7036],[-6,0,17649],[3,4,22303],[-3,3,7029],[-2,3,7029],[-5,4,63500],[-5,0,14595],[3,7,14595],[-6,11,7301],[-2,5,7301],[-3,4,89134],[-6,4,13886],[-9,1,14843],[-23,9,143848],[-16,28,19929],[-2,10,19929],[-11,14,40261],[-13,12,27403],[-6,14,0]],[[14156,21492,0],[-16,34,58660],[-29,90,148266],[-2,-4,18124],[3,-16,22674],[1,-62,256878],[-40,0,8804],[-3,1,54112],[-50,11,72463],[-116,5,96790],[-66,12,483744],[-3,-6,51635],[-27,32,31497],[-3,-1,9677],[-1,4,9677],[-7,4,11823],[0,3,9614],[-6,4,97391],[-5,-1,10133],[-2,-4,17175],[1,-5,50604],[-20,15,10807],[-1,3,10807],[-6,3,50604],[-2,-3,8708],[-6,-3,17513],[-6,2,11448],[-4,-2,96837],[-4,7,12537],[-6,6,43296],[9,16,96837],[-64,35,29543],[-8,8,9898],[-3,-1,7125],[-2,3,130966],[-3,-2,8031],[-7,-1,9605],[-6,-3,9605],[-6,-1,36197],[-5,2,7112],[-2,2,8489],[-6,2,13647],[-2,-1,126938],[-11,9,20022],[-3,4,8957],[-7,7,9953],[-2,4,52164],[-5,3,8828],[-5,5,12200],[-1,-1,12200],[-13,8,31759],[-13,10,10417],[-3,3,12617],[-12,8,12617],[-3,4,759509],[-9,5,10346],[-8,3,36249],[-12,1,11493],[-5,-1,8214],[-13,1,49505],[-8,3,9590],[-9,2,23632],[-9,4,8960],[-7,1,12568],[-10,6,7608],[-5,2,77048],[-19,2,22467],[-4,0,7080],[-13,-2,127518],[-5,0,11032],[-19,6,29990],[1,6,36462],[-28,7,10961],[-3,0,42898],[-12,8,22151],[-12,2,22151],[-15,9,344682],[-7,-5,48213],[-24,8,27875],[-2,2,7284],[-3,-1,7284],[-19,2,8673],[-7,2,48213],[-21,-1,8777],[-8,0,28556],[-7,2,7222],[-7,2,12373],[-7,0,158314],[-14,-4,33971],[-13,-7,8512],[-4,-4,16870],[-9,-4,13142],[-13,-8,48374],[-7,-2,7740],[-3,0,13492],[-15,-6,13492],[-3,0,158314],[-12,45,171581],[-118,-11,0]],[[13236,22624,0],[-118,-244,105239],[-48,-115,568111],[61,-20,283668],[3,-33,8192],[14,-180,568111],[-30,-48,33931],[-19,-37,88787],[-29,-76,211351],[-70,-52,0]],[[13325,22806,0],[-89,-182,0]],[[14462,20204,0],[12,-8,7356],[1,2,7356],[2,-4,65854],[18,30,14071],[3,3,65854],[5,-4,24443],[-1,-3,8285],[-5,-5,7013],[-2,-3,24443],[-2,-10,11707],[-4,-23,65854],[31,-15,122823],[2,12,13230],[-1,14,26882],[5,10,0]],[[14575,20115,0],[-52,-38,10494],[-11,-8,225240],[5,-23,13685],[15,-90,680305],[-265,-1,331192],[0,-45,242965],[-13,0,11159],[-19,-3,10090],[-10,0,48950],[-30,-5,11888],[-37,-7,13787],[-36,-5,85050],[-20,-1,17438],[-45,-1,1468109],[0,65,231333],[-24,0,35870],[4,9,36907],[-18,15,16075],[-15,10,96879],[-20,3,34449],[-34,10,16956],[-23,8,464192],[-11,-3,9413],[-6,-2,22529],[-14,0,68138],[-13,6,31431],[-37,8,68138],[-16,-5,50224],[-23,2,21394],[-29,6,119276],[-27,0,7652],[-42,0,39754],[-36,-1,15369],[-37,-3,702965],[0,-29,159860],[-109,-38,84770],[-30,0,232279],[0,16,9707],[1,20,24462],[0,8,7440],[-2,10,55768],[3,9,18132],[6,5,232279],[14,5,12128],[116,34,232279],[0,52,190328],[-42,0,53398],[-3,-11,63560],[-63,-29,190328],[-46,27,14053],[-21,12,14053],[-36,21,426720],[-1,137,1468109],[174,1,8927],[174,2,306080],[0,3,7469],[-4,2,14436],[1,7,19801],[-6,7,9284],[2,0,9284],[-5,5,22645],[0,6,7352],[-2,1,7352],[-8,22,267918],[44,1,78993],[15,-9,27663],[6,-12,137632],[12,6,24552],[12,-2,39020],[-2,10,39020],[11,4,19084],[18,2,30336],[8,7,137632],[12,-4,17310],[11,-9,37092],[12,1,27418],[9,-3,8547],[9,-5,78652],[14,0,26645],[5,11,26645],[8,-1,24024],[-3,-11,27177],[11,-3,23383],[4,7,715518],[11,-6,36618],[9,-13,21453],[16,-14,13881],[7,-9,157368],[104,1,157368],[1,-20,40877],[2,-5,10199],[4,-7,20810],[9,-6,314175],[6,27,35260],[22,68,126655],[4,102,314175],[41,-21,184413],[10,-94,36149],[2,-44,314175],[25,1,23027],[0,-4,23027],[60,-5,79959],[13,2,8060],[14,2,12065],[22,3,251109],[1,-5,9215],[3,-2,17451],[0,-15,33401],[3,-4,8118],[3,-8,12196],[6,-10,33401],[3,-13,15571],[4,-6,15571],[4,-11,7173],[7,-17,15145],[5,-7,15145],[1,-5,8637],[3,-8,251109],[4,-4,18318],[10,2,26286],[4,-8,100209],[11,7,7160],[20,14,64014],[23,35,0]],[[15151,19829,0],[11,14,22602],[7,4,9380],[5,4,40979],[8,-3,30330],[14,13,159875],[9,0,13174],[1,-2,8718],[-5,-1,15535],[3,-6,7324],[3,0,7283],[-2,-4,16537],[8,-2,16537],[-1,-5,73596],[8,-2,14012],[10,-5,14012],[3,1,24059],[6,-3,9623],[3,-4,31473],[9,-1,13632],[4,-3,7993],[8,-2,17571],[5,0,262564],[0,5,8320],[-3,3,8320],[1,3,35835],[10,-1,9757],[2,0,7177],[2,-3,9757],[2,2,7479],[3,-1,42514],[3,2,7401],[5,1,10869],[2,4,29308],[-5,4,20519],[1,3,7254],[4,0,14556],[1,3,7809],[-2,3,75066],[4,2,10140],[7,-1,10140],[7,1,22119],[7,-2,7574],[6,0,134025],[24,8,25966],[2,5,48806],[4,-1,8134],[15,-9,8134],[7,-4,46273],[0,13,48806],[39,8,42979],[49,12,13455],[1,4,13455],[7,2,12218],[0,-4,13455],[41,11,8252],[14,3,8252],[3,1,0]],[[15531,19899,0],[12,12,7623],[10,8,39530],[15,24,10098],[1,3,253729],[17,4,8862],[21,6,21525],[25,8,7070],[20,6,37604],[15,1,37604],[56,19,105984],[6,0,7013],[40,5,47044],[33,8,7876],[21,4,7876],[14,3,0]],[[15837,20010,0],[23,-18,15113],[24,-18,45142],[23,-14,9581],[17,-10,183444],[7,2,15568],[18,-1,45493],[8,1,10412],[12,4,21715],[20,10,0]],[[15989,19966,0],[-7,-31,10844],[-2,-3,7073],[-1,-6,105540],[2,-5,8169],[3,-6,37369],[0,-10,13735],[-2,-6,25325],[1,-3,7063],[1,-8,7063],[1,-9,18181],[-1,-9,62458],[8,-17,15621],[7,-10,8508],[2,-4,43691],[0,-5,10465],[-4,-2,14994],[2,-7,282131],[-39,-12,9765],[-13,-5,9765],[-8,-2,191612],[-6,-28,11825],[-14,-75,0]],[[15065,20782,0],[11,-2,8103],[40,-6,148134],[41,17,6992],[16,6,9211],[42,17,38924],[27,9,0]],[[15242,20823,0],[0,-5,27038],[5,-2,8294],[8,-6,8294],[12,-8,109847],[35,-2,27162],[10,-2,7371],[20,-3,45976],[3,5,25295],[18,0,45976],[5,-4,11740],[15,-4,11180],[2,1,7602],[1,-4,0]],[[15384,20368,0],[-16,14,88285],[-24,-16,13537],[-16,-9,9107],[-4,-4,8436],[-7,-3,0]],[[15317,20350,0],[-3,31,30367],[-4,1,30367],[-10,48,65700],[-24,48,65700],[8,12,276564],[-63,48,135909],[-4,-9,30248],[-12,8,56037],[12,20,23120],[4,13,105651],[-3,3,10729],[-1,6,13811],[-5,5,9443],[-6,10,54642],[-4,-3,19991],[-6,3,11546],[-7,5,29509],[5,7,29509],[-24,14,24926],[1,2,8428],[-5,5,426783],[-5,-4,8252],[-5,-2,8252],[-9,-5,50084],[-15,12,50084],[-14,5,9586],[-9,2,28840],[-8,-1,19165],[-9,2,9247],[-16,3,114175],[-7,4,13829],[-8,9,15631],[-21,15,0]],[[15040,20667,0],[2,0,8037],[10,4,8727],[4,1,8727],[3,3,45995],[8,1,8112],[8,0,25137],[10,-5,10542],[5,-1,189131],[-21,43,90174],[-3,32,7154],[-2,26,7154],[-1,5,28531],[2,6,0]],[[22067,14504,0],[7,11,7018],[2,1,29890],[-2,8,13457],[2,7,0]],[[22076,14531,0],[9,2,0]],[[22085,14533,0],[16,-21,0]],[[22120,14494,0],[2,-1,0]],[[22118,14485,0],[-3,-7,13543],[-4,-1,0]],[[22111,14477,0],[-7,5,0]],[[22104,14482,0],[-18,11,0]],[[22086,14493,0],[-12,6,8156],[-7,5,0]],[[15257,20970,0],[-8,-16,19075],[3,-2,25232],[-3,-4,7561],[-8,-11,54790],[1,-24,31793],[-1,-7,11885],[-5,-10,115707],[-21,2,83465],[-20,-49,215181],[7,-2,7048],[9,-2,24446],[6,-4,13070],[5,-2,7833],[9,-5,39076],[5,-4,9829],[6,-7,0]],[[15065,20782,0],[-19,3,27805],[-32,13,99680],[-7,33,0]],[[15007,20831,0],[16,-3,50065],[-1,18,8104],[0,8,50065],[5,16,15075],[3,6,15075],[10,27,97910],[4,22,9072],[2,10,23859],[5,16,37804],[8,6,37804],[1,16,20109],[-4,9,202759],[-15,7,18560],[-5,7,70012],[-5,17,17698],[-2,18,14669],[-3,10,96896],[7,15,19581],[7,8,0]],[[14981,20435,0],[5,-1,12509],[5,2,12509],[9,0,25469],[3,-2,8269],[7,-3,25469],[13,4,31732],[3,-3,8978],[5,-1,7771],[3,-3,25518],[11,3,0]],[[15045,20431,0],[-2,-3,11428],[-8,-5,25582],[-2,-5,8394],[-1,-7,0]],[[14862,20323,0],[-1,4,8297],[-4,9,12678],[-5,17,11231],[-3,6,0]],[[14849,20359,0],[4,2,8745],[8,-1,12359],[11,3,46397],[15,10,10311],[16,9,70876],[6,1,7238],[4,0,18663],[8,-4,7610],[5,-1,32788],[7,1,12291],[7,4,155021],[12,20,34100],[16,19,10102],[13,13,0]],[[14823,20406,0],[17,-27,26019],[3,-9,8023],[6,-11,0]],[[14462,20204,0],[9,14,8819],[13,20,21751],[7,7,98495],[6,2,9387],[9,1,25585],[4,3,8075],[5,1,14656],[-1,2,7437],[2,3,41011],[7,1,9225],[2,-1,7673],[7,0,15531],[3,-2,126633],[3,5,11782],[8,9,46331],[-5,7,11005],[-4,2,36325],[-1,8,19043],[5,5,7828],[2,3,127184],[3,0,8757],[8,4,13972],[1,-2,24337],[25,9,70406],[-1,10,15901],[-4,7,8319],[0,3,70406],[40,27,58706],[24,28,41330],[30,14,38794],[-1,8,434938],[12,1,11115],[17,-1,27533],[38,-3,24414],[17,1,20325],[22,-2,78468],[10,1,10172],[26,1,32510],[13,6,0]],[[14743,20083,0],[47,1,35164],[16,5,146231],[32,-51,208008],[35,-8,27978],[2,-2,14149],[11,2,98168],[67,14,9403],[18,3,0]],[[15143,20181,0],[12,8,7266],[20,14,106756],[-10,28,8400],[-6,18,106756],[21,13,46732],[19,28,83584],[-10,18,301741],[26,18,32187],[30,26,144751],[7,-3,29625],[24,7,56483],[5,-16,70810],[14,4,10131],[15,3,14998],[7,3,0]],[[15421,20358,0],[-5,-26,7184],[-4,-27,33387],[0,-15,46586],[-11,-79,16364],[-6,-40,7816],[-1,-9,6994],[-6,-35,25279],[-3,-26,532760],[70,-76,137589],[36,-53,57385],[37,-68,10793],[3,-5,0]],[[15007,20831,0],[-75,4,0]],[[15989,19966,0],[8,2,16921],[18,1,50331],[9,-1,8162],[21,-2,25651],[26,-6,357914],[8,-3,9669],[18,-9,47469],[33,-22,21784],[24,-19,99309],[39,-34,17335],[19,-18,8613],[6,-6,165507],[35,-40,40191],[9,-12,9938],[33,-42,7990],[8,-10,165507],[11,-9,33979],[55,-32,9622],[18,-11,0]],[[16387,19693,0],[-19,-28,7203],[-17,-25,79261],[-6,-5,14399],[-9,-1,13080],[-5,-4,37885],[-8,-12,21060],[-8,-7,10138],[-4,-3,163604],[-5,0,6979],[-9,1,18491],[-15,-4,48618],[-30,-14,19174],[-9,-3,330493],[-6,-16,7121],[-6,-19,42489],[-9,-51,42489],[-4,-17,13120],[-16,-63,250938],[6,-12,79345],[-9,-3,15572],[-11,-3,9355],[-23,-7,21238],[-7,1,20291],[-15,-6,11997],[-9,-2,0]],[[16134,19390,0],[-26,-6,14042],[-9,-2,7906],[-20,-4,121769],[-17,5,8301],[-27,9,8301],[-33,11,121769],[-15,-2,8032],[-9,-1,7165],[-17,-2,14461],[-31,-5,525624],[-24,-16,7517],[-55,-37,123702],[-45,-21,18494],[-36,-14,34259],[-57,-27,318601],[-43,-13,10997],[-60,-18,21884],[-17,-5,21884],[-79,-23,10236],[-8,-2,10236],[-73,-22,7816],[-27,-8,0]],[[14261,21038,0],[-28,8,71449],[3,30,71449],[-8,1,10176],[-2,-2,10176],[-6,2,31204],[-5,-2,10299],[-7,-7,144059],[-9,11,13093],[-2,5,47571],[-22,-2,47571],[-2,3,8393],[2,4,17104],[6,10,69274],[-27,1,69274],[-1,9,29093],[14,19,72449],[-12,13,10268],[-20,22,12504],[-17,17,261943],[-5,16,25700],[1,13,15789],[-3,11,80245],[-4,9,8685],[-7,12,39062],[-7,5,7981],[-5,3,19254],[-9,9,85715],[0,22,25924],[-4,9,14926],[-1,11,603215],[3,9,20059],[8,7,8429],[4,6,45281],[10,3,18058],[18,10,24094],[-4,1,136191],[0,8,15321],[-4,6,15321],[0,6,10176],[-3,9,46344],[-7,1,18815],[-7,10,31366],[-3,14,168052],[8,7,13287],[12,8,7474],[9,6,18721],[10,10,109477],[13,31,20101],[15,40,0]],[[12792,20928,0],[250,-109,534390],[76,7,50096],[15,1,10501],[213,14,254513],[114,-26,958580],[120,-62,28014],[121,-62,87314],[35,-11,13900],[10,-4,87314],[52,-38,73898],[59,-25,300878],[138,-107,1460404],[86,-27,136890],[59,-4,35649],[24,2,65961],[51,-10,35264],[20,0,376298],[158,67,589000],[24,40,154913],[-78,27,154913],[-3,61,49559],[-6,5,0]],[[15040,20667,0],[-2,-3,13382],[-6,0,8903],[-2,-2,7192],[-7,-1,30254],[-3,-7,11977],[-6,-5,45837],[-8,0,15946],[-4,5,47717],[-43,-24,0]],[[14959,20630,0],[-15,-9,16281],[-83,-45,0]],[[14861,20576,0],[-4,5,40079],[-27,-27,87395],[9,-9,18054],[3,-5,7519],[8,-10,87395],[-1,-7,17897],[-8,-18,36487],[-6,-6,8706],[-9,-10,126346],[10,-19,14251],[6,-8,11677],[2,-5,98872],[-2,-8,9965],[-3,-8,15477],[-3,-15,40738],[-8,-18,22060],[-5,-2,0]],[[14005,19328,0],[-56,17,264835],[-153,-33,34032],[-213,-49,395028],[-112,-56,98678],[-97,-34,1248666],[-256,100,217119],[-4,4,7810],[-4,6,7486],[-4,3,38440],[-3,1,9461],[-7,6,16020],[-11,5,9513],[-4,0,7151],[-2,2,23446],[-1,5,16613],[-5,0,8729],[-4,3,49611],[1,7,11508],[-3,6,49611],[-7,3,7128],[-1,2,7128],[-3,0,17492],[3,-3,7186],[-3,-2,7186],[-1,3,7186],[-6,-3,17492],[-1,7,22213],[-8,-2,22213],[-3,3,9686],[2,3,7193],[-1,3,9686],[-3,-1,541313],[1,6,8364],[3,3,11769],[-1,5,11769],[5,2,43235],[11,0,8377],[5,0,38447],[7,9,11718],[2,6,77108],[1,8,7732],[0,9,14567],[-2,10,178713],[-6,2,16378],[-2,8,26780],[-3,2,7619],[-4,0,7795],[-12,6,33641],[-4,6,9585],[-5,3,9585],[-2,4,107004],[1,9,9805],[2,2,17946],[-1,5,8244],[2,3,8244],[0,11,45163],[-3,14,15533],[0,2,9770],[-5,6,0]],[[13025,19475,0],[7,100,238894],[10,51,16286],[7,40,18735],[12,57,17919],[6,30,42089],[6,31,12698],[15,74,17011],[6,29,6987],[6,31,32721],[6,30,7759],[6,30,12279],[6,29,80409],[4,12,27988],[3,18,8249],[5,28,15609],[7,31,28859],[5,16,18214],[7,34,80409],[5,30,12204],[5,29,12204],[5,31,8646],[6,34,0]],[[12792,20928,0],[-12,-61,9618],[-9,-45,281790],[33,-151,43344],[5,-30,94162],[9,-30,14321],[17,-58,847345],[122,-163,357077],[49,-28,7452],[92,-52,12609],[21,-12,8035],[42,-23,12609],[9,-5,0]],[[15367,21214,0],[8,-4,12619],[8,-4,7303],[6,-1,21384],[6,-7,21126],[6,-2,9448],[4,-3,7076],[5,-1,43708],[8,2,11099],[3,-1,167446],[10,-14,8607],[28,-40,27187],[35,-51,9120],[5,-8,0]],[[15045,20431,0],[3,5,10254],[10,9,12182],[5,7,36618],[3,8,8252],[4,12,233902],[-3,0,20536],[-7,18,27947],[-9,-3,21738],[-2,9,52222],[-12,-7,95556],[0,2,8563],[-3,9,8563],[-2,8,31550],[-7,-3,31550],[-5,11,15893],[-20,35,122823],[-2,57,117198],[-14,16,44570],[-25,6,0]],[[13000,21819,0],[-255,89,1050470],[-167,-160,24972],[-357,-344,0]],[[12221,21404,0],[-111,-114,540948],[8,0,9624],[380,-19,540948],[2,-1,12800],[322,-179,822743],[-5,-31,16089],[-3,-14,26118],[-14,-75,12162],[-8,-43,0]],[[14981,20435,0],[-10,3,22713],[-9,-5,8049],[-2,-1,50784],[-9,6,18016],[-8,9,22885],[-7,2,172116],[-2,2,8764],[-1,8,9344],[-3,7,38014],[-3,2,9871],[-7,8,14148],[-2,5,14148],[-7,2,40543],[0,3,8067],[2,4,21616],[-8,6,21616],[-5,13,40543],[-4,5,13879],[-9,3,12288],[-4,4,31845],[4,7,31845],[-1,5,9026],[-5,5,14753],[0,5,9419],[-5,10,31422],[-5,8,17300],[-11,6,31422],[-1,3,9034],[2,6,0]],[[21916,14528,0],[11,-5,9595],[9,-2,30021],[3,6,30021],[22,0,9819],[6,-1,7856],[8,0,0]],[[21975,14526,0],[-4,-5,8976],[-6,-5,7570],[-1,-3,30167],[3,-5,11844],[-1,-4,0]],[[21966,14504,0],[-20,-1,0]],[[21946,14503,0],[-13,-2,0]],[[21933,14501,0],[-15,11,20581],[-7,0,0]],[[21911,14512,0],[5,16,0]],[[21909,14379,0],[8,4,0]],[[21917,14383,0],[17,-22,10837],[4,-4,0]],[[21938,14357,0],[5,-5,15649],[0,-7,0]],[[21942,14342,0],[-14,-6,0]],[[21928,14336,0],[-3,12,11093],[-3,3,10339],[-1,5,24688],[-11,17,15497],[1,1,7075],[-2,5,0]],[[21976,14641,0],[4,0,9900],[7,-4,9900],[15,-5,40481],[1,9,0]],[[22003,14641,0],[16,-9,0]],[[22019,14632,0],[-3,-4,9125],[-4,0,9125],[0,-4,34978],[14,-9,21404],[-2,-4,0]],[[22024,14611,0],[-22,10,7904],[-4,1,28070],[-11,1,0]],[[21987,14623,0],[-8,14,9657],[-3,4,0]],[[21828,14429,0],[8,-3,19221],[16,-2,12015],[8,0,0]],[[21860,14424,0],[15,-10,40094],[3,-5,11918],[0,-9,22468],[7,-6,12572],[2,-5,0]],[[21887,14389,0],[-10,0,24043],[-14,5,12617],[-6,4,48564],[-7,12,13540],[-5,4,0]],[[21950,14477,0],[-1,2,7524],[2,5,22967],[-5,2,8766],[-7,2,40035],[7,15,0]],[[21966,14504,0],[4,0,7545],[6,3,0]],[[21976,14507,0],[39,-24,0]],[[22015,14483,0],[-13,-54,0]],[[22002,14429,0],[-33,36,38383],[-19,12,0]],[[21834,14460,0],[2,-1,0]],[[21836,14459,0],[6,-4,15368],[1,-3,7007],[1,-5,0]],[[21844,14447,0],[0,-3,9806],[6,-11,21519],[5,-2,10417],[5,-7,0]],[[21827,14430,0],[-2,13,13382],[1,10,32671],[6,2,11509],[2,5,0]],[[22533,14259,0],[86,-18,0]],[[22619,14241,0],[-15,-73,0]],[[22604,14168,0],[1,-3,7458],[-2,-3,7465],[2,-4,7465],[-1,0,17424],[5,-7,17424],[-3,-5,32159],[1,-4,9675],[5,0,15447],[-4,-2,6984],[0,-2,15447],[6,-12,80569],[8,4,20009],[-3,7,28588],[4,0,7758],[8,-2,69303],[2,-7,9544],[5,-6,17976],[4,0,14649],[5,-8,17976],[-4,-2,20927],[2,-5,11344],[4,-2,9189],[2,-4,80569],[-4,-6,14770],[-3,0,9701],[-4,-3,21448],[-1,-6,7240],[-1,-2,0]],[[22468,14025,0],[10,17,14401],[2,7,58833],[-4,11,36312],[3,11,15979],[7,9,36312],[0,15,9974],[-1,5,78778],[6,5,27894],[0,8,7802],[0,4,20568],[6,1,20568],[5,11,9160],[-1,2,9160],[5,4,0]],[[22506,14135,0],[6,8,16695],[11,10,8746],[3,3,28739],[0,5,13702],[2,5,7259],[3,1,66659],[-4,7,11158],[-3,1,9575],[-4,6,0]],[[22520,14181,0],[2,7,6973],[11,71,0]],[[16183,21194,0],[3,5,11744],[-3,2,15851],[3,7,8348],[3,3,102182],[4,-2,8560],[2,2,13938],[7,-3,7376],[7,-1,20950],[12,1,40659],[9,-5,14698],[6,0,16615],[8,-6,44626],[10,3,7531],[13,3,41836],[15,-9,0]],[[16282,21194,0],[3,-5,12480],[2,-11,18543],[5,-4,0]],[[16292,21174,0],[-2,-7,0]],[[16290,21167,0],[-15,-22,14396],[-10,-19,69967],[-7,-6,7661],[-16,-14,36593],[-14,-21,30282],[-11,-13,16682],[-7,-3,140269],[-17,-4,9364],[-9,-2,38867],[-5,-4,8234],[-7,-7,18330],[-10,-4,0]],[[16162,21048,0],[-6,12,18485],[3,4,10316],[-2,3,39724],[-5,-1,11762],[-1,2,7924],[-6,0,21958],[-3,7,0]],[[16142,21075,0],[-1,1,8650],[5,7,22025],[12,3,22025],[8,4,9744],[4,4,9744],[11,7,85277],[6,10,13333],[0,1,7800],[7,6,34475],[1,3,8654],[0,7,11865],[5,12,19113],[4,6,167228],[-2,2,7065],[-3,6,19621],[-18,16,59947],[2,8,8791],[2,5,11812],[0,8,19736],[-2,3,0]],[[15968,21084,0],[9,0,17041],[16,-4,55296],[2,-6,13469],[6,-4,13469],[4,-5,6975],[5,-7,79712],[3,-2,7591],[11,-2,29135],[18,2,10439],[10,0,161564],[7,5,13489],[7,1,10339],[8,5,23115],[12,9,8495],[6,3,91189],[2,-5,32616],[11,3,15095],[1,-3,8458],[3,2,15095],[14,3,32616],[3,-7,27330],[13,2,7898],[3,1,0]],[[16162,21048,0],[-6,-3,14699],[-26,-6,18807],[-9,-1,18807],[-14,-7,155519],[-8,-6,10207],[-6,-6,38795],[-13,-20,20751],[-10,-10,22020],[-15,-22,113014],[-10,-9,30428],[-53,-32,0]],[[15992,20926,0],[-10,14,14895],[-3,9,14895],[-3,-2,13166],[-4,8,65443],[-9,-6,44149],[-5,3,10291],[-8,10,17011],[-10,6,0]],[[15940,20968,0],[9,14,37679],[-10,7,54930],[1,7,10930],[6,9,22234],[12,16,100650],[-5,2,12386],[-9,8,43927],[6,8,22944],[-9,3,27290],[7,12,40042],[-8,0,11077],[-2,3,100650],[19,32,52344],[4,-3,8906],[5,-6,17638],[2,4,0]],[[16726,21450,0],[-5,4,13503],[2,5,13503],[-5,14,67051],[-5,4,15699],[-4,0,6976],[-5,-1,28374],[-4,5,9773],[-5,1,13570],[-2,5,28374],[-10,-1,170933],[-4,24,9249],[-2,7,12969],[-2,18,38933],[-3,11,9290],[-5,26,15071],[-10,42,488400],[11,-3,11856],[9,-2,23365],[4,-1,7002],[7,-6,25528],[23,-5,32753],[1,-4,18737],[5,1,7229],[4,-1,14119],[5,-4,25729],[0,7,166668],[7,12,15103],[16,18,58355],[32,19,351507],[-39,30,46521],[-24,0,46521],[-3,12,25273],[3,3,9619],[5,-1,160175],[3,3,8541],[3,5,9879],[12,16,24661],[18,18,169527],[-24,-1,53127],[-4,18,53127],[-18,18,21042],[-15,12,9254],[-4,3,351507],[-1,16,10088],[-2,16,59475],[18,0,59475],[6,23,7968],[4,11,121512],[39,-1,105802],[-6,3,10975],[-3,5,37011],[-5,30,84700],[10,-1,25044],[8,5,13343],[9,3,0]],[[17185,21079,0],[-6,-19,8130],[-2,-5,8706],[-18,-52,81608],[-2,-2,9384],[-17,-32,24487],[-15,-23,222522],[-26,-31,11029],[-23,-28,11029],[-12,-14,20147],[-39,-47,7319],[-29,-36,577270],[-14,-5,8440],[-39,-14,11119],[-13,-4,12440],[-52,-18,106827],[-7,-6,8277],[-29,-21,7619],[-9,-7,101739],[-50,-17,20714],[-26,-7,12003],[-11,-4,0]],[[16746,20687,0],[-7,23,9504],[-7,27,78203],[-21,21,56074],[-8,32,34794],[-4,6,7280],[-4,3,218784],[-7,-2,10099],[-4,-3,10099],[-5,0,80318],[0,3,7652],[-4,4,10111],[-2,8,19008],[-3,-1,8340],[-5,1,19008],[3,2,8403],[1,5,32602],[-3,5,12649],[-6,3,12649],[-7,8,31104],[-6,16,80472],[-9,2,9970],[-3,-1,24916],[-6,4,10569],[-10,2,13834],[-2,4,13375],[-4,1,7183],[-4,0,80472],[3,6,11911],[-2,2,7954],[1,6,51351],[-7,2,10825],[-7,4,29007],[-2,4,9786],[-5,3,9786],[-5,8,450245],[3,8,10931],[-1,3,16319],[1,5,7286],[2,3,7286],[4,12,17469],[0,6,7336],[1,4,71077],[7,5,15623],[4,7,8100],[5,6,40794],[3,10,10315],[3,3,21599],[1,8,9311],[-1,6,40794],[6,2,9825],[5,5,204235],[0,4,17204],[-9,18,7959],[-4,8,42255],[-3,15,7199],[-3,20,39536],[-6,-2,32891],[-5,25,0]],[[16598,21076,0],[7,-1,10312],[6,-3,28563],[9,1,10275],[7,4,85142],[22,14,48328],[8,3,16918],[9,1,7827],[19,3,50374],[8,6,11696],[26,14,213620],[21,24,8757],[5,6,76858],[14,6,15188],[13,9,28661],[12,2,10243],[4,2,47592],[2,9,56927],[15,13,18411],[10,11,11958],[7,5,28787],[-3,4,28787],[22,11,675221],[-8,10,10829],[-5,11,30853],[-3,2,7644],[-9,11,9226],[-1,2,10040],[-13,17,8808],[-4,6,7182],[-3,2,121110],[1,6,15660],[7,2,17972],[7,9,12599],[4,9,121110],[-1,8,7188],[-3,10,25630],[-4,4,7626],[-3,2,53084],[2,6,15834],[-3,8,24372],[1,5,8697],[5,10,80089],[-10,0,31931],[-1,4,13777],[-11,12,83601],[4,2,19781],[0,5,9726],[-4,2,9726],[-3,6,21937],[5,5,38424],[-8,9,10547],[-3,1,42958],[-1,19,21980],[-4,25,257723],[-7,1,15946],[-17,8,14757],[-7,1,55033],[-9,-12,24567],[-6,2,0]],[[16188,21500,0],[-17,-3,111401],[-13,26,33717],[6,1,33717],[-2,31,61098],[-6,3,9961],[-5,0,24010],[-3,10,50430],[24,6,60729],[-19,33,51356],[9,7,117953],[-26,31,226128],[27,22,7146],[17,13,0]],[[16180,21680,0],[31,1,82541],[9,10,22561],[-4,5,29390],[16,21,98164],[11,-3,8892],[3,0,20775],[9,-3,10016],[5,-4,0]],[[16260,21707,0],[2,-10,14935],[5,-4,36390],[0,-6,10497],[-2,-11,16247],[-3,-5,106978],[2,-5,8708],[4,-6,17863],[1,-9,35219],[5,-6,8337],[2,-4,11474],[8,-6,56749],[1,-11,24134],[5,-7,14118],[4,-14,22290],[0,-7,10104],[3,-6,59133],[7,-6,28823],[3,-8,11513],[2,-13,29946],[6,-4,16073],[3,-8,9762],[4,-4,59133],[1,-7,12721],[-3,-6,8395],[0,-4,404242],[15,-9,28372],[6,-1,9354],[5,1,9354],[9,-2,62377],[6,-9,23938],[-3,-10,123803],[17,-19,7497],[30,-34,20372],[26,-27,16423],[4,-6,13297],[20,-22,86770],[14,-10,12514],[2,-3,41945],[-1,-11,16358],[2,-8,86770],[9,-2,29295],[7,-9,8791],[9,-10,31020],[10,-7,14848],[13,-6,64735],[6,-8,11746],[4,-2,11746],[10,-12,23309],[4,-9,0]],[[16544,21295,0],[0,-15,11998],[2,-7,19355],[-2,-3,9603],[1,-8,58062],[1,-3,7305],[4,-18,7305],[9,-33,27876],[9,3,19543],[5,-6,27876],[-7,-6,7691],[-4,-1,0]],[[16562,21198,0],[-6,-1,7002],[-8,0,17073],[-10,1,7529],[-7,1,45311],[-6,-2,14487],[-14,-8,58344],[-9,-2,13760],[-12,0,28969],[-10,3,9408],[-4,3,176841],[-17,16,7331],[-6,5,35749],[-12,8,15573],[-6,1,10705],[-7,5,29654],[-3,4,7490],[-5,5,86462],[-8,4,11476],[-9,2,9009],[-10,4,32118],[-6,0,8323],[-3,-2,326497],[-3,-6,7368],[-3,-4,18937],[-9,-8,14416],[-7,-9,84218],[-8,-2,9108],[-18,-4,28994],[-2,-4,11956],[-5,-3,28889],[-6,1,7168],[-6,0,20044],[-9,-4,95120],[-4,-7,11817],[-1,-6,8826],[-3,-8,24748],[-8,-7,0]],[[16282,21194,0],[1,3,10586],[-3,3,20549],[1,5,9067],[-1,5,7972],[0,5,10446],[-1,2,10446],[2,7,59708],[3,0,19039],[0,5,10654],[3,9,31107],[4,0,7981],[3,3,7981],[6,1,59708],[-2,5,8015],[-2,-2,9138],[-2,6,19819],[1,6,10071],[-2,8,117298],[9,-2,29803],[23,12,127064],[4,6,16367],[-1,5,7511],[-2,1,16367],[4,6,10234],[-1,4,31548],[8,2,48872],[-1,9,7923],[1,7,11907],[-2,7,20436],[2,4,8224],[0,8,48872],[11,3,78526],[-19,31,65974],[8,5,14472],[2,-3,14011],[7,5,481549],[-18,19,17001],[-2,-3,15785],[-6,9,17001],[-17,17,7555],[-4,4,58661],[-21,9,108572],[-4,3,11740],[-3,8,19620],[-9,10,8629],[-12,15,15829],[-15,18,35557],[-7,14,172658],[-3,2,9499],[-17,7,45152],[-1,-4,21799],[-19,-3,0]],[[14967,21838,0],[13,-1,16540],[35,0,51286],[4,3,13586],[14,4,36173],[6,-1,14458],[8,2,7483],[4,-1,7789],[16,1,81713],[4,-1,12946],[14,-9,17797],[5,-1,6986],[4,-1,66705],[8,5,13757],[5,1,9187],[10,4,44640],[4,0,8156],[4,-4,22435],[15,1,192702],[4,-5,8480],[4,-6,15280],[0,-6,13567],[3,-5,7409],[4,-4,74889],[6,-2,14250],[20,-2,17885],[12,-4,269907],[38,24,13229],[5,0,11045],[6,5,46411],[7,1,10175],[5,-1,14616],[3,3,82117],[4,14,9411],[3,5,20479],[6,4,10066],[0,3,82117],[14,7,14478],[2,4,9391],[4,1,46922],[7,-4,10250],[5,-6,34871],[3,3,9562],[6,0,12851],[4,4,269907],[3,-5,10805],[8,-3,17964],[10,-11,48544],[6,2,9603],[7,0,25683],[2,-4,8966],[4,-2,20170],[3,3,14492],[5,0,8905],[3,-3,48544],[-3,-5,16146],[3,-7,67571],[13,-5,9620],[5,-4,9620],[4,0,20903],[4,-5,38597],[10,0,12929],[2,2,0]],[[15404,21826,0],[6,-68,123744],[3,-11,7683],[11,-33,11082],[6,-20,69017],[17,-17,46010],[9,-28,299741],[-63,-61,367338],[11,-33,9572],[2,-6,30237],[4,-2,9574],[2,-6,91850],[2,-13,16421],[2,-10,7322],[6,-23,22973],[2,-2,47974],[5,-46,13355],[3,-20,65868],[4,-16,7545],[4,-15,26469],[4,-2,200166],[28,15,37122],[2,-6,0]],[[15474,21403,0],[6,-19,7696],[7,-23,214138],[-104,-3,44796],[1,10,24261],[-9,0,37908],[-12,-14,96737],[-51,9,359940],[8,-9,37213],[0,-7,17202],[-4,-9,7045],[-1,-4,19908],[2,-5,55679],[16,-9,55679],[22,-46,29982],[14,-15,29982],[-2,-9,0]],[[16290,21167,0],[2,0,14529],[23,-31,22840],[0,-4,10193],[4,-6,20891],[8,-2,8410],[1,-1,20891],[-2,-7,22840],[4,-2,9884],[6,-7,118231],[2,-6,7594],[-1,-2,11987],[4,-6,11987],[0,-6,17217],[4,-6,55088],[-2,-11,19896],[-8,-11,420378],[25,-24,9467],[5,-5,18520],[29,-28,26650],[9,-10,26650],[21,-21,16645],[24,-24,16645],[23,-23,7654],[24,-23,208644],[41,-23,58612],[27,-19,7084],[13,-10,35009],[4,0,10473],[4,-4,20552],[6,-11,76542],[13,-2,10763],[8,-3,208644],[4,-10,21826],[16,-20,47902],[45,-53,9438],[10,-12,92717],[5,-11,17437],[5,-20,176219],[19,1,15635],[11,-1,56827],[3,-2,10385],[8,-14,30149],[9,0,0]],[[16746,20687,0],[-22,-18,12936],[-12,-11,7780],[-33,-28,281734],[28,-41,11267],[21,-31,151719],[64,-20,526441],[-10,-27,17122],[-11,-28,9546],[-1,-2,154631],[-9,-1,11457],[-5,1,62104],[-13,-7,10064],[-17,-8,35652],[-38,-27,315491],[-5,-25,7248],[-6,-31,19239],[-8,-43,163278],[-15,-29,7942],[-43,-85,19046],[-11,-22,0]],[[16600,20204,0],[-13,-2,17671],[-32,-7,8663],[-25,-6,8663],[-54,-11,182982],[-35,-31,11411],[-29,-26,391404],[-42,21,7843],[-96,47,0]],[[16274,20189,0],[-76,46,272102],[-12,71,133049],[6,13,15747],[15,25,52644],[7,33,478977],[-41,54,10520],[-32,43,167866],[-75,59,8067],[-37,29,357987],[-38,66,44172],[-26,36,8005],[-5,7,97059],[-46,84,17967],[-18,30,39049],[-15,22,32986],[-3,15,846739],[12,14,41903],[102,90,0]],[[16726,21450,0],[-20,-22,22518],[-5,-9,80645],[-3,-14,14088],[-3,-1,14088],[3,-10,44177],[-3,-4,9432],[-7,-4,16092],[-2,-7,10462],[-4,-2,50938],[2,-8,14276],[-2,-16,116222],[-9,0,21844],[-5,-2,9358],[-12,-2,14904],[-9,-4,70906],[-1,-11,7655],[-1,-12,262150],[-14,3,22919],[-6,-3,15526],[-5,1,9410],[-9,-1,46874],[-20,5,22864],[-4,4,8949],[-5,2,132365],[-1,-13,11561],[-2,-4,57408],[-7,-4,10310],[-12,-6,16946],[-8,-5,8215],[-8,-6,0]],[[16260,21707,0],[5,8,30512],[-3,13,12297],[0,8,8524],[-1,6,74147],[-9,12,9910],[-3,6,23204],[-1,8,13553],[-4,7,23204],[-5,1,6993],[-2,2,174912],[-1,11,14120],[-4,5,14120],[1,8,22719],[-6,3,11628],[-2,5,22719],[9,2,53045],[-2,50,7780],[-2,62,9543],[-2,88,556733],[149,0,327826],[0,114,0]],[[15474,21403,0],[19,10,7506],[7,3,7169],[17,8,38292],[-2,4,24335],[26,4,118817],[17,1,12225],[19,1,21005],[19,-1,63004],[-2,-12,118817],[24,7,13157],[61,18,9251],[10,3,0]],[[15689,21449,0],[44,-55,99440],[27,-21,41285],[14,-18,14475],[8,-9,59019],[11,-9,10795],[13,-9,19683],[12,-6,9517],[2,-2,181476],[-1,-8,10616],[0,-11,7089],[0,-7,48786],[13,-38,181476],[12,2,10314],[51,10,10472],[15,3,0]],[[15910,21271,0],[8,-21,11086],[26,-72,76904],[7,-1,48133],[3,-11,9176],[0,-8,20701],[-2,-6,7124],[0,-4,32830],[8,-17,32830],[-10,-1,58494],[12,-21,18915],[9,-10,52413],[-6,-13,17361],[3,-2,0]],[[15940,20968,0],[-25,11,16051],[-16,7,8231],[-6,4,99148],[-17,-8,24273],[-23,-6,162959],[-27,9,33918],[-146,55,317990],[-26,4,47761],[-18,-11,93703],[-23,-36,0]],[[16188,21500,0],[-3,-10,9767],[-11,-53,89621],[-17,19,89621],[-1,-6,12318],[-6,-13,23169],[-10,-13,65162],[-21,-21,14835],[-6,-10,11582],[-4,-3,40531],[-5,-8,7455],[-3,-4,9319],[-1,-5,9319],[-2,0,9319],[-6,-8,22567],[-9,-8,16804],[-5,3,14911],[-3,-6,16804],[5,-4,173220],[-5,-1,7579],[-2,-3,15886],[0,-8,15886],[-5,4,15886],[-7,-7,15818],[-6,-5,7728],[-6,-5,9872],[-6,-3,44908],[-14,-4,35429],[1,-5,13369],[7,-7,44908],[-6,1,16996],[-14,-5,9512],[-3,-1,59944],[-18,-13,31086],[3,-1,11710],[-2,-7,0]],[[15997,21280,0],[-27,-1,8557],[-12,0,43168],[-48,-8,0]],[[15689,21449,0],[23,-2,24012],[11,3,14822],[9,-1,7126],[3,1,46066],[5,-4,28650],[20,11,77315],[-2,13,0]],[[15758,21470,0],[64,-4,21802],[12,-2,7588],[8,-1,15642],[17,-1,54994],[11,-6,41164],[13,0,18914],[43,-5,125318],[16,-7,8897],[6,-2,20630],[7,-5,9245],[7,-4,608087],[3,17,11946],[0,11,63313],[6,12,20978],[20,26,120081],[6,1,11309],[-1,4,11309],[14,8,11974],[7,3,11974],[4,4,22531],[9,2,18489],[4,2,7828],[4,5,120081],[14,20,25953],[10,6,52424],[-8,7,22161],[1,2,7784],[-3,10,19980],[6,-5,60764],[10,12,15395],[24,30,36137],[-4,5,28582],[14,13,278498],[-23,19,48044],[-5,-2,11554],[-8,1,22138],[-12,5,135842],[-25,24,46090],[-18,29,93849],[5,26,278498],[46,-3,9153],[26,-1,135529],[-1,-4,27283],[34,-18,54195],[33,-12,25749],[26,-12,0]],[[16562,21198,0],[15,-53,8019],[2,-7,8019],[5,-18,36656],[2,-6,14305],[7,-23,11198],[5,-15,0]],[[16183,21194,0],[-16,0,34689],[-2,-11,50377],[-16,11,50377],[-19,0,9607],[-16,1,9607],[-7,-1,203745],[-40,41,24915],[-14,17,103208],[-11,0,14941],[-7,-3,12285],[-8,-1,76458],[-3,8,21972],[8,6,26241],[-2,9,13184],[1,10,35802],[-8,-11,58689],[-9,1,19738],[-17,9,0]],[[15758,21470,0],[-7,18,25299],[-2,14,16789],[-6,19,55206],[-4,27,8280],[-1,19,191138],[-10,-1,16598],[-5,5,16598],[-4,0,7196],[-4,-2,62334],[-10,17,13528],[-11,22,59502],[-9,-9,129065],[-15,38,24830],[-14,29,455109],[-8,-4,23473],[-8,7,28948],[-8,1,11608],[-10,-1,11301],[-6,1,22584],[-3,-3,11294],[-5,0,101110],[-4,6,10127],[-5,2,11449],[-12,13,33468],[-2,-3,8576],[-6,-2,19567],[-7,5,33468],[2,3,7275],[0,5,13542],[-3,4,59313],[-5,0,9279],[-4,-2,17188],[-4,4,6978],[-3,1,14034],[-4,-1,221786],[-3,7,14586],[2,6,31414],[-3,4,8175],[-2,0,8175],[-7,7,19575],[-2,7,48130],[-6,1,14858],[-11,9,57333],[-1,4,9897],[2,6,21342],[4,2,7059],[6,1,21342],[-1,8,57333],[-5,0,10406],[-3,4,12506],[-7,2,8241],[-7,1,57333],[-2,2,9146],[-4,11,16458],[-2,10,45620],[-10,4,17785],[-4,3,7774],[-6,6,201756],[-13,0,8684],[-11,0,20698],[-2,-2,14109],[-10,6,49085],[1,10,49085],[-4,4,16539],[-6,2,7316],[-7,0,31377],[-3,-3,12236],[-9,-2,25022],[-11,4,0]],[[16274,20189,0],[-22,-11,10297],[-41,-20,15364],[-4,4,15364],[-3,-7,15364],[-29,-14,10537],[-55,-26,23057],[-58,-28,65140],[-37,-15,9095],[-8,-4,209032],[-45,-9,39195],[-23,-3,8979],[-26,-3,130777],[-25,-25,84051],[-61,-18,0]],[[21975,14526,0],[6,0,7481],[2,-2,7481],[4,2,27641],[2,10,0]],[[21989,14536,0],[21,-7,0]],[[22010,14529,0],[-4,-3,13134],[5,-2,13134],[-2,-10,55018],[-8,3,22553],[-4,-8,23605],[-10,3,8264],[-3,0,22273],[-8,-5,0]],[[21856,14695,0],[7,-4,0]],[[21863,14691,0],[10,-8,12855],[5,-1,17654],[8,-8,0]],[[21886,14674,0],[-3,-4,12881],[-4,1,8919],[-2,-2,0]],[[21858,14678,0],[0,8,13279],[-2,9,0]],[[22157,14528,0],[1,13,11201],[0,9,0]],[[22158,14550,0],[15,1,9878],[14,2,49824],[9,10,7512],[6,5,0]],[[22202,14568,0],[2,2,0]],[[22036,14711,0],[2,6,0]],[[22074,14706,0],[-11,-10,46086],[-1,-8,6984],[-1,-6,25478],[5,-10,9902],[1,-5,86520],[2,-5,8061],[4,-2,15170],[5,2,15170],[1,-7,15170],[8,-10,43244],[3,-9,12880],[-1,-7,0]],[[22089,14629,0],[-10,-10,8161],[-3,-1,7250],[0,-3,0]],[[22046,14628,0],[-7,3,0]],[[22039,14631,0],[-9,4,24251],[-2,8,16686],[-5,3,7579],[-2,3,94835],[15,62,0]],[[21479,14466,0],[8,2,17537],[3,3,7744],[1,4,33632],[6,0,15285],[3,-4,7819],[4,-1,33632],[9,3,15713],[1,-3,10419],[3,8,68917],[-2,7,18581],[7,4,21277],[-3,8,59108],[8,6,18736],[0,-6,25374],[12,4,11945],[9,6,0]],[[21548,14507,0],[0,-9,8654],[-2,-10,41614],[4,1,7637],[5,-1,15184],[4,-4,41614],[2,-7,10633],[0,-13,33419],[2,-7,9780],[3,-3,19900],[4,4,0]],[[21570,14458,0],[-1,-2,8465],[6,-3,8465],[2,-3,35256],[5,-1,12540],[7,1,7097],[7,2,14366],[5,-2,78951],[8,5,9783],[4,1,8285],[7,4,18342],[3,4,47445],[33,4,0]],[[21656,14468,0],[-7,-12,40256],[2,-15,9668],[2,-6,8153],[1,-10,0]],[[21654,14425,0],[0,-5,8607],[3,-13,19120],[2,-19,9666],[2,-17,44029],[6,-9,18709],[2,-9,9847],[3,-2,9847],[-4,-1,7943],[2,-2,80713],[-6,-19,14236],[-3,-3,0]],[[21661,14326,0],[-3,-3,8396],[-4,-8,30011],[-3,-18,8409],[-1,-6,30068],[-5,-13,17261],[-4,-2,0]],[[21641,14276,0],[-7,15,16590],[-1,8,47719],[-10,12,8371],[-4,3,8371],[-3,5,29230],[3,4,29230],[-5,5,14337],[-9,11,21998],[-5,11,216150],[-10,4,9386],[-5,1,9386],[-14,4,19557],[-9,5,9638],[-7,2,67828],[-19,3,12071],[-20,1,11225],[-6,1,19762],[-19,1,0]],[[21491,14372,0],[-1,13,11539],[-3,11,26213],[0,18,19163],[-3,14,10358],[1,3,10358],[-2,9,33102],[-9,21,33102],[6,3,11062],[-1,2,0]],[[22479,14285,0],[14,-8,0]],[[22493,14277,0],[-40,-67,0]],[[22453,14210,0],[-7,-3,12564],[-3,-5,34750],[1,-4,7134],[0,-7,13756],[-3,-11,0]],[[22441,14180,0],[-73,58,0]],[[22368,14238,0],[8,2,8086],[5,3,0]],[[22381,14243,0],[9,1,21991],[0,2,10705],[6,7,0]],[[22396,14253,0],[57,54,0]],[[22453,14307,0],[26,-22,0]],[[21754,14946,0],[60,0,19760],[44,-1,0]],[[21858,14945,0],[1,-9,31406],[-6,-30,14676],[-2,-19,13311],[-3,-12,52833],[-1,-17,14014],[-3,-20,27709],[1,-5,7981],[-1,-13,14045],[-1,-14,12707],[0,-9,0]],[[21843,14797,0],[-46,7,0]],[[21797,14804,0],[-9,1,16899],[-31,-1,0]],[[21757,14804,0],[-1,8,7725],[-1,13,14462],[1,12,18926],[-3,19,53550],[1,62,17030],[0,28,0]],[[22337,14488,0],[-43,-63,0]],[[22294,14425,0],[-5,-4,0]],[[22289,14421,0],[-3,6,14665],[-3,0,7033],[-3,2,14665],[-1,4,11382],[-6,2,11382],[-11,12,0]],[[22262,14447,0],[-7,5,12142],[-16,9,32492],[-21,9,12151],[-3,0,0]],[[22215,14470,0],[-2,0,0]],[[22213,14470,0],[0,1,6973],[0,1,6973],[-1,7,0]],[[22015,14483,0],[0,11,41835],[4,-2,16085],[3,8,16085],[8,11,23813],[0,9,23813],[3,4,9644],[4,0,14963],[4,-3,0]],[[22041,14521,0],[-1,-3,6974],[2,-3,8933],[6,-14,28902],[4,-7,12956],[7,-5,0]],[[22059,14489,0],[6,-4,8088],[-1,-2,15087],[-9,3,16501],[3,-6,7413],[1,-3,28458],[-3,-2,10867],[-4,-7,8387],[-5,-4,0]],[[22047,14464,0],[-5,-8,0]],[[22042,14456,0],[0,2,11109],[-11,13,20873],[-6,3,12926],[-10,9,0]],[[22136,14528,0],[6,-5,0]],[[22163,14503,0],[-6,-8,0]],[[22157,14495,0],[-2,2,17780],[-4,-3,7182],[0,-2,7182],[-10,-12,0]],[[22145,14585,0],[5,1,18125],[10,7,9386],[6,6,27786],[5,-4,17045],[6,5,58020],[2,18,23717],[5,1,0]],[[22192,14591,0],[-4,-3,10978],[-1,-5,8371],[-4,-3,36367],[-12,-4,8023],[-10,-4,0]],[[22161,14572,0],[-1,9,30361],[-10,-3,15424],[0,2,8048],[-6,0,0]],[[21256,14432,0],[16,-1,16745],[6,3,53994],[3,-11,14982],[-1,-9,109242],[5,0,8063],[13,0,19331],[2,-5,9206],[2,2,16070],[13,0,58203],[14,3,11626],[9,1,24617],[0,2,9882],[5,0,14614],[23,6,0]],[[21366,14423,0],[9,-5,56323],[6,2,12376],[7,-1,12376],[11,1,11077],[8,0,11466],[21,2,23158],[1,10,20847],[7,0,20847],[-1,-9,20847],[18,3,6992],[7,0,184020],[0,-3,7673],[-2,-6,13593],[-1,-17,41859],[1,-12,14226],[6,-18,100839],[11,3,16198],[7,-2,10378],[9,1,0]],[[21641,14276,0],[1,-10,13715],[-3,-9,12271],[1,-6,44724],[-4,-4,8057],[-2,-4,13641],[3,-1,13641],[-1,-8,9536],[-3,-3,9536],[-7,-20,74162],[1,-8,9210],[3,-5,8056],[1,-5,49379],[-2,-4,7612],[-2,-9,13268],[-3,-5,35733],[-1,-8,9257],[2,-4,9257],[-2,-2,9257],[-1,-9,19737],[2,-4,0]],[[21624,14148,0],[-5,1,12074],[-5,3,7581],[-1,3,66077],[-8,-2,19058],[1,-3,7915],[-2,-4,19058],[-6,-3,11483],[1,-3,11483],[-4,-4,8777],[-3,-1,14726],[-7,-8,7773],[0,-2,14726],[-7,-4,6996],[-2,-3,66077],[-6,-1,16543],[-7,-3,7659],[-1,-2,8560],[-7,-4,22209],[-7,-1,14625],[-19,-7,97350],[-19,-14,30560],[-9,-9,7666],[-1,-2,16203],[-14,-13,167443],[-9,0,12621],[-3,3,12621],[-9,2,9101],[-6,3,81529],[-8,-4,11461],[-2,-3,18092],[-12,-5,8267],[-7,-4,22506],[-4,1,18310],[-5,-4,7081],[-3,0,7947],[-6,-4,265800],[0,-5,8890],[-2,-2,8890],[0,-4,33766],[4,-5,8407],[0,-2,12960],[7,-4,8321],[2,-4,53195],[0,-4,8887],[-5,-7,13328],[1,-6,11026],[-4,-3,7664],[1,-2,100768],[-7,-3,9469],[-4,0,21886],[-1,-2,7107],[-4,-3,8931],[-2,-5,23496],[-8,-3,10384],[-6,-1,0]],[[21384,13982,0],[-3,2,19985],[-20,-4,7786],[-3,-1,0]],[[21358,13979,0],[-3,11,9413],[-2,3,62270],[0,12,13280],[3,1,13280],[3,15,10491],[0,6,7861],[1,3,43735],[9,7,25434],[1,3,8410],[1,8,8510],[2,4,301196],[-5,14,25401],[0,6,7070],[-1,12,15806],[-3,7,15806],[0,10,25401],[-4,12,20583],[-4,24,111965],[-6,2,8886],[-5,4,25932],[-10,11,9079],[-4,2,9079],[-1,3,157787],[0,11,12247],[-1,8,8450],[1,7,33355],[-7,7,41545],[-1,9,15963],[-5,11,15963],[-7,17,8055],[-4,11,7663],[-3,7,41545],[-12,45,21250],[-5,10,10758],[-4,12,21250],[-3,16,90922],[-9,14,19733],[-8,16,8993],[-2,6,85414],[-2,13,11362],[-1,14,26831],[0,11,9597],[2,5,24692],[-2,8,9282],[1,9,10694],[-2,6,0]],[[20334,14013,0],[-9,7,0]],[[20643,14089,0],[-1,-4,10284],[2,-6,7343],[0,-5,33778],[4,-8,12466],[9,-9,33778],[6,-14,9300],[6,-12,12447],[4,-13,12447],[4,-4,79037],[-3,-7,7204],[-3,-8,36691],[4,-7,11184],[3,-9,238454],[-4,-6,8211],[-7,-10,8260],[-1,-1,8260],[-4,-7,34492],[-4,-12,18171],[-2,-5,8736],[-3,-1,18171],[-2,-7,10812],[-8,-16,24118],[-3,-3,71181],[0,-3,8247],[-3,-12,13941],[-5,-13,17161],[-2,-2,9682],[1,-7,0]],[[20631,13878,0],[-5,-1,0]],[[20626,13877,0],[-4,-1,14317],[-15,3,40105],[-14,7,13758],[-20,8,11209],[-5,3,46639],[-12,1,8174],[-4,2,11052],[-10,0,18573],[-11,3,7538],[-5,2,188783],[-20,14,19328],[-13,6,22979],[-11,12,22979],[-8,2,8448],[-5,3,83978],[4,8,15877],[0,8,37398],[-3,-4,7852],[-4,-3,7852],[-12,-11,58861],[-8,-2,13658],[-5,1,33573],[-11,13,33573],[-31,17,98275],[-4,4,12514],[-23,14,12514],[-38,26,0]],[[21015,14913,0],[-4,15,18422],[-3,-1,7793],[-1,-4,7793],[3,2,7793],[0,-5,20017],[-8,-2,38478],[-10,-8,9330],[-3,-4,0]],[[20989,14906,0],[-26,68,21706],[-5,14,65522],[2,19,0]],[[20960,15007,0],[15,-5,13064],[7,2,12969],[5,-3,24785],[17,0,24785],[2,-5,158852],[17,4,15219],[13,1,21468],[6,2,8166],[6,3,61939],[-5,7,8772],[-2,5,61939],[13,6,7803],[6,4,21756],[15,5,10683],[6,2,46023],[8,9,25577],[7,2,7788],[10,7,8405],[5,2,284164],[8,10,28226],[22,20,14448],[7,8,14448],[4,2,9612],[8,7,42289],[4,9,95412],[12,8,17835],[11,10,9378],[3,4,21350],[22,17,9021],[4,3,9021],[9,6,32418],[12,4,32418],[4,4,7597],[12,10,14859],[4,7,565490],[1,-4,9698],[6,-7,13087],[3,-11,21257],[5,-4,7869],[5,-7,19222],[-3,-7,19222],[2,-3,10801],[5,0,32477],[4,-6,11910],[7,-6,9389],[3,-4,32477],[1,-10,9908],[3,-6,47169],[8,-13,10448],[5,-4,10417],[5,-8,170000],[47,-3,0]],[[21364,15081,0],[-3,-9,19310],[-3,-5,9677],[-5,-3,26676],[0,-3,8074],[-3,-4,12641],[3,-2,26676],[-16,-33,26653],[-5,-15,11757],[-8,-19,21231],[-8,-17,42827],[3,-3,35097],[-19,-41,42827],[-4,7,42827],[-1,-5,7429],[-4,-7,7429],[-4,-11,18282],[-5,-19,29718],[-6,-9,100940],[4,-5,15048],[5,2,18069],[4,-7,38702],[-10,-7,7154],[-3,-1,0]],[[21276,14865,0],[-14,-10,8022],[-3,-2,47444],[2,-9,25030],[-7,-16,0]],[[21254,14828,0],[-4,-7,11441],[-7,-18,14164],[-11,-21,28491],[-2,-16,7230],[-2,-4,28491],[-10,-15,99928],[-4,4,15617],[-3,-5,20050],[-7,5,9063],[-3,1,31784],[-3,-8,0]],[[21055,14776,0],[4,4,9179],[2,5,18837],[2,0,10588],[7,4,41266],[3,6,7349],[-1,1,7349],[4,13,14502],[3,6,0]],[[21079,14815,0],[5,-1,23308],[5,14,8478],[1,3,29447],[10,4,53508],[3,8,12070],[-1,3,8821],[1,5,31740],[4,4,9860],[6,3,13652],[4,6,27939],[1,4,7313],[-1,4,217670],[-6,-2,7016],[-1,0,7131],[-10,-1,72241],[-5,6,16071],[-1,3,7201],[-9,16,44802],[-6,4,9909],[-1,-1,20108],[-11,9,11249],[-4,4,112239],[-2,12,33736],[2,4,9935],[4,14,10428],[4,6,9265],[-2,0,7315],[3,5,112239],[-3,2,11629],[-8,-1,36192],[1,-9,24023],[-5,-3,9154],[-5,-5,36192],[-11,-3,14665],[-1,3,42365],[-6,-7,9717],[-5,-2,12560],[-6,-7,18105],[-3,4,18105],[-4,-3,11217],[-1,-7,0]],[[20283,15756,0],[8,-5,11487],[7,-1,26672],[2,-4,7200],[3,-1,7739],[4,-6,39461],[7,-1,10768],[8,1,71926],[5,-5,8452],[3,0,14204],[5,-7,20025],[9,-3,31968],[5,-8,8490],[2,-4,48343],[4,-1,8626],[4,1,18597],[7,-5,15986],[9,-1,48343],[-4,-7,11875],[2,-2,8420],[2,3,26022],[7,-5,7325],[7,-3,19183],[5,-7,135884],[2,0,7459],[9,2,19879],[9,8,13450],[5,0,0]],[[20587,15585,0],[0,-1,7823],[-10,-2,14127],[-13,-7,16071],[1,-4,12920],[-6,-3,16071],[-4,3,16071],[-8,-3,37684],[3,-11,30654],[-6,-4,21074],[-2,2,7299],[-3,0,8170],[-3,3,105258],[-5,-10,11532],[-8,-12,20780],[-4,-12,10281],[-3,-4,7500],[-3,-7,105258],[-7,-4,18764],[-9,-8,12080],[-14,-11,23831],[-10,-5,63791],[-8,-10,10240],[-3,-2,9042],[-10,-10,17141],[-9,-12,8817],[-5,-6,224775],[-14,-5,19185],[-9,-8,22642],[-20,-9,63390],[-10,-8,17449],[-5,-5,8222],[-8,-9,50808],[-11,-7,15078],[-19,-9,20078],[-6,-8,18885],[-9,-2,97184],[-16,3,0]],[[20311,15378,0],[3,3,13745],[-4,6,16356],[-8,23,20190],[-6,27,11557],[-2,15,11557],[-2,4,40037],[-8,28,13871],[-2,6,9764],[-8,25,32538],[-1,10,19019],[-7,27,94080],[0,7,8992],[-2,33,76915],[-4,7,15844],[-8,8,7314],[-4,4,15844],[-8,11,0]],[[20240,15622,0],[-6,12,13422],[-6,16,7404],[-2,5,79292],[-16,18,19922],[-4,4,7672],[-13,12,30339],[-10,12,10200],[-6,9,10200],[-7,8,205027],[5,-1,9199],[6,2,39382],[6,-3,13145],[5,-6,21555],[6,-5,11956],[6,0,11956],[5,-4,67308],[13,2,8620],[15,4,112115],[1,-5,9753],[4,-4,9753],[6,-9,38054],[4,0,7990],[5,-4,17621],[2,-6,17621],[12,-7,205027],[1,8,19943],[3,7,10002],[7,11,60405],[-1,13,8201],[-1,5,8201],[-1,19,38505],[2,6,13981],[-1,9,15173],[3,6,0]],[[20360,14556,0],[-2,2,12807],[-22,9,53965],[-3,4,18532],[-2,8,10031],[-1,9,140707],[1,24,22899],[-1,13,10350],[-2,8,28757],[1,30,17438],[0,30,0]],[[20329,14693,0],[8,0,12416],[10,-2,52193],[8,-6,7225],[2,0,10137],[11,-9,25384],[30,-15,151987],[-2,7,14887],[-8,13,57974],[-2,6,7737],[1,2,16548],[5,-1,16548],[0,9,19575],[6,9,8645],[2,5,151987],[13,-1,13110],[10,-4,10709],[5,0,36569],[10,-4,9173],[32,-11,150441],[-2,3,9546],[-2,10,17877],[-4,2,11806],[-3,7,65676],[4,2,9977],[0,4,16756],[5,14,8170],[1,5,27943],[6,1,385378],[19,-10,7740],[13,-8,7740],[5,-2,60492],[18,-5,19179],[14,-5,7861],[10,-3,8848],[13,-5,15392],[32,-11,109639],[19,-11,22351],[27,-17,16829],[31,-17,0]],[[20676,14645,0],[20,-10,13560],[3,-3,50434],[-9,-12,67588],[8,-2,9231],[27,-8,159239],[10,11,30696],[0,5,13451],[3,8,7688],[-1,4,7688],[3,2,56262],[9,0,18192],[8,5,38397],[9,16,0]],[[20898,14635,0],[6,-18,48265],[4,-1,9869],[5,2,19130],[8,8,0]],[[20921,14626,0],[18,-15,34853],[1,-4,8505],[-3,-4,0]],[[20937,14603,0],[-12,-10,32149],[5,-6,23978],[-7,-8,32149],[-8,6,10687],[-2,0,53696],[-13,-20,25258],[-12,-11,15887],[-8,-11,69001],[-6,-3,9904],[-7,-6,13986],[-12,-6,20172],[-14,-10,13543],[-14,-9,61038],[-5,-8,10215],[-2,-7,0]],[[20820,14494,0],[-3,-6,12133],[-12,-16,19634],[-4,-3,7650],[-4,-5,42895],[-3,-2,8350],[-11,-3,42895],[-5,-6,10403],[-2,-5,22718],[0,-9,34201],[-8,-4,7721],[-2,-1,0]],[[20799,15453,0],[11,6,41654],[25,-5,18875],[7,-1,7484],[5,1,59939],[8,5,16908],[10,-1,23488],[12,8,254804],[6,-6,26792],[9,-20,13355],[1,-5,9302],[4,-4,13355],[-1,-4,109270],[16,-2,18534],[5,-5,8328],[4,-1,28408],[8,2,18318],[9,-1,10526],[4,-3,18592],[3,-8,18592],[5,6,129526],[2,-3,7697],[1,-5,14555],[4,0,42138],[1,-4,9117],[0,-10,22252],[-4,-3,13743],[0,-5,8000],[2,-3,13743],[-4,-5,42278],[1,-4,9167],[4,-8,12800],[3,-3,28628],[-1,-9,14036],[3,0,14036],[0,-9,129526],[6,0,24010],[6,7,12441],[1,6,12441],[5,2,43246],[6,-2,12384],[10,0,0]],[[20996,15339,0],[0,-41,24599],[2,-40,0]],[[20998,15258,0],[-9,-1,24090],[-8,3,13149],[-5,5,67509],[-5,15,10222],[-1,5,29148],[-3,4,7041],[-4,3,11924],[-6,11,171093],[-3,2,10992],[-6,-3,27833],[-4,-5,7039],[-7,-8,13228],[-4,-2,35630],[-1,-11,35630],[-3,-3,9076],[-7,-2,19817],[-8,2,40306],[-4,-3,9877],[-1,-5,9877],[-6,-8,37597],[-10,7,0]],[[20893,15264,0],[-7,10,29851],[-3,7,7874],[-3,10,14965],[-4,9,7518],[-6,15,35970],[-8,15,12245],[-13,20,28860],[-4,12,19152],[-7,13,8263],[-4,6,11792],[-4,9,76666],[-12,18,32808],[-8,1,13746],[-6,5,76666],[-1,14,9670],[-2,15,16670],[1,5,11010],[-3,5,0]],[[20797,15456,0],[2,-3,0]],[[20893,15264,0],[-5,-6,12684],[-9,-6,43406],[-3,4,17672],[-10,0,13588],[-3,2,48438],[-11,-8,12468],[-10,-4,12468],[-4,-4,42646],[-9,2,25681],[-4,-1,7972],[-4,-3,7972],[-6,-3,219144],[-4,-7,15638],[2,-5,34087],[-4,-5,9618],[-2,1,15609],[-8,-8,9148],[-4,-5,37780],[-2,-6,8656],[-6,-12,11788],[0,-5,43378],[-9,-10,13253],[-5,-11,13253],[-5,-3,23255],[-3,-9,17029],[-10,-13,106678],[-5,-6,8618],[-5,-3,8618],[-2,-3,10884],[-5,-2,8276],[-2,-4,28230],[-4,0,17473],[-2,-5,9541],[0,-7,28230],[-4,2,7531],[-6,1,13094],[0,-3,0]],[[20720,15109,0],[-22,6,8956],[-9,2,41416],[-5,-1,9379],[-9,1,21333],[-4,-5,106394],[-18,8,16839],[-14,3,31172],[-15,7,7328],[-7,3,14535],[-7,5,31172],[-13,4,10514],[-12,2,27180],[-12,7,14720],[-11,4,186313],[-21,13,13995],[-6,6,33614],[-12,2,33614],[-7,3,8544],[-20,13,10813],[-4,3,29448],[-12,3,75309],[-1,11,7713],[-2,3,35103],[-15,6,432985],[-12,-23,23569],[-7,-5,52867],[1,-14,9283],[0,-3,44812],[-9,-7,28032],[-8,-21,251482],[-21,13,79554],[-16,4,19145],[-9,-1,19145],[-5,2,8442],[-13,3,39612],[-24,3,16142],[-28,1,10867],[-6,1,0]],[[20305,15171,0],[7,12,15126],[4,1,13749],[3,7,83351],[-5,37,39271],[1,2,11590],[0,19,14039],[2,7,22561],[-2,11,0]],[[20315,15267,0],[0,13,21230],[5,10,18692],[0,11,32271],[-5,4,16647],[-1,9,32271],[3,9,8388],[3,6,70632],[-6,8,17206],[-2,11,11248],[-2,4,42246],[-1,13,8335],[0,11,18677],[2,2,0]],[[21102,14432,0],[7,-3,13092],[12,-1,32056],[5,4,17378],[12,1,59995],[1,3,10165],[9,7,13785],[4,6,101823],[4,-4,9597],[5,-1,35762],[43,-1,76874],[-1,10,18799],[6,7,74975],[10,-3,13995],[12,-1,17149],[8,-3,33775],[18,1,0]],[[21257,14454,0],[-2,-18,13393],[1,-4,0]],[[21358,13979,0],[6,-14,31928],[0,-9,17445],[-6,-4,0]],[[21358,13952,0],[-100,80,209507],[5,6,7417],[0,3,33426],[24,-7,18128],[-6,4,95316],[-7,8,12077],[-12,18,39649],[-10,20,6995],[-6,11,11550],[-1,4,82276],[6,1,18766],[6,-8,23594],[7,3,209507],[-7,9,10649],[-11,16,11531],[-8,10,11094],[-11,14,27368],[-12,15,9317],[-4,4,9317],[-10,11,27368],[-6,12,143444],[-13,-8,18273],[-9,-2,59909],[-6,6,9122],[-13,11,299302],[1,8,7266],[0,6,13075],[3,14,76316],[-5,7,18283],[-8,25,21164],[-6,9,33936],[-3,8,9694],[-3,17,0]],[[21133,14287,0],[-2,15,20848],[-5,15,8709],[-2,3,30078],[-1,11,11897],[-2,10,9850],[-1,14,50908],[-7,22,16049],[-6,13,10800],[-3,9,50908],[0,7,9694],[-1,5,7732],[-1,10,15934],[0,11,0]],[[21053,14455,0],[12,2,23852],[17,-5,19707],[5,2,8774],[4,-1,71113],[2,-11,22660],[6,0,8798],[4,-3,22660],[-2,-1,7919],[1,-6,0]],[[21133,14287,0],[-5,-2,8284],[-6,0,15381],[-2,2,21546],[-11,-5,37530],[-5,4,7247],[-1,3,7247],[-3,1,108336],[0,-5,11056],[-4,-1,21091],[1,-6,7065],[0,-12,62781],[-2,-4,8091],[-5,-2,13919],[-2,-4,7424],[-2,-5,13919],[-4,-1,22067],[-12,-11,8212],[-3,-2,246987],[-8,13,23615],[-12,10,90363],[-11,4,10690],[-14,8,16299],[-4,3,41475],[-24,9,14283],[-3,3,10447],[-20,7,22231],[-11,4,0]],[[20960,14298,0],[-2,6,10424],[-6,10,23853],[-8,7,98624],[6,5,19859],[-2,9,19859],[1,6,9108],[4,9,38855],[-2,1,7389],[-1,6,13829],[1,11,69020],[6,9,21420],[5,1,7004],[6,3,100909],[-5,7,12091],[-12,21,16744],[-4,-2,16744],[-3,12,85223],[-1,5,8781],[3,1,8781],[2,6,7628],[0,4,22477],[4,4,9098],[4,7,0]],[[21858,14945,0],[18,-24,0]],[[21876,14921,0],[20,-29,114442],[-4,-7,10830],[-11,-26,55660],[-2,-17,15437],[0,-16,13542],[-2,-11,0]],[[21877,14815,0],[-4,-21,8755],[-3,0,8755],[3,-4,8755],[-2,-5,0]],[[21871,14785,0],[-13,5,8687],[-15,7,0]],[[20705,14854,0],[8,0,11214],[2,-2,8510],[3,2,8510],[8,-1,43192],[4,4,10018],[7,3,18489],[5,-2,20341],[5,5,10781],[4,0,8776],[4,4,54093],[4,-5,16381],[6,3,14795],[4,-4,0]],[[20733,14767,0],[-4,1,21373],[4,9,11159],[4,6,43080],[-4,4,10799],[-2,7,19792],[2,7,19792],[-2,8,11577],[0,8,12309],[-2,3,7369],[-1,4,87237],[-17,4,52679],[-4,10,8451],[-2,5,22336],[1,5,8989],[-1,6,0]],[[20820,14494,0],[20,0,13264],[11,1,36085],[8,2,8466],[7,4,22331],[9,2,10262],[11,0,81611],[-7,-12,25021],[5,-4,0]],[[20884,14487,0],[-4,-6,9112],[-2,-6,18697],[-2,-10,18697],[-3,-13,11249],[-7,-16,79251],[-8,-18,21264],[-13,-19,27049],[-34,-68,0]],[[20811,14331,0],[-54,8,0]],[[21334,14772,0],[-1,4,8040],[-4,4,14184],[1,4,14184],[-5,22,62601],[8,36,0]],[[21333,14842,0],[44,-5,163765],[45,-57,73888],[31,-18,73888],[5,-30,163765],[17,2,23891],[15,8,0]],[[21490,14742,0],[-5,-9,8301],[-10,-17,11317],[-5,-1,11317],[2,-5,0]],[[21472,14710,0],[-11,1,12379],[-7,-1,7033],[-5,0,47523],[-5,2,11790],[-14,13,0]],[[21430,14725,0],[-16,14,28470],[-7,4,10292],[-11,4,21477],[-8,7,51858],[-5,3,8928],[-10,3,13178],[-5,4,13178],[-6,1,7462],[-2,-1,0]],[[21360,14764,0],[-3,-1,11616],[-11,4,14756],[-1,-2,14430],[-11,7,0]],[[20897,14801,0],[2,5,8977],[4,1,23496],[4,-4,12797],[2,4,12797],[5,-4,0]],[[20914,14803,0],[2,-3,13789],[6,4,10549],[0,2,21374],[6,-3,8354],[2,1,7690],[3,-3,21529],[4,2,7449],[2,-1,7449],[2,2,40755],[13,-5,13477],[2,-4,0]],[[20956,14795,0],[-3,-3,9718],[-2,-6,13955],[-6,-6,13955],[-3,-6,33679],[-4,-3,8206],[-4,-1,9266],[-7,-5,30378],[-7,-9,10351],[-1,-4,92717],[3,-13,12681],[4,-8,59077],[0,-4,9389],[-4,-8,23365],[-7,-7,11477],[-7,-9,0]],[[21052,14707,0],[1,-9,14662],[4,-5,58495],[20,-6,15225],[20,-3,0]],[[21097,14684,0],[0,-2,10864],[7,-1,24034],[-2,-3,10835],[-7,0,11500],[-3,-4,35085],[-9,2,20338],[-11,-5,115162],[-4,-8,16880],[-1,-7,10335],[2,-4,52917],[6,-2,17375],[14,-11,52917],[-3,-5,24009],[3,-4,9732],[5,-1,9922],[5,-4,24942],[0,-10,18847],[5,-5,11005],[0,-4,115162],[-3,-6,10076],[-1,-6,19919],[2,-10,19919],[-3,-15,51386],[-9,-9,12304],[-4,-3,0]],[[20992,14655,0],[1,3,9179],[5,18,20884],[-1,6,7032],[1,6,20884],[6,13,0]],[[22172,14634,0],[-1,-7,19095],[-5,-3,10629],[0,-3,10629],[-7,-11,34278],[-9,-3,0]],[[22146,14619,0],[-2,2,0]],[[22144,14621,0],[2,4,17618],[5,3,8801],[3,4,9164],[5,4,14024],[3,4,0]],[[20784,14262,0],[17,-16,63159],[33,-45,14056],[68,-89,171020],[137,-134,0]],[[21039,13978,0],[-21,-25,17602],[-6,-9,8127],[-3,-4,37410],[-13,-9,37410],[-5,-6,7229],[-15,-15,7287],[-3,-3,7287],[-12,-14,24148],[-5,-8,26165],[-21,-22,13208],[-16,-17,32762],[-16,-19,7124],[-4,-6,247668],[-10,-8,9488],[-10,-6,55895],[-25,-12,24360],[-17,-8,14693],[-13,-7,8069],[-27,-14,8576],[-13,-5,0]],[[20784,13761,0],[-10,10,20880],[-27,33,38695],[-10,19,38695],[-10,7,9161],[-7,6,19296],[-7,8,172109],[-14,9,9760],[-7,4,30861],[-22,17,12176],[-10,8,93810],[-11,3,28412],[-10,-3,11621],[-8,-4,0]],[[21097,14684,0],[11,0,7733],[6,1,24827],[1,-5,39859],[9,2,15685],[7,6,12790],[5,1,84663],[11,-4,26785],[10,-6,12583],[11,-8,21322],[5,-3,7263],[7,-2,0]],[[21180,14666,0],[0,-2,0]],[[21180,14664,0],[0,-8,40380],[9,0,19247],[20,-7,108592],[8,-44,39073],[-3,-7,12090],[0,-7,99977],[10,7,7330],[6,5,10226],[9,6,99977],[12,-1,35178],[1,-4,9508],[4,-11,17601],[4,-2,69556],[-5,-13,16353],[-8,-11,87199],[3,-6,8776],[4,-1,8776],[11,-12,44570],[0,-4,9878],[-2,-9,31111],[3,0,9408],[3,5,9408],[7,7,15286],[1,4,0]],[[21277,14551,0],[12,-12,45522],[-21,-6,45522],[-6,-6,17372],[0,-8,17372],[-4,-5,13284],[-2,-7,8314],[-3,-3,94492],[4,-3,8321],[2,-4,15589],[0,-7,14130],[3,0,8996],[1,-5,51566],[-3,-8,19522],[-1,-12,9614],[-2,-7,7877],[0,-4,0]],[[21014,14848,0],[6,0,7094],[0,-1,9358],[16,1,0]],[[21036,14848,0],[2,-12,22461],[5,-9,10469],[3,-2,64924],[33,-10,0]],[[21041,14786,0],[-23,15,79775],[-5,14,34502],[1,33,0]],[[20998,15258,0],[3,-28,15525],[6,-49,53753],[-4,-14,0]],[[21003,15167,0],[-8,-14,16444],[-6,-5,21882],[-3,-10,50165],[1,-11,15057],[-1,-15,36564],[-8,-12,79527],[5,-29,60316],[-4,-14,18427],[-9,-16,0]],[[20970,15041,0],[-14,5,26944],[-3,0,8209],[-1,-4,19369],[-13,2,109347],[0,-10,18279],[-2,-12,11866],[-1,-15,8194],[-1,-5,35286],[-7,-17,183882],[-4,3,12232],[-3,-3,19209],[-8,8,37348],[-6,-3,10445],[-7,-6,37348],[-5,2,20025],[1,12,45661],[-9,7,21581],[-6,2,8888],[-7,0,8888],[-2,2,37271],[-2,8,9104],[-1,2,110985],[-4,-4,11537],[-12,-9,11537],[-7,-6,348886],[-10,5,25122],[-1,6,10014],[-4,6,25122],[-8,3,51741],[-2,4,8780],[-3,2,12651],[-8,15,24446],[-1,8,90327],[-19,3,28675],[-8,4,7402],[-9,5,90327],[4,8,12425],[5,5,46908],[0,5,14453],[-6,5,14828],[-4,12,160134],[-10,3,7485],[-11,2,16062],[-4,3,25745],[-11,1,7976],[-7,1,17755],[-9,3,0]],[[20983,14836,0],[0,22,10622],[1,23,34414],[0,14,13322],[-3,7,34414],[8,4,0]],[[20989,14906,0],[16,-27,42256],[4,-11,14114],[5,-20,0]],[[21020,14763,0],[-9,11,7635],[-25,29,79148],[-2,6,7143],[-2,8,24461],[1,19,0]],[[20323,15110,0],[-9,11,13582],[-7,10,63819],[-3,32,20108],[1,8,0]],[[20970,15041,0],[-5,-14,15638],[-5,-20,0]],[[20983,14836,0],[-9,5,17161],[-4,-3,21146],[-13,0,10419],[-6,-2,25460],[-5,1,8063],[-8,3,25460],[1,-8,25460],[3,-3,11229],[-7,1,13564],[0,3,6999],[-3,1,14304],[-12,-1,109574],[-1,-6,12857],[3,-13,32255],[-8,-11,0]],[[20705,14854,0],[2,7,14158],[7,7,21660],[1,9,29468],[5,0,8086],[3,1,16574],[4,5,10834],[5,1,25528],[-2,6,10771],[1,6,25528],[-4,-5,10085],[0,-3,9898],[-4,-4,142098],[-10,6,8906],[-2,3,41008],[-6,0,10880],[-4,-3,21267],[-4,1,10024],[-13,1,41008],[-7,4,15751],[-4,7,32038],[-5,-9,32038],[-15,6,9809],[-7,2,19775],[-3,-2,13149],[-7,2,6989],[-3,2,142098],[-16,13,23655],[-16,16,11971],[-16,15,45206],[-29,34,398330],[-12,-9,41752],[-8,15,30724],[-9,-4,41752],[8,-10,25076],[-6,-4,18287],[4,-5,47040],[-11,-5,13561],[-9,-2,15507],[-11,-5,10881],[-3,0,10881],[-9,-4,220643],[-8,5,19320],[-6,-4,19320],[-4,1,7211],[-4,0,12165],[-7,3,54336],[-21,14,8744],[-11,7,79689],[-2,1,8897],[-41,1,11998],[-10,0,71446],[-18,11,14163],[-6,5,0]],[[20352,14993,0],[-1,19,27230],[-2,7,8705],[0,3,8714],[-4,16,89712],[-6,5,10465],[-5,1,23605],[-10,-1,17877],[-2,5,13979],[-7,-1,133064],[0,8,14090],[4,6,29360],[0,5,8365],[-3,4,11486],[-1,10,45160],[0,5,7663],[2,7,16029],[4,4,10740],[3,9,16029],[-1,5,0]],[[21059,13383,0],[-9,-1,11354],[-7,2,0]],[[21043,13384,0],[-13,6,65361],[-19,26,13175],[-7,8,10778],[-10,14,41864],[-7,13,11365],[-8,13,80469],[-9,10,9522],[-8,7,35694],[-7,8,7170],[-48,55,20968],[-35,39,181450],[-13,29,17424],[-4,14,35124],[-14,23,0]],[[20841,13649,0],[-17,27,43593],[-22,49,17471],[-14,27,8276],[-4,9,0]],[[21039,13978,0],[46,-41,99767],[105,-115,56035],[59,-61,167825],[26,-6,0]],[[21275,13755,0],[-2,-7,25154],[0,-28,9070],[1,-7,77136],[5,-24,34898],[17,-46,77136],[-11,-5,0]],[[21285,13638,0],[-29,-11,17587],[-15,-8,42583],[-22,-16,43068],[-20,-9,11241],[-5,-3,22595],[-11,-4,7381],[-6,-2,12235],[-12,-5,22595],[-9,-6,123937],[-12,-14,12352],[-10,-14,35793],[-8,-6,11785],[-4,-1,353743],[1,-7,10797],[5,-16,20333],[8,-24,31681],[6,-30,17971],[13,-47,290180],[-25,-4,16500],[-14,1,12065],[-5,-2,79899],[-4,-3,8271],[-11,-7,24619],[-6,-8,10174],[-10,-9,61548],[-11,-1,7639],[-10,1,0]],[[21009,14751,0],[-2,0,7184],[-3,8,14187],[-7,5,47288],[-21,6,15668],[-8,-1,14389],[-4,3,75883],[-2,10,11899],[-4,7,9549],[-2,6,0]],[[20084,14476,0],[30,9,15752],[25,9,10183],[18,5,34550],[16,4,7812],[19,5,34550],[33,9,11290],[36,11,11290],[15,4,9976],[0,2,9976],[10,1,9976],[36,11,21648],[38,10,0]],[[20251,14112,0],[-5,-2,14719],[-9,3,31952],[-9,9,12486],[0,3,31952],[-19,5,0]],[[20209,14130,0],[-4,1,0]],[[20205,14131,0],[-6,2,21882],[2,4,10154],[-1,8,49197],[-5,3,13267],[0,5,19695],[-9,5,7391],[0,1,15624],[-10,10,29476],[0,4,8571],[-4,3,10558],[-4,11,29476],[1,3,12791],[-10,1,56958],[-1,5,9639],[1,10,19207],[-4,2,0]],[[20155,14208,0],[1,8,15278],[-3,5,15278],[-2,9,9499],[-2,6,8559],[0,3,8559],[-2,9,62347],[-3,41,8357],[0,15,8357],[-3,49,71141],[-4,25,11656],[-2,15,22397],[0,12,38145],[-7,23,234962],[-4,6,12212],[-15,18,28856],[-11,10,12413],[-8,6,18619],[-6,8,0]],[[21000,14703,0],[-10,-9,42975],[-12,5,28234],[0,5,7386],[2,5,13745],[-3,1,61628],[-12,-4,10608],[-5,-4,25835],[-9,-10,137158],[-5,-11,14228],[-17,-42,28494],[-5,-9,7611],[-3,-4,0]],[[21003,15167,0],[4,-3,18568],[15,-4,7633],[6,0,7633],[3,-2,55255],[10,0,8288],[18,1,20637],[6,0,8349],[7,0,7080],[7,-1,85703],[0,-6,28703],[5,-3,8579],[4,-3,9264],[9,-5,396387],[17,7,8634],[7,3,20177],[6,1,7729],[9,3,32718],[9,8,32718],[7,1,16462],[26,9,136451],[9,7,9649],[9,9,17979],[15,10,61251],[9,4,9591],[12,5,28408],[18,14,28408],[18,8,16442],[10,7,8741],[6,2,53561],[9,7,7395],[6,6,16394],[15,9,7589],[4,4,203825],[6,6,9069],[4,7,17427],[6,6,8351],[4,4,24790],[4,12,17760],[7,6,158376],[9,2,17136],[13,-3,39850],[12,6,8572],[8,3,42753],[12,2,16882],[20,-2,76685],[9,-7,13153],[8,-3,0]],[[21440,15304,0],[-4,-14,25664],[-6,-9,12344],[-2,-7,12344],[-5,-11,7096],[-3,-3,39431],[-4,-10,13344],[-3,-12,13344],[-4,-12,10253],[-2,-9,27149],[-6,-11,103340],[-12,-10,9795],[-10,-9,48568],[-6,-8,11120],[0,-4,11120],[-9,-18,194362],[2,-4,21468],[1,-32,38358],[3,-4,7724],[0,-2,10693],[4,-4,69696],[-2,-5,10430],[-8,-25,0]],[[22208,14375,0],[17,10,0]],[[22225,14385,0],[11,7,9939],[16,9,0]],[[22252,14401,0],[-2,-15,12923],[0,-23,0]],[[22249,14343,0],[-2,-22,0]],[[22247,14321,0],[-18,4,19659],[-6,-2,0]],[[22223,14323,0],[-4,9,23806],[-2,10,8266],[-3,12,15511],[-1,9,23806],[-2,6,7575],[-3,6,0]],[[22230,14443,0],[4,-7,9882],[1,1,8688],[4,-5,0]],[[22239,14432,0],[-1,-2,10960],[6,-9,32899],[-10,1,15631],[-7,5,32899],[-19,-6,0]],[[22208,14421,0],[-1,10,11568],[-4,10,0]],[[22104,14482,0],[0,-1,7123],[2,-7,7123],[1,-7,30296],[-4,-14,12774],[-1,-6,35922],[5,-9,0]],[[22107,14438,0],[-6,-1,0]],[[22101,14437,0],[-5,8,15753],[1,3,8722],[-4,2,8722],[-2,10,38861],[-6,30,17733],[1,3,0]],[[20937,14603,0],[3,-2,10929],[14,-16,0]],[[20960,14298,0],[-18,6,12261],[-18,5,29367],[-9,5,9754],[-8,2,9328],[-7,4,29367],[-18,3,90042],[-2,-1,9542],[-1,-6,9542],[-2,0,7583],[-1,-4,28349],[-6,-1,13033],[-1,-4,15224],[-6,1,89789],[-31,12,19396],[0,1,13510],[-15,8,9370],[-6,2,0]],[[20676,14645,0],[13,19,33062],[14,6,19329],[3,5,117065],[-6,16,59964],[8,8,31288],[6,27,51858],[-5,10,24910],[3,15,144180],[3,0,10483],[16,-4,7389],[9,-3,0]],[[21358,13952,0],[5,-11,21151],[0,-6,8124],[2,-2,8124],[-2,-3,10460],[1,-5,148688],[-7,0,12650],[-4,-3,7994],[-4,1,7994],[-1,-2,31932],[4,-9,41662],[-5,-4,15562],[1,-7,15562],[-2,-9,11772],[-5,-7,14165],[0,-3,7079],[-2,-2,7079],[1,-3,64973],[-6,-6,10995],[-5,-1,26562],[-1,-4,8340],[-5,-4,11388],[-2,-6,21799],[-6,-7,8415],[-4,-2,39153],[-4,-11,12233],[-4,-5,114595],[5,-9,10030],[5,-7,35102],[3,-6,8382],[1,-7,19731],[-1,-5,6981],[-2,-2,110142],[-24,-22,30160],[-13,-16,8210],[-2,-2,0]],[[21589,15438,0],[-20,-39,106696],[-7,-6,19506],[-17,-19,12380],[-13,-13,8416],[-11,-13,48633],[-6,-7,11221],[-12,-13,11221],[-9,-11,9279],[-17,-19,19513],[-12,-16,203829],[-25,22,0]],[[21462,15420,0],[1,-4,8964],[6,-5,45114],[5,-3,10089],[5,1,10089],[20,-1,8194],[7,-1,125132],[9,3,9169],[9,4,18605],[65,24,0]],[[21036,14848,0],[-5,16,21830],[0,17,46366],[-3,8,15039],[-8,12,18068],[-5,12,0]],[[21173,14696,0],[-8,0,28008],[-2,-7,7016],[-4,-8,57765],[4,-4,10734],[8,-6,15470],[7,0,15470],[2,-5,0]],[[20329,14693,0],[-1,17,35916],[3,39,20408],[5,30,20408],[0,16,73605],[10,32,118119],[1,4,7449],[0,25,25386],[-3,61,28302],[1,24,77432],[1,9,12739],[3,2,14394],[2,8,7533],[-1,3,16152],[3,5,7691],[2,6,44308],[-1,5,8222],[-2,5,13830],[0,9,0]],[[22829,13644,0],[-6,0,17967],[-3,-2,8252],[-3,-5,36453],[-4,-1,9320],[-11,2,15327],[-13,-2,7377],[-3,2,7377],[-3,-2,73148],[4,-5,7599],[1,0,18346],[3,-11,7797],[-1,0,0]],[[22790,13620,0],[-8,3,7271],[-13,4,8894],[-6,2,38641],[-1,3,7094],[-2,11,38641],[-7,-3,18592],[-4,0,7958],[-5,2,206281],[-4,15,23214],[1,9,13395],[-1,11,60040],[-4,6,12155],[-3,8,22680],[-7,7,9783],[-5,6,60040],[-12,34,39130],[-18,70,0]],[[22847,13845,0],[32,-92,0]],[[22879,13753,0],[-49,-17,0]],[[22830,13736,0],[-5,-1,36209],[5,-14,10756],[2,-11,12538],[1,0,7793],[3,-8,10571],[2,-6,68347],[-3,-12,20875],[-1,-13,10215],[0,-14,29614],[-5,-13,0]],[[22019,14632,0],[5,-2,10642],[0,-4,9400],[5,-2,31615],[7,3,11053],[3,4,0]],[[22026,14603,0],[-7,2,0]],[[22019,14605,0],[5,6,0]],[[21917,14383,0],[-5,12,0]],[[21912,14395,0],[6,0,7791],[8,3,20267],[11,6,0]],[[21937,14404,0],[0,-6,7923],[2,-5,21428],[7,-5,0]],[[21946,14388,0],[9,-3,22531],[6,-7,11335],[0,-4,0]],[[21961,14374,0],[-2,-2,14791],[-15,-1,38634],[-4,-5,11764],[1,-5,8892],[-3,-4,0]],[[22131,14666,0],[-4,-2,18948],[1,-15,36793],[5,-14,17443],[2,-12,52401],[9,-2,0]],[[22103,14604,0],[1,5,21947],[-6,6,12052],[-9,14,0]],[[22327,14336,0],[3,1,0]],[[22330,14337,0],[1,0,12833],[82,26,0]],[[22413,14363,0],[10,-23,0]],[[22423,14340,0],[-74,-28,0]],[[22349,14312,0],[-2,-4,10235],[-4,0,10235],[-6,-3,8224],[-3,-1,7997],[-4,-3,46310],[-3,-5,10994],[-4,-3,13274],[-1,-4,9101],[-5,-6,21945],[1,-4,7461],[-2,-2,0]],[[22316,14277,0],[-2,1,10270],[-9,-2,12215],[-5,1,7091],[-2,-2,7091],[-2,1,0]],[[22296,14276,0],[4,20,0]],[[21575,14729,0],[7,3,12122],[7,6,26412],[3,-6,26412],[10,0,17691],[2,4,7594],[3,2,13245],[3,-1,0]],[[21610,14737,0],[2,-2,8538],[2,-6,8538],[5,-13,33770],[5,1,14490],[1,-3,9785],[5,-1,8729],[0,-2,0]],[[21630,14711,0],[-15,-2,14570],[-8,-2,7409],[-9,-3,0]],[[21831,14542,0],[35,-14,0]],[[21866,14528,0],[-6,-4,22644],[-4,-7,13506],[1,-5,62986],[16,-17,20674],[2,-5,7272],[4,-6,0]],[[21879,14484,0],[-1,-3,0]],[[21854,14478,0],[1,3,14833],[-12,6,14833],[-8,7,10055],[-11,7,12291],[-7,7,12291],[-7,3,0]],[[21810,14511,0],[3,4,13037],[0,7,13544],[2,8,7120],[1,2,7120],[5,14,0]],[[22043,14580,0],[-3,-11,9872],[-1,-9,19272],[1,0,7087],[1,-5,0]],[[22041,14555,0],[-3,0,0]],[[22038,14555,0],[-11,1,0]],[[22027,14556,0],[4,7,25974],[0,5,11175],[-4,2,18730],[0,12,0]],[[22101,14016,0],[4,12,66909],[10,1,12749],[9,-1,23438],[6,3,7874],[0,2,15932],[7,-1,42221],[6,-6,22741],[7,5,22741],[11,-4,100068],[3,4,9557],[1,5,13814],[12,21,37221],[6,-1,0]],[[22183,14056,0],[-2,-13,8215],[-3,-4,8215],[0,-4,0]],[[22178,14035,0],[-4,-3,8687],[1,-2,15311],[-5,-12,8137],[-1,-6,40382],[4,-14,18862],[-2,-8,0]],[[22171,13990,0],[-4,1,10075],[-6,-2,24348],[0,-6,12732],[-5,0,9740],[0,-4,31927],[-12,2,94892],[-2,8,18306],[-8,14,63567],[-7,-4,9361],[-2,1,26929],[-1,4,7522],[0,6,7522],[-1,1,26929],[-11,2,10540],[-11,3,0]],[[21976,14755,0],[6,-3,7138],[3,-2,17101],[2,-6,0]],[[21987,14744,0],[2,-4,19014],[0,-14,8532],[-1,-5,8532],[1,-8,47861],[6,-5,7226],[6,-4,0]],[[22001,14704,0],[-5,-2,40339],[1,-12,14003],[-3,-6,18616],[1,-6,8055],[1,-13,24538],[-1,-13,11183],[-2,-3,0]],[[21993,14649,0],[-11,4,12995],[-12,2,0]],[[21970,14655,0],[-1,6,8422],[1,2,8422],[-1,6,7580],[0,4,0]],[[21969,14673,0],[2,4,12517],[-1,6,7279],[-1,4,12517],[1,11,32955],[4,13,15267],[1,11,15267],[3,5,50197],[0,5,7973],[-2,3,13688],[2,6,13688],[-1,12,10029],[-1,2,0]],[[22093,14579,0],[-5,2,9616],[-18,12,0]],[[21597,14786,0],[26,0,36840],[-1,8,0]],[[21622,14794,0],[7,0,17843],[2,-5,13079],[6,-2,43120],[2,-8,13523],[-4,-4,13523],[2,-7,86821],[-8,-3,9358],[-9,-3,25759],[-2,-2,8741],[-2,-6,13422],[-4,0,50352],[2,-9,18587],[-4,0,14752],[0,-8,0]],[[21548,14697,0],[-8,-8,9403],[-2,-6,8939],[-4,-2,27862],[-10,-4,0]],[[21524,14677,0],[2,12,7191],[1,2,0]],[[21527,14691,0],[4,5,20954],[2,13,15333],[5,13,0]],[[21538,14722,0],[2,2,8255],[2,7,17084],[-1,9,17191],[2,12,12817],[3,6,103284],[12,7,17081],[3,4,11804],[10,8,40606],[6,1,10196],[7,4,13817],[13,4,0]],[[21916,14661,0],[1,5,0]],[[21917,14666,0],[9,-1,11110],[10,0,18960],[5,-3,0]],[[21941,14662,0],[4,-2,7194],[4,0,12453],[5,-4,0]],[[21954,14656,0],[-5,-1,20133],[10,-9,11278],[0,-2,0]],[[21959,14644,0],[-5,2,7573],[-2,-2,7573],[-3,3,0]],[[21949,14647,0],[-4,3,10316],[-4,0,8678],[-5,2,14804],[1,2,21133],[-8,6,9631],[-1,-2,11662],[-12,3,0]],[[22165,14414,0],[3,1,8103],[1,-3,8103],[5,0,27768],[1,-3,11909],[8,-7,21358],[-2,0,7386],[-2,-4,0]],[[22163,14382,0],[-5,7,0]],[[22158,14389,0],[5,3,24757],[-5,5,13356],[6,0,13356],[1,10,9590],[2,2,9590],[-2,5,0]],[[22569,13764,0],[6,5,60960],[6,-3,11820],[13,-10,11820],[14,-9,11128],[10,-8,30124],[8,-3,10788],[13,-8,93308],[1,-2,8122],[7,-4,16015],[0,-2,8269],[5,-7,14632],[6,-5,27682],[1,-7,46589],[7,-1,12798],[1,-4,12798],[6,-4,7284],[5,-5,17977],[3,0,379845],[-4,-11,8038],[-2,-1,16636],[-3,-15,16636],[0,-8,11617],[-3,3,11617],[-5,-11,75459],[-2,-32,14178],[0,-24,207107],[-2,-5,24211],[3,-14,7348],[2,-5,16886],[3,-7,24211],[1,-15,32689],[2,-12,13787],[4,-11,25319],[0,-7,21082],[6,-26,73951],[3,-5,8418],[0,-5,8964],[4,-12,7653],[3,-5,7230],[0,-4,7230],[2,-3,15470],[2,-7,8477],[3,-9,377433],[9,3,16549],[10,9,94358],[6,-10,38365],[4,-1,9138],[16,-1,12301],[6,-1,50599],[3,-4,7187],[1,-4,15553],[5,0,18883],[1,-7,11082],[2,0,7196],[1,-3,72502],[9,-3,18940],[0,6,22178],[15,-2,0]],[[22786,13418,0],[5,-1,6973],[0,0,8834],[61,-15,0]],[[22852,13402,0],[6,-35,0]],[[22858,13367,0],[16,-97,131540],[-16,-63,0]],[[22858,13207,0],[-59,16,26806],[-3,3,0]],[[22796,13226,0],[-2,6,31846],[-5,-4,7024],[-3,0,7024],[-1,-3,14891],[-11,-6,84682],[-1,7,8398],[-2,6,9666],[-1,8,19483],[-3,3,9149],[0,5,9149],[-5,16,179506],[-5,1,26926],[-16,-11,14767],[-9,-5,101812],[-4,12,33693],[-4,-3,14209],[-10,1,41435],[-5,6,14767],[-1,6,8737],[-3,1,8737],[-2,7,30707],[-6,4,7652],[-4,1,101812],[-2,-13,8855],[-3,-6,50555],[-1,2,7044],[-4,8,20778],[-11,7,56545],[-22,5,11182],[-10,4,25251],[-11,6,52042],[-17,3,20147],[-10,-3,0]],[[22602,13297,0],[-1,5,9546],[-6,17,8002],[-1,5,29777],[2,8,15542],[-3,17,23685],[-2,5,7111],[-2,7,29777],[-5,30,10524],[-1,5,10524],[-3,20,20641],[-3,14,8031],[-1,11,9042],[-5,26,71158],[-3,22,8482],[0,7,8482],[-3,29,0]],[[22565,13525,0],[-3,23,9367],[-1,2,9367],[0,11,92642],[2,5,8241],[8,10,40690],[-1,6,7872],[1,2,15275],[-5,10,40690],[2,11,15094],[8,49,13387],[2,7,8830],[0,6,71225],[-2,9,15402],[3,7,15402],[2,25,22144],[-3,5,7126],[-1,5,22144],[4,12,0]],[[22581,13730,0],[-1,9,11443],[-3,9,25102],[-4,8,7011],[-4,8,0]],[[21450,14542,0],[5,4,25435],[-6,5,9969],[-5,2,15945],[-6,0,7288],[-3,-3,7288],[-1,2,15945],[8,5,0]],[[21442,14557,0],[13,2,0]],[[21455,14559,0],[3,-9,13339],[4,0,13339],[1,-6,36197],[6,0,13587],[5,5,0]],[[21474,14549,0],[3,-2,16194],[19,4,23505],[3,-3,52529],[-1,-4,10792],[-4,0,10792],[-14,-11,17295],[-6,-1,52529],[-1,-4,8509],[-4,-3,8509],[-4,-6,29809],[1,-7,8655],[-2,-3,8655],[2,-3,48737],[3,3,6995],[6,4,10030],[-1,1,7967],[5,4,16331],[5,2,52324],[3,-3,9456],[1,-7,26483],[-2,-3,7257],[-6,-5,26483],[-1,-3,7811],[0,-8,8788],[-1,-4,0]],[[21478,14487,0],[-9,2,8844],[-4,-2,8785],[-4,2,40430],[-1,9,21539],[-9,8,0]],[[21451,14506,0],[-2,4,7819],[1,4,21320],[6,5,8073],[3,4,43518],[-8,10,19973],[-1,9,0]],[[21881,14666,0],[6,-4,21510],[2,2,8218],[3,-2,8218],[10,0,21510],[0,-2,13060],[10,-2,9158],[2,-1,0]],[[21914,14657,0],[-2,-2,8722],[2,-3,8722],[-1,-5,0]],[[21913,14647,0],[-6,2,0]],[[21907,14649,0],[-21,5,10247],[-6,1,0]],[[21957,14347,0],[4,4,7906],[4,0,9224],[3,3,14733],[4,0,28555],[2,9,0]],[[21974,14363,0],[7,8,0]],[[21981,14371,0],[0,-11,10143],[1,-11,36014],[6,-7,15107],[4,-11,0]],[[21992,14331,0],[3,-8,12651],[0,-12,47198],[-5,-5,20916],[-2,-6,7146],[-2,-6,15300],[-5,-8,0]],[[21597,14786,0],[-40,30,70289],[-20,-5,280012],[-1,8,13056],[1,9,8066],[0,7,20364],[-2,6,8579],[-1,12,47893],[1,8,9421],[-1,22,10636],[0,9,9011],[0,24,30325],[1,37,11316],[1,10,47893],[-1,20,14563],[0,5,8512],[-1,24,541977],[3,20,20500],[9,32,35008],[4,10,12076],[7,20,35008],[2,12,13515],[10,40,23065],[9,31,242847],[33,34,83801],[12,35,35459],[7,12,9584],[7,14,111123],[23,5,0]],[[21723,15086,0],[3,-10,18568],[9,-10,26539],[4,-8,13588],[2,-12,32396],[7,-14,15876],[2,-1,12093],[8,-14,133598],[0,-9,12542],[3,-10,41404],[-5,-20,10573],[-2,-13,28876],[0,-19,0]],[[21757,14804,0],[-2,-6,26297],[6,-28,0]],[[21761,14770,0],[-29,14,21621],[-38,21,79599],[-6,1,7089],[-11,1,14049],[-5,3,14049],[-11,-1,19132],[-8,3,0]],[[21653,14812,0],[-3,-2,18210],[-10,1,9586],[-2,1,7350],[-5,1,50572],[-5,-9,6980],[-3,-2,19890],[-2,4,9814],[-4,0,19890],[3,-12,0]],[[21920,14554,0],[26,-4,22443],[17,-6,0]],[[21963,14544,0],[26,-8,0]],[[21916,14528,0],[4,17,16674],[0,9,0]],[[21890,14606,0],[18,-1,7983],[7,-1,0]],[[21915,14604,0],[10,-1,0]],[[21925,14603,0],[-3,-22,12756],[-2,-12,0]],[[21920,14569,0],[-20,3,49747],[-3,-19,56161],[-21,5,10982],[-3,0,0]],[[21873,14558,0],[-1,5,13477],[1,12,59885],[-31,4,0]],[[21753,14579,0],[3,2,25249],[3,21,19113],[0,1,7011],[4,8,122905],[16,-7,9599],[9,-3,26415],[17,-2,54291],[16,1,10933],[10,2,0]],[[22024,14264,0],[4,7,25610],[18,4,25610],[7,4,10265],[13,10,49615],[17,5,12631],[5,3,8070],[10,4,12631],[4,0,88049],[7,-2,8751],[4,-3,17726],[0,-5,0]],[[22113,14291,0],[-5,-5,8428],[-5,-4,15196],[-1,-5,66429],[0,-8,7378],[3,-12,16175],[1,-18,44561],[-5,-9,20992],[0,-14,91224],[-3,-2,8182],[-6,-4,8182],[-4,-3,15706],[-3,0,7578],[-3,-2,0]],[[22082,14205,0],[-11,-5,10748],[-13,-7,49875],[-4,-5,9109],[-4,-3,20474],[-3,-6,10589],[-4,-3,10589],[-5,-9,76805],[-3,-1,7028],[-10,-2,20419],[-10,2,7664],[-1,1,0]],[[22014,14167,0],[-1,5,9267],[-3,5,21728],[-8,1,42687],[-4,8,7870],[-7,14,21610],[-5,17,55574],[4,8,0]],[[21990,14225,0],[1,2,0]],[[21991,14227,0],[4,9,8047],[3,6,12788],[3,9,51952],[4,-2,16679],[1,5,7586],[4,3,16679],[14,7,0]],[[21917,14263,0],[8,8,32204],[11,0,14748],[13,3,0]],[[21949,14274,0],[3,-9,15598],[-2,-5,17839],[5,-12,22772],[-1,-10,0]],[[21954,14238,0],[-8,7,17431],[-5,-2,25195],[-3,3,8501],[-2,4,8501],[-5,6,7347],[-3,2,25195],[-5,-2,0]],[[21923,14256,0],[-6,7,0]],[[21887,14348,0],[-2,6,0]],[[21885,14354,0],[8,9,13530],[5,1,7372],[5,5,22721],[0,8,17962],[6,2,0]],[[21928,14336,0],[-6,-6,45990],[-1,2,8221],[-7,2,12629],[-4,-1,14118],[-5,2,8056],[-11,4,33853],[-3,7,10937],[-4,2,0]],[[21843,14797,0],[-3,-14,11266],[-4,-16,39405],[2,-11,15990],[0,-18,0]],[[21838,14738,0],[-2,-15,0]],[[21836,14723,0],[-12,8,12064],[-4,2,50235],[-8,-9,25649],[1,-11,0]],[[21813,14713,0],[-7,2,11570],[-1,-3,27165],[-7,4,10962],[0,-2,9519],[-6,2,9845],[0,2,9845],[-9,3,20321],[-2,4,0]],[[21781,14725,0],[2,18,11738],[3,10,27327],[7,16,41377],[2,9,9149],[1,12,10996],[2,12,10996],[-1,2,0]],[[22104,14573,0],[-7,-19,0]],[[22097,14554,0],[-11,6,19861],[-25,17,0]],[[21871,14785,0],[-3,-8,17315],[0,-6,8070],[-2,-14,51431],[3,-9,14829],[3,-6,10501],[3,-8,23937],[1,-12,0]],[[21876,14722,0],[-24,10,11164],[-14,6,0]],[[21876,14921,0],[3,5,12803],[5,17,37397],[-1,6,8635],[1,5,8635],[0,16,8590],[0,2,0]],[[21964,14818,0],[-2,6,10802],[-4,5,40445],[-10,0,13350],[-10,1,8408],[-4,1,0]],[[21934,14831,0],[-6,-1,9591],[-11,-4,21212],[-7,3,9906],[-4,-1,43118],[-11,-9,12368],[-4,-1,23571],[-8,-10,43118],[-2,4,8709],[-4,3,0]],[[21781,14725,0],[-2,1,0]],[[21779,14726,0],[-3,1,8816],[-3,6,14842],[-3,3,7803],[-7,3,0]],[[21763,14739,0],[0,12,12619],[-2,17,6998],[0,2,0]],[[22202,14568,0],[-45,-10,0]],[[22157,14558,0],[-1,11,18273],[5,3,0]],[[22041,14521,0],[7,2,0]],[[22048,14523,0],[13,-14,12878],[6,-5,0]],[[22067,14504,0],[-7,-7,15306],[-5,-1,28237],[4,-3,9907],[0,-4,0]],[[21813,14713,0],[0,-6,7399],[0,-4,0]],[[21813,14703,0],[-6,1,10793],[-3,-3,31947],[-1,-11,11240],[1,-8,0]],[[21804,14682,0],[-3,0,8304],[-5,3,0]],[[21796,14685,0],[0,3,7738],[-5,7,24318],[-5,1,12886],[-8,7,0]],[[21778,14703,0],[-1,1,7047],[0,10,17454],[2,12,0]],[[21951,14309,0],[-6,-2,19759],[-7,4,7346],[-5,2,14136],[-4,-1,0]],[[21929,14312,0],[-9,-4,9525],[-2,-3,28429],[-8,7,0]],[[21910,14312,0],[5,8,9768],[1,4,23161],[5,5,8845],[3,0,14201],[4,7,0]],[[21866,14528,0],[33,-13,14037],[7,-4,12972],[5,1,0]],[[21933,14501,0],[-16,-5,20831],[-16,-1,0]],[[21901,14495,0],[-13,-2,25444],[-5,-2,11488],[-4,-7,0]],[[22102,14434,0],[-1,3,0]],[[22107,14438,0],[8,-5,20361],[2,7,20361],[8,-4,16681],[5,-1,7466],[0,2,7466],[5,-1,31157],[0,6,7461],[1,-1,0]],[[22136,14441,0],[8,-2,12831],[-2,-3,12831],[12,-11,29655],[2,-1,11463],[-2,-7,0]],[[22154,14417,0],[-5,-4,8343],[-3,-1,17194],[-4,3,20630],[-9,-7,44511],[-4,4,13096],[-11,4,0]],[[22118,14416,0],[-2,5,9176],[0,5,28936],[-7,3,10660],[-2,3,7619],[-5,2,0]],[[22441,14180,0],[-27,-34,148755],[-30,23,28206],[-9,6,12749],[-7,2,71325],[-27,2,0]],[[22341,14179,0],[-3,10,0]],[[22338,14189,0],[4,1,22605],[-1,10,11331],[1,11,56478],[6,8,8655],[5,7,27579],[11,1,27579],[3,4,11564],[1,7,0]],[[22097,14554,0],[-3,-15,28508],[-3,1,10045],[-1,-5,10493],[-5,-2,0]],[[22085,14533,0],[-4,4,8412],[-5,3,26929],[-22,3,23483],[-6,4,0]],[[22048,14547,0],[1,2,12250],[-8,6,0]],[[22136,14441,0],[4,5,11572],[-3,3,9096],[3,2,0]],[[22140,14451,0],[13,-8,0]],[[22153,14443,0],[9,-6,18549],[9,-2,9206],[8,-2,18394],[5,-5,0]],[[22184,14428,0],[5,-9,21080],[3,-19,0]],[[22165,14414,0],[-8,0,12841],[-3,3,0]],[[21778,14495,0],[26,-11,30780],[0,-5,15140],[5,-6,11715],[2,2,0]],[[21811,14475,0],[0,-3,0]],[[21811,14472,0],[-2,-3,8030],[3,0,11086],[-3,-5,13625],[3,-3,30863],[-8,-7,7800],[-3,-3,0]],[[21801,14451,0],[-3,2,11162],[-5,-3,13109],[-18,2,18577],[-5,3,0]],[[21770,14455,0],[1,10,9492],[1,3,0]],[[21772,14468,0],[2,2,14068],[4,25,0]],[[21522,14653,0],[0,5,0]],[[21522,14658,0],[23,-2,7984],[6,-1,7984],[14,0,101385],[9,2,10329],[12,3,31686],[43,17,18936],[23,8,7560],[4,1,0]],[[21656,14686,0],[14,2,17037],[10,0,8230],[9,0,27481],[17,-3,0]],[[21706,14685,0],[35,-6,79306],[4,-5,7187],[5,-9,32913],[-3,-9,18357],[0,-6,10712],[3,-1,0]],[[21750,14649,0],[4,-12,11966],[0,-5,0]],[[21754,14632,0],[-13,-3,44519],[-21,9,21127],[-19,6,101705],[-22,0,42039],[-38,-10,27857],[-17,-1,121415],[-34,15,57362],[-37,2,0]],[[21553,14650,0],[-31,3,0]],[[21860,14424,0],[6,2,14833],[5,7,34402],[4,1,8366],[6,-2,11106],[11,1,23891],[4,4,0]],[[21906,14410,0],[0,-4,12942],[-6,-11,9418],[-2,-4,28358],[-9,-4,0]],[[21889,14387,0],[-2,2,0]],[[21656,14468,0],[20,3,10997],[11,1,39500],[9,-4,29348],[6,1,8168],[12,1,16793],[15,-1,0]],[[21729,14469,0],[1,-2,9962],[-4,-4,13318],[-3,0,7744],[3,-3,8813],[-3,-9,8813],[0,-2,0]],[[21723,14449,0],[-7,-1,0]],[[21716,14448,0],[-8,-2,10723],[-8,-4,27332],[-14,-3,16341],[-5,2,8414],[-6,0,26108],[-6,-5,0]],[[21669,14436,0],[-7,-8,15131],[-8,-3,0]],[[21954,14656,0],[16,-1,0]],[[21993,14649,0],[1,-2,9068],[10,-2,17907],[-1,-4,0]],[[21976,14641,0],[-12,-4,0]],[[21964,14637,0],[0,4,11177],[-5,3,0]],[[21948,14446,0],[-10,16,18066],[0,7,0]],[[21938,14469,0],[12,8,0]],[[22002,14429,0],[28,-20,0]],[[22030,14409,0],[-9,-3,10339],[-2,-3,8882],[-4,0,27313],[-1,8,27313],[-6,4,15621],[-6,-3,15621],[-16,2,0]],[[21986,14414,0],[-18,2,14384],[-7,-1,0]],[[21961,14415,0],[-2,4,7441],[-3,8,13125],[-1,6,19857],[-7,13,0]],[[22252,14401,0],[7,4,14700],[19,5,0]],[[22278,14410,0],[5,5,0]],[[22283,14415,0],[2,-2,7352],[9,-13,9966],[3,-4,38019],[5,-14,12319],[0,-7,0]],[[22302,14375,0],[-3,-9,0]],[[21956,14619,0],[15,-4,10238],[13,-3,0]],[[21984,14612,0],[-1,-20,0]],[[21983,14592,0],[-9,1,13597],[-18,7,0]],[[21956,14600,0],[-11,2,0]],[[21945,14602,0],[4,6,8242],[1,5,14638],[6,6,0]],[[21208,14739,0],[13,-10,19455],[25,-25,0]],[[21239,14668,0],[-7,1,27196],[-6,-12,15837],[-5,2,14884],[-1,-7,49478],[-9,2,27609],[3,13,49478],[-10,-1,9618],[-14,-3,17524],[-10,1,0]],[[21254,14828,0],[8,-5,12039],[5,-4,7905],[8,-6,27626],[5,8,24986],[10,-4,27626],[-7,-10,119650],[-3,-16,12338],[-1,-8,41895],[-3,-6,7212],[-3,-4,15800],[-1,-7,16840],[-6,-8,15111],[-4,-11,206411],[8,-1,17553],[10,-4,9502],[1,-2,9502],[7,-1,9502],[7,-4,25519],[1,-6,20035],[10,5,58576],[1,14,26959],[8,1,24110],[-1,-11,26959],[7,-1,17330],[-1,6,15624],[6,0,46095],[2,-9,7154],[1,1,7154],[0,-6,39313],[4,1,9240],[10,-1,22485],[1,6,0]],[[21344,14735,0],[5,-4,16432],[1,-8,9742],[3,-3,0]],[[21353,14720,0],[-4,0,13184],[-1,-4,8629],[-2,-2,16970],[-5,3,16970],[-13,-8,85333],[4,-1,14433],[-3,-7,23178],[-7,-11,36161],[4,-2,11144],[-2,-4,15042],[-10,1,15042],[-2,-2,10108],[7,-2,15042],[11,1,37391],[-3,-14,16152],[-4,-6,0]],[[21341,14636,0],[24,-6,0]],[[21365,14630,0],[-3,-10,8959],[-2,-3,29824],[-3,4,10989],[-5,1,29824],[-3,-2,6996],[-6,-2,15620],[-1,-3,9261],[-4,-1,8286],[-1,-3,18892],[-8,1,16007],[0,-5,11106],[-4,0,103239],[1,-5,7890],[-1,-6,18277],[-3,0,11246],[1,-8,11246],[-3,-11,50213],[-9,-8,22707],[-9,-16,0]],[[21302,14553,0],[-17,6,35571],[-8,-8,0]],[[21387,14468,0],[7,2,11097],[0,2,7270],[4,0,7270],[10,5,11097],[2,4,10644],[4,-2,10644],[7,3,52500],[5,3,8080],[11,9,16851],[7,3,27080],[5,9,8932],[2,0,0]],[[21478,14487,0],[-2,-6,9736],[0,-7,16801],[3,-8,0]],[[21366,14423,0],[0,5,10461],[5,9,17126],[1,5,7702],[0,8,43495],[8,1,29448],[2,5,9986],[5,12,0]],[[21836,14459,0],[4,6,10800],[4,3,29439],[7,0,7566],[4,-2,6984],[2,1,0]],[[21865,14455,0],[-1,-3,11644],[-7,-5,25799],[-6,3,15680],[-3,-2,7044],[-4,-1,0]],[[22102,14434,0],[-6,4,0]],[[22096,14438,0],[0,2,9400],[-8,2,9400],[-7,5,15591],[-3,5,36160],[-31,12,0]],[[21723,14449,0],[6,1,0]],[[21729,14450,0],[4,-1,13011],[6,-3,8553],[3,-5,20767],[3,-7,20767],[5,-4,9622],[6,-1,0]],[[21756,14429,0],[-1,-6,7481],[-3,-5,16603],[3,-3,8578],[-1,-4,33877],[-4,0,11976],[-2,-6,17014],[-5,1,40137],[-1,-3,8778],[-4,-14,15749],[-2,-14,0]],[[21736,14375,0],[-15,6,0]],[[21721,14381,0],[-6,3,8884],[-3,3,7537],[-5,1,46943],[2,8,8418],[3,9,13473],[0,6,0]],[[21712,14411,0],[1,14,10563],[1,12,17436],[2,11,0]],[[21510,14675,0],[2,-2,7129],[1,3,7129],[7,2,9552],[4,-1,0]],[[21569,14680,0],[-11,-6,10457],[-8,-2,13768],[-10,-7,17463],[-12,-5,8464],[-6,0,8464],[0,-2,0]],[[21522,14653,0],[-20,-1,0]],[[21502,14652,0],[0,13,0]],[[21502,14665,0],[2,7,8357],[-1,3,21484],[6,-2,10731],[1,2,0]],[[21371,14530,0],[6,3,8576],[14,2,16968],[9,5,0]],[[21400,14540,0],[6,1,7588],[0,1,11504],[14,3,30188],[4,-1,10452],[0,-5,30188],[11,1,7357],[15,2,0]],[[21387,14468,0],[1,7,7808],[1,11,12647],[3,13,44829],[10,8,8488],[3,2,44829],[-3,21,113140],[-10,-1,12587],[-1,-3,27365],[-6,0,9900],[-2,3,13080],[-6,-2,13080],[-5,1,8118],[-1,2,0]],[[22295,14273,0],[1,3,0]],[[22316,14277,0],[7,-8,14993],[5,0,18872],[6,-8,49720],[9,4,13412],[8,2,57909],[13,-5,32537],[12,-10,17679],[5,-9,0]],[[22338,14189,0],[-2,6,9615],[-4,8,36538],[-6,6,9210],[-6,3,17635],[-9,9,7377],[-4,6,79506],[-8,13,23516],[-3,8,11561],[-1,11,11561],[-2,3,40128],[2,11,0]],[[22858,13207,0],[-15,-56,0]],[[22843,13151,0],[-60,17,0]],[[22783,13168,0],[-4,0,7667],[-4,-2,19934],[-5,7,19934],[-4,2,7093],[-7,1,8500],[-1,2,25648],[-3,-5,24544],[-7,10,10653],[-4,4,74016],[-5,-2,13707],[-4,0,8366],[-1,4,13707],[-6,2,7842],[-7,1,25398],[-10,0,11050],[-8,1,12502],[-11,0,25398],[1,4,18996],[-7,1,7201],[-7,-1,117738],[-10,-5,29364],[-14,-2,14413],[-22,-1,0]],[[22633,13189,0],[1,8,23275],[11,5,78475],[-2,3,7465],[0,3,7792],[-4,7,8748],[-2,5,15053],[-3,4,7976],[-3,7,54649],[-11,-2,32835],[-5,8,10244],[-6,6,0]],[[22609,13243,0],[-4,12,10556],[-3,12,33259],[-1,29,12010],[1,1,0]],[[22118,14416,0],[1,-15,15538],[4,-10,24504],[-6,-4,19516],[4,-7,50366],[8,-4,11317],[3,1,0]],[[22132,14377,0],[-1,-2,8205],[-1,-12,26548],[-5,-5,7711],[-4,-2,0]],[[22121,14356,0],[-37,16,0]],[[22084,14372,0],[-6,31,69475],[8,9,8906],[3,6,13498],[3,7,13498],[2,0,7037],[2,2,36256],[-6,5,11513],[-1,3,20792],[4,3,7356],[3,0,0]],[[21876,14722,0],[-7,-9,15578],[-2,-8,0]],[[21867,14705,0],[0,-4,11165],[-4,-10,0]],[[21856,14695,0],[-7,15,26724],[-7,6,15321],[0,6,15321],[-6,1,0]],[[22619,14241,0],[59,-13,111104],[29,-38,0]],[[22707,14190,0],[33,-44,0]],[[22853,13630,0],[-4,-52,75252],[15,-22,0]],[[22864,13556,0],[-9,-7,31201],[-6,9,17115],[-1,-1,6973],[-3,0,0]],[[22845,13557,0],[-12,0,28480],[1,5,7187],[-1,2,21587],[-9,3,0]],[[22824,13567,0],[1,16,15591],[3,23,24156],[1,6,7113],[-1,-1,7113],[0,13,8296],[0,4,0]],[[22828,13628,0],[7,4,20108],[2,0,7196],[8,-4,14493],[0,3,7860],[3,-1,0]],[[22848,13630,0],[5,0,0]],[[22132,14377,0],[5,3,7380],[1,2,7380],[4,1,22931],[6,-5,30258],[3,3,11498],[5,-2,11498],[-3,5,11498],[5,5,0]],[[22171,14353,0],[5,-9,11809],[1,-8,0]],[[22153,14328,0],[-5,15,9977],[0,3,54028],[-20,6,11317],[-7,4,0]],[[22181,14451,0],[7,-1,10579],[6,2,17532],[6,-1,8389],[2,-2,0]],[[22208,14421,0],[-11,-2,33019],[-5,14,0]],[[22192,14433,0],[-4,6,7336],[-7,12,0]],[[22118,14160,0],[5,-4,15024],[5,-7,7258],[3,-2,9695],[4,-6,0]],[[22135,14141,0],[8,-8,25939],[-2,-3,9544],[0,-6,21134],[3,-6,9204],[3,-2,50395],[-3,-4,10474],[-1,-7,17170],[-5,-4,105515],[2,-4,12091],[6,-1,17534],[5,-8,43784],[3,2,10438],[4,-3,15167],[2,5,23333],[12,-4,78506],[7,-10,9409],[2,0,31125],[0,-17,15850],[2,-5,0]],[[22101,14016,0],[-3,1,15630],[-19,15,8358],[-4,3,30612],[-5,0,7142],[-7,1,12574],[-1,3,0]],[[22062,14039,0],[-4,6,19269],[-3,0,7298],[0,-2,7103],[-4,0,17290],[-4,5,0]],[[22047,14048,0],[3,6,17839],[0,8,9368],[-2,4,11242],[1,9,55361],[2,2,8592],[8,3,15733],[4,4,7286],[5,6,71831],[1,8,8928],[2,8,31431],[0,5,8264],[-2,6,14109],[-4,6,144916],[5,4,11652],[0,4,12915],[7,8,30046],[7,-2,30046],[9,7,15433],[8,11,48553],[7,-2,20419],[3,3,8221],[7,4,0]],[[22193,14199,0],[1,-3,9434],[5,-1,9434],[8,-4,45970],[8,-1,7705],[7,0,21278],[6,3,9172],[3,-1,9172],[10,2,0]],[[22241,14194,0],[0,-20,8946],[1,-9,44862],[3,-14,16606],[9,-21,0]],[[22254,14130,0],[-13,-3,25113],[-4,0,9823],[-14,4,31415],[-15,-4,16791],[-9,0,87717],[-27,19,10465],[-2,2,0]],[[22170,14148,0],[7,5,39104],[1,4,8370],[5,18,24623],[3,6,11687],[4,11,9112],[3,7,0]],[[21655,14710,0],[3,0,9545],[0,3,7657],[-3,2,11744],[4,5,11744],[1,6,26711],[8,5,0]],[[21668,14731,0],[4,3,17154],[3,-3,9008],[5,-3,17154],[13,-1,11365],[11,-4,16089],[1,-3,14725],[4,-1,7389],[6,0,50370],[2,7,16251],[5,0,0]],[[21722,14726,0],[-3,-15,16694],[-2,1,15247],[-3,-14,27887],[-6,0,21998],[-2,-13,0]],[[21656,14686,0],[-2,8,12958],[2,2,12958],[-1,11,7094],[4,1,7094],[-4,2,0]],[[21353,14720,0],[9,-5,8650],[4,-3,9536],[8,-5,0]],[[21374,14707,0],[3,-4,8093],[5,-14,13891],[3,-9,41018],[2,-15,8603],[0,-7,22977],[6,-8,22977],[-2,-12,0]],[[21391,14638,0],[-24,3,21630],[-22,5,0]],[[21964,14276,0],[-7,1,0]],[[21957,14277,0],[-7,-2,0]],[[21950,14275,0],[-1,9,9665],[-3,7,35906],[-6,4,10258],[-5,5,21134],[-3,8,9359],[-3,4,0]],[[21736,14375,0],[57,-14,0]],[[21793,14361,0],[2,-8,13704],[7,-10,38113],[4,0,7119],[6,2,22753],[0,-8,13952],[5,0,0]],[[21817,14337,0],[-2,-7,0]],[[21815,14330,0],[-12,0,10350],[-9,-1,18778],[-6,-3,31071],[-18,3,31071],[-13,-3,20154],[-28,-1,51590],[-1,4,30698],[-35,-2,0]],[[21693,14327,0],[1,8,31772],[6,9,8592],[2,5,11915],[4,4,11915],[3,8,11915],[5,10,8927],[7,10,0]],[[21982,14279,0],[2,-6,8778],[-1,-5,8426],[2,-6,19595],[-1,-5,11035],[0,-6,7781],[0,-7,38843],[7,-17,0]],[[21991,14227,0],[-6,2,13628],[-1,2,7917],[-6,4,36701],[-6,11,16058],[-9,9,14709],[0,6,14092],[-4,1,51448],[0,11,13759],[-2,4,0]],[[21796,14685,0],[-4,-6,27769],[13,-14,35718],[12,-3,0]],[[21817,14662,0],[15,-4,0]],[[21832,14658,0],[-1,0,7716],[-1,-6,0]],[[21778,14666,0],[-1,8,10525],[-2,3,26194],[2,9,7750],[2,1,7750],[2,10,24956],[-3,6,0]],[[22302,14375,0],[5,1,8109],[7,-1,12712],[0,2,8135],[7,0,20643],[0,-2,8690],[5,-1,0]],[[22326,14374,0],[1,0,18766],[71,28,0]],[[21922,14450,0],[10,16,21862],[6,3,0]],[[21948,14446,0],[-8,-5,15129],[-8,-1,27470],[-6,-4,7306],[-1,-2,11554],[-7,-3,17613],[0,-4,0]],[[21918,14427,0],[-1,-2,11317],[-5,-3,7005],[-3,0,0]],[[21952,14678,0],[5,-4,15639],[12,-1,0]],[[21941,14662,0],[5,8,9421],[2,6,14881],[4,2,0]],[[21815,14678,0],[17,-6,23006],[1,-5,0]],[[21833,14667,0],[-1,-9,0]],[[21817,14662,0],[0,7,8345],[-3,5,8345],[1,4,0]],[[21920,14569,0],[28,-4,0]],[[21948,14565,0],[22,-2,0]],[[21970,14563,0],[-7,-19,0]],[[21920,14554,0],[0,15,0]],[[21946,14388,0],[5,4,9458],[4,6,21536],[5,-3,21536],[5,4,15522],[-2,4,9218],[1,3,44489],[9,-7,0]],[[21974,14363,0],[-13,11,0]],[[21372,14628,0],[19,-5,7937],[28,-6,22354],[9,-1,0]],[[21428,14616,0],[-1,-3,8268],[-5,-10,0]],[[21422,14603,0],[-8,-1,17125],[-11,-7,16920],[-6,-1,0]],[[21397,14594,0],[-6,4,7561],[-5,1,0]],[[21386,14599,0],[-2,1,8548],[1,4,15057],[-4,1,8678],[-1,4,8678],[-7,5,32408],[2,5,14249],[-3,9,0]],[[21344,14735,0],[0,2,8797],[-8,5,18185],[0,6,0]],[[21336,14748,0],[2,1,8512],[6,-7,18618],[10,-2,21219],[-1,-4,12488],[6,-3,38677],[6,0,10687],[2,3,13616],[6,-2,76530],[2,4,7201],[-1,2,15481],[-6,1,20835],[-1,7,13912],[-7,16,0]],[[21430,14725,0],[-3,-8,0]],[[21427,14717,0],[-3,-3,7173],[-5,-1,15215],[0,-5,31562],[-10,0,23027],[1,8,31562],[-4,2,7379],[-2,-2,7379],[-9,-1,26508],[0,-2,8738],[-5,-1,10453],[0,-3,23514],[-10,0,13852],[-1,-3,10152],[-5,1,0]],[[22042,14456,0],[2,-5,9776],[0,-8,25272],[1,-3,7035],[5,-6,8175],[0,-3,8175],[4,-6,64409],[-5,-21,17950],[1,-6,10895],[-3,-11,0]],[[22047,14387,0],[-17,22,0]],[[22036,14711,0],[-30,5,51287],[-1,-11,17363],[-4,-1,0]],[[21987,14744,0],[1,1,15801],[35,21,0]],[[21474,14549,0],[-1,4,12912],[5,1,12912],[10,10,27058],[-1,7,47365],[8,3,9204],[13,6,155230],[1,3,7422],[2,-4,7422],[-2,-1,7422],[2,-5,23759],[16,-11,13468],[4,-5,40346],[6,-13,20750],[9,-11,74434],[2,-7,9539],[1,-11,14868],[-1,-8,0]],[[21624,14148,0],[17,-5,32033],[8,-12,62584],[4,-1,9061],[4,3,24455],[4,13,68327],[12,-2,14996],[11,1,35587],[-1,-8,35587],[10,-5,21756],[37,-9,94966],[11,-5,13660],[2,1,8628],[2,-5,11246],[6,-2,26498],[3,-7,199705],[4,-1,8448],[4,3,16128],[5,-3,16128],[14,-1,9774],[5,-2,31284],[3,1,7352],[7,5,31284],[3,1,9273],[5,-4,9282],[4,0,9282],[4,-3,48156],[7,2,7802],[11,2,15771],[5,-1,9468],[9,2,58729],[5,3,21691],[4,-3,11815],[8,-2,7632],[4,0,21691],[4,2,8431],[4,0,15825],[6,-3,15825],[3,0,7038],[10,-1,11088],[8,-1,8010],[5,0,0]],[[21905,14101,0],[6,0,12339],[6,4,20416],[11,-1,90260],[10,-6,9601],[6,-5,31449],[12,-2,9054],[6,-3,9054],[2,1,54738],[5,-5,15201],[-2,-7,46725],[13,-4,22048],[11,-6,12033],[9,-6,117254],[5,5,15486],[3,6,8398],[1,7,0]],[[22009,14079,0],[4,-1,10669],[7,-7,11042],[7,-4,13138],[1,-3,11828],[7,-3,24652],[3,-5,8021],[3,-5,19493],[6,-3,0]],[[22062,14039,0],[-5,-3,10092],[-1,-5,21619],[-5,0,10411],[-8,-3,35083],[-3,-6,9383],[-2,-7,114583],[-3,1,7767],[-3,-2,10880],[-15,-3,13961],[-8,0,45823],[-7,4,7296],[-2,1,11076],[-6,4,60351],[-1,-2,9784],[-12,-6,24374],[-15,-3,43283],[-14,4,0]],[[21952,14013,0],[-8,5,28990],[-5,-2,7902],[-2,-3,8123],[-4,-3,31974],[3,-10,18176],[-3,-6,31974],[-10,9,103258],[-27,10,10036],[-1,2,9529],[-13,3,51281],[-25,19,127700],[-27,-4,28425],[-18,0,24484],[-30,-3,328466],[-2,-12,7969],[-2,-6,16542],[-6,-3,13686],[3,-4,35913],[-3,-10,11876],[0,-9,11876],[-1,-7,7673],[1,-2,7673],[-2,-11,18525],[-2,-9,125217],[-4,-4,9050],[-7,-5,25966],[-26,-11,0]],[[21731,13937,0],[-10,-15,55125],[-14,-35,9933],[-10,-29,27859],[-11,-35,365223],[-40,5,41012],[-62,4,16340],[-31,1,156186],[-17,-4,34613],[-10,-14,41146],[-26,-7,0]],[[21500,13808,0],[-4,16,20720],[-9,15,22566],[-3,14,73393],[-10,16,14998],[-8,17,18119],[-3,5,7757],[-9,16,34995],[-10,9,26318],[-8,17,147063],[-2,4,6994],[-4,3,14906],[-5,0,14906],[-5,3,8169],[-4,4,7656],[-4,2,48283],[-4,5,8248],[-2,5,20858],[-4,2,7856],[-7,6,20858],[-6,7,8574],[-5,8,0]],[[22493,14277,0],[8,-5,13238],[19,-9,23601],[13,-4,0]],[[22506,14135,0],[-65,45,0]],[[21391,14638,0],[15,-2,24192],[41,2,0]],[[21447,14638,0],[8,1,0]],[[21455,14639,0],[1,-16,13334],[-1,-3,0]],[[21455,14620,0],[-9,-2,12983],[-18,-2,0]],[[21372,14628,0],[-7,2,0]],[[22459,14012,0],[-18,9,38570],[-9,1,13065],[-15,0,9036],[-8,1,54077],[-7,3,15563],[-12,11,108101],[-15,-1,17029],[-2,-3,20823],[-5,-1,7007],[-3,2,7007],[-6,-1,15853],[-4,-1,7970],[-8,-1,89790],[-2,2,8366],[-5,9,41099],[-13,4,10020],[-6,0,20915],[-2,4,13909],[-10,3,69786],[-6,-1,6976],[-5,-2,16848],[-5,3,18921],[-5,-3,8047],[-2,1,8047],[-3,-3,18921],[-4,3,0]],[[22279,14051,0],[-3,3,11688],[2,5,13710],[-2,5,8337],[-2,7,24093],[3,3,27992],[0,4,9214],[-4,3,13800],[-2,7,8216],[-2,4,24914],[2,5,7086],[-1,4,92243],[13,-3,47771],[9,27,0]],[[22292,14125,0],[10,-11,34092],[2,-1,7475],[15,0,114369],[5,7,18616],[5,19,28169],[3,4,7548],[4,2,50945],[-1,8,18474],[3,8,7557],[3,10,16532],[0,8,0]],[[21984,14612,0],[20,-3,16485],[15,-4,0]],[[22018,14585,0],[-18,5,16746],[-9,0,8479],[-8,2,0]],[[21811,14472,0],[9,-6,12449],[14,-6,0]],[[21817,14700,0],[16,-3,7571],[9,-1,15430],[14,-1,0]],[[21855,14668,0],[-8,0,0]],[[21847,14668,0],[-1,3,9107],[-7,6,18223],[4,2,15350],[-6,6,34586],[-7,3,8268],[-5,1,8050],[-5,2,30843],[0,4,9894],[-4,2,9894],[1,3,0]],[[21763,14714,0],[1,10,13107],[-1,15,0]],[[21772,14668,0],[-11,5,0]],[[21761,14673,0],[-1,20,21159],[3,21,0]],[[21833,14667,0],[15,-1,14360],[-1,2,0]],[[21712,14411,0],[-18,-1,35523],[-11,7,13871],[1,3,13871],[-2,1,7714],[-6,-1,59342],[2,7,8063],[3,2,30470],[-9,4,8169],[-2,-1,8169],[-1,4,0]],[[21455,14620,0],[1,-3,8878],[5,-3,10331],[2,-4,16833],[-4,0,16991],[-1,-11,20579],[-4,0,20313],[2,-15,20579],[4,1,45449],[-1,-4,7700],[2,-5,9766],[-1,-9,7090],[-1,-4,24024],[-4,-4,0]],[[21442,14557,0],[0,2,11546],[-13,1,16985],[-7,5,71163],[0,7,9327],[0,31,0]],[[21918,14427,0],[3,-3,8056],[1,-5,32464],[5,-1,9107],[12,1,17784],[3,-1,7897],[0,-2,0]],[[21942,14416,0],[1,-6,15515],[-6,-6,0]],[[21912,14395,0],[-2,8,10315],[-4,7,0]],[[22247,14321,0],[6,-3,16993],[17,-3,28669],[10,-8,13079],[7,-3,39218],[10,2,0]],[[22295,14273,0],[-6,-5,18719],[-2,-10,18719],[-10,-16,58390],[-3,-4,10005],[-3,1,10005],[-11,-5,8409],[-5,-1,0]],[[22255,14233,0],[-4,11,8059],[-3,11,8508],[-14,45,15414],[-5,15,41082],[-6,8,0]],[[21810,14511,0],[-3,-4,11496],[-8,-5,40992],[-3,3,8719],[-5,2,26751],[-7,0,8012],[-6,-2,10955],[-4,0,0]],[[21774,14505,0],[-3,1,14267],[-8,-10,35447],[-8,4,12653],[-8,1,26080],[0,-4,11653],[-7,-1,0]],[[21740,14496,0],[5,13,14980],[2,9,8430],[3,12,12935],[2,4,30618],[0,21,14165],[2,0,0]],[[21914,14657,0],[2,4,0]],[[21916,14661,0],[10,-9,42488],[3,-8,17058],[0,-20,0]],[[21929,14624,0],[-5,-2,8675],[1,-2,19819],[0,-17,0]],[[21915,14604,0],[-1,17,10338],[-1,1,16112],[0,25,0]],[[21793,14361,0],[4,2,9859],[9,6,13628],[7,9,13628],[1,-2,25567],[6,4,7667],[6,6,11748],[2,4,0]],[[21828,14390,0],[9,-3,12585],[3,2,17352],[5,-2,7639],[5,-3,14966],[-1,-2,8391],[7,2,33074],[11,-9,69393],[2,-2,7311],[2,-13,20606],[4,-6,7639],[2,-1,0]],[[21877,14353,0],[-8,-12,13626],[-2,-7,0]],[[21867,14334,0],[-5,3,8221],[-6,7,20972],[-8,-3,8777],[-1,2,7433],[-4,-2,20972],[3,6,60524],[-3,0,7408],[-2,-3,11288],[-17,-4,10160],[-7,-3,0]],[[21907,14649,0],[-2,-6,7308],[-3,-1,17255],[-6,0,15160],[0,-7,12712],[-4,1,0]],[[21889,14387,0],[-3,-9,12961],[-5,-6,14502],[-3,-8,42191],[3,-7,11142],[4,-3,0]],[[21887,14348,0],[-3,0,7687],[-4,4,7263],[-3,1,0]],[[22207,14456,0],[3,6,13910],[6,2,19619],[-1,6,0]],[[22262,14447,0],[3,-8,30001],[-8,-7,11202],[-6,-8,0]],[[22251,14424,0],[-5,3,7872],[-2,-1,14877],[-5,6,0]],[[21934,14831,0],[-2,-7,16545],[3,-13,21345],[0,-23,12300],[-1,-15,62182],[-3,-3,9917],[-6,-11,14141],[-1,-5,0]],[[21924,14754,0],[-2,-8,22535],[-2,-2,7090],[-12,-8,49839],[1,-14,21468],[-3,-11,8537],[-2,-3,0]],[[21904,14708,0],[-6,-11,7674],[-1,-4,13952],[-5,-8,0]],[[21892,14685,0],[-10,-2,39547],[-3,3,10645],[-1,7,19359],[-5,2,14399],[-6,10,0]],[[22157,14558,0],[1,-8,0]],[[22136,14528,0],[2,15,0]],[[22138,14543,0],[0,11,0]],[[22186,14361,0],[4,-6,16375],[0,-7,7570],[-2,-2,35042],[-5,-1,8054],[-3,2,19565],[-5,7,0]],[[21774,14505,0],[4,-10,0]],[[21772,14468,0],[-12,4,8287],[-3,2,8287],[-7,1,26404],[-1,-3,18532],[-6,0,10810],[-11,4,0]],[[21732,14476,0],[8,19,7890],[0,1,0]],[[21878,14274,0],[3,-2,22214],[10,4,12672],[10,6,59374],[2,-2,14986],[1,-13,7782],[0,-3,38298],[6,-3,14989],[4,0,7286],[3,2,0]],[[21923,14256,0],[0,-4,11998],[7,-10,27639],[-2,-5,8190],[1,-3,10802],[-2,-4,54079],[10,-4,32512],[8,-8,17091],[3,-8,8586],[4,-6,45618],[-4,-3,12598],[1,-6,0]],[[21949,14195,0],[-3,0,9555],[-3,4,23908],[-10,4,8773],[-8,3,11577],[-7,1,10884],[-8,3,32696],[-2,-1,9847],[-8,1,9847],[-6,-1,30635],[-5,4,7401],[-2,2,10117],[-4,2,153705],[-3,8,19769],[-3,6,8515],[-2,-1,8976],[-7,11,19880],[-5,0,19880],[2,6,12660],[-4,4,8715],[-4,0,7862],[5,3,81307],[10,10,14427],[2,5,9002],[4,5,0]],[[21984,14410,0],[2,4,0]],[[22030,14409,0],[-4,-5,11842],[-2,-7,8722],[-4,-6,26884],[-9,-5,10258],[-1,-3,0]],[[22825,13085,0],[-22,-85,0]],[[22803,13000,0],[-11,5,16778],[-8,6,8200],[-16,10,19395],[-4,1,7302],[-4,3,6973],[-2,1,6973],[-3,1,6973],[-1,1,6973],[0,0,0]],[[22754,13028,0],[-7,6,16005],[-15,10,43593],[4,3,10112],[2,5,44485],[-2,4,10314],[-3,-2,10314],[-5,4,21126],[0,6,7210],[-1,2,29002],[-13,3,73614],[0,6,15631],[6,9,0]],[[22720,13084,0],[0,2,8686],[5,3,9130],[0,2,34134],[-9,5,7731],[-3,1,9103],[-4,4,9103],[-2,-1,82885],[-2,9,17458],[5,-1,9696],[1,-3,17458],[4,8,32750],[2,-1,8903],[6,-8,33753],[10,2,20447],[32,-2,44405],[5,-5,8461],[3,0,0]],[[22773,13099,0],[8,-1,16787],[44,-13,0]],[[22288,14420,0],[1,1,0]],[[22394,14411,0],[-64,-26,12449],[-3,0,6973],[0,-1,6973],[0,0,6973],[-1,0,0]],[[22326,14384,0],[-1,-1,7009],[0,8,21613],[-2,3,7437],[-4,3,10218],[-4,8,9681],[-3,2,49816],[-9,1,25896],[-8,4,13773],[-7,8,0]],[[21992,14331,0],[9,1,26366],[12,-5,12963],[6,-5,44503],[8,4,9764],[3,3,18167],[4,-1,0]],[[22034,14328,0],[-3,-16,17767],[1,-7,7143],[-1,-4,35812],[-6,-11,13260],[-4,-11,35812],[2,-8,9005],[-1,-3,9005],[2,-4,0]],[[22423,14340,0],[5,-7,16290],[25,-26,0]],[[21841,14479,0],[-5,2,9943],[-11,2,9943],[-8,2,42719],[-1,-4,8098],[-5,-6,0]],[[21873,14558,0],[4,-12,34347],[-6,-15,16451],[-5,-3,0]],[[21986,14146,0],[5,2,15923],[8,5,7725],[14,10,22757],[1,4,0]],[[22082,14205,0],[0,-6,15575],[6,-2,15575],[6,-4,7105],[5,-6,25533],[4,0,9940],[8,-5,55551],[2,-8,10702],[0,-7,17876],[5,-7,0]],[[22009,14079,0],[-3,4,17046],[1,4,7747],[-1,3,10866],[2,4,16762],[-3,3,17046],[-5,13,13091],[-3,2,8869],[1,5,29465],[-8,15,9413],[-3,1,9413],[-1,5,26313],[2,5,9498],[-2,3,0]],[[21538,14722,0],[-43,22,37562],[-5,-2,0]],[[21333,14842,0],[-32,8,8073],[-14,3,52915],[-9,11,8805],[-2,1,0]],[[22084,14372,0],[-22,8,10152],[-15,7,0]],[[21942,14416,0],[5,0,9068],[10,-2,12815],[4,1,0]],[[21661,14326,0],[32,1,0]],[[21815,14330,0],[-2,-3,13348],[-1,-10,8625],[1,-3,47301],[12,-4,22202],[3,7,18448],[7,-3,47301],[12,-14,30517],[12,-3,0]],[[21859,14297,0],[3,-1,18387],[13,-15,14339],[3,-7,0]],[[21949,14195,0],[-1,-5,20913],[6,-4,13336],[3,-5,10084],[4,-3,23098],[1,-8,0]],[[21962,14170,0],[-5,2,18337],[-5,-2,9569],[-6,1,10116],[-6,-2,10116],[-7,1,20345],[-14,3,20345],[-3,-3,11130],[-6,0,67838],[-6,-9,15044],[-7,-4,156060],[4,-9,31624],[0,-11,7810],[1,-10,12644],[2,-7,12644],[-1,-9,18581],[6,-3,18581],[-4,-7,0]],[[22097,14554,0],[11,-6,14286],[15,-11,0]],[[21653,14812,0],[0,-5,8124],[-3,-3,29258],[1,-2,7929],[6,-5,19225],[-1,-1,10411],[3,-8,38418],[-3,-1,9869],[-7,2,7187],[-3,0,36198],[-1,-7,12278],[3,-9,38418],[13,-2,56637],[-2,-6,10688],[-4,-4,30270],[2,-7,9273],[-1,-2,19527],[6,-2,33279],[-5,-2,11977],[-3,-5,19707],[1,-7,56637],[10,-2,11101],[3,-3,0]],[[21655,14710,0],[-25,1,0]],[[22111,14477,0],[5,-8,14212],[8,-8,7231],[4,-3,27125],[12,-7,0]],[[21925,14603,0],[9,-1,11631],[11,0,0]],[[21956,14600,0],[-3,-15,15447],[-5,-20,0]],[[21455,14639,0],[24,3,31608],[23,10,0]],[[21553,14650,0],[2,-11,7013],[1,-6,26319],[9,-16,94830],[20,-10,23020],[18,-5,37380],[8,5,29876],[9,-3,7956],[12,-2,37380],[-2,-12,37380],[-3,1,9498],[-7,7,18550],[-8,0,261225],[-3,-13,7939],[-2,-5,9545],[-3,-14,41111],[8,-2,41111],[2,-18,17595],[-2,-8,8597],[0,-7,35328],[-1,-7,8299],[-4,-7,131712],[-14,1,29748],[-10,-9,61685],[-1,-18,43049],[8,0,11326],[7,-2,61685],[-3,-7,8639],[-5,-8,19001],[-6,-5,7850],[-6,-8,29405],[-7,-3,0]],[[21804,14682,0],[11,-4,0]],[[22790,13620,0],[-6,-5,35035],[4,-5,16672],[3,-9,11000],[-1,-4,20920],[6,-4,35035],[-2,-2,7116],[2,-4,13750],[-5,-2,15707],[1,-7,26730],[7,-2,26730],[1,-12,16760],[-4,-3,19814],[2,-5,8866],[0,-6,82066],[5,-2,8368],[-2,-1,8368],[6,-5,26487],[1,6,13676],[5,2,0]],[[22813,13550,0],[5,-5,11215],[5,1,11215],[-3,-5,28697],[16,0,40523],[3,-2,12751],[1,-11,22706],[2,-2,9759],[5,0,0]],[[22847,13526,0],[1,-2,6973],[1,0,16612],[46,-27,0]],[[22895,13497,0],[-26,-57,0]],[[22869,13440,0],[-17,-38,0]],[[22569,13764,0],[-6,11,33128],[-1,6,10538],[1,10,10538],[-2,7,25615],[-5,20,58121],[-12,27,18701],[-5,7,8219],[-2,5,18701],[-3,11,9622],[-2,5,58121],[9,1,0]],[[22208,14362,0],[1,-9,15685],[-4,-10,0]],[[22047,14387,0],[0,-5,9341],[-3,0,13479],[-2,-8,8201],[0,-5,13479],[-5,-17,34921],[-2,-17,7976],[-1,-7,0]],[[22048,14523,0],[28,8,0]],[[22115,14286,0],[7,2,18044],[8,-5,18044],[5,0,7567],[5,1,50619],[13,7,19214],[5,7,0]],[[22191,14301,0],[0,-8,21196],[2,-8,8423],[6,-20,70211],[-1,-9,15797],[-4,-9,30154],[0,-4,7685],[3,-12,30154],[-1,-11,10198],[1,-12,22908],[-4,-9,0]],[[22193,14199,0],[-12,4,9046],[-4,0,22224],[0,2,6999],[-2,4,30087],[-13,3,18560],[-5,-4,30087],[-6,4,8342],[-4,4,132850],[-7,11,7636],[-9,17,37847],[-5,16,15482],[-3,14,30164],[-8,12,0]],[[22241,14194,0],[0,6,0]],[[22241,14200,0],[3,1,8574],[4,6,8574],[4,5,38520],[5,0,18232],[1,-8,16552],[6,-1,67926],[0,6,8349],[-2,7,19870],[-7,17,0]],[[22292,14125,0],[-1,4,15724],[-12,7,47270],[-5,-3,9958],[-7,0,9958],[-13,-3,0]],[[22184,14428,0],[4,1,9810],[4,4,0]],[[22208,14421,0],[10,-26,22927],[7,-10,0]],[[22208,14375,0],[-3,-3,0]],[[21472,14710,0],[4,-1,7956],[4,-4,0]],[[21480,14705,0],[-1,-9,21547],[7,-5,0]],[[21486,14691,0],[0,-3,7180],[-2,-4,23502],[13,-5,23502],[-15,-1,23502],[-1,-2,8628],[1,-6,53568],[4,-1,7291],[16,-4,0]],[[21447,14638,0],[0,14,32473],[-6,-1,8895],[-5,2,32473],[-6,12,20993],[-8,6,92957],[2,5,8065],[1,6,22554],[-7,5,22554],[0,2,7055],[4,1,7411],[3,3,22554],[0,8,13941],[2,4,9069],[2,8,13941],[-2,4,0]],[[22010,14529,0],[18,-1,57233],[3,3,12459],[-2,5,12459],[1,8,10072],[2,4,26532],[6,0,16949],[0,7,0]],[[22048,14547,0],[-3,-3,9910],[-1,-7,27319],[1,-8,10748],[3,-6,0]],[[22841,13144,0],[-2,-8,0]],[[22839,13136,0],[-10,-35,0]],[[22829,13101,0],[-50,14,0]],[[22779,13115,0],[-6,1,19298],[-13,7,13942],[-8,2,7132],[0,2,7132],[-6,0,13942],[-4,3,105452],[9,19,22718],[10,14,74475],[13,1,25017],[3,-2,7641],[3,1,10883],[1,-4,10883],[4,0,0]],[[22785,13159,0],[1,0,6973],[0,0,16843],[55,-15,0]],[[21910,14312,0],[-13,13,67213],[-5,-7,26924],[-9,-5,11501],[-11,-9,15686],[-6,-2,0]],[[21866,14302,0],[4,9,27686],[-2,13,7763],[-1,10,0]],[[21964,14637,0],[-5,-6,16462],[-3,-12,0]],[[21956,14619,0],[-8,6,0]],[[21948,14625,0],[-8,5,19153],[2,3,7676],[4,0,19844],[3,14,0]],[[21929,14686,0],[5,6,7119],[2,4,0]],[[21936,14696,0],[16,-6,34359],[-2,-9,12531],[2,-3,0]],[[21917,14666,0],[0,2,11229],[-9,2,15801],[-4,3,9479],[-1,3,33876],[9,4,20526],[10,-5,33876],[7,11,0]],[[22879,13753,0],[20,-57,0]],[[22899,13696,0],[-46,-53,58656],[0,-13,0]],[[22828,13628,0],[-1,7,13851],[2,9,0]],[[21400,14540,0],[-2,0,19544],[1,36,22030],[-5,11,21530],[3,7,0]],[[22187,14482,0],[-7,-13,0]],[[22180,14469,0],[-6,1,7357],[-4,-1,12926],[-2,-2,0]],[[22288,14420,0],[-5,-5,0]],[[22278,14410,0],[-27,14,0]],[[21750,14649,0],[5,2,17936],[5,11,27376],[1,11,0]],[[21774,14632,0],[-9,1,13038],[-11,-1,0]],[[21950,14275,0],[-1,-1,0]],[[21917,14263,0],[-2,6,20443],[1,6,10777],[-1,5,8361],[1,3,13193],[-3,2,12972],[2,7,27074],[-5,2,10716],[-2,4,27074],[0,8,7883],[2,6,0]],[[21729,14450,0],[2,1,7975],[7,1,8642],[3,2,28067],[8,-3,13655],[7,1,9598],[4,-2,30309],[10,5,0]],[[21783,14431,0],[-4,-1,7139],[-13,-2,16950],[-10,1,0]],[[21976,14755,0],[-4,-1,15185],[1,-10,10028],[-2,-1,46895],[-15,0,15967],[-13,-3,0]],[[21943,14740,0],[-2,4,14381],[-4,2,7011],[-7,2,14771],[-6,6,0]],[[21336,14748,0],[-2,4,19424],[-2,11,12744],[2,9,0]],[[21943,14740,0],[-4,-13,12011],[-2,0,12011],[0,-12,24561],[1,-6,15875],[-2,-13,0]],[[21929,14686,0],[-3,6,14217],[-4,3,8759],[-6,8,28404],[-12,5,0]],[[21813,14703,0],[4,-3,0]],[[21990,14225,0],[-10,2,23328],[-12,6,10877],[-10,3,9115],[-4,2,0]],[[22241,14200,0],[-1,22,15351],[-2,11,10231],[-1,9,81625],[-4,12,14217],[-4,20,17830],[-7,19,45786],[-5,11,7101],[-7,13,12720],[-5,13,0]],[[21333,14557,0],[4,8,15290],[3,-4,19813],[4,3,9372],[0,3,12975],[6,0,12975],[-1,5,12975],[5,7,25801],[4,-4,15686],[3,8,15686],[7,2,25801],[2,5,8644],[3,1,8644],[0,4,43797],[5,0,8860],[5,4,8346],[3,0,0]],[[21371,14530,0],[-3,-2,12370],[-5,0,7348],[-10,-3,25569],[-3,-7,25569],[-11,-2,17087],[-7,-3,8226],[-2,-2,72521],[2,-6,19613],[-8,-9,27881],[0,20,27881],[-5,-1,17769],[-3,3,8058],[-6,4,112696],[-1,10,13241],[3,-4,20347],[8,5,12061],[6,7,32742],[8,13,18505],[-1,4,0]],[[21486,14691,0],[7,0,15872],[8,-2,8655],[7,-4,36039],[-5,-5,18857],[7,-5,0]],[[21986,14146,0],[-2,-1,14861],[-1,7,8354],[-3,2,8354],[0,4,29892],[-5,2,8459],[0,2,14180],[-6,-1,22276],[-7,9,0]],[[21859,14297,0],[7,5,0]],[[21333,14557,0],[-4,2,16344],[-1,-2,7840],[-4,-3,11075],[0,-3,22743],[-3,-2,7784],[-1,2,7784],[-6,2,24837],[-4,-2,7657],[-4,0,15585],[-1,-4,9145],[-4,-3,15585],[-5,0,38405],[6,9,0]],[[22115,14286,0],[-2,5,0]],[[22813,13550,0],[-1,6,23808],[2,3,8476],[8,8,10903],[2,0,0]],[[22864,13556,0],[30,-42,54754],[1,-17,0]],[[21480,14705,0],[3,-2,8103],[11,-4,26790],[11,3,19885],[8,-2,7109],[2,-2,31913],[5,-8,20756],[3,-1,7238],[1,3,9130],[3,-1,0]],[[21948,14625,0],[-19,-1,0]],[[22027,14556,0],[-57,7,0]],[[22843,13151,0],[-2,-7,0]],[[22829,13101,0],[-4,-16,0]],[[22720,13084,0],[-3,0,8211],[-3,4,7118],[-3,0,27680],[-13,-3,10602],[-8,0,89805],[-3,7,11580],[1,4,23100],[-9,9,12099],[-1,4,50743],[3,13,19187],[5,5,89805],[-2,4,8962],[-4,3,24572],[-12,-1,26097],[-3,1,9308],[-5,7,37165],[-1,5,7340],[1,4,7340],[-1,8,37165],[-12,-2,76670],[-6,11,14232],[-1,9,17906],[-6,4,17906],[-1,9,0]],[[21987,14623,0],[-3,-1,14282],[0,-10,0]],[[22181,14451,0],[-6,9,24570],[3,2,8955],[2,7,0]],[[21887,14455,0],[6,-10,0]],[[21902,14457,0],[2,6,20078],[1,8,7216],[0,6,11036],[2,13,39121],[-7,1,14229],[1,4,0]],[[22153,14443,0],[2,10,11826],[3,3,26990],[-7,3,0]],[[21722,14726,0],[12,-1,7211],[5,-1,37744],[-3,-8,21832],[7,-6,49241],[5,2,7166],[6,0,17813],[-1,5,17813],[8,-4,9470],[2,1,0]],[[21886,14674,0],[5,-2,9450],[-3,3,10057],[4,8,7499],[0,2,0]],[[22170,14148,0],[-13,-2,11191],[-6,1,7372],[-4,-1,25516],[-12,-5,0]],[[21732,14476,0],[-3,-7,0]],[[22227,13998,0],[-12,15,13879],[-8,8,20099],[-8,3,20099],[-1,8,61025],[-12,0,17335],[-8,3,0]],[[22279,14051,0],[-5,1,7104],[-2,2,13188],[-3,-3,16482],[-10,-3,10625],[-6,0,25830],[-9,-5,95815],[-2,-8,7205],[-2,-1,12792],[0,-6,18133],[-5,-8,18133],[-1,-6,12115],[-4,-5,12115],[-3,-11,0]],[[20854,16187,0],[0,10,9287],[1,6,20954],[-2,7,8007],[-1,11,72742],[-10,24,10268],[-8,18,10268],[-6,17,19452],[-5,9,112498],[-21,29,15647],[-6,10,13924],[-6,6,0]],[[20921,16419,0],[7,-5,9843],[2,-4,29054],[1,-10,8086],[3,-10,39922],[6,-9,17133],[8,-3,128830],[10,-1,8799],[9,-2,7914],[12,-2,38182],[11,0,12930],[11,2,8706],[10,1,226367],[6,-2,8386],[2,-3,32260],[3,-9,19203],[13,-19,40173],[23,-22,81909],[36,-51,45105],[7,-31,40847],[8,1,0]],[[21109,16240,0],[6,-5,10522],[5,-2,27926],[6,6,12316],[3,-1,103906],[0,-9,11942],[1,-13,11942],[0,-8,10463],[1,-16,22022],[1,-17,9202],[-1,-19,0]],[[21131,16156,0],[1,-18,10163],[1,-9,17808],[0,-22,32771],[1,-11,7217],[2,-14,13630],[2,-18,71045],[5,-12,15225],[6,-20,8752],[1,-7,0]],[[21150,16025,0],[-2,0,7066],[-7,3,10911],[-1,4,10911],[-4,-4,66429],[-10,14,18773],[-3,-1,13874],[-4,5,7088],[-1,4,7088],[-2,0,37699],[0,6,10007],[3,2,41031],[-8,14,8056],[-3,2,7372],[-1,4,31066],[-9,3,14387],[-4,5,191010],[-5,-2,12372],[-8,2,23184],[-6,-7,23184],[-13,-3,7297],[-4,0,7297],[-7,-3,16185],[-6,-3,60015],[-23,0,9478],[-8,1,191010],[-10,5,26255],[-18,13,15196],[-22,17,80267],[-6,3,8419],[-9,3,13381],[-6,3,13381],[-16,7,11377],[-6,4,11377],[-13,6,46938],[-9,1,16075],[-1,5,16075],[-18,14,37379],[-11,0,24258],[-10,8,0]],[[20859,16160,0],[1,8,19625],[-6,19,0]],[[22121,16596,0],[306,-336,0]],[[22057,16164,0],[-1,6,36495],[-7,2,13474],[-10,6,9497],[-10,4,19749],[-10,2,57947],[-2,-5,18155],[-2,-1,7772],[-7,2,38732],[-12,5,8728],[-9,2,8728],[-4,3,100346],[-4,5,8673],[-3,8,7947],[-4,5,19530],[-6,5,88003],[-24,10,14766],[-10,2,8630],[-12,5,29152],[-27,13,0]],[[21131,16156,0],[7,1,9759],[4,4,35102],[6,0,9929],[0,-2,11176],[14,-8,55106],[1,7,23137],[4,2,10610],[11,4,65679],[25,2,33815],[21,-4,7182],[0,1,7182],[12,-3,0]],[[21236,16160,0],[7,-4,13257],[16,-13,9651],[5,-4,27133],[4,-6,7460],[6,-5,15844],[6,-5,0]],[[21280,16123,0],[-9,-28,33869],[-5,-11,13675],[-15,-26,66398],[-5,-14,17649],[-3,-16,12994],[-3,-9,31896],[-9,-16,31896],[-2,-6,7874],[-3,-10,17519],[0,-10,126888],[4,-18,11693],[2,-10,23624],[-2,-8,0]],[[21230,15941,0],[-5,-1,26611],[0,5,10574],[-5,18,44929],[-5,6,19525],[-6,2,10505],[-7,0,120176],[-7,-6,13865],[-5,-8,13865],[-16,-18,9588],[-2,-3,9588],[-7,-6,0]],[[21165,15930,0],[-1,18,19937],[-3,13,8033],[-2,6,9812],[-1,10,37602],[1,20,55892],[-4,9,15893],[-5,16,7249],[0,3,0]],[[20978,15772,0],[-4,3,6974],[-2,3,27436],[0,16,11888],[-1,5,27436],[-10,16,0]],[[20961,15815,0],[6,4,17216],[0,2,7792],[4,5,10081],[2,6,15958],[3,4,7319],[2,1,29634],[1,9,123478],[5,1,11581],[7,6,22873],[14,0,22873],[2,1,7034],[0,5,62724],[4,0,9449],[4,-2,16325],[4,3,7129],[4,0,22444],[21,-3,42924],[17,3,15421],[5,4,273191],[7,-8,10477],[6,-9,16337],[9,-8,69438],[4,-13,8121],[1,0,26330],[4,-13,11298],[2,-13,18298],[0,-8,129293],[3,-3,10427],[7,-1,26341],[17,2,23979],[1,-2,11048],[4,0,7112],[6,-2,0]],[[21137,15786,0],[-3,-16,16916],[-7,-17,0]],[[21127,15753,0],[-7,-14,9255],[-5,-8,52027],[-10,-6,7171],[-15,-7,52027],[-4,-8,27743],[-5,-3,7223],[-10,-5,11641],[-5,-4,28760],[-5,-6,7506],[-4,-7,0]],[[21057,15685,0],[-17,9,10289],[-5,1,45669],[-2,3,7347],[-4,9,26940],[-10,5,17937],[-6,9,81625],[-11,28,15890],[-1,10,13195],[-4,4,65818],[-19,9,0]],[[21429,16317,0],[14,28,0]],[[21443,16345,0],[42,56,124550],[19,42,44367],[14,46,83447],[37,66,0]],[[21555,16555,0],[46,48,0]],[[21735,16014,0],[-10,19,45989],[-4,13,11688],[-1,10,18373],[-6,27,9757],[-5,15,176254],[-3,4,10632],[-4,1,8428],[-3,3,35473],[-15,26,9889],[-5,10,73959],[-10,12,18837],[-11,8,18837],[-27,25,11800],[-9,10,372747],[-17,11,9699],[-6,2,9699],[-3,4,12326],[-8,4,55803],[-17,6,20551],[-7,1,7069],[-11,2,69036],[-6,10,8565],[-4,3,21596],[-11,8,51270],[-22,6,23921],[-6,3,8565],[-4,4,120013],[-3,12,9978],[-3,7,9376],[-1,5,93231],[-9,4,9248],[-7,1,14922],[-3,3,14922],[-11,2,7216],[-3,2,44756],[-16,12,19589],[-15,8,0]],[[21371,16243,0],[-3,1,32184],[-14,-24,17333],[-4,-11,17333],[-10,-15,38076],[-10,-12,7794],[-5,-5,0]],[[21300,16190,0],[15,30,20024],[3,10,0]],[[21318,16230,0],[5,-1,8894],[7,0,27754],[5,3,12260],[6,7,50658],[2,6,9541],[1,8,12306],[2,6,42828],[4,3,8956],[6,2,15742],[6,0,87738],[7,-5,12098],[3,-5,26985],[0,-5,8151],[-1,-6,0]],[[21109,16240,0],[14,4,52925],[-1,6,13040],[-3,5,7020],[-2,3,25753],[-1,3,8018],[1,11,117696],[5,5,12753],[4,-1,20605],[1,-2,7055],[-2,-6,32656],[4,-3,10367],[2,2,17152],[15,5,17152],[14,1,46370],[23,6,15478],[4,2,0]],[[21187,16281,0],[5,-8,10272],[6,-8,18373],[5,-3,48606],[0,-6,8061],[-1,-7,15548],[-4,-4,48606],[7,-4,22353],[-6,-6,19370],[5,-5,22353],[3,-13,9814],[3,-5,9814],[1,-9,76632],[-2,-3,18235],[6,-1,7125],[8,-1,50971],[3,-9,7162],[2,-9,13920],[0,-7,31011],[7,0,25048],[3,-9,12355],[-2,-4,0]],[[21042,15577,0],[1,22,29908],[-4,13,16596],[-1,14,78335],[4,21,31508],[12,31,0]],[[21054,15678,0],[4,-3,15406],[3,-9,34992],[3,-1,13294],[9,6,34992],[5,-2,11451],[6,-7,24845],[17,-3,0]],[[21101,15659,0],[-8,-20,10913],[-3,-11,21476],[-3,-3,12038],[-3,-9,65235],[-1,-11,8996],[-2,-8,27438],[1,-4,8070],[2,-5,7316],[1,-4,48295],[-5,-13,11566],[-1,-7,7202],[-3,-9,0]],[[20864,16100,0],[-1,14,13628],[-4,16,14347],[-1,16,32305],[1,14,0]],[[21165,15930,0],[-2,-3,18187],[3,-19,18187],[1,-16,10428],[0,-14,40475],[-1,-11,10763],[-3,-4,0]],[[21163,15863,0],[-18,-12,44531],[-4,-10,12786],[-2,-11,0]],[[21139,15830,0],[-1,-14,18262],[0,-23,11337],[-1,-7,0]],[[20961,15815,0],[-4,5,0]],[[20957,15820,0],[2,3,10501],[-2,6,10501],[1,13,94773],[-2,1,11720],[-7,16,13258],[-15,35,7564],[-3,5,7564],[-1,5,25610],[-8,19,7482],[-4,10,38495],[-9,17,11055],[-4,6,10185],[-2,7,10185],[-4,7,8546],[-4,9,128574],[-3,12,8572],[-1,11,14427],[-6,21,28432],[0,12,28432],[-5,11,10022],[-5,8,28432],[-7,22,21735],[-1,11,8328],[-3,13,0]],[[20923,16452,0],[22,-2,13541],[7,-2,13541],[12,1,55964],[-2,6,26531],[7,1,7418],[8,0,12613],[3,2,33178],[5,-7,12010],[3,1,33178],[0,9,20586],[7,-8,20586],[11,2,7610],[6,2,0]],[[21012,16457,0],[5,-2,7175],[5,-2,14380],[3,-5,43493],[0,-9,9364],[1,-10,33143],[5,-9,12481],[6,-5,79689],[9,-4,11657],[13,-7,24233],[8,0,161964],[9,8,15266],[25,16,32373],[5,3,9176],[8,2,212352],[7,-1,10736],[7,-4,27696],[4,-4,8301],[4,-6,60609],[3,-14,7514],[1,-7,8488],[4,-11,60609],[3,-9,16472],[12,-15,19430],[6,-10,10966],[3,-6,39078],[4,-6,11634],[7,-3,163710],[7,0,15933],[11,3,11072],[9,1,27776],[15,-3,0]],[[21221,16338,0],[0,-4,20154],[-6,-1,7594],[-9,-4,10513],[-2,-2,61916],[-5,-15,17622],[-8,-15,10985],[-5,-13,22902],[1,-3,0]],[[21301,16113,0],[-1,-11,29074],[-11,-21,11481],[-4,-10,72307],[-2,-9,19704],[3,-25,36611],[-1,-12,15587],[-4,-13,131268],[-5,-9,7574],[-4,-7,9974],[-4,-9,30340],[-3,-15,15960],[-5,-10,61596],[-4,-5,11015],[-11,-9,12851],[-4,-4,0]],[[21241,15944,0],[-2,-3,8253],[-4,-1,15546],[-4,-8,25990],[-4,-2,10484],[-2,3,18741],[5,8,0]],[[21371,16243,0],[1,-1,11563],[4,6,8964],[1,4,0]],[[21377,16252,0],[4,3,11110],[6,6,35461],[14,-6,0]],[[21401,16255,0],[-42,-63,51053],[-16,-28,8855],[-6,-11,11249],[-2,-2,11249],[-6,-12,37354],[-19,-29,0]],[[21310,16110,0],[-9,3,0]],[[20978,15772,0],[-2,-2,8056],[-9,-4,12800],[-8,-2,22673],[-6,-7,21342],[-4,-1,7492],[-4,-3,9038],[-11,-5,92129],[-4,-7,17734],[-7,-1,17734],[-3,-4,9815],[-14,-11,23984],[-6,-6,10442],[-12,-10,7215],[-3,-3,34812],[-8,-5,7031],[-3,0,31157],[-16,-23,0]],[[20858,15678,0],[-6,8,8603],[-17,18,20685],[-7,5,69565],[-14,3,15439],[-19,5,0]],[[20795,15717,0],[0,2,7820],[6,3,10848],[9,11,61806],[8,15,7789],[6,13,11834],[8,16,11834],[5,12,47464],[13,12,17571],[2,5,7825],[4,6,35155],[0,5,10517],[2,6,19397],[4,4,7715],[2,4,270098],[10,0,18737],[14,5,48580],[3,0,8026],[8,-5,21090],[8,2,8211],[5,-1,18692],[6,-4,65853],[11,8,15266],[2,0,9715],[10,5,65853],[6,-5,16907],[9,-13,10324],[1,-3,0]],[[21310,16110,0],[-6,-20,19291],[-4,-23,32842],[0,-16,0]],[[21304,15956,0],[-14,-24,12974],[-12,-24,0]],[[21278,15908,0],[-17,7,19082],[-10,1,0]],[[21251,15916,0],[-6,23,18379],[-4,5,0]],[[21127,15753,0],[7,-3,7597],[1,1,7597],[7,-2,28322],[7,7,8357],[4,3,25537],[3,-6,0]],[[21156,15753,0],[-3,-4,14680],[-17,-34,24831],[-8,-9,0]],[[21128,15706,0],[-5,-3,8929],[-8,-3,26945],[-6,-6,13880],[-3,-7,56531],[-3,-18,11688],[-2,-10,0]],[[21054,15678,0],[3,7,0]],[[21221,16338,0],[12,-4,17839],[-3,5,18696],[15,5,10762],[9,2,46837],[10,0,17246],[13,-5,87145],[6,3,8633],[6,5,20729],[14,16,62904],[5,-5,11816],[5,-1,48327],[10,3,9932],[7,5,9932],[3,0,31163],[9,11,87145],[6,-8,9363],[3,-5,0]],[[21351,16365,0],[-5,-9,9797],[-1,-4,28167],[-1,-23,60229],[1,-5,8919],[5,-15,32429],[0,-4,8127],[0,-27,0]],[[21350,16278,0],[-5,3,15828],[-7,11,26581],[-2,1,7633],[-7,0,97896],[-5,-16,8997],[-2,-6,35012],[-2,-30,7585],[-2,-11,0]],[[20981,15518,0],[-11,3,42168],[-2,5,9267],[2,5,9267],[-3,1,13270],[0,14,80428],[-12,7,8216],[-12,8,24318],[-6,-2,12604],[-3,3,65478],[-1,17,23660],[-2,8,9049],[-4,4,18829],[-1,5,7317],[1,3,65478],[-9,4,30921],[-4,-7,9562],[-2,-7,125091],[-3,6,8343],[-3,13,9141],[-2,5,40724],[-7,10,16039],[-4,-2,10171],[-6,3,14434],[2,3,40724],[-4,15,27517],[-7,5,7333],[-5,5,27517],[-5,10,7021],[-3,7,14956],[-8,8,10313],[1,1,0]],[[21128,15706,0],[5,-8,7957],[6,-11,32826],[4,-2,10893],[13,-13,68801],[6,1,18581],[3,9,30206],[2,1,7105],[4,-2,13111],[3,-5,102343],[2,-12,9682],[3,-7,13496],[0,-10,11507],[3,-3,11507],[-2,-5,8987],[2,-3,115117],[3,6,13872],[1,8,9138],[1,4,42182],[5,-1,23847],[3,-12,9806],[2,-6,52292],[7,-6,18076],[13,-4,28757],[-5,-3,28757],[5,-6,9006],[5,-3,14328],[8,-2,14328],[4,-6,252631],[-1,-3,10665],[1,-10,26492],[2,-9,13215],[1,-12,19553],[3,-3,28968],[-1,-12,8070],[1,-8,28968],[2,-6,9682],[3,-14,90611],[-14,-13,0]],[[21139,15830,0],[6,-1,11244],[7,2,27413],[13,-3,11783],[5,-2,7249],[6,-2,87351],[-2,-12,35699],[7,-2,9091],[3,-3,23223],[-1,-4,16504],[5,-6,7827],[3,-1,34854],[-5,-6,0]],[[21186,15790,0],[-14,-15,21217],[-16,-22,0]],[[21071,17010,0],[5,-59,21892],[3,-32,53727],[0,-12,10274],[0,-40,83796],[3,-16,8147],[2,-15,8147],[1,-4,8147],[4,-18,27043],[1,-17,147408],[-1,-10,9885],[-3,-11,18710],[-1,-18,21986],[-5,-27,0]],[[21080,16731,0],[-3,-13,23531],[-9,-16,46529],[0,-6,10967],[2,-18,40727],[-3,-7,7759],[-1,-5,7759],[-2,-4,9784],[-3,-8,86127],[0,-17,7581],[0,-11,11577],[2,-9,8574],[-1,-9,30476],[-2,-26,74520],[-3,-8,11791],[-5,-22,20113],[0,-10,11029],[-2,-11,20113],[-3,-3,172570],[0,-7,9635],[-1,-3,9635],[-3,-16,33680],[7,2,33680],[3,-9,18598],[4,-28,136761],[-14,-3,13086],[-15,-2,16905],[-9,-3,18682],[-12,4,18682],[1,-3,7191],[4,-3,0]],[[21350,16278,0],[9,-3,9369],[9,-4,40052],[7,-13,12403],[2,-6,0]],[[20795,15717,0],[-9,1,11467],[-10,-2,10301],[-9,1,26667],[-12,3,84790],[-2,-27,0]],[[20557,15792,0],[20,2,8125],[8,2,8125],[5,0,89266],[17,9,9938],[3,0,9938],[5,4,46979],[1,7,19234],[10,12,32047],[16,11,243112],[4,6,9176],[3,9,9176],[13,27,40349],[0,2,11736],[9,6,11736],[7,8,40349],[8,18,12367],[3,0,12367],[-1,7,96061],[10,2,12128],[1,2,30846],[-7,1,11087],[-7,3,20985],[-15,-1,96061],[8,10,7232],[6,6,34335],[9,5,20465],[10,9,12920],[0,3,12920],[8,4,59740],[18,4,50069],[-4,15,8710],[-2,6,250458],[3,1,6986],[12,6,26399],[17,13,14840],[9,8,24501],[17,10,75890],[16,16,7981],[4,3,7981],[7,8,10369],[8,7,10369],[6,7,54112],[13,9,10421],[8,6,10642],[13,10,10642],[8,5,0]],[[21401,16255,0],[13,22,34774],[15,40,0]],[[21163,15863,0],[6,-6,42319],[2,5,15247],[5,-2,9619],[0,-3,15247],[12,-2,13293],[7,1,21302],[9,-4,21302],[7,3,11291],[5,-1,153720],[3,3,9905],[4,8,27683],[2,18,12783],[2,7,34140],[5,2,12375],[2,7,52161],[10,-4,16833],[8,1,48382],[-1,7,7682],[0,13,0]],[[21278,15908,0],[-20,-40,36989],[-1,-5,9644],[0,-11,36989],[-3,-5,11203],[-9,-8,7612],[-2,-1,288270],[11,-5,24269],[-4,-5,21940],[7,-1,7153],[6,-3,21940],[8,-9,76296],[-11,-5,26365],[-6,-13,111318],[8,-4,8409],[6,-4,32987],[1,-8,16014],[-5,-2,32987],[6,-4,12589],[3,-7,21765],[0,-8,21765],[4,-3,8842],[0,-4,9418],[11,-16,43584],[4,-13,13177],[6,-14,24341],[7,-10,10183],[3,-8,66914],[14,-13,11244],[3,-5,10774],[6,-2,20087],[11,-13,52043],[-7,-6,0]],[[21335,15653,0],[1,5,25920],[-14,3,15715],[-6,-1,30241],[-9,7,12412],[-14,8,65872],[-5,8,14154],[-7,4,14154],[-5,6,7330],[-10,9,37439],[-21,14,138618],[-4,5,7315],[-2,4,13118],[-13,15,29389],[-13,11,21442],[-11,15,18553],[-6,7,9300],[-5,3,52970],[5,6,24744],[-4,2,7794],[-6,6,0]],[[21335,15653,0],[-3,-6,11684],[-6,-6,93813],[14,-8,8701],[8,-4,41394],[27,-9,21623],[22,-4,41394],[11,-8,192460],[10,4,13812],[10,7,42260],[5,10,9570],[4,9,64003],[3,3,9266],[8,3,21202],[13,1,15252],[7,4,192460],[8,-1,9367],[21,0,18515],[9,-2,48240],[13,3,9179],[10,1,31533],[8,-2,14785],[13,2,14785],[18,0,10236],[8,1,138632],[10,-4,11919],[11,-2,28672],[4,3,7536],[4,1,19729],[13,-3,45961],[12,-4,9753],[6,-4,9753],[6,-2,54985],[7,1,7470],[5,-1,23081],[11,7,54985],[1,-6,8636],[0,-6,20959],[4,-6,7709],[2,0,0]],[[21126,16730,0],[4,-2,7249],[9,-10,34789],[5,-8,10788],[3,-3,15400],[9,-15,8139],[6,-9,19174],[7,-9,143609],[5,-3,8466],[10,-6,19569],[14,-12,57392],[24,-11,9728],[5,-2,16995],[16,-9,23984],[24,-10,378099],[5,-2,9003],[13,-1,18472],[13,-4,15074],[11,-2,7705],[6,-1,40388],[-1,-6,25688],[7,2,10135],[8,-1,14713],[4,3,25688],[18,-4,11466],[7,1,11466],[1,-3,24794],[4,-1,7765],[1,2,9659],[14,-1,90938],[1,3,17270],[6,-10,8442],[5,-6,17270],[8,-6,90938],[0,1,7571],[7,-3,8045],[14,-1,16088],[1,-2,8061],[11,-3,16088],[8,0,63755],[2,3,7902],[-1,4,15590],[6,9,31423],[1,3,7410],[3,-1,7410],[5,1,16276],[-1,8,16019],[6,-2,45411],[-1,-4,9017],[2,-10,142720],[4,-4,15931],[15,-6,22706],[5,2,7237],[3,-1,22706],[67,-23,0]],[[21443,16345,0],[-14,6,20845],[-6,7,30059],[-6,2,14547],[6,10,7196],[0,1,14547],[-10,-13,30059],[-6,8,17311],[-10,6,99413],[-6,-8,31731],[-18,5,31731],[-9,-3,17056],[-1,-5,30079],[-12,4,0]],[[21351,16365,0],[7,10,21353],[5,19,72360],[-14,2,16143],[-1,4,16143],[-10,0,72360],[-2,8,10036],[0,10,18460],[-3,7,18460],[2,10,132881],[-3,0,8303],[-9,6,11168],[-8,2,33708],[-6,-1,13471],[-10,1,8347],[-5,0,182149],[-2,3,20316],[5,8,11031],[4,10,76554],[-2,8,12593],[-3,0,23053],[-2,5,8295],[-2,9,10140],[-3,5,12051],[-4,16,62134],[-2,16,19586],[1,23,323141],[-6,0,7295],[-6,1,15044],[-7,-2,57194],[-2,4,7084],[0,3,17004],[-3,1,7404],[-4,-1,17004],[0,7,29920],[-14,7,16901],[-4,5,57194],[-15,3,19002],[-11,4,9774],[-3,2,14126],[-11,3,253579],[-3,15,8257],[-1,8,15145],[-2,7,72958],[-9,1,25785],[-3,7,7574],[-1,7,27410],[-5,5,10311],[-4,1,10691],[-5,6,18124],[-8,3,105240],[-5,14,11247],[-6,16,20498],[-1,7,21223],[-9,22,13769],[-1,7,13769],[-9,21,0]],[[20924,17645,0],[6,7,14063],[14,9,68829],[12,4,9257],[17,8,17404],[14,7,21431],[5,1,10098],[13,5,10098],[24,9,21431],[9,5,164554],[38,-7,36927],[8,-8,0]],[[21084,17685,0],[9,-4,7290],[24,-12,34925],[24,-9,15775],[8,-1,50053],[22,-15,13782],[8,-4,45674],[10,-1,16801],[9,-3,7267],[8,-3,34540],[4,-3,10184],[19,-10,0]],[[21229,17620,0],[-2,-3,0]],[[21227,17617,0],[-2,-3,7215],[-4,-4,12408],[-7,-10,39606],[-6,-16,9882],[-5,-10,31421],[-11,-18,11757],[-1,-2,8643],[-7,-11,164793],[-5,-22,51550],[0,-22,22424],[0,-9,7090],[-2,-15,27762],[1,-12,21021],[-1,-15,9314],[1,-6,9314],[-1,-9,333632],[3,-10,8206],[5,-14,9234],[9,-29,27534],[5,-15,7742],[3,-11,8491],[8,-22,50340],[6,-14,7040],[5,-13,12106],[7,-15,10801],[3,-8,99639],[-2,-4,8790],[-3,-11,0]],[[21226,17267,0],[-9,-10,12330],[0,-4,18767],[-5,-3,9066],[-2,-3,7579],[-4,-3,18767],[-5,-9,14442],[-7,-6,8978],[-3,-4,297417],[4,-15,15800],[-1,-5,15800],[2,-10,8791],[1,-12,12960],[3,-2,12960],[-2,-6,34756],[0,-4,7162],[2,-2,8020],[0,-3,9104],[4,-8,105504],[0,-10,15922],[-4,-6,31127],[-1,-7,7640],[-1,-15,8686],[-1,-5,18730],[2,-12,13360],[-2,-8,62532],[3,-1,8051],[4,-5,13074],[4,0,19124],[4,-8,62532],[-9,-12,26262],[0,-7,16609],[-4,-4,11184],[-1,-6,107480],[2,-11,7295],[-1,-3,7295],[2,-6,7295],[2,-11,24808],[5,-23,14267],[0,-9,14267],[2,-7,7587],[2,-7,180951],[4,-2,7706],[2,1,22351],[5,-15,40771],[3,0,7353],[4,3,11789],[9,0,40771],[-1,-5,17705],[4,-5,8407],[4,-6,112637],[-4,-6,13864],[-1,-11,17509],[-6,-10,51688],[3,-7,10278],[2,-9,20315],[0,-10,0],[0,-2,0],[1,-2,12130],[9,-4,32517],[4,0,8272],[3,4,8272],[5,0,7375],[4,3,37668],[10,-3,8344],[7,-2,14280],[5,-6,14280],[4,3,66530],[2,13,66530],[4,2,7729],[5,-1,7729],[8,2,33856],[8,-9,39155],[8,1,9620],[4,-1,24848],[1,6,11514],[3,2,39155],[8,-7,20870],[9,0,328196],[-2,-14,13940],[2,-11,29398],[5,-6,31598],[-2,-3,11679],[2,-10,15119],[-2,-8,15119],[3,-4,11656],[-2,-4,54518],[6,-1,38477],[2,-16,10555],[2,-3,19452],[0,-16,9922],[1,-6,117780],[5,-5,9762],[0,-4,29339],[4,-4,8273],[4,-1,13368],[5,1,13187],[2,-5,13187],[7,-3,65288],[0,-4,7627],[-3,-2,8655],[-1,-6,15571],[-4,-3,39173],[4,-9,15206],[6,-3,383690],[9,1,9140],[1,-1,11517],[14,0,39823],[5,4,9013],[3,5,8169],[2,1,82787],[7,-3,11327],[6,-1,19066],[8,-6,36943],[1,-6,12560],[5,-7,98621],[5,2,7816],[3,-1,12245],[4,4,20770],[6,-3,39961],[6,2,13095],[4,6,18633],[8,4,8814],[4,0,10644],[6,4,55768],[5,-1,15225],[-2,-8,75410],[16,-2,19552],[8,0,8795],[11,0,14540],[13,-1,34823],[8,-5,0]],[[21562,16730,0],[111,-62,0]],[[21126,16730,0],[-11,-2,28086],[-13,0,7760],[-10,1,16209],[-12,2,0]],[[20937,17381,0],[-2,13,6975],[0,4,6975],[-1,4,17070],[1,4,17070],[-1,17,7762],[-1,3,7762],[0,8,20989],[-2,14,19033],[2,8,59172],[-5,20,13259],[-1,10,13259],[-4,19,48257],[1,3,9434],[-2,11,9434],[-2,35,118109],[0,15,9989],[1,12,26799],[6,34,48503],[-2,23,11110],[-1,7,0]],[[20535,16158,0],[2,-5,13830],[10,-6,13830],[6,-8,12512],[6,-4,98180],[7,5,19717],[2,9,16543],[3,3,7321],[3,1,45797],[12,-3,10603],[3,0,35675],[4,3,7131],[4,8,104917],[3,-1,12259],[12,-11,12259],[8,-6,44593],[9,-2,8102],[11,-2,12352],[7,-3,219665],[2,-2,7251],[1,-5,26775],[-2,-8,11672],[-4,-10,11335],[-1,-6,81836],[3,-3,9710],[12,-8,44539],[4,-7,13543],[3,-14,21107],[3,-5,7683],[3,-3,466921],[8,8,10244],[4,8,10178],[4,4,26403],[1,8,74174],[9,7,15383],[11,4,27050],[6,8,10418],[4,3,31788],[5,-2,9756],[6,0,31788],[1,7,7896],[2,4,14197],[-1,3,31788],[8,7,10005],[4,2,152497],[3,-5,21083],[0,-9,10944],[2,-4,10944],[-1,-12,21083],[4,-12,170203],[13,3,36907],[6,6,8697],[2,0,7316],[1,5,20739],[7,5,8259],[8,4,12792],[4,5,81867],[3,9,10539],[3,3,24209],[-2,11,18811],[2,0,7706],[2,7,96200],[3,0,9806],[6,-5,42973],[2,0,7791],[1,6,19142],[5,5,10816],[5,0,6985],[1,1,26496],[3,10,42973],[19,11,18362],[9,7,0]],[[20365,15856,0],[-7,6,20348],[-3,10,20348],[-6,9,16665],[-4,12,18284],[-6,7,91430],[1,2,7628],[-3,7,7628],[0,7,7518],[-2,7,25731],[1,2,11186],[-4,7,7270],[-2,1,11186],[-3,8,52605],[2,6,9131],[-1,8,13360],[3,10,0]],[[20331,15965,0],[15,6,14592],[12,2,11593],[7,3,60444],[13,7,9605],[3,3,9605],[20,14,12899],[13,8,127763],[15,13,9034],[5,4,24330],[9,10,10032],[2,1,7522],[8,8,34757],[7,10,14671],[0,6,13331],[5,6,34757],[4,0,10615],[2,-4,19992],[5,8,206112],[-1,8,13945],[4,3,13945],[1,9,42890],[-4,10,8829],[2,2,8829],[-4,3,8829],[-1,6,7140],[-2,5,143152],[1,2,9792],[11,5,17472],[6,7,29046],[8,-1,14407],[6,3,50017],[0,8,19885],[3,2,9912],[2,5,7168],[3,4,50017],[10,-2,9239],[2,-1,32405],[6,8,13895],[6,2,0]],[[18252,18689,0],[0,-6,22561],[-16,-27,42713],[5,-6,247605],[-38,-41,54010],[-100,-94,80853],[-35,-38,17274],[-36,-38,36647],[-26,-26,9662],[-10,-10,148409],[-33,-36,10119],[-43,-47,48794],[-2,-6,11037],[-2,-12,46140],[-21,-15,413078],[7,-21,53015],[0,-9,20166],[-6,-19,10068],[-2,-8,191365],[-11,-11,13024],[-19,-17,25759],[-6,2,22120],[-1,-5,7213],[1,-7,25759],[-3,-3,7273],[-6,-4,14192],[-8,-3,132560],[-7,-23,44960],[-1,-4,7316],[1,-14,11999],[1,-5,22677],[-2,-12,11428],[0,-11,132560],[-9,-3,16886],[-2,-4,9535],[-8,-4,30911],[-6,-1,8520],[-17,-5,0]],[[17791,18096,0],[-9,46,35633],[-7,54,7793],[-1,6,120754],[1,11,8189],[0,6,16681],[3,7,7110],[1,5,40547],[-1,18,21907],[3,17,24512],[-1,7,12628],[0,20,343564],[-3,11,21961],[-14,23,63120],[-4,4,10787],[-10,6,29835],[-6,10,8212],[-5,7,25624],[-5,3,8275],[-9,8,128578],[-8,3,17510],[-12,-1,17967],[-15,3,11294],[-7,2,0]],[[17682,18372,0],[-1,5,7257],[-4,4,28342],[0,8,13116],[3,12,28342],[-1,19,13560],[0,9,10666],[-1,20,22543],[-1,6,8591],[-1,10,64567],[2,10,8644],[3,11,27832],[-2,10,12863],[1,10,142838],[-3,5,11187],[-5,0,11187],[-11,10,75578],[-1,3,10249],[1,16,11225],[-1,21,35354],[-3,6,9024],[-2,6,0]],[[17655,18573,0],[0,18,17658],[-3,7,66946],[14,10,25468],[13,3,66946],[12,33,140237],[-1,17,26802],[0,11,9692],[1,17,17861],[2,6,37594],[-1,23,16117],[-2,9,262367],[-14,36,14746],[-4,9,73067],[-1,23,8382],[-1,26,96513],[-6,11,21697],[-5,4,9060],[-7,3,29037],[-3,11,393696],[-9,74,62774],[-15,60,62774],[-3,21,9845],[-2,12,22326],[-2,25,35098],[-1,7,7009],[-2,0,7009],[-1,5,35098],[-9,45,13561],[-7,40,127769],[-3,26,26171],[-19,114,38548],[0,14,98142],[-17,5,98142],[0,7,13978],[5,8,27889],[-1,25,27889],[4,3,7210],[3,-1,7210],[1,3,26506],[-2,2,7686],[-3,9,26506],[2,4,8191],[-2,2,8191],[1,9,9408],[1,16,127769],[-3,21,30081],[-14,52,9110],[-4,17,732195],[-91,1,184003],[0,7,14662],[-3,10,13165],[0,9,27515],[-8,3,26324],[-1,4,10051],[3,5,8965],[-1,5,82277],[-4,4,18094],[-4,1,9310],[-1,4,9310],[-3,-3,9310],[-5,1,21062],[-8,4,10588],[-3,5,438546],[1,227,35891],[-1,6,0]],[[17418,19768,0],[1,7,10145],[1,16,0]],[[17420,19791,0],[76,-28,45676],[53,-24,0]],[[17549,19739,0],[15,-6,7412],[107,-49,83608],[81,-46,0]],[[17752,19638,0],[51,-29,187292],[127,-119,79181],[59,-59,7342],[30,-29,37643],[9,-12,117716],[14,-11,8404],[55,-47,0]],[[18097,19332,0],[25,-20,45087],[19,-22,19270],[32,-33,30767],[16,-14,123913],[70,-91,12464],[10,-14,12464],[14,-17,54579],[6,-4,0]],[[18289,19117,0],[-16,-30,13491],[-23,-44,300808],[-9,-90,19360],[-5,-54,91132],[1,-16,25636],[-2,-82,191163],[15,-110,35026],[2,-2,0]],[[20084,14476,0],[-15,-7,23228],[-35,-23,67032],[-2,-6,8605],[-4,-6,13993],[-3,-2,9979],[-1,-5,7620],[-2,-1,42924],[-7,-1,15681],[-5,-4,8042],[-1,-3,15681],[-9,-3,24212],[-1,-5,0],[-1,0,0],[-4,-5,8324],[-1,-4,8324],[-3,-2,32374],[-7,0,15408],[-3,3,7165],[-1,3,56503],[1,4,11521],[6,4,17711],[2,9,17711],[9,13,64197],[0,5,8620],[-4,5,40156],[-7,-4,7653],[-4,-3,10917],[-2,0,10917],[-8,-6,132653],[0,-10,15887],[-4,-7,15887],[-2,-15,13385],[-4,-5,13385],[0,-10,42998],[-8,-9,104779],[-10,17,13646],[-3,8,74502],[-5,-7,11165],[0,-4,20526],[-4,-4,10094],[-2,-4,10094],[-5,-8,7380],[-3,-3,0]],[[19922,14371,0],[-7,14,10558],[-17,30,36231],[-4,10,11006],[-2,9,0]],[[19892,14434,0],[-1,15,21192],[3,20,27012],[1,37,12214],[-1,17,119202],[-10,16,30648],[-4,15,13480],[-4,10,11285],[-3,9,56458],[-1,18,8261],[-1,11,168851],[3,18,23167],[7,30,12707],[7,25,243389],[0,9,8178],[-1,8,36783],[-4,10,17617],[-5,7,7521],[-4,5,93541],[-4,2,7508],[-6,1,20557],[-10,-2,15444],[-13,2,37060],[-5,4,9233],[-1,3,243389],[0,18,14881],[-1,7,14881],[-2,38,8284],[0,7,121361],[3,8,10738],[4,9,21159],[9,9,21249],[15,30,72840],[2,16,21634],[-4,7,0]],[[19861,14873,0],[1,7,23438],[7,6,9976],[8,6,33097],[12,3,33097],[-4,4,12658],[-1,5,7502],[1,4,177936],[8,2,7209],[9,2,10570],[11,4,20387],[3,0,7707],[11,2,24453],[30,10,62772],[41,16,16010],[14,3,16010],[11,6,26103],[12,5,10454],[13,4,11763],[22,7,181074],[21,21,18403],[34,30,179378],[15,10,9110],[3,1,9110],[27,18,14295],[0,6,14295],[5,2,11066],[1,-4,63217],[39,19,7528],[3,-1,7528],[2,3,7547],[23,11,122307],[15,6,12343],[28,11,20102],[24,7,39635],[13,1,0]],[[19635,16056,0],[1,5,10568],[5,5,71939],[9,6,10491],[11,8,25409],[15,19,19420],[2,-2,25409],[25,21,14813],[17,15,46083],[1,3,14530],[11,11,9590],[7,7,46083],[10,6,15316],[7,9,15964],[12,9,9150],[3,1,13409],[9,9,11638],[8,5,195273],[9,17,12834],[2,7,51437],[-9,16,0]],[[19790,16233,0],[100,-10,157347],[-10,-37,253005],[30,-59,16426],[3,-4,10809],[5,-13,34610],[8,-11,13228],[7,-7,34610],[0,-14,112663],[10,-4,19609],[4,-9,19609],[8,-2,55694],[10,-15,8045],[7,-11,18588],[1,-6,14916],[6,-9,370125],[6,-1,17206],[10,-11,17206],[4,-2,8256],[10,-8,45059],[13,-5,26638],[2,-2,9133],[8,-4,9133],[14,-8,14492],[9,-6,109731],[13,-4,12711],[18,-4,20843],[14,-5,56866],[5,-4,12832],[29,-17,42794],[6,-1,7557],[10,-3,15273],[12,-5,370125],[-5,-7,13563],[-15,-13,34914],[-5,-9,11478],[-8,-10,17036],[-3,-6,182826],[12,-7,13156],[4,0,11036],[8,-5,62642],[5,3,14361],[8,0,37412],[6,-2,7208],[4,-2,11549],[13,-3,14684],[4,-3,37412],[7,1,11216],[6,-2,22078],[4,-9,14132],[4,0,22078],[-1,5,7704],[2,3,22078],[5,-2,8335],[2,2,7903],[4,-2,182826],[3,-12,31374],[4,-4,10249],[3,-5,16930],[5,-5,8342],[3,-1,60183],[2,-7,8592],[0,-4,23010],[3,-3,8076],[0,-2,8076],[3,-6,9794],[0,-3,8233],[3,-3,31485],[0,-6,8464],[-1,-5,17766],[3,-10,87682],[5,-5,8309],[7,-5,14159],[5,-5,7342],[3,-5,20464],[7,-4,17937],[2,-8,0]],[[20240,15622,0],[-28,-5,16202],[-10,-1,16202],[-22,-5,39079],[-50,-7,9763],[-25,-3,253669],[-24,-17,11678],[-14,-10,46713],[-25,-27,133496],[-105,-35,90119],[-3,-2,15446],[-1,-11,0]],[[19933,15499,0],[-9,1,10062],[-5,-1,10062],[-1,3,10062],[-6,-1,9335],[-3,2,48725],[-3,9,14889],[-5,6,11214],[-1,5,23888],[-6,3,48725],[-8,-11,123080],[-3,-1,9923],[-3,5,9923],[-11,7,8891],[-19,12,13180],[-8,5,13180],[-16,12,65671],[-5,6,10470],[-7,4,10027],[-3,5,26166],[-10,5,12500],[-14,11,33561],[-9,9,7187],[-7,8,293672],[-10,-8,25178],[-1,-5,14995],[-4,-7,7975],[-4,-3,55635],[-13,-1,23710],[-2,-2,9466],[-1,8,94932],[3,5,15386],[4,16,47503],[-2,4,8977],[-7,19,94932],[13,6,13745],[2,4,35283],[9,-3,12043],[7,0,113427],[-6,6,13500],[-4,7,13500],[-16,22,8528],[-6,6,19319],[-4,9,14385],[-10,12,29296],[-4,1,10746],[-6,5,29296],[-5,9,15181],[-1,5,7316],[0,3,47025],[-18,21,653591],[5,8,21314],[2,7,11479],[5,10,12252],[3,9,30401],[2,1,10507],[5,7,99735],[4,1,8297],[10,0,13391],[12,2,26713],[3,2,7104],[12,4,105964],[3,4,9790],[2,6,7380],[3,5,43444],[10,7,8349],[16,9,8349],[2,2,71155],[16,21,37995],[2,12,9613],[0,5,526591],[-11,23,19916],[-3,12,33983],[-2,4,8635],[-11,17,13692],[-6,11,183221],[-4,1,14721],[-13,-2,7251],[-7,-1,23811],[-8,-3,10987],[-15,-3,35562],[-26,-1,261153],[6,15,9964],[3,5,8686],[0,4,61287],[-3,8,9721],[-4,2,8506],[-2,5,22938],[-6,5,7425],[-3,1,22938],[3,6,81538],[4,3,7742],[5,1,7742],[7,3,14542],[7,5,81538],[-6,10,21713],[2,5,12391],[-2,7,27478],[-5,6,9313],[-5,4,27478],[4,7,210492],[-5,2,8326],[-10,1,12826],[-11,5,10497],[-10,3,53291],[-13,6,22296],[-17,15,0]],[[19669,15247,0],[14,-7,26502],[11,-1,12313],[7,0,63026],[15,11,16280],[9,3,163964],[7,0,7962],[5,-1,26570],[7,-9,34642],[4,-3,8573],[5,-1,18840],[14,1,42652],[4,-2,10525],[6,-8,39257],[3,-1,7992],[9,-1,8495],[10,-3,21609],[14,-6,102658],[9,-8,16939],[13,-15,7162],[5,-6,311167],[0,-6,11338],[3,-13,48150],[-2,-5,17163],[-7,-3,11603],[-7,-7,66260],[-1,-5,10535],[3,-5,11693],[2,-12,7013],[1,-6,40360],[-5,-21,0]],[[19827,15107,0],[-1,-13,28083],[6,-36,40145],[7,-26,40145],[5,-32,18987],[2,-15,8563],[1,-16,118750],[-1,-6,11281],[-4,-6,11397],[-4,-13,26437],[-2,-11,9743],[-4,-12,7818],[0,-3,118750],[8,-12,22949],[8,-21,41680],[8,-9,12532],[5,-3,0]],[[19892,14434,0],[-5,-2,18444],[-5,3,7584],[-2,-2,7584],[-3,3,10449],[-3,0,30110],[-2,5,10161],[-4,3,80837],[0,15,10455],[-1,12,64871],[-2,1,8950],[-2,-5,22765],[-5,4,12114],[-3,7,22765],[-6,2,9474],[-3,-2,48138],[-3,10,11381],[0,8,407397],[-7,-1,9396],[-4,1,19485],[-4,-2,8775],[-1,-3,26645],[-7,0,8995],[-3,1,8995],[-8,1,61079],[-6,-3,8975],[-4,1,14581],[-4,-4,26024],[-8,4,12052],[-6,0,26024],[-2,-3,7349],[-3,1,7349],[-4,-4,26024],[-5,-1,7451],[-108,-22,182209],[-158,-2,326475],[-6,3,13350],[-73,37,0]],[[19422,14500,0],[0,6,10395],[-2,4,18333],[1,4,8658],[3,3,64130],[-2,3,7966],[-4,2,13179],[0,5,10646],[-6,6,36802],[-14,8,10024],[-2,0,23221],[-7,8,64130],[-1,4,7869],[0,11,43199],[-12,10,10217],[-7,7,43199],[-1,5,7999],[-3,3,19085],[0,4,9523],[-3,6,9523],[-3,12,40890],[-7,7,14145],[-5,3,105564],[-1,4,7118],[-2,3,8372],[0,5,16205],[-5,5,14488],[0,8,10254],[-2,2,27370],[1,9,236831],[-4,5,14676],[-8,3,44746],[-4,-1,8096],[-10,-1,10295],[-8,-2,36419],[-3,0,7541],[-3,3,13258],[-5,1,7095],[-8,0,11648],[-3,1,114668],[1,8,28650],[-10,17,11434],[-5,7,39311],[-7,2,15297],[-3,6,7302],[-2,1,0]],[[19256,14707,0],[52,59,7333],[10,11,25310],[70,80,17733],[11,12,9695],[38,44,17733],[22,24,52000],[34,40,15207],[21,23,19764],[16,19,7199],[50,58,381511],[6,12,21692],[10,16,13240],[9,13,56221],[7,19,16746],[7,13,16746],[2,10,39081],[7,6,26351],[8,21,76650],[2,2,10718],[9,3,20867],[5,8,17644],[9,5,76650],[3,8,22133],[0,8,11455],[2,11,9479],[0,6,22133],[3,9,0]],[[18252,18689,0],[40,-33,30290],[31,-29,175332],[18,-28,68090],[12,-60,48230],[10,-16,593081],[6,-62,59671],[3,-80,29362],[-1,-29,143114],[-12,-152,217552],[2,-9,9900],[1,-12,16603],[5,-30,57333],[6,-75,30451],[7,-75,0]],[[18380,17999,0],[-28,-11,10014],[-64,-28,16679],[-96,-41,253379],[-5,4,7598],[-3,1,14948],[-6,-2,14948],[-1,5,49592],[3,8,10421],[3,4,17727],[1,11,106607],[-8,-2,10597],[-10,0,29511],[-4,-2,8422],[-6,-5,8550],[-6,-3,53890],[-3,-5,16535],[-11,-9,13834],[-2,-4,154321],[0,-14,10431],[-2,-51,192628],[-3,-2,10297],[-16,-8,19353],[-13,-5,10437],[-14,-6,46944],[-46,-25,9539],[-39,-21,9261],[-22,-11,7451],[-19,-11,22797],[-5,-2,544292],[-58,-8,8173],[-10,-2,8173],[-9,-2,8173],[-5,0,152001],[-5,9,9590],[-1,6,9590],[-3,6,78758],[-16,-3,11879],[-13,-4,21427],[-8,-4,8587],[-4,-1,78758],[-2,7,11079],[0,9,21941],[5,5,66375],[-18,1,13293],[-15,0,0]],[[17793,17783,0],[2,21,18929],[9,62,30129],[7,36,0]],[[17811,17902,0],[4,37,99202],[-3,32,18164],[-7,47,9766],[-6,46,53972],[-8,32,0]],[[17199,19570,0],[30,41,49573],[16,15,19675],[31,33,48654],[7,9,8630],[7,10,13101],[1,0,13101],[7,11,9364],[5,6,208558],[17,10,29917],[29,13,20396],[10,2,87985],[48,32,50784],[11,16,0]],[[17655,18573,0],[-9,0,19643],[-13,-7,49891],[-2,3,11892],[-7,0,23776],[-4,12,9586],[-1,0,49891],[0,-15,21142],[-5,3,8769],[-2,-2,21142],[1,-5,8550],[3,-5,53155],[-8,-4,25617],[-4,2,7963],[-6,6,53155],[-3,-1,9941],[3,-6,20573],[-11,-15,115177],[-41,10,210798],[-20,59,210798],[-15,6,8814],[-22,10,23842],[-28,9,36904],[-17,8,11137],[-19,7,14249],[-50,22,0]],[[17375,18670,0],[-1,5,20254],[-17,33,31702],[-22,37,31702],[-44,82,314803],[5,6,12637],[2,9,12637],[-1,3,9359],[3,4,9359],[2,6,7320],[2,3,27273],[0,9,74523],[3,5,7859],[3,0,16496],[18,24,32821],[14,22,314803],[-11,89,63565],[-14,58,128903],[-29,74,175433],[-18,98,85603],[1,60,373414],[36,99,152312],[6,43,71324],[-11,45,373414],[-55,57,88048],[-48,29,0]],[[16821,18650,0],[-12,35,178424],[4,2,25075],[58,4,9366],[1,1,39927],[76,4,385577],[9,-33,22591],[10,-31,8201],[5,-14,143944],[11,-16,34044],[8,-8,10327],[28,-32,7164],[16,-17,0]],[[17035,18545,0],[10,-13,8554],[3,-4,33820],[4,-15,7236],[3,-9,166759],[-1,-10,17652],[-4,-11,9581],[-4,-17,19270],[-4,-28,29903],[-7,-21,29903],[-2,-16,15189],[-4,-14,11426],[-2,-15,45726],[-3,-3,15788],[-4,-18,295506],[-26,-55,14212],[-18,-39,15265],[-2,-6,15265],[-9,-15,15265],[-10,-22,48013],[-12,-30,22961],[-13,-29,9716],[-7,-15,295506],[13,-110,0]],[[16936,18030,0],[-147,-166,0]],[[16789,17864,0],[11,297,393234],[9,18,18217],[6,7,10760],[3,7,87840],[5,18,9988],[5,26,47370],[4,12,9564],[7,20,21486],[6,12,42855],[3,16,11451],[3,7,12982],[3,14,7937],[2,10,91884],[2,5,12419],[15,21,54319],[7,16,23637],[5,25,25092],[6,14,632543],[-1,6,16304],[2,2,7390],[1,4,11120],[-1,4,11120],[2,8,33209],[-2,2,6990],[-1,5,16241],[1,4,10741],[-2,9,38200],[0,7,8147],[3,17,17415],[-3,8,17415],[4,6,81854],[-2,7,9695],[1,7,15818],[2,4,7338],[1,4,15818],[-3,4,15818],[-1,6,8569],[1,6,7309],[-1,2,38268],[3,3,9448],[1,5,35207],[-4,3,17071],[-4,9,8465],[0,4,11607],[-4,6,239475],[-9,7,12563],[-6,8,19358],[-15,13,36343],[-9,1,102700],[-4,11,21844],[-1,5,7787],[1,5,13398],[-3,19,59582],[-17,20,0]],[[16387,19693,0],[184,-11,244928],[173,-37,126239],[66,-28,255397],[318,-31,138233],[71,-16,0]],[[17375,18670,0],[2,-12,12681],[5,-12,24192],[7,-11,29096],[1,-14,15176],[3,-11,29096],[7,-10,70824],[0,-9,16402],[-2,-7,10499],[-1,-9,20350],[2,-9,66710],[4,-4,13342],[3,-10,13342],[3,-1,37785],[3,-15,7984],[2,-2,7984],[-1,-6,19684],[4,-10,169919],[-6,-6,10693],[-7,-10,42725],[2,-5,21826],[-3,-4,9658],[1,-5,7568],[-2,-1,7568],[-2,-6,15252],[0,-6,0]],[[17400,18475,0],[-4,2,7898],[-3,4,17169],[-3,0,6981],[-2,3,6981],[-4,2,9983],[-5,0,9983],[-4,3,23078],[-6,1,64621],[-4,-2,7464],[-4,-4,7464],[-12,-6,132791],[-10,2,28196],[-3,1,8321],[-10,9,8321],[-6,4,19546],[-10,4,47820],[-6,7,17706],[-17,13,63315],[-8,2,9255],[-13,4,31666],[-3,5,12209],[-7,2,12209],[-3,4,8639],[-5,3,22648],[-7,0,139669],[-12,10,8750],[-7,6,10029],[-5,3,10029],[-5,5,36815],[-7,2,7574],[-5,-1,36815],[-5,8,9516],[-6,6,23975],[1,6,36815],[-10,11,12966],[-8,6,12966],[-3,5,25313],[-9,7,7358],[-3,2,139669],[0,-6,17071],[-4,-3,8771],[-3,-6,41718],[-12,-1,11722],[-1,1,7012],[-5,0,0]],[[17132,18599,0],[-2,0,10613],[-6,-7,11500],[-6,-2,20117],[-11,-12,11563],[-4,-2,57523],[4,-15,120930],[-40,-8,22045],[-32,-8,0]],[[16821,18650,0],[-7,-2,14984],[-4,4,10161],[-4,0,25635],[-1,2,7162],[-1,5,36440],[-7,-1,12500],[-4,4,14035],[-3,-4,8410],[-3,0,13977],[-3,3,14035],[-6,3,8648],[-6,0,45957],[-4,5,11252],[0,4,32116],[-21,5,158802],[-3,0,8496],[-4,-4,8496],[-12,-7,32054],[-6,-13,38841],[-4,-3,9747],[-5,0,9313],[-2,-3,15078],[-6,1,15078],[-1,-4,9325],[-4,-2,158802],[-3,3,11053],[-3,-3,11053],[-14,0,14673],[-5,2,14673],[-5,-1,9516],[-3,1,7301],[-5,0,75714],[-2,-2,9343],[-10,-3,24227],[-9,1,8629],[-1,1,22099],[-7,-1,8574],[-5,-3,39375],[-11,-11,39375],[-7,-1,16105],[-13,5,32224],[-1,-2,7705],[-6,-5,130709],[-78,11,347026],[-24,59,0]],[[16488,18694,0],[-40,98,8684],[-7,18,72339],[-23,39,289029],[-12,5,29948],[-29,24,53310],[-20,18,10797],[-16,17,10797],[-3,2,111247],[-37,6,0]],[[16301,18921,0],[-31,5,16300],[-15,3,62493],[-39,20,146927],[3,24,71618],[-32,26,507447],[-21,170,98151],[-6,57,40158],[-5,86,9305],[-1,14,168750],[3,20,61300],[-23,44,0]],[[16301,18921,0],[-38,-128,302757],[-40,-60,26178],[-19,-26,99605],[-34,-32,13209],[-9,-8,13209],[-11,-11,195240],[-10,-15,32896],[-1,-9,12626],[-6,-15,12626],[0,-5,91438],[-12,-14,9336],[-22,-23,18195],[-11,-14,44721],[-14,-23,110760],[20,-10,17170],[6,-4,85113],[-13,-10,8370],[-22,-14,589625],[-93,25,89129],[-25,-7,0]],[[15947,18518,0],[-744,-2,1625387],[-60,556,0]],[[16488,18694,0],[-41,-39,101332],[-31,10,271332],[-23,-170,797956],[10,-44,66323],[24,-30,50870],[1,-18,151711],[40,0,311348],[0,-9,15417],[5,-30,15151],[0,-8,55618],[-10,-1,55618],[-2,-19,17057],[0,-19,30263],[-2,-13,11757],[-2,-5,7269],[0,-5,7269],[-2,-12,33325],[-1,-10,7267],[-1,-11,14311],[1,-10,25909],[-2,-16,7872],[-2,-15,311348],[4,-39,7559],[2,-23,9590],[2,-16,9590],[-1,-5,9590],[3,-25,141150],[62,-403,0]],[[15908,17688,0],[65,14,13137],[30,7,13137],[55,12,8495],[67,14,10905],[22,5,23134],[14,5,18162],[19,2,442107],[83,-8,14562],[30,-3,9254],[68,-7,7131],[22,-2,67793],[139,-18,0]],[[15894,17685,0],[14,3,0]],[[15894,17685,0],[24,77,175757],[28,295,387925],[0,162,12974],[0,151,7129],[1,148,0]],[[17132,18599,0],[6,-8,8700],[2,-5,69591],[7,-31,7322],[2,-10,7322],[3,-14,35442],[5,-33,8631],[2,-14,27579],[8,-35,15316],[1,-9,573590],[-10,-8,18625],[0,-6,17556],[-2,-3,8845],[-5,-2,54422],[-17,3,9880],[-5,-1,159506],[-3,-12,12558],[-1,-8,8850],[-4,-18,23247],[1,-5,23247],[-2,-6,8300],[-1,-10,10261],[2,-3,9784],[-3,-6,9784],[-4,-35,73585],[7,-2,159506],[-1,-8,8784],[-4,-10,10122],[-1,-4,33191],[-4,-11,7387],[-5,-11,15928],[-8,-15,11224],[-4,-9,41804],[-3,-9,7361],[-6,-19,14050],[-2,-8,83954],[-7,-15,20495],[-19,-27,327344],[-13,-13,20817],[-18,-23,27777],[-7,-6,11721],[-20,-21,64513],[-63,-79,0]],[[17239,17467,0],[83,-74,0]],[[17239,17467,0],[115,54,125348],[57,47,288949],[4,11,48014],[-33,1,55097],[-5,10,14616],[-2,9,132320],[4,16,21535],[3,6,9169],[2,7,9169],[3,8,70755],[6,1,8728],[4,3,8728],[5,0,20546],[7,-3,20546],[-2,6,14672],[4,2,707317],[3,-5,8656],[6,-6,16096],[9,-4,18882],[3,-7,11875],[5,-4,86810],[2,4,9542],[18,22,86810],[26,5,39429],[19,-7,39429],[46,1,31053],[9,4,31053],[25,-6,237612],[4,-4,15113],[1,-5,7055],[4,-11,19798],[7,-8,132043],[7,0,22441],[55,-5,7811],[12,-1,37204],[15,0,12152],[9,1,138202],[3,-7,7511],[1,-3,13040],[9,-20,237612],[7,6,23101],[28,11,12469],[5,3,85351],[8,-5,44447],[23,2,12846],[9,2,10877],[19,2,0]],[[17808,17600,0],[8,-66,80531],[12,-33,22576],[6,-12,42486],[4,-11,13055],[-1,-6,14235],[1,-6,7591],[4,-12,180326],[32,-52,72254],[21,-45,32636],[14,-36,0]],[[17909,17321,0],[-30,-11,8249],[-7,-3,60333],[-5,-6,18948],[1,-11,83516],[-34,-13,7921],[0,2,7921],[-7,-4,8938],[-25,-9,193303],[-1,-6,11129],[-5,-52,329076],[-4,-2,8086],[-3,0,8194],[-11,-5,13177],[-6,-1,50966],[-171,-38,0]],[[17322,17393,0],[91,-83,11721],[32,-28,9285],[54,-49,15534],[24,-22,15534],[16,-15,12312],[13,-11,173903],[3,-3,8531],[4,-2,19092],[10,3,43736],[9,-4,16079],[3,-4,10549],[4,0,10549],[7,-4,8596],[7,-5,26358],[2,-4,0]],[[17682,18372,0],[-5,1,9422],[-8,3,30233],[-12,13,104701],[-6,0,13856],[-6,3,19873],[-11,2,10612],[-7,0,10612],[-17,1,30282],[-26,7,64160],[-23,1,24800],[-19,-3,158513],[-5,-2,8074],[-5,-3,8074],[-5,-1,7575],[-2,-2,26967],[-3,-9,15150],[-6,-2,13589],[-2,-5,26967],[-2,-1,7188],[-3,3,0]],[[17509,18378,0],[-4,10,19938],[-3,1,8007],[-3,-3,19938],[-5,4,7886],[-4,4,14628],[-5,1,19923],[-3,2,8138],[-1,4,12034],[-6,4,90172],[-3,7,8629],[-4,9,21616],[-7,7,40545],[-3,13,12573],[1,5,32703],[-3,4,8604],[-1,7,16882],[-7,8,150660],[-8,1,16806],[-10,0,9243],[-4,-2,41008],[-5,3,13950],[-10,0,22198],[-3,4,9882],[-8,4,0]],[[13025,19475,0],[-21,-274,19217],[-9,-119,7177],[-14,-187,33253],[-22,-288,0]],[[15197,17730,0],[46,-2,134454],[22,4,8244],[116,19,13981],[63,11,13981],[82,14,547143],[52,-16,12681],[79,-24,19778],[117,-35,10492],[19,-6,190595],[53,-5,11943],[48,-5,0]],[[13608,17295,0],[180,116,8794],[64,42,440719],[187,73,11531],[141,55,64741],[24,5,62767],[142,61,570871],[16,12,8206],[28,22,47338],[2,1,7147],[3,-3,18263],[6,2,9359],[4,4,124743],[3,4,7166],[5,7,14629],[10,8,22278],[4,9,22278],[3,3,8456],[9,10,11736],[4,3,21233],[5,10,84135],[15,5,7389],[5,2,65114],[4,5,7192],[2,4,21617],[4,3,8595],[4,5,8595],[10,9,21617],[3,-1,6985],[3,3,10374],[-1,3,10374],[6,6,7014],[8,10,15968],[3,2,1598563],[10,-1,9348],[11,0,18390],[13,-1,8856],[5,0,8856],[7,-2,22031],[13,0,8768],[7,1,22031],[2,-4,102128],[6,2,13188],[4,3,7439],[9,4,23830],[1,4,18114],[8,4,8818],[6,4,107682],[4,-2,7851],[8,-1,13046],[3,2,13046],[6,-2,8225],[3,-2,14362],[4,1,11130],[6,-2,36084],[8,0,8449],[6,2,8449],[3,-1,10488],[14,1,30227],[12,-4,186793],[11,-9,15087],[8,-9,20861],[10,-5,17776],[6,-8,76916],[5,-9,10761],[0,-3,8534],[3,-8,29474],[5,-4,15136],[3,-10,7921],[1,-2,16806],[8,-7,16806],[0,-5,170231],[60,-4,186793],[0,3,12148],[-6,9,14256],[-3,13,47435],[-10,10,10804],[-5,3,33406],[-4,7,8529],[-4,3,8529],[1,2,8699],[-6,12,77427],[-7,7,14190],[-12,7,29913],[-2,5,17128],[-14,11,20220],[0,4,186793],[151,14,548764],[111,-38,53179],[162,-59,131248],[32,-1,0]],[[12289,17172,0],[314,114,34946],[256,91,1131208],[260,-48,17360],[114,-22,8298],[54,-10,422050],[96,-54,20568],[78,-43,732850],[55,36,18841],[92,59,0]],[[12959,18607,0],[-93,-148,12262],[-138,-221,716031],[-97,-502,859136],[-342,-564,0]],[[16789,17864,0],[-39,-74,0]],[[16522,17709,0],[37,13,12137],[16,6,12137],[74,27,18938],[63,21,12659],[38,14,0]],[[18388,21070,0],[-7,-4,14104],[-10,-6,7550],[-7,-6,15403],[-8,-4,18796],[-26,-17,11508],[-9,-6,8008],[-18,-13,15764],[-8,-4,7785],[-15,-10,110908],[4,-4,17658],[-9,-4,29665],[-22,-13,10375],[-9,-7,39900],[-2,-8,60053],[-11,-7,16199],[-9,-8,7349],[-8,-7,23787],[-7,-4,7924],[-10,-6,23787],[-7,-6,7850],[-12,-10,146699],[-8,-3,7176],[-9,-6,18228],[-11,-8,20903],[-12,-7,9971],[-9,-4,20903],[-22,-13,7495],[-37,-22,0]],[[18070,20853,0],[-7,9,12787],[-9,7,50400],[-7,-2,24122],[-6,3,13070],[-15,2,0]],[[18026,20872,0],[-8,12,17123],[-5,13,29474],[-7,7,12872],[-4,9,12872],[-3,-1,203591],[-1,-4,7972],[1,-10,30456],[-5,-1,9208],[1,-3,9863],[-6,-2,22323],[-1,7,48330],[-4,-1,8609],[-9,-5,8609],[-36,-18,94195],[-14,-2,28443],[-8,-2,10166],[-21,-10,35060],[-3,0,7837],[-5,3,26349],[-5,-4,15726],[-12,-3,0]],[[17871,20857,0],[-15,18,50065],[-4,22,10407],[-4,15,414682],[-5,7,20307],[-13,5,66165],[-22,-22,66165],[-29,-12,26576],[-21,-6,11732],[-27,-9,116673],[-25,-5,17688],[-7,1,28725],[-55,-12,32811],[-31,-3,247505],[-51,-28,21822],[-37,-21,44713],[-7,-5,16173],[-13,-5,16173],[-51,-25,132075],[-42,-5,0]],[[17412,20767,0],[-15,31,12349],[-5,14,11619],[-8,14,188318],[-15,-2,27456],[-10,5,13403],[-6,1,50025],[-4,-6,15347],[-10,-5,119743],[-8,5,31075],[-44,46,88554],[-5,-6,8398],[-5,-8,19982],[-3,3,375213],[-13,35,18371],[-18,47,18371],[-24,60,12190],[-5,14,71648],[-10,23,7973],[-19,41,0]],[[18282,21246,0],[28,-38,14998],[7,-8,8761],[12,-16,50972],[11,-10,12162],[6,-3,142733],[-4,-10,14559],[4,1,14559],[-2,-21,94709],[15,-23,8685],[4,-6,8685],[9,-15,22201],[6,-12,16746],[10,-15,0]],[[16600,20204,0],[15,-7,12613],[29,-16,12613],[15,-8,7213],[26,-14,24220],[32,-18,13986],[24,-12,13986],[48,-26,35745],[18,-10,7497],[32,-17,13417],[18,-9,142448],[91,-43,19961],[53,-26,11182],[49,-24,10068],[35,-17,191396],[25,-14,8617],[56,-33,21360],[43,-25,7176],[13,-7,12410],[44,-26,8565],[22,-13,191396],[38,-14,14305],[78,-28,10402],[16,-6,0]],[[18102,17074,0],[1,-8,28512],[-4,-9,10907],[-4,-4,12956],[-4,-10,28512],[-4,-20,15580],[-6,-18,98217],[-8,0,34504],[1,-7,18774],[-4,-7,12284],[-1,-7,42318],[-4,-2,10852],[-13,-4,515664],[-20,1,8275],[-23,1,63547],[-31,-5,17440],[-36,-8,75738],[-42,5,246439],[-16,5,8736],[-33,10,16764],[-19,7,53761],[-37,18,178072],[-72,6,23758],[-78,5,0]],[[17601,17162,0],[-2,-9,21434],[3,-5,10062],[3,-12,34968],[-1,-3,11083],[-8,-9,34968],[10,-8,91630],[11,-32,37641],[20,-46,15901],[8,-15,0]],[[17909,17321,0],[19,-35,178553],[15,7,21333],[14,12,63571],[17,6,10357],[13,6,10357],[52,21,447012],[16,15,59080],[45,32,33294],[39,25,10514],[39,25,74797],[3,9,42065],[4,3,11195],[9,3,22136],[4,-4,28996],[12,3,18209],[2,5,9343],[4,1,72458],[3,-3,15073],[7,1,9668],[4,-2,45084],[2,3,7414],[1,6,23772],[-1,9,10246],[-3,6,45084],[1,3,7255],[4,3,13311],[7,3,13311],[6,5,7264],[11,9,249836],[9,3,10631],[0,2,9145],[8,3,17147],[1,4,17147],[12,1,17147],[3,2,9271],[13,4,9271],[15,7,9541],[7,4,9541],[4,0,31150],[2,4,31150],[8,3,10239],[5,0,15644],[10,3,9700],[10,4,24369],[2,3,10205],[5,1,7319],[2,2,94368],[5,9,8915],[0,6,8915],[2,3,94368],[7,1,10569],[4,4,27174],[9,2,7891],[14,3,20054],[9,-1,42655],[13,5,16140],[3,5,16110],[8,0,16110],[10,6,28822],[6,-1,10431],[6,2,190132],[13,10,18178],[10,11,39236],[9,17,8397],[2,4,0]],[[18504,17634,0],[8,-25,35638],[9,-13,9366],[6,-10,0]],[[18527,17586,0],[8,-11,13435],[3,-10,0]],[[18538,17565,0],[-13,-6,11524],[-4,-1,11524],[-7,-6,20458],[-32,-20,24253],[-10,-6,8999],[-13,-7,92481],[-8,-6,13592],[-8,-10,25315],[-2,-8,7964],[-3,-5,92481],[-30,-25,12236],[-42,-35,19349],[-33,-26,72571],[-15,-11,12123],[-36,-27,27899],[-13,-11,9603],[-28,-21,9683],[-37,-30,567450],[-25,-49,10455],[-33,-67,9602],[-5,-10,43372],[-14,-24,122249],[-27,-72,46033],[2,-8,0]],[[17808,17600,0],[-7,38,21630],[-1,19,75881],[3,18,9815],[5,19,30900],[0,20,105011],[-14,47,37480],[-1,22,0]],[[18380,17999,0],[25,-63,59993],[19,-69,0]],[[18424,17867,0],[2,-9,8723],[14,-51,39825],[19,-52,88013],[14,-80,161789],[7,-10,19649],[17,-20,11826],[8,-8,27916],[-1,-3,0]],[[17509,18378,0],[-3,-2,11257],[-6,-12,12600],[-5,-6,22258],[-1,-6,38343],[-17,-15,91621],[-3,-1,8549],[-7,-5,12691],[-17,-7,34733],[-6,-1,10726],[-8,2,157837],[-16,7,18930],[-27,14,424123],[-7,-11,18292],[-5,-16,18292],[-8,-16,10021],[-11,-26,21896],[-30,-67,9066],[-11,-24,9066],[-10,-24,116062],[-18,-31,8638],[-12,-22,11446],[-24,-42,0]],[[17257,18067,0],[-21,-24,10270],[-58,-65,25999],[-37,-43,10087],[-25,-28,116103],[-199,-213,0]],[[16750,17790,0],[64,-37,10457],[40,-22,17117],[63,-37,0]],[[17257,18067,0],[3,-1,23161],[0,-17,14464],[2,-17,29763],[5,-22,15155],[3,-6,418301],[54,-19,8679],[13,-4,130273],[1,11,8451],[1,14,20489],[4,12,130273],[12,1,23782],[35,0,8748],[41,-1,170969],[0,-12,7765],[-1,-32,170969],[23,3,62628],[34,17,29937],[19,10,14572],[14,10,87391],[13,19,170969],[40,4,7912],[16,2,15482],[4,-1,15482],[25,4,71557],[20,-3,19960],[28,-2,138971],[-4,9,9013],[1,3,8240],[-3,4,7404],[0,3,27133],[-7,5,9455],[-2,4,82398],[41,-4,659773],[2,-16,44007],[12,-9,19217],[9,-1,59355],[2,3,8541],[2,8,35887],[10,-2,11891],[7,-3,59355],[-1,-8,15632],[4,-18,69701],[5,-7,11552],[12,-9,38692],[10,-4,8524],[12,-3,187643],[3,-19,7130],[3,-14,24631],[0,-16,81669],[6,-9,13844],[10,-11,40925],[0,-3,7283],[-3,-15,10419],[-3,-3,7404],[2,-2,7404],[1,3,40925],[14,-1,0]],[[17062,17568,0],[31,-1,68493],[38,-20,30701],[16,-4,163685],[16,-13,8135],[76,-63,0]],[[16917,17694,0],[8,-8,26291],[104,-93,52540],[33,-25,0]],[[18026,20872,0],[4,-5,15573],[18,-19,53787],[5,-13,17295],[0,-13,53787],[16,-31,17540],[7,-10,17540],[6,-14,81027],[2,-11,9406],[0,-7,21499],[-3,-6,9785],[1,-4,81027],[3,-3,8563],[7,-4,36576],[9,-13,13051],[19,-28,0]],[[18120,20691,0],[-12,-10,22519],[-5,-9,10309],[-5,-8,32824],[1,-11,32824],[-5,-1,8780],[0,3,13044],[-10,-2,25846],[1,-7,163023],[-14,3,9105],[-14,3,29463],[-5,2,8693],[-14,4,17559],[-12,3,8817],[-18,5,0]],[[18008,20666,0],[-19,19,30217],[-2,4,9873],[-21,28,15639],[-5,5,89511],[-4,16,16800],[-4,11,7413],[-3,5,61104],[-9,8,17786],[-7,2,16159],[-7,6,61104],[-11,16,13755],[-9,17,25670],[-10,23,58521],[-7,8,19007],[-15,9,38542],[-4,14,0]],[[18388,21070,0],[8,5,96525],[8,-20,7996],[5,-15,23513],[0,-4,26714],[17,-44,32535],[11,-16,27117],[3,-12,12350],[-2,0,50689],[4,-10,7968],[11,-38,502041],[32,9,43524],[25,4,7821],[19,4,10259],[51,8,81745],[38,4,33771],[2,-12,33771],[2,1,9877],[7,10,10160],[4,3,33771],[13,-1,17402],[2,-1,10250],[6,3,10818],[2,-2,10818],[7,3,81745],[1,3,9757],[5,3,11724],[0,4,11724],[5,3,39217],[5,0,9183],[3,2,9270],[8,1,8903],[3,-1,666701],[1,-36,7972],[2,-43,62727],[-7,-8,153458],[-1,-5,8065],[2,-10,19740],[3,-11,8401],[2,-7,28567],[5,-21,8834],[10,-40,14858],[4,-17,10655],[11,-44,0]],[[18725,20722,0],[-11,-10,10395],[-4,-5,10395],[-49,-49,51742],[-37,-43,74818],[-19,-12,26730],[-11,1,19790],[-5,-5,74818],[-2,-16,10335],[-3,-12,333363],[-6,-1,20317],[-4,-5,12164],[-7,-1,12164],[-7,-6,19283],[-6,-1,38655],[-3,-4,8542],[-4,-7,41033],[-7,-4,7779],[-8,-3,17091],[-10,-8,25075],[-6,-3,9468],[-9,-2,131780],[-9,2,14668],[-5,-2,19425],[-2,2,7113],[-6,2,19963],[-5,0,9759],[-7,-2,17733],[-5,3,46899],[-6,-4,8536],[-4,0,10576],[-4,-4,10576],[-9,-2,39508],[-6,3,8884],[-7,2,102636],[-7,-4,14292],[-8,-7,7737],[-2,0,7183],[-3,-3,21677],[-1,-7,14624],[-5,-2,0]],[[18406,20503,0],[-1,8,15736],[-6,5,43358],[0,12,19764],[-5,10,15198],[0,8,7383],[-1,3,25655],[-5,6,25407],[1,4,9576],[5,8,223637],[-16,-4,9792],[-8,-4,19953],[-32,-8,54468],[-8,-4,7026],[-4,-1,7026],[-22,-9,16771],[-19,-6,16771],[-8,-5,316690],[-15,20,9720],[-17,22,9720],[-37,49,10760],[-11,15,10760],[-23,30,7776],[-5,6,0]],[[18169,20668,0],[-4,7,17024],[-26,33,8919],[-21,28,25525],[-7,11,136842],[-6,13,12015],[-10,26,20869],[-11,23,39084],[-5,18,8705],[-1,8,22010],[-5,12,8435],[-3,6,0]],[[18008,20666,0],[-8,-4,14083],[-7,-7,24894],[-3,-9,127595],[4,-14,15980],[8,-18,40931],[1,-11,11640],[3,-6,18196],[1,-10,8232],[-1,-8,83601],[4,-4,10493],[9,-14,11026],[4,-5,9029],[8,-12,0]],[[18031,20544,0],[-2,-5,7607],[-2,-4,18056],[1,-2,10461],[-8,1,101729],[10,-59,29116],[-2,-1,35420],[12,-66,0]],[[18040,20408,0],[-32,6,109017],[6,-59,109017],[-25,-30,8125],[-50,-61,196080],[-13,-1,30440],[-7,-11,30440],[-35,-24,21956],[-27,-20,196080],[-23,-26,8122],[-48,-55,14190],[-39,-44,79607],[-54,-69,399207],[-62,-41,7600],[-10,-6,7600],[-76,-50,0]],[[17545,19917,0],[-34,59,7271],[-10,16,7271],[-23,40,631398],[-3,46,51617],[-1,1,11648],[3,7,7433],[3,3,13682],[-2,4,24584],[6,5,9404],[2,3,7526],[-2,3,7526],[4,0,50674],[-2,3,8391],[-5,15,174231],[3,4,16455],[11,2,21955],[1,5,41026],[18,32,45417],[13,13,19290],[10,5,174231],[10,20,25816],[-2,6,29204],[7,8,17592],[3,6,7058],[1,5,29204],[-3,5,10497],[2,5,73964],[12,10,52135],[0,3,7706],[3,3,7706],[3,7,21465],[1,8,8895],[0,6,42003],[3,2,7218],[1,3,7218],[4,5,18415],[1,7,15927],[4,5,8318],[3,2,91852],[2,6,9949],[-1,5,16145],[3,5,7563],[3,8,29174],[-3,2,11396],[1,7,8511],[-1,2,171650],[6,5,14980],[2,3,7120],[-3,2,14980],[9,12,35482],[5,4,8586],[6,1,11722],[5,5,60022],[-1,6,12981],[5,4,22063],[-3,8,9410],[-2,1,60022],[29,20,254796],[43,-44,206494],[4,2,13589],[7,12,41973],[7,18,10757],[7,16,9069],[1,5,8069],[6,12,89560],[-9,8,26190],[-10,22,89560],[8,4,7591],[25,11,254796],[-1,34,17605],[1,5,12219],[-4,1,7115],[0,2,17605],[4,4,94711],[-3,4,8801],[-3,5,15866],[-6,2,41986],[-2,3,7606],[0,6,8488],[-3,11,34221],[-4,7,12054],[-5,3,15381],[-3,7,1200510],[-7,3,11377],[-7,0,20981],[-8,4,10863],[-6,5,25766],[-4,-2,10915],[-7,2,25766],[-3,4,12072],[-8,5,7871],[-3,2,72832],[-3,4,10228],[-7,5,11115],[-6,7,12299],[-6,5,12299],[-3,5,127097],[-11,9,26549],[-8,2,8400],[-11,1,56401],[-7,-6,31819],[-13,2,17194],[-1,-2,11086],[-6,2,11086],[-4,-1,266121],[-8,5,23525],[-1,4,11354],[-9,15,51153],[-6,2,8540],[-4,-1,18818],[-5,6,9968],[-4,1,24139],[0,6,14576],[-7,7,24139],[-4,-5,51153],[-2,1,7015],[-9,11,11019],[-6,8,16903],[-9,8,83047],[-9,1,38885],[-9,8,14827],[-4,0,15787],[-16,14,18208],[-8,5,112182],[-5,7,7250],[-7,8,14915],[-7,4,13658],[-2,5,7479],[-5,5,31670],[-13,7,31670],[-2,14,0]],[[18171,20614,0],[-1,20,14151],[-2,13,39582],[-3,4,8568],[-6,7,0]],[[18159,20658,0],[2,3,7925],[8,7,0]],[[18406,20503,0],[2,-2,10577],[0,-9,50765],[-9,-1,8198],[-23,-3,14888],[-4,-2,128504],[4,-9,27431],[-11,-4,27431],[3,-17,21161],[-4,-1,70777],[3,-10,10406],[7,-12,27463],[4,-21,142452],[-5,-7,9169],[-4,-10,9829],[-4,-5,9829],[-2,-7,27576],[-4,-2,7343],[-2,-5,7343],[-4,-4,69032],[-25,-10,0]],[[18328,20362,0],[-10,20,19311],[-13,18,30082],[-6,17,85132],[0,15,17282],[2,17,26912],[-2,9,219725],[-19,16,23384],[-22,23,91793],[-11,20,7275],[-20,31,73037],[-12,17,15221],[-10,11,41288],[-10,7,7742],[-9,4,58572],[-9,11,22323],[-6,16,0]],[[18900,21576,0],[2,-38,10861],[-1,-7,26265],[2,-23,7157],[1,-23,7157],[0,-5,13816],[2,-29,302486],[2,-5,12892],[4,0,8057],[3,-3,22399],[-1,-3,7617],[-3,-3,25797],[1,-4,9818],[5,-5,18781],[7,-1,33770],[2,-8,12015],[6,-9,14134],[3,0,14134],[2,-10,130199],[2,-1,7026],[6,-6,9557],[4,-2,9557],[15,-11,32962],[33,-20,9945],[28,-18,329122],[9,-31,13900],[13,-54,87052],[12,-23,14059],[15,-32,180135],[-1,-3,8597],[-2,-12,8714],[-2,-3,9984],[-12,-39,0]],[[19057,21145,0],[-2,-2,7411],[-1,-6,20677],[2,-4,7172],[3,-2,20677],[0,-3,7327],[-2,-8,54835],[1,-6,10196],[3,-3,10196],[2,-8,30378],[8,-4,8695],[3,-4,44524],[2,-21,121182],[3,-8,17644],[11,-7,19218],[1,-6,19218],[8,-4,10371],[4,-4,61602],[9,-26,33704],[8,-13,12715],[8,-11,344114],[11,-9,21636],[18,-12,11014],[14,-9,46420],[11,-5,10905],[14,-5,124355],[23,-3,20404],[16,-2,9387],[22,-1,30191],[11,-1,10054],[6,-3,273631],[4,-4,8015],[3,-5,24090],[1,-5,7460],[5,-14,42052],[1,-18,8464],[-1,-5,23325],[4,-9,90512],[10,-11,16046],[9,-7,7066],[7,-7,34942],[7,-13,713404],[-1,-9,19592],[-7,-11,19592],[0,-8,16050],[-5,-8,101625],[-2,-1,7859],[-7,-6,8282],[-7,-4,11017],[-7,-6,25032],[-10,-11,68329],[-1,-8,16640],[-5,-5,16640],[-7,-14,22977],[-9,-14,7931],[-2,-2,52727],[-9,-3,8432],[-3,-2,24885],[-7,-11,211655],[1,-11,13689],[4,-10,48190],[0,-19,18194],[-2,-13,29553],[-3,-3,10981],[-3,-9,29553],[4,-10,14878],[-1,-5,0]],[[19235,20644,0],[-14,-4,18034],[-54,-9,134924],[-25,-23,9688],[-6,-4,21661],[-3,-6,21661],[-26,-20,181086],[-29,4,9583],[-29,4,10656],[-29,4,125647],[-4,-2,21288],[-14,-24,786110],[-23,-199,289737],[-21,-41,7847],[-7,-14,7847],[-4,-8,7847],[-43,-84,190327],[-4,-16,11315],[-17,-98,0]],[[18883,20104,0],[-27,14,62263],[-25,35,159687],[-19,47,7412],[-5,13,64752],[-16,69,139887],[-27,11,0]],[[18764,20293,0],[40,51,8822],[8,10,22733],[18,25,145067],[1,0,8987],[58,26,606706],[1,7,41476],[-2,6,7480],[-7,28,16180],[-10,33,12553],[-10,37,52432],[-6,39,88820],[-20,53,319549],[-19,29,14427],[-19,31,31111],[-47,72,176119],[-25,-18,0]],[[18031,20544,0],[8,11,12553],[8,6,15462],[-1,5,12519],[5,3,97655],[5,-5,31759],[4,1,8195],[4,-1,8195],[12,-1,22633],[11,4,44822],[8,-2,16092],[10,-7,143897],[15,13,18295],[6,0,12622],[4,5,37697],[3,-4,14967],[4,6,13675],[3,-3,74670],[3,4,7131],[3,-1,7131],[0,3,7131],[4,5,15837],[2,-2,22259],[9,14,28508],[-6,3,28508],[6,5,9020],[7,7,13131],[3,1,0]],[[18328,20362,0],[7,-36,0]],[[18335,20326,0],[-8,-1,11803],[-28,-2,61279],[-4,-2,7577],[-8,-5,7577],[-9,-4,10935],[-6,-1,10935],[-1,-3,44509],[-12,-2,16441],[-8,-2,7351],[-11,-3,308735],[-8,22,8970],[-2,7,124408],[-7,-3,27315],[-6,13,29753],[-13,-6,29753],[-2,10,64015],[-82,66,237558],[-10,-16,87955],[-70,14,0]],[[18764,20293,0],[-16,-14,7889],[-17,-16,9228],[-4,-4,9228],[-12,-11,72695],[-16,-11,11498],[-17,-14,21776],[-17,-11,11784],[-10,-8,11784],[-26,-18,108393],[-69,-68,249005],[-33,-54,63733],[-4,-18,13015],[3,-2,13015],[-4,-7,0]],[[18522,20037,0],[-38,-7,50239],[-32,5,116008],[-46,21,23856],[-14,8,452972],[-8,13,49532],[-3,13,14855],[-1,17,30500],[2,22,49532],[-3,12,12647],[-6,12,49532],[-5,26,14074],[-8,35,17443],[-7,41,64489],[-15,49,29784],[-3,22,0]],[[17545,19917,0],[4,-178,0]],[[18522,20037,0],[14,-4,60410],[-2,-8,26111],[4,-9,13142],[0,-4,8817],[2,-7,41844],[-8,-10,0]],[[18532,19995,0],[-7,-1,16836],[-7,-7,27444],[-4,1,11083],[-9,-1,40643],[-5,-3,13852],[-5,-10,84474],[-4,5,15808],[-4,-4,20879],[-5,8,21076],[-1,-1,8127],[-5,3,8127],[-10,3,147046],[-3,-4,7808],[1,-3,7808],[-3,-1,8194],[-1,-5,47723],[1,-12,7927],[2,-4,7927],[-2,-1,25618],[8,-21,232053],[-15,-2,13313],[-8,1,53040],[0,11,18403],[-3,0,11751],[-2,8,53040],[-6,-1,16501],[-6,6,9963],[-3,-2,8651],[-2,4,19237],[-7,-2,19237],[-4,6,9787],[-3,1,106059],[-1,6,8713],[-3,7,8713],[-2,8,22800],[-6,8,14890],[-2,8,232053],[-3,4,8320],[-4,1,19287],[-15,1,19131],[-3,3,48438],[-4,-3,10534],[1,-3,12253],[-5,-5,71331],[-21,-11,16251],[-10,-3,23355],[-9,-8,20284],[-19,-8,150118],[-4,2,12802],[-12,8,39745],[-9,10,21343],[-4,13,150118],[-36,-24,38088],[-26,-11,18295],[-9,-6,768189],[-67,-48,20459],[-53,-38,8878],[-25,-17,38409],[-307,-223,0]],[[18883,20104,0],[-6,-18,19707],[-6,-6,0]],[[18871,20080,0],[-9,-16,7652],[-17,-30,27174],[-28,-43,51023],[-24,-43,21817],[-10,-21,80856],[-11,-18,10063],[-3,-2,33149],[-24,-38,9444],[-6,-11,18373],[-8,-14,17100],[-7,-11,8433],[-5,-9,8433],[-10,-15,242867],[16,-12,115928],[-3,-3,8635],[1,-2,7969],[-2,-3,8635],[-11,-19,49529],[-5,-7,14128],[-10,-8,24165],[-5,-9,16989],[-15,-17,102406],[3,-29,0]],[[18678,19700,0],[-38,43,92590],[-43,26,28176],[-18,7,338205],[-2,8,8117],[-4,7,17980],[1,6,12011],[-4,3,12011],[-2,11,31216],[3,13,16567],[-3,2,31216],[-10,29,89904],[2,17,52108],[-5,2,16185],[-11,-3,22169],[-5,2,8023],[-3,3,173607],[-13,-11,13925],[0,-2,7033],[-4,0,38138],[9,11,14158],[4,8,18039],[11,12,51155],[-5,13,18725],[-8,10,54063],[0,6,11087],[3,0,11210],[9,8,54063],[-2,8,21355],[-9,8,14528],[-3,7,63874],[6,12,38031],[1,7,12092],[-3,12,13188],[0,10,0]],[[18678,19700,0],[-26,-6,112495],[-29,-39,71151],[-18,-50,319872],[-60,-38,12001],[-7,-4,7934],[-12,-7,49009],[-25,-12,32966],[-11,-8,9541],[-14,-8,7353],[-3,-3,27690],[-20,-10,124733],[-7,-5,7825],[-17,-16,68046],[-53,-33,8432],[-15,-9,8432],[-12,-7,21181],[-32,-22,8615],[-19,-11,51810],[-21,-17,435018],[-21,-10,8648],[-82,-38,117224],[-61,-7,46002],[-16,-8,0]],[[18120,20691,0],[5,-5,17564],[12,-4,12680],[5,-4,36835],[11,-13,8097],[6,-7,0]],[[19166,15577,0],[7,2,10820],[12,5,18463],[11,7,23202],[60,31,66307],[3,-3,17800],[13,4,0]],[[19272,15623,0],[13,-18,39388],[12,-12,13142],[19,-18,13783],[20,-20,23638],[9,-13,14596],[10,-9,108478],[35,7,72346],[1,-2,8067],[3,-10,23378],[-2,-11,171422],[4,-6,10600],[4,-10,11262],[6,-9,7187],[6,-9,7187],[3,-5,41665],[0,-10,21983],[2,-7,10506],[6,-12,41665],[6,-6,10910],[6,-3,0]],[[19435,15440,0],[-3,-49,28338],[1,-22,44344],[6,-3,10347],[6,-7,44344],[-9,-3,13682],[1,-3,9467],[-4,-3,13682],[-6,-1,44344],[3,-31,245406],[-6,-2,19669],[-13,5,56244],[-28,24,46830],[-15,8,17181],[-13,4,0]],[[19355,15357,0],[-7,3,8777],[-8,6,18023],[-10,8,50823],[-13,22,40886],[-19,17,9134],[-5,3,153967],[-15,2,13723],[-10,3,43443],[-14,8,9876],[-12,9,61072],[-7,2,16587],[-12,0,10794],[-19,2,104281],[-8,4,10040],[-8,6,33217],[-7,8,11942],[-4,9,341988],[-10,72,45701],[0,25,15306],[-1,11,0]],[[19635,16056,0],[-6,0,12182],[-6,3,7560],[-4,1,29007],[-12,0,15312],[-4,-4,35104],[-7,3,7405],[-3,4,7405],[-2,-1,153563],[-1,-8,19579],[-6,-11,11896],[-6,-8,85495],[-6,-4,8117],[-11,-6,17021],[-8,-4,9114],[-10,-5,45801],[-9,-8,11085],[-7,-8,15168],[-8,-7,9154],[-4,-2,237941],[3,-5,9038],[7,-11,81107],[-6,-11,23384],[-1,-6,8778],[-2,-7,8778],[-1,-8,23384],[-3,-8,12342],[-5,-7,10890],[-4,-8,21706],[-1,-9,380462],[-21,-7,20266],[-21,-11,123312],[-5,0,7120],[-9,1,19451],[-17,0,9887],[-8,-1,18639],[-10,2,60949],[-43,13,159107],[-5,-4,7772],[-4,-5,37658],[-9,-5,8856],[-9,-3,18087],[-25,-14,0]],[[19316,15877,0],[-5,4,23853],[-4,11,16002],[-3,7,7501],[-5,7,61974],[-7,8,10310],[-4,1,30024],[-6,-6,26983],[-6,2,9602],[-4,5,144406],[5,7,9904],[4,3,9904],[-1,3,42463],[6,30,11008],[2,16,144406],[0,9,13850],[-4,8,13850],[-8,29,28183],[-6,33,115861],[-2,1,8753],[-4,-2,9316],[-13,-1,26807],[-6,2,8864],[-2,3,0]],[[19243,16057,0],[-1,13,39334],[2,3,9452],[4,21,19085],[6,11,14049],[3,12,40488],[2,15,11238],[2,21,40488],[5,22,17752],[5,13,188814],[9,16,9479],[4,7,8217],[3,7,7924],[3,3,17168],[2,7,16413],[12,15,23348],[8,16,9803],[2,2,9803],[12,22,19125],[10,16,0]],[[19336,16299,0],[15,11,36541],[10,-2,13569],[8,2,61462],[15,7,16582],[6,6,17400],[10,4,12508],[21,12,27897],[14,11,248332],[-15,14,18082],[-6,9,18082],[-13,13,12447],[-15,14,36327],[-10,6,11138],[-7,6,0]],[[19369,16412,0],[3,3,7597],[3,-1,22310],[5,6,8395],[2,1,12593],[3,7,161403],[31,-15,17929],[60,-28,13748],[6,-4,7310],[21,-9,13748],[10,-4,13748],[19,-10,46950],[12,-5,7889],[18,-7,282262],[4,10,19902],[6,7,7438],[5,4,42097],[7,0,10955],[5,-3,136925],[6,-7,8607],[3,-6,23911],[7,-22,60603],[-8,-3,11490],[-5,-4,60603],[-2,-6,12062],[-1,-12,26154],[2,-20,15391],[-1,-8,45812],[2,-8,12120],[4,-6,136925],[9,0,15431],[3,2,9260],[5,-1,9260],[7,2,31116],[1,-2,7231],[7,-3,0]],[[19628,16260,0],[13,-3,15689],[2,-2,8997],[7,-1,8997],[9,-3,30649],[0,2,8734],[5,2,27327],[9,-3,10129],[3,-3,12904],[9,-1,104316],[0,-2,8756],[-5,-6,36432],[0,-4,7185],[2,-2,7185],[1,-4,12904],[8,-13,183884],[6,0,17423],[11,5,13925],[8,2,55074],[7,-6,13212],[7,-1,13212],[2,-5,19673],[6,0,10162],[3,-2,53589],[9,6,15669],[9,1,82417],[6,-3,13855],[1,-3,9532],[5,-4,21751],[5,0,13271],[8,-6,75700],[0,7,13615],[4,9,15215],[2,16,0]],[[18538,17565,0],[10,-23,16875],[18,-38,18451],[8,-18,11911],[19,-42,16310],[1,-3,14074],[22,-49,0]],[[18616,17392,0],[39,-73,0]],[[18655,17319,0],[-6,-15,30183],[-11,-55,338924],[-23,-25,18018],[-10,-14,21983],[-18,-18,93728],[-35,-44,11225],[-39,-48,25298],[-10,-12,7092],[-23,-28,7881],[-16,-19,51395],[-39,-51,27634],[-69,-86,119465],[-31,-34,8264],[-4,-5,47474],[-15,4,38164],[-11,-12,47474],[3,-5,12709],[4,1,12709],[4,-6,47474],[-9,-14,25739],[-6,-3,16573],[-9,-11,8427],[-2,-3,7919],[-3,-1,0]],[[18277,16815,0],[-4,3,12707],[-8,2,6973],[-8,3,66811],[-2,3,7959],[-1,12,15293],[2,6,42786],[-7,7,11594],[-6,5,17428],[-2,5,0]],[[18241,16861,0],[-1,5,9037],[-4,6,38681],[-15,3,16166],[-5,1,7141],[-6,4,38681],[-4,4,10050],[-4,7,164787],[1,8,9172],[0,11,10998],[1,12,36062],[-3,16,12475],[-3,6,98439],[-5,2,9039],[-7,1,31389],[-8,5,13719],[-10,12,105164],[-5,11,15225],[-4,17,50029],[-1,12,14477],[2,14,16676],[-1,15,203270],[-6,14,28247],[-10,13,15509],[-10,10,82573],[-8,3,19484],[-23,1,0]],[[18614,16628,0],[9,-18,11000],[4,-7,14760],[9,-17,0]],[[18636,16586,0],[6,-10,13965],[7,-5,40415],[22,-4,113835],[8,0,11061],[16,3,17214],[9,3,40609],[15,11,18476],[12,4,40609],[6,0,9301],[6,-2,367920],[5,-5,12409],[4,-9,22580],[-1,-10,87866],[-6,-22,8707],[-10,-41,58007],[-3,-20,22273],[2,-16,142195],[7,-26,11948],[3,-15,31680],[4,-14,9905],[6,-16,0]],[[18754,16392,0],[-8,-4,28023],[-3,-4,9736],[-9,-6,9736],[-20,-16,16577],[-9,-7,50132],[-3,-6,15603],[-4,-4,7089],[-8,-9,83599],[-3,0,8328],[-22,-13,9306],[-24,-11,148893],[-15,-13,15784],[-64,-58,8610],[-12,-10,8610],[-31,-28,39441],[-38,-35,298218],[-34,-39,17403],[-32,-38,7663],[-24,-28,28135],[-16,-20,81534],[-63,-61,39565],[-3,-3,7205],[-2,-5,0]],[[18144,16124,0],[4,-4,15156],[-1,-10,17776],[7,-20,7686],[2,-7,178496],[34,-21,67436],[23,-19,23524],[10,-13,23524],[11,-10,7937],[3,-4,13643],[8,-6,8908],[10,-9,103284],[9,-6,17339],[23,-12,11234],[20,-9,0]],[[18128,16145,0],[7,-8,9926],[9,-13,0]],[[18128,16145,0],[15,6,9063],[31,13,88728],[11,8,14111],[6,8,18914],[16,11,32815],[19,21,139331],[19,10,37470],[26,3,37470],[20,7,10238],[22,8,151779],[14,8,18481],[16,11,11385],[20,12,27583],[21,14,7236],[9,6,55709],[3,4,12932],[21,18,611822],[7,9,10389],[-1,2,18716],[12,11,22720],[31,36,17559],[31,35,81593],[2,10,29766],[22,30,202600],[31,86,48682],[0,4,12308],[7,18,16221],[2,13,8739],[1,3,161076],[11,13,20754],[2,6,11987],[5,5,14502],[16,22,55635],[1,-8,16501],[3,-6,8989],[5,-5,54507],[7,7,11265],[2,6,33866],[-1,17,13245],[1,1,0]],[[18754,16392,0],[5,-11,0]],[[18759,16381,0],[6,-14,14830],[10,-29,37828],[9,-11,116020],[9,-3,13492],[14,0,18090],[10,-4,99681],[24,-28,47536],[11,-26,269339],[-2,-48,83696],[7,-34,24889],[13,-54,30160],[0,-9,0]],[[18870,16121,0],[-10,-5,14232],[0,-2,14232],[-15,-12,10174],[-19,-16,93757],[-18,-19,7695],[-25,-27,15366],[-21,-24,46748],[-13,-20,188130],[-18,-8,17214],[-12,-7,17214],[-25,-14,7901],[-10,-4,11976],[-25,-15,331334],[3,-24,65228],[31,-28,493466],[-9,-6,9010],[-93,-60,16539],[-26,-16,50110],[-58,-35,8330],[-23,-15,24809],[-43,-27,150226],[-60,-24,0]],[[18307,15974,0],[13,-7,13900],[22,-10,26016],[13,-8,12719],[5,-5,26016],[11,-1,34807],[15,-8,15879],[14,-9,197639],[19,-41,41548],[21,-36,7166],[7,-13,412497],[-16,-32,7866],[-7,-13,29568],[-43,-78,0]],[[18655,17319,0],[6,-15,17305],[90,-203,212570],[35,-7,0]],[[18786,17094,0],[-66,-98,245658],[-4,1,21077],[4,16,65046],[-2,2,12415],[-22,33,35831],[-9,15,12391],[-7,16,457157],[-14,-27,8108],[-19,-34,8108],[-5,-9,12264],[0,-3,9188],[-6,-9,35829],[-5,-5,26890],[-2,-6,9248],[-3,-4,9248],[-1,-4,7360],[-4,-6,17816],[-4,-4,16882],[-1,-4,9366],[-4,-5,9366],[-3,-8,144978],[-4,-1,9628],[-9,-6,11178],[-3,-5,10905],[-3,1,10905],[-6,-3,7666],[-4,-4,21064],[-9,-4,144978],[-4,-4,7515],[0,-3,11376],[-6,-6,12531],[-9,-12,9868],[-2,-1,9868],[-5,-9,22705],[-4,-3,10818],[-7,-8,7133],[-3,-5,22705],[-5,-10,10802],[-5,-6,65318],[-9,-7,41210],[-4,-7,12839],[0,-8,24555],[-9,-17,12301],[-4,-4,12301],[0,-5,65318],[-14,-12,36156],[-1,-3,7063],[-6,-9,16498],[-7,-7,16498],[-7,-11,9588],[-4,-5,235874],[-2,-9,28358],[5,-6,8090],[4,-3,23469],[2,-8,9421],[-1,-2,0]],[[18464,16739,0],[-4,5,7261],[-2,5,16294],[-8,5,59501],[-5,0,10616],[-13,-3,7690],[-4,-1,37880],[-9,3,10610],[-9,4,80021],[-11,16,14842],[-8,6,42178],[-21,10,104915],[-16,2,12781],[-22,4,17895],[-4,-1,0]],[[18328,16794,0],[-4,-1,7553],[-11,-6,44188],[-6,0,8869],[-10,1,21150],[-17,6,80492],[-3,9,18739],[1,8,8777],[-1,4,0]],[[17741,16484,0],[22,46,8021],[13,28,353040],[47,5,26132],[12,0,7068],[11,1,7068],[21,2,16008],[48,4,16008],[33,3,11576],[14,1,11385],[23,2,32991],[6,-1,7064],[24,1,17268],[8,1,8879],[11,0,32991],[15,5,497733],[6,7,7401],[3,6,16317],[3,0,32105],[5,7,10720],[3,8,10399],[4,5,18196],[0,7,18196],[8,4,23573],[3,9,187684],[4,1,8653],[3,3,16122],[4,1,7941],[5,-1,10649],[6,3,18254],[2,3,18254],[7,1,9200],[7,0,30734],[9,6,86640],[6,-3,16258],[4,1,8728],[4,3,16258],[6,-1,8185],[5,1,12328],[5,-2,19243],[5,4,19243],[5,-4,9973],[4,0,25225],[2,3,8264],[4,1,25225],[8,-3,7897],[7,-2,276911],[4,4,9893],[10,3,20834],[10,7,11217],[2,3,11217],[5,0,11217],[11,7,23541],[1,4,13395],[5,-1,8405],[4,1,101209],[0,9,7960],[1,12,35576],[6,8,9703],[4,7,101209],[10,2,16303],[14,7,26133],[1,5,32066],[10,6,9988],[6,3,18118],[4,6,18235],[8,4,10640],[3,3,8988],[7,4,169174],[1,5,12097],[-2,5,9812],[2,3,9812],[0,13,27432],[5,14,0]],[[18464,16739,0],[6,-4,0]],[[18470,16735,0],[-2,-4,12420],[-8,-5,12420],[-1,-5,8829],[-4,-3,12633],[-4,1,12633],[-1,-5,20877],[-3,-5,7249],[-3,-1,12033],[-5,-9,99199],[-1,-9,8760],[-1,-5,16799],[2,-10,16799],[-4,1,41491],[-1,12,21215],[-7,10,41491],[-9,1,8146],[-4,0,8146],[-16,1,287721],[-4,-4,7896],[-4,-1,19720],[-2,-6,10043],[-4,-1,10733],[-4,-5,7917],[0,-3,69587],[6,-2,10084],[5,-5,23269],[9,-13,110043],[0,-6,14403],[-6,-4,14403],[-4,-8,44502],[-5,-16,10744],[-7,-21,33297],[-10,-27,18124],[-8,-16,220578],[-16,-19,10760],[-8,-11,25734],[-13,-20,49271],[-12,-12,13591],[-15,-19,20890],[-17,-16,723088],[-16,-7,39896],[-44,-36,86755],[-16,-8,14819],[-30,-19,36877],[-36,-18,16531],[-24,-14,16380],[-20,-10,313728],[-39,-8,73766],[-33,2,19998],[-20,0,7757],[-36,1,200182],[-61,-35,52924],[-44,-18,0]],[[17725,16305,0],[4,2,8520],[2,-2,22810],[9,6,8222],[4,1,13939],[3,4,13939],[9,3,57472],[3,-4,8151],[3,0,11944],[7,-5,8055],[0,-2,73662],[24,12,30811],[13,4,12306],[15,5,164593],[39,-34,0]],[[17706,16377,0],[0,-6,8898],[2,-10,30757],[4,-8,11757],[6,-8,15634],[3,-9,43374],[2,-12,9485],[-1,-4,13306],[3,-15,0]],[[17741,16484,0],[4,-8,26819],[2,-17,7956],[1,-8,10271],[-1,-2,10271],[3,-7,10271],[0,-5,48309],[4,-11,18903],[3,-2,7770],[-1,4,7770],[4,-5,163567],[-12,-10,9490],[-8,-6,8903],[-12,-9,27151],[-4,-4,8409],[-15,-14,10630],[-3,-3,0]],[[18470,16735,0],[9,-3,10002],[14,-2,62205],[9,1,11709],[10,2,28366],[17,9,13801],[12,4,75053],[12,-1,23470],[15,-7,266090],[10,-10,9719],[10,-10,46024],[6,-13,11244],[8,-19,92494],[2,-9,14502],[-2,-9,14502],[0,-7,6993],[1,-7,46381],[8,-15,16524],[3,-11,0]],[[17860,16295,0],[8,-15,8488],[12,-17,13110],[1,-3,101790],[67,-38,154064],[12,-30,37779],[0,-13,16399],[3,-12,348169],[29,-2,41286],[19,-4,8166],[29,-5,13571],[13,-2,17403],[47,-9,61018],[28,0,0]],[[19336,16299,0],[-1,6,9443],[-4,7,9443],[-1,5,15565],[-5,7,146064],[-12,-3,7867],[-12,-3,39507],[-61,-23,16513],[-15,-6,10844],[-12,-4,339453],[-42,-27,16291],[-8,-5,93855],[-13,-14,12538],[-14,-14,23336],[-17,-20,30041],[-10,-11,10133],[-11,-9,252974],[-17,-11,26024],[-27,-10,80876],[-19,-5,15580],[-21,-4,39339],[-26,-1,13938],[-9,-1,149586],[-13,-13,22403],[-15,-8,49213],[-16,-7,11092],[-28,-11,49213],[0,-9,0]],[[18907,16105,0],[-12,-1,20304],[-16,5,42227],[-9,12,0]],[[18759,16381,0],[3,2,8439],[10,1,25433],[9,5,10191],[9,7,25433],[15,8,11094],[10,4,11288],[26,13,113463],[7,5,7049],[21,18,18863],[8,8,45062],[9,5,10006],[8,3,17662],[12,8,49067],[8,12,14330],[6,4,29527],[0,2,8303],[3,6,20017],[7,-1,20017],[14,10,113463],[18,2,35720],[27,14,409582],[87,77,7695],[26,22,210377],[19,43,62648],[20,24,48291],[5,7,15084],[19,42,32575],[6,6,0]],[[19171,16738,0],[4,-10,16579],[2,-14,68297],[1,-5,10933],[4,1,25284],[3,6,8006],[3,7,41704],[2,0,7588],[6,-3,14440],[6,-6,10349],[4,-1,142908],[1,-5,11662],[5,-7,10794],[-1,-3,26405],[9,-3,8671],[2,-3,26405],[-1,-9,26405],[4,-9,7814],[1,-5,16119],[5,-6,15810],[0,-7,13307],[5,-6,91320],[28,-24,82896],[1,-14,27855],[11,-13,27855],[14,-30,24305],[4,1,10932],[-1,-5,10932],[5,-7,200203],[7,-24,13226],[5,-14,28399],[0,-6,19234],[11,-38,0]],[[19321,16476,0],[5,-5,10256],[4,-9,19590],[6,-6,10034],[9,-11,19590],[15,-22,16895],[9,-11,0]],[[17685,16838,0],[5,-4,7554],[11,-10,177678],[30,-3,16970],[37,-4,10507],[22,-1,16970],[45,-5,8216],[16,-2,12211],[18,-1,12211],[10,-1,59890],[22,-2,9156],[25,-1,18744],[31,-3,8244],[19,-2,44615],[84,-8,17936],[60,-6,504451],[27,-7,7311],[15,-3,23321],[6,-1,11620],[2,-3,120941],[12,2,7104],[5,1,11541],[9,1,14433],[10,3,9923],[11,2,49262],[11,6,10396],[5,3,19266],[10,1,14759],[4,4,234990],[-2,9,20966],[4,11,14878],[-1,7,37971],[-4,6,7890],[-4,3,39293],[-1,6,13341],[4,7,24791],[-2,5,7840],[-2,2,10486],[-3,8,24791],[5,3,0]],[[17685,16838,0],[0,-7,14389],[5,-16,54295],[0,-29,11386],[0,-19,33157],[2,-20,12696],[1,-18,33157],[-3,-11,116228],[8,-26,27816],[7,-38,86884],[1,-26,7281],[2,-53,54588],[7,-35,203131],[7,-16,12850],[19,-40,0]],[[18973,17028,0],[6,-5,14030],[3,-7,28390],[5,-3,12440],[7,1,30702],[34,-30,103956],[19,-25,24974],[15,-16,35168],[25,-36,119369],[7,-18,32883],[1,-19,10399],[-1,-3,10399],[2,-6,119369],[6,-5,16047],[8,1,39828],[9,-7,12976],[3,-5,18457],[5,-1,8761],[4,-4,32467],[3,3,7918],[5,1,32467],[4,-5,10038],[3,0,17574],[4,-9,277497],[-2,-7,8487],[0,-6,17604],[-2,-5,8143],[-2,-2,23228],[1,-9,76807],[4,-3,7027],[2,-5,13120],[7,-3,13120],[3,-6,19752],[5,-2,9948],[1,-3,8524],[5,-3,76885],[1,-3,10363],[-4,-12,15047],[0,-14,25716],[2,-9,0]],[[18636,16586,0],[13,12,15016],[12,10,9221],[18,15,31168],[7,2,18261],[4,2,7637],[6,7,257916],[-3,4,10125],[-6,1,31864],[2,6,11991],[-2,3,16095],[4,7,86177],[3,0,9261],[11,3,8377],[3,-1,8377],[2,2,34535],[2,7,13487],[-3,2,41289],[10,7,18322],[1,6,18322],[5,9,11999],[9,10,94874],[29,45,28213],[18,23,36910],[12,21,12361],[13,23,36910],[9,6,40240],[12,16,10082],[38,55,156004],[36,44,35521],[7,12,22541],[14,17,10513],[9,10,22541],[42,56,0]],[[19029,15802,0],[-1,9,18840],[2,19,24641],[-1,7,9507],[-2,2,102756],[-34,12,20322],[-11,6,110073],[-2,3,8737],[0,6,12085],[-4,2,10689],[-1,6,43959],[1,3,7095],[5,4,15502],[2,7,31797],[-2,13,7823],[-1,2,110073],[-6,3,7288],[-4,1,20032],[-11,-3,13011],[-4,1,67154],[-6,12,15035],[-7,9,15035],[-4,8,270016],[2,3,10507],[8,7,7392],[2,3,52220],[-1,9,7067],[-1,14,17119],[-2,6,13452],[2,5,89950],[11,4,12616],[5,5,38130],[4,9,19510],[8,6,14657],[6,10,255316],[2,10,20467],[-2,25,56850],[-6,15,17163],[-3,15,21281],[-3,4,10051],[-2,7,169338],[-3,1,11040],[-11,-2,36971],[-6,2,13524],[-13,11,41674],[-10,1,13977],[-18,1,0]],[[19243,16057,0],[4,-21,104618],[-22,-25,33317],[-12,-6,41851],[-9,-12,22525],[-16,-14,24349],[-11,-14,146264],[-14,-12,19625],[-17,-10,29407],[-10,-11,56770],[-4,-2,11124],[-7,3,22629],[-4,-3,9794],[-4,0,10908],[-4,-4,236941],[-1,-4,7976],[1,-4,21789],[-9,-18,21272],[1,-5,86459],[17,-13,12585],[12,-11,66247],[-2,-2,8230],[2,-6,12145],[-4,-7,14400],[1,-7,236941],[-6,-2,11925],[-5,-5,36313],[-13,2,11323],[-3,1,7034],[-8,2,55572],[-2,-4,7005],[-4,-3,17847],[-4,0,9335],[-1,-3,9335],[-5,0,22549],[-5,-6,8555],[0,-2,55572],[-8,-4,13463],[-2,3,14816],[-10,0,11970],[-2,-3,11970],[-5,4,110944],[-1,-2,8286],[1,-5,30372],[-2,-1,7617],[-1,-4,7623],[-4,-3,7623],[0,-2,16177],[-7,-3,16177],[-1,-4,10689],[-4,-3,0]],[[19029,15802,0],[-2,-6,0]],[[19027,15796,0],[-4,0,8262],[-4,2,56827],[-15,-8,22366],[-7,-6,11828],[-13,-10,34610],[-17,-7,26379],[-6,-3,7450],[-5,-4,7450],[-14,-9,56827],[-24,-10,20834],[-31,-16,147562],[-28,-8,19109],[-29,-10,53437],[-21,-10,8108],[-3,0,8108],[-31,-14,42726],[-45,-15,188969],[-27,-14,19698],[-42,-24,43174],[-9,-7,14780],[-27,-17,22373],[-19,-11,388110],[-39,-15,76577],[-54,1,76577],[-93,-20,0]],[[18381,15713,0],[32,-14,11146],[20,-9,211557],[-5,-44,10088],[-2,-23,42123],[-1,-42,7159],[0,-6,42123],[-4,-7,11589],[-1,-7,0]],[[17645,17023,0],[20,-39,0]],[[17665,16984,0],[4,-10,15077],[3,-13,7522],[2,-11,66622],[2,-24,25856],[4,-33,8689],[2,-8,8689],[1,-13,32337],[2,-34,0]],[[18973,17030,0],[0,-2,0]],[[18786,17094,0],[68,-13,8412],[42,-9,138599],[0,2,7519],[5,3,19588],[4,-6,11633],[-1,-4,19588],[12,-2,19588],[1,-3,7752],[4,-2,15938],[10,-3,59337],[2,-2,8503],[0,-6,8503],[3,-10,79486],[3,2,7350],[4,0,11315],[3,-3,24409],[5,5,8662],[2,5,24409],[5,3,9337],[6,0,12514],[5,5,10372],[3,0,79486],[2,-4,9974],[-2,-4,7987],[1,-4,16162],[-3,-2,21120],[0,-10,12589],[3,-2,0]],[[19827,15107,0],[10,1,17862],[7,4,9140],[5,1,34517],[0,-8,80130],[7,0,12885],[0,4,15776],[11,1,15776],[3,2,11967],[12,2,11967],[2,2,8897],[15,4,12491],[0,1,7384],[9,3,12491],[7,1,46006],[27,12,13882],[14,5,168454],[6,5,16163],[12,17,50455],[8,7,9293],[20,16,33446],[15,6,272841],[34,5,13531],[19,3,76997],[13,8,14319],[27,15,120926],[22,2,13502],[23,4,27375],[26,6,50793],[39,1,118111],[21,8,29508],[25,5,17004],[20,6,37674],[18,8,14521],[11,3,0]],[[19310,15777,0],[12,-4,7539],[7,-3,19888],[8,-1,14314],[10,-2,7942],[6,-3,36879],[8,4,10727],[9,1,36879],[4,-6,10774],[4,-4,165024],[6,9,11584],[3,1,17669],[5,12,23068],[10,8,64019],[20,8,13275],[10,3,122799],[8,0,20534],[11,-6,13678],[7,-5,53463],[9,3,15364],[10,0,15364],[5,3,313172],[6,-1,10597],[3,-2,20482],[-2,-8,20482],[6,-15,53640],[0,-6,8271],[3,-16,27780],[-4,-11,8895],[0,-4,53640],[6,-5,14078],[3,-6,8876],[3,-3,163120],[9,8,24191],[4,14,24191],[5,5,9005],[1,4,9005],[7,11,8010],[3,6,19469],[7,8,163120],[9,-1,19909],[11,-6,13034],[8,-2,23358],[5,3,15998],[5,1,8886],[3,-3,23358],[0,-6,35289],[4,-4,8144],[3,-1,8144],[7,-6,25223],[10,-2,80927],[4,-2,8648],[-1,-3,8887],[9,-15,32366],[11,-5,563049],[-2,-5,10829],[-3,1,10567],[0,-5,10567],[-4,-4,32054],[-1,-11,11472],[3,-2,7067],[0,-3,11472],[-3,-2,57400],[-4,1,7165],[-9,1,21497],[-4,-1,9538],[0,-3,104370],[8,-12,15440],[7,-6,7096],[3,-4,28633],[0,-4,8397],[4,-8,104370],[1,-8,10015],[-1,-9,12011],[2,-2,9241],[-1,-7,24659],[3,-3,20868],[-6,-15,37047],[3,-41,0]],[[19626,15570,0],[-24,-43,26282],[-8,-18,85870],[-3,-3,10045],[-17,-24,39279],[-6,-7,11469],[-5,-1,28276],[-6,-9,10118],[-4,-3,10118],[-6,-10,20749],[-10,-9,71129],[-4,-8,10303],[-2,-10,18999],[-5,-6,8930],[-3,-2,15174],[1,-3,326976],[-11,-5,26845],[-17,4,91022],[-2,3,7666],[-3,1,13124],[-7,10,14383],[-4,4,30648],[-10,14,10594],[-7,12,121223],[-28,-17,0]],[[19272,15623,0],[2,0,13705],[8,15,32342],[3,8,10707],[6,20,91493],[4,27,13578],[2,18,9845],[1,9,34553],[4,9,28460],[3,11,7903],[2,11,16482],[2,20,10487],[1,6,0]],[[19933,15499,0],[0,-6,45305],[-21,0,12789],[-12,-2,8434],[-15,-1,17940],[-13,0,181666],[0,-2,10082],[-3,-2,8134],[-2,1,10082],[-6,-4,24210],[-2,-7,13774],[-3,-2,8184],[-4,-6,30135],[-5,0,17708],[-4,-4,7464],[-3,-5,13158],[-4,-2,59097],[-3,-10,33316],[-3,-6,11975],[-6,-4,8020],[-2,-3,19780],[-5,1,14806],[-4,-6,37316],[2,-3,10329],[-2,-6,57673],[-4,-3,7373],[-2,-2,10914],[-3,1,10914],[-2,-6,14081],[-4,-1,19095],[-8,-11,16709],[-5,-3,0]],[[19785,15395,0],[-4,23,7346],[-1,9,39790],[0,17,12436],[2,6,9052],[0,6,126474],[-8,7,22090],[-7,3,9432],[-5,0,11000],[-6,3,41978],[-15,-3,137086],[-2,-26,17076],[0,-10,7386],[0,-7,20751],[-1,-21,11253],[-1,-6,137086],[-5,-1,21694],[-6,13,32559],[-1,8,11720],[1,8,70339],[-13,-4,34251],[-4,9,25500],[-11,-1,137086],[3,12,20634],[-2,10,8456],[0,6,47593],[3,12,14771],[6,11,24726],[2,7,8553],[4,14,12402],[0,3,173138],[-22,12,58507],[-5,8,8300],[-8,12,29392],[-19,21,82700],[-15,2,30458],[-19,12,0]],[[19310,15777,0],[7,11,8587],[9,13,20273],[7,13,7549],[7,10,47033],[-5,2,12753],[-4,-4,109439],[-6,10,20323],[-6,19,40035],[-3,26,0]],[[19785,15395,0],[-10,-4,7641],[-9,-3,38733],[-7,-4,7871],[-8,-6,19559],[-9,-8,7527],[-5,-3,7527],[-3,-4,157901],[-4,-11,9592],[-4,-8,15101],[-3,-9,62673],[-4,-5,7520],[-2,-5,11338],[-7,-7,11972],[-1,-4,11057],[-7,-7,34247],[-4,-14,34247],[-9,-12,14773],[-7,-14,15531],[-6,-7,15531],[-7,-13,0]],[[19256,14707,0],[-2,5,8447],[0,5,38254],[-8,10,13013],[-8,4,12362],[-2,-1,8444],[0,5,28337],[-10,2,10853],[0,2,44264],[-15,13,17216],[-40,37,17265],[-17,14,145384],[-23,15,17021],[-17,13,57549],[-34,11,0]],[[19080,14842,0],[-30,9,7511],[-29,9,148443],[-32,30,9848],[-47,45,77172],[-20,11,7209],[-10,5,0]],[[18912,14951,0],[7,12,26938],[17,15,53790],[66,61,15451],[29,26,97540],[33,35,35756],[13,17,8236],[8,11,28560],[19,20,290744],[34,19,9767],[12,6,54192],[9,3,17050],[19,10,12305],[18,8,8518],[5,3,29484],[11,4,12474],[10,5,12474],[14,6,7775],[6,2,7775],[9,4,290744],[15,11,38214],[5,5,7518],[4,6,20386],[6,15,64014],[7,8,18641],[6,2,7996],[7,5,18641],[6,5,7568],[12,9,14539],[6,3,138395],[0,6,9040],[2,4,18606],[5,2,9274],[3,4,44964],[-7,7,30903],[0,7,7629],[0,5,15200],[4,8,72617],[6,4,12989],[3,6,17083],[6,3,8200],[6,5,31214],[2,9,0]],[[19166,15577,0],[-2,6,18628],[-4,4,7118],[-6,2,53746],[-34,-4,53746],[-19,4,28087],[-22,12,320315],[-8,11,22537],[-5,12,8789],[-3,8,54881],[1,14,18903],[-3,21,54881],[-14,35,23405],[-10,31,91162],[1,23,17399],[-1,24,56455],[-5,9,9119],[-5,7,0]],[[18912,14951,0],[-30,15,10502],[-42,21,32024],[-15,6,9210],[-23,10,125639],[-24,5,15983],[-21,6,15983],[-24,6,7924],[-13,3,23623],[-16,4,159096],[-23,16,65267],[-10,20,24352],[-4,17,159096],[-6,2,33644],[-17,-9,8351],[-6,-5,12759],[-13,-6,60641],[-22,4,299700],[-30,17,23249],[-29,14,9523],[-12,6,9523],[-20,11,21702],[-8,5,10881],[-20,10,109377],[-5,9,32125],[-7,5,14353],[-21,11,32125],[-10,13,26485],[-7,3,7174],[-10,7,0]],[[18400,15446,0],[9,-24,28568],[5,-25,63927],[2,-45,21686],[2,-18,70215],[15,-48,179348],[-1,-24,20583],[-2,-40,44099],[-9,-17,44099],[3,-28,0]],[[18420,15561,0],[-8,-34,18627],[-8,-35,20465],[-7,-32,63242],[3,-14,0]],[[20068,13846,0],[3,-10,20251],[0,-8,9282],[0,-11,12483],[1,-9,0]],[[20072,13808,0],[-7,-5,14813],[-3,-6,35232],[-4,1,9468],[-5,5,9468],[-3,0,0]],[[20050,13803,0],[0,1,0]],[[20050,13804,0],[0,4,9548],[4,10,15018],[2,9,7737],[-1,4,31903],[-3,7,7510],[0,4,62827],[12,2,9622],[4,2,0]],[[20113,14029,0],[10,3,19383],[5,0,7350],[5,-2,49935],[22,-20,0]],[[20155,14010,0],[11,-3,0]],[[20166,14007,0],[-7,-6,17876],[-6,1,24299],[-4,-4,6981],[-3,-3,6981],[-6,-6,65418],[-9,-1,26977],[-6,3,13745],[-2,3,9683],[-6,5,0]],[[20117,13999,0],[1,8,12360],[-1,11,22511],[-4,11,0]],[[19216,14131,0],[0,-65,14978],[0,-9,8135],[-1,-21,9550],[1,-11,9550],[0,-44,8155],[0,-37,336203],[16,-36,12511],[19,-40,39016],[12,-24,11094],[10,-17,10822],[6,-14,178012],[8,-43,10802],[2,-11,8891],[9,-44,48507],[11,-41,0]],[[19216,14131,0],[-4,75,150270],[4,6,9397],[8,9,12387],[8,13,33145],[4,11,7414],[5,11,45607],[2,6,10776],[-2,3,7409],[1,7,14385],[2,5,9117],[-2,2,7823],[2,5,28167],[-4,9,24972],[6,4,8227],[3,1,45607],[4,-4,7681],[2,-6,296789],[5,0,8584],[7,2,18472],[6,-2,13177],[11,1,19900],[2,2,7361],[6,1,15771],[5,-2,15771],[11,2,10790],[7,0,51107],[4,-4,12874],[4,-1,7505],[5,-2,26387],[4,1,10566],[6,6,22788],[2,0,8227],[1,-5,0]],[[19341,14287,0],[0,-3,11302],[7,-2,13937],[-1,-4,21981],[2,-3,7458],[5,-1,7534],[7,-5,36065],[12,2,36065],[6,-10,17388],[-2,-6,152109],[10,-4,9331],[5,0,23135],[2,2,13434],[-6,2,10020],[-1,3,23135],[5,4,9987],[5,1,20530],[4,8,52019],[4,1,7291],[3,-1,15155],[-1,-5,15155],[9,-3,52019],[5,1,10650],[5,5,28128],[9,-2,14838],[12,2,44660],[0,5,15332],[3,6,8757],[3,2,22272],[6,-1,152109],[3,-5,8962],[1,-5,16878],[5,-5,8288],[7,-10,87746],[6,-2,13228],[8,1,15315],[9,-3,7480],[4,0,31730],[6,5,27541],[17,-4,339928],[8,4,17900],[8,10,11860],[5,2,68759],[7,-1,13408],[9,2,8989],[4,0,28199],[8,2,7171],[12,5,48878],[6,6,17012],[5,2,11167],[6,4,33187],[10,0,15083],[8,3,164481],[6,-2,9528],[3,1,16904],[11,-6,20171],[7,1,8580],[4,-2,42694],[5,-7,21963],[9,-5,12114],[7,-2,164481],[6,2,17877],[12,2,7943],[10,2,13660],[2,2,8981],[6,-2,27871],[6,2,9035],[3,3,40502],[-5,6,9852],[-1,4,19806],[2,5,40502],[7,0,12376],[4,5,12376],[2,-3,28607],[-4,-5,13002],[0,-6,28607],[3,-1,8360],[6,1,14187],[2,-4,62565],[7,0,10102],[2,2,19083],[-3,6,19083],[0,3,8428],[3,1,14422],[2,-3,7451],[3,-1,15919],[1,5,7524],[2,1,120954],[9,-1,7343],[5,-1,35359],[3,-3,7480],[1,-4,16481],[5,-2,8304],[5,-4,31764],[8,0,15509],[7,-4,93349],[9,9,16699],[9,4,10394],[5,5,37382],[5,0,7404],[7,-1,0]],[[19829,14295,0],[0,-6,0]],[[19829,14289,0],[-2,-18,9974],[-2,-18,108320],[-3,2,7867],[-4,1,29335],[-2,-6,14060],[1,-8,7221],[0,-3,29335],[-4,-9,8067],[-3,-5,23617],[-13,-13,75030],[-26,-9,156221],[-3,-8,33493],[0,-3,8303],[-1,-16,8303],[-1,-29,8004],[-1,-17,0]],[[19765,14130,0],[-19,-15,7294],[-10,-8,11577],[-97,-78,0]],[[19639,14029,0],[-70,-120,331609],[-178,-65,417185],[-82,-170,0]],[[19613,13057,0],[0,3,29436],[15,-3,12010],[31,-7,35180],[10,-12,34135],[11,5,203623],[15,10,13221],[4,1,13221],[7,5,7059],[6,3,8258],[8,5,20164],[8,3,20164],[22,13,12169],[11,7,14739],[32,17,10266],[10,6,404386],[-8,16,12039],[-9,13,26647],[-4,10,8535],[-12,22,13615],[-3,5,13615],[-9,18,7302],[-4,8,18642],[-7,10,11893],[-5,12,493256],[44,17,10820],[18,8,10722],[14,5,10722],[50,19,26764],[18,6,14940],[9,4,8548],[18,7,219332],[0,5,9640],[3,4,20527],[-1,9,11297],[-2,8,20527],[2,11,9455],[0,7,219332],[15,9,9649],[7,3,18781],[12,10,15678],[14,8,38660],[7,7,23970],[11,7,7715],[20,13,8531],[7,6,64811],[10,2,14981],[3,-3,9233],[3,1,44529],[3,6,9502],[2,0,13182],[8,5,7017],[3,2,14040],[4,-1,14040],[4,7,175253],[12,-3,11223],[12,-2,48977],[-6,-8,8187],[-1,-3,39122],[4,-4,9172],[4,1,17036],[4,4,10061],[3,-1,26112],[0,-3,7304],[2,-4,99243],[3,1,7165],[5,4,7165],[6,4,26392],[8,11,9876],[5,6,0]],[[20109,13422,0],[8,-6,8615],[4,-4,26948],[9,3,26948],[3,-4,9430],[4,-2,7208],[2,-3,147383],[-2,-5,9147],[-2,-10,9224],[-6,-19,16055],[-3,-17,16055],[-4,-11,16055],[-10,-35,230413],[-1,-8,20723],[7,-11,56127],[21,14,56127],[2,-1,7064],[16,-16,131323],[5,8,7874],[4,8,13839],[1,9,8858],[2,1,39604],[-2,9,24524],[-9,-8,39604],[0,4,7632],[4,6,9486],[2,8,14400],[7,11,35664],[6,-5,25688],[-7,-11,35664],[0,-4,10267],[5,7,10822],[7,4,9092],[2,-1,0]],[[20184,13333,0],[3,0,7292],[7,-1,29212],[9,-5,11222],[7,-1,11222],[18,-6,14675],[30,-10,330094],[-44,-64,8337],[-3,-5,147838],[-71,-48,102753],[0,-5,10046],[2,-13,78514],[-9,-10,20850],[-24,-19,35080],[-18,-10,330094],[0,-4,11826],[2,-12,7692],[1,-1,11826],[2,-14,11819],[5,-37,74562],[-17,-5,56851],[-2,-3,15655],[3,-6,9164],[5,-3,15758],[4,-9,11996],[-1,-5,159038],[-24,-4,8610],[-15,-3,159038],[-12,-103,9988],[-3,-23,7056],[-1,-7,0]],[[20038,12897,0],[-23,-35,100976],[-25,-20,7699],[-16,-13,38248],[-10,2,6974],[-3,0,38248],[-6,-5,7493],[-1,-3,20722],[2,-5,10073],[-1,-4,55258],[-5,-2,9165],[-6,0,19045],[-1,-6,19232],[-5,1,13976],[-6,-4,267287],[-4,7,7622],[-5,4,7622],[0,3,19351],[-11,8,62126],[-3,1,8283],[-9,-1,31738],[-8,3,10830],[-7,5,22050],[-8,1,9488],[-7,2,53743],[-3,4,10840],[-2,8,383347],[-34,-41,28228],[-34,-43,17044],[-11,-14,97715],[-39,-62,23873],[-1,-5,0]],[[19456,12646,0],[61,9,13532],[85,12,12525],[35,5,0],[2,0,0],[4,0,21871],[44,-16,119932],[59,27,0]],[[19447,12712,0],[3,-32,20932],[6,-34,0]],[[19447,12712,0],[-3,23,176868],[35,56,30795],[21,37,88564],[27,67,88564],[86,162,0]],[[20116,13993,0],[1,6,0]],[[20166,14007,0],[8,-4,18872],[4,-9,0]],[[20178,13994,0],[-3,-2,7972],[-7,-1,17609],[3,-4,0]],[[20171,13987,0],[-8,-6,9070],[-8,-9,8430],[-4,-3,69344],[-9,1,13036],[-9,3,10938],[-5,0,20222],[-10,5,0]],[[20118,13978,0],[-2,7,10746],[0,8,0]],[[20211,12898,0],[1,2,9173],[6,1,15202],[7,-3,15202],[22,-2,38553],[44,3,0]],[[20291,12899,0],[35,0,47147],[49,-11,102126],[29,-24,456804],[4,4,19249],[31,45,8449],[6,9,24030],[5,10,228468],[30,13,34516],[27,15,10853],[3,1,12958],[37,20,11873],[32,16,44837],[23,14,160663],[6,16,18566],[7,12,75087],[4,2,6996],[7,8,13646],[8,5,32521],[7,2,8061],[14,7,17313],[5,4,0]],[[20660,13067,0],[8,-9,14617],[9,-5,58571],[13,2,19590],[5,5,13073],[7,2,58571],[6,0,7716],[27,-5,30503],[13,-7,207646],[7,-9,18521],[2,-11,49496],[-1,-10,9111],[-3,-21,55095],[4,-16,22789],[7,-11,207646],[14,-10,17893],[22,-13,68427],[6,-10,8157],[7,-14,23943],[9,-10,90201],[8,-1,14692],[17,2,48635],[8,-5,20187],[2,-9,186725],[-5,-13,13591],[-7,-19,68029],[-11,-9,32521],[-20,-3,57077],[-6,-9,23846],[3,-8,186725],[24,-6,17103],[29,-6,26837],[9,0,82232],[13,5,16272],[12,7,0]],[[20898,12841,0],[11,6,20334],[8,-1,54073],[27,-17,0]],[[20944,12829,0],[-2,-4,7097],[0,-4,31612],[-11,-8,13486],[-11,-5,98534],[1,-6,7591],[-1,-9,17894],[-3,-14,44775],[-17,-51,144154],[-8,-17,26982],[-16,-19,67724],[-27,-11,144154],[-12,-23,36127],[-64,-110,322971],[14,-13,7717],[8,-8,32238],[19,-11,57893],[-8,-7,0]],[[20492,12471,0],[31,-9,40357],[29,0,211325],[78,44,13553],[81,45,330327],[4,-4,18106],[11,-2,13291],[6,-3,36067],[11,2,23013],[6,-1,10861],[1,-4,16932],[8,1,77441],[6,-7,10950],[6,-5,16741],[4,-6,7591],[6,-6,24058],[4,0,15986],[9,-11,62757],[2,4,15769],[6,-1,7356],[5,1,0]],[[20492,12471,0],[-5,11,10176],[-5,7,10176],[-13,24,30443],[-10,13,13888],[-11,18,50076],[-4,10,7929],[-2,5,12296],[-5,7,11450],[-5,13,43528],[-3,4,7337],[-7,10,27520],[-16,29,8720],[-9,15,76719],[-17,20,24074],[-10,16,76719],[-24,47,19208],[-5,14,19208],[-5,5,19208],[-17,32,263407],[-36,44,32370],[-72,83,0]],[[20178,13994,0],[2,-4,10071],[6,-3,44889],[7,1,8004],[13,2,24614],[16,0,12331],[10,-2,56364],[-2,3,11387],[-7,1,11387],[-2,4,12050],[-7,0,11889],[-1,3,77839],[7,4,17378],[0,3,11092],[-5,1,17378],[2,8,14932],[-1,8,59647],[-5,3,25876],[21,2,13949],[5,0,9117],[2,2,0]],[[20239,14030,0],[5,-1,7715],[4,1,8338],[5,-1,13111],[3,-3,11745],[7,0,42095],[8,4,14265],[8,0,12850],[3,2,21883],[7,-4,20478],[6,5,0]],[[20334,14013,0],[-16,-19,65070],[11,-12,8684],[7,-6,65070],[-1,-17,17948],[-4,-4,13823],[-1,-11,106679],[-2,1,8707],[-22,14,110617],[-8,-6,28669],[-5,-11,12769],[-2,-11,70789],[-4,3,12363],[-15,3,15848],[-5,3,6976],[-5,2,15848],[-7,-1,70789],[0,-9,10857],[2,-4,20111],[-5,-3,20109],[10,-7,90971],[-13,-6,40004],[-11,10,14191],[-1,4,31846],[-4,-2,7025],[-5,-1,90971],[3,-3,9064],[4,-9,18784],[-3,-3,25989],[7,-4,7982],[3,-5,54473],[-7,-9,8532],[-3,-5,0]],[[20232,13885,0],[-7,-6,10863],[-1,-4,7077],[-2,-1,21755],[3,-5,21755],[-6,-5,13417],[-4,-8,33892],[-5,-2,7453],[-1,1,0]],[[20209,13855,0],[-3,2,7323],[-4,6,18247],[3,2,10070],[-1,4,23643],[-7,5,9277],[-3,5,0]],[[20194,13879,0],[-1,10,28345],[-5,1,16801],[-4,6,9828],[-3,2,0]],[[20181,13898,0],[2,2,14412],[13,-1,28308],[0,3,9959],[4,5,69286],[-1,8,10968],[-3,3,23071],[5,7,23071],[-1,3,7777],[-1,7,7777],[-1,5,21961],[3,6,95267],[-4,0,8737],[-6,2,16990],[-2,5,25229],[-8,-2,10854],[-6,2,0]],[[20175,13953,0],[-4,6,12329],[0,8,31430],[10,1,42775],[-4,7,8706],[-2,6,8409],[-4,6,0]],[[20043,13882,0],[5,3,16173],[1,-4,7853],[3,-2,0]],[[20052,13879,0],[2,-4,8495],[2,-8,19806],[6,-9,14193],[4,-7,7515],[2,-5,0]],[[20050,13804,0],[-14,10,13518],[-5,2,12355],[-2,5,13813],[-5,1,13813],[-5,7,121873],[0,5,9677],[-1,8,26928],[8,4,45944],[1,2,7618],[0,12,16118],[-2,8,25326],[2,5,11081],[4,1,25326],[-6,11,82382],[5,0,12256],[7,-4,16469],[6,1,0]],[[20119,13888,0],[8,-5,17024],[-1,-3,8580],[4,-5,32198],[3,-2,10736],[2,3,8163],[5,0,26594],[2,-7,16602],[5,-3,7189],[3,0,58625],[0,6,14913],[5,3,11983],[1,4,37014],[4,-1,10120],[2,-4,10120],[6,-2,58625],[-3,-8,9847],[-1,-6,33283],[7,-2,21167],[2,-5,9179],[1,-6,0]],[[20174,13845,0],[-10,-6,13438],[1,-2,0]],[[20165,13837,0],[0,-4,9025],[-3,-5,22850],[-8,2,22850],[-4,-2,10047],[-6,-7,42461],[-5,0,11572],[-3,4,19260],[-7,-3,0]],[[20129,13822,0],[-10,30,50484],[-3,20,9695],[0,6,25706],[3,10,0]],[[20137,13738,0],[7,3,26860],[5,-1,11632],[0,-4,11632],[6,-7,43535],[2,4,10164],[4,2,20521],[5,0,7436],[6,2,97693],[-3,7,18554],[5,4,24008],[-3,5,11371],[-1,8,54527],[-7,3,14149],[-9,7,24943],[-4,9,0]],[[20150,13780,0],[9,5,10936],[9,3,12607],[16,8,105365],[0,8,9801],[-2,2,9801],[-3,10,24286],[2,0,8083],[2,4,50762],[-4,5,7815],[-3,0,7815],[0,4,15322],[-11,8,0]],[[20174,13845,0],[11,6,41975],[2,9,16864],[7,6,27143],[0,13,0]],[[20209,13855,0],[0,-6,8561],[-4,-42,124150],[4,0,20510],[4,-9,13748],[2,-4,7076],[4,-4,59413],[1,-9,18604],[-2,-6,9185],[0,-8,9185],[-2,-11,59413],[4,-5,10776],[5,-3,34425],[1,-9,13557],[-2,-11,38303],[6,-2,15424],[5,-7,81683],[4,-14,8378],[1,-8,8378],[6,-20,46748],[-7,4,19474],[-3,-2,9180],[0,-5,32803],[3,-4,8975],[2,-5,11072],[4,-2,11072],[-2,-3,277960],[-5,2,7518],[-5,-1,25870],[-11,-6,20349],[-12,0,68370],[-13,-7,13527],[-5,-4,37047],[-1,-6,7268],[-4,-6,9262],[0,-3,0]],[[20187,13629,0],[-12,1,20292],[-16,7,0]],[[20159,13637,0],[1,12,12866],[-2,4,15651],[2,6,10115],[0,14,28482],[3,10,101960],[-1,3,8739],[-4,2,18870],[-12,2,40586],[-6,-2,10780],[-6,-5,10729],[-5,-1,117429],[-4,5,20144],[-1,5,7218],[0,11,51820],[3,7,11167],[7,14,21893],[3,8,9529],[0,6,0]],[[19829,14289,0],[8,3,38334],[6,-16,15548],[2,-9,70870],[51,-22,174837],[-2,8,23062],[6,32,15691],[0,-7,72144],[8,0,27192],[0,-9,18522],[2,-3,9023],[4,-1,48440],[9,7,23264],[8,-2,11870],[3,2,72144],[1,8,17817],[-6,2,17817],[0,7,17233],[-6,9,0]],[[19923,14298,0],[8,5,10525],[11,5,19536],[5,7,10597],[4,1,47513],[12,-4,0]],[[19963,14312,0],[-2,-9,14916],[0,-14,43471],[10,-30,147999],[8,-7,29029],[38,-19,111773],[10,-13,47193],[-3,-31,75879],[8,-9,26404],[15,-5,0]],[[20047,14175,0],[-5,-10,16755],[-5,-2,0]],[[20037,14163,0],[-3,4,10916],[-5,-2,10916],[-5,3,44174],[-8,-8,10305],[-6,-4,16115],[-2,-5,52405],[-6,4,13366],[-10,1,10382],[-2,2,130642],[-7,-21,7913],[-3,-7,7243],[-4,-13,52072],[4,-16,0]],[[19980,14101,0],[0,-7,7923],[-2,-3,23414],[5,-10,7458],[1,-2,39892],[-12,1,27390],[2,-10,0]],[[19974,14070,0],[-12,-2,12933],[-12,-3,14614],[-107,-24,0]],[[19843,14041,0],[-67,70,57753],[-11,19,0]],[[20062,13971,0],[14,4,25594],[3,-6,25594],[6,0,11359],[15,3,21492],[1,-3,0]],[[20101,13969,0],[-1,-3,10848],[-2,-12,29551],[-5,-1,12148],[0,-5,12716],[-6,-2,27028],[1,-4,10990],[-4,-1,11860],[-1,-8,86896],[-4,-3,10025],[-6,-2,41654],[-5,3,12554],[-4,6,7259],[-3,4,18939],[-3,7,0]],[[20058,13948,0],[3,10,14708],[1,13,0]],[[20209,14130,0],[1,-4,9146],[-2,-9,17253],[3,-13,11833],[0,-8,61075],[-2,-7,6996],[-2,-4,6996],[0,-4,26338],[-11,-19,0]],[[20196,14062,0],[-7,-9,10054],[-4,-1,18788],[-4,-9,61211],[-3,0,10419],[-2,6,16609],[-11,5,26956],[-7,-2,0]],[[20158,14052,0],[-6,-1,8524],[-2,-3,12921],[-8,0,0]],[[20142,14048,0],[-4,10,15189],[-2,12,27499],[1,3,7953],[3,-1,20144],[0,5,9409],[-3,4,11681],[0,5,40722],[-3,0,9249],[-5,3,20846],[0,4,6983],[2,1,9699],[-2,3,0]],[[20129,14097,0],[3,2,14485],[0,9,7727],[1,3,35606],[4,5,7566],[4,1,11113],[2,4,14117],[5,3,9734],[3,3,72958],[5,-6,19332],[6,5,33919],[0,-7,8575],[2,-3,8575],[1,-7,72958],[3,2,9067],[3,-2,12859],[6,6,12859],[1,-3,17816],[10,6,29146],[3,10,27136],[3,2,10125],[5,-2,10125],[6,3,0]],[[20110,14034,0],[6,3,13690],[3,7,0]],[[20119,14044,0],[3,3,21325],[14,2,11759],[6,-1,0]],[[20158,14052,0],[1,-19,26570],[-2,-9,11315],[-2,-14,0]],[[20113,14029,0],[-3,5,0]],[[20239,14030,0],[-6,5,10935],[-8,2,32520],[-1,5,9558],[-3,0,13996],[-1,-6,13996],[-4,0,8777],[-7,-2,27569],[-5,1,10115],[0,4,10228],[-5,1,75248],[1,5,14216],[-5,5,16573],[0,4,8434],[3,5,13643],[-2,3,0]],[[20047,14175,0],[17,-11,22223],[12,-12,0]],[[20076,14152,0],[-10,-36,0]],[[20066,14116,0],[-3,-22,0]],[[20063,14094,0],[-5,1,10984],[0,3,13592],[-8,1,18123],[0,-4,18123],[-4,-1,10287],[-7,1,10287],[-2,-1,7302],[-4,0,41853],[-3,9,0]],[[20030,14103,0],[1,4,8344],[4,7,8344],[5,11,24415],[3,16,59507],[0,5,10080],[-4,13,15100],[-2,4,0]],[[20155,14208,0],[-7,5,21511],[-8,-5,34197],[2,-5,9571],[-1,-7,34197],[-3,-2,7530],[-15,-12,19319],[-5,-7,25063],[-10,-4,17811],[-1,-3,12062],[-9,-7,57817],[-2,-4,8401],[0,4,8401],[-5,-2,11376],[-7,0,24940],[1,-4,16227],[-5,-3,10514],[-4,0,0]],[[19963,14312,0],[2,17,53369],[-3,8,15625],[-6,4,32241],[-12,1,7957],[-3,1,53369],[-1,3,8855],[3,5,11148],[-1,5,43397],[-13,8,16423],[-7,7,0]],[[20181,13898,0],[-5,4,9404],[-8,3,17666],[-4,5,10659],[-6,4,45141],[-2,-4,27332],[-12,6,18085],[-8,1,8824],[-6,2,0]],[[20130,13919,0],[2,9,0]],[[20132,13928,0],[12,-4,54054],[3,3,8828],[4,8,14480],[-1,3,14480],[7,7,40170],[6,1,7431],[6,3,13460],[-1,5,13460],[7,-1,0]],[[20050,13794,0],[0,9,0]],[[20072,13808,0],[2,2,9473],[7,1,9473],[5,2,32520],[2,-3,15554],[7,-3,7367],[5,0,0]],[[20100,13807,0],[-1,-7,26110],[6,-17,18148],[1,-11,18148],[5,-3,0]],[[20111,13769,0],[-7,-9,8254],[-4,-4,51436],[-17,-3,18380],[-11,2,12956],[-5,-1,0]],[[20067,13754,0],[-4,7,10294],[-2,-1,12072],[-4,8,24314],[-4,3,7054],[-4,1,7054],[-3,2,57131],[3,10,9156],[1,10,0]],[[20058,14028,0],[0,4,7079],[1,5,15311],[3,3,7085],[1,5,0]],[[20063,14045,0],[5,-11,12756],[6,-10,51788],[7,-6,12999],[17,-11,22235],[9,-9,11014],[4,-4,0]],[[20111,13994,0],[-2,-23,0]],[[20109,13971,0],[-7,1,12459],[-1,-3,0]],[[20062,13971,0],[0,12,15073],[4,9,19386],[0,7,7198],[0,8,46815],[-3,10,10528],[-5,11,0]],[[20109,13971,0],[-3,-34,37504],[-7,-8,68690],[7,-19,12864],[5,-12,65429],[0,-9,21438],[-8,-11,17817],[-1,-8,0]],[[20102,13870,0],[-11,0,32264],[-1,5,11102],[-5,10,61891],[-3,-4,11980],[-8,-4,35754],[-5,2,13166],[-6,-1,8738],[0,3,7116],[-3,-3,7116],[-8,1,0]],[[20043,13882,0],[-1,22,10437],[1,5,51968],[3,8,8029],[6,11,21830],[6,20,0]],[[20063,14045,0],[5,7,14503],[8,5,68126],[9,-1,13722],[7,-4,36199],[18,-18,0]],[[20116,13993,0],[-5,1,0]],[[20234,13575,0],[6,1,14770],[5,-5,42850],[5,5,7617],[3,6,16289],[3,9,0]],[[20256,13591,0],[8,2,13591],[6,-1,36213],[9,-6,7623],[14,-8,75516],[13,-13,9457],[7,-7,31756],[3,-8,8550],[1,-4,0]],[[20317,13546,0],[1,-13,13755],[4,-10,54048],[9,-7,21554],[13,-2,0]],[[20344,13514,0],[0,-6,7163],[-2,-3,30344],[-7,-2,10018],[-4,1,23254],[-2,-4,11198],[4,-3,23254],[-3,-3,8880],[-1,-5,13170],[-7,-9,96604],[-5,-3,7832],[-3,1,7000],[1,-3,7832],[-8,-6,22705],[-15,-15,33434],[-19,-14,19011],[-19,-17,20557],[-12,-10,9611],[-11,-7,142620],[-8,-16,11390],[-6,-12,43070],[-11,-15,15605],[-8,-11,9650],[-14,-19,0]],[[20109,13422,0],[7,20,41736],[4,2,9955],[7,7,11665],[4,6,11665],[5,2,90010],[4,-4,20260],[7,7,20260],[9,-3,46659],[2,1,8847],[6,7,8847],[3,3,21239],[11,1,16626],[3,5,167399],[-2,3,10137],[0,7,10137],[-3,9,8326],[-2,3,8326],[1,4,114183],[7,4,10384],[12,10,36032],[4,13,36032],[7,6,13854],[0,4,13854],[5,4,7005],[5,7,10105],[4,2,10105],[5,8,27455],[6,4,16941],[2,4,7812],[2,7,0]],[[21300,12533,0],[2,8,48783],[-5,35,20798],[-3,16,7885],[-2,19,8962],[-3,8,8915],[0,5,26133],[-5,16,20065],[4,1,20065],[-1,2,7956],[-4,19,15791],[1,4,115431],[4,2,7827],[11,7,0]],[[21299,12675,0],[4,0,18077],[15,6,8957],[9,3,19246],[10,2,55862],[8,-1,9791],[19,-4,107458],[5,-3,9875],[8,-7,9875],[9,-5,22034],[6,-5,8056],[3,-4,0]],[[21395,12657,0],[1,-4,21047],[-4,-6,12843],[-7,-4,7150],[-2,-3,73492],[0,-5,10590],[3,-18,15794],[0,-11,20912],[2,-9,9091],[2,-8,12028],[1,-6,119002],[-5,-7,8612],[-9,-12,18784],[-14,-16,36566],[-3,-5,9246],[-1,-8,0]],[[21359,12535,0],[-23,3,10937],[-18,2,47429],[-7,-2,10988],[-11,-5,0]],[[20626,13877,0],[-5,-18,11306],[0,-4,10435],[-3,-9,97386],[-8,2,20487],[-5,-1,7443],[-6,-3,8493],[-4,-1,31128],[-14,5,16618],[-9,-1,126661],[-2,-7,16650],[-6,-3,16650],[-17,-22,11915],[-8,-10,12233],[-2,-2,7515],[-9,-11,7515],[-18,-23,227215],[-3,2,10714],[-18,15,21993],[-7,3,10712],[-14,9,0]],[[20468,13798,0],[-9,9,7829],[-5,4,11469],[-9,10,7512],[-5,4,7512],[-2,3,235546],[-2,-5,10822],[-10,-16,10822],[-1,-4,7907],[-4,-3,7907],[-7,-14,41964],[-3,-8,11097],[-3,-5,11097],[-14,-31,105208],[-4,-16,13470],[-1,-7,13470],[-3,-9,11241],[0,-5,7531],[-2,-9,29855],[0,-14,176735],[-3,-5,14132],[-5,1,14132],[-7,-5,8732],[-4,-2,38800],[-6,-6,7452],[-2,-4,17324],[1,-6,45125],[-8,-2,15497],[-1,-2,9071],[-5,-1,9071],[-2,-3,7158],[-5,-1,555905],[0,6,18727],[-3,3,8858],[-7,3,25418],[-1,7,9615],[-3,3,9615],[-7,13,61504],[-5,6,13796],[-8,1,8437],[1,1,22544],[-10,9,11813],[-5,7,46698],[-10,16,7832],[-2,5,7832],[-4,6,26632],[-9,7,96488],[-2,10,12989],[-3,3,12989],[-4,8,9229],[-6,13,11512],[-4,6,11512],[-2,7,224143],[1,13,7180],[-1,6,23503],[3,9,7662],[1,3,30458],[-1,10,9939],[-1,9,72090],[-6,15,12549],[-3,13,25836],[-2,14,11399],[-2,7,0]],[[20150,13780,0],[-18,36,12060],[-3,6,0]],[[20129,14097,0],[-4,6,9289],[-1,6,22182],[-5,2,7262],[-2,-1,7262],[-2,3,61818],[-3,-7,10661],[-2,2,14695],[-9,-4,30849],[-3,3,17348],[-11,-2,0]],[[20087,14105,0],[1,2,8539],[-7,0,15356],[-4,5,9248],[-2,-2,9248],[-2,5,20399],[-7,1,0]],[[20660,13067,0],[-1,10,25076],[3,8,11029],[4,7,50905],[6,4,17004],[7,1,9255],[4,-1,76838],[22,-20,63352],[6,2,24945],[4,9,16802],[-1,9,180260],[-13,41,31036],[-10,28,18107],[-5,9,232807],[-15,7,39128],[-20,1,15163],[-14,0,47919],[-11,2,18186],[-13,8,259773],[-5,11,27203],[1,7,9139],[3,9,78540],[4,5,12665],[5,-1,34401],[13,-6,23878],[8,-1,8954],[5,1,80741],[5,4,8669],[7,9,37707],[3,7,10234],[1,10,8405],[3,7,28540],[8,10,146616],[-1,7,9449],[-3,6,25616],[-8,9,17790],[-6,12,0]],[[20656,13298,0],[-2,10,28000],[1,8,12365],[6,16,37500],[1,15,17025],[-2,15,159693],[-5,14,19791],[-7,12,11135],[-6,9,85511],[-12,5,21268],[-19,2,25321],[-8,6,197892],[-3,7,14322],[2,7,46698],[7,9,16527],[9,9,7791],[6,4,56698],[3,9,11889],[2,9,25257],[-3,10,0]],[[20626,13474,0],[7,-1,7031],[8,1,11331],[1,1,8143],[5,-3,109960],[6,3,17535],[1,8,17535],[8,10,11685],[0,1,11685],[10,17,30584],[11,22,59063],[8,10,15075],[14,14,159651],[42,28,39290],[16,10,17225],[16,7,67363],[35,30,38452],[27,17,0]],[[21043,13384,0],[-8,2,22515],[-10,-2,8014],[-8,-3,8014],[-5,-1,65004],[-10,-5,17218],[-24,-7,21057],[-24,-7,6996],[-13,-4,10818],[-12,-5,7098],[-14,-4,16981],[-9,-2,474038],[1,-8,12146],[5,-12,36282],[9,-14,8374],[6,-7,36282],[9,-17,8619],[3,-5,18218],[11,-26,193710],[8,-6,22158],[5,-15,22158],[15,-20,56100],[5,-4,13400],[10,-10,10917],[10,-9,20064],[3,-4,8182],[8,-9,115825],[8,-5,10369],[12,-5,38743],[11,-7,7586],[4,-2,7586],[3,-4,14951],[10,-5,25900],[11,-11,579214],[-15,-11,20243],[-11,-10,10048],[-6,-7,9772],[-4,-3,74330],[-6,-9,12106],[-9,-16,19252],[-4,-3,32231],[-10,-21,84977],[-7,-8,20156],[-10,-4,9015],[-9,-6,23056],[-9,-9,99606],[-13,-24,48006],[-11,-13,7366],[-8,-9,14880],[-10,-9,28190],[-13,-19,141467],[-3,-3,8064],[-13,-9,15137],[-11,-9,8701],[-3,-4,32919],[-6,3,26470],[-2,-1,7053],[-1,-4,11706],[1,-5,13781],[-5,-3,13781],[4,-4,32919],[-3,0,8006],[-7,-6,13625],[-8,-2,393785],[0,-7,7799],[-2,-11,62150],[4,-1,9325],[9,-4,13517],[8,-1,30259],[10,-9,74368],[-1,-7,8304],[-3,-2,8304],[1,-3,20729],[4,-4,20729],[-5,-5,12726],[0,-5,48880],[6,-3,15287],[4,-4,7641],[2,-6,0]],[[20291,12899,0],[0,21,8806],[0,6,47765],[11,50,64339],[2,79,159183],[8,0,10470],[9,-4,15768],[3,2,72091],[2,10,8053],[3,12,43353],[3,3,9994],[8,2,20897],[1,4,7065],[5,6,159183],[-1,7,9082],[-1,3,12722],[0,6,7425],[0,6,29769],[2,3,7860],[0,6,7860],[2,12,65809],[-6,5,8881],[-2,5,39712],[-3,16,18748],[2,8,18748],[0,4,9206],[-3,5,353997],[1,3,7756],[6,5,8772],[1,4,22073],[-3,3,22073],[1,3,7213],[1,7,10815],[-1,4,10815],[4,3,30993],[-2,4,12368],[2,4,8795],[-1,4,75280],[7,11,21635],[13,10,35162],[7,-6,35162],[3,2,7723],[-1,2,7723],[4,6,7139],[2,1,8423],[4,8,67712],[-5,4,9169],[-4,0,13434],[-2,4,137207],[5,7,8067],[9,10,17901],[20,21,52022],[20,9,789514],[3,1,7952],[5,-2,8498],[8,1,10255],[6,-1,39175],[16,-12,101722],[34,-5,12322],[13,-2,34991],[13,1,8158],[5,1,23532],[15,-3,10609],[6,0,56240],[5,4,16686],[11,2,48713],[12,-1,11008],[12,2,11008],[8,-1,34819],[8,-6,135926],[4,0,7168],[9,3,15699],[8,1,7154],[17,2,24743],[11,4,0]],[[19923,14298,0],[-8,-3,8647],[-4,0,31944],[-9,3,15862],[-6,6,38465],[-6,-7,11508],[-3,1,65568],[-9,15,31661],[-6,3,11250],[-6,0,111930],[-5,-6,10610],[-4,-2,22199],[-8,1,26612],[-4,-1,9604],[-5,-7,14866],[-8,-5,7942],[-3,-1,0]],[[19341,14287,0],[3,4,11175],[2,-3,7811],[3,2,23477],[-1,12,21576],[6,2,61110],[3,4,11267],[-3,3,11267],[-1,5,7095],[-2,4,29965],[-4,2,13499],[1,4,10070],[-4,0,10070],[-3,6,61110],[-1,7,11424],[2,4,11674],[1,17,27552],[2,14,12088],[3,5,8430],[-1,3,17974],[4,1,17974],[-2,6,9239],[1,7,36185],[5,8,26626],[-7,11,26626],[3,11,7564],[0,7,250318],[3,3,9718],[6,3,8571],[2,2,46518],[8,23,23862],[6,5,29726],[1,3,7525],[0,6,12186],[4,4,12186],[1,8,114573],[9,4,14959],[5,-2,19673],[15,4,10092],[11,4,0]],[[20038,12897,0],[68,25,7361],[14,5,183494],[35,-17,59523],[56,-12,0]],[[20563,12131,0],[-8,53,6975],[-8,52,51073],[-8,81,180394],[-29,96,9185],[-18,58,0]],[[20008,12226,0],[129,-125,612667],[81,22,86563],[76,6,218138],[30,1,10308],[94,2,18696],[38,0,51912],[46,0,9603],[61,-1,0]],[[19746,12683,0],[41,-50,7030],[35,-45,57595],[42,-57,284803],[1,-6,28984],[-11,-6,7631],[-9,-4,40128],[-2,-15,131532],[4,-11,7395],[4,-13,23578],[6,-23,7932],[3,-7,7714],[0,-5,38711],[2,-2,9107],[5,-8,18982],[5,-13,9719],[0,-3,291891],[14,-14,32734],[50,-37,58881],[35,-22,9405],[26,-17,272628],[0,-9,12823],[11,-78,29068],[0,-12,0]],[[19639,14029,0],[89,-29,170860],[7,-5,12616],[0,-4,12616],[7,-10,7949],[5,-6,27640],[3,-2,8644],[6,-7,8644],[9,-10,8574],[1,-3,8574],[4,-2,49216],[5,-7,14069],[0,-6,9801],[4,-3,8087],[0,-3,106884],[8,-5,24349],[8,4,9624],[4,0,30416],[3,-5,7664],[3,-2,15318],[7,-2,404422],[4,-6,9458],[3,-2,11113],[4,-7,26487],[1,-6,10646],[4,-9,71194],[-1,-3,9973],[1,-13,19190],[-1,-4,9218],[-2,-12,26676],[2,-3,7190],[1,-9,11695],[-1,-6,102078],[6,-10,10912],[7,-8,14517],[4,-7,8373],[0,-2,8373],[4,-3,8650],[2,-4,43056],[6,-3,11184],[1,-3,11184],[12,-11,96388],[1,-3,10477],[-5,-6,17112],[-4,-15,189106],[7,2,13589],[6,-2,34380],[-3,-15,34380],[1,-5,10400],[4,1,14837],[4,-8,8650],[2,-4,57532],[3,2,7817],[7,3,47727],[5,-5,8051],[4,-1,8051],[0,-2,8051],[4,-5,21165],[5,-10,9597],[3,-3,0]],[[19913,13715,0],[-11,-3,22951],[-13,5,42354],[-5,-5,12676],[-12,-3,10705],[-3,-3,103313],[-4,0,7672],[-7,2,20833],[-11,8,29412],[-5,1,7013],[-15,1,29412],[-8,7,27116],[-5,2,8630],[-10,1,7101],[-5,1,103313],[-13,-7,48022],[-5,0,14173],[-8,5,17271],[-7,0,15481],[-14,4,57298],[-9,-6,9544],[-5,-5,57298],[-11,0,9961],[-6,1,32454],[-10,4,16621],[-4,6,68207],[-6,0,8675],[-3,2,12216],[-7,-2,12216],[-18,1,37218],[-7,3,8048],[-9,1,14672],[-3,3,39317],[-24,0,17385],[-17,2,617672],[-47,-105,259861],[11,-18,20207],[11,-23,24683],[17,-26,48228],[19,-24,0]],[[19624,13545,0],[-102,-130,369318],[-135,36,72027],[-2,-6,0]],[[19309,13674,0],[17,-54,18286],[3,-12,35534],[6,-19,8211],[2,-8,10640],[6,-16,15945],[3,-12,15945],[6,-14,11845],[5,-15,58400],[11,-23,19156],[9,-25,38012],[3,-19,21403],[5,-12,0]],[[20102,13870,0],[-6,-17,12279],[-7,-20,68919],[2,-10,23592],[5,-3,7436],[4,-1,30810],[1,-4,7149],[-1,-8,0]],[[21300,12533,0],[-12,-5,56701],[-12,3,10552],[-10,1,23411],[-23,7,14800],[-13,3,56701],[-11,0,7853],[-10,1,14533],[-12,-1,25650],[-22,1,13522],[-10,1,296037],[-6,-14,39642],[-1,-1,8068],[-17,-3,83508],[-1,-6,10351],[-3,-3,10351],[-1,-6,33122],[0,-15,18068],[1,-10,10173],[2,-4,18068],[-3,-3,224213],[-36,-18,13595],[-5,-1,8793],[-15,-7,13326],[-2,-2,122330],[-17,-1,14590],[-21,2,34988],[-16,3,9471],[-14,2,0]],[[20806,12509,0],[3,-3,7736],[5,-4,8583],[7,-8,32274],[8,-12,15242],[0,-6,13245],[4,-5,204856],[79,12,144589],[13,-3,18523],[4,-2,7280],[18,-6,8771],[5,-3,46006],[17,-3,8362],[19,-4,9083],[22,-5,0]],[[20944,12829,0],[9,-3,45120],[9,1,13005],[15,3,24852],[17,6,16914],[19,4,164792],[14,-5,24680],[8,-10,88143],[2,-15,17445],[-2,-4,46263],[-19,-12,40943],[0,-6,9845],[2,-7,212076],[8,-8,10650],[5,-4,25121],[9,0,83635],[17,9,21088],[10,9,30549],[11,5,14904],[8,1,129251],[5,-2,9687],[4,-4,46691],[0,-8,19970],[-6,-13,8547],[-1,-6,19970],[1,-4,129251],[14,-4,10707],[14,-5,19745],[15,-7,32955],[11,-11,22234],[7,0,92943],[13,7,14175],[10,4,99071],[11,-4,14286],[33,-16,67109],[26,-4,25975],[24,0,67109],[5,-4,11518],[8,-11,0]],[[21280,12701,0],[6,-11,9015],[7,-10,21180],[6,-5,0]],[[19913,13715,0],[7,-3,14734],[7,-5,7568],[2,-3,14734],[8,-2,14641],[4,-5,32628],[12,-1,49016],[3,-4,11127],[3,-11,16537],[4,-3,49016],[3,0,7085],[13,4,17015],[4,-2,0]],[[19983,13680,0],[-21,-25,65895],[7,-8,46595],[-12,-14,35121],[7,-7,31248],[-9,-11,0]],[[19955,13615,0],[-1,-2,7885],[4,-3,18365],[-1,-8,8969],[-1,-2,8505],[1,-3,7035],[-1,-3,19597],[-4,1,8180],[-6,-1,19597],[10,-6,27137],[-2,-2,8490],[0,-6,8490],[-2,-9,40181],[2,-4,11367],[1,-6,7756],[1,-6,46819],[0,-6,12214],[-5,-11,21954],[0,-8,7925],[-2,-13,33297],[3,-7,475204],[-60,1,10550],[-18,1,119305],[-13,2,14382],[-49,9,38010],[-55,7,42767],[-12,3,10644],[-39,8,42767],[-56,8,7405],[-11,1,107517],[-15,-5,0]],[[20344,13514,0],[29,-2,47200],[13,2,21855],[7,8,85197],[10,-2,19549],[16,-8,20960],[19,-5,85197],[19,1,23233],[10,5,68985],[21,-3,28305],[17,-8,52166],[17,0,12147],[14,2,178326],[10,-5,21068],[4,-8,46184],[-1,-7,11143],[-1,-13,50203],[7,-12,24287],[7,-5,9218],[6,-4,159128],[9,3,19630],[6,9,19630],[9,9,9258],[9,8,76104],[8,3,12289],[7,0,31290],[7,-3,11290],[3,-5,0]],[[20030,14103,0],[-3,3,13045],[-13,7,58482],[-3,-6,17770],[-6,4,17770],[-6,-3,11894],[-2,-4,24773],[-4,2,9531],[-2,-3,9531],[-11,-2,0]],[[20119,14044,0],[-3,8,17123],[0,14,58174],[-5,6,16439],[-14,10,16439],[-14,13,52836],[2,2,7675],[0,3,7675],[2,5,0]],[[20132,13928,0],[2,8,17477],[-1,8,8704],[-2,6,39779],[-13,28,0]],[[19993,13778,0],[12,4,7289],[8,1,7289],[1,2,11854],[11,2,8847],[23,7,18013],[2,0,0]],[[20067,13754,0],[0,-6,12398],[2,-18,6975],[1,-6,37560],[10,-22,57501],[-2,-3,8636],[2,-1,8636],[-1,-4,18120],[-4,-3,8824],[-2,-4,39016],[10,-2,17233],[-2,-6,17233],[4,2,8920],[5,-1,39016],[-11,-5,14337],[-1,-4,0]],[[20078,13671,0],[-22,7,16517],[-6,5,16517],[-14,2,68473],[-1,-2,8615],[0,-9,10508],[-2,-5,68473],[-3,-1,7296],[-5,0,19340],[-12,5,7149],[-4,0,26607],[-11,-2,39209],[-6,2,9123],[-7,5,0]],[[19985,13678,0],[3,4,17921],[-11,3,48247],[0,7,12119],[3,17,12119],[2,14,69934],[17,-2,81286],[-1,8,10106],[-4,19,25795],[0,9,7069],[0,8,7069],[-1,13,0]],[[20130,13919,0],[-3,-6,9428],[-1,-10,8157],[-2,-7,22093],[-5,-8,0]],[[20137,13738,0],[-1,9,11438],[-2,10,49577],[-7,6,20865],[-8,4,7188],[-8,2,0]],[[21059,13383,0],[0,-1,9061],[18,-13,16098],[7,-6,8167],[7,-6,78106],[5,-8,13344],[10,-10,13344],[5,-6,8423],[16,-19,8964],[17,-21,29295],[7,-11,11518],[8,-9,0]],[[21159,13273,0],[3,-5,7582],[13,-21,0]],[[21175,13247,0],[5,-11,15521],[10,-15,11348],[6,-11,10845],[8,-11,25137],[7,-15,12846],[15,-25,0]],[[21226,13159,0],[8,-15,6977],[9,-15,10057],[4,-4,9110],[3,-8,10057],[3,-4,11440],[9,-17,10955],[4,-5,21388],[6,-11,9746],[2,-2,8148],[3,-7,57527],[16,-20,20019],[13,-20,0]],[[21306,13031,0],[-4,-20,7780],[-1,-6,7780],[-7,-30,25160],[-15,-76,25160],[-6,-19,12326],[-2,-11,218936],[1,-13,12516],[-2,-17,28623],[2,-19,7459],[1,-7,67896],[6,-18,14617],[8,-21,106714],[-4,-11,15035],[0,-5,8453],[-2,-4,8453],[-3,-14,52479],[1,-8,17790],[5,-6,11313],[3,-9,43311],[-3,-4,12999],[-1,-5,7006],[0,-5,14834],[-3,-2,0]],[[19843,14041,0],[55,-125,103343],[72,-135,191104],[23,-3,0]],[[19985,13678,0],[-2,2,0]],[[20468,13798,0],[-14,-16,23288],[-9,-17,101723],[-4,-18,19492],[-7,-13,28663],[-3,-13,11267],[-3,-19,64154],[-8,-18,18107],[-12,-22,37444],[-4,-11,9314],[-4,-16,101723],[-6,-6,23622],[-6,4,12324],[-5,-1,44056],[-8,-15,20376],[-7,-6,100800],[-1,-6,15462],[2,-11,8423],[2,-3,49009],[-10,-7,10567],[-3,-5,10567],[-3,0,49009],[-1,-12,15287],[3,-5,12383],[0,-8,239649],[-9,-5,12363],[-6,-2,18682],[-2,-4,45961],[-5,1,7934],[-7,4,23201],[-11,-2,0]],[[20256,13591,0],[-8,7,21302],[-5,7,12475],[-1,6,74349],[-13,3,24149],[-8,3,6998],[-14,8,7359],[-7,2,30326],[-13,2,0]],[[20063,14045,0],[-2,5,10512],[-2,10,34860],[2,14,9116],[2,20,0]],[[21306,13031,0],[18,-29,61476],[5,-3,7444],[7,-8,19983],[7,-2,14379],[6,-7,14379],[15,-12,61476],[13,-17,23639],[8,-7,15100],[20,-23,23639],[32,-39,34353],[9,-7,0]],[[21446,12877,0],[9,-9,55734],[12,-23,7898],[15,-27,27182],[5,-7,8026],[8,-13,35542],[8,-21,32639],[5,-7,15847],[14,-24,121915],[5,-32,16430],[3,-12,0]],[[21530,12702,0],[-4,-1,11589],[-20,-11,12054],[-26,-12,46709],[-8,-1,19975],[-26,-9,7705],[-11,-5,34429],[-4,2,18068],[-7,-9,21270],[1,-6,21270],[-7,3,9185],[-4,-1,96560],[0,8,29746],[-5,-2,12571],[-3,4,12571],[-3,1,7597],[-5,-2,22131],[-3,-4,0]],[[21530,12702,0],[12,-22,14445],[4,-5,13065],[9,-16,9500],[2,-5,63539],[9,-33,17063],[5,-14,0]],[[21571,12607,0],[5,-17,13000],[5,-11,0]],[[21581,12579,0],[-13,-5,15065],[-14,-8,25331],[-6,-6,25331],[-18,-11,17162],[-19,-10,6982],[-3,-2,79550],[-9,-1,8343],[-9,-2,34704],[-5,-4,15804],[-7,-1,9487],[-6,-3,9452],[-3,0,17061],[-6,-4,15556],[-5,-2,7971],[-5,0,13819],[-6,-2,7827],[-1,-3,145236],[-4,-14,25932],[2,-8,7648],[2,-3,82997],[-4,-1,6991],[-9,-4,19356],[2,-4,32406],[-15,-6,7236],[-7,-2,20383],[-8,-1,0]],[[21405,12472,0],[-2,4,7077],[-3,1,22244],[-17,1,29481],[-7,2,14216],[-7,7,99317],[-3,8,8926],[-3,9,30206],[-4,31,0]],[[20159,13637,0],[-4,5,17465],[-12,4,24229],[-9,10,9234],[-3,2,68512],[-9,1,12302],[-15,0,14970],[-5,2,26185],[-2,3,7774],[0,5,26185],[-5,-1,10297],[-3,-4,10297],[-4,0,40828],[-10,7,0]],[[20234,13575,0],[-5,-3,7108],[-5,-2,8034],[-3,1,8034],[-3,-3,53267],[-7,6,9281],[-3,0,17137],[-5,7,22444],[-8,1,10329],[-3,3,83312],[-8,-5,21175],[-11,-2,10977],[-4,-3,10977],[-3,3,10977],[-6,-2,39216],[-4,-7,16169],[-8,-3,80646],[-17,10,29058],[-5,-1,9589],[-7,1,188256],[-8,-11,13596],[-4,-2,7451],[-3,-4,39595],[2,-3,7817],[5,-5,67605],[-7,-6,17798],[-19,-9,20961],[-10,-8,355368],[-3,10,18413],[3,8,30281],[-4,6,10278],[-2,8,25655],[3,9,23203],[-6,3,17302],[1,8,92477],[-7,-3,20710],[-13,4,64616],[-5,6,20094],[2,3,7552],[1,7,28951],[-5,3,18827],[-4,11,8805],[0,2,210907],[-9,3,13121],[-14,3,8347],[-14,3,34064],[-2,-4,44830],[-42,-3,0]],[[19974,14070,0],[11,1,10879],[5,0,27961],[2,-6,21660],[7,-4,14599],[6,2,69022],[3,-3,11456],[3,-9,23065],[6,1,23065],[6,-5,10388],[3,-5,12078],[5,-2,12078],[2,-5,17361],[7,-4,56928],[4,4,12595],[-2,4,10170],[1,3,7034],[2,-1,36872],[5,-14,28055],[8,1,0]],[[19452,13212,0],[5,-14,48446],[6,-6,7122],[18,-16,33179],[14,-19,119863],[118,-100,0]],[[19385,13445,0],[12,-37,30888],[3,-19,9845],[2,-7,51463],[15,-34,87378],[6,-32,20048],[3,-24,11598],[4,-25,87378],[16,-37,15176],[2,-5,9030],[4,-13,0]],[[18956,14192,0],[66,-9,103923],[46,-13,30242],[40,-10,9416],[29,-8,7022],[16,-4,16625],[30,-9,16625],[15,-3,9906],[18,-5,0]],[[19080,14842,0],[-19,-22,95356],[-6,-17,29034],[-7,-14,10496],[-12,-26,13185],[-11,-21,13185],[-6,-14,52021],[-6,-18,10535],[-1,-8,34660],[-11,-22,14710],[-6,-15,466661],[-1,-19,15957],[-2,-18,68784],[0,-8,9856],[1,-7,9856],[2,-13,8803],[1,-19,19974],[0,-18,11023],[2,-9,9725],[-1,-9,25080],[5,-17,13648],[-2,-2,17879],[2,-15,7149],[0,-9,179701],[-1,-7,10668],[-4,-6,22427],[2,-12,58884],[-18,-16,7681],[-5,-4,106088],[8,-10,7328],[9,-13,85925],[-8,-15,9916],[-9,-18,38196],[1,-6,8969],[-1,-7,272250],[26,-4,16918],[12,-3,16918],[5,0,10676],[14,-2,272250],[-14,-24,21193],[-14,-28,31903],[-6,-4,28182],[-6,-24,92919],[-7,-20,13325],[-3,-5,7257],[-2,-9,7257],[-18,-53,17751],[-7,-20,0]],[[19039,19942,0],[25,6,12499],[21,4,211632],[1,-9,12110],[3,-22,8309],[2,-10,68960],[5,-9,13315],[5,-4,35107],[11,-23,20542],[6,-20,138610],[6,-9,18532],[5,-2,9334],[8,-7,18773],[14,-16,34308],[6,-12,9328],[4,-5,29213],[3,7,8175],[-1,3,396636],[11,-2,21831],[22,4,40995],[42,11,149194],[9,17,28731],[10,11,12148],[10,13,56321],[22,15,0]],[[19289,19883,0],[1,-15,9201],[1,-17,45114],[7,-26,22297],[7,-35,45114],[8,-58,17125],[3,-14,12134],[0,-11,0]],[[19316,19707,0],[-7,-1,9612],[-7,-3,31528],[-17,-17,80040],[-9,-15,19431],[-10,-21,10526],[-5,-13,203612],[4,-16,8955],[6,-24,15756],[7,-23,46834],[6,-10,28995],[-1,-6,7167],[-2,-4,11638],[0,-10,214859],[-7,-26,12883],[-5,-15,27429],[-3,-6,7311],[-4,-9,52942],[-1,-12,7799],[-4,-20,8563],[-1,-10,145779],[-21,-38,64144],[-7,-36,15949],[-4,-15,65984],[-6,-16,7740],[-3,-7,7837],[-3,-10,7837],[-1,-1,37486],[-9,-18,13783],[-16,-35,26059],[-7,-15,7737],[-5,-14,65984],[-9,-30,20701],[-12,-31,214859],[0,-11,9561],[-2,-11,37512],[2,-6,12418],[6,-12,0]],[[19159,19140,0],[-144,2,10190],[-243,4,0]],[[18772,19146,0],[-6,30,40725],[1,5,7139],[1,14,12497],[0,16,171008],[-4,6,10672],[-8,16,26149],[-8,7,62692],[-17,-2,21670],[-7,-5,62692],[9,28,62692],[-26,31,28500],[-15,21,619407],[6,4,8063],[17,11,12138],[7,1,12138],[1,3,13864],[6,5,8189],[8,4,8189],[11,7,19613],[21,12,57275],[10,9,17140],[16,12,9673],[3,1,7518],[8,6,16517],[5,6,10155],[5,2,209276],[-3,9,8456],[-1,7,22478],[-5,12,14730],[-5,18,259986],[6,6,27459],[11,5,12743],[7,2,10698],[6,3,7919],[7,2,27459],[15,12,24764],[11,4,86315],[11,-3,12153],[10,-1,8166],[2,-2,8166],[4,1,135210],[8,6,14364],[5,0,8472],[4,2,26263],[7,11,26263],[11,0,62433],[1,4,7518],[4,6,15233],[5,2,15233],[6,8,8846],[0,2,12604],[9,10,619407],[0,7,14324],[4,5,7634],[1,2,34171],[-4,4,9727],[1,3,9727],[-5,9,44152],[4,5,13820],[0,6,13820],[4,8,22503],[-3,4,12769],[3,7,60337],[6,0,9317],[4,2,60337],[0,23,17133],[2,7,33573],[-5,14,22498],[1,11,119271],[9,9,52236],[7,17,9328],[6,18,31281],[1,9,9264],[5,21,123240],[1,2,12297],[11,2,67285],[-2,10,17085],[-1,15,8763],[-1,9,8763],[1,1,28274],[-3,14,10706],[1,2,8688],[-3,2,7123],[0,3,67285],[1,12,16483],[2,8,8934],[1,8,8934],[2,7,20980],[1,11,7334],[0,4,7334],[1,7,164904],[5,12,12091],[3,2,25129],[3,20,25129],[5,15,9727],[8,20,21033],[1,11,8482],[2,5,21033],[6,8,56778],[-1,8,10138],[2,11,0]],[[18851,18975,0],[-11,3,10816],[-1,-2,27646],[-65,15,92256],[-20,-13,160880],[-11,7,32083],[-2,15,57288],[-2,2,8540],[-33,20,0]],[[18706,19022,0],[66,124,0]],[[19159,19140,0],[114,-2,7190],[192,-3,0]],[[19465,19135,0],[45,-1,142149],[-1,-70,255479],[58,-7,92281],[-19,-20,98408],[130,-71,82017],[17,-6,7883],[6,-4,20612],[11,-2,8998],[13,-5,679376],[27,-148,310389],[-2,-1,8969],[-13,-1,17321],[-28,-2,23931],[-14,-3,7747],[-4,-1,65368],[-51,4,310389],[20,-28,11027],[74,-104,0]],[[19734,18665,0],[-35,7,19147],[-21,2,12630],[-8,2,9845],[-18,3,224773],[-13,-2,15865],[-67,-12,7565],[-16,-3,82028],[-61,-18,20903],[-16,-6,20903],[-42,-10,60822],[-29,-4,0]],[[19408,18624,0],[-22,14,22143],[-137,83,217948],[-38,35,22022],[-31,26,54187],[-84,79,0]],[[19096,18861,0],[-42,41,17373],[-2,2,187127],[-128,55,112419],[-73,16,0]],[[20154,18743,0],[-29,-7,10739],[-5,-2,39941],[-30,-6,13736],[-49,-10,9734],[-19,-5,9734],[-19,-3,29961],[-33,-4,29961],[-20,-7,48356],[-28,-6,9835],[-32,-7,29105],[-71,-16,17954],[-18,-5,0]],[[19801,18665,0],[-33,-6,50119],[-34,6,0]],[[19465,19135,0],[22,61,11741],[13,32,44239],[10,33,13280],[8,27,24610],[4,9,77659],[11,46,164008],[7,8,10783],[10,13,22507],[8,17,30757],[11,10,0]],[[19569,19391,0],[7,-5,23536],[4,0,13227],[3,7,45972],[2,0,8446],[3,-7,8556],[8,-9,25860],[10,-5,152975],[6,2,7065],[11,6,40251],[-1,1,9253],[3,9,15590],[4,5,8104],[1,4,56244],[6,0,11206],[8,-5,76816],[4,5,8825],[1,5,8500],[4,5,30054],[5,0,12690],[8,5,44203],[6,13,10526],[2,3,10526],[1,6,236633],[-6,5,26546],[-7,-1,8238],[-12,-3,101782],[-2,2,9109],[-2,12,19880],[2,13,43537],[-7,15,22626],[-6,23,236633],[31,32,17452],[4,6,40013],[61,69,66264],[19,29,0]],[[19750,19638,0],[11,17,25947],[19,18,263666],[49,-56,120043],[131,-100,263666],[8,-19,97474],[31,2,7921],[47,2,97474],[56,-17,0]],[[20102,19485,0],[-5,-31,43166],[-2,-4,8151],[-6,-20,8865],[-11,-29,175948],[-13,-27,11815],[-4,-8,23379],[-17,-32,10642],[-6,-10,10642],[-8,-17,47593],[-6,-3,10696],[-4,-5,23395],[-1,-8,23395],[-11,-18,47593],[-8,-29,128494],[-21,-21,18620],[-14,-17,861854],[31,-42,54928],[30,-55,265891],[9,-47,67568],[4,-104,152444],[32,-102,329423],[83,-113,0]],[[19235,20644,0],[-2,-6,13908],[0,-14,10850],[-1,-5,41842],[4,-1,8826],[3,-3,31727],[1,-10,13867],[0,-16,0]],[[19240,20589,0],[-1,-18,32611],[1,-6,8945],[4,-11,16809],[3,-2,43873],[-2,-8,11983],[2,-5,11983],[-2,-10,10203],[1,-5,30263],[5,-5,25787],[-2,-3,10322],[2,-7,10785],[-2,-3,7380],[0,-5,53861],[6,-3,17600],[2,-5,7738],[0,-3,10069],[3,-4,37183],[-2,-8,9447],[0,-11,395731],[2,-2,14223],[14,0,31836],[28,-12,19233],[10,-4,11027],[10,-1,17117],[6,-4,61515],[32,-2,28767],[6,-1,8766],[6,-3,228263],[17,-12,11592],[16,-12,64857],[71,-72,7228],[5,-5,883921],[6,-3,8168],[3,0,16065],[6,-4,6982],[4,-4,43859],[7,1,9410],[7,-2,10605],[8,0,28023],[3,-3,16837],[10,0,13436],[7,-3,101297],[7,0,8348],[15,0,17492],[15,2,34470],[10,4,9469],[8,2,50280],[4,-1,7668],[5,-2,13598],[4,-4,22553],[5,3,169896],[1,3,7372],[2,5,11000],[-1,5,14526],[4,10,52954],[11,5,11772],[9,3,169896],[94,7,13767],[29,2,13767],[52,4,29606],[27,1,264335],[14,3,11600],[20,5,43625],[56,22,17496],[12,3,192982],[13,-48,12286],[1,-5,0],[1,-1,0],[-2,-5,17960],[3,-4,9219],[2,-10,8509],[2,-3,28488],[0,-6,7001],[-1,-5,11429],[1,-2,13699],[3,-25,49166],[4,-3,13218],[1,-10,13589],[5,-7,103779],[0,-2,7194],[-3,-7,13404],[-5,-5,25034],[0,-7,14990],[-5,-14,42712],[2,-3,9028],[-1,-5,9028],[1,-8,103779],[6,-5,16453],[9,0,20489],[4,-2,10098],[2,-5,62585],[-1,-8,18649],[4,-15,8995],[0,-8,218482],[-2,-7,20203],[-6,-5,7519],[-8,-8,20203],[-2,-4,8006],[-11,-12,12199],[-6,-10,28556],[1,-2,0]],[[19957,20125,0],[-14,-13,26861],[-49,-48,152347],[-103,-42,152347],[-29,-29,9347],[-11,-9,14629],[-14,-14,14629],[-27,-25,123300],[-5,12,32658],[-10,5,14962],[-7,1,86031],[-14,-9,36831],[-11,-23,353989],[3,-37,37183],[4,-19,14865],[3,-5,0]],[[19673,19870,0],[-6,3,17557],[-71,38,55956],[-16,4,10252],[-10,3,149366],[3,7,9027],[6,7,10305],[4,7,25309],[6,17,81286],[-12,32,149366],[-44,5,108933],[-5,-33,30790],[-5,-9,149366],[-23,24,34984],[-21,14,523942],[-24,-32,69648],[-13,-12,10242],[-13,-11,19195],[-22,-16,19195],[-4,-5,7274],[-11,-10,211316],[-8,-2,12709],[-13,-1,32620],[-60,-2,82521],[-4,-4,11728],[-14,-8,9018],[-4,-3,0]],[[19039,19942,0],[-6,2,60557],[-162,136,0]],[[18706,19022,0],[-11,6,29431],[-10,19,60482],[-22,13,10133],[-23,15,184198],[-24,6,8318],[-20,5,92329],[-48,-18,184198],[-8,4,20814],[-64,31,8483],[-23,10,7479],[-13,7,312864],[-33,1,10345],[-26,2,61726],[-37,-5,40343],[-55,-1,0]],[[19750,19638,0],[-6,12,9289],[-3,4,9289],[-2,7,9697],[-12,29,72857],[-9,9,7492],[-20,19,193653],[-3,26,50806],[3,8,8158],[9,27,77222],[-6,66,152554],[-23,18,24933],[-5,7,0]],[[19957,20125,0],[5,-7,16308],[7,0,28162],[11,-5,7011],[66,-29,75443],[5,-5,9432],[9,-11,75443],[132,-73,14218],[12,-7,221155],[140,-64,71095],[-1,-7,12097],[3,-3,14870],[-3,-2,7012],[0,-4,23460],[5,-7,52449],[6,1,11301],[7,3,25192],[4,9,52449],[232,-112,0]],[[20597,19802,0],[48,-22,140026],[50,7,36085],[27,8,49152],[30,1,0]],[[20752,19796,0],[2,-3,14792],[-1,-4,7399],[1,-1,7399],[-1,-11,14792],[2,-9,22688],[-1,-18,36431],[2,-12,7329],[2,-4,13382],[-1,-6,13382],[4,-3,15429],[1,-9,36431],[-2,-13,167176],[2,-5,8864],[2,0,10310],[5,-8,18148],[6,-3,39548],[4,7,13191],[5,1,75302],[2,-2,7045],[1,-5,13807],[6,-2,14625],[8,-11,40295],[0,-7,10851],[3,-1,15379],[0,-3,7646],[-3,-3,18551],[2,-7,7290],[-2,-1,7272],[4,-3,30793],[1,2,9542],[5,-3,0]],[[20811,19649,0],[-17,-13,27366],[-9,-13,27366],[-9,-7,8423],[-7,-6,22915],[-28,-29,48324],[-17,-14,17638],[-14,-14,14988],[-10,-9,24246],[-14,-15,7267],[-6,-5,24246],[-12,-11,9910],[-4,-2,508215],[4,-11,8425],[3,-6,26317],[1,-18,64120],[7,-14,18553],[6,-9,9404],[3,-5,9404],[15,-25,100952],[3,-13,11932],[0,-8,19889],[6,-17,21966],[2,-15,21966],[6,-18,9617],[2,-8,51086],[6,-13,20440],[4,-13,7134],[1,-6,13427],[4,-9,583321],[-5,-3,7131],[-14,-11,18913],[-14,-13,8247],[-4,-4,34333],[-24,-14,53712],[-9,-8,7310],[-21,-17,22360],[-31,-27,18528],[-9,-7,11587],[-33,-28,72315],[-62,-47,13827],[-9,-7,13827],[-37,-29,18882],[-11,-10,16552],[-9,-6,8663],[-13,-9,583321],[13,-13,12516],[9,-8,36605],[26,-13,36605],[12,-10,7368],[6,-5,10174],[13,-10,24596],[6,-3,10475],[13,-10,361839],[21,15,7043],[7,5,7043],[27,19,9848],[8,6,9848],[31,22,24155],[21,14,165293],[5,4,14506],[2,7,8870],[5,9,30973],[12,11,7479],[4,4,30973],[12,12,9163],[19,23,22071],[5,8,15230],[24,28,165293],[4,-3,10108],[2,-6,29832],[4,0,10652],[5,-5,14798],[9,-1,22769],[2,-4,13289],[9,-5,165293],[-2,-4,9533],[-8,-6,48358],[-9,-3,14225],[-20,-9,8659],[-11,-4,15705],[-6,0,15705],[-11,-6,106812],[-3,-6,10569],[-1,-4,7561],[-3,-9,20194],[-4,-9,8508],[-5,-6,583321],[-4,-20,16962],[-6,-39,30046],[-3,-14,9966],[-3,-5,43265],[-5,-23,11795],[-17,-73,14729],[-7,-30,14598],[-7,-30,57349],[-6,-17,0]],[[20627,18837,0],[-7,0,9001],[-7,1,10724],[-11,0,62873],[-8,-4,20878],[-19,-15,8510],[-8,-5,62873],[-9,-1,19884],[-12,-3,10255],[-19,-7,55103],[-11,-5,8924],[-25,-10,14845],[-15,-7,8644],[-24,-10,99436],[-15,0,14749],[-15,-1,31455],[-11,-6,0]],[[20411,18764,0],[-20,37,79472],[5,21,49672],[-8,29,7235],[-2,7,195719],[-21,19,69867],[-20,56,69867],[-17,25,18402],[-27,42,148330],[16,4,19809],[19,9,66984],[-3,8,7241],[-4,10,148330],[-5,5,12686],[-12,9,31399],[-18,6,51516],[-3,10,25362],[-4,5,10608],[-3,-2,10608],[-7,5,22822],[0,5,40805],[-7,3,9815],[-3,3,9815],[-6,1,409159],[1,10,26573],[11,5,61228],[-3,11,21911],[-7,7,7099],[-2,1,19227],[-4,10,66880],[1,8,8499],[-1,8,16129],[3,1,16129],[2,23,27575],[2,3,10778],[2,12,7790],[0,3,7790],[1,4,126151],[-3,7,14382],[-6,4,7373],[-2,3,74158],[-1,4,10154],[3,9,19757],[-3,10,19757],[0,4,7162],[2,4,11816],[0,13,48412],[-2,21,22029],[-6,16,523642],[-44,60,29688],[-48,71,100636],[-3,3,9669],[-8,4,17289],[-3,6,9126],[-3,3,66324],[-3,7,11381],[1,5,25228],[-6,5,17555],[-3,10,41348],[2,11,12813],[-1,2,7372],[0,8,100636],[-3,4,20381],[-25,4,0]],[[20411,18764,0],[-11,-5,32214],[-12,0,8470],[-11,-1,16513],[-16,0,34096],[-56,-10,0]],[[20305,18748,0],[-21,-3,48881],[-33,1,8629],[-4,0,8629],[-13,0,24865],[-16,3,31984],[-12,-1,11047],[-9,-3,31984],[-7,5,9258],[-3,1,79647],[-33,-8,0]],[[19316,19707,0],[5,-1,7149],[5,-3,25073],[13,-9,8911],[15,-11,36832],[12,-4,14856],[11,-5,9021],[5,-4,105462],[4,-5,8068],[4,-7,19599],[2,-13,20822],[5,-10,9000],[4,-4,95425],[14,-10,28633],[14,-6,7726],[19,-8,323390],[5,-8,27896],[1,-11,13916],[4,-25,47220],[13,-18,135010],[21,-19,30039],[21,-15,14370],[21,-14,180924],[12,-19,26950],[9,-23,67719],[14,-64,0]],[[20538,16242,0],[3,1,8151],[14,10,25943],[7,6,8016],[11,12,70488],[7,9,9386],[8,13,14839],[6,13,14839],[10,13,99679],[12,11,28021],[29,24,7656],[8,6,13592],[12,12,13592],[11,7,121778],[16,22,19388],[16,17,33494],[4,8,17162],[9,11,10105],[6,9,0]],[[20535,16158,0],[-2,3,7805],[-6,4,23406],[-5,9,11452],[-4,11,58624],[4,3,17766],[10,-4,14222],[5,2,58624],[0,9,12310],[-1,19,21342],[3,20,17410],[-1,8,0]],[[20479,17004,0],[5,-5,26989],[2,-9,11344],[1,-9,14209],[4,-14,0]],[[20639,16609,0],[-4,-4,9948],[-21,-20,23049],[-20,-18,9570],[-14,-12,85365],[-23,-17,15490],[-31,-21,15490],[-17,-14,12924],[-5,-3,7042],[-12,-9,7341],[-16,-11,175612],[-4,-2,11187],[-6,1,17346],[-4,-1,6984],[-6,-4,56627],[-3,-9,15705],[-5,-2,25081],[-3,-13,9939],[0,-3,25081],[-7,-4,75733],[3,-6,13414],[9,-5,13414],[-2,-3,0]],[[20448,16429,0],[-3,0,6997],[-5,3,19040],[-11,-2,30319],[-7,-7,72716],[-2,-1,7310],[-4,4,19276],[-8,9,7741],[-3,5,28810],[-2,9,119523],[-11,-2,14503],[-10,-5,8431],[-4,-1,37586],[-4,-3,13524],[-11,-5,13524],[-9,-6,7560],[-5,-3,0]],[[20349,16424,0],[-3,9,10537],[-1,10,11604],[-4,16,109671],[3,8,10253],[10,20,45048],[3,10,18491],[-1,2,7848],[1,8,7848],[0,8,45048],[3,2,7635],[3,6,21433],[4,17,35202],[-7,-5,18148],[-5,4,35202],[10,9,15131],[7,9,284629],[-5,4,7323],[-9,7,8609],[-4,4,21985],[-4,-1,9512],[-5,3,21985],[0,8,40708],[-7,5,11251],[-11,9,16933],[-10,9,8727],[-4,1,9650],[-7,6,7049],[-12,9,22143],[-5,5,0]],[[20289,16626,0],[5,10,12346],[5,5,25765],[4,7,10564],[-1,2,7230],[3,9,36873],[2,2,8370],[2,-3,18610],[12,10,36873],[-1,3,10930],[2,11,149377],[9,22,18355],[4,16,18355],[4,13,7321],[5,14,9406],[3,8,8279],[4,12,75358],[6,21,20659],[8,32,8983],[4,21,15351],[2,12,15351],[8,25,300588],[22,44,54866],[35,55,17440],[9,11,17440],[10,18,145849],[3,2,11369],[12,-2,18769],[1,-6,18769],[7,-1,15252],[1,5,0]],[[19628,16260,0],[26,17,10812],[2,2,10812],[21,14,67116],[20,15,16021],[2,4,8468],[7,4,8468],[14,12,26989],[15,10,39057],[19,17,14159],[10,7,19129],[9,8,10309],[10,8,9280],[7,7,7793],[3,2,0]],[[19793,16387,0],[10,-12,77361],[16,9,16320],[12,3,21202],[28,15,120480],[2,8,12483],[4,11,7529],[3,4,14011],[4,14,217947],[4,-3,8154],[8,-4,8334],[6,-5,13655],[7,-3,9716],[12,-9,28426],[7,-3,7840],[31,-17,0]],[[19947,16395,0],[5,-4,9681],[8,-4,26406],[31,-25,77701],[7,-2,7729],[2,-2,7729],[11,-5,27417],[6,0,8690],[10,-3,19134],[12,-5,9250],[2,-3,9250],[6,0,127281],[3,-3,13835],[1,-5,9831],[3,-4,7061],[0,-4,19921],[5,-3,9453],[2,-3,30280],[-2,-7,89819],[12,-9,20956],[2,-5,10958],[6,-6,22038],[12,-8,59371],[5,0,8877],[4,2,22757],[3,-3,10972],[11,-2,0]],[[20114,16282,0],[10,-5,18527],[4,-6,12516],[8,-6,71337],[5,0,8181],[3,1,17184],[9,-4,17184],[5,0,12405],[11,-2,10949],[8,-1,40664],[9,-3,11092],[5,-4,16814],[14,-3,157393],[5,1,10599],[10,-1,18379],[8,-4,18379],[4,-1,7068],[3,1,7068],[9,-1,10939],[5,-1,25898],[5,4,22634],[9,-4,10261],[5,0,58636],[11,3,10769],[5,0,10769],[2,4,58636],[4,0,7073],[4,-3,7073],[7,-2,33058],[13,1,7233],[5,-1,19560],[8,4,39196],[8,-3,8142],[6,-4,639910],[34,-99,44360],[16,-32,30170],[4,-12,8970],[1,-7,329186],[-22,-22,10382],[-13,-14,35671],[-20,-22,18039],[-9,-12,150391],[1,-13,8762],[-1,-6,8762],[2,-3,8131],[-1,-4,41602],[-5,0,25813],[-3,-6,10735],[0,-6,13175],[-3,-3,13175],[1,-7,41602],[8,-6,12627],[0,-3,0]],[[18851,18975,0],[20,-137,18451],[3,-27,127848],[0,-29,8192],[-2,-67,435708],[-6,-15,12787],[-12,-26,15006],[-14,-34,48574],[-16,-32,11539],[-12,-22,137367],[-3,-8,9743],[-7,-19,7016],[-2,-5,7016],[-1,-4,18870],[-7,-24,50265],[0,-5,9148],[-3,-14,16062],[-4,-14,16062],[-3,-9,7050],[-1,-12,12065],[-3,-9,581621],[0,-4,8427],[3,-5,8758],[2,-9,39174],[1,-8,11061],[-3,-5,24143],[3,-9,14172],[1,-15,21714],[-2,-6,52108],[4,-19,18947],[4,-10,9349],[0,-4,7342],[3,-7,83777],[6,-4,12849],[1,-5,14319],[11,-17,8938],[3,-4,58888],[0,-4,7988],[-4,-7,20774],[2,-11,167394],[13,-6,8075],[1,-2,8075],[4,1,41373],[2,-4,8126],[6,-4,10812],[11,-13,14303],[4,-3,67899],[0,-4,8821],[-2,-8,7256],[0,-4,1399589],[-4,-5,7972],[-3,-6,16886],[-4,-1,8866],[-1,-3,10869],[-9,-9,20983],[-1,-6,14931],[-8,-8,35383],[-4,-1,9422],[-4,-2,7003],[-5,-2,35383],[1,-8,22930],[-6,-4,14417],[-5,-8,110717],[9,-2,18606],[7,-7,11480],[3,1,7836],[2,-3,129269],[-3,-5,9281],[-14,-18,12849],[-10,-16,19284],[-22,-29,48049],[-7,-7,10673],[-25,-30,257946],[-5,-11,13094],[-2,-6,8362],[-4,-9,65458],[3,-1,16709],[-5,-6,11709],[-6,-3,23228],[-5,4,23228],[-3,-2,8833],[-15,-11,10464],[-4,-2,65458],[-17,-15,11163],[-7,-7,11163],[-15,-13,9572],[-12,-12,24627],[-13,-10,7154],[-4,-4,7761],[-27,-24,454258],[-19,13,156374],[-48,-41,11130],[-15,-12,31203],[-20,-14,117891],[-29,-13,7721],[-43,-18,0]],[[19096,18861,0],[-1,-6,10746],[-41,-230,31567],[-9,-54,93376],[0,-21,30820],[-6,-41,420567],[-6,-8,10944],[-1,-4,22150],[-8,-4,22150],[-9,-11,10028],[-6,-5,19015],[-5,-1,8896],[-2,-3,142658],[3,-5,9483],[5,-12,14081],[2,-2,14081],[3,-5,7422],[6,-9,7422],[4,-10,13314],[8,-13,142658],[1,-6,7822],[2,-8,12868],[-1,-8,21219],[2,-10,10062],[3,-15,73167],[-4,-13,9268],[-2,-5,23115],[-8,-6,103919],[1,-6,7287],[3,-6,7815],[2,-7,17362],[3,-6,9296],[5,-13,55502],[1,-6,7436],[0,-8,14088],[-1,-5,20037],[1,-2,7901],[-1,-6,7901],[1,-2,10428],[-1,-8,10428],[2,-3,187489],[-3,-9,27614],[-3,-1,8092],[-2,-4,7380],[-4,-1,13040],[0,-4,13040],[-7,-2,42745],[-2,-7,8221],[-2,-4,12401],[-1,-9,72507],[3,-6,8568],[2,-6,25961],[3,-2,7908],[6,2,22378],[4,-4,11235],[0,-5,72507],[-11,-6,10200],[-6,-2,19906],[-7,-5,9543],[-2,-3,187489],[9,-17,13978],[1,-5,49320],[10,0,24539],[3,-3,8521],[6,-7,11799],[3,0,49320],[4,-8,7148],[5,-6,11566],[2,-6,8168],[4,-4,0]],[[19057,18134,0],[-4,-5,11126],[-12,-10,61806],[2,-5,7676],[-1,-2,10529],[4,-12,36887],[-1,-5,12022],[-5,-8,13969],[0,-6,80418],[-5,-6,8122],[-2,-1,20045],[-9,-15,13329],[-3,-6,32535],[-4,-2,11586],[-2,-5,11586],[-7,-4,208666],[-5,4,25095],[-2,-2,7887],[-7,0,15812],[-16,1,89421],[-14,-11,8061],[-13,-8,33604],[-35,-18,275338],[-32,-35,24425],[-14,-17,26992],[-13,-10,26992],[-13,-18,133539],[9,-11,33185],[-2,-9,14538],[2,-9,180630],[-8,-12,22531],[-3,-14,44287],[-3,0,7140],[-10,-2,44287],[-3,-5,12362],[-8,-4,17329],[-3,-8,21612],[-11,-10,8220],[-9,-7,30759],[-7,-11,10249],[-4,-2,10249],[-3,-6,70065],[-21,-14,11999],[-9,-8,70065],[-8,-15,9966],[-15,-23,29203],[-10,-11,357479],[-2,4,20772],[-21,12,94876],[8,19,41150],[-1,19,11933],[1,16,318940],[-20,-33,10228],[-25,-40,27258],[-8,-14,9561],[-6,-9,9561],[-10,-18,162957],[-14,-17,12651],[-27,-34,11575],[-11,-12,63828],[-13,-12,14704],[-4,-5,6987],[-11,-12,22942],[-22,-19,12714],[-5,-6,0]],[[19722,17538,0],[0,-4,8917],[3,-3,20999],[10,-1,20430],[2,-7,0]],[[19737,17523,0],[0,-2,10753],[-16,-15,60522],[-9,-4,8308],[-11,-4,25991],[-23,-13,10304],[-7,-3,10304],[-8,-5,47875],[-12,-10,9968],[-3,-4,294339],[13,-18,12291],[7,-9,88808],[1,-18,10977],[-1,-10,36834],[-7,-23,115838],[-15,-18,29084],[-8,-19,28114],[-5,-2,19698],[-3,-8,10446],[-3,-3,106850],[9,-6,7252],[13,-6,41559],[-2,-11,294339],[-11,-20,7105],[-4,-8,13765],[-10,-15,18316],[-2,-5,8082],[-10,-17,51787],[-8,-12,8753],[-9,-11,25651],[-8,-13,10813],[-11,-18,106103],[-4,-7,8055],[-2,-8,8055],[-10,-26,79575],[-5,-9,18073],[-10,-12,11922],[-5,-3,24696],[0,-5,24696],[-9,-13,9729],[-9,-15,20343],[-14,-17,79575],[2,-7,15882],[-2,-12,0]],[[19506,17059,0],[-4,3,16557],[-3,12,9503],[-2,4,85241],[-4,2,7507],[-5,0,21704],[-10,-2,11381],[-12,0,35852],[-16,5,16877],[-16,2,333723],[-3,4,19066],[1,5,7272],[3,6,12515],[-1,6,34024],[-4,7,10969],[-4,10,63285],[1,8,16867],[4,6,8116],[2,1,23693],[0,9,13098],[2,5,7391],[0,4,41252],[-3,4,19489],[2,11,9970],[-1,4,109421],[-11,7,21257],[-1,5,15829],[-6,2,13398],[-3,6,120346],[5,5,20107],[0,5,7875],[-3,4,20107],[3,8,9929],[1,11,10877],[4,18,25283],[1,13,78968],[-3,5,9430],[-6,8,22320],[-1,4,8337],[-1,9,59552],[6,7,14972],[2,8,35308],[-2,12,9278],[0,9,120346],[-12,12,9507],[-5,4,0]],[[19401,17337,0],[4,6,18092],[-4,0,7498],[-5,-1,18092],[-4,3,7511],[-3,6,8353],[-6,4,43417],[0,7,7603],[-2,5,12495],[-4,5,12495],[1,6,58091],[-5,5,18186],[-12,4,7469],[-2,1,160981],[-3,7,10004],[-2,12,11029],[-4,9,32536],[-1,11,14804],[2,5,84755],[7,0,7746],[6,-1,7213],[5,0,21885],[6,4,94949],[1,5,6994],[-1,6,12007],[-2,3,13851],[-1,15,37005],[-8,10,13882],[-2,8,462627],[2,4,7854],[1,6,7775],[2,2,32719],[4,-2,10682],[4,2,9879],[4,-2,44848],[-1,4,7833],[2,8,17677],[4,4,10034],[1,5,47750],[6,2,12609],[3,5,12609],[8,3,7873],[3,2,104212],[3,9,12474],[5,5,12474],[3,6,7166],[3,5,7166],[5,9,20254],[0,5,19155],[4,9,9654],[4,4,12326],[-1,4,12326],[6,4,48423],[-1,7,38632],[3,5,11057],[6,3,11057],[7,8,20911],[2,9,20911],[11,9,144782],[9,0,11477],[5,2,13319],[29,7,144782],[2,5,11105],[1,11,13325],[3,6,9765],[1,6,7059],[2,6,20450],[5,29,29643],[6,17,0]],[[19528,17715,0],[0,-6,8592],[0,-45,26007],[0,-8,6991],[2,-6,168156],[5,-7,9348],[8,-13,52204],[4,-4,9582],[7,-5,13362],[1,-3,13362],[26,-25,7854],[18,-19,308002],[43,-5,14169],[11,-1,14169],[9,-3,22303],[11,0,98413],[6,-2,11173],[6,-7,20546],[11,4,15217],[-2,-4,24026],[7,-6,13083],[6,0,13083],[4,-5,17411],[3,1,7604],[5,-1,17411],[3,-7,0]],[[19942,17316,0],[-10,-20,11538],[-13,-24,33771],[-23,-49,10228],[-5,-12,10228],[-8,-16,17936],[-13,-28,9099],[-18,-39,284439],[-1,-9,8679],[0,-24,23596],[-1,-14,9092],[-2,-25,18824],[0,-22,9842],[-2,-8,9842],[1,-7,63996],[-2,-17,17929],[-1,-21,12090],[-1,-15,33072],[-5,-18,244984],[-10,-18,24294],[-2,-9,16247],[-11,-22,37225],[-3,0,15368],[-2,-6,7934],[-5,-6,64298],[2,-2,12788],[-1,-12,27987],[-1,-6,7292],[-2,-2,8779],[-2,-11,8128],[-2,-2,64298],[-21,-18,0]],[[19778,16834,0],[-34,33,23255],[-36,36,155656],[-33,17,59658],[-42,5,0]],[[19633,16925,0],[-34,2,59031],[-43,18,105992],[-35,33,231247],[6,28,48224],[-2,17,15890],[-2,7,7529],[-2,10,76311],[-7,14,23769],[-3,4,8351],[-5,1,0]],[[19737,17523,0],[1,-5,9909],[3,-2,24368],[11,4,95513],[3,-2,12184],[9,-15,17066],[14,-15,19914],[3,1,7435],[3,-2,19914],[6,-10,11167],[-1,-1,19914],[6,-8,8497],[14,-16,8543],[9,-11,25944],[18,-18,25944],[13,-15,12417],[7,-11,95513],[10,-4,12640],[12,-7,54385],[5,-6,13453],[16,-14,7747],[4,-3,7747],[10,-9,26619],[15,-10,17542],[8,-9,9836],[5,-3,91280],[-4,-3,9270],[-6,-5,31570],[0,-5,11001],[3,-3,20074],[8,0,0]],[[19511,18365,0],[-1,-105,91652],[12,-32,469063],[-19,-26,54845],[-31,-26,27670],[-23,-23,226475],[-20,-10,19955],[-10,-2,28584],[-19,-13,28584],[-36,-17,12936],[-13,-6,116614],[-40,-4,36097],[-16,-6,16492],[-13,-3,672982],[-16,1,8647],[-8,2,8647],[-21,1,28253],[-10,2,7402],[-19,3,79239],[-10,6,8119],[-10,8,53398],[-4,0,10322],[-14,5,25228],[-24,2,112500],[-13,-3,15105],[-10,1,22281],[-9,-4,22534],[-11,-2,8911],[-9,0,8911],[-10,-1,22534],[-10,-4,112500],[-3,9,22063],[-6,8,10652],[-8,8,0]],[[19408,18624,0],[0,-46,96724],[32,-30,96724],[71,-183,0]],[[19590,17859,0],[-8,-7,23054],[-3,-4,9509],[-11,-12,14305],[-4,-8,62267],[-5,-11,7140],[-2,-6,11177],[-3,-7,8423],[-6,-15,33126],[-7,-10,8934],[-4,-5,122853],[0,-14,26100],[-1,-6,7449],[-5,-14,8744],[-1,-8,22356],[-2,-17,0]],[[19401,17337,0],[-3,-6,16423],[-3,1,8677],[-4,-2,36890],[4,-4,13420],[5,-8,7924],[0,-3,113040],[-11,0,9902],[-5,-2,28424],[-10,-5,8114],[-7,-4,51035],[0,-4,7788],[-2,-3,12129],[2,-5,65572],[-5,-2,7667],[-14,-6,13515],[-5,-3,27379],[-8,-3,7500],[-16,-6,16155],[-6,-3,12407],[-5,1,238829],[-4,7,11382],[-4,1,27814],[-4,-6,10195],[-3,-2,27814],[-18,6,22589],[-1,-2,9281],[-6,0,97987],[-12,8,24493],[-16,19,45426],[-3,14,238829],[-33,-23,111177],[-13,-2,8718],[-8,-1,8718],[-22,-3,24599],[-22,-1,40606],[-10,-3,18205],[-10,-2,9370],[-14,-3,9275],[-7,-1,657806],[-20,-36,38098],[-21,-50,82324],[-33,-43,109231],[-50,-117,29837],[-1,0,0]],[[18616,17392,0],[48,14,11653],[71,21,72264],[52,7,70904],[42,12,10522],[62,19,228175],[59,28,39060],[27,17,117725],[35,11,13724],[16,5,11607],[40,12,28271],[32,11,686504],[26,14,11722],[27,15,30828],[24,12,13284],[19,10,11615],[20,10,49728],[12,7,7294],[21,13,14650],[4,2,136599],[26,26,32343],[2,0,10870],[1,10,32343],[16,8,161365],[66,19,20885],[59,19,161365],[-7,3,20079],[-5,3,7350],[-24,16,368509],[-8,33,39758],[1,21,19977],[-2,11,99760],[9,20,13477],[9,24,368509],[26,-1,22737],[31,2,81972],[32,8,20632],[15,6,50530],[43,4,102829],[7,-2,16733],[40,-3,0]],[[20223,17176,0],[18,-10,27965],[18,-4,34810],[8,-5,7380],[16,-10,27276],[16,-6,62178],[25,-18,0]],[[20324,17123,0],[13,-8,10085],[23,-15,48394],[14,-10,8357],[9,-7,7906],[9,-6,20776],[9,-6,10329],[32,-24,30430],[38,-25,108982],[8,-18,0]],[[20289,16626,0],[-14,12,26326],[-5,3,10681],[-6,0,29479],[-9,8,9458],[-10,8,20982],[-18,11,48275],[-12,11,10148],[-4,4,15984],[-17,13,32073],[-12,9,9156],[-9,5,0]],[[20173,16710,0],[3,3,8574],[4,2,15080],[4,6,7702],[3,6,94397],[-3,12,18843],[0,6,7647],[1,11,30970],[-2,6,11948],[-4,1,23222],[-2,6,12519],[1,9,56870],[8,0,12297],[5,3,56870],[1,6,7854],[-1,8,22953],[6,0,16322],[-1,4,7646],[-3,5,15818],[-3,-2,16322],[-4,13,37751],[-7,2,96605],[2,8,9778],[2,2,9778],[4,11,20648],[5,-2,20287],[2,12,133251],[-3,2,11693],[3,5,11693],[1,9,11612],[-2,3,16120],[3,7,16120],[-1,5,9680],[-3,1,49909],[4,5,7277],[2,6,7277],[7,14,25718],[-2,3,53053],[1,11,8981],[3,13,11745],[1,15,8654],[1,6,39651],[-2,2,19890],[2,9,9165],[0,7,14271],[3,9,19890],[0,7,7264],[1,8,7264],[1,11,18473],[-1,8,8348],[1,10,94543],[-3,11,7556],[-2,4,7556],[1,2,7556],[-2,5,62380],[1,16,7618],[1,8,13244],[0,15,9947],[1,19,20131],[0,12,18167],[3,22,80462],[4,18,11399],[5,20,0]],[[20567,17354,0],[13,-4,18701],[4,-3,8109],[2,-4,47105],[2,-14,16795],[4,-7,47105],[18,-18,20363],[22,-27,0]],[[20632,17277,0],[-24,-16,29361],[-22,-13,9293],[-5,-3,9293],[-11,-7,16829],[-13,-7,7987],[-10,-7,12612],[-19,-12,0],[-6,0,13558],[-6,5,54201],[-5,14,12207],[-4,7,14427],[-7,21,13040],[-3,5,201545],[38,39,10375],[6,7,9245],[8,7,77367],[-1,5,15223],[5,12,28937],[14,20,0]],[[19590,17859,0],[17,7,7908],[11,5,62605],[7,-3,8254],[5,-3,15820],[10,-2,44161],[14,4,10108],[10,1,103514],[3,-4,19273],[13,-2,20189],[6,-3,9106],[3,-4,45926],[14,0,13677],[5,-1,7436],[4,-2,11505],[4,1,373592],[0,-3,7456],[4,-1,7456],[2,-4,16782],[-1,-8,38514],[12,-13,19482],[9,-6,45431],[9,-15,24267],[-1,-3,10466],[3,-9,156090],[13,-4,7602],[14,-4,16479],[11,-1,41412],[6,-5,11133],[6,-2,11965],[6,-5,31571],[7,1,20070],[4,-2,8561],[11,-4,215350],[0,-4,13375],[5,-3,6981],[3,0,13798],[0,-4,48709],[-5,-1,11059],[-1,-4,11059],[-6,-2,14684],[-10,-9,119144],[4,-6,13326],[-1,-7,32388],[9,-4,7423],[4,-2,38972],[4,-13,27198],[6,-6,12590],[1,-5,12590],[5,-7,10406],[6,-11,61281],[12,1,21254],[1,-6,0]],[[19868,17672,0],[-12,-9,9721],[-5,-2,97794],[8,-3,13599],[3,-6,33565],[0,-3,8717],[1,-11,30475],[4,-2,13898],[6,3,30475],[1,-4,11345],[6,-7,11345],[1,-5,9116],[2,-2,59978],[14,-4,19107],[9,-7,302315],[-8,-5,7974],[-5,-1,7974],[-24,-12,23266],[-36,-14,49768],[-14,-8,13991],[-28,-16,115976],[-13,-4,23046],[-38,-8,13664],[-9,-3,13664],[-9,-1,0]],[[19590,17859,0],[-4,49,14643],[-10,109,0]],[[19576,18017,0],[10,-3,18068],[10,-7,7392],[2,-2,51790],[20,2,17339],[8,3,115031],[-7,8,25469],[-11,30,19775],[-5,7,270591],[7,2,8453],[2,-2,8453],[2,4,29681],[9,-3,12794],[6,-5,58500],[3,-11,16688],[7,-12,71281],[8,3,22052],[10,-4,17595],[10,1,65928],[0,-4,7089],[-2,-2,7089],[0,-3,33154],[4,-1,10333],[2,-5,13917],[9,-4,13917],[2,-4,53052],[20,2,24321],[1,-4,152259],[19,26,152259],[3,-2,8219],[5,-1,8219],[17,-4,12473],[3,-2,12473],[17,-4,16671],[8,-4,13651],[9,-1,56036],[5,-4,17478],[9,-4,8152],[12,-3,17478],[13,-8,99406],[13,1,14247],[5,3,23846],[6,0,9819],[6,-2,13139],[6,1,0]],[[19859,17995,0],[6,-1,7679],[3,2,20038],[3,-3,7092],[5,-1,7092],[5,-2,73793],[8,3,17903],[7,-2,17903],[5,2,9313],[2,-2,9313],[6,3,8627],[4,0,19715],[2,5,10395],[3,1,19715],[5,-2,8117],[2,-3,28248],[9,-1,10292],[10,0,28248],[3,4,8414],[5,2,28248],[30,4,0]],[[19982,18004,0],[5,-125,0]],[[19987,17879,0],[2,-47,41442],[7,-27,41442],[1,-14,21811],[-5,-8,108550],[-29,-28,87878],[-3,-8,16830],[3,-9,37329],[13,-12,0]],[[19976,17726,0],[-10,-7,38693],[-10,0,14899],[-7,4,25118],[-12,-3,95687],[-8,-6,8422],[-11,-9,30750],[-9,-6,9796],[-9,-4,10202],[-17,-10,32718],[-6,-6,7778],[-9,-7,0]],[[20021,18256,0],[45,-22,43956],[6,-10,43956],[6,-1,11397],[15,-6,11397],[15,-5,97114],[11,2,24265],[19,-5,24265],[11,-2,11167],[14,0,65248],[9,-2,7804],[8,-3,30158],[-1,-8,0]],[[20179,18194,0],[0,-12,12236],[0,-10,7199],[1,-6,27883],[-1,-18,13804],[-2,-9,27883],[0,-18,7756],[-1,-4,7756],[1,-5,10745],[1,-16,10745],[-1,-4,164807],[2,-7,9605],[2,-9,7210],[2,-7,16215],[3,-21,20204],[9,-37,14341],[3,-7,12122],[2,-11,76045],[8,-18,10478],[8,-13,0]],[[20216,17962,0],[-9,-10,61001],[-20,-8,13375],[-22,-6,29295],[-4,-3,23457],[-32,-6,90183],[-33,-15,45863],[-18,-18,152736],[-20,-4,13471],[-8,-3,13305],[-13,-2,32945],[-9,-4,11766],[-17,-5,54032],[-24,1,0]],[[19982,18004,0],[-3,71,9236],[-2,32,67928],[4,52,199218],[21,66,63049],[19,31,0]],[[19859,17995,0],[4,13,25440],[11,19,16352],[3,2,101604],[-3,16,11741],[-6,57,172897],[-9,-1,7512],[-4,1,8964],[-15,-2,41204],[-13,8,8129],[-2,1,310818],[2,29,10636],[3,35,114366],[7,-2,37921],[11,29,37921],[13,15,17725],[6,11,208900],[-30,144,191712],[-1,5,9858],[2,7,50038],[5,7,12869],[6,3,25832],[10,0,24113],[7,3,11949],[5,6,447605],[-70,264,0]],[[20154,18743,0],[16,-120,173483],[37,-100,21164],[25,-66,695658],[-7,-35,74432],[-30,-26,177203],[-64,-24,63682],[-48,-28,198850],[-34,-41,53734],[-28,-47,0]],[[20375,17890,0],[4,-5,14117],[8,-3,19191],[3,-7,85439],[3,4,14653],[9,1,8582],[1,2,36181],[8,0,8510],[7,-1,15317],[7,-3,57339],[4,5,14390],[3,0,7769],[5,3,15439],[1,4,12783],[7,4,154840],[6,-3,9470],[6,-5,11274],[6,-3,18658],[4,-7,18658],[7,0,15442],[5,-6,55455],[6,4,10929],[3,4,81159],[24,-33,323499],[4,3,8770],[4,7,12343],[4,2,12343],[6,8,21202],[0,7,21202],[8,3,7264],[4,3,21202],[4,5,7273],[18,21,67469],[0,5,13057],[5,6,13057],[6,16,29809],[4,3,7875],[5,6,0]],[[20584,17940,0],[4,-2,14955],[0,-3,8453],[4,-2,8453],[6,-8,61206],[5,3,14896],[3,7,22151],[6,4,7343],[3,3,12567],[6,1,0],[-1,0,0],[1,-6,15617],[-4,-4,7212],[-4,-2,23005],[-1,-3,8891],[3,-6,94024],[3,-1,8326],[6,0,8326],[11,-3,22064],[14,-2,11802],[4,2,62491],[7,7,9132],[5,4,37985],[8,1,9646],[11,0,94024],[2,-3,7554],[0,-6,25474],[4,-2,12007],[8,1,25474],[4,-2,8231],[5,-5,16969],[3,-8,0]],[[20710,17905,0],[-17,-19,7811],[-12,-13,26735],[-17,-16,17930],[-18,-20,14307],[-8,-7,12782],[-13,-15,105580],[-4,-2,21071],[-16,-14,7053],[-11,-10,11011],[-9,-9,8494],[-16,-13,27786],[-12,-8,27786],[-11,-11,15916],[-14,-12,16930],[-3,-4,11456],[-12,-10,150082],[-21,-26,7022],[-9,-11,13333],[-13,-15,7296],[-9,-11,7296],[-6,-6,62666],[-8,-8,12824],[-20,-21,19904],[-16,-15,29590],[-18,-20,0]],[[20397,17589,0],[-121,32,0]],[[20276,17621,0],[15,40,77432],[4,22,21064],[5,15,21064],[3,13,11455],[1,7,8337],[2,11,8337],[4,19,46937],[2,5,14665],[0,11,8513],[-1,3,14665],[1,10,8262],[1,3,193696],[14,17,50739],[2,12,11050],[3,7,33239],[7,9,21758],[2,7,9319],[0,6,21758],[3,3,8459],[1,4,8459],[6,12,59284],[9,5,10379],[6,6,37783],[6,12,13550],[0,8,13550],[3,2,0]],[[20179,18194,0],[35,-13,12093],[9,-4,136668],[7,16,26147],[-4,5,26147],[0,5,7327],[4,23,15681],[4,14,136668],[32,29,81438],[29,9,8845],[25,8,259887],[13,0,8502],[8,1,17106],[9,0,9391],[12,1,9391],[42,1,50715],[30,-3,7546],[1,0,0]],[[20435,18286,0],[2,-6,17154],[-2,-6,7394],[-1,-4,54980],[5,-6,10221],[1,-5,12222],[4,-4,12222],[9,-14,31977],[11,0,18439],[-2,-5,94487],[-7,-6,11777],[-3,0,16264],[-9,-10,143860],[13,-18,21853],[9,-16,17581],[12,-17,92035],[20,8,218405],[9,-31,31157],[0,-8,10242],[4,-22,53897],[3,-9,8099],[2,-4,12973],[7,-24,22396],[4,-5,92349],[2,-15,12638],[1,-23,19352],[2,-7,11364],[0,-7,9535],[2,-9,28828],[-2,-7,8977],[-2,-3,28828],[4,-5,8094],[3,-8,287734],[10,-9,19036],[8,-1,39072],[2,4,7101],[3,1,7101],[3,4,61453],[3,0,7772],[0,-5,7772],[3,-1,7417],[1,-3,21205],[19,-15,0]],[[20588,17965,0],[-9,-8,35430],[4,-10,11501],[1,-7,0]],[[20375,17890,0],[-5,3,33303],[-2,4,9858],[-5,5,10165],[-2,6,18796],[-6,4,18796],[-15,24,170270],[-24,5,23041],[-13,2,8339],[-20,2,89268],[-10,-2,12068],[-14,-1,41459],[-13,-13,0]],[[20246,17929,0],[-16,15,17974],[-14,18,0]],[[20641,17122,0],[-4,7,9794],[-2,9,26592],[-2,11,8072],[-2,11,14466],[-4,6,14466],[-1,7,7408],[0,4,106603],[4,6,11397],[9,20,51415],[3,19,8532],[1,9,23152],[0,13,90749],[-7,27,20218],[-4,6,0]],[[20567,17354,0],[-32,29,0]],[[20535,17383,0],[22,11,13009],[3,4,7322],[4,1,35340],[-1,6,35340],[11,9,8032],[7,4,9146],[9,8,9146],[3,1,82483],[5,7,22040],[6,-7,27023],[8,5,17777],[8,2,9899],[13,4,178034],[-9,25,11269],[-1,4,7186],[-5,13,296407],[10,4,6975],[8,4,15192],[5,5,28100],[17,11,8128],[30,20,63663],[19,5,7801],[7,2,111383],[35,28,23041],[19,16,9100],[10,10,9100],[6,4,115069],[17,7,10880],[25,12,12681],[4,2,12681],[16,6,8748],[10,5,83467],[8,6,9086],[6,3,9086],[21,14,25962],[14,12,8254],[12,9,19830],[3,1,0]],[[20920,17666,0],[3,-11,12588],[-1,-4,9062],[2,-6,0]],[[19576,18017,0],[-2,26,27532],[-3,30,10879],[-7,97,190049],[3,4,15587],[1,8,8855],[-2,4,16395],[4,7,22330],[0,12,77760],[-5,6,8227],[0,3,10071],[-5,5,20507],[-4,1,7241],[-3,4,7241],[-6,4,20507],[1,4,77760],[-14,46,32935],[-23,87,0]],[[20710,17905,0],[2,-3,7336],[-1,-3,7336],[2,-2,25366],[6,2,13945],[8,-3,0]],[[20727,17896,0],[1,-8,33874],[9,-4,14272],[3,-5,21558],[5,0,9063],[2,-3,9654],[5,0,63058],[6,-9,13412],[7,-6,18861],[4,-9,10151],[5,-6,30187],[5,-3,12726],[11,-11,30187],[0,-4,13339],[2,-3,7457],[3,-7,9440],[3,-2,164778],[6,2,26596],[19,-3,17524],[4,-3,8555],[3,1,8526],[2,-2,29795],[4,3,14125],[4,-1,7656],[1,-3,14125],[6,2,142740],[3,-4,11646],[0,-8,28060],[15,-18,56302],[8,-1,9926],[9,0,56302],[3,-7,13073],[6,-5,8545],[3,-4,32448],[7,-2,13861],[2,-2,7869],[7,-4,40101],[1,-11,16896],[4,-3,259742],[1,-4,8012],[0,-9,10922],[2,-12,22565],[-2,-14,28013],[2,-15,8373],[2,-5,0]],[[20920,17684,0],[-1,-3,10444],[1,-15,0]],[[20535,17383,0],[-25,65,0]],[[20510,17448,0],[-25,65,64609],[-24,38,172916],[-41,26,26142],[-23,12,0]],[[19778,16834,0],[77,-78,282889],[12,-6,36500],[15,1,20451],[12,5,100875],[24,15,41917],[7,14,26498],[13,11,144729],[13,3,22163],[14,-2,52503],[24,-16,0]],[[19989,16781,0],[-8,-15,11215],[-4,-10,46658],[-8,5,8169],[-3,1,50303],[-5,-13,18801],[-1,-13,8320],[-1,-3,49623],[-3,-2,7074],[-9,-2,11543],[-3,-3,183493],[-3,-8,8034],[-14,-30,13757],[-13,-29,11381],[-13,-28,11061],[-4,-10,115546],[-19,-36,36330],[-6,-10,7544],[-9,-17,15419],[-7,-11,8256],[-20,-33,50762],[-12,-25,19905],[-12,-18,12064],[-7,-17,12064],[-3,-3,27499],[-3,-11,27012],[-8,-12,15272],[-10,-18,243559],[1,-8,21929],[6,-5,12289],[5,-10,0]],[[19321,16476,0],[38,52,25067],[13,16,144168],[24,25,10963],[13,12,8473],[30,31,15135],[8,6,15135],[6,8,15135],[19,19,7595],[14,14,9787],[19,19,89780],[6,8,14453],[10,17,40660],[25,22,40660],[10,11,7047],[10,11,7047],[29,32,428600],[9,25,8744],[10,30,7672],[7,17,80955],[0,10,12518],[3,7,12518],[1,5,8446],[3,13,7289],[0,5,26030],[4,6,26030],[-2,3,10217],[2,5,10217],[1,20,0]],[[19989,16781,0],[36,-11,32737],[11,-5,13487],[5,-5,85183],[6,0,8520],[3,2,18009],[0,6,27134],[17,3,153864],[3,-1,9557],[6,-7,14135],[5,-1,18409],[7,-6,7745],[4,-5,29778],[6,-3,9264],[6,-2,20350],[4,-4,14180],[16,-10,66535],[18,-8,18003],[10,-6,7764],[8,-4,22768],[13,-4,0]],[[20173,16710,0],[-4,-5,11781],[-3,-8,39428],[-6,1,9733],[-4,-1,11372],[-9,1,114176],[-6,-5,12152],[-3,-7,27759],[-4,0,8203],[-7,-2,38133],[-3,-5,9169],[-5,-5,14377],[0,-4,10357],[-3,-6,14377],[-3,-1,38133],[-30,-32,15224],[-15,-17,9683],[-7,-8,60422],[-8,-12,14675],[-21,-26,283789],[5,-2,7739],[21,-7,40157],[7,-4,20019],[-6,-5,128033],[-12,-15,11899],[-5,-5,7017],[-5,-6,7017],[-28,-33,128033],[-2,-6,7487],[-4,-13,19744],[-6,-23,9326],[-3,-14,34241],[-4,-14,11961],[-6,-15,185109],[-4,-1,10666],[-16,-4,10666],[-14,-4,17980],[-3,-2,0]],[[20147,17235,0],[24,-23,16701],[8,-4,16701],[9,-11,52022],[9,-5,9811],[12,-9,19181],[14,-7,0]],[[19942,17316,0],[3,1,0]],[[19945,17317,0],[7,0,29904],[13,-8,13587],[16,-13,92976],[39,2,63586],[8,-1,9142],[20,-6,18854],[19,-7,145809],[21,-12,20484],[14,-7,11916],[28,-15,48587],[5,-4,10122],[12,-11,0]],[[20349,16424,0],[-9,-9,7680],[-5,-7,12410],[-28,-28,16106],[-8,-10,9192],[-13,-13,210327],[-3,-1,7121],[-17,-9,26320],[-15,-5,8165],[-3,-2,7766],[-14,-6,13143],[-9,-2,10494],[-18,-8,47669],[5,7,76298],[-20,-4,12542],[-33,-5,9639],[-19,-4,166410],[-7,-11,6993],[-15,-23,21100],[-4,-2,0]],[[20448,16429,0],[6,-5,16574],[4,-13,54598],[0,-11,13656],[-2,-5,16053],[1,-13,16053],[-3,-11,54598],[1,-11,9269],[3,-7,9269],[0,-7,18267],[3,-7,19155],[4,-20,12779],[0,-5,215187],[6,-4,29188],[2,-4,7434],[1,-6,12873],[5,-9,17032],[3,-9,8568],[0,-3,31828],[9,-9,94157],[10,4,14419],[9,1,35169],[12,-3,12039],[7,1,12039],[4,-3,87088],[2,-5,7470],[0,-6,7470],[3,-17,0]],[[20397,17589,0],[-26,-51,22223],[-12,-27,22223],[-7,-9,123214],[-8,2,21816],[-6,-5,7391],[-3,-1,57306],[-4,-6,14210],[-12,-12,16008],[-3,-6,15689],[-8,-7,7987],[-3,-4,159578],[7,-21,6994],[3,-11,51756],[3,-4,12923],[13,-11,9781],[3,-3,159578],[-30,-16,8230],[-14,-8,8647],[-9,-5,8647],[-7,-4,238496],[-5,-6,15387],[-12,-12,8858],[-6,-4,15387],[-10,-11,13358],[-12,-10,79494],[-6,-9,6980],[-11,-13,15670],[-11,-12,7200],[-2,-4,7200],[-3,-1,19641],[-8,-12,8040],[-7,-8,28823],[-4,-1,28823],[-30,-42,0]],[[19945,17317,0],[2,4,9574],[9,7,22053],[9,12,13775],[17,19,36038],[6,8,10214],[8,13,63232],[5,4,9451],[12,14,19058],[15,14,8465],[5,3,33104],[11,12,13073],[11,13,234622],[5,9,15084],[14,23,8645],[11,16,36622],[7,14,14190],[15,24,14842],[3,7,14842],[7,11,8351],[7,11,7378],[2,3,99438],[14,18,12840],[3,6,36881],[-2,9,36881],[19,45,0]],[[20160,17636,0],[116,-15,0]],[[20510,17448,0],[-65,-30,315334],[1,-4,7885],[4,-8,7732],[1,-4,18482],[0,-11,11999],[2,-3,44879],[11,3,20627],[2,-1,9962],[-3,-5,24253],[-8,-5,14002],[-6,1,24253],[-1,-4,9781],[3,-3,14306],[0,-4,7527],[-3,-3,13910],[2,-6,142489],[-6,1,22635],[-3,-5,11694],[-4,1,11694],[-3,-3,8499],[-1,-4,48443],[4,-6,22332],[-1,-3,10111],[-6,-4,22332],[0,-3,7398],[3,-2,7398],[0,-3,69482],[-9,-2,28929],[-3,-4,10473],[-12,-10,21655],[0,-3,14752],[-6,-3,9921],[-5,1,142489],[-4,-9,8853],[-11,-20,18177],[-18,-39,92390],[-1,-3,7028],[-1,-13,22387],[-1,-18,7889],[-1,-7,14143],[1,-8,109217],[-12,-17,10810],[-9,-16,10810],[-3,-3,7199],[-5,-7,43841],[-7,-19,8360],[-2,-7,0]],[[20160,17636,0],[-67,23,67550],[-34,22,0]],[[20059,17681,0],[5,12,10046],[3,3,15510],[0,7,12109],[4,5,110622],[-1,7,17359],[-6,10,12885],[-2,7,31930],[0,16,37627],[-1,6,7283],[-3,8,20238],[-4,9,9545],[-3,1,47442],[-3,13,8347],[-3,13,21797],[2,8,8789],[-2,2,416300],[7,6,13741],[21,15,36809],[9,3,7133],[4,2,7133],[11,4,49519],[0,2,9521],[9,12,19197],[5,1,111204],[0,-8,9184],[1,-6,8244],[0,-4,8244],[1,-10,174272],[18,14,21563],[5,8,31709],[13,5,57318],[11,11,10068],[7,8,10068],[30,30,94011],[6,5,18385],[12,2,34812],[6,-9,26240],[0,11,7430],[1,5,26240],[10,5,7850],[14,9,0]],[[20305,18748,0],[0,-5,11939],[4,-9,13019],[6,-27,7355],[0,-4,20357],[4,-9,100623],[-4,-4,7784],[-11,-10,25510],[-7,-14,119590],[7,-6,19123],[3,-10,38868],[-7,-14,52538],[11,-13,21585],[2,-11,14902],[5,-6,377260],[13,-8,21397],[5,-8,14554],[11,-8,50414],[17,-6,19123],[1,-3,10873],[4,4,110634],[8,-9,26595],[9,-15,10649],[10,-17,23316],[14,-19,110634],[9,-7,12196],[6,-1,26757],[6,-9,19406],[14,-7,10949],[1,-3,38946],[3,8,30954],[5,-5,9371],[9,-7,38742],[2,-11,9977],[2,-4,38742],[9,-3,25751],[7,-8,9596],[7,-9,547079],[9,-1,9851],[11,-1,75387],[0,-3,10110],[2,-14,11522],[0,-13,11522],[1,-6,8574],[0,-7,161481],[-2,-5,21600],[-20,-9,34251],[-3,-9,24441],[-6,-3,13770],[-9,-8,59954],[-27,-10,161481],[-7,-17,25188],[-8,-9,70392],[11,-9,15619],[7,-9,70392],[-7,-11,11533],[-12,-13,11533],[-1,-3,39495],[6,-5,0]],[[20059,17681,0],[-29,18,30956],[-54,27,0]],[[22248,17687,0],[0,-12,37578],[3,-5,14907],[2,4,9081],[2,-4,9081],[3,1,14907],[5,-6,8836],[1,0,30671],[1,-9,125299],[-1,-2,8998],[-8,-3,13087],[1,3,20171],[-3,4,8752],[-3,-1,8752],[-6,4,32009],[-5,0,12750],[-3,-4,20251],[-7,-1,10742],[-2,3,8875],[-4,-1,83190],[0,-4,11956],[-5,-6,11956],[-1,-6,38434],[-18,-9,0]],[[22200,17633,0],[-5,16,10360],[-3,6,28856],[-8,6,0]],[[22184,17661,0],[11,2,18607],[13,7,37526],[14,11,10239],[7,5,50903],[19,1,0]],[[21229,17620,0],[13,-5,10746],[8,-1,10746],[7,-3,29892],[16,-2,14352],[6,1,29892],[5,-1,7218],[17,-5,7218],[12,-3,22830],[22,-4,245472],[12,3,57469],[6,6,9628],[9,6,9628],[12,10,7944],[19,15,25765],[13,10,8710],[12,11,7518],[10,8,0]],[[21428,17666,0],[2,1,8009],[3,9,0]],[[21433,17676,0],[12,-11,14988],[15,-11,7101],[4,-2,85023],[7,-9,24350],[5,-9,9109],[1,-6,10515],[6,-11,24350],[3,-5,14023],[7,-12,10994],[7,-11,195909],[5,-14,14836],[3,-12,48963],[-2,-7,14324],[1,-14,14846],[-2,-7,12595],[0,-12,76725],[-13,-14,448270],[3,-2,12213],[24,-12,14156],[2,-2,53952],[28,-8,9723],[8,-2,15734],[18,-5,92250],[13,-8,16047],[28,-19,10085],[12,-7,10085],[3,-3,135317],[7,2,7751],[7,2,21580],[14,-1,14891],[8,2,39850],[16,-4,135317],[21,-27,17960],[8,-12,8082],[11,-15,0]],[[21723,17388,0],[-2,-5,10741],[-4,-1,66092],[1,-7,17047],[-2,-5,7213],[-1,-6,21865],[1,-3,7226],[0,-7,15616],[-1,-5,7606],[1,-4,7606],[0,-10,31116],[-3,-14,13910],[-1,-14,47104],[12,-18,47104],[-3,-5,7747],[-1,-6,19662],[-7,-2,78308],[-1,-3,10437],[0,-11,17503],[-3,-9,7781],[-2,-7,26940],[1,-12,44804],[-4,-2,12084],[-4,-9,136187],[1,-6,10023],[-2,-3,16869],[1,-4,7864],[1,-10,11015],[-1,-7,11015],[2,-4,24214],[-2,-6,9702],[0,-10,24214],[1,-3,8019],[4,-3,27006],[-1,-5,8090],[0,-10,11817],[2,-4,9406],[-1,-8,584151],[-11,2,7307],[-17,0,44970],[-2,-6,12704],[-6,0,11653],[0,-4,26297],[-7,-3,10662],[-2,1,7383],[-4,-1,44970],[-3,8,26382],[-4,-3,8698],[-2,-4,19471],[-6,4,137276],[0,-8,11036],[-4,-8,24052],[2,-8,9008],[-2,0,9008],[1,-15,66762],[-3,-3,15537],[-3,0,8229],[-3,-3,8229],[-10,-3,266799],[-5,5,15960],[-12,4,15960],[-15,10,53712],[-10,4,8388],[-9,5,8388],[-15,6,22698],[-19,4,22270],[-4,4,11571],[-12,4,93213],[-18,4,25839],[-10,-4,0]],[[21490,17132,0],[-11,-6,14871],[-11,-3,10036],[-9,-3,54190],[-8,8,9042],[-3,3,54190],[-6,-3,12205],[-13,-10,7554],[-4,-4,341291],[-3,7,7779],[-4,6,14463],[0,4,7844],[-3,5,7908],[-1,6,19655],[-9,15,22174],[-1,11,22174],[-4,0,15917],[-5,10,64578],[4,3,11504],[0,4,7870],[2,2,64578],[-4,7,15523],[-3,14,18076],[-5,6,18076],[2,7,33528],[-4,8,13575],[-6,7,33528],[0,8,11438],[-3,6,11438],[0,5,57845],[-4,7,11572],[-8,6,208269],[-4,-22,19661],[-2,2,6993],[-2,-4,28882],[-1,-20,138024],[-4,-1,20895],[-4,8,7812],[-2,8,20895],[-8,9,18964],[-5,11,8199],[-2,6,34618],[-8,8,10402],[-8,10,25171],[-11,18,208269],[6,1,9361],[31,7,118692],[1,5,30300],[-8,9,11246],[-6,5,13240],[-7,10,65309],[2,9,13494],[-1,9,15147],[4,3,12356],[-1,5,123347],[4,4,7075],[8,7,16912],[7,3,44740],[22,0,341291],[0,12,8613],[-1,18,78619],[-3,2,9273],[-9,1,22178],[-3,7,28982],[-8,4,15324],[-10,0,79363],[-1,9,9364],[-2,16,21998],[-5,0,21370],[0,15,137330],[-6,1,21430],[-21,-7,13399],[-4,-2,210624],[-5,12,25179],[-1,10,11551],[-6,21,11339],[-1,10,36234],[-13,35,10540],[-1,6,108954],[-11,-1,54823],[-5,16,10616],[-1,9,8020],[-1,2,8020],[-3,15,54823],[-6,8,14630],[-10,10,25413],[-3,10,0]],[[21458,18498,0],[2,0,8789],[4,-8,9370],[4,-3,29014],[21,-11,123316],[26,7,12359],[9,1,12359],[3,3,71442],[12,-1,13717],[6,-4,37934],[11,0,14454],[4,2,8757],[8,1,22267],[15,-1,305227],[4,-5,10297],[4,0,18217],[3,-7,10471],[5,-5,63024],[8,-2,10767],[11,-5,20246],[9,-2,8604],[9,-2,25081],[19,-8,68331],[9,-8,19433],[12,-6,10539],[11,-7,22355],[13,-12,187065],[6,-8,8437],[5,-7,17051],[6,-14,10931],[3,-4,37658],[4,-11,9332],[3,-8,9332],[1,-5,18916],[6,-9,0]],[[21734,18349,0],[-8,-7,7073],[-5,-2,7073],[-3,-4,126659],[0,-9,7352],[1,-22,8381],[0,-13,8381],[1,-13,12786],[0,-29,65912],[-3,-21,22481],[-1,-17,11827],[1,-10,22481],[-3,-33,187599],[2,-22,25316],[6,-28,8770],[4,-19,40616],[0,-23,40616],[3,-17,7714],[0,-7,7714],[2,-7,14074],[0,-10,9658],[2,-3,9658],[2,-13,8598],[2,-7,154410],[7,-1,26159],[3,-10,8984],[0,-5,36124],[-3,-3,15997],[-10,3,36124],[-2,-4,13988],[1,-13,22314],[6,1,22314],[-3,-14,64429],[-5,-5,11069],[-7,-2,10844],[-2,-3,340513],[-2,-11,8886],[1,-6,8886],[-1,-3,25626],[2,-3,7663],[0,-3,9772],[2,-2,30333],[4,-16,9617],[2,-5,16260],[2,-15,8064],[2,-12,33207],[1,-8,7233],[2,-16,11125],[2,-4,11125],[-1,-7,39081],[2,-9,11691],[5,-11,39081],[2,-27,10211],[1,-12,72082],[3,-9,14623],[5,-24,10745],[2,-4,7086],[1,-6,9830],[-1,-3,9182],[3,-6,0]],[[21761,17735,0],[-1,-15,15623],[1,-9,9816],[0,-6,29456],[-5,10,87586],[-32,7,26550],[-26,1,147110],[-5,2,8300],[-8,4,16594],[-9,6,7838],[-7,5,29017],[-18,3,29017],[-6,4,8034],[-7,7,69199],[-19,4,17005],[-10,1,7159],[-7,0,334204],[-19,-6,14946],[-13,-2,44316],[-22,2,25071],[-19,-3,78707],[-9,-3,12443],[-12,-6,14391],[-15,-5,12139],[-6,-4,27368],[-14,-2,192159],[-7,-14,18813],[-15,-19,28802],[-4,-3,10420],[-12,-12,20848],[-2,-6,0]],[[21428,17666,0],[-6,12,11698],[-5,7,30475],[1,13,44057],[-6,26,18497],[-4,29,13303],[-2,12,129077],[-1,17,14546],[-4,10,14546],[1,6,17003],[-1,7,7357],[1,7,9372],[-2,14,17003],[1,8,9807],[-2,3,9807],[-2,21,11098],[-1,15,17322],[-1,11,7817],[-1,10,7817],[-1,18,17322],[-3,24,47236],[0,12,7195],[0,4,267501],[5,-1,14422],[12,5,38510],[2,5,19209],[-2,2,7138],[-6,4,19209],[-1,4,9092],[1,4,38510],[4,0,9631],[6,-3,23897],[3,-7,7525],[3,-4,61162],[3,0,12018],[-4,8,12018],[2,7,15645],[-1,6,8108],[-1,11,8108],[0,3,50918],[-11,-9,22497],[-2,0,9348],[2,-8,85102],[-12,-1,8990],[-8,-2,11161],[-8,0,28203],[-9,2,10916],[-10,1,27875],[-24,-3,62651],[7,9,37467],[9,1,10927],[5,-2,14767],[12,2,110120],[0,3,7263],[3,1,19573],[-2,17,40179],[-11,9,63260],[1,6,8320],[0,8,8320],[1,12,7291],[0,10,15217],[2,10,30538],[-3,8,12808],[1,6,137079],[-25,5,0]],[[21334,18081,0],[-9,1,7944],[-3,1,22383],[-1,4,9772],[-5,3,26324],[-8,1,10458],[-16,3,26324],[-2,5,84941],[11,1,13092],[10,3,26320],[11,8,119060],[4,7,10670],[7,20,21909],[4,7,7131],[2,4,7131],[8,18,78742],[0,25,31922],[4,17,8409],[2,8,215265],[-2,13,24934],[-6,11,10742],[-6,16,32730],[-6,4,32788],[-3,8,12544],[-9,23,18863],[-2,9,99458],[-9,9,7185],[-5,3,64045],[6,17,10273],[4,13,10273],[3,6,506763],[8,12,9417],[9,10,28865],[7,11,10623],[12,17,15433],[15,22,82617],[-3,11,13992],[1,6,7896],[-1,8,82617],[2,0,8689],[4,6,8689],[15,15,19558],[18,15,190204],[8,3,22463],[6,-1,11306],[16,1,47482],[10,3,17287],[4,4,9556],[9,6,0]],[[22286,17632,0],[0,7,44195],[20,6,7211],[20,5,0]],[[22326,17650,0],[3,1,0]],[[22329,17651,0],[0,-5,19315],[2,-8,9634],[7,-17,26884],[-1,-8,0]],[[22337,17613,0],[-4,-12,19029],[-9,-14,30250],[-8,-4,0]],[[22316,17583,0],[-9,-2,13947],[-5,3,46638],[-2,5,7648],[0,4,18276],[3,16,46638],[-1,5,11507],[-7,12,27048],[-9,6,0]],[[22331,18505,0],[11,-30,84014],[-6,-10,9696],[-4,-5,22704],[0,-8,12518],[-4,-5,46837],[4,-12,27302],[-6,-6,19706],[1,-7,8393],[-1,-4,206231],[-5,-5,8095],[-6,-7,21848],[-4,-3,9000],[-6,-1,23970],[-5,-9,21860],[-5,-3,7634],[-4,-1,13425],[-3,-4,97693],[4,-4,11925],[5,-1,10952],[2,-3,45605],[-2,-3,8482],[-6,-10,30015],[-5,1,9007],[-4,-1,26014],[2,-4,14096],[10,-8,115173],[-7,-9,12616],[-7,-5,27449],[2,-9,27449],[-8,-1,12551],[-6,2,76222],[-1,-2,8083],[1,-5,24323],[5,-4,13981],[3,-6,7872],[0,-4,13280],[4,-4,76222],[-4,0,7180],[-6,-2,24136],[-4,-10,44072],[0,-2,7231],[5,-5,10265],[4,-7,44072],[-8,-3,10088],[-5,-3,30179],[4,-9,33697],[-1,-3,7585],[-3,-5,7585],[-2,-6,25583],[1,-4,10457],[-2,-7,15842],[3,-3,33697],[-7,-6,12252],[-2,-6,56712],[0,-13,7656],[-1,-8,22210],[-4,-5,23998],[-1,-11,12214],[1,-6,8780],[-1,-8,56712],[-6,-4,9393],[-4,0,453857],[-2,-6,14143],[2,-5,9440],[0,-6,32571],[5,0,12814],[6,-5,35219],[2,-6,9879],[0,-5,12197],[2,-1,7252],[0,-4,7252],[3,-8,22460],[1,-13,80277],[18,-11,22584],[6,-4,8701],[8,-8,64992],[-13,-12,45456],[-3,4,7703],[-12,8,64992],[-5,-8,25222],[9,-5,23331],[-5,-7,8081],[1,-1,40973],[4,-21,9060],[6,-28,17471],[3,-10,61353],[-2,-6,8174],[0,-5,29690],[11,-12,29690],[2,-6,9117],[3,-13,166443],[-6,-10,18800],[-7,-4,11965],[-4,-5,0]],[[22270,17946,0],[-11,5,24047],[-11,8,11379],[-12,11,92179],[-3,6,7691],[-4,9,24372],[-5,5,11372],[-3,6,8615],[-4,4,20477],[-4,10,61060],[-14,11,8948],[-8,8,33421],[-11,16,9341],[-5,6,253832],[-5,3,14462],[-12,0,20985],[-8,-3,26986],[-22,0,15145],[-14,-2,8729],[-12,-1,48349],[-14,1,11906],[-10,3,0]],[[22078,18052,0],[-6,3,17188],[-6,5,9194],[-6,9,43218],[-2,6,14868],[-1,5,7618],[2,6,97562],[8,14,10329],[7,13,17653],[3,8,56008],[-1,6,10674],[-3,13,0]],[[22073,18140,0],[4,3,13842],[1,5,7774],[3,5,23780],[8,8,13323],[6,7,7317],[7,8,44188],[7,12,7556],[0,3,7556],[3,1,9194],[7,7,9194],[1,4,19413],[15,26,37907],[12,12,130661],[3,6,8965],[4,14,23148],[12,43,229345],[3,6,7115],[3,3,14237],[2,6,8989],[2,0,8989],[5,6,8296],[3,2,20668],[8,16,13279],[3,2,20668],[7,10,7375],[2,4,11288],[6,8,11288],[10,15,9419],[7,10,7503],[7,11,62963],[16,21,13737],[34,41,137901],[3,4,8565],[12,14,8565],[8,9,17596],[10,8,45131],[14,5,0]],[[21226,17267,0],[2,1,8169],[3,6,10060],[3,2,28958],[7,-2,19490],[6,1,9614],[0,2,7734],[6,3,44421],[-3,6,18793],[4,3,8199],[2,4,44421],[6,-2,17119],[6,2,7101],[4,2,19451],[7,-2,306989],[7,-29,9927],[1,-5,26936],[7,-16,121801],[12,-13,20777],[6,-4,7339],[6,-5,20777],[5,-5,8874],[15,-15,70138],[-6,-6,8003],[-3,-1,61449],[4,-4,8593],[5,-8,22883],[7,-18,22883],[3,-2,8634],[4,-6,15028],[3,-7,70138],[3,9,16949],[2,3,7057],[5,3,121801],[8,-20,15149],[3,-3,15149],[9,-17,10135],[2,-7,10135],[9,-15,7777],[2,-6,27531],[9,-15,306989],[11,-1,16694],[10,3,16788],[9,-2,10577],[2,1,125430],[7,-14,10685],[6,-13,16020],[6,-16,8257],[3,-4,37999],[4,-14,10246],[2,-12,10246],[-1,-6,9670],[2,4,143666],[9,4,25187],[8,1,11777],[14,-1,21663],[9,4,120728],[2,-11,7675],[2,-10,21725],[-1,-7,11426],[1,-8,8017],[0,-5,94821],[4,-1,7109],[5,-2,10265],[0,2,10265],[18,-1,33706],[0,-9,21261],[8,2,673893],[4,-6,17569],[-3,-8,17569],[4,-16,14442],[0,-9,85121],[-5,-7,9472],[-4,-3,23920],[1,-8,17299],[-5,-6,57631],[2,-4,7824],[1,-7,20991],[-2,-12,16892],[2,-4,10477],[-1,-7,42924],[-6,-11,11003],[-1,-5,86440],[4,-8,16361],[0,-11,16361],[4,-7,20225],[-3,-6,20225],[7,-9,86440],[-2,-2,8043],[1,-4,8043],[-1,-5,28681],[-5,-7,16877],[-7,-1,49896],[-5,-13,10693],[-1,-8,29760],[5,-7,208028],[3,0,8024],[9,2,11465],[7,-1,7173],[3,1,71565],[2,-9,21539],[5,-5,12211],[5,1,43667],[0,-5,9084],[-3,-18,0]],[[22101,17294,0],[12,5,21630],[11,-2,41413],[16,-9,48841],[21,-3,15797],[11,1,35342],[15,5,130277],[4,4,11343],[-3,2,11343],[2,10,27102],[-3,14,0]],[[22187,17321,0],[3,1,18983],[11,-2,7757],[5,-2,8622],[11,-3,12421],[5,-2,0]],[[22222,17313,0],[-4,-13,19564],[0,-14,9156],[-1,-2,73426],[7,-12,26105],[7,-8,11567],[11,-8,99658],[-27,-14,62076],[5,-9,9479],[6,-8,0]],[[22226,17225,0],[-30,6,81854],[-14,-7,7382],[-3,-2,26892],[-4,-9,63940],[-8,-1,15146],[-10,2,7654],[-3,1,32305],[-13,-7,18827],[-2,-1,6980],[-1,3,0]],[[22138,17210,0],[2,4,13318],[12,10,78660],[-9,0,12448],[-14,-3,43094],[-8,2,15894],[-4,4,7430],[-5,4,25371],[-9,-1,68710],[-5,-8,12862],[-7,-6,33174],[-12,1,0]],[[22079,17217,0],[6,16,33704],[10,54,43783],[6,7,0]],[[22121,16596,0],[61,36,72543],[68,53,298622],[62,-7,26810],[10,-3,61924],[5,17,10341],[3,10,45771],[6,-1,26112],[1,-18,61924],[8,0,9229],[4,-2,9229],[6,0,41339],[4,-3,10016],[17,-14,0]],[[22376,16664,0],[-3,-15,10604],[-1,-7,26180],[-4,-3,9664],[-3,-6,37406],[-3,-17,13414],[-1,-15,98895],[2,-18,10185],[0,-7,10185],[1,-11,14421],[1,-12,27328],[2,-10,8147],[0,-2,7548],[2,-7,14109],[0,-5,189843],[6,-16,11111],[5,-11,20924],[2,2,8156],[3,-2,12587],[-3,-5,12587],[1,-8,62498],[3,-4,7679],[3,-2,17887],[9,-1,28354],[9,-14,355871],[23,7,10239],[6,2,48534],[2,-8,12214],[3,-2,76726],[5,2,10922],[26,10,7232],[5,2,16973],[27,9,0]],[[22504,16490,0],[1,0,18705],[-19,-40,14340],[0,-4,24249],[-12,-5,22990],[5,-5,135107],[-2,-23,32008],[4,-30,66437],[5,-10,17234],[7,-2,35862],[-1,-6,12108],[2,-10,7017],[0,-3,232773],[-10,-12,14357],[-4,-2,9797],[-4,-5,57360],[1,-3,7881],[4,-6,13276],[1,-9,34364],[-7,-11,98574],[-48,-44,0]],[[22020,17012,0],[7,41,123543],[8,-1,10313],[11,-3,30727],[19,4,42064],[1,-5,22841],[6,3,7938],[0,-2,7938],[7,0,18717],[5,-3,123543],[6,12,17412],[5,1,40663],[4,13,14508],[-1,6,11678],[2,11,0]],[[22100,17089,0],[11,-2,20048],[-1,-6,29141],[19,0,56484],[1,-12,40180],[3,-2,8204],[3,0,14667],[4,-6,21711],[13,-5,0]],[[22153,17056,0],[-6,-5,8232],[-6,-3,8232],[-2,-3,23365],[-4,0,8303],[-7,-2,63831],[0,-2,7496],[-5,-4,7496],[-5,-7,22311],[3,-4,39811],[-10,-10,19654],[-2,1,8875],[-5,-4,29716],[0,-3,7677],[-4,-2,7677],[-6,-10,132290],[12,-22,39908],[8,-9,18247],[11,-7,132290],[-4,-6,16999],[-8,-3,16999],[-11,-9,43524],[-15,-7,7054],[-5,-1,19175],[-3,4,13810],[-3,-1,8909],[-1,-3,0]],[[22075,16934,0],[-10,11,26530],[-5,3,9748],[-7,2,9748],[-7,5,75235],[-12,-3,19564],[-4,-6,38121],[-19,4,164047],[5,10,21219],[0,12,40670],[-2,2,11984],[-9,1,61483],[6,5,15356],[7,14,23011],[6,2,49733],[-1,7,11150],[1,9,18706],[-4,0,0]],[[21884,17010,0],[60,-3,18119],[36,0,65348],[10,-3,30089],[2,5,14014],[6,1,15048],[2,6,40918],[20,-4,0]],[[22075,16934,0],[-2,-18,55483],[-13,-11,16507],[2,-1,16507],[-10,-13,34218],[-7,6,25575],[-4,-11,210843],[-7,0,9633],[-5,2,23010],[-4,7,65601],[-2,-8,13652],[-2,-16,47652],[-15,-6,65601],[-191,-94,0]],[[21815,16771,0],[69,239,0]],[[22226,17225,0],[8,-10,13634],[15,-15,68925],[-2,-11,12315],[-2,-16,68925],[17,-22,23442],[11,-20,0]],[[22273,17131,0],[3,-5,7110],[10,-19,37692],[8,6,33157],[9,-15,37692],[-6,-10,0]],[[22297,17088,0],[-6,-6,13916],[-14,-10,0]],[[22277,17072,0],[-4,3,10425],[-10,4,50180],[-16,-19,105961],[-5,-19,18903],[-8,-43,0]],[[22234,16998,0],[-39,27,74342],[-6,10,7023],[-2,3,7023],[-1,4,26782],[-10,7,30292],[-6,15,74342],[-6,1,19528],[-5,-6,13097],[-6,-3,0]],[[22100,17089,0],[1,12,15649],[-3,5,58562],[22,3,35265],[6,8,8693],[3,2,121961],[-5,10,17443],[-6,3,38064],[-1,9,9979],[2,3,27672],[9,-3,38931],[-2,3,7766],[2,1,11150],[-5,16,16482],[0,9,33247],[-3,1,9444],[0,4,9444],[-4,5,104334],[15,24,20914],[7,6,0]],[[22616,16969,0],[-16,-22,14327],[-16,-19,63476],[-9,-17,15408],[-41,-68,90144],[-29,14,90144],[2,-2,8892],[3,-16,16343],[3,-19,16138],[4,-13,251311],[-10,6,31076],[-11,1,14822],[-10,0,8360],[-6,-1,115537],[-2,-7,24849],[-4,1,10725],[-4,-5,12148],[-2,2,9583],[-6,-2,24849],[-5,-5,7546],[-7,-6,50602],[-19,-26,7036],[-1,-2,0]],[[22430,16763,0],[-8,28,35709],[6,3,39826],[-5,20,13024],[-5,15,87800],[2,4,18980],[-4,4,8677],[-3,0,7579],[-3,4,20355],[-2,5,8352],[2,5,18181],[-6,5,20355],[-16,31,0]],[[22388,16887,0],[16,3,19935],[23,8,78017],[23,17,30715],[21,21,220516],[28,40,47627],[10,26,114804],[-3,48,0]],[[22506,17050,0],[36,93,0]],[[22542,17143,0],[13,25,0]],[[22555,17168,0],[46,-23,65862],[7,3,8412],[0,2,18328],[11,0,133036],[3,-19,30921],[5,-12,11706],[5,-15,270269],[2,-4,11127],[-3,-1,11127],[-3,-12,23699],[-8,-3,12672],[-3,-5,23699],[5,-4,47160],[-3,-7,12737],[-5,-6,23477],[-4,5,19580],[-5,-9,83967],[3,-3,7345],[26,-25,68588],[-7,-19,83967],[-35,25,83967],[-3,-8,12725],[1,-4,7818],[-1,-10,26740],[-7,-10,14335],[0,-5,179918],[24,-19,19691],[10,-11,0]],[[22234,16998,0],[-45,-164,0]],[[22189,16834,0],[-36,-80,138325],[-32,-158,0]],[[22888,16398,0],[-3,3,13733],[-6,15,8699],[-5,10,39145],[-1,8,8395],[-3,12,16395],[2,4,16395],[-6,11,55106],[-9,5,11076],[-2,4,229900],[17,35,102991],[35,23,14547],[29,17,229900],[-3,5,15517],[3,10,15517],[-2,10,9584],[0,10,34718],[2,0,9274],[3,8,48636],[-5,25,19032],[-1,17,56134],[5,36,508116],[2,2,21669],[33,-1,57492],[34,16,103833],[53,-20,103833],[31,20,0]],[[22842,16307,0],[9,5,7907],[0,1,7907],[10,5,16898],[11,9,55749],[14,18,24334],[1,4,7755],[4,7,119253],[-9,37,41105],[6,5,0]],[[22706,16236,0],[1,7,7798],[3,4,38887],[9,5,18218],[2,2,7684],[14,11,9107],[5,4,62003],[3,14,13036],[-1,3,13036],[3,10,62003],[11,0,33614],[2,3,12885],[-1,8,7280],[1,5,33614],[3,-2,14812],[5,4,7791],[4,1,199512],[2,-3,7847],[3,-8,12657],[5,-5,17725],[0,-7,100627],[19,6,35541],[22,-4,54875],[21,13,0]],[[22706,16236,0],[-4,2,9147],[-6,5,11338],[-5,1,143862],[-2,11,13532],[-2,20,13532],[-7,44,9027],[-4,33,38537],[-2,21,9809],[-2,9,9809],[-3,25,8934],[-4,29,22042],[-4,33,10525],[-1,8,489838],[15,2,95916],[-1,9,13419],[-3,2,7800],[-2,4,31772],[-9,-3,13191],[-2,2,31772],[9,10,22695],[-4,4,42859],[-25,42,7154],[-9,17,7154],[-3,5,143182],[-33,-11,89703],[10,-21,8209],[5,-13,212357],[-20,-6,18602],[-5,0,8062],[-18,-4,31805],[-14,-5,8673],[-42,-13,17377],[-9,-2,69827],[4,-6,0]],[[22376,16664,0],[6,17,22763],[9,18,16368],[3,9,7428],[3,7,66407],[4,3,8013],[3,0,7011],[2,2,43043],[19,35,12041],[1,0,7709],[4,8,0]],[[22616,16969,0],[7,-1,8921],[84,-9,62658],[6,-1,11233],[79,-13,8049],[30,-5,391835],[2,-7,22631],[-6,-17,49359],[12,-20,49359],[1,-7,10443],[5,-66,520757],[8,4,12867],[11,4,7254],[8,2,23184],[15,3,62303],[14,-6,16128],[2,-4,114448],[32,11,12201],[21,7,56354],[65,18,34642],[40,8,708318],[0,-12,19321],[0,-25,10231],[0,-38,8035],[0,-9,145377],[4,-11,9570],[11,-29,10080],[24,-63,0]],[[22245,17729,0],[-3,14,12556],[0,6,0]],[[22242,17749,0],[9,-6,24286],[1,2,8410],[5,0,7798],[0,1,19729],[7,-4,7984],[4,0,82611],[-1,-8,9360],[2,-5,7671],[0,-8,14496],[-2,-4,14496],[4,-3,9485],[-3,-2,9485],[3,-9,39581],[7,-6,0]],[[22278,17697,0],[-4,-2,0]],[[22274,17695,0],[-17,8,46761],[-12,26,0]],[[21283,19389,0],[23,13,81844],[31,6,13127],[11,3,9945],[9,1,49325],[28,1,19407],[11,1,7802],[3,0,7802],[11,1,81844],[42,16,21017],[10,2,65034],[19,-2,9057],[6,-1,20050],[16,1,57679],[2,1,6979],[10,7,23273],[16,4,212271],[12,-9,31096],[2,2,8143],[10,2,31096],[15,-2,17072],[42,-4,0]],[[21612,19432,0],[-19,-90,108136],[6,-66,265002],[28,-54,60141],[25,-67,7670],[2,-5,139220],[2,-26,28247],[-1,-33,986744],[10,5,12581],[10,7,13164],[10,5,40293],[23,14,11546],[4,3,11546],[14,10,7816],[23,14,17691],[11,8,118957],[11,5,10833],[19,8,31448],[12,2,22483],[29,11,12045],[10,3,118957],[34,20,16312],[20,13,18098],[19,10,11799],[12,8,72009],[28,12,30067],[18,10,8993],[13,6,12435],[11,7,11348],[12,6,48495],[10,6,17726],[31,18,9711],[10,7,9682],[10,5,30252],[6,2,0]],[[22088,19196,0],[-4,7,24260],[2,4,12179],[-1,9,16205],[3,9,16205],[-2,4,24260],[-2,15,13852],[-1,16,41749],[-2,14,10928],[-2,14,13316],[-3,15,13316],[-1,13,0]],[[22088,19196,0],[-2,-1,9129],[2,-5,12124],[-3,-4,15375],[1,-5,7555],[-3,-1,7555],[3,-3,7555],[0,-4,24660],[-3,-7,7927],[1,-4,7450],[-3,-3,32060],[2,-8,12676],[3,3,19710],[-1,-12,32060],[-5,-1,7432],[-4,-3,127035],[1,-8,9154],[2,-5,17694],[3,3,8716],[1,5,17694],[0,-14,17694],[4,-9,55469],[0,-17,21265],[2,-1,8856],[2,-10,21265],[4,1,11080],[2,-5,15494],[-1,-3,7276],[-4,-1,15494],[0,-6,8620],[2,-4,15350],[-3,-4,15350],[2,-6,9327],[2,1,15350],[1,-7,8918],[3,-5,8918],[0,-4,122094],[-4,-3,17092],[0,-7,7631],[-2,-2,7357],[0,-4,26214],[-7,-1,26214],[-2,-10,13716],[2,-5,48146],[-4,-1,8711],[-2,2,10890],[-7,-1,42685],[-1,-3,13340],[7,-5,13340],[1,-3,11040],[8,-11,321876],[-2,-2,14018],[3,-8,27234],[-3,-1,11180],[-4,5,11180],[-4,0,27234],[-8,-9,49023],[-3,2,14403],[-15,-5,19544],[-3,1,7082],[-5,-2,8805],[-3,2,172106],[-3,6,21026],[2,9,12595],[-2,6,12595],[5,0,61908],[-5,9,11640],[-4,1,23858],[-2,11,8044],[-2,5,41001],[-6,5,10408],[-8,4,61908],[-1,8,13146],[-4,5,23098],[0,18,321876],[-8,-6,8750],[-5,-5,20693],[-7,-6,8045],[-10,-6,8090],[-11,-8,30361],[-12,-5,46190],[-27,-22,7941],[-2,-1,7586],[-8,-8,17936],[-20,-15,108955],[-30,-33,7046],[-2,-3,7046],[-10,-11,27663],[-4,0,8114],[-4,-3,16854],[-4,-7,82813],[-7,-4,8838],[-4,-4,8838],[-11,-5,7126],[-2,-2,20939],[-17,-7,51678],[-5,-3,8934],[-8,-8,22135],[-1,-7,257620],[14,-7,11345],[7,-5,26957],[6,-6,7747],[3,-5,0]],[[21822,18853,0],[-3,-2,13953],[-11,3,13953],[-13,-1,55192],[-3,-2,9130],[-6,-8,10484],[-5,-5,20762],[-5,0,7742],[-2,-3,115685],[-7,6,16073],[-6,-2,13482],[-5,4,47752],[-2,9,13395],[-6,11,8931],[-1,4,62121],[-12,1,14033],[-10,3,115685],[-7,-17,36277],[-9,0,23218],[-3,-6,10888],[-4,-3,388344],[-12,4,31755],[-62,9,112463],[-6,12,33434],[8,14,179982],[-15,3,31322],[-7,3,7973],[-11,4,17927],[-9,6,13295],[-11,4,56107],[-10,-1,17624],[-16,2,96040],[-13,5,19109],[-9,7,14132],[-14,7,29526],[-4,0,14599],[-8,5,12281],[-7,1,28555],[-5,5,16043],[-17,8,96296],[-34,12,15803],[-24,10,32157],[-13,4,7710],[-37,13,11559],[-24,7,38592],[-17,7,12239],[-34,13,80248],[-21,2,0]],[[21270,19011,0],[1,61,11839],[2,42,34420],[-2,14,133074],[-11,47,8577],[-6,26,8011],[-5,23,262769],[0,21,25523],[2,17,12836],[4,13,64160],[4,3,11313],[8,12,22344],[3,10,78305],[4,24,11954],[2,20,17764],[4,22,7791],[3,16,7791],[0,7,0]],[[22542,17143,0],[-37,-1,77457],[-40,25,177786],[-8,26,41365],[-11,9,6996],[-4,4,58997],[2,7,17667],[-4,10,16964],[2,5,28948],[-2,2,8171],[-1,5,10437],[-4,6,274673],[-15,-2,10123],[-15,-4,22569],[-6,-3,106171],[-2,-22,32417],[-9,-9,32417],[-2,-6,12070],[-3,-17,0]],[[22383,17178,0],[-12,7,26552],[-6,-5,31917],[-21,13,31917],[-5,-5,142145],[11,-25,39411],[-7,-5,57018],[-19,22,57018],[-2,-12,11378],[-5,-17,55590],[-14,9,55590],[-30,-29,0]],[[22222,17313,0],[13,-8,15358],[11,-4,37952],[5,-7,16367],[6,-6,8726],[6,-4,28635],[13,-6,293877],[4,1,16724],[4,11,9728],[3,5,17966],[5,3,76440],[37,-1,10790],[7,1,130366],[1,3,18055],[10,18,11977],[11,17,53144],[20,2,36382],[-1,10,98420],[7,-2,8603],[31,-9,95861],[3,20,26633],[6,11,7469],[1,3,235064],[15,-6,39423],[2,5,17357],[3,1,8939],[4,-3,17815],[4,7,55771],[10,-3,9267],[12,-6,25265],[2,4,20667],[14,-4,15143],[2,-2,62315],[11,3,10301],[6,0,14891],[5,3,0]],[[22515,17370,0],[7,0,14835],[3,-5,46961],[-3,-21,18941],[-5,1,17500],[1,-9,34856],[5,-4,46961],[32,-164,0]],[[21815,16771,0],[-119,102,95993],[-18,11,11191],[-3,3,49277],[-2,11,11369],[1,4,11369],[-3,5,170996],[-9,-1,26621],[-6,4,8160],[-6,7,26621],[-6,1,8455],[-7,4,8455],[-11,2,56528],[-8,11,19815],[-14,10,29784],[-9,2,376196],[-6,21,7753],[-1,4,13753],[-5,13,74379],[-7,7,7463],[-7,6,26634],[-7,14,10567],[-3,4,35663],[-7,2,9652],[-4,4,75433],[-7,9,18125],[-3,11,25855],[-14,19,50634],[-10,30,45652],[-24,41,0]],[[21723,17388,0],[7,-9,16060],[14,-22,40596],[18,-35,13354],[13,-24,173165],[-5,-8,17155],[-1,-12,59736],[4,-20,32028],[-1,-10,10876],[1,-8,10876],[-1,-21,32028],[4,-14,399826],[2,-2,7068],[21,-11,67313],[11,9,13634],[3,5,12259],[2,-4,32387],[-3,-4,11579],[-2,-9,32387],[14,-5,13495],[6,-4,26520],[10,-1,8024],[3,1,7948],[4,-1,26520],[79,-24,0]],[[21926,17155,0],[-42,-145,0]],[[20752,19797,0],[0,-1,0]],[[20752,19797,0],[14,-4,14248],[24,-3,33895],[35,-1,251943],[50,59,121405],[51,34,7885],[42,29,444897],[-13,21,83175],[-6,6,10445],[-4,5,17813],[-9,5,34658],[-4,-1,7774],[-3,-3,38920],[-6,0,11150],[-9,3,11150],[-21,4,165629],[-2,6,16690],[-1,12,9935],[1,3,40224],[3,0,6976],[3,3,23061],[2,6,10794],[2,11,69046],[-4,2,16824],[-3,12,18661],[-7,6,0]],[[20887,20012,0],[56,35,8386],[48,29,14635],[30,19,11121],[15,9,337188],[18,4,35180],[25,1,17056],[17,3,17056],[15,-1,47463],[6,-3,9717],[8,-1,47463],[10,1,13578],[8,4,13578],[20,4,9273],[4,2,47463],[26,5,21964],[6,0,7530],[11,1,7530],[19,2,99835],[23,-3,11013],[10,-1,475880],[0,4,9192],[4,4,19014],[-2,3,10775],[0,10,23941],[2,13,7864],[3,6,7864],[0,4,17932],[4,11,75979],[3,2,10528],[6,8,16227],[9,8,8756],[2,0,286466],[6,-3,7715],[4,0,20664],[3,-6,13835],[4,-1,10356],[3,-4,34206],[4,6,19100],[4,0,11904],[3,-5,69272],[-2,-7,21044],[6,-19,112953],[12,-10,23641],[6,-3,11153],[7,0,54642],[12,6,38468],[8,-1,12464],[5,-3,12464],[13,-3,152428],[-2,13,13444],[-4,15,26024],[-3,5,9194],[-5,4,19749],[-1,9,152484],[3,9,13864],[4,0,8677],[0,2,28147],[4,-3,7819],[2,-5,28147],[6,0,13400],[16,5,22290],[17,1,9869],[15,2,82234],[5,2,9997],[8,6,9997],[25,15,286466],[-4,26,109303],[5,8,19983],[7,5,9970],[9,8,39985],[3,4,9421],[12,16,16874],[11,10,22449],[12,17,201659],[13,7,53652],[55,-6,0]],[[21604,20317,0],[-30,-205,229085],[0,-67,32649],[-4,-124,110079],[-16,-97,110079],[10,-62,0]],[[21564,19762,0],[59,-91,79456],[26,-57,365053],[-7,-64,82514],[-30,-118,0]],[[21283,19389,0],[-4,-1,9354],[-38,-4,20131],[-35,-3,7271],[-19,-2,27986],[-20,-3,14238],[-47,-6,0]],[[21120,19370,0],[-12,48,7091],[-12,49,12513],[-14,52,448154],[-3,-1,8744],[-5,-7,28006],[-7,0,14693],[-2,5,55973],[-5,-3,7914],[-3,-4,12531],[-6,-3,7038],[-8,-6,17695],[-1,-2,13310],[-14,-12,17695],[-1,-2,7623],[-6,-2,173400],[-3,3,11466],[-8,-1,11466],[-6,1,7513],[-3,2,44234],[-12,-3,8115],[-1,-1,7474],[-8,-2,8444],[-2,3,8444],[-2,-3,8444],[-8,-2,44234],[-7,2,15691],[-4,-5,15691],[-5,3,15691],[-4,0,7068],[-3,2,9448],[-4,-1,9448],[-5,2,57286],[-8,-4,15184],[-4,2,21355],[-8,-3,12651],[-7,-5,47188],[-7,2,13546],[-2,4,29951],[-8,-1,14361],[-5,-5,22059],[-6,3,465975],[-4,10,7851],[0,5,7851],[-2,0,12031],[-4,13,27367],[-1,11,9656],[-3,9,9656],[1,2,44163],[-4,13,7847],[-3,7,21820],[-6,12,7104],[-2,5,7104],[-2,2,32302],[0,6,13568],[-5,14,8205],[-2,6,103689],[-4,7,11051],[-3,9,16940],[-6,8,9055],[-2,1,16940],[-5,12,31716],[2,4,15358],[-3,10,31716],[-8,10,17728],[-4,-2,0]],[[22646,17588,0],[-8,4,17549],[-37,8,122913],[-16,-5,14581],[-9,-2,7774],[-13,-3,18268],[-6,-3,20238],[-35,-10,10089],[-3,-1,10089],[-17,-4,122913],[0,3,9713],[-9,13,7314],[-2,5,0]],[[22491,17593,0],[8,4,21646],[-1,6,16430],[5,4,43085],[-4,7,13735],[-5,-1,13735],[-1,2,8586],[1,5,35633],[5,6,8961],[4,4,73381],[0,3,11544],[-6,1,12175],[-3,4,7040],[-4,4,29623],[-1,12,117765],[4,7,16614],[2,12,19957],[8,14,49703],[12,2,62683],[1,5,7236],[2,2,18398],[-2,13,37928],[9,12,17720],[5,11,105629],[-18,1,51943],[1,10,20770],[7,3,23372],[0,11,0]],[[22520,17757,0],[4,0,16195],[2,-11,12461],[2,0,33231],[3,18,33231],[7,0,13343],[3,4,16832],[7,2,7006],[5,0,14233],[8,5,9892],[4,1,73827],[2,-8,34297],[14,0,12396],[3,-1,8040],[7,0,122800],[8,4,10685],[0,3,10685],[7,3,17708],[2,5,17708],[6,3,8014],[4,3,14117],[6,8,13704],[5,3,36323],[-1,6,11157],[3,1,0]],[[22631,17806,0],[1,-8,37812],[8,-1,13882],[4,-2,8504],[2,3,8504],[0,-5,16521],[9,-2,7286],[5,0,37812],[5,-5,8337],[0,-2,8319],[4,-4,106711],[5,0,7848],[9,1,20786],[7,-3,12454],[8,0,29491],[7,3,10649],[3,-1,7345],[5,2,51955],[6,-3,18544],[12,-2,9849],[12,-3,8603],[5,-1,121839],[2,-3,9366],[24,-24,274068],[19,4,29140],[29,-2,29140],[46,3,13690],[12,-1,107965],[35,19,274068],[21,-2,14448],[17,0,67457],[9,-20,67457],[17,-8,30560],[26,-3,100223],[3,-26,29136],[5,6,216608],[45,0,15685],[5,1,19633],[39,0,7591],[19,0,54296],[0,-5,33344],[33,1,0]],[[23154,17713,0],[0,-8,13741],[4,-17,113941],[-17,-20,7628],[-32,-38,13243],[-18,-22,207607],[-1,-27,11189],[1,-8,11189],[-1,-4,11189],[-1,-32,26478],[-3,-29,26478],[2,-10,644208],[-41,-4,27489],[-16,2,27819],[-24,-2,12311],[-6,0,7073],[-12,-2,7073],[-29,-2,238123],[-10,-21,27842],[-5,-9,9387],[-23,-41,276200],[-95,0,48897],[-2,1,7049],[-19,-2,12240],[-26,-2,17891],[-18,-1,809878],[-31,47,33052],[-2,11,33052],[-14,11,26760],[-6,13,201812],[-1,12,8727],[-2,13,26072],[-3,7,9779],[-3,9,46236],[8,0,46236],[1,16,9208],[1,15,14587],[-1,18,8602],[1,15,115573],[-3,7,17989],[-11,25,10580],[-6,10,300177],[-4,2,9954],[-3,-3,12273],[-20,-1,80029],[15,-36,80720],[-9,3,12055],[-12,2,58356],[-4,-18,25407],[-7,-5,0]],[[22329,17651,0],[5,17,0]],[[22334,17668,0],[4,-1,10881],[3,4,20657],[12,-5,61318],[5,3,17720],[-4,8,17720],[1,8,10848],[2,-1,24594],[1,5,8040],[-2,1,8040],[-2,6,0]],[[22354,17696,0],[3,6,13420],[-1,8,36043],[-3,2,9214],[-11,4,83829],[-3,6,11953],[3,3,26580],[9,-2,8717],[4,1,26580],[11,5,17451],[4,6,55671],[-1,9,7381],[0,5,17032],[3,5,0]],[[22372,17754,0],[3,0,7310],[7,0,26045],[5,-4,12071],[4,-7,51522],[0,-7,10575],[-2,-8,7272],[0,-7,45248],[4,-5,17003],[10,-2,0]],[[22403,17714,0],[-1,-3,16336],[-9,-6,10589],[-7,-3,50082],[5,-6,24663],[11,-1,9143],[6,-2,48070],[0,-16,50082],[-8,2,18406],[0,6,8192],[-2,1,25362],[-4,-3,10040],[-4,0,32101],[-9,9,12533],[-2,6,12533],[-4,-1,82043],[1,-8,14185],[-3,-4,22637],[5,-7,56639],[-1,-3,9664],[-7,0,15854],[-1,-3,11486],[-8,-5,39783],[4,-4,14020],[-2,-8,20994],[-5,-5,190132],[6,0,13346],[6,-5,23456],[16,-3,14284],[2,2,10860],[6,-2,86210],[0,-6,7022],[-3,-2,7022],[2,-1,7022],[0,-4,38179],[10,-2,18434],[8,-7,42721],[-9,0,14432],[-8,-5,42721],[2,-2,12158],[4,2,8012],[4,-1,21544],[0,-7,20611],[10,-3,0]],[[22414,17604,0],[2,-15,70855],[-16,-1,23691],[0,1,8309],[-6,3,46328],[-17,-4,20465],[-1,-6,10690],[-3,-2,19239],[-6,2,117204],[-5,10,9676],[0,4,41331],[-6,4,12186],[-9,1,28601],[-4,5,12717],[1,4,17705],[-7,3,0]],[[21334,18081,0],[0,-6,10197],[-5,-13,60458],[-8,-1,13036],[0,-3,23356],[-7,1,8121],[-8,-1,17096],[-4,-3,10476],[-6,0,208360],[-1,5,8091],[-1,8,9666],[-1,3,31738],[-9,-8,31848],[-5,16,76627],[-3,-1,7785],[-14,-1,43902],[-3,11,23084],[-4,4,10467],[-4,1,43902],[-10,-4,8422],[-6,-1,121872],[-10,6,16330],[-3,6,18371],[-4,4,9130],[-6,1,10496],[-2,3,61186],[-7,16,30364],[-4,6,9659],[-11,11,20768],[1,8,20768],[-6,6,10955],[-3,0,714805],[-5,-6,18592],[-6,-1,11244],[-4,-3,42487],[-2,-9,22612],[-2,-5,8132],[-5,-5,10637],[-7,-12,60282],[-3,-2,8397],[-3,2,21241],[-6,12,60282],[-1,-1,7606],[-6,-10,30179],[1,-7,20795],[-2,-7,8290],[-4,-11,90979],[7,0,8589],[8,-1,13401],[2,-2,163542],[-1,-15,7454],[-2,-11,10142],[0,-10,10142],[-2,-4,60871],[4,-8,23195],[-2,-4,11235],[1,-12,9054],[-1,-5,23195],[4,-11,26873],[1,-16,14218],[-1,-2,7844],[0,-11,189622],[-7,-11,8299],[-13,-18,71844],[0,-4,8749],[-2,-4,9436],[-4,-15,14414],[-2,-12,8053],[-3,-16,8018],[-1,-4,71844],[-5,-12,11449],[-7,-12,19658],[-7,-7,15677],[1,-6,15677],[-4,-9,7212],[-3,-7,39273],[-3,-13,10577],[-4,-2,10577],[0,-3,7381],[2,0,11953],[-2,-7,311598],[0,-12,9159],[1,-27,10538],[1,-9,10538],[0,-17,19768],[2,-15,19768],[-1,-18,24188],[3,-11,20229],[0,-15,8452],[-1,-7,0]],[[20727,17896,0],[17,16,12721],[12,13,12721],[12,11,22333],[9,11,8913],[9,8,36247],[9,4,36247],[13,15,11307],[3,4,9343],[12,15,36247],[8,6,8646],[8,8,25735],[9,12,14844],[6,4,14844],[7,8,7171],[6,7,11488],[6,5,318341],[9,15,20956],[7,9,7703],[2,3,11559],[8,8,24310],[7,14,63116],[5,15,9336],[2,5,12828],[4,15,9940],[2,6,49569],[7,-1,8714],[4,2,39496],[1,11,19003],[7,14,130867],[-5,7,28591],[-3,13,12315],[-3,23,130867],[12,17,39309],[13,14,18060],[21,17,14615],[3,4,877354],[-6,8,15020],[-1,9,25984],[-10,10,48723],[-10,31,32313],[-6,14,7459],[-5,11,15902],[-5,8,173634],[-5,22,32426],[-7,20,18986],[-4,14,11315],[-3,9,11315],[-3,12,9280],[-3,8,76934],[-2,17,15663],[-3,6,15663],[-2,15,13174],[-4,12,16780],[-2,13,8350],[-2,9,8350],[-1,9,33910],[-9,29,33910],[-1,9,9160],[-2,8,12214],[-4,28,66534],[-5,3,0]],[[20871,18588,0],[8,6,9778],[9,6,9778],[3,4,7701],[7,4,7701],[17,13,25884],[9,6,9248],[8,3,25884],[7,8,11805],[7,5,331584],[-1,12,7713],[0,7,14037],[-3,14,22296],[0,4,7055],[-1,14,14947],[-2,28,53818],[-4,13,32778],[2,8,12712],[-2,4,8994],[1,6,20959],[3,-1,7250],[2,4,12501],[0,5,144366],[-5,2,11135],[-5,5,11542],[-5,2,61356],[0,5,11790],[-3,2,7480],[0,2,26305],[7,3,11731],[2,4,29227],[-4,11,20285],[1,1,6988],[2,8,61356],[-3,4,10194],[-2,8,17045],[-5,3,17045],[-1,9,24511],[-6,7,12149],[0,5,11767],[-5,4,331584],[0,6,7894],[-2,5,9851],[0,8,16737],[3,8,12497],[-2,6,58171],[3,7,7881],[3,4,7881],[0,3,29730],[4,1,13859],[10,9,47541],[-2,6,9478],[-2,0,12488],[0,7,144504],[3,1,9836],[11,9,20383],[12,4,9046],[6,3,41159],[14,10,8029],[4,4,20923],[5,7,532526],[5,37,49314],[-1,14,17796],[-3,16,12347],[-1,15,77361],[1,7,15318],[8,22,30274],[1,8,7692],[2,7,12040],[-1,8,218178],[-8,27,16190],[-3,6,7355],[-3,8,79847],[-4,19,10723],[-1,16,10120],[-2,9,34029],[3,10,25210],[-3,15,7123],[-1,6,67814],[-7,18,10163],[-7,24,32916],[-1,10,8132],[-3,15,827404],[44,47,94261],[78,52,173697],[48,0,0]],[[21270,19011,0],[-15,-19,122604],[10,-46,18716],[8,-40,49423],[12,-34,263716],[6,-10,13692],[7,-13,8557],[7,-12,43752],[2,-6,16959],[10,-19,10215],[4,-6,8456],[5,-11,21419],[2,-7,13166],[8,-16,84489],[3,-4,9266],[6,-12,9266],[6,-10,21412],[4,-11,21412],[4,-4,7173],[5,-6,43807],[1,-13,11468],[-2,-4,11468],[3,-3,43079],[8,2,9699],[7,0,296281],[-2,-9,18573],[-4,-1,8006],[-3,-4,28594],[0,-4,9009],[4,-5,34254],[-2,-5,13716],[-8,-4,15300],[-2,-5,86759],[6,-8,18740],[2,-8,7785],[1,-5,46310],[-4,-13,20359],[-6,-3,46310],[0,-9,10635],[1,-2,7246],[1,-9,9836],[0,-4,32395],[-7,-8,27451],[2,-15,296281],[12,-6,19664],[7,1,19664],[17,-6,117745],[9,-22,51497],[25,-16,62002],[-4,-15,26116],[5,-9,62002],[27,-15,0]],[[21926,17155,0],[88,7,167726],[12,5,12087],[12,7,58755],[12,10,18241],[10,9,9641],[11,11,30953],[8,13,0]],[[22277,17072,0],[11,-17,34830],[5,-2,10475],[8,0,114943],[13,11,26343],[2,10,60559],[2,1,10503],[9,0,35185],[12,9,17988],[7,3,7454],[5,1,16541],[9,6,190145],[9,-8,37617],[3,-1,7688],[11,1,15410],[9,-2,10681],[3,4,8302],[0,-3,57229],[10,-5,12373],[9,-8,12122],[4,-1,27861],[39,-18,0]],[[22457,17053,0],[-10,-27,13787],[-10,-24,62371],[-5,-4,14980],[-3,1,7105],[-5,-1,78533],[-6,-11,12203],[1,-3,20575],[-1,-15,8394],[-1,0,8241],[0,-7,33094],[-2,-2,14399],[2,-8,10683],[2,-3,78533],[-1,-6,12714],[-4,3,18786],[-14,2,121670],[-1,-14,20066],[-5,-1,20066],[-5,-11,12820],[-3,-14,51054],[2,-4,13913],[0,-17,0]],[[22388,16887,0],[-137,-21,139843],[-62,-32,0]],[[22506,17050,0],[-49,3,0]],[[22297,17088,0],[6,-4,39021],[19,15,12664],[-2,2,10197],[7,4,26815],[3,-2,39021],[3,1,8122],[17,10,11777],[5,1,11275],[6,5,27152],[9,-2,27152],[6,7,13516],[8,2,11714],[1,2,168063],[-17,21,70830],[4,5,13131],[6,0,36268],[4,18,8008],[2,2,7126],[-1,3,0]],[[22248,17687,0],[26,8,0]],[[22274,17695,0],[0,-10,15500],[4,-10,16361],[1,-6,9388],[-1,-9,12760],[2,-1,0]],[[22280,17659,0],[3,-13,22377],[-1,0,11330],[-1,-13,0]],[[22281,17633,0],[-18,-3,24143],[-8,-7,118641],[-4,-10,15156],[1,-7,33905],[3,-8,8127],[4,-4,8127],[0,-3,37889],[-3,-21,9831],[0,-6,37889],[6,-11,22650],[1,-4,7744],[-2,-7,0]],[[22261,17542,0],[-2,-4,10789],[-7,-2,39765],[-4,1,8986],[-11,6,12948],[-9,3,46461],[-10,-1,19580],[-7,-7,0]],[[22211,17538,0],[-4,8,48307],[-2,1,7602],[-21,8,24248],[-20,7,13280],[-13,2,20151],[-5,4,0]],[[22146,17568,0],[10,24,66858],[22,26,37921],[8,6,12319],[14,9,0]],[[22628,16134,0],[1,3,10175],[0,16,13478],[1,7,36229],[4,3,7065],[1,3,7065],[5,6,23854],[-2,4,11388],[2,5,58547],[15,12,39334],[4,19,136805],[8,2,17338],[7,7,20792],[17,8,8430],[5,3,8430],[10,4,0]],[[20627,18837,0],[2,-1,14113],[20,-21,9822],[5,-5,25366],[19,-21,7466],[4,-4,7466],[5,-6,58515],[11,-11,7963],[4,-5,7963],[43,-43,24780],[9,-8,10175],[21,-21,36835],[11,-12,12830],[12,-12,7081],[3,-2,7081],[7,-8,7854],[5,-5,7854],[17,-17,13232],[6,-3,13232],[7,-10,13232],[13,-13,8794],[5,-4,10966],[15,-17,0]],[[20588,17965,0],[4,3,7419],[6,1,27319],[3,5,13658],[0,8,34445],[7,3,17486],[1,6,7365],[2,1,19691],[9,3,22113],[5,5,7195],[5,6,206341],[2,8,16401],[-4,10,30414],[-6,5,16298],[-1,4,8669],[-3,1,8669],[-2,6,30414],[2,5,7834],[0,4,107282],[-3,2,14644],[-9,-5,16951],[-5,4,16951],[-4,-6,41031],[-3,3,7134],[-6,5,26308],[-8,-4,15673],[-4,3,117353],[-2,-2,7693],[0,-4,7693],[-4,-8,45795],[-2,1,7189],[1,6,7189],[-2,11,9649],[-2,8,21485],[-4,5,58639],[2,9,11154],[0,9,7721],[1,15,206341],[4,11,15167],[5,8,15167],[4,10,8126],[6,13,54078],[10,-2,40479],[12,26,96062],[1,10,8659],[-1,1,7770],[1,5,18678],[-3,7,24255],[2,5,9666],[0,7,199412],[-12,3,34457],[-3,8,11468],[1,4,9635],[-2,5,40978],[-11,7,14198],[0,3,7709],[-3,3,25608],[-9,0,16988],[-7,6,558559],[2,2,10756],[9,0,19451],[6,-1,9546],[7,-4,19451],[0,4,19607],[6,3,7539],[7,1,18027],[18,1,74191],[6,-1,7997],[10,-4,12688],[12,-1,43619],[17,2,33612],[27,-2,13071],[12,-2,69002],[6,-5,9567],[8,-4,51118],[5,4,8141],[5,1,9108],[14,9,869950],[7,31,14078],[5,15,52562],[1,16,11200],[3,15,22494],[0,21,10770],[1,6,66020],[13,47,12251],[2,6,379553],[-16,11,21480],[-10,5,10962],[-9,3,127672],[-13,1,14908],[-33,2,35376],[-16,-1,7939],[-15,-1,91433],[-7,-2,9936],[-6,-3,21781],[-7,-7,14852],[-11,-5,379553],[-1,5,15298],[-7,5,16847],[-14,22,68826],[-9,19,27828],[-20,58,206866],[-5,5,10282],[-11,6,34259],[-3,0,7396],[-9,-3,34259],[-15,4,25467],[-22,-1,25467],[-9,2,9027],[-1,2,183652],[-4,16,10553],[-1,9,48845],[-2,3,9403],[-7,3,15195],[-4,7,11036],[-6,4,63288],[0,14,10904],[1,6,31597],[-5,2,19371],[-2,9,8106],[1,4,869950],[6,9,15704],[0,7,31211],[9,-1,55614],[20,11,11716],[19,9,24512],[21,8,167469],[7,-12,15785],[10,-10,13684],[4,-7,48882],[5,-2,7598],[13,-5,402954],[1,7,8790],[7,26,18164],[5,17,47408],[2,12,8936],[3,20,20545],[-1,8,47408],[5,28,12832],[2,7,8512],[1,7,8512],[5,24,16233],[3,17,16233],[5,21,9570],[2,8,38069],[3,23,0]],[[21761,17735,0],[12,3,7276],[8,2,7276],[10,2,34402],[18,1,10229],[9,-1,107088],[-4,-14,25822],[1,-13,7434],[1,-4,107088],[11,-2,36203],[23,-10,13658],[18,-9,23719],[7,-1,11248],[5,-4,11248],[29,-11,209613],[11,42,0]],[[21920,17716,0],[2,6,48765],[3,2,8904],[4,-3,15741],[4,-6,16823],[7,0,16823],[4,-2,8132],[5,-5,29308],[1,-5,11240],[4,-5,29308],[3,1,8228],[2,-3,8228],[5,1,15118],[4,-4,48765],[5,6,21395],[5,2,9876],[2,-2,8702],[5,0,41690],[2,-6,12797],[4,1,12797],[4,-7,101005],[-1,-7,12828],[1,-7,8115],[2,0,8115],[1,-4,7773],[-2,-1,10980],[0,-9,67464],[11,2,11718],[5,4,11718],[3,-3,48784],[-2,11,25238],[4,1,13225],[-2,6,13225],[5,3,67464],[5,0,7754],[4,-1,19747],[8,2,12048],[2,-1,7661],[7,2,7661],[5,1,19747],[6,-2,0]],[[22057,17684,0],[0,-7,7653],[2,-10,22328],[2,-7,8644],[4,-7,30562],[0,-17,36061],[3,-4,7090],[1,-5,12028],[-1,-4,12028],[4,-14,15774],[1,-11,7534],[3,-12,15774],[2,-5,207962],[17,-18,12580],[4,-5,90880],[6,2,17387],[8,-1,7719],[4,-1,33835],[8,3,14026],[8,5,7825],[4,4,31590],[9,-2,0]],[[22211,17538,0],[-6,-7,23008],[-1,-16,23008],[-13,-30,31507],[-5,-19,111311],[3,-12,17113],[3,-8,9158],[4,-7,26292],[6,-4,0]],[[22202,17435,0],[-1,-4,8582],[-5,-8,8582],[-3,-8,30734],[2,-10,38478],[6,2,19013],[7,-8,12211],[2,2,32363],[3,-12,38478],[-8,0,15350],[-14,7,144240],[-4,0,7205],[-6,-1,16380],[-9,-3,7685],[-9,-2,64784],[-12,0,17815],[-12,5,33411],[-8,6,7837],[-5,4,98200],[-4,-5,19024],[-8,-1,8336],[-4,-1,33177],[-4,-5,12700],[-2,-8,237228],[1,-13,18120],[3,-22,12308],[3,-7,68843],[-1,-11,9231],[-1,-8,28611],[-10,-21,8809],[-1,-4,28611],[3,-5,0]],[[21742,18344,0],[1,-1,7278],[9,1,13654],[18,-3,13654],[20,-2,31594],[10,3,110989],[8,-17,10619],[11,-18,207020],[17,1,8227],[11,0,17922],[7,-1,12439],[24,1,12439],[33,0,123228],[14,27,57802],[19,0,0]],[[21944,18335,0],[-7,-15,31613],[-2,-5,7662],[-1,-7,15550],[1,-12,209984],[5,-14,16033],[7,-11,66197],[6,-7,9638],[6,-5,31340],[21,-10,14121],[9,-7,84200],[13,-16,26976],[15,-22,7043],[10,-16,66160],[6,-8,10405],[11,-11,18864],[19,-17,18864],[10,-12,0]],[[22078,18052,0],[-3,-10,23759],[1,-7,11281],[4,-5,38132],[-5,-19,18309],[-3,-2,0]],[[22072,18009,0],[-40,-19,36947],[-16,-1,36947],[-19,-13,0]],[[21997,17976,0],[-13,17,18637],[-7,12,14565],[-11,16,27743],[-9,9,57724],[-12,27,11716],[-4,6,308876],[-12,-3,10595],[-9,-3,26095],[-10,-6,8508],[-15,-6,47850],[-3,-5,18414],[-7,-4,10834],[-9,-7,195901],[-17,6,10108],[-5,3,46742],[-8,18,108025],[-3,2,7389],[-37,14,23101],[-12,2,74685],[-26,-8,627637],[-5,9,18369],[-1,12,49225],[1,5,10375],[6,4,35810],[-1,10,8115],[1,9,8547],[1,2,8547],[-1,6,61576],[-5,0,20986],[-5,15,61576],[3,11,14929],[-3,7,14041],[2,5,40587],[-1,4,9052],[-5,3,9052],[-4,5,40587],[2,5,8364],[-1,3,10394],[2,5,28648],[-3,8,14068],[-4,3,28648],[-4,18,19685],[0,22,126498],[-4,3,7810],[-3,4,28480],[-3,7,13296],[0,10,7240],[-2,5,87750],[3,5,17885],[2,1,7175],[-2,4,7175],[-1,8,8670],[0,7,31761],[3,8,14120],[-1,5,9665],[2,10,17607],[2,3,26480],[1,9,8750],[1,6,8750],[1,12,0]],[[22259,18837,0],[-3,8,7337],[-4,17,11729],[-1,4,8290],[-6,20,31428],[-3,18,49895],[-6,18,10624],[-3,10,15074],[-4,9,7263],[-4,11,215997],[-9,10,15787],[-8,8,7920],[-6,4,31731],[-3,7,9952],[-5,4,9952],[-7,11,9201],[-6,7,100413],[-2,9,10071],[-5,10,18563],[-4,16,14794],[-9,25,100413],[-8,10,21279],[-2,5,7515],[-3,11,33664],[-5,10,10018],[-7,11,20998],[-11,13,49647],[-16,29,18994],[-1,4,7123],[-8,16,10677],[-2,3,7658],[-4,8,7658],[-6,13,0]],[[22259,18837,0],[-8,-5,16586],[-4,-8,35440],[-12,-6,16356],[-11,-6,8564],[-2,-3,12427],[-5,0,11297],[-4,-5,90364],[-4,1,7929],[-5,-2,7929],[-11,-2,12366],[-12,-3,17849],[-3,-3,17849],[-6,-1,7654],[-5,1,9294],[-7,-3,9294],[-2,1,266648],[-11,-5,32230],[-6,-9,9938],[-3,-3,12172],[-8,-11,32230],[-21,-20,16817],[-13,-10,87703],[-11,-21,11125],[-1,-5,22799],[-9,-12,87703],[-13,-15,8335],[-7,-7,16303],[-9,-11,7643],[-4,-5,21220],[-8,-9,7438],[-2,-1,9094],[-15,-17,17648],[1,-5,17648],[-8,-2,41878],[-7,-9,17314],[-5,-4,7300],[-6,-3,0]],[[21992,18609,0],[-10,9,9431],[-5,3,22406],[-10,12,62705],[-1,5,14278],[4,17,62705],[-1,5,7647],[-2,6,18453],[-4,6,7805],[-3,6,41176],[-4,5,8887],[-15,14,143298],[-6,1,7580],[-5,0,12583],[-13,3,54817],[-4,2,7918],[-11,9,14034],[-6,8,14034],[-8,5,192902],[-13,17,27349],[-2,11,47640],[-4,6,15325],[-11,9,13497],[-7,8,31718],[-6,9,10128],[-9,14,108286],[-3,7,12845],[-2,14,23134],[2,8,12558],[-1,10,44973],[-10,15,0]],[[22316,17690,0],[-1,11,18337],[1,3,8029],[3,3,64978],[7,2,14009],[8,-4,24963],[7,-6,21285],[6,-3,11076],[7,0,0]],[[22334,17668,0],[-2,7,22898],[-16,15,0]],[[22270,17946,0],[0,-12,21508],[3,-6,9994],[2,-11,0]],[[22275,17917,0],[-2,-10,10745],[-2,-4,61524],[-16,-9,11715],[-7,-2,32656],[-14,-1,10548],[-8,-2,148546],[-4,-5,13508],[1,-8,37124],[7,-13,25846],[2,-10,11512],[0,-9,59635],[-5,-7,20698],[-8,-6,11965],[-2,2,8370],[-2,-2,47015],[4,-14,17795],[4,0,0]],[[22223,17817,0],[13,-14,44011],[9,-26,24814],[-1,-8,0]],[[22244,17769,0],[-2,-20,0]],[[22245,17729,0],[-6,3,9877],[-3,-1,26704],[-9,13,54874],[-4,2,12933],[-9,-2,26725],[0,5,19286],[-10,-3,19286],[-7,3,10426],[-9,2,38148],[-4,-2,18949],[-6,10,0]],[[22178,17759,0],[0,15,7194],[0,6,17001],[-2,15,66303],[-7,11,8104],[-2,7,7478],[-2,1,11703],[-10,16,8186],[-1,3,0]],[[22154,17833,0],[-1,4,7013],[-3,3,12520],[-4,12,12520],[-3,4,11259],[-3,7,7549],[-4,10,68969],[0,3,8157],[5,10,20800],[1,7,8709],[-1,8,84720],[-3,-3,15901],[-6,4,11181],[-3,-2,21826],[-3,6,36913],[6,2,11992],[-2,2,7266],[3,1,16253],[-4,7,13454],[5,-1,36913],[1,-3,7290],[2,1,7290],[-4,5,7290],[-1,9,10875],[-4,17,46315],[-6,15,8566],[-3,7,25522],[-9,10,163142],[-12,9,15424],[-10,4,15424],[-9,7,38135],[-7,11,0]],[[22415,17771,0],[-2,1,9229],[-3,6,19923],[4,8,0]],[[22414,17786,0],[7,7,15554],[8,2,55308],[2,2,7057],[2,8,15728],[9,29,148851],[-1,5,7295],[-3,5,42320],[-7,-1,19704],[-12,-7,12229],[-5,-2,91213],[-3,2,7316],[-2,3,15710],[-5,12,52780],[-1,9,22840],[5,11,8373],[3,10,126861],[4,4,12144],[11,4,33067],[5,-1,8612],[3,-3,25198],[5,2,7513],[12,3,99935],[9,-3,16013],[4,-5,34956],[0,-12,7899],[1,-4,37555],[7,-9,22301],[3,-1,8457],[5,1,126861],[4,4,8349],[9,12,67530],[11,3,8677],[9,1,33307],[12,0,13804],[14,-3,0]],[[22539,17874,0],[-2,-4,9528],[1,-10,18505],[-4,-8,40491],[-10,-5,18894],[-2,5,46627],[-4,-6,10267],[2,-3,10267],[-5,-12,15783],[-5,-4,15783],[2,-7,189398],[4,-3,11750],[4,0,7679],[7,-2,16255],[4,-4,69194],[11,-1,8969],[8,1,27120],[7,4,9858],[0,2,32940],[14,-1,12412],[3,-1,37278],[2,8,29519],[5,4,10989],[12,5,37278],[-2,-14,58314],[10,-3,9883],[1,2,9883],[9,-5,0]],[[22611,17812,0],[-6,-5,12243],[-1,-5,29251],[9,-1,9183],[5,1,29251],[-1,3,6995],[1,7,29251],[9,-1,15695],[0,4,15695],[14,2,42939],[3,-7,25767],[-13,-4,0]],[[22520,17757,0],[-28,2,28132],[-13,2,7196],[0,1,9051],[-16,2,64146],[-7,3,10674],[-9,7,10674],[-15,8,64146],[-2,0,7321],[1,-5,8321],[-3,-5,27799],[-13,-1,0]],[[21992,18609,0],[13,-14,10328],[6,-8,54371],[4,-9,7944],[2,-7,19911],[5,-22,104270],[-1,-6,14682],[-3,-3,7189],[-3,-1,29712],[-11,1,16385],[-4,-4,104270],[0,-9,9847],[3,-6,43144],[-1,-7,9116],[-3,-8,23527],[-9,-15,70514],[-2,-7,14984],[-1,-7,8937],[2,-6,33272],[5,-14,20527],[1,-9,7733],[1,-8,240417],[-1,-9,8301],[-2,-6,23433],[-10,-19,23433],[-12,-34,13982],[-3,-11,85190],[-5,-7,9765],[-5,-4,9765],[-14,-15,0]],[[21742,18344,0],[-8,5,0]],[[22658,18037,0],[-2,1,7314],[-7,8,0]],[[22658,18037,0],[-8,-1,11612],[-13,2,23820],[-14,4,116505],[-8,-2,16814],[-8,-7,35280],[-8,-17,70880],[-1,-14,17427],[2,-9,13454],[0,-9,116505],[16,2,29527],[14,10,29527],[10,-2,116505],[-2,-12,21465],[4,-9,29743],[-3,-8,11043],[-5,-3,11043],[3,-2,46916],[1,-8,10214],[3,-7,17673],[3,-1,7062],[1,-3,47367],[-2,-11,15531],[2,-13,23313],[-4,-11,107052],[-5,0,10046],[-15,2,107052],[-1,-3,7086],[2,-5,7449],[0,-4,13414],[3,-6,13414],[-1,-3,7389],[2,-2,7389],[4,-11,7711],[-1,-3,7466],[2,-3,51811],[-2,-5,13559],[2,-12,21767],[-4,-11,90405],[-4,2,15681],[-18,-2,62737],[2,-5,12677],[0,-11,28929],[3,0,6990],[9,-1,28929],[-8,-11,0]],[[22539,17874,0],[2,26,33396],[-6,16,99872],[-14,8,27307],[-7,-3,19188],[-9,1,12598],[-2,4,75175],[-8,30,216991],[11,6,22646],[35,27,138128],[3,-5,7544],[7,-9,18405],[1,-7,60140],[3,-3,10669],[9,-2,10669],[6,-4,23383],[8,-1,7130],[7,-2,216991],[3,6,9846],[0,7,36048],[-3,4,11834],[-1,9,21081],[3,8,22422],[0,21,14277],[1,9,76395],[6,13,17172],[10,13,162113],[6,4,14603],[15,5,50889],[16,-5,14705],[8,-4,0]],[[22280,17659,0],[4,3,14882],[2,-6,29535],[27,7,8124],[3,0,58182],[6,-9,9634],[4,-4,0]],[[22286,17632,0],[-5,1,0]],[[22270,17538,0],[2,7,16590],[3,5,7728],[7,6,54918],[7,4,18238],[2,-3,9364],[3,2,9408],[2,-3,18799],[8,3,9947],[7,1,0]],[[22311,17560,0],[9,-6,15636],[-5,-1,33328],[-2,-5,10589],[0,-8,15940],[3,-1,7409],[8,0,15940],[0,-2,12325],[-9,-1,15940],[1,-8,11531],[-2,-4,11531],[3,-3,15781],[-3,-3,8096],[1,-3,0],[-8,6,23544],[-7,-6,46111],[-2,2,10934],[-28,21,0]],[[21604,20317,0],[44,-6,9152],[7,-2,7991],[5,0,64977],[25,3,12099],[8,0,21267],[9,3,116324],[9,-7,34162],[21,-5,11974],[4,1,7554],[2,-3,7554],[10,-2,40024],[6,-6,17888],[10,-2,16691],[5,-5,40024],[10,1,19749],[4,-3,7827],[-3,0,9010],[6,-3,19749],[11,0,99420],[8,3,11745],[12,6,341974],[3,13,37340],[-4,74,0]],[[21983,20031,0],[-8,25,19094],[-3,16,8697],[-2,8,42519],[3,10,38608],[-1,3,8099],[-8,13,21843],[-6,4,8158],[-3,3,124677],[-4,13,27356],[-6,41,15820],[-2,17,27356],[-6,29,13882],[-1,7,7894],[-2,10,7894],[-3,17,17899],[-2,10,34613],[1,5,9587],[1,11,34613],[-1,6,12215],[-8,19,386803],[-51,38,14929],[-40,30,7390],[-15,11,0]],[[21997,19830,0],[-1,26,28236],[-2,5,11252],[-4,17,32725],[1,5,9141],[-1,24,86311],[5,23,17333],[6,22,126231],[0,6,11614],[-3,13,12377],[-5,28,12377],[-2,12,36278],[-8,20,0]],[[21997,19830,0],[-9,0,12331],[-4,-2,7694],[-9,-1,27230],[-28,0,10167],[-8,-1,63746],[-5,-2,7139],[-18,-7,13267],[-15,-5,63746],[-19,-2,14273],[-9,-2,20822],[-15,0,34120],[-22,-5,16906],[-9,-1,7192],[-12,-3,8821],[-17,-2,105955],[-10,-4,26441],[-16,1,8592],[-5,1,31720],[-7,-1,8471],[-20,-1,23152],[-21,-4,9689],[-2,0,7783],[-16,-2,35454],[-31,-2,105955],[-26,-4,22744],[-11,-5,22744],[-16,1,21370],[-9,-5,38477],[-6,4,17250],[-10,-2,38477],[-28,-12,0]],[[21920,17716,0],[-6,1,18365],[-6,5,9021],[-9,7,128060],[6,8,7425],[2,3,24157],[6,5,7603],[3,4,9341],[20,22,8357],[11,12,54002],[5,4,7953],[15,14,21426],[7,3,0]],[[21974,17804,0],[4,-4,23059],[3,-8,10944],[0,-7,13341],[-3,-7,13341],[3,-3,80431],[9,-3,7522],[4,-2,12217],[13,-4,37393],[5,6,15252],[4,-1,121241],[1,-6,8808],[3,-6,19066],[4,-3,8421],[3,-4,45087],[1,-8,9869],[-1,-9,21237],[-4,-6,84411],[5,-4,13827],[12,-1,61493],[5,-2,10286],[0,-4,10286],[6,-9,34812],[1,-5,9228],[3,-8,10881],[2,-12,0]],[[22202,17435,0],[9,-2,15152],[12,3,28636],[9,4,7390],[7,3,28636],[27,4,95553],[13,-6,29153],[5,-8,9225],[1,-5,246439],[-1,-9,15662],[-5,-9,53447],[-40,-50,154143],[-11,-6,26059],[-7,-1,11915],[-8,3,71231],[-7,7,22276],[-5,14,10699],[-4,7,73661],[-11,3,28135],[-17,-7,154143],[-10,-16,33122],[0,-16,85386],[4,-8,10113],[7,-8,29935],[17,-11,0]],[[22067,19384,0],[-1,8,7215],[-1,4,9730],[-5,18,20124],[-6,21,11852],[-4,16,69982],[-1,16,13125],[0,25,8446],[-1,5,7811],[1,6,70791],[-5,18,17656],[1,8,27057],[-6,17,13705],[-2,12,13705],[-4,14,42924],[-2,15,9010],[-3,21,20209],[-3,10,7691],[-2,13,118089],[-1,16,9955],[1,3,7431],[-1,9,25577],[-2,16,8558],[-3,11,12357],[0,6,25577],[-8,78,70758],[-4,19,7934],[-3,14,19681],[-6,18,31073],[1,9,0]],[[22075,19316,0],[0,7,9522],[-3,11,23885],[-1,19,9702],[-1,14,21790],[-3,17,0]],[[22322,17780,0],[13,-3,29604],[1,4,9003],[4,2,8134],[2,3,20609],[6,-1,31430],[1,2,8527],[-1,11,31430],[2,1,9423],[6,-4,16312],[5,-7,37201],[18,9,87387],[3,-15,30626],[3,4,8502],[5,4,30626],[8,0,13427],[6,-2,7183],[10,-2,0]],[[22415,17771,0],[-8,-20,16539],[0,-6,38024],[5,-13,38024],[1,-6,11487],[-3,-7,20823],[-7,-5,0]],[[22372,17754,0],[-3,2,22677],[-7,-6,11445],[-12,-7,32091],[-12,-2,11699],[-8,0,0]],[[22330,17741,0],[2,5,27296],[-3,3,10033],[-3,-1,14416],[-8,8,10789],[-5,3,56814],[5,9,8930],[1,5,8930],[3,0,17703],[0,7,0]],[[22244,17769,0],[6,1,17934],[10,-8,40766],[3,1,9378],[5,-3,10277],[4,1,18109],[-1,4,8358],[1,4,7229],[0,4,11267],[-4,0,9001],[0,4,11267],[5,0,18109],[2,-8,7703],[0,-7,18109],[5,2,14333],[15,-1,81656],[2,1,7051],[-1,2,7051],[0,7,25408],[-7,-2,10423],[-4,3,10423],[-3,-2,25408],[-4,2,11855],[-1,5,25408],[11,-2,13442],[1,-3,13442],[9,2,25408],[-3,9,8125],[-1,5,18894],[4,-1,41784],[1,-3,7474],[3,-8,11607],[0,-4,9746],[4,0,11607],[0,-5,41784],[2,0,8687],[6,4,18154],[2,8,18154],[6,-1,0]],[[22330,17741,0],[-14,-1,20600],[-5,-1,8364],[-9,-4,75115],[-6,-6,7316],[-5,-6,29344],[-3,-5,8987],[-4,-14,18738],[-6,-7,0]],[[21192,20930,0],[-3,-5,9408],[-7,-13,14825],[-7,-8,35186],[-3,-11,20586],[-4,-6,7507],[-7,-15,235443],[-10,-12,30680],[-17,-5,34020],[-49,-25,84810],[-38,-25,7813],[-12,-9,7813],[-29,-18,14456],[-11,-8,11239],[-5,-2,11239],[-8,-6,30496],[-35,-20,27605],[-8,-8,12059],[-5,-3,264156],[-11,-12,16680],[-18,-22,8338],[-7,-8,7650],[-4,-5,40641],[-14,-16,15094],[-8,-7,27408],[-8,-13,27408],[-6,-5,9723],[-9,-9,56891],[-7,-9,11044],[-7,-12,0]],[[21192,20930,0],[11,-4,14643],[8,-1,7367],[9,-2,23433],[14,-7,23433],[7,0,8453],[11,-3,88966],[8,-8,16148],[14,-19,440313],[15,-38,21248],[32,-85,92822],[3,-14,13097],[6,-37,199826],[-3,-9,27884],[-15,-19,11700],[-6,-10,235642],[-1,-10,10609],[-1,-21,38994],[7,-20,80952],[23,-28,80952],[3,-7,20441],[1,-25,30013],[7,-31,105397],[35,-77,715672],[73,-40,141054],[82,-12,72245],[56,-19,289443],[13,-20,62981],[0,-47,0]],[[20887,20012,0],[-4,3,14512],[-3,9,10737],[1,2,10737],[-5,4,73763],[2,8,10709],[4,21,22193],[3,13,10535],[5,14,125374],[-13,32,44387],[-5,6,9731],[-14,18,477656],[21,18,46187],[-6,11,46187],[22,45,13952],[15,31,191599],[12,10,8115],[7,7,22239],[4,7,24847],[13,17,12163],[8,8,12163],[11,14,37187],[8,8,7783],[10,9,15985],[18,20,141154],[4,5,8747],[11,18,12104],[8,15,10841],[8,11,33077],[8,9,49621],[9,17,10728],[2,5,10728],[6,9,11691],[10,18,911558],[-1,2,7320],[-6,6,9892],[-4,2,58714],[1,7,20238],[5,6,9133],[4,6,36540],[0,5,10039],[3,9,19877],[-2,2,7519],[-1,8,113691],[-5,-1,9400],[-13,-5,23943],[-7,0,9094],[-13,0,195268],[-15,4,10550],[-11,4,21914],[-13,8,32693],[-3,1,8329],[-13,0,11848],[-7,2,32693],[-6,8,32693],[-5,1,8094],[-18,7,7207],[-5,1,24385],[-7,5,9792],[-8,4,133042],[-7,-1,7889],[-8,-3,10932],[-2,0,27702],[-11,-6,10531],[-3,-4,63893],[-10,6,16922],[-14,5,274525],[-4,10,16805],[2,7,16805],[-6,2,18187],[-5,13,16185],[-2,2,7550],[-5,9,41510],[-5,16,12832],[-2,11,0]],[[22330,17741,0],[-27,-46,37830],[1,-7,0]],[[22304,17688,0],[-11,2,8024],[-10,0,21024],[-9,5,0]],[[22491,17593,0],[-1,6,16522],[-7,-6,16522],[-12,2,12192],[-11,0,7142],[-1,2,7142],[-7,-1,79114],[-4,-4,7753],[-12,-8,20573],[-5,-6,7149],[-1,1,8950],[-4,-6,121898],[-6,3,21744],[11,6,26230],[2,5,16659],[1,10,10467],[-2,5,15084],[2,7,67238],[-3,-3,9007],[-8,-3,20335],[-9,1,0]],[[21997,17976,0],[1,-7,20806],[-8,-4,7597],[-2,-3,84771],[8,-19,17352],[7,-24,31698],[8,-11,23381],[4,-15,7351],[2,-1,7351],[1,-6,150526],[-3,2,16815],[-8,-9,31114],[2,-5,7044],[1,-6,24079],[-4,-1,8791],[-2,-4,47960],[3,-8,7739],[4,-6,64250],[-7,-1,13345],[-6,-4,11632],[-6,-2,26353],[-3,-4,9281],[1,-2,0]],[[21990,17836,0],[1,-7,22685],[-9,-12,34643],[-8,1,8612],[-7,-1,34643],[-4,-4,14944],[0,-4,8095],[3,-2,23545],[6,0,9577],[2,-3,0]],[[22304,17688,0],[12,2,0]],[[23154,17713,0],[-3,20,12902],[-2,8,63299],[-13,3,14292],[-11,5,63299],[-1,3,10351],[-6,12,35963],[-12,11,15734],[-3,6,16428],[-15,15,229085],[0,4,9159],[-2,2,27157],[-9,3,11748],[-4,-1,9314],[-5,1,32137],[-7,6,8044],[-6,4,17851],[-2,5,38263],[-7,4,12654],[-7,2,9557],[-9,4,48527],[-4,6,14133],[-19,18,36382],[-3,1,7190],[-4,-1,8833],[-3,2,141992],[-20,23,15237],[-4,5,31965],[-17,17,13772],[-19,20,7970],[-9,10,39679],[-5,9,141992],[-14,11,15141],[-9,5,22063],[-8,7,10356],[-4,3,9185],[-8,7,36743],[-4,2,9107],[-6,5,9107],[-15,11,7942],[-7,5,15171],[-8,3,11435],[-4,4,15291],[-14,10,8603],[-21,16,0]],[[22677,18073,0],[-10,-7,37732],[-2,-8,19231],[3,-13,37732],[-2,-5,14022],[-4,-2,7250],[-4,-1,0]],[[22711,18086,0],[-7,-12,7056],[-2,-5,7056],[-3,-2,55174],[-9,2,10921],[-5,3,13085],[-8,1,0]],[[22724,18087,0],[-5,2,13903],[-8,-3,0]],[[22801,18029,0],[-6,3,10630],[-13,10,8241],[-1,1,43964],[-20,6,13866],[-5,-1,10584],[-7,3,92910],[-1,6,10884],[-3,2,7508],[-2,5,25296],[-10,3,34437],[0,7,18793],[-2,0,7514],[-2,5,7514],[-5,5,16609],[0,3,0]],[[21015,21101,0],[2,-8,7483],[2,-11,33456],[5,-9,11247],[11,-16,64293],[7,-6,7609],[10,-9,51808],[7,-9,11042],[8,-14,24284],[7,-13,9185],[2,-8,222268],[4,-4,12828],[10,-3,34401],[6,-7,8188],[11,-15,34401],[6,-6,13957],[10,-3,98721],[8,1,8747],[9,2,8747],[15,3,44878],[7,-1,13699],[8,-3,8081],[5,-2,98721],[4,-7,13062],[5,-14,22733],[8,-9,0]],[[21492,21085,0],[-21,3,20103],[-11,3,10860],[-17,3,35765],[-8,0,9722],[-19,1,26335],[-20,5,12714],[-14,1,64120],[-13,5,8838],[-9,4,74645],[-14,3,16893],[-19,1,35512],[-32,7,14370],[-17,2,9679],[-10,3,46655],[-26,2,8733],[-11,0,320543],[-10,-3,7736],[-12,-3,24004],[-13,-1,9060],[-12,-2,17875],[-11,-3,49059],[-15,-2,11748],[-15,0,20642],[-8,-3,20642],[-15,-2,13445],[-20,-4,16053],[-3,1,7939],[-5,-1,88754],[-13,-10,66835],[-16,5,22419],[-9,1,8018],[-17,1,31405],[-11,5,29068],[-11,-6,0]],[[21605,20880,0],[-6,27,105151],[-47,75,49802],[-60,103,0]],[[21704,20556,0],[-1,4,8978],[-5,21,23203],[2,6,14700],[-2,4,7831],[-1,9,71389],[-8,23,13498],[-10,27,25217],[-10,29,13518],[-2,8,9640],[-4,9,71389],[-4,32,37228],[-8,8,37228],[-7,17,9311],[-2,8,25503],[-2,16,25503],[-5,17,11402],[-11,38,20172],[-3,16,107886],[-9,11,24324],[-4,16,12431],[-3,5,0]],[[21816,20377,0],[-8,13,13921],[-8,12,8555],[-1,1,38230],[2,7,11906],[-2,5,69442],[-5,4,13964],[-10,11,22273],[-2,8,27148],[-9,7,18954],[-5,4,8701],[-2,5,7103],[-5,5,48899],[2,5,22992],[-4,9,14647],[-4,1,9276],[-3,5,133376],[2,5,11830],[3,1,7756],[2,4,28971],[-2,9,8514],[-2,3,28971],[4,3,9476],[2,5,16793],[-3,3,16793],[0,9,9559],[2,4,133376],[-4,5,7707],[-5,3,7707],[-3,4,44841],[-10,3,13186],[-15,6,7209],[-18,7,26049],[-1,3,0]],[[22326,18706,0],[-5,14,9848],[-4,6,11583],[-16,34,8942],[-11,24,54564],[-6,9,7391],[-12,20,15667],[-13,24,0]],[[22377,18599,0],[-1,2,10835],[-17,36,7284],[-10,22,18465],[-18,35,18465],[-5,12,0]],[[22377,18599,0],[0,-5,10864],[-5,-7,21195],[2,-6,7327],[0,-5,40055],[-9,-8,23408],[-4,-12,88660],[-13,-6,8298],[-5,-4,17708],[-16,-6,113762],[4,-35,0]],[[22154,17833,0],[-9,-6,32731],[2,-8,8374],[4,-8,32731],[-10,0,64140],[2,-6,10731],[0,-7,14722],[5,-16,42868],[-9,-2,28645],[3,-15,138426],[-9,-4,27426],[-8,9,56523],[-6,-2,16378],[-1,-5,9083],[-3,1,9083],[0,-3,9083],[2,2,7526],[2,-1,16378],[-6,-8,8914],[-3,-2,8636],[-3,-4,40291],[-9,2,12554],[-3,-2,0]],[[22095,17748,0],[-15,5,20829],[-6,4,7342],[-4,4,69359],[-10,25,25706],[-5,9,7005],[-5,6,102739],[-7,7,16518],[-13,6,25458],[-13,14,51965],[-13,3,8125],[-14,5,0]],[[22261,17542,0],[9,-4,0]],[[22311,17560,0],[3,2,8227],[3,5,25981],[-1,16,0]],[[22646,17588,0],[-6,-7,12153],[-8,-7,31568],[-3,-8,9665],[-7,-10,9175],[-1,-4,42208],[-9,-3,18436],[-2,-3,7840],[-1,-5,18436],[-5,-3,10639],[-7,-7,42208],[-3,-6,7313],[-2,-2,11878],[-5,-13,80376],[-18,-7,113294],[-12,-16,28966],[-2,-13,40751],[-12,-8,40751],[-2,-7,16948],[-2,-1,8870],[-3,-7,8870],[-8,-15,25151],[-1,-6,12621],[-5,-2,12621],[-5,-7,201414],[-1,-15,12986],[-2,-4,26645],[1,-13,13292],[0,-15,8074],[0,-4,0]],[[23391,17661,0],[-14,1,23616],[-7,-6,36647],[-17,1,10963],[-18,0,143206],[-6,2,10432],[-11,6,29356],[-15,13,8008],[-8,7,52503],[-9,3,17851],[-8,-3,26241],[-6,5,10336],[-6,2,52503],[-4,9,13867],[1,7,166702],[-4,2,13249],[-9,-3,16078],[-25,-5,11104],[-6,-1,81304],[-9,3,30096],[-56,9,0]],[[23535,17412,0],[1,7,9007],[-2,5,18229],[4,6,49761],[-4,9,23376],[-9,8,14642],[-5,1,49761],[-5,12,20897],[2,11,31014],[-7,10,12503],[-2,6,87747],[4,5,15645],[8,2,8176],[5,4,42837],[-3,14,87747],[-7,8,15183],[-7,2,30567],[-2,6,12937],[-9,12,18103],[-6,5,227891],[-27,4,19983],[-16,5,52353],[-10,7,11515],[-6,6,171774],[-11,21,32542],[-17,41,14486],[-13,32,0]],[[23441,17310,0],[94,102,0]],[[23505,17073,0],[-2,40,7401],[0,10,21790],[1,13,157902],[-12,47,47296],[-21,50,66222],[-27,51,16321],[-10,20,66222],[7,6,0]],[[23523,17014,0],[-16,38,40996],[-2,21,0]],[[23467,17006,0],[56,8,0]],[[23181,16637,0],[49,64,8805],[36,47,14104],[28,37,8441],[43,56,8441],[48,63,21244],[39,50,7024],[39,52,84421],[4,0,0]],[[23132,16573,0],[2,2,7062],[47,62,0]],[[23091,16683,0],[8,-24,19662],[26,-68,13357],[7,-18,0]],[[22322,17780,0],[-5,3,7186],[-6,2,27207],[-4,3,10814],[-5,10,35887],[-10,6,15519],[-14,4,25053],[-6,4,9966],[-5,5,101632],[-2,0,7697],[-10,-2,13110],[-15,1,24288],[-9,3,8247],[-4,3,24288],[0,6,11883],[-4,0,16735],[0,-11,0]],[[22275,17917,0],[26,1,108730],[2,6,14537],[2,9,8315],[-1,6,51069],[-5,16,15592],[7,0,12828],[-2,3,7617],[-3,0,15592],[-6,9,25704],[5,1,11764],[-3,4,12560],[0,11,25704],[-2,5,9947],[-3,0,108730],[1,12,13479],[7,43,10545],[1,10,57678],[5,7,9459],[5,10,252235],[4,-3,9724],[6,-7,33595],[-4,0,11751],[-10,-7,33595],[5,-6,21506],[11,1,33595],[1,2,8750],[0,9,33595],[11,-1,8733],[7,-2,41604],[4,-4,10111],[6,-2,12483],[16,-14,252235],[16,9,8544],[5,3,13313],[8,5,20333],[14,6,123652],[-20,24,34619],[3,8,23691],[-2,3,7259],[-6,4,78656],[8,14,14735],[-3,5,14735],[6,2,123652],[45,-20,152026],[5,10,18709],[6,3,19753],[4,9,8673],[5,6,67641],[0,12,10073],[2,4,22818],[-4,9,24732],[4,5,14641],[-2,5,11491],[2,4,214285],[-2,4,8564],[-6,6,14699],[-2,8,51324],[3,24,33457],[-1,7,12666],[-2,7,7284],[-2,7,51324],[-6,11,14848],[-7,9,40154],[-3,10,20304],[1,4,10065],[4,2,163165],[18,-6,41694],[6,3,10678],[2,4,23234],[15,1,0]],[[22619,18080,0],[-8,3,24687],[-4,3,7738],[-9,5,7738],[-19,13,45485],[-3,5,10662],[-11,10,10662],[-3,4,176794],[-7,19,7255],[-6,14,15552],[-4,8,41236],[0,5,8760],[2,2,15640],[-3,7,9364],[0,3,114353],[-5,5,8155],[-8,5,8155],[-1,2,8155],[-11,11,8071],[-7,7,48213],[-10,11,8486],[-5,7,15278],[-5,10,15278],[-7,7,84146],[-3,9,17683],[-1,8,9396],[1,4,0]],[[22649,18046,0],[-2,4,10018],[-11,11,10018],[-17,19,0]],[[22482,18267,0],[0,8,8368],[-2,3,28150],[0,6,8825],[2,2,12910],[-2,6,12910],[3,19,0]],[[22519,18378,0],[-19,29,18806],[-27,43,18806],[-28,43,11281],[-20,31,9131],[-16,24,30891],[-32,51,0]],[[22483,18311,0],[2,6,8774],[6,12,13906],[6,13,7656],[7,17,46430],[15,19,0]],[[22184,17661,0],[-6,1,8372],[-7,2,16126],[-6,4,51591],[-8,12,7268],[-16,20,0]],[[22141,17700,0],[6,10,33568],[-4,4,11533],[2,3,11840],[-1,10,19658],[2,10,83373],[4,1,12249],[2,-3,7844],[3,0,19792],[10,4,49351],[1,5,14490],[3,1,7940],[4,4,14490],[0,5,8881],[2,5,14311],[3,0,0]],[[22095,17748,0],[10,-6,23629],[13,-12,11805],[9,-10,36355],[14,-20,0]],[[20835,20613,0],[-2,10,18043],[-6,15,7450],[0,3,7450],[-3,3,18043],[-5,16,11087],[0,4,12989],[-3,8,8170],[-2,2,12989],[0,5,42739],[-2,2,7462],[-7,4,15756],[-4,6,10415],[-4,2,10415],[-1,4,38667],[5,8,90491],[-1,10,11534],[1,4,11534],[0,5,7402],[0,8,24869],[-2,6,13403],[0,8,7999],[-1,6,263390],[-39,-51,64607],[-16,-38,0]],[[20743,20663,0],[-11,-29,50157],[-10,-20,8828],[-5,-12,8828],[-13,-28,7792],[-5,-11,34481],[-1,-5,14692],[-9,-11,7714],[-3,-5,18069],[-6,-15,594007],[1,-9,11371],[2,-5,13942],[1,-11,16613],[4,-16,49184],[-4,-1,14149],[0,-3,7729],[-3,-4,49184],[-1,-13,17395],[4,-5,21002],[2,-27,69072],[-2,-16,15972],[1,-7,10933],[-1,-8,26635],[-4,-8,140040],[4,-10,13531],[4,-4,8544],[3,-5,31224],[-3,-8,27310],[2,-4,7067],[3,-3,14190],[3,-6,7653],[1,-6,48715],[0,-20,14283],[-1,-8,40243],[5,-10,11389],[3,-3,201735],[-2,-15,10917],[1,-6,10917],[-2,-3,10917],[1,-3,7163],[-2,-2,7242],[-1,-12,19074],[2,-7,19074],[-4,-14,49511],[-3,-3,7824],[-7,-10,38870],[-1,-9,13265],[1,-15,101005],[-5,-4,26549],[1,-2,7597],[8,-2,11062],[7,-4,26549],[0,-7,11253],[4,-5,70773],[-4,-6,15277],[-2,-15,23123],[4,-4,23123],[-6,-6,15328],[-2,-4,7462],[1,-4,340900],[3,-9,19136],[5,-4,7934],[3,0,30772],[8,3,80102],[2,-2,8622],[2,-7,14904],[-1,-6,14904],[6,-2,29862],[0,-3,8507],[-3,-4,10658],[1,-6,29862],[4,-8,9568],[4,-5,32111],[1,-6,13312],[-5,-4,18181],[1,-10,32111],[5,3,11057],[4,-1,248830],[2,-11,18171],[-4,-2,18171],[1,-5,11942],[-2,-6,13527],[2,-8,13527],[-4,0,43502],[3,-11,8645],[2,-3,27833],[-1,-5,7378],[-3,-4,16541],[4,-4,16541],[-2,-7,11538],[2,-6,8835],[-1,-2,74859],[3,-4,7053],[3,-1,23085],[1,-4,9573],[-3,-3,10267],[1,-7,27829],[5,-1,18761],[0,-10,18761],[6,-9,74859],[0,-2,7637],[-3,-4,13378],[1,-2,8426],[-1,-6,20827],[-6,-7,15800],[-2,-9,101648],[5,-2,27947],[-1,-7,9561],[0,-7,15858],[4,-6,14563],[-2,-4,7621],[0,-4,36366],[5,-4,17242],[-1,-7,10911],[3,-2,7225],[0,-4,18971],[5,-1,10835],[0,-4,101648],[-3,-8,9571],[0,-3,9571],[-2,-9,7200],[1,-3,7200],[-2,-3,12109],[-2,-8,60955],[2,-10,11781],[3,-7,16458],[1,-10,32894],[-3,-15,17857],[2,-6,0]],[[22397,14602,0],[-1,-2,0]],[[22396,14600,0],[0,7,0],[-24,-5,36828],[-19,-13,0],[-27,3,0]],[[22326,14593,0],[0,5,0]],[[22326,14600,0],[0,1,0]],[[22326,14601,0],[8,0,0]],[[22261,14587,0],[0,-2,0]],[[22261,14585,0],[-5,2,0],[-28,-23,21938],[-4,-6,0]],[[22224,14558,0],[0,1,0]],[[22291,14609,0],[1,-6,0]],[[22292,14603,0],[2,-29,0],[-33,11,0]],[[22326,14601,0],[1,15,0],[-18,3,39918],[-18,-10,0]],[[22291,14609,0],[1,-6,0]],[[22452,14507,0],[-1,3,0],[8,16,59999],[-32,7,70237],[-7,-22,61862],[-22,17,99208],[4,28,0],[-6,44,0]],[[22497,14409,0],[-2,-1,0]],[[22495,14408,0],[-11,21,54220],[-17,-6,51463],[-11,19,119333],[-1,31,35930],[-7,14,35930],[9,11,0],[-5,9,0]],[[22678,14097,0],[7,6,0]],[[22685,14103,0],[5,-26,0],[15,8,39903],[14,-8,152885],[11,-38,41190],[0,-22,54248],[14,-21,54248],[-5,-23,126683],[27,-21,221813],[-3,-33,73015],[12,-53,40726],[4,-34,0],[9,-14,0]],[[22788,13818,0],[-1,0,0]],[[22147,14525,0],[3,1,0]],[[22174,14529,0],[1,1,0]],[[22175,14530,0],[19,1,0],[8,7,38057],[24,-4,99193],[-11,-22,46228],[-15,5,46228],[8,-25,49454],[16,-9,40559],[-29,0,0],[-48,42,0]],[[22123,14537,0],[11,-8,0]],[[22134,14529,0],[-3,-12,0]],[[22131,14517,0],[-2,-5,0]],[[22605,14169,0],[-1,-1,0]],[[22520,14181,0],[1,1,0]],[[22521,14182,0],[42,-3,0],[41,-10,0],[1,0,0]],[[22224,14558,0],[-10,-14,0],[-56,-2,0]],[[22158,14542,0],[0,8,0]],[[22157,14528,0],[0,1,0]],[[22157,14529,0],[18,1,0]],[[22454,14212,0],[-1,-2,0]],[[22396,14253,0],[2,1,0]],[[22398,14254,0],[2,-3,0],[25,-14,40335],[22,-21,0],[7,-4,0]],[[22295,14426,0],[-1,-1,0]],[[22213,14470,0],[30,2,0],[27,-17,0],[25,-29,0]],[[22158,14497,0],[-1,-2,0]],[[22131,14517,0],[27,-20,0]],[[22788,13818,0],[31,-47,0],[15,-34,0]],[[22834,13737,0],[-4,-1,0]],[[22330,14337,0],[1,-3,0],[8,-13,34079],[12,4,0],[2,-12,0]],[[22353,14313,0],[-4,-1,0]],[[22786,13418,0],[2,0,0]],[[22788,13418,0],[-5,-8,0],[0,-22,38822],[-11,-18,153796],[7,-41,69229],[24,-35,115934],[33,-17,221457],[5,-35,56978],[-12,-18,102088],[-12,14,47686],[-18,-10,0],[0,-4,0]],[[22799,13224,0],[-3,2,0]],[[22799,13224,0],[-4,-43,0],[-12,-11,0],[0,-2,0]],[[22605,14169,0],[10,2,0],[31,-33,62906],[36,-19,0],[3,-16,0]],[[22847,13557,0],[-2,0,0]],[[22848,13630,0],[1,0,0]],[[22849,13630,0],[-6,-36,0],[1,-30,0],[3,-7,0]],[[22326,14374,0],[0,-2,0],[4,-35,0]],[[22454,14212,0],[54,-29,0],[13,-1,0]],[[22158,14542,0],[-20,-1,0],[-1,-5,0]],[[22137,14536,0],[1,7,0]],[[22147,14525,0],[-3,3,0],[13,1,0]],[[22773,13099,0],[7,-1,0]],[[22780,13098,0],[0,-3,0],[-8,-13,41469],[-15,8,47507],[-10,-17,103855],[10,-15,36094],[17,-6,83558],[-20,-24,0]],[[22295,14426,0],[2,-3,0],[31,-18,0],[-1,-21,0]],[[22327,14384,0],[-1,0,0]],[[22353,14313,0],[3,-12,0],[28,-26,0],[14,-21,0]],[[22847,13526,0],[0,-1,0]],[[22847,13525,0],[-21,-32,0],[7,-44,34956],[14,4,34956],[7,-11,34956],[-23,0,109945],[-35,-12,0],[-8,-12,0]],[[22785,13159,0],[1,0,0]],[[22786,13159,0],[3,-13,0],[-10,-27,0],[0,-4,0]],[[22834,13737,0],[3,-7,0],[-2,-12,39407],[15,-32,69677],[1,-18,32539],[-8,-15,47189],[6,-18,0],[0,-5,0]],[[22182,14473,0],[-2,-4,0]],[[22158,14497,0],[10,-7,0],[14,-17,0]],[[22137,14536,0],[-3,-7,0]],[[22847,13557,0],[10,-17,0],[-10,-15,0]],[[22783,13168,0],[3,-9,0]],[[22779,13115,0],[1,-17,0]],[[22182,14473,0],[1,0,0],[19,-3,0],[11,0,0]],[[22327,14384,0],[-1,-10,0]]],"transform":{"scale":[0.00027674069000000004,0.00013626010260102598],"translate":[4.087524,57.759005]},"objects":{"grunnkretser":{"type":"GeometryCollection","geometries":[{"type":"Polygon","arcs":[[0,1,2,3,4,5]],"properties":{"grunnkretsnummer":"33260103","grunnkretsnavn":"Lio","delomradenummer":"332601","delomradenavn":"Hemsedal","kommunenummer":"3326"}},{"type":"Polygon","arcs":[[6,7,8,9,10,11,-5,12,13]],"properties":{"grunnkretsnummer":"33260105","grunnkretsnavn":"Thorset","delomradenummer":"332601","delomradenavn":"Hemsedal","kommunenummer":"3326"}},{"type":"Polygon","arcs":[[14,15,16,17,18,19,20,21]],"properties":{"grunnkretsnummer":"33260108","grunnkretsnavn":"Lykkja","delomradenummer":"332601","delomradenavn":"Hemsedal","kommunenummer":"3326"}},{"type":"Polygon","arcs":[[-22,22,-14,23]],"properties":{"grunnkretsnummer":"33260106","grunnkretsnavn":"Ulsåk","delomradenummer":"332601","delomradenavn":"Hemsedal","kommunenummer":"3326"}},{"type":"Polygon","arcs":[[24,25,-3]],"properties":{"grunnkretsnummer":"33260102","grunnkretsnavn":"Tuv","delomradenummer":"332601","delomradenavn":"Hemsedal","kommunenummer":"3326"}},{"type":"Polygon","arcs":[[26,27,28,29,-16,30,-25,-2,31]],"properties":{"grunnkretsnummer":"33260104","grunnkretsnavn":"Grøndalen","delomradenummer":"332601","delomradenavn":"Hemsedal","kommunenummer":"3326"}},{"type":"Polygon","arcs":[[-31,-15,-24,-13,-4,-26]],"properties":{"grunnkretsnummer":"33260101","grunnkretsnavn":"Trøim","delomradenummer":"332601","delomradenavn":"Hemsedal","kommunenummer":"3326"}},{"type":"Polygon","arcs":[[-23,-21,32,-7]],"properties":{"grunnkretsnummer":"33260107","grunnkretsnavn":"Aalrust","delomradenummer":"332601","delomradenavn":"Hemsedal","kommunenummer":"3326"}},{"type":"Polygon","arcs":[[33,34,35,36,37,38,39]],"properties":{"grunnkretsnummer":"33010301","grunnkretsnavn":"Bragernes sentrum 1","delomradenummer":"330103","delomradenavn":"Bragernes Sentrum","kommunenummer":"3301"}},{"type":"Polygon","arcs":[[40,41,42,43,44]],"properties":{"grunnkretsnummer":"33010712","grunnkretsnavn":"Tangen-Åskollen 12","delomradenummer":"330107","delomradenavn":"Tangen - Åskollen","kommunenummer":"3301"}},{"type":"Polygon","arcs":[[45,46,47,48,49]],"properties":{"grunnkretsnummer":"33010815","grunnkretsnavn":"Danvik-Fjell 15","delomradenummer":"330108","delomradenavn":"Danvik - Fjell","kommunenummer":"3301"}},{"type":"Polygon","arcs":[[50,51,52,53]],"properties":{"grunnkretsnummer":"33120117","grunnkretsnavn":"Vitbank nord","delomradenummer":"331201","delomradenavn":"Høvik","kommunenummer":"3312"}},{"type":"Polygon","arcs":[[54,55,56,57,58]],"properties":{"grunnkretsnummer":"33120205","grunnkretsnavn":"Lierbyen","delomradenummer":"331202","delomradenavn":"Hegg","kommunenummer":"3312"}},{"type":"Polygon","arcs":[[59,60,61,62,63,64,65]],"properties":{"grunnkretsnummer":"33120802","grunnkretsnavn":"Vestre Kjenner","delomradenummer":"331208","delomradenavn":"Lierskogen","kommunenummer":"3312"}},{"type":"Polygon","arcs":[[66,67,68,69,70,71,72,73,74]],"properties":{"grunnkretsnummer":"33160406","grunnkretsnavn":"Vestre Snarum","delomradenummer":"331604","delomradenavn":"Drolsum - Snarum","kommunenummer":"3316"}},{"type":"Polygon","arcs":[[75,76,77,78,79,80,81,82,83]],"properties":{"grunnkretsnummer":"33120601","grunnkretsnavn":"Grøtte","delomradenummer":"331206","delomradenavn":"Nordal","kommunenummer":"3312"}},{"type":"Polygon","arcs":[[84,85,86,87,88,89,90,91,92,93]],"properties":{"grunnkretsnummer":"33120908","grunnkretsnavn":"Gilhusodden","delomradenummer":"331209","delomradenavn":"Gullaug","kommunenummer":"3312"}},{"type":"Polygon","arcs":[[-81,94,95,96,97,-56,98,99]],"properties":{"grunnkretsnummer":"33120206","grunnkretsnavn":"Gommerud","delomradenummer":"331202","delomradenavn":"Hegg","kommunenummer":"3312"}},{"type":"Polygon","arcs":[[100,101,102,103,104,105,106]],"properties":{"grunnkretsnummer":"33120101","grunnkretsnavn":"Nøste 1","delomradenummer":"331201","delomradenavn":"Høvik","kommunenummer":"3312"}},{"type":"Polygon","arcs":[[107,-87,108]],"properties":{"grunnkretsnummer":"33120905","grunnkretsnavn":"Linnes","delomradenummer":"331209","delomradenavn":"Gullaug","kommunenummer":"3312"}},{"type":"Polygon","arcs":[[109,110,111,112,113,114,115,116,117,118]],"properties":{"grunnkretsnummer":"33120401","grunnkretsnavn":"Sjåstad","delomradenummer":"331204","delomradenavn":"Sjåstad","kommunenummer":"3312"}},{"type":"Polygon","arcs":[[119,120,-54,121,122]],"properties":{"grunnkretsnummer":"33120115","grunnkretsnavn":"Frydenlund nord","delomradenummer":"331201","delomradenavn":"Høvik","kommunenummer":"3312"}},{"type":"Polygon","arcs":[[123,124,125,126]],"properties":{"grunnkretsnummer":"33121004","grunnkretsnavn":"Tranby 3d","delomradenummer":"331210","delomradenavn":"Hennummarka","kommunenummer":"3312"}},{"type":"Polygon","arcs":[[127,128,129,130,131,132]],"properties":{"grunnkretsnummer":"33120903","grunnkretsnavn":"Sørum","delomradenummer":"331209","delomradenavn":"Gullaug","kommunenummer":"3312"}},{"type":"Polygon","arcs":[[133,134,-65,135,136,137,138,139]],"properties":{"grunnkretsnummer":"33120806","grunnkretsnavn":"Sagvolden","delomradenummer":"331208","delomradenavn":"Lierskogen","kommunenummer":"3312"}},{"type":"Polygon","arcs":[[-123,140,141,-101,142,143]],"properties":{"grunnkretsnummer":"33120112","grunnkretsnavn":"Lierstranda nord","delomradenummer":"331201","delomradenavn":"Høvik","kommunenummer":"3312"}},{"type":"Polygon","arcs":[[144,145,-133,146,-85,147,-52]],"properties":{"grunnkretsnummer":"33120902","grunnkretsnavn":"Huseby","delomradenummer":"331209","delomradenavn":"Gullaug","kommunenummer":"3312"}},{"type":"Polygon","arcs":[[148,-129,149]],"properties":{"grunnkretsnummer":"33120211","grunnkretsnavn":"Reistad","delomradenummer":"331202","delomradenavn":"Hegg","kommunenummer":"3312"}},{"type":"Polygon","arcs":[[150,151,-97]],"properties":{"grunnkretsnummer":"33120207","grunnkretsnavn":"Haskoll","delomradenummer":"331202","delomradenavn":"Hegg","kommunenummer":"3312"}},{"type":"Polygon","arcs":[[152,153,154,155,156,157,158]],"properties":{"grunnkretsnummer":"33120503","grunnkretsnavn":"Øverskogen","delomradenummer":"331205","delomradenavn":"Sylling","kommunenummer":"3312"}},{"type":"Polygon","arcs":[[159,160,-82,-100,161,162,163]],"properties":{"grunnkretsnummer":"33120203","grunnkretsnavn":"Renskaug","delomradenummer":"331202","delomradenavn":"Hegg","kommunenummer":"3312"}},{"type":"Polygon","arcs":[[164,165,166,167,-138,168]],"properties":{"grunnkretsnummer":"33120804","grunnkretsnavn":"Ovenstad","delomradenummer":"331208","delomradenavn":"Lierskogen","kommunenummer":"3312"}},{"type":"Polygon","arcs":[[-157,169,170,171,172]],"properties":{"grunnkretsnummer":"33120504","grunnkretsnavn":"Hørte","delomradenummer":"331205","delomradenavn":"Sylling","kommunenummer":"3312"}},{"type":"Polygon","arcs":[[173,-119,174,175,176]],"properties":{"grunnkretsnummer":"33120402","grunnkretsnavn":"Oddevall","delomradenummer":"331204","delomradenavn":"Sjåstad","kommunenummer":"3312"}},{"type":"Polygon","arcs":[[177,178]],"properties":{"grunnkretsnummer":"33120303","grunnkretsnavn":"Ringstad","delomradenummer":"331203","delomradenavn":"Egge","kommunenummer":"3312"}},{"type":"Polygon","arcs":[[179,-145,-51,-121,180,181]],"properties":{"grunnkretsnummer":"33120111","grunnkretsnavn":"Haga","delomradenummer":"331201","delomradenavn":"Høvik","kommunenummer":"3312"}},{"type":"Polygon","arcs":[[-102,-142,182,183,184,185,186]],"properties":{"grunnkretsnummer":"33120113","grunnkretsnavn":"Lierstranda syd","delomradenummer":"331201","delomradenavn":"Høvik","kommunenummer":"3312"}},{"type":"Polygon","arcs":[[187,-59,188,189,-163]],"properties":{"grunnkretsnummer":"33120202","grunnkretsnavn":"Frogner","delomradenummer":"331202","delomradenavn":"Hegg","kommunenummer":"3312"}},{"type":"Polygon","arcs":[[-58,190,191,192,-189]],"properties":{"grunnkretsnummer":"33120201","grunnkretsnavn":"Grette","delomradenummer":"331202","delomradenavn":"Hegg","kommunenummer":"3312"}},{"type":"Polygon","arcs":[[193,-170,-156,194,195,196,197,198,199,200]],"properties":{"grunnkretsnummer":"33120507","grunnkretsnavn":"Tveiten","delomradenummer":"331205","delomradenavn":"Sylling","kommunenummer":"3312"}},{"type":"Polygon","arcs":[[201,-126,202,203]],"properties":{"grunnkretsnummer":"33121002","grunnkretsnavn":"Tranby 3b","delomradenummer":"331210","delomradenavn":"Hennummarka","kommunenummer":"3312"}},{"type":"Polygon","arcs":[[204,205,-204,206,207]],"properties":{"grunnkretsnummer":"33121001","grunnkretsnavn":"Tranby 3a","delomradenummer":"331210","delomradenavn":"Hennummarka","kommunenummer":"3312"}},{"type":"Polygon","arcs":[[-118,208,209,-159,210,-172,211,212,213,-175]],"properties":{"grunnkretsnummer":"33120501","grunnkretsnavn":"Solberg","delomradenummer":"331205","delomradenavn":"Sylling","kommunenummer":"3312"}},{"type":"Polygon","arcs":[[-96,214,215,216,-151]],"properties":{"grunnkretsnummer":"33120208","grunnkretsnavn":"Lier sykehus","delomradenummer":"331202","delomradenavn":"Hegg","kommunenummer":"3312"}},{"type":"Polygon","arcs":[[-158,-173,-211]],"properties":{"grunnkretsnummer":"33120502","grunnkretsnavn":"Fagerliåsen","delomradenummer":"331205","delomradenavn":"Sylling","kommunenummer":"3312"}},{"type":"Polygon","arcs":[[217,218,219,220,221,222,223,224,225]],"properties":{"grunnkretsnummer":"33120104","grunnkretsnavn":"Hasselbakken","delomradenummer":"331201","delomradenavn":"Høvik","kommunenummer":"3312"}},{"type":"Polygon","arcs":[[-221,226,-106,227,228]],"properties":{"grunnkretsnummer":"33120102","grunnkretsnavn":"Nøste 2","delomradenummer":"331201","delomradenavn":"Høvik","kommunenummer":"3312"}},{"type":"Polygon","arcs":[[-111,229,-76,230,-179,231,232,233]],"properties":{"grunnkretsnummer":"33120304","grunnkretsnavn":"Meren","delomradenummer":"331203","delomradenavn":"Egge","kommunenummer":"3312"}},{"type":"Polygon","arcs":[[-184,-183,-141,-122,234,235,236,237]],"properties":{"grunnkretsnummer":"33120114","grunnkretsnavn":"Frydenlund syd","delomradenummer":"331201","delomradenavn":"Høvik","kommunenummer":"3312"}},{"type":"Polygon","arcs":[[-99,-55,-188,-162]],"properties":{"grunnkretsnummer":"33120204","grunnkretsnavn":"Eikenga","delomradenummer":"331202","delomradenavn":"Hegg","kommunenummer":"3312"}},{"type":"Polygon","arcs":[[-94,-93,-92,-91,-90,-89,238,-236,-235,-53,-148]],"properties":{"grunnkretsnummer":"33120116","grunnkretsnavn":"Vitbank syd","delomradenummer":"331201","delomradenavn":"Høvik","kommunenummer":"3312"}},{"type":"Polygon","arcs":[[-125,239,240,-169,-137,241,-63,242,243,244,245,-207,-203]],"properties":{"grunnkretsnummer":"33120803","grunnkretsnavn":"Gjellebekk","delomradenummer":"331208","delomradenavn":"Lierskogen","kommunenummer":"3312"}},{"type":"Polygon","arcs":[[246,247,-139,-168]],"properties":{"grunnkretsnummer":"33120805","grunnkretsnavn":"Rype","delomradenummer":"331208","delomradenavn":"Lierskogen","kommunenummer":"3312"}},{"type":"Polygon","arcs":[[248,-164,-190,-193,249,250,-218,251,252,253,254,255]],"properties":{"grunnkretsnummer":"33120105","grunnkretsnavn":"Vivelstad","delomradenummer":"331201","delomradenavn":"Høvik","kommunenummer":"3312"}},{"type":"Polygon","arcs":[[-83,-161,256]],"properties":{"grunnkretsnummer":"33120301","grunnkretsnavn":"Landfall","delomradenummer":"331203","delomradenavn":"Egge","kommunenummer":"3312"}},{"type":"Polygon","arcs":[[257,258,259,260,-88,-108,261,262]],"properties":{"grunnkretsnummer":"33120906","grunnkretsnavn":"Gullaug","delomradenummer":"331209","delomradenavn":"Gullaug","kommunenummer":"3312"}},{"type":"Polygon","arcs":[[263,-127,-202,-206]],"properties":{"grunnkretsnummer":"33121003","grunnkretsnavn":"Tranby 3c","delomradenummer":"331210","delomradenavn":"Hennummarka","kommunenummer":"3312"}},{"type":"Polygon","arcs":[[-61,-130,-149,264,265]],"properties":{"grunnkretsnummer":"33120210","grunnkretsnavn":"Reistadåsen","delomradenummer":"331202","delomradenavn":"Hegg","kommunenummer":"3312"}},{"type":"Polygon","arcs":[[-242,-136,-64]],"properties":{"grunnkretsnummer":"33120801","grunnkretsnavn":"Østre Kjenner","delomradenummer":"331208","delomradenavn":"Lierskogen","kommunenummer":"3312"}},{"type":"Polygon","arcs":[[-98,-152,-217,266,267,268,-191,-57]],"properties":{"grunnkretsnummer":"33120213","grunnkretsnavn":"Valle","delomradenummer":"331202","delomradenavn":"Hegg","kommunenummer":"3312"}},{"type":"Polygon","arcs":[[269,-240,-124,-264,-205,270,-78]],"properties":{"grunnkretsnummer":"33120603","grunnkretsnavn":"Hennum","delomradenummer":"331206","delomradenavn":"Nordal","kommunenummer":"3312"}},{"type":"Polygon","arcs":[[-160,-249,271,-232,-178,-231,-84,-257]],"properties":{"grunnkretsnummer":"33120302","grunnkretsnavn":"Egge","delomradenummer":"331203","delomradenavn":"Egge","kommunenummer":"3312"}},{"type":"Polygon","arcs":[[272,-245,273,274]],"properties":{"grunnkretsnummer":"33120703","grunnkretsnavn":"Tranby senter","delomradenummer":"331207","delomradenavn":"Hallingstad","kommunenummer":"3312"}},{"type":"Polygon","arcs":[[-275,275,276]],"properties":{"grunnkretsnummer":"33120702","grunnkretsnavn":"Tranby 2","delomradenummer":"331207","delomradenavn":"Hallingstad","kommunenummer":"3312"}},{"type":"Polygon","arcs":[[-250,-192,-269,-182,277]],"properties":{"grunnkretsnummer":"33120106","grunnkretsnavn":"Kjellstad","delomradenummer":"331201","delomradenavn":"Høvik","kommunenummer":"3312"}},{"type":"Polygon","arcs":[[278,-276,-274,-244,279,-215,-95,-80]],"properties":{"grunnkretsnummer":"33120701","grunnkretsnavn":"Overn","delomradenummer":"331207","delomradenavn":"Hallingstad","kommunenummer":"3312"}},{"type":"Polygon","arcs":[[-271,-208,-246,-273,-277,-279,-79]],"properties":{"grunnkretsnummer":"33120604","grunnkretsnavn":"Tranby","delomradenummer":"331206","delomradenavn":"Nordal","kommunenummer":"3312"}},{"type":"Polygon","arcs":[[-251,-278,-181,-120,-144,280,-219]],"properties":{"grunnkretsnummer":"33120107","grunnkretsnavn":"Stoppen","delomradenummer":"331201","delomradenavn":"Høvik","kommunenummer":"3312"}},{"type":"Polygon","arcs":[[-132,281,-262,-109,-86,-147]],"properties":{"grunnkretsnummer":"33120904","grunnkretsnavn":"Kunterud","delomradenummer":"331209","delomradenavn":"Gullaug","kommunenummer":"3312"}},{"type":"Polygon","arcs":[[282,283,284,285,286,287,288,-260,-259]],"properties":{"grunnkretsnummer":"33120907","grunnkretsnavn":"Engersand","delomradenummer":"331209","delomradenavn":"Gullaug","kommunenummer":"3312"}},{"type":"Polygon","arcs":[[289,-265,-150,-128,-146,-180,-268]],"properties":{"grunnkretsnummer":"33120212","grunnkretsnavn":"Viker","delomradenummer":"331202","delomradenavn":"Hegg","kommunenummer":"3312"}},{"type":"Polygon","arcs":[[-176,-214,290,291,-110,-174,292]],"properties":{"grunnkretsnummer":"33120404","grunnkretsnavn":"Vefferstad","delomradenummer":"331204","delomradenavn":"Sjåstad","kommunenummer":"3312"}},{"type":"Polygon","arcs":[[-280,-243,-62,-266,-290,-267,-216]],"properties":{"grunnkretsnummer":"33120209","grunnkretsnavn":"Utsikten","delomradenummer":"331202","delomradenavn":"Hegg","kommunenummer":"3312"}},{"type":"Polygon","arcs":[[-171,-194,293,-212]],"properties":{"grunnkretsnummer":"33120505","grunnkretsnavn":"Sylling nord","delomradenummer":"331205","delomradenavn":"Sylling","kommunenummer":"3312"}},{"type":"Polygon","arcs":[[-293,-177]],"properties":{"grunnkretsnummer":"33120403","grunnkretsnavn":"Gifstad","delomradenummer":"331204","delomradenavn":"Sjåstad","kommunenummer":"3312"}},{"type":"Polygon","arcs":[[-220,-281,-143,-107,-227]],"properties":{"grunnkretsnummer":"33120103","grunnkretsnavn":"Nøste 3","delomradenummer":"331201","delomradenavn":"Høvik","kommunenummer":"3312"}},{"type":"Polygon","arcs":[[-165,-241,-270,-77,-230,-292,294,-200,295]],"properties":{"grunnkretsnummer":"33120602","grunnkretsnavn":"Sørsdal","delomradenummer":"331206","delomradenavn":"Nordal","kommunenummer":"3312"}},{"type":"Polygon","arcs":[[-294,-201,-295,-291,-213]],"properties":{"grunnkretsnummer":"33120506","grunnkretsnavn":"Sylling sør","delomradenummer":"331205","delomradenavn":"Sylling","kommunenummer":"3312"}},{"type":"Polygon","arcs":[[296,297,298,299,300]],"properties":{"grunnkretsnummer":"33140407","grunnkretsnavn":"Loesmoen nord","delomradenummer":"331404","delomradenavn":"Hokksund Øst","kommunenummer":"3314"}},{"type":"Polygon","arcs":[[301,302,303,304,305,306]],"properties":{"grunnkretsnummer":"33010818","grunnkretsnavn":"Danvik-Fjell 18","delomradenummer":"330108","delomradenavn":"Danvik - Fjell","kommunenummer":"3301"}},{"type":"Polygon","arcs":[[307,308,309,310,311,312,313,314]],"properties":{"grunnkretsnummer":"33010124","grunnkretsnavn":"Åssiden 24","delomradenummer":"330101","delomradenavn":"Åssiden","kommunenummer":"3301"}},{"type":"Polygon","arcs":[[315,316,317,318]],"properties":{"grunnkretsnummer":"33010308","grunnkretsnavn":"Bragernes sentrum 8","delomradenummer":"330103","delomradenavn":"Bragernes Sentrum","kommunenummer":"3301"}},{"type":"Polygon","arcs":[[319,320,321,322,323,324,325,326,327,328,329]],"properties":{"grunnkretsnummer":"33011701","grunnkretsnavn":"Hella-Tangen","delomradenummer":"330117","delomradenavn":"Nesbygda","kommunenummer":"3301"}},{"type":"Polygon","arcs":[[330,331,332,333,334]],"properties":{"grunnkretsnummer":"33010609","grunnkretsnavn":"Strømsø 9","delomradenummer":"330106","delomradenavn":"Strømsø","kommunenummer":"3301"}},{"type":"Polygon","arcs":[[335,336,337,-298,338,339,340,341,342]],"properties":{"grunnkretsnummer":"33140406","grunnkretsnavn":"Hokksund sentrum-Frognes","delomradenummer":"331404","delomradenavn":"Hokksund Øst","kommunenummer":"3314"}},{"type":"Polygon","arcs":[[343,344,345,346,347,348,349]],"properties":{"grunnkretsnummer":"33140305","grunnkretsnavn":"Røren-Åsgård","delomradenummer":"331403","delomradenavn":"Hokksund Vest","kommunenummer":"3314"}},{"type":"Polygon","arcs":[[350,351,352,353,354,355]],"properties":{"grunnkretsnummer":"33140102","grunnkretsnavn":"Skogen","delomradenummer":"331401","delomradenavn":"Fiskum","kommunenummer":"3314"}},{"type":"Polygon","arcs":[[356,357,358,359,360,361]],"properties":{"grunnkretsnummer":"33140205","grunnkretsnavn":"Røkkeberg","delomradenummer":"331402","delomradenavn":"Vestfossen","kommunenummer":"3314"}},{"type":"Polygon","arcs":[[362,363,364,365,366,-352]],"properties":{"grunnkretsnummer":"33140104","grunnkretsnavn":"Darbu","delomradenummer":"331401","delomradenavn":"Fiskum","kommunenummer":"3314"}},{"type":"Polygon","arcs":[[367,368,369,370,371,372,373]],"properties":{"grunnkretsnummer":"33140505","grunnkretsnavn":"Fjerdingstad","delomradenummer":"331405","delomradenavn":"Skotselv","kommunenummer":"3314"}},{"type":"Polygon","arcs":[[374,375,376,377,378]],"properties":{"grunnkretsnummer":"33010513","grunnkretsnavn":"Gulskogen-Sundhaugen 13","delomradenummer":"330105","delomradenavn":"Gulskogen - Sundhaugen","kommunenummer":"3301"}},{"type":"Polygon","arcs":[[379,380,381,382,383,-185,-238,384,385,386]],"properties":{"grunnkretsnummer":"33010409","grunnkretsnavn":"Holmen","delomradenummer":"330104","delomradenavn":"Fjellheim","kommunenummer":"3301"}},{"type":"Polygon","arcs":[[387,388,389,390,391]],"properties":{"grunnkretsnummer":"33240105","grunnkretsnavn":"Gol sentrum","delomradenummer":"332401","delomradenavn":"Gol Aust","kommunenummer":"3324"}},{"type":"Polygon","arcs":[[-20,392,393,394,395,-8,-33]],"properties":{"grunnkretsnummer":"33240206","grunnkretsnavn":"Hatten","delomradenummer":"332402","delomradenavn":"Gol Vest","kommunenummer":"3324"}},{"type":"Polygon","arcs":[[396,397,398,399]],"properties":{"grunnkretsnummer":"33160306","grunnkretsnavn":"Kroka","delomradenummer":"331603","delomradenavn":"Vikersund","kommunenummer":"3316"}},{"type":"Polygon","arcs":[[400,401,-116,402]],"properties":{"grunnkretsnummer":"33160205","grunnkretsnavn":"Heggen","delomradenummer":"331602","delomradenavn":"Geithus","kommunenummer":"3316"}},{"type":"Polygon","arcs":[[403,404,405,406,407]],"properties":{"grunnkretsnummer":"33160302","grunnkretsnavn":"Gulsrud","delomradenummer":"331603","delomradenavn":"Vikersund","kommunenummer":"3316"}},{"type":"Polygon","arcs":[[408,409,410,-69]],"properties":{"grunnkretsnummer":"33160408","grunnkretsnavn":"Kløftefoss","delomradenummer":"331604","delomradenavn":"Drolsum - Snarum","kommunenummer":"3316"}},{"type":"Polygon","arcs":[[411,412,413,414,415,416]],"properties":{"grunnkretsnummer":"33160102","grunnkretsnavn":"Bingen","delomradenummer":"331601","delomradenavn":"Åmot","kommunenummer":"3316"}},{"type":"Polygon","arcs":[[417,418,419,420,421,422,423]],"properties":{"grunnkretsnummer":"33011039","grunnkretsnavn":"Konnerud 39","delomradenummer":"330110","delomradenavn":"Konnerud","kommunenummer":"3301"}},{"type":"Polygon","arcs":[[424,425,426,427,428]],"properties":{"grunnkretsnummer":"33010606","grunnkretsnavn":"Strømsø 6","delomradenummer":"330106","delomradenavn":"Strømsø","kommunenummer":"3301"}},{"type":"Polygon","arcs":[[-430,-6,-12,430,431,432]],"properties":{"grunnkretsnummer":"33280211","grunnkretsnavn":"Reine-Versjøen","delomradenummer":"332802","delomradenavn":"Torpo - Nordbygden","kommunenummer":"3328"}},{"type":"Polygon","arcs":[[-395,433,434,435,436]],"properties":{"grunnkretsnummer":"33240205","grunnkretsnavn":"Øygardane","delomradenummer":"332402","delomradenavn":"Gol Vest","kommunenummer":"3324"}},{"type":"Polygon","arcs":[[-435,437,-391,438,439,440]],"properties":{"grunnkretsnummer":"33240202","grunnkretsnavn":"Golreppen","delomradenummer":"332402","delomradenavn":"Gol Vest","kommunenummer":"3324"}},{"type":"Polygon","arcs":[[441,442,443,444,445,446,447,448,449]],"properties":{"grunnkretsnummer":"33240102","grunnkretsnavn":"Herad","delomradenummer":"332401","delomradenavn":"Gol Aust","kommunenummer":"3324"}},{"type":"Polygon","arcs":[[450,-440,451,452]],"properties":{"grunnkretsnummer":"33240203","grunnkretsnavn":"Tuppeskogen","delomradenummer":"332402","delomradenavn":"Gol Vest","kommunenummer":"3324"}},{"type":"Polygon","arcs":[[453,454,-442,455,-392,-438,-434,-394,456]],"properties":{"grunnkretsnummer":"33240103","grunnkretsnavn":"Åsgardane","delomradenummer":"332401","delomradenavn":"Gol Aust","kommunenummer":"3324"}},{"type":"Polygon","arcs":[[-388,-456,-450,457]],"properties":{"grunnkretsnummer":"33240104","grunnkretsnavn":"Gol tettstad aust","delomradenummer":"332401","delomradenavn":"Gol Aust","kommunenummer":"3324"}},{"type":"Polygon","arcs":[[458,-436,-441,-451,459,460]],"properties":{"grunnkretsnummer":"33240204","grunnkretsnavn":"Rotneim","delomradenummer":"332402","delomradenavn":"Gol Vest","kommunenummer":"3324"}},{"type":"Polygon","arcs":[[461,-452,-439,-390]],"properties":{"grunnkretsnummer":"33240201","grunnkretsnavn":"Gol tettstad vest","delomradenummer":"332402","delomradenavn":"Gol Vest","kommunenummer":"3324"}},{"type":"Polygon","arcs":[[-448,462]],"properties":{"grunnkretsnummer":"33240101","grunnkretsnavn":"Engene","delomradenummer":"332401","delomradenavn":"Gol Aust","kommunenummer":"3324"}},{"type":"Polygon","arcs":[[-9,-396,-437,-459,463,464]],"properties":{"grunnkretsnummer":"33240207","grunnkretsnavn":"Granli","delomradenummer":"332402","delomradenavn":"Gol Vest","kommunenummer":"3324"}},{"type":"Polygon","arcs":[[465,466,467,468,469,-47,470]],"properties":{"grunnkretsnummer":"33010814","grunnkretsnavn":"Danvik-Fjell 14","delomradenummer":"330108","delomradenavn":"Danvik - Fjell","kommunenummer":"3301"}},{"type":"Polygon","arcs":[[471,472,-316,473,474,475]],"properties":{"grunnkretsnummer":"33010307","grunnkretsnavn":"Bragernes sentrum 7","delomradenummer":"330103","delomradenavn":"Bragernes Sentrum","kommunenummer":"3301"}},{"type":"Polygon","arcs":[[476,477,-35,478]],"properties":{"grunnkretsnummer":"33010305","grunnkretsnavn":"Bragernes sentrum 5","delomradenummer":"330103","delomradenavn":"Bragernes Sentrum","kommunenummer":"3301"}},{"type":"Polygon","arcs":[[479,480,481,-314,482,483,484,485]],"properties":{"grunnkretsnummer":"33010106","grunnkretsnavn":"Åssiden 6","delomradenummer":"330101","delomradenavn":"Åssiden","kommunenummer":"3301"}},{"type":"Polygon","arcs":[[-313,486,487,488,-483]],"properties":{"grunnkretsnummer":"33010118","grunnkretsnavn":"Åssiden 18","delomradenummer":"330101","delomradenavn":"Åssiden","kommunenummer":"3301"}},{"type":"Polygon","arcs":[[489,490,491,492]],"properties":{"grunnkretsnummer":"33011044","grunnkretsnavn":"Konnerud 44","delomradenummer":"330110","delomradenavn":"Konnerud","kommunenummer":"3301"}},{"type":"Polygon","arcs":[[493,494,495,496,497,498]],"properties":{"grunnkretsnummer":"33011017","grunnkretsnavn":"Konnerud 17","delomradenummer":"330110","delomradenavn":"Konnerud","kommunenummer":"3301"}},{"type":"Polygon","arcs":[[499,500,501,502,503,-317,-473]],"properties":{"grunnkretsnummer":"33010309","grunnkretsnavn":"Bragernes sentrum 9","delomradenummer":"330103","delomradenavn":"Bragernes Sentrum","kommunenummer":"3301"}},{"type":"Polygon","arcs":[[504,505,506,507,508]],"properties":{"grunnkretsnummer":"33011302","grunnkretsnavn":"Rundtom-Kilen","delomradenummer":"330113","delomradenavn":"Steinberg","kommunenummer":"3301"}},{"type":"Polygon","arcs":[[509,510,511,512]],"properties":{"grunnkretsnummer":"33010706","grunnkretsnavn":"Tangen-Åskollen 6","delomradenummer":"330107","delomradenavn":"Tangen - Åskollen","kommunenummer":"3301"}},{"type":"Polygon","arcs":[[513,514,515,516,517,518]],"properties":{"grunnkretsnummer":"33011053","grunnkretsnavn":"Konnerud 53","delomradenummer":"330110","delomradenavn":"Konnerud","kommunenummer":"3301"}},{"type":"Polygon","arcs":[[519,520,521,522,523,524]],"properties":{"grunnkretsnummer":"33011021","grunnkretsnavn":"Konnerud 21","delomradenummer":"330110","delomradenavn":"Konnerud","kommunenummer":"3301"}},{"type":"Polygon","arcs":[[-43,525,526,527,528]],"properties":{"grunnkretsnummer":"33010717","grunnkretsnavn":"Tangen-Åskollen 17","delomradenummer":"330107","delomradenavn":"Tangen - Åskollen","kommunenummer":"3301"}},{"type":"Polygon","arcs":[[529,530,531,532]],"properties":{"grunnkretsnummer":"33011204","grunnkretsnavn":"Blåfjellveien-Olleveien","delomradenummer":"330112","delomradenavn":"Solbergelva","kommunenummer":"3301"}},{"type":"Polygon","arcs":[[533,534,535,536,537,538]],"properties":{"grunnkretsnummer":"33300213","grunnkretsnavn":"Kyrkjehovda","delomradenummer":"333002","delomradenavn":"Vestre Hol","kommunenummer":"3330"}},{"type":"Polygon","arcs":[[539,540,541,542,543]],"properties":{"grunnkretsnummer":"33300101","grunnkretsnavn":"Vestlia","delomradenummer":"333001","delomradenavn":"Østre Hol","kommunenummer":"3330"}},{"type":"Polygon","arcs":[[544,-544,545,546]],"properties":{"grunnkretsnummer":"33300102","grunnkretsnavn":"Moen","delomradenummer":"333001","delomradenavn":"Østre Hol","kommunenummer":"3330"}},{"type":"Polygon","arcs":[[547,548,549,550,551,552]],"properties":{"grunnkretsnummer":"33300107","grunnkretsnavn":"Nord-Hovet","delomradenummer":"333001","delomradenavn":"Østre Hol","kommunenummer":"3330"}},{"type":"Polygon","arcs":[[553,554,555,556,557,558]],"properties":{"grunnkretsnummer":"33300209","grunnkretsnavn":"Geilolia","delomradenummer":"333002","delomradenavn":"Vestre Hol","kommunenummer":"3330"}},{"type":"Polygon","arcs":[[559,560,-550]],"properties":{"grunnkretsnummer":"33300106","grunnkretsnavn":"Sør-Hovet vestre","delomradenummer":"333001","delomradenavn":"Østre Hol","kommunenummer":"3330"}},{"type":"Polygon","arcs":[[-433,561,562,563,564,565,-560,-549,566,567,-569,-570]],"properties":{"grunnkretsnummer":"33300110","grunnkretsnavn":"Øvre Urundidalen","delomradenummer":"333001","delomradenavn":"Østre Hol","kommunenummer":"3330"}},{"type":"Polygon","arcs":[[570,-558,571]],"properties":{"grunnkretsnummer":"33300211","grunnkretsnavn":"Fjellet","delomradenummer":"333002","delomradenavn":"Vestre Hol","kommunenummer":"3330"}},{"type":"Polygon","arcs":[[572,573,574,575,-536]],"properties":{"grunnkretsnummer":"33300202","grunnkretsnavn":"Sør-Skurdalen","delomradenummer":"333002","delomradenavn":"Vestre Hol","kommunenummer":"3330"}},{"type":"Polygon","arcs":[[576,577,-542,578,579,580]],"properties":{"grunnkretsnummer":"33300204","grunnkretsnavn":"Kvisla","delomradenummer":"333002","delomradenavn":"Vestre Hol","kommunenummer":"3330"}},{"type":"Polygon","arcs":[[581,582,583,-428,584,-331,585,586,587,588]],"properties":{"grunnkretsnummer":"33010605","grunnkretsnavn":"Strømsø 5","delomradenummer":"330106","delomradenavn":"Strømsø","kommunenummer":"3301"}},{"type":"Polygon","arcs":[[-565,589,-577,590,591]],"properties":{"grunnkretsnummer":"33300104","grunnkretsnavn":"Vestre Holet","delomradenummer":"333001","delomradenavn":"Østre Hol","kommunenummer":"3330"}},{"type":"Polygon","arcs":[[592,593,-554,594,595]],"properties":{"grunnkretsnummer":"33300207","grunnkretsnavn":"Geilomoen","delomradenummer":"333002","delomradenavn":"Vestre Hol","kommunenummer":"3330"}},{"type":"Polygon","arcs":[[596,-595,-559,-571,597]],"properties":{"grunnkretsnummer":"33300210","grunnkretsnavn":"Ustedalen","delomradenummer":"333002","delomradenavn":"Vestre Hol","kommunenummer":"3330"}},{"type":"Polygon","arcs":[[598,-556,599,-579,-541,600,-573,-535]],"properties":{"grunnkretsnummer":"33300203","grunnkretsnavn":"Skurdalen","delomradenummer":"333002","delomradenavn":"Vestre Hol","kommunenummer":"3330"}},{"type":"Polygon","arcs":[[-566,-592,601,-551,-561]],"properties":{"grunnkretsnummer":"33300105","grunnkretsnavn":"Sør-Hovet østre","delomradenummer":"333001","delomradenavn":"Østre Hol","kommunenummer":"3330"}},{"type":"Polygon","arcs":[[-576,602,603,604,-537]],"properties":{"grunnkretsnummer":"33300201","grunnkretsnavn":"Dagali","delomradenummer":"333002","delomradenavn":"Vestre Hol","kommunenummer":"3330"}},{"type":"Polygon","arcs":[[-567,-548,605]],"properties":{"grunnkretsnummer":"33300108","grunnkretsnavn":"Sudndalen","delomradenummer":"333001","delomradenavn":"Østre Hol","kommunenummer":"3330"}},{"type":"Polygon","arcs":[[606,-552,-602,-591,-581,607,608,609,-598,-572,-557,-599,-534,610,611,-613]],"properties":{"grunnkretsnummer":"33300212","grunnkretsnavn":"Monsbuhei","delomradenummer":"333002","delomradenavn":"Vestre Hol","kommunenummer":"3330"}},{"type":"Polygon","arcs":[[-546,-543,-578,-590,-564,613]],"properties":{"grunnkretsnummer":"33300103","grunnkretsnavn":"Østre Holet","delomradenummer":"333001","delomradenavn":"Østre Hol","kommunenummer":"3330"}},{"type":"Polygon","arcs":[[-608,-580,-600,-555,-594,614]],"properties":{"grunnkretsnummer":"33300205","grunnkretsnavn":"Nedre Lien","delomradenummer":"333002","delomradenavn":"Vestre Hol","kommunenummer":"3330"}},{"type":"Polygon","arcs":[[-616,-568,-606,-553,-607,-617]],"properties":{"grunnkretsnummer":"33300109","grunnkretsnavn":"Bjørkedalen","delomradenummer":"333001","delomradenavn":"Østre Hol","kommunenummer":"3330"}},{"type":"Polygon","arcs":[[-609,-615,-593,617]],"properties":{"grunnkretsnummer":"33300206","grunnkretsnavn":"Øvre Lien","delomradenummer":"333002","delomradenavn":"Vestre Hol","kommunenummer":"3330"}},{"type":"Polygon","arcs":[[-618,-596,-597,-610]],"properties":{"grunnkretsnummer":"33300208","grunnkretsnavn":"Timrehaugen","delomradenummer":"333002","delomradenavn":"Vestre Hol","kommunenummer":"3330"}},{"type":"Polygon","arcs":[[618,619,620,621,622,623]],"properties":{"grunnkretsnummer":"33010507","grunnkretsnavn":"Gulskogen-Sundhaugen 7","delomradenummer":"330105","delomradenavn":"Gulskogen - Sundhaugen","kommunenummer":"3301"}},{"type":"Polygon","arcs":[[624,625,626,-419,627,628]],"properties":{"grunnkretsnummer":"33011027","grunnkretsnavn":"Konnerud 27","delomradenummer":"330110","delomradenavn":"Konnerud","kommunenummer":"3301"}},{"type":"Polygon","arcs":[[629,630,631,632,633]],"properties":{"grunnkretsnummer":"33010205","grunnkretsnavn":"Øren-Underlia 5","delomradenummer":"330102","delomradenavn":"Øren - Underlia","kommunenummer":"3301"}},{"type":"Polygon","arcs":[[-523,634,635,636]],"properties":{"grunnkretsnummer":"33011022","grunnkretsnavn":"Konnerud 22","delomradenummer":"330110","delomradenavn":"Konnerud","kommunenummer":"3301"}},{"type":"Polygon","arcs":[[637,-621,638,639,640,641]],"properties":{"grunnkretsnummer":"33010503","grunnkretsnavn":"Gulskogen-Sundhaugen 3","delomradenummer":"330105","delomradenavn":"Gulskogen - Sundhaugen","kommunenummer":"3301"}},{"type":"Polygon","arcs":[[642,643,644,-635,-522,645]],"properties":{"grunnkretsnummer":"33011019","grunnkretsnavn":"Konnerud 19","delomradenummer":"330110","delomradenavn":"Konnerud","kommunenummer":"3301"}},{"type":"Polygon","arcs":[[646,647,648,-322,649,650,651]],"properties":{"grunnkretsnummer":"33011703","grunnkretsnavn":"Tørkopområdet","delomradenummer":"330117","delomradenavn":"Nesbygda","kommunenummer":"3301"}},{"type":"Polygon","arcs":[[652,653,654,655,656,657]],"properties":{"grunnkretsnummer":"33280104","grunnkretsnavn":"Sundre","delomradenummer":"332801","delomradenavn":"Sundre","kommunenummer":"3328"}},{"type":"Polygon","arcs":[[658,-657,659,660,661]],"properties":{"grunnkretsnummer":"33280103","grunnkretsnavn":"Stave","delomradenummer":"332801","delomradenavn":"Sundre","kommunenummer":"3328"}},{"type":"Polygon","arcs":[[662,-464,-461,663,664,665]],"properties":{"grunnkretsnummer":"33280201","grunnkretsnavn":"Uri","delomradenummer":"332802","delomradenavn":"Torpo - Nordbygden","kommunenummer":"3328"}},{"type":"Polygon","arcs":[[666,667,668,669,670,-654,671]],"properties":{"grunnkretsnummer":"33280205","grunnkretsnavn":"Sando","delomradenummer":"332802","delomradenavn":"Torpo - Nordbygden","kommunenummer":"3328"}},{"type":"Polygon","arcs":[[672,673,674,-562,-432]],"properties":{"grunnkretsnummer":"33280210","grunnkretsnavn":"Nordre Vats","delomradenummer":"332802","delomradenavn":"Torpo - Nordbygden","kommunenummer":"3328"}},{"type":"Polygon","arcs":[[-660,-656,675,676,677,678]],"properties":{"grunnkretsnummer":"33280102","grunnkretsnavn":"Vestlia","delomradenummer":"332801","delomradenavn":"Sundre","kommunenummer":"3328"}},{"type":"Polygon","arcs":[[-10,-465,-663,679,-669,680]],"properties":{"grunnkretsnummer":"33280203","grunnkretsnavn":"Opheim","delomradenummer":"332802","delomradenavn":"Torpo - Nordbygden","kommunenummer":"3328"}},{"type":"Polygon","arcs":[[-563,-675,681,682,683,-662,684,-547,-614]],"properties":{"grunnkretsnummer":"33280106","grunnkretsnavn":"Kvinnegardslia","delomradenummer":"332801","delomradenavn":"Sundre","kommunenummer":"3328"}},{"type":"Polygon","arcs":[[-667,685,686,-683,687,688]],"properties":{"grunnkretsnummer":"33280207","grunnkretsnavn":"Tveito","delomradenummer":"332802","delomradenavn":"Torpo - Nordbygden","kommunenummer":"3328"}},{"type":"Polygon","arcs":[[-655,-671,689,-665,-676]],"properties":{"grunnkretsnummer":"33280204","grunnkretsnavn":"Satakroken","delomradenummer":"332802","delomradenavn":"Torpo - Nordbygden","kommunenummer":"3328"}},{"type":"Polygon","arcs":[[-672,-653,690,-686]],"properties":{"grunnkretsnummer":"33280206","grunnkretsnavn":"Bergsgard","delomradenummer":"332802","delomradenavn":"Torpo - Nordbygden","kommunenummer":"3328"}},{"type":"Polygon","arcs":[[-687,-691,-658,-659,-684]],"properties":{"grunnkretsnummer":"33280105","grunnkretsnavn":"Øvre Ål","delomradenummer":"332801","delomradenavn":"Sundre","kommunenummer":"3328"}},{"type":"Polygon","arcs":[[-680,-666,-690,-670]],"properties":{"grunnkretsnummer":"33280202","grunnkretsnavn":"Torpo-Torpomoen","delomradenummer":"332802","delomradenavn":"Torpo - Nordbygden","kommunenummer":"3328"}},{"type":"Polygon","arcs":[[-668,-689,691,-673,-431,-11,-681]],"properties":{"grunnkretsnummer":"33280208","grunnkretsnavn":"Leveld","delomradenummer":"332802","delomradenavn":"Torpo - Nordbygden","kommunenummer":"3328"}},{"type":"Polygon","arcs":[[-692,-688,-682,-674]],"properties":{"grunnkretsnummer":"33280209","grunnkretsnavn":"Søre Vats","delomradenummer":"332802","delomradenavn":"Torpo - Nordbygden","kommunenummer":"3328"}},{"type":"Polygon","arcs":[[-574,-601,-540,-545,-685,-661,-679,692]],"properties":{"grunnkretsnummer":"33280101","grunnkretsnavn":"Breie-Strand","delomradenummer":"332801","delomradenavn":"Sundre","kommunenummer":"3328"}},{"type":"Polygon","arcs":[[693,694,695,-639,-620]],"properties":{"grunnkretsnummer":"33010506","grunnkretsnavn":"Gulskogen-Sundhaugen 6","delomradenummer":"330105","delomradenavn":"Gulskogen - Sundhaugen","kommunenummer":"3301"}},{"type":"Polygon","arcs":[[696,697,698,-309,699]],"properties":{"grunnkretsnummer":"33010127","grunnkretsnavn":"Åssiden 27","delomradenummer":"330101","delomradenavn":"Åssiden","kommunenummer":"3301"}},{"type":"Polygon","arcs":[[-103,-187,-186,-384,-383,700,701,702]],"properties":{"grunnkretsnummer":"33010402","grunnkretsnavn":"Fjellheim 2","delomradenummer":"330104","delomradenavn":"Fjellheim","kommunenummer":"3301"}},{"type":"Polygon","arcs":[[703,-252,-226,704,705,-477,706,707]],"properties":{"grunnkretsnummer":"33010310","grunnkretsnavn":"Bragernes sentrum 10","delomradenummer":"330103","delomradenavn":"Bragernes Sentrum","kommunenummer":"3301"}},{"type":"Polygon","arcs":[[708,709,710,711,712,713,714,715]],"properties":{"grunnkretsnummer":"33011413","grunnkretsnavn":"Hagatjern-Ormtjern","delomradenummer":"330114","delomradenavn":"Mjøndalen","kommunenummer":"3301"}},{"type":"Polygon","arcs":[[716,717,718,719,720,721,722,723]],"properties":{"grunnkretsnummer":"33010720","grunnkretsnavn":"Tangen-Åskollen 20","delomradenummer":"330107","delomradenavn":"Tangen - Åskollen","kommunenummer":"3301"}},{"type":"Polygon","arcs":[[724,725,726,727,728]],"properties":{"grunnkretsnummer":"33010104","grunnkretsnavn":"Åssiden 4","delomradenummer":"330101","delomradenavn":"Åssiden","kommunenummer":"3301"}},{"type":"Polygon","arcs":[[-385,-237,-239,729,730,731,732,733,734]],"properties":{"grunnkretsnummer":"33010704","grunnkretsnavn":"Tangen-Åskollen 4","delomradenummer":"330107","delomradenavn":"Tangen - Åskollen","kommunenummer":"3301"}},{"type":"Polygon","arcs":[[735,736,737,738,739]],"properties":{"grunnkretsnummer":"33010802","grunnkretsnavn":"Danvik-Fjell 2","delomradenummer":"330108","delomradenavn":"Danvik - Fjell","kommunenummer":"3301"}},{"type":"Polygon","arcs":[[740,-380,741,742,-332,-585,-427,-426]],"properties":{"grunnkretsnummer":"33010607","grunnkretsnavn":"Strømsø 7","delomradenummer":"330106","delomradenavn":"Strømsø","kommunenummer":"3301"}},{"type":"Polygon","arcs":[[-503,743,-228,-105,744,745]],"properties":{"grunnkretsnummer":"33010405","grunnkretsnavn":"Fjellheim 5","delomradenummer":"330104","delomradenavn":"Fjellheim","kommunenummer":"3301"}},{"type":"Polygon","arcs":[[746,747,-715,748,749,750,751]],"properties":{"grunnkretsnummer":"33011414","grunnkretsnavn":"Grytjern-Langetjern","delomradenummer":"330114","delomradenavn":"Mjøndalen","kommunenummer":"3301"}},{"type":"Polygon","arcs":[[752,-353,-367,753,754,755]],"properties":{"grunnkretsnummer":"33140103","grunnkretsnavn":"Muggerud","delomradenummer":"331401","delomradenavn":"Fiskum","kommunenummer":"3314"}},{"type":"Polygon","arcs":[[756,757,758,759,760,761,-299,-338,762,763]],"properties":{"grunnkretsnummer":"33140401","grunnkretsnavn":"Hokksund omegn","delomradenummer":"331404","delomradenavn":"Hokksund Øst","kommunenummer":"3314"}},{"type":"Polygon","arcs":[[764,-412,765,766,767]],"properties":{"grunnkretsnummer":"33140501","grunnkretsnavn":"Sønju-Sluten","delomradenummer":"331405","delomradenavn":"Skotselv","kommunenummer":"3314"}},{"type":"Polygon","arcs":[[768,769,770,-348,771,772,773,774,-363,-351]],"properties":{"grunnkretsnummer":"33140201","grunnkretsnavn":"Hals-Skara","delomradenummer":"331402","delomradenavn":"Vestfossen","kommunenummer":"3314"}},{"type":"Polygon","arcs":[[775,-371,776,777,778]],"properties":{"grunnkretsnummer":"33140503","grunnkretsnavn":"Skotselv","delomradenummer":"331405","delomradenavn":"Skotselv","kommunenummer":"3314"}},{"type":"Polygon","arcs":[[779,-779,780,781,782,783,-766,-417]],"properties":{"grunnkretsnummer":"33140502","grunnkretsnavn":"Borge","delomradenummer":"331405","delomradenavn":"Skotselv","kommunenummer":"3314"}},{"type":"Polygon","arcs":[[784,785,-752,786,787,788]],"properties":{"grunnkretsnummer":"33140208","grunnkretsnavn":"Sirikjerke","delomradenummer":"331402","delomradenavn":"Vestfossen","kommunenummer":"3314"}},{"type":"Polygon","arcs":[[-360,789,-789,790,791]],"properties":{"grunnkretsnummer":"33140206","grunnkretsnavn":"Svensrud","delomradenummer":"331402","delomradenavn":"Vestfossen","kommunenummer":"3314"}},{"type":"Polygon","arcs":[[792,793,794,795,-726]],"properties":{"grunnkretsnummer":"33010117","grunnkretsnavn":"Åssiden 17","delomradenummer":"330101","delomradenavn":"Åssiden","kommunenummer":"3301"}},{"type":"Polygon","arcs":[[796,-344,797]],"properties":{"grunnkretsnummer":"33140304","grunnkretsnavn":"Breidablikk","delomradenummer":"331403","delomradenavn":"Hokksund Vest","kommunenummer":"3314"}},{"type":"Polygon","arcs":[[798,799,800,-364,-775]],"properties":{"grunnkretsnummer":"33140202","grunnkretsnavn":"Flesaker","delomradenummer":"331402","delomradenavn":"Vestfossen","kommunenummer":"3314"}},{"type":"Polygon","arcs":[[801,802,803,804,805,806]],"properties":{"grunnkretsnummer":"33011110","grunnkretsnavn":"Årbogen-Bjørkedokk","delomradenummer":"330111","delomradenavn":"Krokstadelva","kommunenummer":"3301"}},{"type":"Polygon","arcs":[[807,808,809,-346]],"properties":{"grunnkretsnummer":"33140306","grunnkretsnavn":"Røren","delomradenummer":"331403","delomradenavn":"Hokksund Vest","kommunenummer":"3314"}},{"type":"Polygon","arcs":[[-340,810,811,-358,812]],"properties":{"grunnkretsnummer":"33140410","grunnkretsnavn":"Gressbanen-Aker","delomradenummer":"331404","delomradenavn":"Hokksund Øst","kommunenummer":"3314"}},{"type":"Polygon","arcs":[[813,-501,814,815,-223]],"properties":{"grunnkretsnummer":"33010407","grunnkretsnavn":"Fjellheim 7","delomradenummer":"330104","delomradenavn":"Fjellheim","kommunenummer":"3301"}},{"type":"Polygon","arcs":[[-366,816,817,818,-754]],"properties":{"grunnkretsnummer":"33140105","grunnkretsnavn":"Gunhildrud","delomradenummer":"331401","delomradenavn":"Fiskum","kommunenummer":"3314"}},{"type":"Polygon","arcs":[[-785,-790,-359,-812,819,820,821,822]],"properties":{"grunnkretsnummer":"33140207","grunnkretsnavn":"Horne","delomradenummer":"331402","delomradenavn":"Vestfossen","kommunenummer":"3314"}},{"type":"Polygon","arcs":[[823,824,-763,-337,825]],"properties":{"grunnkretsnummer":"33140405","grunnkretsnavn":"Gamle Hokksund-Lerberg","delomradenummer":"331404","delomradenavn":"Hokksund Øst","kommunenummer":"3314"}},{"type":"Polygon","arcs":[[-778,826,827,828,-781]],"properties":{"grunnkretsnummer":"33140504","grunnkretsnavn":"Stormoen-Bakke","delomradenummer":"331405","delomradenavn":"Skotselv","kommunenummer":"3314"}},{"type":"Polygon","arcs":[[829,830,-826,-336,831]],"properties":{"grunnkretsnummer":"33140404","grunnkretsnavn":"Sentrum nord-Hellefoss","delomradenummer":"331404","delomradenavn":"Hokksund Øst","kommunenummer":"3314"}},{"type":"Polygon","arcs":[[832,-782,-829,833,-758,-830,834,-808,-345,-797,835,836]],"properties":{"grunnkretsnummer":"33140302","grunnkretsnavn":"Varlo","delomradenummer":"331403","delomradenavn":"Hokksund Vest","kommunenummer":"3314"}},{"type":"Polygon","arcs":[[837,838,839,-818,840,841,842]],"properties":{"grunnkretsnummer":"33140106","grunnkretsnavn":"Mastebogen","delomradenummer":"331401","delomradenavn":"Fiskum","kommunenummer":"3314"}},{"type":"Polygon","arcs":[[-809,-835,-832,-343,843]],"properties":{"grunnkretsnummer":"33140308","grunnkretsnavn":"Kantum-Hoen","delomradenummer":"331403","delomradenavn":"Hokksund Vest","kommunenummer":"3314"}},{"type":"Polygon","arcs":[[844,-356,845,846,847,848]],"properties":{"grunnkretsnummer":"33140101","grunnkretsnavn":"Lurdalen","delomradenummer":"331401","delomradenavn":"Fiskum","kommunenummer":"3314"}},{"type":"Polygon","arcs":[[-844,-342,849,-772,-347,-810]],"properties":{"grunnkretsnummer":"33140307","grunnkretsnavn":"Semsmoen-Sundmoen","delomradenummer":"331403","delomradenavn":"Hokksund Vest","kommunenummer":"3314"}},{"type":"Polygon","arcs":[[850,851,-759,-834,-828]],"properties":{"grunnkretsnummer":"33140507","grunnkretsnavn":"Skar","delomradenummer":"331405","delomradenavn":"Skotselv","kommunenummer":"3314"}},{"type":"Polygon","arcs":[[852,853,854,-45,855,856,857]],"properties":{"grunnkretsnummer":"33010710","grunnkretsnavn":"Tangen-Åskollen 10","delomradenummer":"330107","delomradenavn":"Tangen - Åskollen","kommunenummer":"3301"}},{"type":"Polygon","arcs":[[-512,858,859,860]],"properties":{"grunnkretsnummer":"33010707","grunnkretsnavn":"Tangen-Åskollen 7","delomradenummer":"330107","delomradenavn":"Tangen - Åskollen","kommunenummer":"3301"}},{"type":"Polygon","arcs":[[-588,861,862,863]],"properties":{"grunnkretsnummer":"33010804","grunnkretsnavn":"Danvik-Fjell 4","delomradenummer":"330108","delomradenavn":"Danvik - Fjell","kommunenummer":"3301"}},{"type":"Polygon","arcs":[[864,-362,-799,-774]],"properties":{"grunnkretsnummer":"33140204","grunnkretsnavn":"Vestfossen","delomradenummer":"331402","delomradenavn":"Vestfossen","kommunenummer":"3314"}},{"type":"Polygon","arcs":[[-361,-792,865,-800]],"properties":{"grunnkretsnummer":"33140203","grunnkretsnavn":"Island","delomradenummer":"331402","delomradenavn":"Vestfossen","kommunenummer":"3314"}},{"type":"Polygon","arcs":[[-349,-771,866]],"properties":{"grunnkretsnummer":"33140303","grunnkretsnavn":"Ormåsen","delomradenummer":"331403","delomradenavn":"Hokksund Vest","kommunenummer":"3314"}},{"type":"Polygon","arcs":[[-365,-801,-866,-791,-788,867,-841,-817]],"properties":{"grunnkretsnummer":"33140209","grunnkretsnavn":"Brekke","delomradenummer":"331402","delomradenavn":"Vestfossen","kommunenummer":"3314"}},{"type":"Polygon","arcs":[[868,-851,-827,-777,-370,869]],"properties":{"grunnkretsnummer":"33140506","grunnkretsnavn":"Dramdal","delomradenummer":"331405","delomradenavn":"Skotselv","kommunenummer":"3314"}},{"type":"Polygon","arcs":[[-764,-825,870]],"properties":{"grunnkretsnummer":"33140402","grunnkretsnavn":"Ullern-Hobbelstad","delomradenummer":"331404","delomradenavn":"Hokksund Øst","kommunenummer":"3314"}},{"type":"Polygon","arcs":[[-811,-339,-297,871,-820]],"properties":{"grunnkretsnummer":"33140408","grunnkretsnavn":"Loesmoen syd","delomradenummer":"331404","delomradenavn":"Hokksund Øst","kommunenummer":"3314"}},{"type":"Polygon","arcs":[[-836,-798,-350,-867,-770,872]],"properties":{"grunnkretsnummer":"33140301","grunnkretsnavn":"Himsjø","delomradenummer":"331403","delomradenavn":"Hokksund Vest","kommunenummer":"3314"}},{"type":"Polygon","arcs":[[-757,-871,-824,-831]],"properties":{"grunnkretsnummer":"33140403","grunnkretsnavn":"Vendelborg","delomradenummer":"331404","delomradenavn":"Hokksund Øst","kommunenummer":"3314"}},{"type":"Polygon","arcs":[[-341,-813,-357,-865,-773,-850]],"properties":{"grunnkretsnummer":"33140409","grunnkretsnavn":"Sem","delomradenummer":"331404","delomradenavn":"Hokksund Øst","kommunenummer":"3314"}},{"type":"Polygon","arcs":[[873,874,-328,-327,875,876,877]],"properties":{"grunnkretsnummer":"33011605","grunnkretsnavn":"Juveområdet","delomradenummer":"330116","delomradenavn":"Svelvik","kommunenummer":"3301"}},{"type":"Polygon","arcs":[[878,-707,-479,-34,879,880,-632]],"properties":{"grunnkretsnummer":"33010304","grunnkretsnavn":"Bragernes sentrum 4","delomradenummer":"330103","delomradenavn":"Bragernes Sentrum","kommunenummer":"3301"}},{"type":"Polygon","arcs":[[881,882,883,884,885,-626]],"properties":{"grunnkretsnummer":"33011047","grunnkretsnavn":"Konnerud 47","delomradenummer":"330110","delomradenavn":"Konnerud","kommunenummer":"3301"}},{"type":"Polygon","arcs":[[886,-815,-500,-472,887,-705,-225]],"properties":{"grunnkretsnummer":"33010311","grunnkretsnavn":"Bragernes sentrum 11","delomradenummer":"330103","delomradenavn":"Bragernes Sentrum","kommunenummer":"3301"}},{"type":"Polygon","arcs":[[888,889,890,891,892,893,894,-527]],"properties":{"grunnkretsnummer":"33010718","grunnkretsnavn":"Tangen-Åskollen 18","delomradenummer":"330107","delomradenavn":"Tangen - Åskollen","kommunenummer":"3301"}},{"type":"Polygon","arcs":[[895,896,897,-530]],"properties":{"grunnkretsnummer":"33011205","grunnkretsnavn":"Tunvoll-Løkkemoveien","delomradenummer":"330112","delomradenavn":"Solbergelva","kommunenummer":"3301"}},{"type":"Polygon","arcs":[[-377,898,899,900,-496,901,902]],"properties":{"grunnkretsnummer":"33011011","grunnkretsnavn":"Konnerud 11","delomradenummer":"330110","delomradenavn":"Konnerud","kommunenummer":"3301"}},{"type":"Polygon","arcs":[[-38,903,904,905,906]],"properties":{"grunnkretsnummer":"33010501","grunnkretsnavn":"Gulskogen-Sundhaugen 1","delomradenummer":"330105","delomradenavn":"Gulskogen - Sundhaugen","kommunenummer":"3301"}},{"type":"Polygon","arcs":[[907,908,909,910]],"properties":{"grunnkretsnummer":"33010912","grunnkretsnavn":"Skoger 12","delomradenummer":"330109","delomradenavn":"Skoger","kommunenummer":"3301"}},{"type":"Polygon","arcs":[[911,912,913,914,915,916]],"properties":{"grunnkretsnummer":"33010208","grunnkretsnavn":"Øren-Underlia 8","delomradenummer":"330102","delomradenavn":"Øren - Underlia","kommunenummer":"3301"}},{"type":"Polygon","arcs":[[-706,-888,-476,917,-478]],"properties":{"grunnkretsnummer":"33010306","grunnkretsnavn":"Bragernes sentrum 6","delomradenummer":"330103","delomradenavn":"Bragernes Sentrum","kommunenummer":"3301"}},{"type":"Polygon","arcs":[[918,919,-896,-533,920,921,922,923]],"properties":{"grunnkretsnummer":"33011210","grunnkretsnavn":"Solbergfjell-Bråtan","delomradenummer":"330112","delomradenavn":"Solbergelva","kommunenummer":"3301"}},{"type":"Polygon","arcs":[[924,925,926,927,928,929]],"properties":{"grunnkretsnummer":"33010130","grunnkretsnavn":"Åssiden 30","delomradenummer":"330101","delomradenavn":"Åssiden","kommunenummer":"3301"}},{"type":"Polygon","arcs":[[930,-471,-46,931,932]],"properties":{"grunnkretsnummer":"33010813","grunnkretsnavn":"Danvik-Fjell 13","delomradenummer":"330108","delomradenavn":"Danvik - Fjell","kommunenummer":"3301"}},{"type":"Polygon","arcs":[[933,934,935,936,937,938,939,940,941]],"properties":{"grunnkretsnummer":"33011601","grunnkretsnavn":"Høien","delomradenummer":"330116","delomradenavn":"Svelvik","kommunenummer":"3301"}},{"type":"Polygon","arcs":[[942,943,944,945,946,947]],"properties":{"grunnkretsnummer":"33011410","grunnkretsnavn":"Skomakerbråten-Åsen gamle skole","delomradenummer":"330114","delomradenavn":"Mjøndalen","kommunenummer":"3301"}},{"type":"Polygon","arcs":[[948,949,950,951,-311]],"properties":{"grunnkretsnummer":"33010126","grunnkretsnavn":"Åssiden 26","delomradenummer":"330101","delomradenavn":"Åssiden","kommunenummer":"3301"}},{"type":"Polygon","arcs":[[952,953,954,955,-421]],"properties":{"grunnkretsnummer":"33011040","grunnkretsnavn":"Konnerud 40","delomradenummer":"330110","delomradenavn":"Konnerud","kommunenummer":"3301"}},{"type":"Polygon","arcs":[[-919,956,-112,-234,957,-729,958,959,960]],"properties":{"grunnkretsnummer":"33011211","grunnkretsnavn":"Vasshella-Vrangen","delomradenummer":"330112","delomradenavn":"Solbergelva","kommunenummer":"3301"}},{"type":"Polygon","arcs":[[961,962,-694,-619,963]],"properties":{"grunnkretsnummer":"33010508","grunnkretsnavn":"Gulskogen-Sundhaugen 8","delomradenummer":"330105","delomradenavn":"Gulskogen - Sundhaugen","kommunenummer":"3301"}},{"type":"Polygon","arcs":[[-484,-489,964,965,966,967,968,-375,969]],"properties":{"grunnkretsnummer":"33010514","grunnkretsnavn":"Gulskogen-Sundhaugen 14","delomradenummer":"330105","delomradenavn":"Gulskogen - Sundhaugen","kommunenummer":"3301"}},{"type":"Polygon","arcs":[[970,971,972,973,974,975]],"properties":{"grunnkretsnummer":"33010907","grunnkretsnavn":"Skoger 7","delomradenummer":"330109","delomradenavn":"Skoger","kommunenummer":"3301"}},{"type":"Polygon","arcs":[[976,977,978,979]],"properties":{"grunnkretsnummer":"33010922","grunnkretsnavn":"Skoger 22","delomradenummer":"330109","delomradenavn":"Skoger","kommunenummer":"3301"}},{"type":"Polygon","arcs":[[980,981,-629,982]],"properties":{"grunnkretsnummer":"33011030","grunnkretsnavn":"Konnerud 30","delomradenummer":"330110","delomradenavn":"Konnerud","kommunenummer":"3301"}},{"type":"Polygon","arcs":[[-727,983,984,985,986,987]],"properties":{"grunnkretsnummer":"33010115","grunnkretsnavn":"Åssiden 15","delomradenummer":"330101","delomradenavn":"Åssiden","kommunenummer":"3301"}},{"type":"Polygon","arcs":[[-36,-918,-475,988,989]],"properties":{"grunnkretsnummer":"33010302","grunnkretsnavn":"Bragernes sentrum 2","delomradenummer":"330103","delomradenavn":"Bragernes Sentrum","kommunenummer":"3301"}},{"type":"Polygon","arcs":[[-796,990,991,-984]],"properties":{"grunnkretsnummer":"33010116","grunnkretsnavn":"Åssiden 16","delomradenummer":"330101","delomradenavn":"Åssiden","kommunenummer":"3301"}},{"type":"Polygon","arcs":[[992,-255,993,994,-794]],"properties":{"grunnkretsnummer":"33010137","grunnkretsnavn":"Åssiden 37","delomradenummer":"330101","delomradenavn":"Åssiden","kommunenummer":"3301"}},{"type":"Polygon","arcs":[[-728,-988,995,996,997,-959]],"properties":{"grunnkretsnummer":"33010103","grunnkretsnavn":"Åssiden 3","delomradenummer":"330101","delomradenavn":"Åssiden","kommunenummer":"3301"}},{"type":"Polygon","arcs":[[-703,998,999,-745,-104]],"properties":{"grunnkretsnummer":"33010404","grunnkretsnavn":"Fjellheim 4","delomradenummer":"330104","delomradenavn":"Fjellheim","kommunenummer":"3301"}},{"type":"Polygon","arcs":[[1000,1001,1002,-737]],"properties":{"grunnkretsnummer":"33010801","grunnkretsnavn":"Danvik-Fjell 1","delomradenummer":"330108","delomradenavn":"Danvik - Fjell","kommunenummer":"3301"}},{"type":"Polygon","arcs":[[-996,-987,1003,1004,1005,1006,1007]],"properties":{"grunnkretsnummer":"33010111","grunnkretsnavn":"Åssiden 11","delomradenummer":"330101","delomradenavn":"Åssiden","kommunenummer":"3301"}},{"type":"Polygon","arcs":[[-628,-418,1008,1009,1010]],"properties":{"grunnkretsnummer":"33011038","grunnkretsnavn":"Konnerud 38","delomradenummer":"330110","delomradenavn":"Konnerud","kommunenummer":"3301"}},{"type":"Polygon","arcs":[[1011,-623,1012,1013,-900]],"properties":{"grunnkretsnummer":"33011012","grunnkretsnavn":"Konnerud 12","delomradenummer":"330110","delomradenavn":"Konnerud","kommunenummer":"3301"}},{"type":"Polygon","arcs":[[1014,-863,1015,1016,1017,1018]],"properties":{"grunnkretsnummer":"33010809","grunnkretsnavn":"Danvik-Fjell 9","delomradenummer":"330108","delomradenavn":"Danvik - Fjell","kommunenummer":"3301"}},{"type":"Polygon","arcs":[[-720,1019,1020,1021]],"properties":{"grunnkretsnummer":"33010920","grunnkretsnavn":"Skoger 20","delomradenummer":"330109","delomradenavn":"Skoger","kommunenummer":"3301"}},{"type":"Polygon","arcs":[[-904,-37,-990,1022,1023,1024]],"properties":{"grunnkretsnummer":"33010601","grunnkretsnavn":"Strømsø 1","delomradenummer":"330106","delomradenavn":"Strømsø","kommunenummer":"3301"}},{"type":"Polygon","arcs":[[1025,1026,1027,1028,-466,-931,1029,-1017]],"properties":{"grunnkretsnummer":"33010810","grunnkretsnavn":"Danvik-Fjell 10","delomradenummer":"330108","delomradenavn":"Danvik - Fjell","kommunenummer":"3301"}},{"type":"Polygon","arcs":[[1030,1031,1032,1033,1034,1035]],"properties":{"grunnkretsnummer":"33011014","grunnkretsnavn":"Konnerud 14","delomradenummer":"330110","delomradenavn":"Konnerud","kommunenummer":"3301"}},{"type":"Polygon","arcs":[[1036,1037,1038,1039,1040,1041,1042]],"properties":{"grunnkretsnummer":"33011201","grunnkretsnavn":"Fallaksøy-Elveveien","delomradenummer":"330112","delomradenavn":"Solbergelva","kommunenummer":"3301"}},{"type":"Polygon","arcs":[[1043,-518,1044,1045,-636]],"properties":{"grunnkretsnummer":"33011023","grunnkretsnavn":"Konnerud 23","delomradenummer":"330110","delomradenavn":"Konnerud","kommunenummer":"3301"}},{"type":"Polygon","arcs":[[1046,1047,1048,1049,1050,-712]],"properties":{"grunnkretsnummer":"33011001","grunnkretsnavn":"Konnerud 1","delomradenummer":"330110","delomradenavn":"Konnerud","kommunenummer":"3301"}},{"type":"Polygon","arcs":[[-928,1051,-915,1052,-630,1053,1054]],"properties":{"grunnkretsnummer":"33010206","grunnkretsnavn":"Øren-Underlia 6","delomradenummer":"330102","delomradenavn":"Øren - Underlia","kommunenummer":"3301"}},{"type":"Polygon","arcs":[[1055,1056,-642,1057,1058,1059,1060]],"properties":{"grunnkretsnummer":"33011050","grunnkretsnavn":"Konnerud 50","delomradenummer":"330110","delomradenavn":"Konnerud","kommunenummer":"3301"}},{"type":"Polygon","arcs":[[1061,1062,1063,1064,-41,-855]],"properties":{"grunnkretsnummer":"33010711","grunnkretsnavn":"Tangen-Åskollen 11","delomradenummer":"330107","delomradenavn":"Tangen - Åskollen","kommunenummer":"3301"}},{"type":"Polygon","arcs":[[1065,1066,1067,1068,1069]],"properties":{"grunnkretsnummer":"33010201","grunnkretsnavn":"Øren-Underlia 1","delomradenummer":"330102","delomradenavn":"Øren - Underlia","kommunenummer":"3301"}},{"type":"Polygon","arcs":[[-301,1070,-505,1071,-821,-872]],"properties":{"grunnkretsnummer":"33011301","grunnkretsnavn":"Loesøya-Steinberg stasjon","delomradenummer":"330113","delomradenavn":"Steinberg","kommunenummer":"3301"}},{"type":"Polygon","arcs":[[-300,-762,1072,1073,1074,-506,-1071]],"properties":{"grunnkretsnummer":"33011101","grunnkretsnavn":"Horgen-Brekke","delomradenummer":"330111","delomradenavn":"Krokstadelva","kommunenummer":"3301"}},{"type":"Polygon","arcs":[[-1072,-509,1075,1076,1077,-822]],"properties":{"grunnkretsnummer":"33011303","grunnkretsnavn":"Skistad-Skalpe","delomradenummer":"330113","delomradenavn":"Steinberg","kommunenummer":"3301"}},{"type":"Polygon","arcs":[[1078,-947,1079,-716,-748,1080]],"properties":{"grunnkretsnummer":"33011412","grunnkretsnavn":"Åsendammen-Svarttjern","delomradenummer":"330114","delomradenavn":"Mjøndalen","kommunenummer":"3301"}},{"type":"Polygon","arcs":[[1081,-499,1082,-644]],"properties":{"grunnkretsnummer":"33011016","grunnkretsnavn":"Konnerud 16","delomradenummer":"330110","delomradenavn":"Konnerud","kommunenummer":"3301"}},{"type":"Polygon","arcs":[[-738,-1003,-589,-864,-1015,1083,1084]],"properties":{"grunnkretsnummer":"33010803","grunnkretsnavn":"Danvik-Fjell 3","delomradenummer":"330108","delomradenavn":"Danvik - Fjell","kommunenummer":"3301"}},{"type":"Polygon","arcs":[[-1049,1085,1086,1087,1088,1089,1090]],"properties":{"grunnkretsnummer":"33011006","grunnkretsnavn":"Konnerud 6","delomradenummer":"330110","delomradenavn":"Konnerud","kommunenummer":"3301"}},{"type":"Polygon","arcs":[[1091,-921,-532,1092,-1037,1093,1094,1095]],"properties":{"grunnkretsnummer":"33011203","grunnkretsnavn":"Nedre Eiker kirke-Blåfjellveien","delomradenummer":"330112","delomradenavn":"Solbergelva","kommunenummer":"3301"}},{"type":"Polygon","arcs":[[1096,1097,-948,-1079,1098]],"properties":{"grunnkretsnummer":"33011409","grunnkretsnavn":"Midtåsen","delomradenummer":"330114","delomradenavn":"Mjøndalen","kommunenummer":"3301"}},{"type":"Polygon","arcs":[[1099,-894,1100,-721,-1022,1101]],"properties":{"grunnkretsnummer":"33010921","grunnkretsnavn":"Skoger 21","delomradenummer":"330109","delomradenavn":"Skoger","kommunenummer":"3301"}},{"type":"Polygon","arcs":[[1102,1103,1104,1105,1106,-939,-938]],"properties":{"grunnkretsnummer":"33011504","grunnkretsnavn":"Sand","delomradenummer":"330115","delomradenavn":"Berger","kommunenummer":"3301"}},{"type":"Polygon","arcs":[[-1084,-1019,1107,1108,1109,1110]],"properties":{"grunnkretsnummer":"33010808","grunnkretsnavn":"Danvik-Fjell 8","delomradenummer":"330108","delomradenavn":"Danvik - Fjell","kommunenummer":"3301"}},{"type":"Polygon","arcs":[[-985,-992,1111,1112,-697,1113]],"properties":{"grunnkretsnummer":"33010138","grunnkretsnavn":"Åssiden 38","delomradenummer":"330101","delomradenavn":"Åssiden","kommunenummer":"3301"}},{"type":"Polygon","arcs":[[1114,1115,-324,-323,-649,-648]],"properties":{"grunnkretsnummer":"33011702","grunnkretsnavn":"Tangen-Skjæret","delomradenummer":"330117","delomradenavn":"Nesbygda","kommunenummer":"3301"}},{"type":"Polygon","arcs":[[1116,1117,1118,1119,1120,1121]],"properties":{"grunnkretsnummer":"33011606","grunnkretsnavn":"Søndre Svelvik","delomradenummer":"330116","delomradenavn":"Svelvik","kommunenummer":"3301"}},{"type":"Polygon","arcs":[[-1109,1122,-932,-50,1123,-302,1124]],"properties":{"grunnkretsnummer":"33010812","grunnkretsnavn":"Danvik-Fjell 12","delomradenummer":"330108","delomradenavn":"Danvik - Fjell","kommunenummer":"3301"}},{"type":"Polygon","arcs":[[1125,-513,-861,1126,1127]],"properties":{"grunnkretsnummer":"33010702","grunnkretsnavn":"Tangen-Åskollen 2","delomradenummer":"330107","delomradenavn":"Tangen - Åskollen","kommunenummer":"3301"}},{"type":"Polygon","arcs":[[1128,1129,-908,1130,1131,1132]],"properties":{"grunnkretsnummer":"33010911","grunnkretsnavn":"Skoger 11","delomradenummer":"330109","delomradenavn":"Skoger","kommunenummer":"3301"}},{"type":"Polygon","arcs":[[1133,1134,1135,1136]],"properties":{"grunnkretsnummer":"33010914","grunnkretsnavn":"Skoger 14","delomradenummer":"330109","delomradenavn":"Skoger","kommunenummer":"3301"}},{"type":"Polygon","arcs":[[1137,1138,1139,-1039,1140]],"properties":{"grunnkretsnummer":"33011207","grunnkretsnavn":"Fjellveien-Tollefshagen","delomradenummer":"330112","delomradenavn":"Solbergelva","kommunenummer":"3301"}},{"type":"Polygon","arcs":[[1141,1142,1143,-507,-1075]],"properties":{"grunnkretsnummer":"33011102","grunnkretsnavn":"Krokstadjordet-Løkka","delomradenummer":"330111","delomradenavn":"Krokstadelva","kommunenummer":"3301"}},{"type":"Polygon","arcs":[[-1009,-424,1144,1145,1146]],"properties":{"grunnkretsnummer":"33011037","grunnkretsnavn":"Konnerud 37","delomradenummer":"330110","delomradenavn":"Konnerud","kommunenummer":"3301"}},{"type":"Polygon","arcs":[[-1089,1147,1148,1149,1150,1151]],"properties":{"grunnkretsnummer":"33011004","grunnkretsnavn":"Konnerud 4","delomradenummer":"330110","delomradenavn":"Konnerud","kommunenummer":"3301"}},{"type":"Polygon","arcs":[[-1145,-423,1152,1153]],"properties":{"grunnkretsnummer":"33010924","grunnkretsnavn":"Skoger 24","delomradenummer":"330109","delomradenavn":"Skoger","kommunenummer":"3301"}},{"type":"Polygon","arcs":[[-1007,1154,1155,1156,-481,1157]],"properties":{"grunnkretsnummer":"33010107","grunnkretsnavn":"Åssiden 7","delomradenummer":"330101","delomradenavn":"Åssiden","kommunenummer":"3301"}},{"type":"Polygon","arcs":[[-287,-890,-889,-526,-42,-1065,1158,1159]],"properties":{"grunnkretsnummer":"33010716","grunnkretsnavn":"Tangen-Åskollen 16","delomradenummer":"330107","delomradenavn":"Tangen - Åskollen","kommunenummer":"3301"}},{"type":"Polygon","arcs":[[1160,-1056,1161,1162,-516]],"properties":{"grunnkretsnummer":"33011052","grunnkretsnavn":"Konnerud 52","delomradenummer":"330110","delomradenavn":"Konnerud","kommunenummer":"3301"}},{"type":"Polygon","arcs":[[1163,-916,-1052,-927,1164]],"properties":{"grunnkretsnummer":"33010132","grunnkretsnavn":"Åssiden 32","delomradenummer":"330101","delomradenavn":"Åssiden","kommunenummer":"3301"}},{"type":"Polygon","arcs":[[1165,1166,-1156,1167]],"properties":{"grunnkretsnummer":"33010109","grunnkretsnavn":"Åssiden 9","delomradenummer":"330101","delomradenavn":"Åssiden","kommunenummer":"3301"}},{"type":"Polygon","arcs":[[1168,1169,1170,-962,1171]],"properties":{"grunnkretsnummer":"33010509","grunnkretsnavn":"Gulskogen-Sundhaugen 9","delomradenummer":"330105","delomradenavn":"Gulskogen - Sundhaugen","kommunenummer":"3301"}},{"type":"Polygon","arcs":[[1172,-493,-954,1173,-885]],"properties":{"grunnkretsnummer":"33011043","grunnkretsnavn":"Konnerud 43","delomradenummer":"330110","delomradenavn":"Konnerud","kommunenummer":"3301"}},{"type":"Polygon","arcs":[[1174,1175,1176,1177,1178]],"properties":{"grunnkretsnummer":"33011403","grunnkretsnavn":"Hatten-Drammensveien","delomradenummer":"330114","delomradenavn":"Mjøndalen","kommunenummer":"3301"}},{"type":"Polygon","arcs":[[1179,1180,-806,1181,1182,-1142,-1074]],"properties":{"grunnkretsnummer":"33011108","grunnkretsnavn":"Lysaker Gård-Langløkka","delomradenummer":"330111","delomradenavn":"Krokstadelva","kommunenummer":"3301"}},{"type":"Polygon","arcs":[[-740,1183,1184,-1058,-641]],"properties":{"grunnkretsnummer":"33010806","grunnkretsnavn":"Danvik-Fjell 6","delomradenummer":"330108","delomradenavn":"Danvik - Fjell","kommunenummer":"3301"}},{"type":"Polygon","arcs":[[-704,1185,-913,1186,-253]],"properties":{"grunnkretsnummer":"33010209","grunnkretsnavn":"Øren-Underlia 9","delomradenummer":"330102","delomradenavn":"Øren - Underlia","kommunenummer":"3301"}},{"type":"Polygon","arcs":[[1187,-709,-1080,-946]],"properties":{"grunnkretsnummer":"33011411","grunnkretsnavn":"Åsenområdet felt A,B og C","delomradenummer":"330114","delomradenavn":"Mjøndalen","kommunenummer":"3301"}},{"type":"Polygon","arcs":[[1188,1189,1190,-1132,1191,1192,1193,1194,-750]],"properties":{"grunnkretsnummer":"33010901","grunnkretsnavn":"Skoger 1","delomradenummer":"330109","delomradenavn":"Skoger","kommunenummer":"3301"}},{"type":"Polygon","arcs":[[-719,-718,1195,-652,-651,1196]],"properties":{"grunnkretsnummer":"33010721","grunnkretsnavn":"Tangen-Åskollen 21","delomradenummer":"330107","delomradenavn":"Tangen - Åskollen","kommunenummer":"3301"}},{"type":"Polygon","arcs":[[-1076,-508,-1144,1197,1198,1199,1200,-1175,1201]],"properties":{"grunnkretsnummer":"33011401","grunnkretsnavn":"Eker Papirfabrikk-Renseanlegget","delomradenummer":"330114","delomradenavn":"Mjøndalen","kommunenummer":"3301"}},{"type":"Polygon","arcs":[[-650,-321,1202,1203,1204,-1020,-1197]],"properties":{"grunnkretsnummer":"33010919","grunnkretsnavn":"Skoger 19","delomradenummer":"330109","delomradenavn":"Skoger","kommunenummer":"3301"}},{"type":"Polygon","arcs":[[1205,-880,-40,1206,-1067]],"properties":{"grunnkretsnummer":"33010203","grunnkretsnavn":"Øren-Underlia 3","delomradenummer":"330102","delomradenavn":"Øren - Underlia","kommunenummer":"3301"}},{"type":"Polygon","arcs":[[-1033,1207,-646,-521]],"properties":{"grunnkretsnummer":"33011018","grunnkretsnavn":"Konnerud 18","delomradenummer":"330110","delomradenavn":"Konnerud","kommunenummer":"3301"}},{"type":"Polygon","arcs":[[1208,-700,-308,1209,1210]],"properties":{"grunnkretsnummer":"33010113","grunnkretsnavn":"Åssiden 13","delomradenummer":"330101","delomradenavn":"Åssiden","kommunenummer":"3301"}},{"type":"Polygon","arcs":[[1211,-997,-1008,-1158,-480,1212,1213]],"properties":{"grunnkretsnummer":"33010102","grunnkretsnavn":"Åssiden 2","delomradenummer":"330101","delomradenavn":"Åssiden","kommunenummer":"3301"}},{"type":"Polygon","arcs":[[-1167,1214,-1210,-315,-482,-1157]],"properties":{"grunnkretsnummer":"33010110","grunnkretsnavn":"Åssiden 10","delomradenummer":"330101","delomradenavn":"Åssiden","kommunenummer":"3301"}},{"type":"Polygon","arcs":[[-1050,-1091,1215]],"properties":{"grunnkretsnummer":"33011002","grunnkretsnavn":"Konnerud 2","delomradenummer":"330110","delomradenavn":"Konnerud","kommunenummer":"3301"}},{"type":"Polygon","arcs":[[-224,-816,-887]],"properties":{"grunnkretsnummer":"33010408","grunnkretsnavn":"Fjellheim 8","delomradenummer":"330104","delomradenavn":"Fjellheim","kommunenummer":"3301"}},{"type":"Polygon","arcs":[[-1176,-1201,1216,-944,1217]],"properties":{"grunnkretsnummer":"33011404","grunnkretsnavn":"Hagatjernsveien-Fjerdingen","delomradenummer":"330114","delomradenavn":"Mjøndalen","kommunenummer":"3301"}},{"type":"Polygon","arcs":[[-517,-1163,1218,1219,-883,1220]],"properties":{"grunnkretsnummer":"33011048","grunnkretsnavn":"Konnerud 48","delomradenummer":"330110","delomradenavn":"Konnerud","kommunenummer":"3301"}},{"type":"Polygon","arcs":[[-857,1221,-528,-895,-1100,1222,1223]],"properties":{"grunnkretsnummer":"33010917","grunnkretsnavn":"Skoger 17","delomradenummer":"330109","delomradenavn":"Skoger","kommunenummer":"3301"}},{"type":"Polygon","arcs":[[-378,-903,1224,1225,1226]],"properties":{"grunnkretsnummer":"33011010","grunnkretsnavn":"Konnerud 10","delomradenummer":"330110","delomradenavn":"Konnerud","kommunenummer":"3301"}},{"type":"Polygon","arcs":[[-950,1227,1228,1229,-966,1230]],"properties":{"grunnkretsnummer":"33010120","grunnkretsnavn":"Åssiden 20","delomradenummer":"330101","delomradenavn":"Åssiden","kommunenummer":"3301"}},{"type":"Polygon","arcs":[[1231,1232,1233,1234,-1149]],"properties":{"grunnkretsnummer":"33011025","grunnkretsnavn":"Konnerud 25","delomradenummer":"330110","delomradenavn":"Konnerud","kommunenummer":"3301"}},{"type":"Polygon","arcs":[[-952,1235,-487,-312]],"properties":{"grunnkretsnummer":"33010125","grunnkretsnavn":"Åssiden 25","delomradenummer":"330101","delomradenavn":"Åssiden","kommunenummer":"3301"}},{"type":"Polygon","arcs":[[-524,-637,-1046,1236,-981,1237,-1233]],"properties":{"grunnkretsnummer":"33011024","grunnkretsnavn":"Konnerud 24","delomradenummer":"330110","delomradenavn":"Konnerud","kommunenummer":"3301"}},{"type":"Polygon","arcs":[[1238,-733,1239,1240,-859,-511]],"properties":{"grunnkretsnummer":"33010705","grunnkretsnavn":"Tangen-Åskollen 5","delomradenummer":"330107","delomradenavn":"Tangen - Åskollen","kommunenummer":"3301"}},{"type":"Polygon","arcs":[[-795,-995,1241,1242,1243,1244,-1112,-991]],"properties":{"grunnkretsnummer":"33010133","grunnkretsnavn":"Åssiden 33","delomradenummer":"330101","delomradenavn":"Åssiden","kommunenummer":"3301"}},{"type":"Polygon","arcs":[[-318,-504,-746,-1000,1245,-701,-382,-381,-741,1246,1247]],"properties":{"grunnkretsnummer":"33010401","grunnkretsnavn":"Fjellheim 1","delomradenummer":"330104","delomradenavn":"Fjellheim","kommunenummer":"3301"}},{"type":"Polygon","arcs":[[-48,-470,1248]],"properties":{"grunnkretsnummer":"33010816","grunnkretsnavn":"Danvik-Fjell 16","delomradenummer":"330108","delomradenavn":"Danvik - Fjell","kommunenummer":"3301"}},{"type":"Polygon","arcs":[[-1226,1249,-1036,1250,1251]],"properties":{"grunnkretsnummer":"33011009","grunnkretsnavn":"Konnerud 9","delomradenummer":"330110","delomradenavn":"Konnerud","kommunenummer":"3301"}},{"type":"Polygon","arcs":[[1252,-980,1253,1254]],"properties":{"grunnkretsnummer":"33010903","grunnkretsnavn":"Skoger 3","delomradenummer":"330109","delomradenavn":"Skoger","kommunenummer":"3301"}},{"type":"Polygon","arcs":[[1255,-1059,1256,-491]],"properties":{"grunnkretsnummer":"33011045","grunnkretsnavn":"Konnerud 45","delomradenummer":"330110","delomradenavn":"Konnerud","kommunenummer":"3301"}},{"type":"Polygon","arcs":[[1257,1258,1259,1260,1261]],"properties":{"grunnkretsnummer":"33011501","grunnkretsnavn":"Berger","delomradenummer":"330115","delomradenavn":"Berger","kommunenummer":"3301"}},{"type":"Polygon","arcs":[[1262,-731,-730,-261,-289,1263,1264]],"properties":{"grunnkretsnummer":"33010714","grunnkretsnavn":"Tangen-Åskollen 14","delomradenummer":"330107","delomradenavn":"Tangen - Åskollen","kommunenummer":"3301"}},{"type":"Polygon","arcs":[[1265,1266,-976,-1153,-422,-956]],"properties":{"grunnkretsnummer":"33010925","grunnkretsnavn":"Skoger 25","delomradenummer":"330109","delomradenavn":"Skoger","kommunenummer":"3301"}},{"type":"Polygon","arcs":[[-893,-892,1267,-723,-722,-1101]],"properties":{"grunnkretsnummer":"33010719","grunnkretsnavn":"Tangen-Åskollen 19","delomradenummer":"330107","delomradenavn":"Tangen - Åskollen","kommunenummer":"3301"}},{"type":"Polygon","arcs":[[-1250,-1225,-902,-495,1268,-1031]],"properties":{"grunnkretsnummer":"33011013","grunnkretsnavn":"Konnerud 13","delomradenummer":"330110","delomradenavn":"Konnerud","kommunenummer":"3301"}},{"type":"Polygon","arcs":[[-969,1269,-899,-376]],"properties":{"grunnkretsnummer":"33010512","grunnkretsnavn":"Gulskogen-Sundhaugen 12","delomradenummer":"330105","delomradenavn":"Gulskogen - Sundhaugen","kommunenummer":"3301"}},{"type":"Polygon","arcs":[[1270,-973,1271,-1133,-1191,1272]],"properties":{"grunnkretsnummer":"33010906","grunnkretsnavn":"Skoger 6","delomradenummer":"330109","delomradenavn":"Skoger","kommunenummer":"3301"}},{"type":"Polygon","arcs":[[-886,-1174,-953,-420,-627]],"properties":{"grunnkretsnummer":"33011042","grunnkretsnavn":"Konnerud 42","delomradenummer":"330110","delomradenavn":"Konnerud","kommunenummer":"3301"}},{"type":"Polygon","arcs":[[-852,-869,-113,-957,-924,1273,-803,1274,-760]],"properties":{"grunnkretsnummer":"33011112","grunnkretsnavn":"Borgetjern","delomradenummer":"330111","delomradenavn":"Krokstadelva","kommunenummer":"3301"}},{"type":"Polygon","arcs":[[-739,-1085,-1111,1275,-1184]],"properties":{"grunnkretsnummer":"33010807","grunnkretsnavn":"Danvik-Fjell 7","delomradenummer":"330108","delomradenavn":"Danvik - Fjell","kommunenummer":"3301"}},{"type":"Polygon","arcs":[[1276,-1060,-1256,-490,-1173,-884,-1220]],"properties":{"grunnkretsnummer":"33011046","grunnkretsnavn":"Konnerud 46","delomradenummer":"330110","delomradenavn":"Konnerud","kommunenummer":"3301"}},{"type":"Polygon","arcs":[[-714,1277,-1151,1278,1279,-1255,1280,1281,-1189,-749]],"properties":{"grunnkretsnummer":"33010902","grunnkretsnavn":"Skoger 2","delomradenummer":"330109","delomradenavn":"Skoger","kommunenummer":"3301"}},{"type":"Polygon","arcs":[[1282,-429,-584,-1023]],"properties":{"grunnkretsnummer":"33010604","grunnkretsnavn":"Strømsø 4","delomradenummer":"330106","delomradenavn":"Strømsø","kommunenummer":"3301"}},{"type":"Polygon","arcs":[[-961,1283,-1138,1284,-897,-920]],"properties":{"grunnkretsnummer":"33011206","grunnkretsnavn":"Spinnerikroken-Ulverudbekken","delomradenummer":"330112","delomradenavn":"Solbergelva","kommunenummer":"3301"}},{"type":"Polygon","arcs":[[-587,1285,-1026,-1016,-862]],"properties":{"grunnkretsnummer":"33010805","grunnkretsnavn":"Danvik-Fjell 5","delomradenummer":"330108","delomradenavn":"Danvik - Fjell","kommunenummer":"3301"}},{"type":"Polygon","arcs":[[1286,-1069,1287,-1169,-967]],"properties":{"grunnkretsnummer":"33010510","grunnkretsnavn":"Gulskogen-Sundhaugen 10","delomradenummer":"330105","delomradenavn":"Gulskogen - Sundhaugen","kommunenummer":"3301"}},{"type":"Polygon","arcs":[[-1200,1288,-1094,-1043,1289,-710,-1188,-945,-1217]],"properties":{"grunnkretsnummer":"33011408","grunnkretsnavn":"Mihle-Rygh","delomradenummer":"330114","delomradenavn":"Mjøndalen","kommunenummer":"3301"}},{"type":"Polygon","arcs":[[-1006,1290,-1168,-1155]],"properties":{"grunnkretsnummer":"33010108","grunnkretsnavn":"Åssiden 8","delomradenummer":"330101","delomradenavn":"Åssiden","kommunenummer":"3301"}},{"type":"Polygon","arcs":[[1291,1292,1293,1294,1295,-935,-934,1296,-329,-875]],"properties":{"grunnkretsnummer":"33011602","grunnkretsnavn":"Eik-Skjønheim","delomradenummer":"330116","delomradenavn":"Svelvik","kommunenummer":"3301"}},{"type":"Polygon","arcs":[[-222,-229,-744,-502,-814]],"properties":{"grunnkretsnummer":"33010406","grunnkretsnavn":"Fjellheim 6","delomradenummer":"330104","delomradenavn":"Fjellheim","kommunenummer":"3301"}},{"type":"Polygon","arcs":[[-469,1297,-303,-1124,-49,-1249]],"properties":{"grunnkretsnummer":"33010817","grunnkretsnavn":"Danvik-Fjell 17","delomradenummer":"330108","delomradenavn":"Danvik - Fjell","kommunenummer":"3301"}},{"type":"Polygon","arcs":[[-492,-1257,-1185,1298,-1266,-955]],"properties":{"grunnkretsnummer":"33011041","grunnkretsnavn":"Konnerud 41","delomradenummer":"330110","delomradenavn":"Konnerud","kommunenummer":"3301"}},{"type":"Polygon","arcs":[[1299,-582,-1002]],"properties":{"grunnkretsnummer":"33010603","grunnkretsnavn":"Strømsø 3","delomradenummer":"330106","delomradenavn":"Strømsø","kommunenummer":"3301"}},{"type":"Polygon","arcs":[[1300,-306,1301,1302]],"properties":{"grunnkretsnummer":"33010909","grunnkretsnavn":"Skoger 9","delomradenummer":"330109","delomradenavn":"Skoger","kommunenummer":"3301"}},{"type":"Polygon","arcs":[[1303,1304,-1223,-1102,-1021,-1205,1305,-1135]],"properties":{"grunnkretsnummer":"33010918","grunnkretsnavn":"Skoger 18","delomradenummer":"330109","delomradenavn":"Skoger","kommunenummer":"3301"}},{"type":"Polygon","arcs":[[1306,-1127,1307,-853,1308,-467,-1029]],"properties":{"grunnkretsnummer":"33010703","grunnkretsnavn":"Tangen-Åskollen 3","delomradenummer":"330107","delomradenavn":"Tangen - Åskollen","kommunenummer":"3301"}},{"type":"Polygon","arcs":[[-1182,-805,1309,1310,1311,-1095,-1289,-1199,1312]],"properties":{"grunnkretsnummer":"33011104","grunnkretsnavn":"Prestbråten-Nedre Eiker kirke","delomradenummer":"330111","delomradenavn":"Krokstadelva","kommunenummer":"3301"}},{"type":"Polygon","arcs":[[1313,-905,-1025,1314,-1001,-736,-640,-696]],"properties":{"grunnkretsnummer":"33010502","grunnkretsnavn":"Gulskogen-Sundhaugen 2","delomradenummer":"330105","delomradenavn":"Gulskogen - Sundhaugen","kommunenummer":"3301"}},{"type":"Polygon","arcs":[[1315,1316,1317,1318,1319]],"properties":{"grunnkretsnummer":"33011503","grunnkretsnavn":"Bergeråsen","delomradenummer":"330115","delomradenavn":"Berger","kommunenummer":"3301"}},{"type":"Polygon","arcs":[[-1234,-1238,-983,-1011,1320,1321]],"properties":{"grunnkretsnummer":"33011029","grunnkretsnavn":"Konnerud 29","delomradenummer":"330110","delomradenavn":"Konnerud","kommunenummer":"3301"}},{"type":"Polygon","arcs":[[-929,-1055,1322,1323,1324]],"properties":{"grunnkretsnummer":"33010123","grunnkretsnavn":"Åssiden 23","delomradenummer":"330101","delomradenavn":"Åssiden","kommunenummer":"3301"}},{"type":"Polygon","arcs":[[1325,1326,-1165,-926,1327]],"properties":{"grunnkretsnummer":"33010131","grunnkretsnavn":"Åssiden 31","delomradenummer":"330101","delomradenavn":"Åssiden","kommunenummer":"3301"}},{"type":"Polygon","arcs":[[1328,1329,-1122,-1121,1330,-878,-877]],"properties":{"grunnkretsnummer":"33011607","grunnkretsnavn":"Nordre Svelvik","delomradenummer":"330116","delomradenavn":"Svelvik","kommunenummer":"3301"}},{"type":"Polygon","arcs":[[-1177,-1218,-943,-1098,1331]],"properties":{"grunnkretsnummer":"33011405","grunnkretsnavn":"Solløs-Åkerbråtan","delomradenummer":"330114","delomradenavn":"Mjøndalen","kommunenummer":"3301"}},{"type":"Polygon","arcs":[[-387,1332,1333,-333,-743,-742]],"properties":{"grunnkretsnummer":"33010608","grunnkretsnavn":"Strømsø 8","delomradenummer":"330106","delomradenavn":"Strømsø","kommunenummer":"3301"}},{"type":"Polygon","arcs":[[-1240,-732,-1263,1334,-1063,1335]],"properties":{"grunnkretsnummer":"33010709","grunnkretsnavn":"Tangen-Åskollen 9","delomradenummer":"330107","delomradenavn":"Tangen - Åskollen","kommunenummer":"3301"}},{"type":"Polygon","arcs":[[1336,-1213,-486,1337,-1041]],"properties":{"grunnkretsnummer":"33010101","grunnkretsnavn":"Åssiden 1","delomradenummer":"330101","delomradenavn":"Åssiden","kommunenummer":"3301"}},{"type":"Polygon","arcs":[[-1010,-1147,1338,-977,1339]],"properties":{"grunnkretsnummer":"33011032","grunnkretsnavn":"Konnerud 32","delomradenummer":"330110","delomradenavn":"Konnerud","kommunenummer":"3301"}},{"type":"Polygon","arcs":[[1340,-1034,-520,1341,-1087]],"properties":{"grunnkretsnummer":"33011007","grunnkretsnavn":"Konnerud 7","delomradenummer":"330110","delomradenavn":"Konnerud","kommunenummer":"3301"}},{"type":"Polygon","arcs":[[-912,1342,1343,-1242,-994,-254,-1187]],"properties":{"grunnkretsnummer":"33010136","grunnkretsnavn":"Åssiden 36","delomradenummer":"330101","delomradenavn":"Åssiden","kommunenummer":"3301"}},{"type":"Polygon","arcs":[[-807,-1181,1344]],"properties":{"grunnkretsnummer":"33011109","grunnkretsnavn":"Hovjordet","delomradenummer":"330111","delomradenavn":"Krokstadelva","kommunenummer":"3301"}},{"type":"Polygon","arcs":[[-44,-529,-1222,-856]],"properties":{"grunnkretsnummer":"33010713","grunnkretsnavn":"Tangen-Åskollen 13","delomradenummer":"330107","delomradenavn":"Tangen - Åskollen","kommunenummer":"3301"}},{"type":"Polygon","arcs":[[-1344,1345,-1326,1346,-1243]],"properties":{"grunnkretsnummer":"33010134","grunnkretsnavn":"Åssiden 34","delomradenummer":"330101","delomradenavn":"Åssiden","kommunenummer":"3301"}},{"type":"Polygon","arcs":[[-1005,1347,-1211,-1215,-1166,-1291]],"properties":{"grunnkretsnummer":"33010112","grunnkretsnavn":"Åssiden 12","delomradenummer":"330101","delomradenavn":"Åssiden","kommunenummer":"3301"}},{"type":"Polygon","arcs":[[-1339,-1146,-1154,-975,1348,-978]],"properties":{"grunnkretsnummer":"33010923","grunnkretsnavn":"Skoger 23","delomradenummer":"330109","delomradenavn":"Skoger","kommunenummer":"3301"}},{"type":"Polygon","arcs":[[-304,-1298,-468,-1309,-858,-1224,-1305,1349]],"properties":{"grunnkretsnummer":"33010916","grunnkretsnavn":"Skoger 16","delomradenummer":"330109","delomradenavn":"Skoger","kommunenummer":"3301"}},{"type":"Polygon","arcs":[[-761,-1275,-802,-1345,-1180,-1073]],"properties":{"grunnkretsnummer":"33011111","grunnkretsnavn":"Fabrikkroken-Langemyr","delomradenummer":"330111","delomradenavn":"Krokstadelva","kommunenummer":"3301"}},{"type":"Polygon","arcs":[[1350,-1178,-1332,-1097,1351]],"properties":{"grunnkretsnummer":"33011406","grunnkretsnavn":"Veia-Vikkollen","delomradenummer":"330114","delomradenavn":"Mjøndalen","kommunenummer":"3301"}},{"type":"Polygon","arcs":[[1352,-1096,-1312]],"properties":{"grunnkretsnummer":"33011105","grunnkretsnavn":"Stenseth terrasse delfelt5","delomradenummer":"330111","delomradenavn":"Krokstadelva","kommunenummer":"3301"}},{"type":"Polygon","arcs":[[-999,-702,-1246]],"properties":{"grunnkretsnummer":"33010403","grunnkretsnavn":"Fjellheim 3","delomradenummer":"330104","delomradenavn":"Fjellheim","kommunenummer":"3301"}},{"type":"Polygon","arcs":[[-860,-1241,-1336,-1062,-854,-1308]],"properties":{"grunnkretsnummer":"33010708","grunnkretsnavn":"Tangen-Åskollen 8","delomradenummer":"330107","delomradenavn":"Tangen - Åskollen","kommunenummer":"3301"}},{"type":"Polygon","arcs":[[-898,-1285,-1141,-1038,-1093,-531]],"properties":{"grunnkretsnummer":"33011202","grunnkretsnavn":"Herstrøm-Ulverudbekken","delomradenummer":"330112","delomradenavn":"Solbergelva","kommunenummer":"3301"}},{"type":"Polygon","arcs":[[-1032,-1269,-494,-1082,-643,-1208]],"properties":{"grunnkretsnummer":"33011015","grunnkretsnavn":"Konnerud 15","delomradenummer":"330110","delomradenavn":"Konnerud","kommunenummer":"3301"}},{"type":"Polygon","arcs":[[-1254,-979,-1349,-974,-1271,1353,-1281]],"properties":{"grunnkretsnummer":"33010904","grunnkretsnavn":"Skoger 4","delomradenummer":"330109","delomradenavn":"Skoger","kommunenummer":"3301"}},{"type":"Polygon","arcs":[[-989,-474,-319,-1248,-1247,-425,-1283]],"properties":{"grunnkretsnummer":"33010303","grunnkretsnavn":"Bragernes sentrum 3","delomradenummer":"330103","delomradenavn":"Bragernes Sentrum","kommunenummer":"3301"}},{"type":"Polygon","arcs":[[-1321,-1340,-1253,-1280,1354]],"properties":{"grunnkretsnummer":"33011031","grunnkretsnavn":"Konnerud 31","delomradenummer":"330110","delomradenavn":"Konnerud","kommunenummer":"3301"}},{"type":"Polygon","arcs":[[-1162,-1061,-1277,-1219]],"properties":{"grunnkretsnummer":"33011049","grunnkretsnavn":"Konnerud 49","delomradenummer":"330110","delomradenavn":"Konnerud","kommunenummer":"3301"}},{"type":"Polygon","arcs":[[-1202,-1179,-1351,1355,-1077]],"properties":{"grunnkretsnummer":"33011402","grunnkretsnavn":"Krok-Kjøya","delomradenummer":"330114","delomradenavn":"Mjøndalen","kommunenummer":"3301"}},{"type":"Polygon","arcs":[[-1276,-1110,-1125,-307,-1301,1356,-971,-1267,-1299]],"properties":{"grunnkretsnummer":"33010908","grunnkretsnavn":"Skoger 8","delomradenummer":"330109","delomradenavn":"Skoger","kommunenummer":"3301"}},{"type":"Polygon","arcs":[[-1294,-1293,1357,-1119,-1118,1358]],"properties":{"grunnkretsnummer":"33011603","grunnkretsnavn":"Grunden","delomradenummer":"330116","delomradenavn":"Svelvik","kommunenummer":"3301"}},{"type":"Polygon","arcs":[[-968,-1172,-964,-624,-1012,-1270]],"properties":{"grunnkretsnummer":"33010511","grunnkretsnavn":"Gulskogen-Sundhaugen 11","delomradenummer":"330105","delomradenavn":"Gulskogen - Sundhaugen","kommunenummer":"3301"}},{"type":"Polygon","arcs":[[-1051,-1216,-1090,-1152,-1278,-713]],"properties":{"grunnkretsnummer":"33011003","grunnkretsnavn":"Konnerud 3","delomradenummer":"330110","delomradenavn":"Konnerud","kommunenummer":"3301"}},{"type":"Polygon","arcs":[[-1311,1359,-922,-1092,-1353]],"properties":{"grunnkretsnummer":"33011106","grunnkretsnavn":"Stenseth terrasse delfelt3","delomradenummer":"330111","delomradenavn":"Krokstadelva","kommunenummer":"3301"}},{"type":"Polygon","arcs":[[-305,-1350,-1304,-1134,-1302]],"properties":{"grunnkretsnummer":"33010915","grunnkretsnavn":"Skoger 15","delomradenummer":"330109","delomradenavn":"Skoger","kommunenummer":"3301"}},{"type":"Polygon","arcs":[[-930,-1325,1360,-1229]],"properties":{"grunnkretsnummer":"33010122","grunnkretsnavn":"Åssiden 22","delomradenummer":"330101","delomradenavn":"Åssiden","kommunenummer":"3301"}},{"type":"Polygon","arcs":[[-1068,-1207,-39,-907,1361,-1170,-1288]],"properties":{"grunnkretsnummer":"33010504","grunnkretsnavn":"Gulskogen-Sundhaugen 4","delomradenummer":"330105","delomradenavn":"Gulskogen - Sundhaugen","kommunenummer":"3301"}},{"type":"Polygon","arcs":[[-1105,-1104,1362,-1320,-1319,-1318,1363,-1262,-1261,1364]],"properties":{"grunnkretsnummer":"33011502","grunnkretsnavn":"Berger gård","delomradenummer":"330115","delomradenavn":"Berger","kommunenummer":"3301"}},{"type":"Polygon","arcs":[[-1054,-634,1365,-1066,-1323]],"properties":{"grunnkretsnummer":"33010202","grunnkretsnavn":"Øren-Underlia 2","delomradenummer":"330102","delomradenavn":"Øren - Underlia","kommunenummer":"3301"}},{"type":"Polygon","arcs":[[-386,-735,-734,-1239,-510,-1126,1366,-1333]],"properties":{"grunnkretsnummer":"33010701","grunnkretsnavn":"Tangen-Åskollen 1","delomradenummer":"330107","delomradenavn":"Tangen - Åskollen","kommunenummer":"3301"}},{"type":"Polygon","arcs":[[-1265,-1264,-288,-1160,-1159,-1064,-1335]],"properties":{"grunnkretsnummer":"33010715","grunnkretsnavn":"Tangen-Åskollen 15","delomradenummer":"330107","delomradenavn":"Tangen - Åskollen","kommunenummer":"3301"}},{"type":"Polygon","arcs":[[-1083,-498,1367,-519,-1044,-645]],"properties":{"grunnkretsnummer":"33011020","grunnkretsnavn":"Konnerud 20","delomradenummer":"330110","delomradenavn":"Konnerud","kommunenummer":"3301"}},{"type":"Polygon","arcs":[[-233,-272,-256,-993,-793,-725,-958]],"properties":{"grunnkretsnummer":"33010105","grunnkretsnavn":"Åssiden 5","delomradenummer":"330101","delomradenavn":"Åssiden","kommunenummer":"3301"}},{"type":"Polygon","arcs":[[-1045,-1221,-882,-625,-982,-1237]],"properties":{"grunnkretsnummer":"33011026","grunnkretsnavn":"Konnerud 26","delomradenummer":"330110","delomradenavn":"Konnerud","kommunenummer":"3301"}},{"type":"Polygon","arcs":[[-1114,-1209,-1348,-1004,-986]],"properties":{"grunnkretsnummer":"33010114","grunnkretsnavn":"Åssiden 14","delomradenummer":"330101","delomradenavn":"Åssiden","kommunenummer":"3301"}},{"type":"Polygon","arcs":[[-1183,-1313,-1198,-1143]],"properties":{"grunnkretsnummer":"33011103","grunnkretsnavn":"Eknes-Møllenhof","delomradenummer":"330111","delomradenavn":"Krokstadelva","kommunenummer":"3301"}},{"type":"Polygon","arcs":[[-1013,-622,-638,-1057,-1161,-515,1368]],"properties":{"grunnkretsnummer":"33011051","grunnkretsnavn":"Konnerud 51","delomradenummer":"330110","delomradenavn":"Konnerud","kommunenummer":"3301"}},{"type":"Polygon","arcs":[[-1354,-1273,-1190,-1282]],"properties":{"grunnkretsnummer":"33010905","grunnkretsnavn":"Skoger 5","delomradenummer":"330109","delomradenavn":"Skoger","kommunenummer":"3301"}},{"type":"Polygon","arcs":[[-334,-1334,-1367,-1128,-1307,-1028,1369]],"properties":{"grunnkretsnummer":"33010611","grunnkretsnavn":"Strømsø 11","delomradenummer":"330106","delomradenavn":"Strømsø","kommunenummer":"3301"}},{"type":"Polygon","arcs":[[-1342,-525,-1232,-1148,-1088]],"properties":{"grunnkretsnummer":"33011005","grunnkretsnavn":"Konnerud 5","delomradenummer":"330110","delomradenavn":"Konnerud","kommunenummer":"3301"}},{"type":"Polygon","arcs":[[1370,-1214,-1337,-1040,-1140]],"properties":{"grunnkretsnummer":"33011208","grunnkretsnavn":"Tollefshagen-Buskerudveien","delomradenummer":"330112","delomradenavn":"Solbergelva","kommunenummer":"3301"}},{"type":"Polygon","arcs":[[-1186,-708,-879,-631,-1053,-914]],"properties":{"grunnkretsnummer":"33010207","grunnkretsnavn":"Øren-Underlia 7","delomradenummer":"330102","delomradenavn":"Øren - Underlia","kommunenummer":"3301"}},{"type":"Polygon","arcs":[[-633,-881,-1206,-1366]],"properties":{"grunnkretsnummer":"33010204","grunnkretsnavn":"Øren-Underlia 4","delomradenummer":"330102","delomradenavn":"Øren - Underlia","kommunenummer":"3301"}},{"type":"Polygon","arcs":[[-1274,-923,-1360,-1310,-804]],"properties":{"grunnkretsnummer":"33011107","grunnkretsnavn":"Stenseth terrasse delfelt1","delomradenummer":"330111","delomradenavn":"Krokstadelva","kommunenummer":"3301"}},{"type":"Polygon","arcs":[[-874,-1331,-1120,-1358,-1292]],"properties":{"grunnkretsnummer":"33011604","grunnkretsnavn":"Tømmeråsen-Sverstad","delomradenummer":"330116","delomradenavn":"Svelvik","kommunenummer":"3301"}},{"type":"Polygon","arcs":[[-1362,-906,-1314,-695,-963,-1171]],"properties":{"grunnkretsnummer":"33010505","grunnkretsnavn":"Gulskogen-Sundhaugen 5","delomradenummer":"330105","delomradenavn":"Gulskogen - Sundhaugen","kommunenummer":"3301"}},{"type":"Polygon","arcs":[[-1018,-1030,-933,-1123,-1108]],"properties":{"grunnkretsnummer":"33010811","grunnkretsnavn":"Danvik-Fjell 11","delomradenummer":"330108","delomradenavn":"Danvik - Fjell","kommunenummer":"3301"}},{"type":"Polygon","arcs":[[-1347,-1328,-925,-1228,-949,-310,-699,1371,-1244]],"properties":{"grunnkretsnummer":"33010129","grunnkretsnavn":"Åssiden 29","delomradenummer":"330101","delomradenavn":"Åssiden","kommunenummer":"3301"}},{"type":"Polygon","arcs":[[-1113,-1245,-1372,-698]],"properties":{"grunnkretsnummer":"33010128","grunnkretsnavn":"Åssiden 28","delomradenummer":"330101","delomradenavn":"Åssiden","kommunenummer":"3301"}},{"type":"Polygon","arcs":[[-972,-1357,-1303,-1137,1372,-1129,-1272]],"properties":{"grunnkretsnummer":"33010910","grunnkretsnavn":"Skoger 10","delomradenummer":"330109","delomradenavn":"Skoger","kommunenummer":"3301"}},{"type":"Polygon","arcs":[[-1042,-1338,-485,-970,-379,-1227,-1252,1373,-1047,-711,-1290]],"properties":{"grunnkretsnummer":"33011415","grunnkretsnavn":"Ytterkollen","delomradenummer":"330114","delomradenavn":"Mjøndalen","kommunenummer":"3301"}},{"type":"Polygon","arcs":[[-586,-335,-1370,-1027,-1286]],"properties":{"grunnkretsnummer":"33010610","grunnkretsnavn":"Strømsø 10","delomradenummer":"330106","delomradenavn":"Strømsø","kommunenummer":"3301"}},{"type":"Polygon","arcs":[[-1078,-1356,-1352,-1099,-1081,-747,-786,-823]],"properties":{"grunnkretsnummer":"33011407","grunnkretsnavn":"Korvald-Vikåsen","delomradenummer":"330114","delomradenavn":"Mjøndalen","kommunenummer":"3301"}},{"type":"Polygon","arcs":[[-1361,-1324,-1070,-1287,-1230]],"properties":{"grunnkretsnummer":"33010121","grunnkretsnavn":"Åssiden 21","delomradenummer":"330101","delomradenavn":"Åssiden","kommunenummer":"3301"}},{"type":"Polygon","arcs":[[-1374,-1251,-1035,-1341,-1086,-1048]],"properties":{"grunnkretsnummer":"33011008","grunnkretsnavn":"Konnerud 8","delomradenummer":"330110","delomradenavn":"Konnerud","kommunenummer":"3301"}},{"type":"Polygon","arcs":[[-1236,-951,-1231,-965,-488]],"properties":{"grunnkretsnummer":"33010119","grunnkretsnavn":"Åssiden 19","delomradenummer":"330101","delomradenavn":"Åssiden","kommunenummer":"3301"}},{"type":"Polygon","arcs":[[-1150,-1235,-1322,-1355,-1279]],"properties":{"grunnkretsnummer":"33011028","grunnkretsnavn":"Konnerud 28","delomradenummer":"330110","delomradenavn":"Konnerud","kommunenummer":"3301"}},{"type":"Polygon","arcs":[[-1343,-917,-1164,-1327,-1346]],"properties":{"grunnkretsnummer":"33010135","grunnkretsnavn":"Åssiden 35","delomradenummer":"330101","delomradenavn":"Åssiden","kommunenummer":"3301"}},{"type":"Polygon","arcs":[[-960,-998,-1212,-1371,-1139,-1284]],"properties":{"grunnkretsnummer":"33011209","grunnkretsnavn":"Huldreheim-Breihella","delomradenummer":"330112","delomradenavn":"Solbergelva","kommunenummer":"3301"}},{"type":"Polygon","arcs":[[-901,-1014,-1369,-514,-1368,-497]],"properties":{"grunnkretsnummer":"33011054","grunnkretsnavn":"Konnerud 54","delomradenummer":"330110","delomradenavn":"Konnerud","kommunenummer":"3301"}},{"type":"Polygon","arcs":[[-1024,-583,-1300,-1315]],"properties":{"grunnkretsnummer":"33010602","grunnkretsnavn":"Strømsø 2","delomradenummer":"330106","delomradenavn":"Strømsø","kommunenummer":"3301"}},{"type":"Polygon","arcs":[[1374,-909,-1130,-1373,-1136,-1306,-1204,1375]],"properties":{"grunnkretsnummer":"33010913","grunnkretsnavn":"Skoger 13","delomradenummer":"330109","delomradenavn":"Skoger","kommunenummer":"3301"}},{"type":"Polygon","arcs":[[1376,-72,1377,1378,1379,1380,1381]],"properties":{"grunnkretsnummer":"33160405","grunnkretsnavn":"Bøen","delomradenummer":"331604","delomradenavn":"Drolsum - Snarum","kommunenummer":"3316"}},{"type":"Polygon","arcs":[[1382,-154,1383,-407]],"properties":{"grunnkretsnummer":"33160301","grunnkretsnavn":"Kimmerud","delomradenummer":"331603","delomradenavn":"Vikersund","kommunenummer":"3316"}},{"type":"Polygon","arcs":[[1384,1385,1386,1387,1388,-1380]],"properties":{"grunnkretsnummer":"33160208","grunnkretsnavn":"Brunesmoen","delomradenummer":"331602","delomradenavn":"Geithus","kommunenummer":"3316"}},{"type":"Polygon","arcs":[[1389,1390,1391,1392,1393]],"properties":{"grunnkretsnummer":"33160107","grunnkretsnavn":"Strand","delomradenummer":"331601","delomradenavn":"Åmot","kommunenummer":"3316"}},{"type":"Polygon","arcs":[[1394,1395,1396,-408,-1384,-153,-210,1397]],"properties":{"grunnkretsnummer":"33160303","grunnkretsnavn":"Fure","delomradenummer":"331603","delomradenavn":"Vikersund","kommunenummer":"3316"}},{"type":"Polygon","arcs":[[1398,-397,1399,1400]],"properties":{"grunnkretsnummer":"33160307","grunnkretsnavn":"Hovdeskogen","delomradenummer":"331603","delomradenavn":"Vikersund","kommunenummer":"3316"}},{"type":"Polygon","arcs":[[1401,1402,-1385,-1379]],"properties":{"grunnkretsnummer":"33160311","grunnkretsnavn":"Modum bad","delomradenummer":"331603","delomradenavn":"Vikersund","kommunenummer":"3316"}},{"type":"Polygon","arcs":[[-374,1403,1404,1405]],"properties":{"grunnkretsnummer":"33160108","grunnkretsnavn":"Enger","delomradenummer":"331601","delomradenavn":"Åmot","kommunenummer":"3316"}},{"type":"Polygon","arcs":[[1406,-1381,-1389,1407,1408,1409,-1391,1410,1411]],"properties":{"grunnkretsnummer":"33160201","grunnkretsnavn":"Jelstad","delomradenummer":"331602","delomradenavn":"Geithus","kommunenummer":"3316"}},{"type":"Polygon","arcs":[[-71,1412,1413,1414,-1402,-1378]],"properties":{"grunnkretsnummer":"33160404","grunnkretsnavn":"Sysle","delomradenummer":"331604","delomradenavn":"Drolsum - Snarum","kommunenummer":"3316"}},{"type":"Polygon","arcs":[[-399,1415,1416,-1387]],"properties":{"grunnkretsnummer":"33160207","grunnkretsnavn":"Bråten","delomradenummer":"331602","delomradenavn":"Geithus","kommunenummer":"3316"}},{"type":"Polygon","arcs":[[-1399,1417,1418,1419,1420,-398]],"properties":{"grunnkretsnummer":"33160305","grunnkretsnavn":"Vikersundgata","delomradenummer":"331603","delomradenavn":"Vikersund","kommunenummer":"3316"}},{"type":"Polygon","arcs":[[-1411,-1390,1421,1422,1423]],"properties":{"grunnkretsnummer":"33160105","grunnkretsnavn":"Haugfoss","delomradenummer":"331601","delomradenavn":"Åmot","kommunenummer":"3316"}},{"type":"Polygon","arcs":[[-1421,1424,-401,1425,1426,1427,-1416]],"properties":{"grunnkretsnummer":"33160206","grunnkretsnavn":"Rolighetsmoen","delomradenummer":"331602","delomradenavn":"Geithus","kommunenummer":"3316"}},{"type":"Polygon","arcs":[[1428,1429,1430,-1405,1431,-1393]],"properties":{"grunnkretsnummer":"33160109","grunnkretsnavn":"Bårud","delomradenummer":"331601","delomradenavn":"Åmot","kommunenummer":"3316"}},{"type":"Polygon","arcs":[[-1415,1432,1433,1434,-1400,-400,-1386,-1403]],"properties":{"grunnkretsnummer":"33160310","grunnkretsnavn":"Råen","delomradenummer":"331603","delomradenavn":"Vikersund","kommunenummer":"3316"}},{"type":"Polygon","arcs":[[-1422,-1394,-1432,-1404,-373,1435]],"properties":{"grunnkretsnummer":"33160106","grunnkretsnavn":"Buskerud","delomradenummer":"331601","delomradenavn":"Åmot","kommunenummer":"3316"}},{"type":"Polygon","arcs":[[-1406,-1431,1436,-368]],"properties":{"grunnkretsnummer":"33160112","grunnkretsnavn":"Jellum","delomradenummer":"331601","delomradenavn":"Åmot","kommunenummer":"3316"}},{"type":"Polygon","arcs":[[1437,1438,-1429,-1392,-1410]],"properties":{"grunnkretsnummer":"33160110","grunnkretsnavn":"Skalstad","delomradenummer":"331601","delomradenavn":"Åmot","kommunenummer":"3316"}},{"type":"Polygon","arcs":[[-411,1439,1440,-1413,-70]],"properties":{"grunnkretsnummer":"33160407","grunnkretsnavn":"Østre Snarum","delomradenummer":"331604","delomradenavn":"Drolsum - Snarum","kommunenummer":"3316"}},{"type":"Polygon","arcs":[[1441,-1418,-1401,-1435]],"properties":{"grunnkretsnummer":"33160308","grunnkretsnavn":"Vikerjordet","delomradenummer":"331603","delomradenavn":"Vikersund","kommunenummer":"3316"}},{"type":"Polygon","arcs":[[-1412,-1424,1442,-415,1443]],"properties":{"grunnkretsnummer":"33160104","grunnkretsnavn":"Søndre Simostranda","delomradenummer":"331601","delomradenavn":"Åmot","kommunenummer":"3316"}},{"type":"Polygon","arcs":[[-117,-402,-1425,-1420,1444,-1398,-209]],"properties":{"grunnkretsnummer":"33160304","grunnkretsnavn":"Tangen","delomradenummer":"331603","delomradenavn":"Vikersund","kommunenummer":"3316"}},{"type":"Polygon","arcs":[[-1409,1445,-1427,1446,1447,-1438]],"properties":{"grunnkretsnummer":"33160202","grunnkretsnavn":"Sevals","delomradenummer":"331602","delomradenavn":"Geithus","kommunenummer":"3316"}},{"type":"Polygon","arcs":[[-870,-369,-1437,-1430,-1439,-1448,1448,-114]],"properties":{"grunnkretsnummer":"33160111","grunnkretsnavn":"Holo","delomradenummer":"331601","delomradenavn":"Åmot","kommunenummer":"3316"}},{"type":"Polygon","arcs":[[-1388,-1417,-1428,-1446,-1408]],"properties":{"grunnkretsnummer":"33160203","grunnkretsnavn":"Skredsvik","delomradenummer":"331602","delomradenavn":"Geithus","kommunenummer":"3316"}},{"type":"Polygon","arcs":[[1449,-1396,1450,1451]],"properties":{"grunnkretsnummer":"33160401","grunnkretsnavn":"Flattum","delomradenummer":"331604","delomradenavn":"Drolsum - Snarum","kommunenummer":"3316"}},{"type":"Polygon","arcs":[[-1451,-1395,-1445,-1419,-1442,-1434]],"properties":{"grunnkretsnummer":"33160309","grunnkretsnavn":"Sand","delomradenummer":"331603","delomradenavn":"Vikersund","kommunenummer":"3316"}},{"type":"Polygon","arcs":[[1452,1453,1454,1455,1456,1457,-404,-1397,-1450,1458,-1440,-410,1459]],"properties":{"grunnkretsnummer":"33160402","grunnkretsnavn":"Øderud","delomradenummer":"331604","delomradenavn":"Drolsum - Snarum","kommunenummer":"3316"}},{"type":"Polygon","arcs":[[-1426,-403,-115,-1449,-1447]],"properties":{"grunnkretsnummer":"33160204","grunnkretsnavn":"Sønsteby","delomradenummer":"331602","delomradenavn":"Geithus","kommunenummer":"3316"}},{"type":"Polygon","arcs":[[1460,-1382,-1407,-1444,-414,1461,1462]],"properties":{"grunnkretsnummer":"33160103","grunnkretsnavn":"Nordre Simostranda","delomradenummer":"331601","delomradenavn":"Åmot","kommunenummer":"3316"}},{"type":"Polygon","arcs":[[-1443,-1423,-1436,-372,-776,-780,-416]],"properties":{"grunnkretsnummer":"33160101","grunnkretsnavn":"Skibrekk","delomradenummer":"331601","delomradenavn":"Åmot","kommunenummer":"3316"}},{"type":"Polygon","arcs":[[-1459,-1452,-1433,-1414,-1441]],"properties":{"grunnkretsnummer":"33160403","grunnkretsnavn":"Flannum","delomradenummer":"331604","delomradenavn":"Drolsum - Snarum","kommunenummer":"3316"}},{"type":"Polygon","arcs":[[1463,1464,1465,1466,1467,1468,1469,1470,1471,1472]],"properties":{"grunnkretsnummer":"33380106","grunnkretsnavn":"Skjønne","delomradenummer":"333801","delomradenavn":"Nore","kommunenummer":"3338"}},{"type":"Polygon","arcs":[[1473,1474,1475,1476,-837,-873,-769,-845]],"properties":{"grunnkretsnummer":"33340105","grunnkretsnavn":"Håvardsrud","delomradenummer":"333401","delomradenavn":"Flesberg","kommunenummer":"3334"}},{"type":"Polygon","arcs":[[1477,1478,-768,1479,1480]],"properties":{"grunnkretsnummer":"33340102","grunnkretsnavn":"Ingeborgrud","delomradenummer":"333401","delomradenavn":"Flesberg","kommunenummer":"3334"}},{"type":"Polygon","arcs":[[1481,1482,-1476,1483,1484,1485]],"properties":{"grunnkretsnummer":"33340106","grunnkretsnavn":"Gåsum","delomradenummer":"333401","delomradenavn":"Flesberg","kommunenummer":"3334"}},{"type":"Polygon","arcs":[[1486,1487,1488,1489,-1464]],"properties":{"grunnkretsnummer":"33380104","grunnkretsnavn":"Teigen","delomradenummer":"333801","delomradenavn":"Nore","kommunenummer":"3338"}},{"type":"Polygon","arcs":[[1490,-1467,1491,1492]],"properties":{"grunnkretsnummer":"33380109","grunnkretsnavn":"Øygardsgrend","delomradenummer":"333801","delomradenavn":"Nore","kommunenummer":"3338"}},{"type":"Polygon","arcs":[[1493,1494,1495,1496]],"properties":{"grunnkretsnummer":"33380204","grunnkretsnavn":"Torsrud","delomradenummer":"333802","delomradenavn":"Uvdal","kommunenummer":"3338"}},{"type":"Polygon","arcs":[[-604,1497,-1493,1498,1499,1500,-1494,1501,1502,1503]],"properties":{"grunnkretsnummer":"33380201","grunnkretsnavn":"Vikan","delomradenummer":"333802","delomradenavn":"Uvdal","kommunenummer":"3338"}},{"type":"Polygon","arcs":[[-538,-605,-1504,1504,1505]],"properties":{"grunnkretsnummer":"33380207","grunnkretsnavn":"Flåta","delomradenummer":"333802","delomradenavn":"Uvdal","kommunenummer":"3338"}},{"type":"Polygon","arcs":[[-1505,-1503,1506,-1508,-1509,1509]],"properties":{"grunnkretsnummer":"33380206","grunnkretsnavn":"Kveta","delomradenummer":"333802","delomradenavn":"Uvdal","kommunenummer":"3338"}},{"type":"Polygon","arcs":[[-1501,1510,-1495]],"properties":{"grunnkretsnummer":"33380203","grunnkretsnavn":"Kyllesdal","delomradenummer":"333802","delomradenavn":"Uvdal","kommunenummer":"3338"}},{"type":"Polygon","arcs":[[-1512,1512,1513,1514,-1516]],"properties":{"grunnkretsnummer":"33380103","grunnkretsnavn":"Eide","delomradenummer":"333801","delomradenavn":"Nore","kommunenummer":"3338"}},{"type":"Polygon","arcs":[[-1492,-1466,1516,1517,-1499]],"properties":{"grunnkretsnummer":"33380108","grunnkretsnavn":"Rødberg","delomradenummer":"333801","delomradenavn":"Nore","kommunenummer":"3338"}},{"type":"Polygon","arcs":[[-1519,-611,-539,-1506,-1510,-1520,-1521,-1522,-1523]],"properties":{"grunnkretsnummer":"33380208","grunnkretsnavn":"Langesjøen-Skrykken","delomradenummer":"333802","delomradenavn":"Uvdal","kommunenummer":"3338"}},{"type":"Polygon","arcs":[[-1502,-1497,1523,-1525,-1507]],"properties":{"grunnkretsnummer":"33380205","grunnkretsnavn":"Tufto","delomradenummer":"333802","delomradenavn":"Uvdal","kommunenummer":"3338"}},{"type":"Polygon","arcs":[[1525,1526,1527,1528,1529,-460,-453,-462,-389,-458,-449,-463,-447,1530]],"properties":{"grunnkretsnummer":"33220103","grunnkretsnavn":"Dokken","delomradenummer":"332201","delomradenavn":"Nes","kommunenummer":"3322"}},{"type":"Polygon","arcs":[[-678,1531,-1468,-1491,-1498,-603,-575,-693]],"properties":{"grunnkretsnummer":"33380110","grunnkretsnavn":"Tunhovd","delomradenummer":"333801","delomradenavn":"Nore","kommunenummer":"3338"}},{"type":"Polygon","arcs":[[1532,-1534,-1515,1534,1535,1536,1537]],"properties":{"grunnkretsnummer":"33380101","grunnkretsnavn":"Sunde","delomradenummer":"333801","delomradenavn":"Nore","kommunenummer":"3338"}},{"type":"Polygon","arcs":[[-1535,-1514,1538,-1488,1539,1540]],"properties":{"grunnkretsnummer":"33380102","grunnkretsnavn":"Straumen","delomradenummer":"333801","delomradenavn":"Nore","kommunenummer":"3338"}},{"type":"Polygon","arcs":[[-1500,-1518,1541,1542,-1544,-1524,-1496,-1511]],"properties":{"grunnkretsnummer":"33380202","grunnkretsnavn":"Livrud","delomradenummer":"333802","delomradenavn":"Uvdal","kommunenummer":"3338"}},{"type":"Polygon","arcs":[[1544,-1489,-1539,-1513,-1546,-1547,-1543]],"properties":{"grunnkretsnummer":"33380105","grunnkretsnavn":"Åsbø","delomradenummer":"333801","delomradenavn":"Nore","kommunenummer":"3338"}},{"type":"Polygon","arcs":[[-1528,1547,1548,1549]],"properties":{"grunnkretsnummer":"33220104","grunnkretsnavn":"Nesbyen vest Myre-Sjong","delomradenummer":"332201","delomradenavn":"Nes","kommunenummer":"3322"}},{"type":"Polygon","arcs":[[-1526,1550,1551,1552,1553]],"properties":{"grunnkretsnummer":"33220109","grunnkretsnavn":"Nesbyen øst Briskebyen-Dalen","delomradenummer":"332201","delomradenavn":"Nes","kommunenummer":"3322"}},{"type":"Polygon","arcs":[[-1517,-1465,-1490,-1545,-1542]],"properties":{"grunnkretsnummer":"33380107","grunnkretsnavn":"Gvammen","delomradenummer":"333801","delomradenavn":"Nore","kommunenummer":"3338"}},{"type":"Polygon","arcs":[[-1529,-1550,1554,1555,1556,1557]],"properties":{"grunnkretsnummer":"33220102","grunnkretsnavn":"Eidal-Espeseth","delomradenummer":"332201","delomradenavn":"Nes","kommunenummer":"3322"}},{"type":"Polygon","arcs":[[1558,1559,-1553,1560,1561]],"properties":{"grunnkretsnummer":"33220108","grunnkretsnavn":"Nesbyen øst Veltebakken-Blingsmo","delomradenummer":"332201","delomradenavn":"Nes","kommunenummer":"3322"}},{"type":"Polygon","arcs":[[-1531,-446,1562,1563,1564,1565,1566,-1551]],"properties":{"grunnkretsnummer":"33220114","grunnkretsnavn":"Nes Østmark","delomradenummer":"332201","delomradenavn":"Nes","kommunenummer":"3322"}},{"type":"Polygon","arcs":[[1567,-1562,1568,1569,-1556]],"properties":{"grunnkretsnummer":"33220106","grunnkretsnavn":"Nesbyen vest Moane","delomradenummer":"332201","delomradenavn":"Nes","kommunenummer":"3322"}},{"type":"Polygon","arcs":[[-1569,-1561,-1552,-1567,1570,1571]],"properties":{"grunnkretsnummer":"33220113","grunnkretsnavn":"Lie","delomradenummer":"332201","delomradenavn":"Nes","kommunenummer":"3322"}},{"type":"Polygon","arcs":[[-1530,-1558,1572,-1469,-1532,-677,-664]],"properties":{"grunnkretsnummer":"33220101","grunnkretsnavn":"Syversrud","delomradenummer":"332201","delomradenavn":"Nes","kommunenummer":"3322"}},{"type":"Polygon","arcs":[[-1573,-1557,-1570,-1572,1573,1574,-1470]],"properties":{"grunnkretsnummer":"33220110","grunnkretsnavn":"Nordhagen","delomradenummer":"332201","delomradenavn":"Nes","kommunenummer":"3322"}},{"type":"Polygon","arcs":[[-1566,1575,1576,1577,-1574,-1571]],"properties":{"grunnkretsnummer":"33220112","grunnkretsnavn":"Sevre","delomradenummer":"332201","delomradenavn":"Nes","kommunenummer":"3322"}},{"type":"Polygon","arcs":[[-1471,-1575,-1578,1578]],"properties":{"grunnkretsnummer":"33220111","grunnkretsnavn":"Ålton","delomradenummer":"332201","delomradenavn":"Nes","kommunenummer":"3322"}},{"type":"Polygon","arcs":[[-1549,1579,-1559,-1568,-1555]],"properties":{"grunnkretsnummer":"33220105","grunnkretsnavn":"Nesbyen vest sentrum","delomradenummer":"332201","delomradenavn":"Nes","kommunenummer":"3322"}},{"type":"Polygon","arcs":[[-1527,-1554,-1560,-1580,-1548]],"properties":{"grunnkretsnummer":"33220107","grunnkretsnavn":"Nesbyen øst Veltebakken-Ruud","delomradenummer":"332201","delomradenavn":"Nes","kommunenummer":"3322"}},{"type":"Polygon","arcs":[[1580,1581,1582,1583]],"properties":{"grunnkretsnummer":"33340112","grunnkretsnavn":"Førli","delomradenummer":"333401","delomradenavn":"Flesberg","kommunenummer":"3334"}},{"type":"Polygon","arcs":[[-1478,1584,1585,1586,1587,1588,1589]],"properties":{"grunnkretsnummer":"33340101","grunnkretsnavn":"Botnan","delomradenummer":"333401","delomradenavn":"Flesberg","kommunenummer":"3334"}},{"type":"Polygon","arcs":[[1590,1591,1592,1593,1594,-1538]],"properties":{"grunnkretsnummer":"33360112","grunnkretsnavn":"Bogstrand","delomradenummer":"333601","delomradenavn":"Rollag","kommunenummer":"3336"}},{"type":"Polygon","arcs":[[1595,1596,1597,-1599,-1600,1600]],"properties":{"grunnkretsnummer":"33360104","grunnkretsnavn":"Nordre Landsverk","delomradenummer":"333601","delomradenavn":"Rollag","kommunenummer":"3336"}},{"type":"Polygon","arcs":[[1601,1602,1603,-1605,-1598]],"properties":{"grunnkretsnummer":"33360103","grunnkretsnavn":"Søndre Landsverk","delomradenummer":"333601","delomradenavn":"Rollag","kommunenummer":"3336"}},{"type":"Polygon","arcs":[[1605,1606,1607,1608,-1593]],"properties":{"grunnkretsnummer":"33360111","grunnkretsnavn":"Østre Veggli","delomradenummer":"333601","delomradenavn":"Rollag","kommunenummer":"3336"}},{"type":"Polygon","arcs":[[1609,-1608,1610,1611,-1613,-1614,-1615]],"properties":{"grunnkretsnummer":"33360109","grunnkretsnavn":"Søndre Veggli","delomradenummer":"333601","delomradenavn":"Rollag","kommunenummer":"3336"}},{"type":"Polygon","arcs":[[1615,-1601,-1617,-1612]],"properties":{"grunnkretsnummer":"33360108","grunnkretsnavn":"Vamre","delomradenummer":"333601","delomradenavn":"Rollag","kommunenummer":"3336"}},{"type":"Polygon","arcs":[[-1588,1617,1618,-1603,1619,1620,1621]],"properties":{"grunnkretsnummer":"33360105","grunnkretsnavn":"Li","delomradenummer":"333601","delomradenavn":"Rollag","kommunenummer":"3336"}},{"type":"Polygon","arcs":[[1622,-1594,-1609,-1610,-1624]],"properties":{"grunnkretsnummer":"33360110","grunnkretsnavn":"Nordre Veggli","delomradenummer":"333601","delomradenavn":"Rollag","kommunenummer":"3336"}},{"type":"Polygon","arcs":[[1624,-1620,-1602,-1597,1625]],"properties":{"grunnkretsnummer":"33360106","grunnkretsnavn":"Tråen","delomradenummer":"333601","delomradenavn":"Rollag","kommunenummer":"3336"}},{"type":"Polygon","arcs":[[1626,-1618,-1587,1627]],"properties":{"grunnkretsnummer":"33360101","grunnkretsnavn":"Østre Langerud","delomradenummer":"333601","delomradenavn":"Rollag","kommunenummer":"3336"}},{"type":"Polygon","arcs":[[-1604,-1619,-1627,1628,1629,-1631]],"properties":{"grunnkretsnummer":"33360102","grunnkretsnavn":"Vestre Langerud","delomradenummer":"333601","delomradenavn":"Rollag","kommunenummer":"3336"}},{"type":"Polygon","arcs":[[-1632,-1533,-1595,-1623,-1633]],"properties":{"grunnkretsnummer":"33360113","grunnkretsnavn":"Kallerud","delomradenummer":"333601","delomradenavn":"Rollag","kommunenummer":"3336"}},{"type":"Polygon","arcs":[[1633,-1626,-1596,-1616,-1611,-1607,1634]],"properties":{"grunnkretsnummer":"33360107","grunnkretsnavn":"Prestmoen","delomradenummer":"333601","delomradenavn":"Rollag","kommunenummer":"3336"}},{"type":"Polygon","arcs":[[-1483,1635,-783,-833,-1477]],"properties":{"grunnkretsnummer":"33340104","grunnkretsnavn":"Svene","delomradenummer":"333401","delomradenavn":"Flesberg","kommunenummer":"3334"}},{"type":"Polygon","arcs":[[1636,1637,-1582,1638]],"properties":{"grunnkretsnummer":"33340111","grunnkretsnavn":"Lande","delomradenummer":"333401","delomradenavn":"Flesberg","kommunenummer":"3334"}},{"type":"Polygon","arcs":[[-1585,-1481,1639,1640,-1637,1641]],"properties":{"grunnkretsnummer":"33340110","grunnkretsnavn":"Lyngdal","delomradenummer":"333401","delomradenavn":"Flesberg","kommunenummer":"3334"}},{"type":"Polygon","arcs":[[-1583,-1638,-1641,1642,-1486,1643,1644,1645]],"properties":{"grunnkretsnummer":"33340107","grunnkretsnavn":"Snaprud","delomradenummer":"333401","delomradenavn":"Flesberg","kommunenummer":"3334"}},{"type":"Polygon","arcs":[[-1629,-1628,-1586,-1642,-1639,-1581,1646]],"properties":{"grunnkretsnummer":"33340109","grunnkretsnavn":"Stuvstad","delomradenummer":"333401","delomradenavn":"Flesberg","kommunenummer":"3334"}},{"type":"Polygon","arcs":[[-784,-1636,-1482,-1643,-1640,-1480,-767]],"properties":{"grunnkretsnummer":"33340103","grunnkretsnavn":"Lampeland","delomradenummer":"333401","delomradenavn":"Flesberg","kommunenummer":"3334"}},{"type":"Polygon","arcs":[[-1630,-1647,-1584,-1646,1647,-1649,-1650]],"properties":{"grunnkretsnummer":"33340108","grunnkretsnavn":"Kjennerud","delomradenummer":"333401","delomradenavn":"Flesberg","kommunenummer":"3334"}},{"type":"Polygon","arcs":[[1650,1651,1652,1653]],"properties":{"grunnkretsnummer":"33030302","grunnkretsnavn":"Steglet","delomradenummer":"330303","delomradenavn":"Kongsberg Syd - Vestre","kommunenummer":"3303"}},{"type":"Polygon","arcs":[[1654,1655,1656,1657]],"properties":{"grunnkretsnummer":"33030505","grunnkretsnavn":"Wergelands vei","delomradenummer":"330305","delomradenavn":"Kongsberg Syd - Østre","kommunenummer":"3303"}},{"type":"Polygon","arcs":[[-1659,1659,1660,1661,1662,1663,1664]],"properties":{"grunnkretsnummer":"33030405","grunnkretsnavn":"Jondalen","delomradenummer":"330304","delomradenavn":"Kongsberg Nord - Vestre","kommunenummer":"3303"}},{"type":"Polygon","arcs":[[1665,1666,1667,1668,-1670,-1671,1671]],"properties":{"grunnkretsnummer":"33030205","grunnkretsnavn":"Ljøterud","delomradenummer":"330302","delomradenavn":"Hedenstad","kommunenummer":"3303"}},{"type":"Polygon","arcs":[[1672,-1657,1673,1674,1675,1676]],"properties":{"grunnkretsnummer":"33030504","grunnkretsnavn":"Skinnarberga","delomradenummer":"330305","delomradenavn":"Kongsberg Syd - Østre","kommunenummer":"3303"}},{"type":"Polygon","arcs":[[1677,1678,1679,1680,1681,-1683,1683]],"properties":{"grunnkretsnummer":"33030110","grunnkretsnavn":"Passebekk","delomradenummer":"330301","delomradenavn":"Tuft - Komnes - Efteløt","kommunenummer":"3303"}},{"type":"Polygon","arcs":[[1684,1685,-354,-753,1686,1687,1688,1689,1690,1691,-1675]],"properties":{"grunnkretsnummer":"33030503","grunnkretsnavn":"Drammensveien-Gamlegrendåsen","delomradenummer":"330305","delomradenavn":"Kongsberg Syd - Østre","kommunenummer":"3303"}},{"type":"Polygon","arcs":[[1692,1693,-1654,1694]],"properties":{"grunnkretsnummer":"33030303","grunnkretsnavn":"Svartås","delomradenummer":"330303","delomradenavn":"Kongsberg Syd - Vestre","kommunenummer":"3303"}},{"type":"Polygon","arcs":[[1695,1696,1697,1698]],"properties":{"grunnkretsnummer":"33030508","grunnkretsnavn":"Gamlegrendåsen 3","delomradenummer":"330305","delomradenavn":"Kongsberg Syd - Østre","kommunenummer":"3303"}},{"type":"Polygon","arcs":[[1699,1700,-1697,1701,-1689,1702,1703,1704]],"properties":{"grunnkretsnummer":"33030202","grunnkretsnavn":"Laugerud","delomradenummer":"330302","delomradenavn":"Hedenstad","kommunenummer":"3303"}},{"type":"Polygon","arcs":[[1705,1706,1707,1708,1709,1710,1711,1712,-1663]],"properties":{"grunnkretsnummer":"33030409","grunnkretsnavn":"Numedalsveien","delomradenummer":"330304","delomradenavn":"Kongsberg Nord - Vestre","kommunenummer":"3303"}},{"type":"Polygon","arcs":[[1713,1714,1715]],"properties":{"grunnkretsnummer":"33030306","grunnkretsnavn":"Myrløkka","delomradenummer":"330303","delomradenavn":"Kongsberg Syd - Vestre","kommunenummer":"3303"}},{"type":"Polygon","arcs":[[-847,1716,1717,1718,1719,1720]],"properties":{"grunnkretsnummer":"33030605","grunnkretsnavn":"Sulusåsen","delomradenummer":"330306","delomradenavn":"Kongsberg Nord - Østre","kommunenummer":"3303"}},{"type":"Polygon","arcs":[[1721,1722,-1719,1723,-1655,1724]],"properties":{"grunnkretsnummer":"33030602","grunnkretsnavn":"Ullandløkka","delomradenummer":"330306","delomradenavn":"Kongsberg Nord - Østre","kommunenummer":"3303"}},{"type":"Polygon","arcs":[[-1686,1725,-1717,-846,-355]],"properties":{"grunnkretsnummer":"33030604","grunnkretsnavn":"Gamle Eikervei","delomradenummer":"330306","delomradenavn":"Kongsberg Nord - Østre","kommunenummer":"3303"}},{"type":"Polygon","arcs":[[-1709,1726,1727,1728,1729,1730]],"properties":{"grunnkretsnummer":"33030402","grunnkretsnavn":"Skavangerskogen","delomradenummer":"330304","delomradenavn":"Kongsberg Nord - Vestre","kommunenummer":"3303"}},{"type":"Polygon","arcs":[[1731,-1727,-1708,1732,-1474,-849]],"properties":{"grunnkretsnummer":"33030609","grunnkretsnavn":"Bævergrenda","delomradenummer":"330306","delomradenavn":"Kongsberg Nord - Østre","kommunenummer":"3303"}},{"type":"Polygon","arcs":[[-1691,1733,1734,1735]],"properties":{"grunnkretsnummer":"33030506","grunnkretsnavn":"Gamlegrendåsen 1","delomradenummer":"330305","delomradenavn":"Kongsberg Syd - Østre","kommunenummer":"3303"}},{"type":"Polygon","arcs":[[1736,-1652,1737,1738,1739,1740]],"properties":{"grunnkretsnummer":"33030301","grunnkretsnavn":"Veungsdalen","delomradenummer":"330303","delomradenavn":"Kongsberg Syd - Vestre","kommunenummer":"3303"}},{"type":"Polygon","arcs":[[1741,1742,1743,1744,-1714,1745]],"properties":{"grunnkretsnummer":"33030307","grunnkretsnavn":"Vestsiden sentrum","delomradenummer":"330303","delomradenavn":"Kongsberg Syd - Vestre","kommunenummer":"3303"}},{"type":"Polygon","arcs":[[-1715,-1745,1746,1747,-1693,1748]],"properties":{"grunnkretsnummer":"33030305","grunnkretsnavn":"Bergsliens gate","delomradenummer":"330303","delomradenavn":"Kongsberg Syd - Vestre","kommunenummer":"3303"}},{"type":"Polygon","arcs":[[1749,-1725,-1658,-1673,1750,-1743]],"properties":{"grunnkretsnummer":"33030601","grunnkretsnavn":"Nymoen sentrum","delomradenummer":"330306","delomradenavn":"Kongsberg Nord - Østre","kommunenummer":"3303"}},{"type":"Polygon","arcs":[[1751,1752,1753,1754,-1667,1755]],"properties":{"grunnkretsnummer":"33030204","grunnkretsnavn":"Hillestad","delomradenummer":"330302","delomradenavn":"Hedenstad","kommunenummer":"3303"}},{"type":"Polygon","arcs":[[1756,1757,1758,1759]],"properties":{"grunnkretsnummer":"33030103","grunnkretsnavn":"Eid","delomradenummer":"330301","delomradenavn":"Tuft - Komnes - Efteløt","kommunenummer":"3303"}},{"type":"Polygon","arcs":[[1760,1761,-1687,-756]],"properties":{"grunnkretsnummer":"33030201","grunnkretsnavn":"Brenne","delomradenummer":"330302","delomradenavn":"Hedenstad","kommunenummer":"3303"}},{"type":"Polygon","arcs":[[-1698,-1701,1762]],"properties":{"grunnkretsnummer":"33030509","grunnkretsnavn":"Gamlegrendåsen 4","delomradenummer":"330305","delomradenavn":"Kongsberg Syd - Østre","kommunenummer":"3303"}},{"type":"Polygon","arcs":[[-1732,-848,-1721,1763,1764,-1728]],"properties":{"grunnkretsnummer":"33030608","grunnkretsnavn":"Liahengslet","delomradenummer":"330306","delomradenavn":"Kongsberg Nord - Østre","kommunenummer":"3303"}},{"type":"Polygon","arcs":[[1765,1766,1767,-839,1768,-1680]],"properties":{"grunnkretsnummer":"33030106","grunnkretsnavn":"Vines","delomradenummer":"330301","delomradenavn":"Tuft - Komnes - Efteløt","kommunenummer":"3303"}},{"type":"Polygon","arcs":[[-1766,-1679,1769]],"properties":{"grunnkretsnummer":"33030109","grunnkretsnavn":"Efteløt","delomradenummer":"330301","delomradenavn":"Tuft - Komnes - Efteløt","kommunenummer":"3303"}},{"type":"Polygon","arcs":[[-1484,-1475,-1733,-1707,1770,-1661,1771]],"properties":{"grunnkretsnummer":"33030406","grunnkretsnavn":"Gravningen-Lofthus","delomradenummer":"330304","delomradenavn":"Kongsberg Nord - Vestre","kommunenummer":"3303"}},{"type":"Polygon","arcs":[[-1669,1772,-1684,-1774,-1775,-1776]],"properties":{"grunnkretsnummer":"33030111","grunnkretsnavn":"Mykle","delomradenummer":"330301","delomradenavn":"Tuft - Komnes - Efteløt","kommunenummer":"3303"}},{"type":"Polygon","arcs":[[1776,1777,1778,-1780,-1665]],"properties":{"grunnkretsnummer":"33030207","grunnkretsnavn":"Meheia","delomradenummer":"330302","delomradenavn":"Hedenstad","kommunenummer":"3303"}},{"type":"Polygon","arcs":[[-1748,1780,-1738,-1651,-1694]],"properties":{"grunnkretsnummer":"33030304","grunnkretsnavn":"Sandsværmoen","delomradenummer":"330303","delomradenavn":"Kongsberg Syd - Vestre","kommunenummer":"3303"}},{"type":"Polygon","arcs":[[1781,-1783,-1682,1783,1784,-1757]],"properties":{"grunnkretsnummer":"33030104","grunnkretsnavn":"Hvål","delomradenummer":"330301","delomradenavn":"Tuft - Komnes - Efteløt","kommunenummer":"3303"}},{"type":"Polygon","arcs":[[1785,1786,1787,-1778]],"properties":{"grunnkretsnummer":"33030212","grunnkretsnavn":"Saggrenda syd","delomradenummer":"330302","delomradenavn":"Hedenstad","kommunenummer":"3303"}},{"type":"Polygon","arcs":[[-1755,1788,-1767,-1770,-1678,-1773,-1668]],"properties":{"grunnkretsnummer":"33030108","grunnkretsnavn":"Ås","delomradenummer":"330301","delomradenavn":"Tuft - Komnes - Efteløt","kommunenummer":"3303"}},{"type":"Polygon","arcs":[[-1731,1789,-1710]],"properties":{"grunnkretsnummer":"33030403","grunnkretsnavn":"Dyrgrav","delomradenummer":"330304","delomradenavn":"Kongsberg Nord - Vestre","kommunenummer":"3303"}},{"type":"Polygon","arcs":[[-1764,-1720,-1723,1790]],"properties":{"grunnkretsnummer":"33030606","grunnkretsnavn":"Raumyr","delomradenummer":"330306","delomradenavn":"Kongsberg Nord - Østre","kommunenummer":"3303"}},{"type":"Polygon","arcs":[[-1676,-1692,-1736,1791]],"properties":{"grunnkretsnummer":"33030502","grunnkretsnavn":"Kapermoen","delomradenummer":"330305","delomradenavn":"Kongsberg Syd - Østre","kommunenummer":"3303"}},{"type":"Polygon","arcs":[[1792,-1741,1793,1794,1795]],"properties":{"grunnkretsnummer":"33030210","grunnkretsnavn":"Moane","delomradenummer":"330302","delomradenavn":"Hedenstad","kommunenummer":"3303"}},{"type":"Polygon","arcs":[[-1747,-1744,-1751,-1677,-1792,-1735,1796,-1699,-1763,-1700,1797,-1739,-1781]],"properties":{"grunnkretsnummer":"33030501","grunnkretsnavn":"Gomsrud","delomradenummer":"330305","delomradenavn":"Kongsberg Syd - Østre","kommunenummer":"3303"}},{"type":"Polygon","arcs":[[-1662,-1771,-1706]],"properties":{"grunnkretsnummer":"33030408","grunnkretsnavn":"Elvehøy","delomradenummer":"330304","delomradenavn":"Kongsberg Nord - Vestre","kommunenummer":"3303"}},{"type":"Polygon","arcs":[[-838,1798,1799,1800,1801,1802,-1784,-1681,-1769]],"properties":{"grunnkretsnummer":"33030105","grunnkretsnavn":"Komnes","delomradenummer":"330301","delomradenavn":"Tuft - Komnes - Efteløt","kommunenummer":"3303"}},{"type":"Polygon","arcs":[[-1734,-1690,-1702,-1696,-1797]],"properties":{"grunnkretsnummer":"33030507","grunnkretsnavn":"Gamlegrendåsen 2","delomradenummer":"330305","delomradenavn":"Kongsberg Syd - Østre","kommunenummer":"3303"}},{"type":"Polygon","arcs":[[-1664,-1713,1803,-1796,1804,-1786,-1777]],"properties":{"grunnkretsnummer":"33030211","grunnkretsnavn":"Saggrenda","delomradenummer":"330302","delomradenavn":"Hedenstad","kommunenummer":"3303"}},{"type":"Polygon","arcs":[[-1703,-1688,-1762,1805,-1753,1806]],"properties":{"grunnkretsnummer":"33030203","grunnkretsnavn":"Skollenborg","delomradenummer":"330302","delomradenavn":"Hedenstad","kommunenummer":"3303"}},{"type":"Polygon","arcs":[[-1729,-1765,-1791,-1722,-1750,1807]],"properties":{"grunnkretsnummer":"33030607","grunnkretsnavn":"Dyrmyr","delomradenummer":"330306","delomradenavn":"Kongsberg Nord - Østre","kommunenummer":"3303"}},{"type":"Polygon","arcs":[[-1785,-1803,1808,1809,1810,-1758]],"properties":{"grunnkretsnummer":"33030102","grunnkretsnavn":"Tuft","delomradenummer":"330301","delomradenavn":"Tuft - Komnes - Efteløt","kommunenummer":"3303"}},{"type":"Polygon","arcs":[[-1759,-1811,1811,1812,1813,1814]],"properties":{"grunnkretsnummer":"33030101","grunnkretsnavn":"Hvittingfoss","delomradenummer":"330301","delomradenavn":"Tuft - Komnes - Efteløt","kommunenummer":"3303"}},{"type":"Polygon","arcs":[[-1740,-1798,-1705,1815,-1794]],"properties":{"grunnkretsnummer":"33030209","grunnkretsnavn":"Kongsgårdmoen","delomradenummer":"330302","delomradenavn":"Hedenstad","kommunenummer":"3303"}},{"type":"Polygon","arcs":[[-1787,-1805,-1795,-1816,-1704,-1807,-1752,1816]],"properties":{"grunnkretsnummer":"33030208","grunnkretsnavn":"Landverk","delomradenummer":"330302","delomradenavn":"Hedenstad","kommunenummer":"3303"}},{"type":"Polygon","arcs":[[-1718,-1726,-1685,-1674,-1656,-1724]],"properties":{"grunnkretsnummer":"33030603","grunnkretsnavn":"Skarpåsskogen","delomradenummer":"330306","delomradenavn":"Kongsberg Nord - Østre","kommunenummer":"3303"}},{"type":"Polygon","arcs":[[-1712,1817,-1746,-1716,-1749,-1695,-1653,-1737,-1793,-1804]],"properties":{"grunnkretsnummer":"33030308","grunnkretsnavn":"Bergstaden","delomradenummer":"330303","delomradenavn":"Kongsberg Syd - Vestre","kommunenummer":"3303"}},{"type":"Polygon","arcs":[[-1768,-1789,-1754,-1806,-1761,-755,-819,-840]],"properties":{"grunnkretsnummer":"33030107","grunnkretsnavn":"Hostvedt","delomradenummer":"330301","delomradenavn":"Tuft - Komnes - Efteløt","kommunenummer":"3303"}},{"type":"Polygon","arcs":[[-1711,-1790,-1730,-1808,-1742,-1818]],"properties":{"grunnkretsnummer":"33030401","grunnkretsnavn":"Postbrumoen","delomradenummer":"330304","delomradenavn":"Kongsberg Nord - Vestre","kommunenummer":"3303"}},{"type":"Polygon","arcs":[[-1779,-1788,-1817,-1756,-1666,-1819,-1820]],"properties":{"grunnkretsnummer":"33030206","grunnkretsnavn":"Heistadmoen","delomradenummer":"330302","delomradenavn":"Hedenstad","kommunenummer":"3303"}},{"type":"Polygon","arcs":[[-1485,-1772,-1660,-1821,-1822,-1644]],"properties":{"grunnkretsnummer":"33030407","grunnkretsnavn":"Øvre Jondalen","delomradenummer":"330304","delomradenavn":"Kongsberg Nord - Vestre","kommunenummer":"3303"}},{"type":"Polygon","arcs":[[1822,1823,1824,1825,1826]],"properties":{"grunnkretsnummer":"33200102","grunnkretsnavn":"Åvestrud","delomradenummer":"332001","delomradenavn":"Flå","kommunenummer":"3320"}},{"type":"Polygon","arcs":[[1827,1828,-1826,1829,1830,1831,1832,1833]],"properties":{"grunnkretsnummer":"33200109","grunnkretsnavn":"Gråfjell","delomradenummer":"332001","delomradenavn":"Flå","kommunenummer":"3320"}},{"type":"Polygon","arcs":[[1834,1835,-1831,1836,1837,1838,1839]],"properties":{"grunnkretsnummer":"33200105","grunnkretsnavn":"Gulsvik","delomradenummer":"332001","delomradenavn":"Flå","kommunenummer":"3320"}},{"type":"Polygon","arcs":[[-1565,1840,1841,1842,1843,-1823,1844,-1576]],"properties":{"grunnkretsnummer":"33200108","grunnkretsnavn":"Dagali-Veneli","delomradenummer":"332001","delomradenavn":"Flå","kommunenummer":"3320"}},{"type":"Polygon","arcs":[[-1577,-1845,-1827,-1829,1845,-1472,-1579]],"properties":{"grunnkretsnummer":"33200101","grunnkretsnavn":"Stavn","delomradenummer":"332001","delomradenavn":"Flå","kommunenummer":"3320"}},{"type":"Polygon","arcs":[[1846,-1843,1847,1848,1849,1850,1851,1852,-1839]],"properties":{"grunnkretsnummer":"33200107","grunnkretsnavn":"Sørbøl-Nautskardfjella","delomradenummer":"332001","delomradenavn":"Flå","kommunenummer":"3320"}},{"type":"Polygon","arcs":[[-1853,1853,1854,-1840]],"properties":{"grunnkretsnummer":"33200106","grunnkretsnavn":"Medbøen","delomradenummer":"332001","delomradenavn":"Flå","kommunenummer":"3320"}},{"type":"Polygon","arcs":[[1855,-1837,-1830,-1825]],"properties":{"grunnkretsnummer":"33200103","grunnkretsnavn":"Vold vestre","delomradenummer":"332001","delomradenavn":"Flå","kommunenummer":"3320"}},{"type":"Polygon","arcs":[[-1844,-1847,-1838,-1856,-1824]],"properties":{"grunnkretsnummer":"33200104","grunnkretsnavn":"Vold østre","delomradenummer":"332001","delomradenavn":"Flå","kommunenummer":"3320"}},{"type":"Polygon","arcs":[[1856,-73,-1377,-1461,1857]],"properties":{"grunnkretsnummer":"33320101","grunnkretsnavn":"Nes","delomradenummer":"333201","delomradenavn":"Nerstad","kommunenummer":"3332"}},{"type":"Polygon","arcs":[[1858,-75,1859,1860,1861,1862]],"properties":{"grunnkretsnummer":"33320106","grunnkretsnavn":"Støvern","delomradenummer":"333201","delomradenavn":"Nerstad","kommunenummer":"3332"}},{"type":"Polygon","arcs":[[-1590,1863,1864,1865,1866,-1462,-413,-765,-1479]],"properties":{"grunnkretsnummer":"33320104","grunnkretsnavn":"Vatnås","delomradenummer":"333201","delomradenavn":"Nerstad","kommunenummer":"3332"}},{"type":"Polygon","arcs":[[-1846,-1828,1867,-1540,-1487,-1473]],"properties":{"grunnkretsnummer":"33320305","grunnkretsnavn":"Vestbygda","delomradenummer":"333203","delomradenavn":"Eggedal","kommunenummer":"3332"}},{"type":"Polygon","arcs":[[-1536,-1541,-1868,-1834,1868,1869]],"properties":{"grunnkretsnummer":"33320304","grunnkretsnavn":"Hollerud","delomradenummer":"333203","delomradenavn":"Eggedal","kommunenummer":"3332"}},{"type":"Polygon","arcs":[[1870,1871,1872,1873,1874]],"properties":{"grunnkretsnummer":"33320206","grunnkretsnavn":"Haga","delomradenummer":"333202","delomradenavn":"Prestfoss","kommunenummer":"3332"}},{"type":"Polygon","arcs":[[1875,1876,1877,-1872,1878]],"properties":{"grunnkretsnummer":"33320205","grunnkretsnavn":"Eidal","delomradenummer":"333202","delomradenavn":"Prestfoss","kommunenummer":"3332"}},{"type":"Polygon","arcs":[[1879,-1869,-1833,1880]],"properties":{"grunnkretsnummer":"33320303","grunnkretsnavn":"Teige","delomradenummer":"333203","delomradenavn":"Eggedal","kommunenummer":"3332"}},{"type":"Polygon","arcs":[[1881,-1874,1882,-1635,-1606,-1592,1883]],"properties":{"grunnkretsnummer":"33320301","grunnkretsnavn":"Enger","delomradenummer":"333203","delomradenavn":"Eggedal","kommunenummer":"3332"}},{"type":"Polygon","arcs":[[1884,1885,-1863,1886,1887]],"properties":{"grunnkretsnummer":"33320107","grunnkretsnavn":"Vad","delomradenummer":"333201","delomradenavn":"Nerstad","kommunenummer":"3332"}},{"type":"Polygon","arcs":[[1888,1889]],"properties":{"grunnkretsnummer":"33180101","grunnkretsnavn":"Tangen","delomradenummer":"331801","delomradenavn":"Ytre Krødsherad","kommunenummer":"3318"}},{"type":"Polygon","arcs":[[-1882,1890,1891,-1875]],"properties":{"grunnkretsnummer":"33180203","grunnkretsnavn":"Rundskogen","delomradenummer":"331802","delomradenavn":"Øvre - Midtre Krødsherad","kommunenummer":"3318"}},{"type":"Polygon","arcs":[[1892,1893,1894,1895,1896,1897,-1891]],"properties":{"grunnkretsnummer":"33180202","grunnkretsnavn":"Nore","delomradenummer":"331802","delomradenavn":"Øvre - Midtre Krødsherad","kommunenummer":"3318"}},{"type":"Polygon","arcs":[[1898,1899,1900,-1896,1901]],"properties":{"grunnkretsnummer":"33180208","grunnkretsnavn":"Ørpen","delomradenummer":"331802","delomradenavn":"Øvre - Midtre Krødsherad","kommunenummer":"3318"}},{"type":"Polygon","arcs":[[-1902,-1895,1902,-1835,1903]],"properties":{"grunnkretsnummer":"33180205","grunnkretsnavn":"Snersrud","delomradenummer":"331802","delomradenavn":"Øvre - Midtre Krødsherad","kommunenummer":"3318"}},{"type":"Polygon","arcs":[[1904,1905,1906,1907,1908]],"properties":{"grunnkretsnummer":"33180107","grunnkretsnavn":"Hamremoen","delomradenummer":"331801","delomradenavn":"Ytre Krødsherad","kommunenummer":"3318"}},{"type":"Polygon","arcs":[[1909,1910,1911,-1905,1912,1913,-1900]],"properties":{"grunnkretsnummer":"33180108","grunnkretsnavn":"Rishovd-Redalen","delomradenummer":"331801","delomradenavn":"Ytre Krødsherad","kommunenummer":"3318"}},{"type":"Polygon","arcs":[[-68,1914,-1889,1915,1916,1917,-1460,-409]],"properties":{"grunnkretsnummer":"33180105","grunnkretsnavn":"Sundvollen","delomradenummer":"331801","delomradenavn":"Ytre Krødsherad","kommunenummer":"3318"}},{"type":"Polygon","arcs":[[-1836,-1903,-1894,1918,-1881,-1832]],"properties":{"grunnkretsnummer":"33180204","grunnkretsnavn":"Norefjell","delomradenummer":"331802","delomradenavn":"Øvre - Midtre Krødsherad","kommunenummer":"3318"}},{"type":"Polygon","arcs":[[1919,1920,1921,-1917,1922,1923,-1907]],"properties":{"grunnkretsnummer":"33180106","grunnkretsnavn":"Håkonsrud","delomradenummer":"331801","delomradenavn":"Ytre Krødsherad","kommunenummer":"3318"}},{"type":"Polygon","arcs":[[-1877,1924,1925,-1864,-1589,-1622,1926]],"properties":{"grunnkretsnummer":"33320203","grunnkretsnavn":"Nubberud","delomradenummer":"333202","delomradenavn":"Prestfoss","kommunenummer":"3332"}},{"type":"Polygon","arcs":[[1927,1928,-1865,-1926]],"properties":{"grunnkretsnummer":"33320202","grunnkretsnavn":"Kringstad","delomradenummer":"333202","delomradenavn":"Prestfoss","kommunenummer":"3332"}},{"type":"Polygon","arcs":[[1929,-1888,-1928,-1925,-1876,1930,1931]],"properties":{"grunnkretsnummer":"33320201","grunnkretsnavn":"Ramstad","delomradenummer":"333202","delomradenavn":"Prestfoss","kommunenummer":"3332"}},{"type":"Polygon","arcs":[[-1887,-1862,1932,-1866,-1929]],"properties":{"grunnkretsnummer":"33320105","grunnkretsnavn":"Velstad","delomradenummer":"333201","delomradenavn":"Nerstad","kommunenummer":"3332"}},{"type":"Polygon","arcs":[[-1634,-1883,-1873,-1878,-1927,-1621,-1625]],"properties":{"grunnkretsnummer":"33320204","grunnkretsnavn":"Båsum","delomradenummer":"333202","delomradenavn":"Prestfoss","kommunenummer":"3332"}},{"type":"Polygon","arcs":[[-1933,-1861,1933,-1858,-1463,-1867]],"properties":{"grunnkretsnummer":"33320103","grunnkretsnavn":"Green","delomradenummer":"333201","delomradenavn":"Nerstad","kommunenummer":"3332"}},{"type":"Polygon","arcs":[[-1880,-1919,-1893,-1884,-1591,-1537,-1870]],"properties":{"grunnkretsnummer":"33320302","grunnkretsnavn":"Kopseng","delomradenummer":"333203","delomradenavn":"Eggedal","kommunenummer":"3332"}},{"type":"Polygon","arcs":[[-1860,-74,-1857,-1934]],"properties":{"grunnkretsnummer":"33320102","grunnkretsnavn":"Kolsrud","delomradenummer":"333201","delomradenavn":"Nerstad","kommunenummer":"3332"}},{"type":"Polygon","arcs":[[1934,-1932,1935,1936,-1908]],"properties":{"grunnkretsnummer":"33180104","grunnkretsnavn":"Råen","delomradenummer":"331801","delomradenavn":"Ytre Krødsherad","kommunenummer":"3318"}},{"type":"Polygon","arcs":[[-1935,-1924,1937,-1885,-1930]],"properties":{"grunnkretsnummer":"33180103","grunnkretsnavn":"Skinnes","delomradenummer":"331801","delomradenavn":"Ytre Krødsherad","kommunenummer":"3318"}},{"type":"Polygon","arcs":[[-1923,-1916,-1890,-1915,-67,-1859,-1886,-1938]],"properties":{"grunnkretsnummer":"33180102","grunnkretsnavn":"Glesne","delomradenummer":"331801","delomradenavn":"Ytre Krødsherad","kommunenummer":"3318"}},{"type":"Polygon","arcs":[[-1913,-1909,-1937,1938,1939]],"properties":{"grunnkretsnummer":"33180206","grunnkretsnavn":"Green-Bjertnes","delomradenummer":"331802","delomradenavn":"Øvre - Midtre Krødsherad","kommunenummer":"3318"}},{"type":"Polygon","arcs":[[-1855,1940,-1910,-1899,-1904]],"properties":{"grunnkretsnummer":"33180209","grunnkretsnavn":"Enderud","delomradenummer":"331802","delomradenavn":"Øvre - Midtre Krødsherad","kommunenummer":"3318"}},{"type":"Polygon","arcs":[[-1901,-1914,-1940,1941,-1897]],"properties":{"grunnkretsnummer":"33180207","grunnkretsnavn":"Olberg","delomradenummer":"331802","delomradenavn":"Øvre - Midtre Krødsherad","kommunenummer":"3318"}},{"type":"Polygon","arcs":[[-1939,-1936,-1931,-1879,-1871,-1892,-1898,-1942]],"properties":{"grunnkretsnummer":"33180201","grunnkretsnavn":"Bjøre","delomradenummer":"331802","delomradenavn":"Øvre - Midtre Krødsherad","kommunenummer":"3318"}},{"type":"Polygon","arcs":[[1942,1943,1944]],"properties":{"grunnkretsnummer":"33050506","grunnkretsnavn":"Høyby","delomradenummer":"330505","delomradenavn":"Ytre Soknedal","kommunenummer":"3305"}},{"type":"Polygon","arcs":[[-1455,1945,1946,1947,1948,1949]],"properties":{"grunnkretsnummer":"33050603","grunnkretsnavn":"Pjåkerud","delomradenummer":"330506","delomradenavn":"Tyristrand","kommunenummer":"3305"}},{"type":"Polygon","arcs":[[1950,1951,1952,-1947,1953,1954]],"properties":{"grunnkretsnummer":"33050501","grunnkretsnavn":"Borglund","delomradenummer":"330505","delomradenavn":"Ytre Soknedal","kommunenummer":"3305"}},{"type":"Polygon","arcs":[[1955,1956,1957,1958,1959]],"properties":{"grunnkretsnummer":"33050101","grunnkretsnavn":"Sørsida 1","delomradenummer":"330501","delomradenavn":"Hønefoss","kommunenummer":"3305"}},{"type":"Polygon","arcs":[[1960,1961,1962,1963]],"properties":{"grunnkretsnummer":"33050803","grunnkretsnavn":"Hen","delomradenummer":"330508","delomradenavn":"Ytre Ådal","kommunenummer":"3305"}},{"type":"Polygon","arcs":[[-1457,1964]],"properties":{"grunnkretsnummer":"33050601","grunnkretsnavn":"Stigsrud","delomradenummer":"330506","delomradenavn":"Tyristrand","kommunenummer":"3305"}},{"type":"Polygon","arcs":[[1965,1966,1967,1968,1969,1970]],"properties":{"grunnkretsnummer":"33100301","grunnkretsnavn":"Helgelandsmoen","delomradenummer":"331003","delomradenavn":"Røyse","kommunenummer":"3310"}},{"type":"Polygon","arcs":[[1971,1972,1973,-1383]],"properties":{"grunnkretsnummer":"33100203","grunnkretsnavn":"Nes-Sønsterud","delomradenummer":"331002","delomradenavn":"Sundvollen","kommunenummer":"3310"}},{"type":"Polygon","arcs":[[1974,1975,1976,1977]],"properties":{"grunnkretsnummer":"33100304","grunnkretsnavn":"Fjeld-Hundstad","delomradenummer":"331003","delomradenavn":"Røyse","kommunenummer":"3310"}},{"type":"Polygon","arcs":[[1978,-1978,1979,1980]],"properties":{"grunnkretsnummer":"33100305","grunnkretsnavn":"Vestre Ruud-Leine","delomradenummer":"331003","delomradenavn":"Røyse","kommunenummer":"3310"}},{"type":"Polygon","arcs":[[-1969,1981,1982,1983,1984,1985,-1976,1986]],"properties":{"grunnkretsnummer":"33100303","grunnkretsnavn":"Svingerud-Svendsrud","delomradenummer":"331003","delomradenavn":"Røyse","kommunenummer":"3310"}},{"type":"Polygon","arcs":[[1987,1988,1989,1990,1991,1992]],"properties":{"grunnkretsnummer":"33100201","grunnkretsnavn":"Sundvollen","delomradenummer":"331002","delomradenavn":"Sundvollen","kommunenummer":"3310"}},{"type":"Polygon","arcs":[[-1977,-1986,1993,1994,-406,-1980]],"properties":{"grunnkretsnummer":"33100306","grunnkretsnavn":"Bønsnes-Svarstad","delomradenummer":"331003","delomradenavn":"Røyse","kommunenummer":"3310"}},{"type":"Polygon","arcs":[[-1996,-1997,-1998,1998,-1973,1999,-1988,2000]],"properties":{"grunnkretsnummer":"33100205","grunnkretsnavn":"Krokskogen","delomradenummer":"331002","delomradenavn":"Sundvollen","kommunenummer":"3310"}},{"type":"Polygon","arcs":[[2001,2002,2003,2004]],"properties":{"grunnkretsnummer":"33050201","grunnkretsnavn":"Hengsle","delomradenummer":"330502","delomradenavn":"Ullerål","kommunenummer":"3305"}},{"type":"Polygon","arcs":[[2005,2006,-2008,2008,2009,2010]],"properties":{"grunnkretsnummer":"33050901","grunnkretsnavn":"Flaskerud","delomradenummer":"330509","delomradenavn":"Viker - Nes","kommunenummer":"3305"}},{"type":"Polygon","arcs":[[-1992,2011,2012,-1982,-1968,2013,2014]],"properties":{"grunnkretsnummer":"33100101","grunnkretsnavn":"Steinsfjerdingen","delomradenummer":"331001","delomradenavn":"Stein","kommunenummer":"3310"}},{"type":"Polygon","arcs":[[-1981,2015,-1949,2016,2017]],"properties":{"grunnkretsnummer":"33050604","grunnkretsnavn":"Tyristrand","delomradenummer":"330506","delomradenavn":"Tyristrand","kommunenummer":"3305"}},{"type":"Polygon","arcs":[[-2019,2019,2020,2021,2022,-2006,2023,2024,-1850]],"properties":{"grunnkretsnummer":"33050902","grunnkretsnavn":"Viker","delomradenummer":"330509","delomradenavn":"Viker - Nes","kommunenummer":"3305"}},{"type":"Polygon","arcs":[[2025,2026,2027,2028,2029]],"properties":{"grunnkretsnummer":"33050305","grunnkretsnavn":"Øvre Haug","delomradenummer":"330503","delomradenavn":"Haug","kommunenummer":"3305"}},{"type":"Polygon","arcs":[[2030,2031,2032,2033,2034,2035,-1958]],"properties":{"grunnkretsnummer":"33050302","grunnkretsnavn":"Vestern","delomradenummer":"330503","delomradenavn":"Haug","kommunenummer":"3305"}},{"type":"Polygon","arcs":[[-1955,2036,-1453,-1918,-1922,-1921,2037,2038,-2024,-2011,2039]],"properties":{"grunnkretsnummer":"33050704","grunnkretsnavn":"Kirkemoen","delomradenummer":"330507","delomradenavn":"Lunder","kommunenummer":"3305"}},{"type":"Polygon","arcs":[[-2018,2040,-1970,-1987,-1975,-1979]],"properties":{"grunnkretsnummer":"33100302","grunnkretsnavn":"Stadum-Gomnes","delomradenummer":"331003","delomradenavn":"Røyse","kommunenummer":"3310"}},{"type":"Polygon","arcs":[[-1985,2041,2042,2043,-1994]],"properties":{"grunnkretsnummer":"33100104","grunnkretsnavn":"Blomshøgda-Vik","delomradenummer":"331001","delomradenavn":"Stein","kommunenummer":"3310"}},{"type":"Polygon","arcs":[[-2012,-1991,2044,-2042,-1984,2045]],"properties":{"grunnkretsnummer":"33100103","grunnkretsnavn":"Steinsåsen","delomradenummer":"331001","delomradenavn":"Stein","kommunenummer":"3310"}},{"type":"Polygon","arcs":[[-1943,2046,2047,2048,2049,2050,2051,2052]],"properties":{"grunnkretsnummer":"33050505","grunnkretsnavn":"Øvre Eikli","delomradenummer":"330505","delomradenavn":"Ytre Soknedal","kommunenummer":"3305"}},{"type":"Polygon","arcs":[[-155,-1974,-1999,-2054,-195]],"properties":{"grunnkretsnummer":"33100204","grunnkretsnavn":"Sollihøgda","delomradenummer":"331002","delomradenavn":"Sundvollen","kommunenummer":"3310"}},{"type":"Polygon","arcs":[[-2044,-1989,-2000,-1972,-1995]],"properties":{"grunnkretsnummer":"33100202","grunnkretsnavn":"Elstangen-Haglund","delomradenummer":"331002","delomradenavn":"Sundvollen","kommunenummer":"3310"}},{"type":"Polygon","arcs":[[2054,-2038,-1920,-1906,-1912,2055]],"properties":{"grunnkretsnummer":"33050703","grunnkretsnavn":"Aker","delomradenummer":"330507","delomradenavn":"Lunder","kommunenummer":"3305"}},{"type":"Polygon","arcs":[[-1953,2056,2057,2058,-2052,2059,2060,-1971,-2041,-2017,-1948]],"properties":{"grunnkretsnummer":"33050504","grunnkretsnavn":"Stranden","delomradenummer":"330505","delomradenavn":"Ytre Soknedal","kommunenummer":"3305"}},{"type":"Polygon","arcs":[[2061,2062,-1963,2063,2064,2065]],"properties":{"grunnkretsnummer":"33050804","grunnkretsnavn":"Semmen","delomradenummer":"330508","delomradenavn":"Ytre Ådal","kommunenummer":"3305"}},{"type":"Polygon","arcs":[[-2046,-1983,-2013]],"properties":{"grunnkretsnummer":"33100102","grunnkretsnavn":"Brenna","delomradenummer":"331001","delomradenavn":"Stein","kommunenummer":"3310"}},{"type":"Polygon","arcs":[[-2045,-1990,-2043]],"properties":{"grunnkretsnummer":"33100105","grunnkretsnavn":"Kroksund","delomradenummer":"331001","delomradenavn":"Stein","kommunenummer":"3310"}},{"type":"Polygon","arcs":[[-2009,-2067,2067,2068]],"properties":{"grunnkretsnummer":"33050802","grunnkretsnavn":"Somdalen","delomradenummer":"330508","delomradenavn":"Ytre Ådal","kommunenummer":"3305"}},{"type":"Polygon","arcs":[[-2037,-1954,-1946,-1454]],"properties":{"grunnkretsnummer":"33050705","grunnkretsnavn":"Tranby","delomradenummer":"330507","delomradenavn":"Lunder","kommunenummer":"3305"}},{"type":"Polygon","arcs":[[2069,-2032,2070]],"properties":{"grunnkretsnummer":"33050106","grunnkretsnavn":"Vesterntangen","delomradenummer":"330501","delomradenavn":"Hønefoss","kommunenummer":"3305"}},{"type":"Polygon","arcs":[[-2064,-1962,2071,2072,2073,2074,-2002,2075,2076,2077]],"properties":{"grunnkretsnummer":"33050512","grunnkretsnavn":"Follum","delomradenummer":"330505","delomradenavn":"Ytre Soknedal","kommunenummer":"3305"}},{"type":"Polygon","arcs":[[2078,2079,2080,2081,-2028,2082]],"properties":{"grunnkretsnummer":"33050304","grunnkretsnavn":"Hval","delomradenummer":"330503","delomradenavn":"Haug","kommunenummer":"3305"}},{"type":"Polygon","arcs":[[-2010,-2069,2083,-2062,2084,-1951,-2040]],"properties":{"grunnkretsnummer":"33050801","grunnkretsnavn":"Skollerud","delomradenummer":"330508","delomradenavn":"Ytre Ådal","kommunenummer":"3305"}},{"type":"Polygon","arcs":[[-2086,2086,-2081,2087]],"properties":{"grunnkretsnummer":"33050306","grunnkretsnavn":"Viul","delomradenummer":"330503","delomradenavn":"Haug","kommunenummer":"3305"}},{"type":"Polygon","arcs":[[2088,-1956,2089,-2049]],"properties":{"grunnkretsnummer":"33050102","grunnkretsnavn":"Sørsida 2","delomradenummer":"330501","delomradenavn":"Hønefoss","kommunenummer":"3305"}},{"type":"Polygon","arcs":[[2090,2091]],"properties":{"grunnkretsnummer":"33050402","grunnkretsnavn":"Arnegård","delomradenummer":"330504","delomradenavn":"Norderhov","kommunenummer":"3305"}},{"type":"Polygon","arcs":[[2092,-2094,-2095,2095,-2022]],"properties":{"grunnkretsnummer":"33050904","grunnkretsnavn":"Skagnes","delomradenummer":"330509","delomradenavn":"Viker - Nes","kommunenummer":"3305"}},{"type":"Polygon","arcs":[[-1854,-1852,-2056,-1911,-1941]],"properties":{"grunnkretsnummer":"33050701","grunnkretsnavn":"Havik","delomradenummer":"330507","delomradenavn":"Lunder","kommunenummer":"3305"}},{"type":"Polygon","arcs":[[2096,2097,-2058]],"properties":{"grunnkretsnummer":"33050503","grunnkretsnavn":"Sandaker","delomradenummer":"330505","delomradenavn":"Ytre Soknedal","kommunenummer":"3305"}},{"type":"Polygon","arcs":[[2098,-1966,-2061]],"properties":{"grunnkretsnummer":"33050509","grunnkretsnavn":"Busund","delomradenummer":"330505","delomradenavn":"Ytre Soknedal","kommunenummer":"3305"}},{"type":"Polygon","arcs":[[-2096,-2100,-2101,-2007,-2023]],"properties":{"grunnkretsnummer":"33050903","grunnkretsnavn":"Nyhus","delomradenummer":"330509","delomradenavn":"Viker - Nes","kommunenummer":"3305"}},{"type":"Polygon","arcs":[[2101,-2079,2102,-2034,2103,2104]],"properties":{"grunnkretsnummer":"33050203","grunnkretsnavn":"Ullerål 2","delomradenummer":"330502","delomradenavn":"Ullerål","kommunenummer":"3305"}},{"type":"Polygon","arcs":[[-2075,2105,-2105,2106,-2003]],"properties":{"grunnkretsnummer":"33050206","grunnkretsnavn":"Ullerål 4","delomradenummer":"330502","delomradenavn":"Ullerål","kommunenummer":"3305"}},{"type":"Polygon","arcs":[[-2108,2108,-2021,2109]],"properties":{"grunnkretsnummer":"33050906","grunnkretsnavn":"vestre Nes","delomradenummer":"330509","delomradenavn":"Viker - Nes","kommunenummer":"3305"}},{"type":"Polygon","arcs":[[2110,2111,-2004,-2107]],"properties":{"grunnkretsnummer":"33050104","grunnkretsnavn":"Nordsida 1","delomradenummer":"330501","delomradenavn":"Hønefoss","kommunenummer":"3305"}},{"type":"Polygon","arcs":[[-2103,-2083,-2027,2112,-2035]],"properties":{"grunnkretsnummer":"33050303","grunnkretsnavn":"Nedre Haug","delomradenummer":"330503","delomradenavn":"Haug","kommunenummer":"3305"}},{"type":"Polygon","arcs":[[-2085,-2066,2113,2114,-2097,-2057,-1952]],"properties":{"grunnkretsnummer":"33050502","grunnkretsnavn":"Heggen","delomradenummer":"330505","delomradenavn":"Ytre Soknedal","kommunenummer":"3305"}},{"type":"Polygon","arcs":[[-2112,2115,-2071,-2031,-1957,-2089,-2048]],"properties":{"grunnkretsnummer":"33050103","grunnkretsnavn":"Sørsida 3","delomradenummer":"330501","delomradenavn":"Hønefoss","kommunenummer":"3305"}},{"type":"Polygon","arcs":[[-2117,-2029,-2082,-2087,-2118,-2119,-2120,-2121]],"properties":{"grunnkretsnummer":"33050301","grunnkretsnavn":"Åsbygda","delomradenummer":"330503","delomradenavn":"Haug","kommunenummer":"3305"}},{"type":"Polygon","arcs":[[-2122,-2123,-2124,-2125,-2126,-2093,-2109]],"properties":{"grunnkretsnummer":"33050905","grunnkretsnavn":"Østre Nes","delomradenummer":"330509","delomradenavn":"Viker - Nes","kommunenummer":"3305"}},{"type":"Polygon","arcs":[[-2063,-2084,-2068,-2127,-2128,2128,-1964]],"properties":{"grunnkretsnummer":"33050805","grunnkretsnavn":"Hallingby","delomradenummer":"330508","delomradenavn":"Ytre Ådal","kommunenummer":"3305"}},{"type":"Polygon","arcs":[[-2114,-2065,-2078,2129,2130]],"properties":{"grunnkretsnummer":"33050511","grunnkretsnavn":"Heradsbygda","delomradenummer":"330505","delomradenavn":"Ytre Soknedal","kommunenummer":"3305"}},{"type":"Polygon","arcs":[[-1950,-2016,-405,-1458,-1965,-1456]],"properties":{"grunnkretsnummer":"33050602","grunnkretsnavn":"Nakkerud","delomradenummer":"330506","delomradenavn":"Tyristrand","kommunenummer":"3305"}},{"type":"Polygon","arcs":[[-2060,-2051,2131,-2092,2132,-1959,-2036,-2113,-2026,2133,-2014,-1967,-2099]],"properties":{"grunnkretsnummer":"33050403","grunnkretsnavn":"Norderhov","delomradenummer":"330504","delomradenavn":"Norderhov","kommunenummer":"3305"}},{"type":"Polygon","arcs":[[-2090,-1960,-2133,-2091,-2132,-2050]],"properties":{"grunnkretsnummer":"33050401","grunnkretsnavn":"Nedre Eikli","delomradenummer":"330504","delomradenavn":"Norderhov","kommunenummer":"3305"}},{"type":"Polygon","arcs":[[-2015,-2134,-2030,-2135,-2136,-2137,-2138,-2139,-2140,-2141,-2142,-2143,-2001,-1993]],"properties":{"grunnkretsnummer":"33050404","grunnkretsnavn":"Vegård","delomradenummer":"330504","delomradenavn":"Norderhov","kommunenummer":"3305"}},{"type":"Polygon","arcs":[[-2088,-2080,-2102,2143,-2073,2144,-2146,-2147]],"properties":{"grunnkretsnummer":"33050204","grunnkretsnavn":"Ullerål 1","delomradenummer":"330502","delomradenavn":"Ullerål","kommunenummer":"3305"}},{"type":"Polygon","arcs":[[-1851,-2025,-2039,-2055]],"properties":{"grunnkretsnummer":"33050702","grunnkretsnavn":"Strømsodd","delomradenummer":"330507","delomradenavn":"Lunder","kommunenummer":"3305"}},{"type":"Polygon","arcs":[[-2148,-2145,-2072,-1961,-2129,-2149,-2150]],"properties":{"grunnkretsnummer":"33050205","grunnkretsnavn":"Vågård","delomradenummer":"330502","delomradenavn":"Ullerål","kommunenummer":"3305"}},{"type":"Polygon","arcs":[[-2076,-2005,-2047,-1945,2150,2151]],"properties":{"grunnkretsnummer":"33050507","grunnkretsnavn":"Veien 1","delomradenummer":"330505","delomradenavn":"Ytre Soknedal","kommunenummer":"3305"}},{"type":"Polygon","arcs":[[-2104,-2033,-2070,-2116,-2111]],"properties":{"grunnkretsnummer":"33050105","grunnkretsnavn":"Nordsida 2","delomradenummer":"330501","delomradenavn":"Hønefoss","kommunenummer":"3305"}},{"type":"Polygon","arcs":[[-2098,-2115,-2131,2152,-2151,-1944,-2053,-2059]],"properties":{"grunnkretsnummer":"33050508","grunnkretsnavn":"Veien 2","delomradenummer":"330505","delomradenavn":"Ytre Soknedal","kommunenummer":"3305"}},{"type":"Polygon","arcs":[[-2077,-2152,-2153,-2130]],"properties":{"grunnkretsnummer":"33050510","grunnkretsnavn":"Ve","delomradenummer":"330505","delomradenavn":"Ytre Soknedal","kommunenummer":"3305"}},{"type":"Polygon","arcs":[[-2154,-2110,-2020,-2155]],"properties":{"grunnkretsnummer":"33050907","grunnkretsnavn":"Lindelia","delomradenummer":"330509","delomradenavn":"Viker - Nes","kommunenummer":"3305"}},{"type":"Polygon","arcs":[[-2144,-2106,-2074]],"properties":{"grunnkretsnummer":"33050207","grunnkretsnavn":"Ullerål 3","delomradenummer":"330502","delomradenavn":"Ullerål","kommunenummer":"3305"}}]},"grunnkretserUtenHavgrense":{"type":"GeometryCollection","geometries":[{"type":"Polygon","arcs":[[0,1,2,3,4,5]],"properties":{"grunnkretsnummer":"33260103","grunnkretsnavn":"Lio","delomradenummer":"332601","delomradenavn":"Hemsedal","kommunenummer":"3326"}},{"type":"Polygon","arcs":[[6,7,8,9,10,11,-5,12,13]],"properties":{"grunnkretsnummer":"33260105","grunnkretsnavn":"Thorset","delomradenummer":"332601","delomradenavn":"Hemsedal","kommunenummer":"3326"}},{"type":"Polygon","arcs":[[14,15,16,17,18,19,20,21]],"properties":{"grunnkretsnummer":"33260108","grunnkretsnavn":"Lykkja","delomradenummer":"332601","delomradenavn":"Hemsedal","kommunenummer":"3326"}},{"type":"Polygon","arcs":[[-22,22,-14,23]],"properties":{"grunnkretsnummer":"33260106","grunnkretsnavn":"Ulsåk","delomradenummer":"332601","delomradenavn":"Hemsedal","kommunenummer":"3326"}},{"type":"Polygon","arcs":[[24,25,-3]],"properties":{"grunnkretsnummer":"33260102","grunnkretsnavn":"Tuv","delomradenummer":"332601","delomradenavn":"Hemsedal","kommunenummer":"3326"}},{"type":"Polygon","arcs":[[26,27,28,29,-16,30,-25,-2,31]],"properties":{"grunnkretsnummer":"33260104","grunnkretsnavn":"Grøndalen","delomradenummer":"332601","delomradenavn":"Hemsedal","kommunenummer":"3326"}},{"type":"Polygon","arcs":[[-31,-15,-24,-13,-4,-26]],"properties":{"grunnkretsnummer":"33260101","grunnkretsnavn":"Trøim","delomradenummer":"332601","delomradenavn":"Hemsedal","kommunenummer":"3326"}},{"type":"Polygon","arcs":[[-23,-21,32,-7]],"properties":{"grunnkretsnummer":"33260107","grunnkretsnavn":"Aalrust","delomradenummer":"332601","delomradenavn":"Hemsedal","kommunenummer":"3326"}},{"type":"Polygon","arcs":[[33,34,35,36,37,38,39]],"properties":{"grunnkretsnummer":"33010301","grunnkretsnavn":"Bragernes sentrum 1","delomradenummer":"330103","delomradenavn":"Bragernes Sentrum","kommunenummer":"3301"}},{"type":"Polygon","arcs":[[40,41,42,43,44]],"properties":{"grunnkretsnummer":"33010712","grunnkretsnavn":"Tangen-Åskollen 12","delomradenummer":"330107","delomradenavn":"Tangen - Åskollen","kommunenummer":"3301"}},{"type":"Polygon","arcs":[[45,46,47,48,49]],"properties":{"grunnkretsnummer":"33010815","grunnkretsnavn":"Danvik-Fjell 15","delomradenummer":"330108","delomradenavn":"Danvik - Fjell","kommunenummer":"3301"}},{"type":"Polygon","arcs":[[50,51,52,53]],"properties":{"grunnkretsnummer":"33120117","grunnkretsnavn":"Vitbank nord","delomradenummer":"331201","delomradenavn":"Høvik","kommunenummer":"3312"}},{"type":"Polygon","arcs":[[54,55,56,57,58]],"properties":{"grunnkretsnummer":"33120205","grunnkretsnavn":"Lierbyen","delomradenummer":"331202","delomradenavn":"Hegg","kommunenummer":"3312"}},{"type":"Polygon","arcs":[[59,60,61,62,63,64,65]],"properties":{"grunnkretsnummer":"33120802","grunnkretsnavn":"Vestre Kjenner","delomradenummer":"331208","delomradenavn":"Lierskogen","kommunenummer":"3312"}},{"type":"Polygon","arcs":[[66,67,68,69,70,71,72,73,74]],"properties":{"grunnkretsnummer":"33160406","grunnkretsnavn":"Vestre Snarum","delomradenummer":"331604","delomradenavn":"Drolsum - Snarum","kommunenummer":"3316"}},{"type":"Polygon","arcs":[[75,76,77,78,79,80,81,82,83]],"properties":{"grunnkretsnummer":"33120601","grunnkretsnavn":"Grøtte","delomradenummer":"331206","delomradenavn":"Nordal","kommunenummer":"3312"}},{"type":"Polygon","arcs":[[84,85,86,2155,2156,89,2157,91,2158,2159,93]],"properties":{"grunnkretsnummer":"33120908","grunnkretsnavn":"Gilhusodden","delomradenummer":"331209","delomradenavn":"Gullaug","kommunenummer":"3312"}},{"type":"Polygon","arcs":[[-81,94,95,96,97,-56,98,99]],"properties":{"grunnkretsnummer":"33120206","grunnkretsnavn":"Gommerud","delomradenummer":"331202","delomradenavn":"Hegg","kommunenummer":"3312"}},{"type":"Polygon","arcs":[[100,101,102,103,104,105,106]],"properties":{"grunnkretsnummer":"33120101","grunnkretsnavn":"Nøste 1","delomradenummer":"331201","delomradenavn":"Høvik","kommunenummer":"3312"}},{"type":"Polygon","arcs":[[107,-87,108]],"properties":{"grunnkretsnummer":"33120905","grunnkretsnavn":"Linnes","delomradenummer":"331209","delomradenavn":"Gullaug","kommunenummer":"3312"}},{"type":"Polygon","arcs":[[109,110,111,112,113,114,115,116,117,118]],"properties":{"grunnkretsnummer":"33120401","grunnkretsnavn":"Sjåstad","delomradenummer":"331204","delomradenavn":"Sjåstad","kommunenummer":"3312"}},{"type":"Polygon","arcs":[[119,120,-54,121,122]],"properties":{"grunnkretsnummer":"33120115","grunnkretsnavn":"Frydenlund nord","delomradenummer":"331201","delomradenavn":"Høvik","kommunenummer":"3312"}},{"type":"Polygon","arcs":[[123,124,125,126]],"properties":{"grunnkretsnummer":"33121004","grunnkretsnavn":"Tranby 3d","delomradenummer":"331210","delomradenavn":"Hennummarka","kommunenummer":"3312"}},{"type":"Polygon","arcs":[[127,128,129,130,131,132]],"properties":{"grunnkretsnummer":"33120903","grunnkretsnavn":"Sørum","delomradenummer":"331209","delomradenavn":"Gullaug","kommunenummer":"3312"}},{"type":"Polygon","arcs":[[133,134,-65,135,136,137,138,139]],"properties":{"grunnkretsnummer":"33120806","grunnkretsnavn":"Sagvolden","delomradenummer":"331208","delomradenavn":"Lierskogen","kommunenummer":"3312"}},{"type":"Polygon","arcs":[[-123,140,141,-101,142,143]],"properties":{"grunnkretsnummer":"33120112","grunnkretsnavn":"Lierstranda nord","delomradenummer":"331201","delomradenavn":"Høvik","kommunenummer":"3312"}},{"type":"Polygon","arcs":[[144,145,-133,146,-85,147,-52]],"properties":{"grunnkretsnummer":"33120902","grunnkretsnavn":"Huseby","delomradenummer":"331209","delomradenavn":"Gullaug","kommunenummer":"3312"}},{"type":"Polygon","arcs":[[148,-129,149]],"properties":{"grunnkretsnummer":"33120211","grunnkretsnavn":"Reistad","delomradenummer":"331202","delomradenavn":"Hegg","kommunenummer":"3312"}},{"type":"Polygon","arcs":[[150,151,-97]],"properties":{"grunnkretsnummer":"33120207","grunnkretsnavn":"Haskoll","delomradenummer":"331202","delomradenavn":"Hegg","kommunenummer":"3312"}},{"type":"Polygon","arcs":[[152,153,154,155,156,157,158]],"properties":{"grunnkretsnummer":"33120503","grunnkretsnavn":"Øverskogen","delomradenummer":"331205","delomradenavn":"Sylling","kommunenummer":"3312"}},{"type":"Polygon","arcs":[[159,160,-82,-100,161,162,163]],"properties":{"grunnkretsnummer":"33120203","grunnkretsnavn":"Renskaug","delomradenummer":"331202","delomradenavn":"Hegg","kommunenummer":"3312"}},{"type":"Polygon","arcs":[[164,165,166,167,-138,168]],"properties":{"grunnkretsnummer":"33120804","grunnkretsnavn":"Ovenstad","delomradenummer":"331208","delomradenavn":"Lierskogen","kommunenummer":"3312"}},{"type":"Polygon","arcs":[[-157,169,170,171,172]],"properties":{"grunnkretsnummer":"33120504","grunnkretsnavn":"Hørte","delomradenummer":"331205","delomradenavn":"Sylling","kommunenummer":"3312"}},{"type":"Polygon","arcs":[[173,-119,174,175,176]],"properties":{"grunnkretsnummer":"33120402","grunnkretsnavn":"Oddevall","delomradenummer":"331204","delomradenavn":"Sjåstad","kommunenummer":"3312"}},{"type":"Polygon","arcs":[[177,178]],"properties":{"grunnkretsnummer":"33120303","grunnkretsnavn":"Ringstad","delomradenummer":"331203","delomradenavn":"Egge","kommunenummer":"3312"}},{"type":"Polygon","arcs":[[179,-145,-51,-121,180,181]],"properties":{"grunnkretsnummer":"33120111","grunnkretsnavn":"Haga","delomradenummer":"331201","delomradenavn":"Høvik","kommunenummer":"3312"}},{"type":"Polygon","arcs":[[-102,-142,182,2160,2161,2162,186]],"properties":{"grunnkretsnummer":"33120113","grunnkretsnavn":"Lierstranda syd","delomradenummer":"331201","delomradenavn":"Høvik","kommunenummer":"3312"}},{"type":"Polygon","arcs":[[187,-59,188,189,-163]],"properties":{"grunnkretsnummer":"33120202","grunnkretsnavn":"Frogner","delomradenummer":"331202","delomradenavn":"Hegg","kommunenummer":"3312"}},{"type":"Polygon","arcs":[[-58,190,191,192,-189]],"properties":{"grunnkretsnummer":"33120201","grunnkretsnavn":"Grette","delomradenummer":"331202","delomradenavn":"Hegg","kommunenummer":"3312"}},{"type":"Polygon","arcs":[[193,-170,-156,194,195,196,197,198,199,200]],"properties":{"grunnkretsnummer":"33120507","grunnkretsnavn":"Tveiten","delomradenummer":"331205","delomradenavn":"Sylling","kommunenummer":"3312"}},{"type":"Polygon","arcs":[[201,-126,202,203]],"properties":{"grunnkretsnummer":"33121002","grunnkretsnavn":"Tranby 3b","delomradenummer":"331210","delomradenavn":"Hennummarka","kommunenummer":"3312"}},{"type":"Polygon","arcs":[[204,205,-204,206,207]],"properties":{"grunnkretsnummer":"33121001","grunnkretsnavn":"Tranby 3a","delomradenummer":"331210","delomradenavn":"Hennummarka","kommunenummer":"3312"}},{"type":"Polygon","arcs":[[-118,208,209,-159,210,-172,211,212,213,-175]],"properties":{"grunnkretsnummer":"33120501","grunnkretsnavn":"Solberg","delomradenummer":"331205","delomradenavn":"Sylling","kommunenummer":"3312"}},{"type":"Polygon","arcs":[[-96,214,215,216,-151]],"properties":{"grunnkretsnummer":"33120208","grunnkretsnavn":"Lier sykehus","delomradenummer":"331202","delomradenavn":"Hegg","kommunenummer":"3312"}},{"type":"Polygon","arcs":[[-158,-173,-211]],"properties":{"grunnkretsnummer":"33120502","grunnkretsnavn":"Fagerliåsen","delomradenummer":"331205","delomradenavn":"Sylling","kommunenummer":"3312"}},{"type":"Polygon","arcs":[[217,218,219,220,221,222,223,224,225]],"properties":{"grunnkretsnummer":"33120104","grunnkretsnavn":"Hasselbakken","delomradenummer":"331201","delomradenavn":"Høvik","kommunenummer":"3312"}},{"type":"Polygon","arcs":[[-221,226,-106,227,228]],"properties":{"grunnkretsnummer":"33120102","grunnkretsnavn":"Nøste 2","delomradenummer":"331201","delomradenavn":"Høvik","kommunenummer":"3312"}},{"type":"Polygon","arcs":[[-111,229,-76,230,-179,231,232,233]],"properties":{"grunnkretsnummer":"33120304","grunnkretsnavn":"Meren","delomradenummer":"331203","delomradenavn":"Egge","kommunenummer":"3312"}},{"type":"Polygon","arcs":[[-2161,-183,-141,-122,234,2163,2164]],"properties":{"grunnkretsnummer":"33120114","grunnkretsnavn":"Frydenlund syd","delomradenummer":"331201","delomradenavn":"Høvik","kommunenummer":"3312"}},{"type":"Polygon","arcs":[[-99,-55,-188,-162]],"properties":{"grunnkretsnummer":"33120204","grunnkretsnavn":"Eikenga","delomradenummer":"331202","delomradenavn":"Hegg","kommunenummer":"3312"}},{"type":"Polygon","arcs":[[-94,-2160,2165,2166,-2164,-235,-53,-148]],"properties":{"grunnkretsnummer":"33120116","grunnkretsnavn":"Vitbank syd","delomradenummer":"331201","delomradenavn":"Høvik","kommunenummer":"3312"}},{"type":"Polygon","arcs":[[-125,239,240,-169,-137,241,-63,242,243,244,245,-207,-203]],"properties":{"grunnkretsnummer":"33120803","grunnkretsnavn":"Gjellebekk","delomradenummer":"331208","delomradenavn":"Lierskogen","kommunenummer":"3312"}},{"type":"Polygon","arcs":[[246,247,-139,-168]],"properties":{"grunnkretsnummer":"33120805","grunnkretsnavn":"Rype","delomradenummer":"331208","delomradenavn":"Lierskogen","kommunenummer":"3312"}},{"type":"Polygon","arcs":[[248,-164,-190,-193,249,250,-218,251,252,253,254,255]],"properties":{"grunnkretsnummer":"33120105","grunnkretsnavn":"Vivelstad","delomradenummer":"331201","delomradenavn":"Høvik","kommunenummer":"3312"}},{"type":"Polygon","arcs":[[-83,-161,256]],"properties":{"grunnkretsnummer":"33120301","grunnkretsnavn":"Landfall","delomradenummer":"331203","delomradenavn":"Egge","kommunenummer":"3312"}},{"type":"Polygon","arcs":[[257,258,2167,-2156,-108,261,262]],"properties":{"grunnkretsnummer":"33120906","grunnkretsnavn":"Gullaug","delomradenummer":"331209","delomradenavn":"Gullaug","kommunenummer":"3312"}},{"type":"Polygon","arcs":[[263,-127,-202,-206]],"properties":{"grunnkretsnummer":"33121003","grunnkretsnavn":"Tranby 3c","delomradenummer":"331210","delomradenavn":"Hennummarka","kommunenummer":"3312"}},{"type":"Polygon","arcs":[[-61,-130,-149,264,265]],"properties":{"grunnkretsnummer":"33120210","grunnkretsnavn":"Reistadåsen","delomradenummer":"331202","delomradenavn":"Hegg","kommunenummer":"3312"}},{"type":"Polygon","arcs":[[-242,-136,-64]],"properties":{"grunnkretsnummer":"33120801","grunnkretsnavn":"Østre Kjenner","delomradenummer":"331208","delomradenavn":"Lierskogen","kommunenummer":"3312"}},{"type":"Polygon","arcs":[[-98,-152,-217,266,267,268,-191,-57]],"properties":{"grunnkretsnummer":"33120213","grunnkretsnavn":"Valle","delomradenummer":"331202","delomradenavn":"Hegg","kommunenummer":"3312"}},{"type":"Polygon","arcs":[[269,-240,-124,-264,-205,270,-78]],"properties":{"grunnkretsnummer":"33120603","grunnkretsnavn":"Hennum","delomradenummer":"331206","delomradenavn":"Nordal","kommunenummer":"3312"}},{"type":"Polygon","arcs":[[-160,-249,271,-232,-178,-231,-84,-257]],"properties":{"grunnkretsnummer":"33120302","grunnkretsnavn":"Egge","delomradenummer":"331203","delomradenavn":"Egge","kommunenummer":"3312"}},{"type":"Polygon","arcs":[[272,-245,273,274]],"properties":{"grunnkretsnummer":"33120703","grunnkretsnavn":"Tranby senter","delomradenummer":"331207","delomradenavn":"Hallingstad","kommunenummer":"3312"}},{"type":"Polygon","arcs":[[-275,275,276]],"properties":{"grunnkretsnummer":"33120702","grunnkretsnavn":"Tranby 2","delomradenummer":"331207","delomradenavn":"Hallingstad","kommunenummer":"3312"}},{"type":"Polygon","arcs":[[-250,-192,-269,-182,277]],"properties":{"grunnkretsnummer":"33120106","grunnkretsnavn":"Kjellstad","delomradenummer":"331201","delomradenavn":"Høvik","kommunenummer":"3312"}},{"type":"Polygon","arcs":[[278,-276,-274,-244,279,-215,-95,-80]],"properties":{"grunnkretsnummer":"33120701","grunnkretsnavn":"Overn","delomradenummer":"331207","delomradenavn":"Hallingstad","kommunenummer":"3312"}},{"type":"Polygon","arcs":[[-271,-208,-246,-273,-277,-279,-79]],"properties":{"grunnkretsnummer":"33120604","grunnkretsnavn":"Tranby","delomradenummer":"331206","delomradenavn":"Nordal","kommunenummer":"3312"}},{"type":"Polygon","arcs":[[-251,-278,-181,-120,-144,280,-219]],"properties":{"grunnkretsnummer":"33120107","grunnkretsnavn":"Stoppen","delomradenummer":"331201","delomradenavn":"Høvik","kommunenummer":"3312"}},{"type":"Polygon","arcs":[[-132,281,-262,-109,-86,-147]],"properties":{"grunnkretsnummer":"33120904","grunnkretsnavn":"Kunterud","delomradenummer":"331209","delomradenavn":"Gullaug","kommunenummer":"3312"}},{"type":"Polygon","arcs":[[282,283,284,2168,2169,-259]],"properties":{"grunnkretsnummer":"33120907","grunnkretsnavn":"Engersand","delomradenummer":"331209","delomradenavn":"Gullaug","kommunenummer":"3312"}},{"type":"Polygon","arcs":[[289,-265,-150,-128,-146,-180,-268]],"properties":{"grunnkretsnummer":"33120212","grunnkretsnavn":"Viker","delomradenummer":"331202","delomradenavn":"Hegg","kommunenummer":"3312"}},{"type":"Polygon","arcs":[[-176,-214,290,291,-110,-174,292]],"properties":{"grunnkretsnummer":"33120404","grunnkretsnavn":"Vefferstad","delomradenummer":"331204","delomradenavn":"Sjåstad","kommunenummer":"3312"}},{"type":"Polygon","arcs":[[-280,-243,-62,-266,-290,-267,-216]],"properties":{"grunnkretsnummer":"33120209","grunnkretsnavn":"Utsikten","delomradenummer":"331202","delomradenavn":"Hegg","kommunenummer":"3312"}},{"type":"Polygon","arcs":[[-171,-194,293,-212]],"properties":{"grunnkretsnummer":"33120505","grunnkretsnavn":"Sylling nord","delomradenummer":"331205","delomradenavn":"Sylling","kommunenummer":"3312"}},{"type":"Polygon","arcs":[[-293,-177]],"properties":{"grunnkretsnummer":"33120403","grunnkretsnavn":"Gifstad","delomradenummer":"331204","delomradenavn":"Sjåstad","kommunenummer":"3312"}},{"type":"Polygon","arcs":[[-220,-281,-143,-107,-227]],"properties":{"grunnkretsnummer":"33120103","grunnkretsnavn":"Nøste 3","delomradenummer":"331201","delomradenavn":"Høvik","kommunenummer":"3312"}},{"type":"Polygon","arcs":[[-165,-241,-270,-77,-230,-292,294,-200,295]],"properties":{"grunnkretsnummer":"33120602","grunnkretsnavn":"Sørsdal","delomradenummer":"331206","delomradenavn":"Nordal","kommunenummer":"3312"}},{"type":"Polygon","arcs":[[-294,-201,-295,-291,-213]],"properties":{"grunnkretsnummer":"33120506","grunnkretsnavn":"Sylling sør","delomradenummer":"331205","delomradenavn":"Sylling","kommunenummer":"3312"}},{"type":"Polygon","arcs":[[296,297,298,299,300]],"properties":{"grunnkretsnummer":"33140407","grunnkretsnavn":"Loesmoen nord","delomradenummer":"331404","delomradenavn":"Hokksund Øst","kommunenummer":"3314"}},{"type":"Polygon","arcs":[[301,302,303,304,305,306]],"properties":{"grunnkretsnummer":"33010818","grunnkretsnavn":"Danvik-Fjell 18","delomradenummer":"330108","delomradenavn":"Danvik - Fjell","kommunenummer":"3301"}},{"type":"Polygon","arcs":[[307,308,309,310,311,312,313,314]],"properties":{"grunnkretsnummer":"33010124","grunnkretsnavn":"Åssiden 24","delomradenummer":"330101","delomradenavn":"Åssiden","kommunenummer":"3301"}},{"type":"Polygon","arcs":[[315,316,317,318]],"properties":{"grunnkretsnummer":"33010308","grunnkretsnavn":"Bragernes sentrum 8","delomradenummer":"330103","delomradenavn":"Bragernes Sentrum","kommunenummer":"3301"}},{"type":"Polygon","arcs":[[319,320,321,322,2170,2171,2172,327,328,329]],"properties":{"grunnkretsnummer":"33011701","grunnkretsnavn":"Hella-Tangen","delomradenummer":"330117","delomradenavn":"Nesbygda","kommunenummer":"3301"}},{"type":"Polygon","arcs":[[330,331,332,333,334]],"properties":{"grunnkretsnummer":"33010609","grunnkretsnavn":"Strømsø 9","delomradenummer":"330106","delomradenavn":"Strømsø","kommunenummer":"3301"}},{"type":"Polygon","arcs":[[335,336,337,-298,338,339,340,341,342]],"properties":{"grunnkretsnummer":"33140406","grunnkretsnavn":"Hokksund sentrum-Frognes","delomradenummer":"331404","delomradenavn":"Hokksund Øst","kommunenummer":"3314"}},{"type":"Polygon","arcs":[[343,344,345,346,347,348,349]],"properties":{"grunnkretsnummer":"33140305","grunnkretsnavn":"Røren-Åsgård","delomradenummer":"331403","delomradenavn":"Hokksund Vest","kommunenummer":"3314"}},{"type":"Polygon","arcs":[[350,351,352,353,354,355]],"properties":{"grunnkretsnummer":"33140102","grunnkretsnavn":"Skogen","delomradenummer":"331401","delomradenavn":"Fiskum","kommunenummer":"3314"}},{"type":"Polygon","arcs":[[356,357,358,359,360,361]],"properties":{"grunnkretsnummer":"33140205","grunnkretsnavn":"Røkkeberg","delomradenummer":"331402","delomradenavn":"Vestfossen","kommunenummer":"3314"}},{"type":"Polygon","arcs":[[362,363,364,365,366,-352]],"properties":{"grunnkretsnummer":"33140104","grunnkretsnavn":"Darbu","delomradenummer":"331401","delomradenavn":"Fiskum","kommunenummer":"3314"}},{"type":"Polygon","arcs":[[367,368,369,370,371,372,373]],"properties":{"grunnkretsnummer":"33140505","grunnkretsnavn":"Fjerdingstad","delomradenummer":"331405","delomradenavn":"Skotselv","kommunenummer":"3314"}},{"type":"Polygon","arcs":[[374,375,376,377,378]],"properties":{"grunnkretsnummer":"33010513","grunnkretsnavn":"Gulskogen-Sundhaugen 13","delomradenummer":"330105","delomradenavn":"Gulskogen - Sundhaugen","kommunenummer":"3301"}},{"type":"Polygon","arcs":[[2173,381,382,2174,2175]],"properties":{"grunnkretsnummer":"33010409","grunnkretsnavn":"Holmen","delomradenummer":"330104","delomradenavn":"Fjellheim","kommunenummer":"3301"}},{"type":"Polygon","arcs":[[387,388,389,390,391]],"properties":{"grunnkretsnummer":"33240105","grunnkretsnavn":"Gol sentrum","delomradenummer":"332401","delomradenavn":"Gol Aust","kommunenummer":"3324"}},{"type":"Polygon","arcs":[[-20,392,393,394,395,-8,-33]],"properties":{"grunnkretsnummer":"33240206","grunnkretsnavn":"Hatten","delomradenummer":"332402","delomradenavn":"Gol Vest","kommunenummer":"3324"}},{"type":"Polygon","arcs":[[396,397,398,399]],"properties":{"grunnkretsnummer":"33160306","grunnkretsnavn":"Kroka","delomradenummer":"331603","delomradenavn":"Vikersund","kommunenummer":"3316"}},{"type":"Polygon","arcs":[[400,401,-116,402]],"properties":{"grunnkretsnummer":"33160205","grunnkretsnavn":"Heggen","delomradenummer":"331602","delomradenavn":"Geithus","kommunenummer":"3316"}},{"type":"Polygon","arcs":[[403,404,405,406,407]],"properties":{"grunnkretsnummer":"33160302","grunnkretsnavn":"Gulsrud","delomradenummer":"331603","delomradenavn":"Vikersund","kommunenummer":"3316"}},{"type":"Polygon","arcs":[[408,409,410,-69]],"properties":{"grunnkretsnummer":"33160408","grunnkretsnavn":"Kløftefoss","delomradenummer":"331604","delomradenavn":"Drolsum - Snarum","kommunenummer":"3316"}},{"type":"Polygon","arcs":[[411,412,413,414,415,416]],"properties":{"grunnkretsnummer":"33160102","grunnkretsnavn":"Bingen","delomradenummer":"331601","delomradenavn":"Åmot","kommunenummer":"3316"}},{"type":"Polygon","arcs":[[417,418,419,420,421,422,423]],"properties":{"grunnkretsnummer":"33011039","grunnkretsnavn":"Konnerud 39","delomradenummer":"330110","delomradenavn":"Konnerud","kommunenummer":"3301"}},{"type":"Polygon","arcs":[[2176,2177,2178,426,427,428]],"properties":{"grunnkretsnummer":"33010606","grunnkretsnavn":"Strømsø 6","delomradenummer":"330106","delomradenavn":"Strømsø","kommunenummer":"3301"}},{"type":"Polygon","arcs":[[-430,-6,-12,430,431,432]],"properties":{"grunnkretsnummer":"33280211","grunnkretsnavn":"Reine-Versjøen","delomradenummer":"332802","delomradenavn":"Torpo - Nordbygden","kommunenummer":"3328"}},{"type":"Polygon","arcs":[[-395,433,434,435,436]],"properties":{"grunnkretsnummer":"33240205","grunnkretsnavn":"Øygardane","delomradenummer":"332402","delomradenavn":"Gol Vest","kommunenummer":"3324"}},{"type":"Polygon","arcs":[[-435,437,-391,438,439,440]],"properties":{"grunnkretsnummer":"33240202","grunnkretsnavn":"Golreppen","delomradenummer":"332402","delomradenavn":"Gol Vest","kommunenummer":"3324"}},{"type":"Polygon","arcs":[[441,442,443,444,445,446,447,448,449]],"properties":{"grunnkretsnummer":"33240102","grunnkretsnavn":"Herad","delomradenummer":"332401","delomradenavn":"Gol Aust","kommunenummer":"3324"}},{"type":"Polygon","arcs":[[450,-440,451,452]],"properties":{"grunnkretsnummer":"33240203","grunnkretsnavn":"Tuppeskogen","delomradenummer":"332402","delomradenavn":"Gol Vest","kommunenummer":"3324"}},{"type":"Polygon","arcs":[[453,454,-442,455,-392,-438,-434,-394,456]],"properties":{"grunnkretsnummer":"33240103","grunnkretsnavn":"Åsgardane","delomradenummer":"332401","delomradenavn":"Gol Aust","kommunenummer":"3324"}},{"type":"Polygon","arcs":[[-388,-456,-450,457]],"properties":{"grunnkretsnummer":"33240104","grunnkretsnavn":"Gol tettstad aust","delomradenummer":"332401","delomradenavn":"Gol Aust","kommunenummer":"3324"}},{"type":"Polygon","arcs":[[458,-436,-441,-451,459,460]],"properties":{"grunnkretsnummer":"33240204","grunnkretsnavn":"Rotneim","delomradenummer":"332402","delomradenavn":"Gol Vest","kommunenummer":"3324"}},{"type":"Polygon","arcs":[[461,-452,-439,-390]],"properties":{"grunnkretsnummer":"33240201","grunnkretsnavn":"Gol tettstad vest","delomradenummer":"332402","delomradenavn":"Gol Vest","kommunenummer":"3324"}},{"type":"Polygon","arcs":[[-448,462]],"properties":{"grunnkretsnummer":"33240101","grunnkretsnavn":"Engene","delomradenummer":"332401","delomradenavn":"Gol Aust","kommunenummer":"3324"}},{"type":"Polygon","arcs":[[-9,-396,-437,-459,463,464]],"properties":{"grunnkretsnummer":"33240207","grunnkretsnavn":"Granli","delomradenummer":"332402","delomradenavn":"Gol Vest","kommunenummer":"3324"}},{"type":"Polygon","arcs":[[465,466,467,468,469,-47,470]],"properties":{"grunnkretsnummer":"33010814","grunnkretsnavn":"Danvik-Fjell 14","delomradenummer":"330108","delomradenavn":"Danvik - Fjell","kommunenummer":"3301"}},{"type":"Polygon","arcs":[[471,472,-316,473,474,475]],"properties":{"grunnkretsnummer":"33010307","grunnkretsnavn":"Bragernes sentrum 7","delomradenummer":"330103","delomradenavn":"Bragernes Sentrum","kommunenummer":"3301"}},{"type":"Polygon","arcs":[[476,477,-35,478]],"properties":{"grunnkretsnummer":"33010305","grunnkretsnavn":"Bragernes sentrum 5","delomradenummer":"330103","delomradenavn":"Bragernes Sentrum","kommunenummer":"3301"}},{"type":"Polygon","arcs":[[479,480,481,-314,482,483,484,485]],"properties":{"grunnkretsnummer":"33010106","grunnkretsnavn":"Åssiden 6","delomradenummer":"330101","delomradenavn":"Åssiden","kommunenummer":"3301"}},{"type":"Polygon","arcs":[[-313,486,487,488,-483]],"properties":{"grunnkretsnummer":"33010118","grunnkretsnavn":"Åssiden 18","delomradenummer":"330101","delomradenavn":"Åssiden","kommunenummer":"3301"}},{"type":"Polygon","arcs":[[489,490,491,492]],"properties":{"grunnkretsnummer":"33011044","grunnkretsnavn":"Konnerud 44","delomradenummer":"330110","delomradenavn":"Konnerud","kommunenummer":"3301"}},{"type":"Polygon","arcs":[[493,494,495,496,497,498]],"properties":{"grunnkretsnummer":"33011017","grunnkretsnavn":"Konnerud 17","delomradenummer":"330110","delomradenavn":"Konnerud","kommunenummer":"3301"}},{"type":"Polygon","arcs":[[499,500,501,502,503,-317,-473]],"properties":{"grunnkretsnummer":"33010309","grunnkretsnavn":"Bragernes sentrum 9","delomradenummer":"330103","delomradenavn":"Bragernes Sentrum","kommunenummer":"3301"}},{"type":"Polygon","arcs":[[504,505,506,507,508]],"properties":{"grunnkretsnummer":"33011302","grunnkretsnavn":"Rundtom-Kilen","delomradenummer":"330113","delomradenavn":"Steinberg","kommunenummer":"3301"}},{"type":"Polygon","arcs":[[509,510,511,512]],"properties":{"grunnkretsnummer":"33010706","grunnkretsnavn":"Tangen-Åskollen 6","delomradenummer":"330107","delomradenavn":"Tangen - Åskollen","kommunenummer":"3301"}},{"type":"Polygon","arcs":[[513,514,515,516,517,518]],"properties":{"grunnkretsnummer":"33011053","grunnkretsnavn":"Konnerud 53","delomradenummer":"330110","delomradenavn":"Konnerud","kommunenummer":"3301"}},{"type":"Polygon","arcs":[[519,520,521,522,523,524]],"properties":{"grunnkretsnummer":"33011021","grunnkretsnavn":"Konnerud 21","delomradenummer":"330110","delomradenavn":"Konnerud","kommunenummer":"3301"}},{"type":"Polygon","arcs":[[-43,525,526,527,528]],"properties":{"grunnkretsnummer":"33010717","grunnkretsnavn":"Tangen-Åskollen 17","delomradenummer":"330107","delomradenavn":"Tangen - Åskollen","kommunenummer":"3301"}},{"type":"Polygon","arcs":[[529,530,531,532]],"properties":{"grunnkretsnummer":"33011204","grunnkretsnavn":"Blåfjellveien-Olleveien","delomradenummer":"330112","delomradenavn":"Solbergelva","kommunenummer":"3301"}},{"type":"Polygon","arcs":[[533,534,535,536,537,538]],"properties":{"grunnkretsnummer":"33300213","grunnkretsnavn":"Kyrkjehovda","delomradenummer":"333002","delomradenavn":"Vestre Hol","kommunenummer":"3330"}},{"type":"Polygon","arcs":[[539,540,541,542,543]],"properties":{"grunnkretsnummer":"33300101","grunnkretsnavn":"Vestlia","delomradenummer":"333001","delomradenavn":"Østre Hol","kommunenummer":"3330"}},{"type":"Polygon","arcs":[[544,-544,545,546]],"properties":{"grunnkretsnummer":"33300102","grunnkretsnavn":"Moen","delomradenummer":"333001","delomradenavn":"Østre Hol","kommunenummer":"3330"}},{"type":"Polygon","arcs":[[547,548,549,550,551,552]],"properties":{"grunnkretsnummer":"33300107","grunnkretsnavn":"Nord-Hovet","delomradenummer":"333001","delomradenavn":"Østre Hol","kommunenummer":"3330"}},{"type":"Polygon","arcs":[[553,554,555,556,557,558]],"properties":{"grunnkretsnummer":"33300209","grunnkretsnavn":"Geilolia","delomradenummer":"333002","delomradenavn":"Vestre Hol","kommunenummer":"3330"}},{"type":"Polygon","arcs":[[559,560,-550]],"properties":{"grunnkretsnummer":"33300106","grunnkretsnavn":"Sør-Hovet vestre","delomradenummer":"333001","delomradenavn":"Østre Hol","kommunenummer":"3330"}},{"type":"Polygon","arcs":[[-433,561,562,563,564,565,-560,-549,566,567,-569,-570]],"properties":{"grunnkretsnummer":"33300110","grunnkretsnavn":"Øvre Urundidalen","delomradenummer":"333001","delomradenavn":"Østre Hol","kommunenummer":"3330"}},{"type":"Polygon","arcs":[[570,-558,571]],"properties":{"grunnkretsnummer":"33300211","grunnkretsnavn":"Fjellet","delomradenummer":"333002","delomradenavn":"Vestre Hol","kommunenummer":"3330"}},{"type":"Polygon","arcs":[[572,573,574,575,-536]],"properties":{"grunnkretsnummer":"33300202","grunnkretsnavn":"Sør-Skurdalen","delomradenummer":"333002","delomradenavn":"Vestre Hol","kommunenummer":"3330"}},{"type":"Polygon","arcs":[[576,577,-542,578,579,580]],"properties":{"grunnkretsnummer":"33300204","grunnkretsnavn":"Kvisla","delomradenummer":"333002","delomradenavn":"Vestre Hol","kommunenummer":"3330"}},{"type":"Polygon","arcs":[[581,582,583,-428,584,-331,585,586,587,588]],"properties":{"grunnkretsnummer":"33010605","grunnkretsnavn":"Strømsø 5","delomradenummer":"330106","delomradenavn":"Strømsø","kommunenummer":"3301"}},{"type":"Polygon","arcs":[[-565,589,-577,590,591]],"properties":{"grunnkretsnummer":"33300104","grunnkretsnavn":"Vestre Holet","delomradenummer":"333001","delomradenavn":"Østre Hol","kommunenummer":"3330"}},{"type":"Polygon","arcs":[[592,593,-554,594,595]],"properties":{"grunnkretsnummer":"33300207","grunnkretsnavn":"Geilomoen","delomradenummer":"333002","delomradenavn":"Vestre Hol","kommunenummer":"3330"}},{"type":"Polygon","arcs":[[596,-595,-559,-571,597]],"properties":{"grunnkretsnummer":"33300210","grunnkretsnavn":"Ustedalen","delomradenummer":"333002","delomradenavn":"Vestre Hol","kommunenummer":"3330"}},{"type":"Polygon","arcs":[[598,-556,599,-579,-541,600,-573,-535]],"properties":{"grunnkretsnummer":"33300203","grunnkretsnavn":"Skurdalen","delomradenummer":"333002","delomradenavn":"Vestre Hol","kommunenummer":"3330"}},{"type":"Polygon","arcs":[[-566,-592,601,-551,-561]],"properties":{"grunnkretsnummer":"33300105","grunnkretsnavn":"Sør-Hovet østre","delomradenummer":"333001","delomradenavn":"Østre Hol","kommunenummer":"3330"}},{"type":"Polygon","arcs":[[-576,602,603,604,-537]],"properties":{"grunnkretsnummer":"33300201","grunnkretsnavn":"Dagali","delomradenummer":"333002","delomradenavn":"Vestre Hol","kommunenummer":"3330"}},{"type":"Polygon","arcs":[[-567,-548,605]],"properties":{"grunnkretsnummer":"33300108","grunnkretsnavn":"Sudndalen","delomradenummer":"333001","delomradenavn":"Østre Hol","kommunenummer":"3330"}},{"type":"Polygon","arcs":[[606,-552,-602,-591,-581,607,608,609,-598,-572,-557,-599,-534,610,611,-613]],"properties":{"grunnkretsnummer":"33300212","grunnkretsnavn":"Monsbuhei","delomradenummer":"333002","delomradenavn":"Vestre Hol","kommunenummer":"3330"}},{"type":"Polygon","arcs":[[-546,-543,-578,-590,-564,613]],"properties":{"grunnkretsnummer":"33300103","grunnkretsnavn":"Østre Holet","delomradenummer":"333001","delomradenavn":"Østre Hol","kommunenummer":"3330"}},{"type":"Polygon","arcs":[[-608,-580,-600,-555,-594,614]],"properties":{"grunnkretsnummer":"33300205","grunnkretsnavn":"Nedre Lien","delomradenummer":"333002","delomradenavn":"Vestre Hol","kommunenummer":"3330"}},{"type":"Polygon","arcs":[[-616,-568,-606,-553,-607,-617]],"properties":{"grunnkretsnummer":"33300109","grunnkretsnavn":"Bjørkedalen","delomradenummer":"333001","delomradenavn":"Østre Hol","kommunenummer":"3330"}},{"type":"Polygon","arcs":[[-609,-615,-593,617]],"properties":{"grunnkretsnummer":"33300206","grunnkretsnavn":"Øvre Lien","delomradenummer":"333002","delomradenavn":"Vestre Hol","kommunenummer":"3330"}},{"type":"Polygon","arcs":[[-618,-596,-597,-610]],"properties":{"grunnkretsnummer":"33300208","grunnkretsnavn":"Timrehaugen","delomradenummer":"333002","delomradenavn":"Vestre Hol","kommunenummer":"3330"}},{"type":"Polygon","arcs":[[618,619,620,621,622,623]],"properties":{"grunnkretsnummer":"33010507","grunnkretsnavn":"Gulskogen-Sundhaugen 7","delomradenummer":"330105","delomradenavn":"Gulskogen - Sundhaugen","kommunenummer":"3301"}},{"type":"Polygon","arcs":[[624,625,626,-419,627,628]],"properties":{"grunnkretsnummer":"33011027","grunnkretsnavn":"Konnerud 27","delomradenummer":"330110","delomradenavn":"Konnerud","kommunenummer":"3301"}},{"type":"Polygon","arcs":[[629,630,631,632,633]],"properties":{"grunnkretsnummer":"33010205","grunnkretsnavn":"Øren-Underlia 5","delomradenummer":"330102","delomradenavn":"Øren - Underlia","kommunenummer":"3301"}},{"type":"Polygon","arcs":[[-523,634,635,636]],"properties":{"grunnkretsnummer":"33011022","grunnkretsnavn":"Konnerud 22","delomradenummer":"330110","delomradenavn":"Konnerud","kommunenummer":"3301"}},{"type":"Polygon","arcs":[[637,-621,638,639,640,641]],"properties":{"grunnkretsnummer":"33010503","grunnkretsnavn":"Gulskogen-Sundhaugen 3","delomradenummer":"330105","delomradenavn":"Gulskogen - Sundhaugen","kommunenummer":"3301"}},{"type":"Polygon","arcs":[[642,643,644,-635,-522,645]],"properties":{"grunnkretsnummer":"33011019","grunnkretsnavn":"Konnerud 19","delomradenummer":"330110","delomradenavn":"Konnerud","kommunenummer":"3301"}},{"type":"Polygon","arcs":[[2179,648,-322,649,650,2180,2181]],"properties":{"grunnkretsnummer":"33011703","grunnkretsnavn":"Tørkopområdet","delomradenummer":"330117","delomradenavn":"Nesbygda","kommunenummer":"3301"}},{"type":"Polygon","arcs":[[652,653,654,655,656,657]],"properties":{"grunnkretsnummer":"33280104","grunnkretsnavn":"Sundre","delomradenummer":"332801","delomradenavn":"Sundre","kommunenummer":"3328"}},{"type":"Polygon","arcs":[[658,-657,659,660,661]],"properties":{"grunnkretsnummer":"33280103","grunnkretsnavn":"Stave","delomradenummer":"332801","delomradenavn":"Sundre","kommunenummer":"3328"}},{"type":"Polygon","arcs":[[662,-464,-461,663,664,665]],"properties":{"grunnkretsnummer":"33280201","grunnkretsnavn":"Uri","delomradenummer":"332802","delomradenavn":"Torpo - Nordbygden","kommunenummer":"3328"}},{"type":"Polygon","arcs":[[666,667,668,669,670,-654,671]],"properties":{"grunnkretsnummer":"33280205","grunnkretsnavn":"Sando","delomradenummer":"332802","delomradenavn":"Torpo - Nordbygden","kommunenummer":"3328"}},{"type":"Polygon","arcs":[[672,673,674,-562,-432]],"properties":{"grunnkretsnummer":"33280210","grunnkretsnavn":"Nordre Vats","delomradenummer":"332802","delomradenavn":"Torpo - Nordbygden","kommunenummer":"3328"}},{"type":"Polygon","arcs":[[-660,-656,675,676,677,678]],"properties":{"grunnkretsnummer":"33280102","grunnkretsnavn":"Vestlia","delomradenummer":"332801","delomradenavn":"Sundre","kommunenummer":"3328"}},{"type":"Polygon","arcs":[[-10,-465,-663,679,-669,680]],"properties":{"grunnkretsnummer":"33280203","grunnkretsnavn":"Opheim","delomradenummer":"332802","delomradenavn":"Torpo - Nordbygden","kommunenummer":"3328"}},{"type":"Polygon","arcs":[[-563,-675,681,682,683,-662,684,-547,-614]],"properties":{"grunnkretsnummer":"33280106","grunnkretsnavn":"Kvinnegardslia","delomradenummer":"332801","delomradenavn":"Sundre","kommunenummer":"3328"}},{"type":"Polygon","arcs":[[-667,685,686,-683,687,688]],"properties":{"grunnkretsnummer":"33280207","grunnkretsnavn":"Tveito","delomradenummer":"332802","delomradenavn":"Torpo - Nordbygden","kommunenummer":"3328"}},{"type":"Polygon","arcs":[[-655,-671,689,-665,-676]],"properties":{"grunnkretsnummer":"33280204","grunnkretsnavn":"Satakroken","delomradenummer":"332802","delomradenavn":"Torpo - Nordbygden","kommunenummer":"3328"}},{"type":"Polygon","arcs":[[-672,-653,690,-686]],"properties":{"grunnkretsnummer":"33280206","grunnkretsnavn":"Bergsgard","delomradenummer":"332802","delomradenavn":"Torpo - Nordbygden","kommunenummer":"3328"}},{"type":"Polygon","arcs":[[-687,-691,-658,-659,-684]],"properties":{"grunnkretsnummer":"33280105","grunnkretsnavn":"Øvre Ål","delomradenummer":"332801","delomradenavn":"Sundre","kommunenummer":"3328"}},{"type":"Polygon","arcs":[[-680,-666,-690,-670]],"properties":{"grunnkretsnummer":"33280202","grunnkretsnavn":"Torpo-Torpomoen","delomradenummer":"332802","delomradenavn":"Torpo - Nordbygden","kommunenummer":"3328"}},{"type":"Polygon","arcs":[[-668,-689,691,-673,-431,-11,-681]],"properties":{"grunnkretsnummer":"33280208","grunnkretsnavn":"Leveld","delomradenummer":"332802","delomradenavn":"Torpo - Nordbygden","kommunenummer":"3328"}},{"type":"Polygon","arcs":[[-692,-688,-682,-674]],"properties":{"grunnkretsnummer":"33280209","grunnkretsnavn":"Søre Vats","delomradenummer":"332802","delomradenavn":"Torpo - Nordbygden","kommunenummer":"3328"}},{"type":"Polygon","arcs":[[-574,-601,-540,-545,-685,-661,-679,692]],"properties":{"grunnkretsnummer":"33280101","grunnkretsnavn":"Breie-Strand","delomradenummer":"332801","delomradenavn":"Sundre","kommunenummer":"3328"}},{"type":"Polygon","arcs":[[693,694,695,-639,-620]],"properties":{"grunnkretsnummer":"33010506","grunnkretsnavn":"Gulskogen-Sundhaugen 6","delomradenummer":"330105","delomradenavn":"Gulskogen - Sundhaugen","kommunenummer":"3301"}},{"type":"Polygon","arcs":[[696,697,698,-309,699]],"properties":{"grunnkretsnummer":"33010127","grunnkretsnavn":"Åssiden 27","delomradenummer":"330101","delomradenavn":"Åssiden","kommunenummer":"3301"}},{"type":"MultiPolygon","arcs":[[[-103,-187,-2163,2182,2183,701,702]],[[-2175,-383,2184,2185]]],"properties":{"grunnkretsnummer":"33010402","grunnkretsnavn":"Fjellheim 2","delomradenummer":"330104","delomradenavn":"Fjellheim","kommunenummer":"3301"}},{"type":"Polygon","arcs":[[703,-252,-226,704,705,-477,706,707]],"properties":{"grunnkretsnummer":"33010310","grunnkretsnavn":"Bragernes sentrum 10","delomradenummer":"330103","delomradenavn":"Bragernes Sentrum","kommunenummer":"3301"}},{"type":"Polygon","arcs":[[708,709,710,711,712,713,714,715]],"properties":{"grunnkretsnummer":"33011413","grunnkretsnavn":"Hagatjern-Ormtjern","delomradenummer":"330114","delomradenavn":"Mjøndalen","kommunenummer":"3301"}},{"type":"Polygon","arcs":[[2186,718,719,720,721,2187,2188]],"properties":{"grunnkretsnummer":"33010720","grunnkretsnavn":"Tangen-Åskollen 20","delomradenummer":"330107","delomradenavn":"Tangen - Åskollen","kommunenummer":"3301"}},{"type":"Polygon","arcs":[[724,725,726,727,728]],"properties":{"grunnkretsnummer":"33010104","grunnkretsnavn":"Åssiden 4","delomradenummer":"330101","delomradenavn":"Åssiden","kommunenummer":"3301"}},{"type":"Polygon","arcs":[[2189,730,731,732,733,2190]],"properties":{"grunnkretsnummer":"33010704","grunnkretsnavn":"Tangen-Åskollen 4","delomradenummer":"330107","delomradenavn":"Tangen - Åskollen","kommunenummer":"3301"}},{"type":"Polygon","arcs":[[735,736,737,738,739]],"properties":{"grunnkretsnummer":"33010802","grunnkretsnavn":"Danvik-Fjell 2","delomradenummer":"330108","delomradenavn":"Danvik - Fjell","kommunenummer":"3301"}},{"type":"Polygon","arcs":[[2191,742,-332,-585,-427,-2179,2192]],"properties":{"grunnkretsnummer":"33010607","grunnkretsnavn":"Strømsø 7","delomradenummer":"330106","delomradenavn":"Strømsø","kommunenummer":"3301"}},{"type":"Polygon","arcs":[[-503,743,-228,-105,744,745]],"properties":{"grunnkretsnummer":"33010405","grunnkretsnavn":"Fjellheim 5","delomradenummer":"330104","delomradenavn":"Fjellheim","kommunenummer":"3301"}},{"type":"Polygon","arcs":[[746,747,-715,748,749,750,751]],"properties":{"grunnkretsnummer":"33011414","grunnkretsnavn":"Grytjern-Langetjern","delomradenummer":"330114","delomradenavn":"Mjøndalen","kommunenummer":"3301"}},{"type":"Polygon","arcs":[[752,-353,-367,753,754,755]],"properties":{"grunnkretsnummer":"33140103","grunnkretsnavn":"Muggerud","delomradenummer":"331401","delomradenavn":"Fiskum","kommunenummer":"3314"}},{"type":"Polygon","arcs":[[756,757,758,759,760,761,-299,-338,762,763]],"properties":{"grunnkretsnummer":"33140401","grunnkretsnavn":"Hokksund omegn","delomradenummer":"331404","delomradenavn":"Hokksund Øst","kommunenummer":"3314"}},{"type":"Polygon","arcs":[[764,-412,765,766,767]],"properties":{"grunnkretsnummer":"33140501","grunnkretsnavn":"Sønju-Sluten","delomradenummer":"331405","delomradenavn":"Skotselv","kommunenummer":"3314"}},{"type":"Polygon","arcs":[[768,769,770,-348,771,772,773,774,-363,-351]],"properties":{"grunnkretsnummer":"33140201","grunnkretsnavn":"Hals-Skara","delomradenummer":"331402","delomradenavn":"Vestfossen","kommunenummer":"3314"}},{"type":"Polygon","arcs":[[775,-371,776,777,778]],"properties":{"grunnkretsnummer":"33140503","grunnkretsnavn":"Skotselv","delomradenummer":"331405","delomradenavn":"Skotselv","kommunenummer":"3314"}},{"type":"Polygon","arcs":[[779,-779,780,781,782,783,-766,-417]],"properties":{"grunnkretsnummer":"33140502","grunnkretsnavn":"Borge","delomradenummer":"331405","delomradenavn":"Skotselv","kommunenummer":"3314"}},{"type":"Polygon","arcs":[[784,785,-752,786,787,788]],"properties":{"grunnkretsnummer":"33140208","grunnkretsnavn":"Sirikjerke","delomradenummer":"331402","delomradenavn":"Vestfossen","kommunenummer":"3314"}},{"type":"Polygon","arcs":[[-360,789,-789,790,791]],"properties":{"grunnkretsnummer":"33140206","grunnkretsnavn":"Svensrud","delomradenummer":"331402","delomradenavn":"Vestfossen","kommunenummer":"3314"}},{"type":"Polygon","arcs":[[792,793,794,795,-726]],"properties":{"grunnkretsnummer":"33010117","grunnkretsnavn":"Åssiden 17","delomradenummer":"330101","delomradenavn":"Åssiden","kommunenummer":"3301"}},{"type":"Polygon","arcs":[[796,-344,797]],"properties":{"grunnkretsnummer":"33140304","grunnkretsnavn":"Breidablikk","delomradenummer":"331403","delomradenavn":"Hokksund Vest","kommunenummer":"3314"}},{"type":"Polygon","arcs":[[798,799,800,-364,-775]],"properties":{"grunnkretsnummer":"33140202","grunnkretsnavn":"Flesaker","delomradenummer":"331402","delomradenavn":"Vestfossen","kommunenummer":"3314"}},{"type":"Polygon","arcs":[[801,802,803,804,805,806]],"properties":{"grunnkretsnummer":"33011110","grunnkretsnavn":"Årbogen-Bjørkedokk","delomradenummer":"330111","delomradenavn":"Krokstadelva","kommunenummer":"3301"}},{"type":"Polygon","arcs":[[807,808,809,-346]],"properties":{"grunnkretsnummer":"33140306","grunnkretsnavn":"Røren","delomradenummer":"331403","delomradenavn":"Hokksund Vest","kommunenummer":"3314"}},{"type":"Polygon","arcs":[[-340,810,811,-358,812]],"properties":{"grunnkretsnummer":"33140410","grunnkretsnavn":"Gressbanen-Aker","delomradenummer":"331404","delomradenavn":"Hokksund Øst","kommunenummer":"3314"}},{"type":"Polygon","arcs":[[813,-501,814,815,-223]],"properties":{"grunnkretsnummer":"33010407","grunnkretsnavn":"Fjellheim 7","delomradenummer":"330104","delomradenavn":"Fjellheim","kommunenummer":"3301"}},{"type":"Polygon","arcs":[[-366,816,817,818,-754]],"properties":{"grunnkretsnummer":"33140105","grunnkretsnavn":"Gunhildrud","delomradenummer":"331401","delomradenavn":"Fiskum","kommunenummer":"3314"}},{"type":"Polygon","arcs":[[-785,-790,-359,-812,819,820,821,822]],"properties":{"grunnkretsnummer":"33140207","grunnkretsnavn":"Horne","delomradenummer":"331402","delomradenavn":"Vestfossen","kommunenummer":"3314"}},{"type":"Polygon","arcs":[[823,824,-763,-337,825]],"properties":{"grunnkretsnummer":"33140405","grunnkretsnavn":"Gamle Hokksund-Lerberg","delomradenummer":"331404","delomradenavn":"Hokksund Øst","kommunenummer":"3314"}},{"type":"Polygon","arcs":[[-778,826,827,828,-781]],"properties":{"grunnkretsnummer":"33140504","grunnkretsnavn":"Stormoen-Bakke","delomradenummer":"331405","delomradenavn":"Skotselv","kommunenummer":"3314"}},{"type":"Polygon","arcs":[[829,830,-826,-336,831]],"properties":{"grunnkretsnummer":"33140404","grunnkretsnavn":"Sentrum nord-Hellefoss","delomradenummer":"331404","delomradenavn":"Hokksund Øst","kommunenummer":"3314"}},{"type":"Polygon","arcs":[[832,-782,-829,833,-758,-830,834,-808,-345,-797,835,836]],"properties":{"grunnkretsnummer":"33140302","grunnkretsnavn":"Varlo","delomradenummer":"331403","delomradenavn":"Hokksund Vest","kommunenummer":"3314"}},{"type":"Polygon","arcs":[[837,838,839,-818,840,841,842]],"properties":{"grunnkretsnummer":"33140106","grunnkretsnavn":"Mastebogen","delomradenummer":"331401","delomradenavn":"Fiskum","kommunenummer":"3314"}},{"type":"Polygon","arcs":[[-809,-835,-832,-343,843]],"properties":{"grunnkretsnummer":"33140308","grunnkretsnavn":"Kantum-Hoen","delomradenummer":"331403","delomradenavn":"Hokksund Vest","kommunenummer":"3314"}},{"type":"Polygon","arcs":[[844,-356,845,846,847,848]],"properties":{"grunnkretsnummer":"33140101","grunnkretsnavn":"Lurdalen","delomradenummer":"331401","delomradenavn":"Fiskum","kommunenummer":"3314"}},{"type":"Polygon","arcs":[[-844,-342,849,-772,-347,-810]],"properties":{"grunnkretsnummer":"33140307","grunnkretsnavn":"Semsmoen-Sundmoen","delomradenummer":"331403","delomradenavn":"Hokksund Vest","kommunenummer":"3314"}},{"type":"Polygon","arcs":[[850,851,-759,-834,-828]],"properties":{"grunnkretsnummer":"33140507","grunnkretsnavn":"Skar","delomradenummer":"331405","delomradenavn":"Skotselv","kommunenummer":"3314"}},{"type":"Polygon","arcs":[[852,853,854,-45,855,856,857]],"properties":{"grunnkretsnummer":"33010710","grunnkretsnavn":"Tangen-Åskollen 10","delomradenummer":"330107","delomradenavn":"Tangen - Åskollen","kommunenummer":"3301"}},{"type":"Polygon","arcs":[[-512,858,859,860]],"properties":{"grunnkretsnummer":"33010707","grunnkretsnavn":"Tangen-Åskollen 7","delomradenummer":"330107","delomradenavn":"Tangen - Åskollen","kommunenummer":"3301"}},{"type":"Polygon","arcs":[[-588,861,862,863]],"properties":{"grunnkretsnummer":"33010804","grunnkretsnavn":"Danvik-Fjell 4","delomradenummer":"330108","delomradenavn":"Danvik - Fjell","kommunenummer":"3301"}},{"type":"Polygon","arcs":[[864,-362,-799,-774]],"properties":{"grunnkretsnummer":"33140204","grunnkretsnavn":"Vestfossen","delomradenummer":"331402","delomradenavn":"Vestfossen","kommunenummer":"3314"}},{"type":"Polygon","arcs":[[-361,-792,865,-800]],"properties":{"grunnkretsnummer":"33140203","grunnkretsnavn":"Island","delomradenummer":"331402","delomradenavn":"Vestfossen","kommunenummer":"3314"}},{"type":"Polygon","arcs":[[-349,-771,866]],"properties":{"grunnkretsnummer":"33140303","grunnkretsnavn":"Ormåsen","delomradenummer":"331403","delomradenavn":"Hokksund Vest","kommunenummer":"3314"}},{"type":"Polygon","arcs":[[-365,-801,-866,-791,-788,867,-841,-817]],"properties":{"grunnkretsnummer":"33140209","grunnkretsnavn":"Brekke","delomradenummer":"331402","delomradenavn":"Vestfossen","kommunenummer":"3314"}},{"type":"Polygon","arcs":[[868,-851,-827,-777,-370,869]],"properties":{"grunnkretsnummer":"33140506","grunnkretsnavn":"Dramdal","delomradenummer":"331405","delomradenavn":"Skotselv","kommunenummer":"3314"}},{"type":"Polygon","arcs":[[-764,-825,870]],"properties":{"grunnkretsnummer":"33140402","grunnkretsnavn":"Ullern-Hobbelstad","delomradenummer":"331404","delomradenavn":"Hokksund Øst","kommunenummer":"3314"}},{"type":"Polygon","arcs":[[-811,-339,-297,871,-820]],"properties":{"grunnkretsnummer":"33140408","grunnkretsnavn":"Loesmoen syd","delomradenummer":"331404","delomradenavn":"Hokksund Øst","kommunenummer":"3314"}},{"type":"Polygon","arcs":[[-836,-798,-350,-867,-770,872]],"properties":{"grunnkretsnummer":"33140301","grunnkretsnavn":"Himsjø","delomradenummer":"331403","delomradenavn":"Hokksund Vest","kommunenummer":"3314"}},{"type":"Polygon","arcs":[[-757,-871,-824,-831]],"properties":{"grunnkretsnummer":"33140403","grunnkretsnavn":"Vendelborg","delomradenummer":"331404","delomradenavn":"Hokksund Øst","kommunenummer":"3314"}},{"type":"Polygon","arcs":[[-341,-813,-357,-865,-773,-850]],"properties":{"grunnkretsnummer":"33140409","grunnkretsnavn":"Sem","delomradenummer":"331404","delomradenavn":"Hokksund Øst","kommunenummer":"3314"}},{"type":"Polygon","arcs":[[873,874,-328,-2173,2193,2194,877]],"properties":{"grunnkretsnummer":"33011605","grunnkretsnavn":"Juveområdet","delomradenummer":"330116","delomradenavn":"Svelvik","kommunenummer":"3301"}},{"type":"Polygon","arcs":[[878,-707,-479,-34,879,880,-632]],"properties":{"grunnkretsnummer":"33010304","grunnkretsnavn":"Bragernes sentrum 4","delomradenummer":"330103","delomradenavn":"Bragernes Sentrum","kommunenummer":"3301"}},{"type":"Polygon","arcs":[[881,882,883,884,885,-626]],"properties":{"grunnkretsnummer":"33011047","grunnkretsnavn":"Konnerud 47","delomradenummer":"330110","delomradenavn":"Konnerud","kommunenummer":"3301"}},{"type":"Polygon","arcs":[[886,-815,-500,-472,887,-705,-225]],"properties":{"grunnkretsnummer":"33010311","grunnkretsnavn":"Bragernes sentrum 11","delomradenummer":"330103","delomradenavn":"Bragernes Sentrum","kommunenummer":"3301"}},{"type":"Polygon","arcs":[[888,2195,2196,892,893,894,-527]],"properties":{"grunnkretsnummer":"33010718","grunnkretsnavn":"Tangen-Åskollen 18","delomradenummer":"330107","delomradenavn":"Tangen - Åskollen","kommunenummer":"3301"}},{"type":"Polygon","arcs":[[895,896,897,-530]],"properties":{"grunnkretsnummer":"33011205","grunnkretsnavn":"Tunvoll-Løkkemoveien","delomradenummer":"330112","delomradenavn":"Solbergelva","kommunenummer":"3301"}},{"type":"Polygon","arcs":[[-377,898,899,900,-496,901,902]],"properties":{"grunnkretsnummer":"33011011","grunnkretsnavn":"Konnerud 11","delomradenummer":"330110","delomradenavn":"Konnerud","kommunenummer":"3301"}},{"type":"Polygon","arcs":[[-38,903,904,905,906]],"properties":{"grunnkretsnummer":"33010501","grunnkretsnavn":"Gulskogen-Sundhaugen 1","delomradenummer":"330105","delomradenavn":"Gulskogen - Sundhaugen","kommunenummer":"3301"}},{"type":"Polygon","arcs":[[907,908,909,910]],"properties":{"grunnkretsnummer":"33010912","grunnkretsnavn":"Skoger 12","delomradenummer":"330109","delomradenavn":"Skoger","kommunenummer":"3301"}},{"type":"Polygon","arcs":[[911,912,913,914,915,916]],"properties":{"grunnkretsnummer":"33010208","grunnkretsnavn":"Øren-Underlia 8","delomradenummer":"330102","delomradenavn":"Øren - Underlia","kommunenummer":"3301"}},{"type":"Polygon","arcs":[[-706,-888,-476,917,-478]],"properties":{"grunnkretsnummer":"33010306","grunnkretsnavn":"Bragernes sentrum 6","delomradenummer":"330103","delomradenavn":"Bragernes Sentrum","kommunenummer":"3301"}},{"type":"Polygon","arcs":[[918,919,-896,-533,920,921,922,923]],"properties":{"grunnkretsnummer":"33011210","grunnkretsnavn":"Solbergfjell-Bråtan","delomradenummer":"330112","delomradenavn":"Solbergelva","kommunenummer":"3301"}},{"type":"Polygon","arcs":[[924,925,926,927,928,929]],"properties":{"grunnkretsnummer":"33010130","grunnkretsnavn":"Åssiden 30","delomradenummer":"330101","delomradenavn":"Åssiden","kommunenummer":"3301"}},{"type":"Polygon","arcs":[[930,-471,-46,931,932]],"properties":{"grunnkretsnummer":"33010813","grunnkretsnavn":"Danvik-Fjell 13","delomradenummer":"330108","delomradenavn":"Danvik - Fjell","kommunenummer":"3301"}},{"type":"Polygon","arcs":[[933,2197,2198,2199,938,939,940,941]],"properties":{"grunnkretsnummer":"33011601","grunnkretsnavn":"Høien","delomradenummer":"330116","delomradenavn":"Svelvik","kommunenummer":"3301"}},{"type":"Polygon","arcs":[[942,943,944,945,946,947]],"properties":{"grunnkretsnummer":"33011410","grunnkretsnavn":"Skomakerbråten-Åsen gamle skole","delomradenummer":"330114","delomradenavn":"Mjøndalen","kommunenummer":"3301"}},{"type":"Polygon","arcs":[[948,949,950,951,-311]],"properties":{"grunnkretsnummer":"33010126","grunnkretsnavn":"Åssiden 26","delomradenummer":"330101","delomradenavn":"Åssiden","kommunenummer":"3301"}},{"type":"Polygon","arcs":[[952,953,954,955,-421]],"properties":{"grunnkretsnummer":"33011040","grunnkretsnavn":"Konnerud 40","delomradenummer":"330110","delomradenavn":"Konnerud","kommunenummer":"3301"}},{"type":"Polygon","arcs":[[-919,956,-112,-234,957,-729,958,959,960]],"properties":{"grunnkretsnummer":"33011211","grunnkretsnavn":"Vasshella-Vrangen","delomradenummer":"330112","delomradenavn":"Solbergelva","kommunenummer":"3301"}},{"type":"Polygon","arcs":[[961,962,-694,-619,963]],"properties":{"grunnkretsnummer":"33010508","grunnkretsnavn":"Gulskogen-Sundhaugen 8","delomradenummer":"330105","delomradenavn":"Gulskogen - Sundhaugen","kommunenummer":"3301"}},{"type":"Polygon","arcs":[[-484,-489,964,965,966,967,968,-375,969]],"properties":{"grunnkretsnummer":"33010514","grunnkretsnavn":"Gulskogen-Sundhaugen 14","delomradenummer":"330105","delomradenavn":"Gulskogen - Sundhaugen","kommunenummer":"3301"}},{"type":"Polygon","arcs":[[970,971,972,973,974,975]],"properties":{"grunnkretsnummer":"33010907","grunnkretsnavn":"Skoger 7","delomradenummer":"330109","delomradenavn":"Skoger","kommunenummer":"3301"}},{"type":"Polygon","arcs":[[976,977,978,979]],"properties":{"grunnkretsnummer":"33010922","grunnkretsnavn":"Skoger 22","delomradenummer":"330109","delomradenavn":"Skoger","kommunenummer":"3301"}},{"type":"Polygon","arcs":[[980,981,-629,982]],"properties":{"grunnkretsnummer":"33011030","grunnkretsnavn":"Konnerud 30","delomradenummer":"330110","delomradenavn":"Konnerud","kommunenummer":"3301"}},{"type":"Polygon","arcs":[[-727,983,984,985,986,987]],"properties":{"grunnkretsnummer":"33010115","grunnkretsnavn":"Åssiden 15","delomradenummer":"330101","delomradenavn":"Åssiden","kommunenummer":"3301"}},{"type":"Polygon","arcs":[[-36,-918,-475,988,989]],"properties":{"grunnkretsnummer":"33010302","grunnkretsnavn":"Bragernes sentrum 2","delomradenummer":"330103","delomradenavn":"Bragernes Sentrum","kommunenummer":"3301"}},{"type":"Polygon","arcs":[[-796,990,991,-984]],"properties":{"grunnkretsnummer":"33010116","grunnkretsnavn":"Åssiden 16","delomradenummer":"330101","delomradenavn":"Åssiden","kommunenummer":"3301"}},{"type":"Polygon","arcs":[[992,-255,993,994,-794]],"properties":{"grunnkretsnummer":"33010137","grunnkretsnavn":"Åssiden 37","delomradenummer":"330101","delomradenavn":"Åssiden","kommunenummer":"3301"}},{"type":"Polygon","arcs":[[-728,-988,995,996,997,-959]],"properties":{"grunnkretsnummer":"33010103","grunnkretsnavn":"Åssiden 3","delomradenummer":"330101","delomradenavn":"Åssiden","kommunenummer":"3301"}},{"type":"Polygon","arcs":[[-703,998,999,-745,-104]],"properties":{"grunnkretsnummer":"33010404","grunnkretsnavn":"Fjellheim 4","delomradenummer":"330104","delomradenavn":"Fjellheim","kommunenummer":"3301"}},{"type":"Polygon","arcs":[[1000,1001,1002,-737]],"properties":{"grunnkretsnummer":"33010801","grunnkretsnavn":"Danvik-Fjell 1","delomradenummer":"330108","delomradenavn":"Danvik - Fjell","kommunenummer":"3301"}},{"type":"Polygon","arcs":[[-996,-987,1003,1004,1005,1006,1007]],"properties":{"grunnkretsnummer":"33010111","grunnkretsnavn":"Åssiden 11","delomradenummer":"330101","delomradenavn":"Åssiden","kommunenummer":"3301"}},{"type":"Polygon","arcs":[[-628,-418,1008,1009,1010]],"properties":{"grunnkretsnummer":"33011038","grunnkretsnavn":"Konnerud 38","delomradenummer":"330110","delomradenavn":"Konnerud","kommunenummer":"3301"}},{"type":"Polygon","arcs":[[1011,-623,1012,1013,-900]],"properties":{"grunnkretsnummer":"33011012","grunnkretsnavn":"Konnerud 12","delomradenummer":"330110","delomradenavn":"Konnerud","kommunenummer":"3301"}},{"type":"Polygon","arcs":[[1014,-863,1015,1016,1017,1018]],"properties":{"grunnkretsnummer":"33010809","grunnkretsnavn":"Danvik-Fjell 9","delomradenummer":"330108","delomradenavn":"Danvik - Fjell","kommunenummer":"3301"}},{"type":"Polygon","arcs":[[-720,1019,1020,1021]],"properties":{"grunnkretsnummer":"33010920","grunnkretsnavn":"Skoger 20","delomradenummer":"330109","delomradenavn":"Skoger","kommunenummer":"3301"}},{"type":"Polygon","arcs":[[-904,-37,-990,1022,1023,1024]],"properties":{"grunnkretsnummer":"33010601","grunnkretsnavn":"Strømsø 1","delomradenummer":"330106","delomradenavn":"Strømsø","kommunenummer":"3301"}},{"type":"Polygon","arcs":[[1025,1026,1027,1028,-466,-931,1029,-1017]],"properties":{"grunnkretsnummer":"33010810","grunnkretsnavn":"Danvik-Fjell 10","delomradenummer":"330108","delomradenavn":"Danvik - Fjell","kommunenummer":"3301"}},{"type":"Polygon","arcs":[[1030,1031,1032,1033,1034,1035]],"properties":{"grunnkretsnummer":"33011014","grunnkretsnavn":"Konnerud 14","delomradenummer":"330110","delomradenavn":"Konnerud","kommunenummer":"3301"}},{"type":"Polygon","arcs":[[1036,1037,1038,1039,1040,1041,1042]],"properties":{"grunnkretsnummer":"33011201","grunnkretsnavn":"Fallaksøy-Elveveien","delomradenummer":"330112","delomradenavn":"Solbergelva","kommunenummer":"3301"}},{"type":"Polygon","arcs":[[1043,-518,1044,1045,-636]],"properties":{"grunnkretsnummer":"33011023","grunnkretsnavn":"Konnerud 23","delomradenummer":"330110","delomradenavn":"Konnerud","kommunenummer":"3301"}},{"type":"Polygon","arcs":[[1046,1047,1048,1049,1050,-712]],"properties":{"grunnkretsnummer":"33011001","grunnkretsnavn":"Konnerud 1","delomradenummer":"330110","delomradenavn":"Konnerud","kommunenummer":"3301"}},{"type":"Polygon","arcs":[[-928,1051,-915,1052,-630,1053,1054]],"properties":{"grunnkretsnummer":"33010206","grunnkretsnavn":"Øren-Underlia 6","delomradenummer":"330102","delomradenavn":"Øren - Underlia","kommunenummer":"3301"}},{"type":"Polygon","arcs":[[1055,1056,-642,1057,1058,1059,1060]],"properties":{"grunnkretsnummer":"33011050","grunnkretsnavn":"Konnerud 50","delomradenummer":"330110","delomradenavn":"Konnerud","kommunenummer":"3301"}},{"type":"Polygon","arcs":[[1061,1062,1063,1064,-41,-855]],"properties":{"grunnkretsnummer":"33010711","grunnkretsnavn":"Tangen-Åskollen 11","delomradenummer":"330107","delomradenavn":"Tangen - Åskollen","kommunenummer":"3301"}},{"type":"Polygon","arcs":[[1065,1066,1067,1068,1069]],"properties":{"grunnkretsnummer":"33010201","grunnkretsnavn":"Øren-Underlia 1","delomradenummer":"330102","delomradenavn":"Øren - Underlia","kommunenummer":"3301"}},{"type":"Polygon","arcs":[[-301,1070,-505,1071,-821,-872]],"properties":{"grunnkretsnummer":"33011301","grunnkretsnavn":"Loesøya-Steinberg stasjon","delomradenummer":"330113","delomradenavn":"Steinberg","kommunenummer":"3301"}},{"type":"Polygon","arcs":[[-300,-762,1072,1073,1074,-506,-1071]],"properties":{"grunnkretsnummer":"33011101","grunnkretsnavn":"Horgen-Brekke","delomradenummer":"330111","delomradenavn":"Krokstadelva","kommunenummer":"3301"}},{"type":"Polygon","arcs":[[-1072,-509,1075,1076,1077,-822]],"properties":{"grunnkretsnummer":"33011303","grunnkretsnavn":"Skistad-Skalpe","delomradenummer":"330113","delomradenavn":"Steinberg","kommunenummer":"3301"}},{"type":"Polygon","arcs":[[1078,-947,1079,-716,-748,1080]],"properties":{"grunnkretsnummer":"33011412","grunnkretsnavn":"Åsendammen-Svarttjern","delomradenummer":"330114","delomradenavn":"Mjøndalen","kommunenummer":"3301"}},{"type":"Polygon","arcs":[[1081,-499,1082,-644]],"properties":{"grunnkretsnummer":"33011016","grunnkretsnavn":"Konnerud 16","delomradenummer":"330110","delomradenavn":"Konnerud","kommunenummer":"3301"}},{"type":"Polygon","arcs":[[-738,-1003,-589,-864,-1015,1083,1084]],"properties":{"grunnkretsnummer":"33010803","grunnkretsnavn":"Danvik-Fjell 3","delomradenummer":"330108","delomradenavn":"Danvik - Fjell","kommunenummer":"3301"}},{"type":"Polygon","arcs":[[-1049,1085,1086,1087,1088,1089,1090]],"properties":{"grunnkretsnummer":"33011006","grunnkretsnavn":"Konnerud 6","delomradenummer":"330110","delomradenavn":"Konnerud","kommunenummer":"3301"}},{"type":"Polygon","arcs":[[1091,-921,-532,1092,-1037,1093,1094,1095]],"properties":{"grunnkretsnummer":"33011203","grunnkretsnavn":"Nedre Eiker kirke-Blåfjellveien","delomradenummer":"330112","delomradenavn":"Solbergelva","kommunenummer":"3301"}},{"type":"Polygon","arcs":[[1096,1097,-948,-1079,1098]],"properties":{"grunnkretsnummer":"33011409","grunnkretsnavn":"Midtåsen","delomradenummer":"330114","delomradenavn":"Mjøndalen","kommunenummer":"3301"}},{"type":"Polygon","arcs":[[1099,-894,1100,-721,-1022,1101]],"properties":{"grunnkretsnummer":"33010921","grunnkretsnavn":"Skoger 21","delomradenummer":"330109","delomradenavn":"Skoger","kommunenummer":"3301"}},{"type":"Polygon","arcs":[[1104,1105,1106,-939,-2200,2200]],"properties":{"grunnkretsnummer":"33011504","grunnkretsnavn":"Sand","delomradenummer":"330115","delomradenavn":"Berger","kommunenummer":"3301"}},{"type":"Polygon","arcs":[[-1084,-1019,1107,1108,1109,1110]],"properties":{"grunnkretsnummer":"33010808","grunnkretsnavn":"Danvik-Fjell 8","delomradenummer":"330108","delomradenavn":"Danvik - Fjell","kommunenummer":"3301"}},{"type":"Polygon","arcs":[[-985,-992,1111,1112,-697,1113]],"properties":{"grunnkretsnummer":"33010138","grunnkretsnavn":"Åssiden 38","delomradenummer":"330101","delomradenavn":"Åssiden","kommunenummer":"3301"}},{"type":"Polygon","arcs":[[-2171,-323,-649,-2180,2201]],"properties":{"grunnkretsnummer":"33011702","grunnkretsnavn":"Tangen-Skjæret","delomradenummer":"330117","delomradenavn":"Nesbygda","kommunenummer":"3301"}},{"type":"Polygon","arcs":[[2202,1118,1119,1120,2203,2204]],"properties":{"grunnkretsnummer":"33011606","grunnkretsnavn":"Søndre Svelvik","delomradenummer":"330116","delomradenavn":"Svelvik","kommunenummer":"3301"}},{"type":"Polygon","arcs":[[-1109,1122,-932,-50,1123,-302,1124]],"properties":{"grunnkretsnummer":"33010812","grunnkretsnavn":"Danvik-Fjell 12","delomradenummer":"330108","delomradenavn":"Danvik - Fjell","kommunenummer":"3301"}},{"type":"Polygon","arcs":[[1125,-513,-861,1126,1127]],"properties":{"grunnkretsnummer":"33010702","grunnkretsnavn":"Tangen-Åskollen 2","delomradenummer":"330107","delomradenavn":"Tangen - Åskollen","kommunenummer":"3301"}},{"type":"Polygon","arcs":[[1128,1129,-908,1130,1131,1132]],"properties":{"grunnkretsnummer":"33010911","grunnkretsnavn":"Skoger 11","delomradenummer":"330109","delomradenavn":"Skoger","kommunenummer":"3301"}},{"type":"Polygon","arcs":[[1133,1134,1135,1136]],"properties":{"grunnkretsnummer":"33010914","grunnkretsnavn":"Skoger 14","delomradenummer":"330109","delomradenavn":"Skoger","kommunenummer":"3301"}},{"type":"Polygon","arcs":[[1137,1138,1139,-1039,1140]],"properties":{"grunnkretsnummer":"33011207","grunnkretsnavn":"Fjellveien-Tollefshagen","delomradenummer":"330112","delomradenavn":"Solbergelva","kommunenummer":"3301"}},{"type":"Polygon","arcs":[[1141,1142,1143,-507,-1075]],"properties":{"grunnkretsnummer":"33011102","grunnkretsnavn":"Krokstadjordet-Løkka","delomradenummer":"330111","delomradenavn":"Krokstadelva","kommunenummer":"3301"}},{"type":"Polygon","arcs":[[-1009,-424,1144,1145,1146]],"properties":{"grunnkretsnummer":"33011037","grunnkretsnavn":"Konnerud 37","delomradenummer":"330110","delomradenavn":"Konnerud","kommunenummer":"3301"}},{"type":"Polygon","arcs":[[-1089,1147,1148,1149,1150,1151]],"properties":{"grunnkretsnummer":"33011004","grunnkretsnavn":"Konnerud 4","delomradenummer":"330110","delomradenavn":"Konnerud","kommunenummer":"3301"}},{"type":"Polygon","arcs":[[-1145,-423,1152,1153]],"properties":{"grunnkretsnummer":"33010924","grunnkretsnavn":"Skoger 24","delomradenummer":"330109","delomradenavn":"Skoger","kommunenummer":"3301"}},{"type":"Polygon","arcs":[[-1007,1154,1155,1156,-481,1157]],"properties":{"grunnkretsnummer":"33010107","grunnkretsnavn":"Åssiden 7","delomradenummer":"330101","delomradenavn":"Åssiden","kommunenummer":"3301"}},{"type":"Polygon","arcs":[[-889,-526,-42,-1065,1158,2205]],"properties":{"grunnkretsnummer":"33010716","grunnkretsnavn":"Tangen-Åskollen 16","delomradenummer":"330107","delomradenavn":"Tangen - Åskollen","kommunenummer":"3301"}},{"type":"Polygon","arcs":[[1160,-1056,1161,1162,-516]],"properties":{"grunnkretsnummer":"33011052","grunnkretsnavn":"Konnerud 52","delomradenummer":"330110","delomradenavn":"Konnerud","kommunenummer":"3301"}},{"type":"Polygon","arcs":[[1163,-916,-1052,-927,1164]],"properties":{"grunnkretsnummer":"33010132","grunnkretsnavn":"Åssiden 32","delomradenummer":"330101","delomradenavn":"Åssiden","kommunenummer":"3301"}},{"type":"Polygon","arcs":[[1165,1166,-1156,1167]],"properties":{"grunnkretsnummer":"33010109","grunnkretsnavn":"Åssiden 9","delomradenummer":"330101","delomradenavn":"Åssiden","kommunenummer":"3301"}},{"type":"Polygon","arcs":[[1168,1169,1170,-962,1171]],"properties":{"grunnkretsnummer":"33010509","grunnkretsnavn":"Gulskogen-Sundhaugen 9","delomradenummer":"330105","delomradenavn":"Gulskogen - Sundhaugen","kommunenummer":"3301"}},{"type":"Polygon","arcs":[[1172,-493,-954,1173,-885]],"properties":{"grunnkretsnummer":"33011043","grunnkretsnavn":"Konnerud 43","delomradenummer":"330110","delomradenavn":"Konnerud","kommunenummer":"3301"}},{"type":"Polygon","arcs":[[1174,1175,1176,1177,1178]],"properties":{"grunnkretsnummer":"33011403","grunnkretsnavn":"Hatten-Drammensveien","delomradenummer":"330114","delomradenavn":"Mjøndalen","kommunenummer":"3301"}},{"type":"Polygon","arcs":[[1179,1180,-806,1181,1182,-1142,-1074]],"properties":{"grunnkretsnummer":"33011108","grunnkretsnavn":"Lysaker Gård-Langløkka","delomradenummer":"330111","delomradenavn":"Krokstadelva","kommunenummer":"3301"}},{"type":"Polygon","arcs":[[-740,1183,1184,-1058,-641]],"properties":{"grunnkretsnummer":"33010806","grunnkretsnavn":"Danvik-Fjell 6","delomradenummer":"330108","delomradenavn":"Danvik - Fjell","kommunenummer":"3301"}},{"type":"Polygon","arcs":[[-704,1185,-913,1186,-253]],"properties":{"grunnkretsnummer":"33010209","grunnkretsnavn":"Øren-Underlia 9","delomradenummer":"330102","delomradenavn":"Øren - Underlia","kommunenummer":"3301"}},{"type":"Polygon","arcs":[[1187,-709,-1080,-946]],"properties":{"grunnkretsnummer":"33011411","grunnkretsnavn":"Åsenområdet felt A,B og C","delomradenummer":"330114","delomradenavn":"Mjøndalen","kommunenummer":"3301"}},{"type":"Polygon","arcs":[[1188,1189,1190,-1132,1191,1192,1193,1194,-750]],"properties":{"grunnkretsnummer":"33010901","grunnkretsnavn":"Skoger 1","delomradenummer":"330109","delomradenavn":"Skoger","kommunenummer":"3301"}},{"type":"Polygon","arcs":[[-719,-2187,2206,-2181,-651,1196]],"properties":{"grunnkretsnummer":"33010721","grunnkretsnavn":"Tangen-Åskollen 21","delomradenummer":"330107","delomradenavn":"Tangen - Åskollen","kommunenummer":"3301"}},{"type":"Polygon","arcs":[[-1076,-508,-1144,1197,1198,1199,1200,-1175,1201]],"properties":{"grunnkretsnummer":"33011401","grunnkretsnavn":"Eker Papirfabrikk-Renseanlegget","delomradenummer":"330114","delomradenavn":"Mjøndalen","kommunenummer":"3301"}},{"type":"Polygon","arcs":[[-650,-321,1202,1203,1204,-1020,-1197]],"properties":{"grunnkretsnummer":"33010919","grunnkretsnavn":"Skoger 19","delomradenummer":"330109","delomradenavn":"Skoger","kommunenummer":"3301"}},{"type":"Polygon","arcs":[[1205,-880,-40,1206,-1067]],"properties":{"grunnkretsnummer":"33010203","grunnkretsnavn":"Øren-Underlia 3","delomradenummer":"330102","delomradenavn":"Øren - Underlia","kommunenummer":"3301"}},{"type":"Polygon","arcs":[[-1033,1207,-646,-521]],"properties":{"grunnkretsnummer":"33011018","grunnkretsnavn":"Konnerud 18","delomradenummer":"330110","delomradenavn":"Konnerud","kommunenummer":"3301"}},{"type":"Polygon","arcs":[[1208,-700,-308,1209,1210]],"properties":{"grunnkretsnummer":"33010113","grunnkretsnavn":"Åssiden 13","delomradenummer":"330101","delomradenavn":"Åssiden","kommunenummer":"3301"}},{"type":"Polygon","arcs":[[1211,-997,-1008,-1158,-480,1212,1213]],"properties":{"grunnkretsnummer":"33010102","grunnkretsnavn":"Åssiden 2","delomradenummer":"330101","delomradenavn":"Åssiden","kommunenummer":"3301"}},{"type":"Polygon","arcs":[[-1167,1214,-1210,-315,-482,-1157]],"properties":{"grunnkretsnummer":"33010110","grunnkretsnavn":"Åssiden 10","delomradenummer":"330101","delomradenavn":"Åssiden","kommunenummer":"3301"}},{"type":"Polygon","arcs":[[-1050,-1091,1215]],"properties":{"grunnkretsnummer":"33011002","grunnkretsnavn":"Konnerud 2","delomradenummer":"330110","delomradenavn":"Konnerud","kommunenummer":"3301"}},{"type":"Polygon","arcs":[[-224,-816,-887]],"properties":{"grunnkretsnummer":"33010408","grunnkretsnavn":"Fjellheim 8","delomradenummer":"330104","delomradenavn":"Fjellheim","kommunenummer":"3301"}},{"type":"Polygon","arcs":[[-1176,-1201,1216,-944,1217]],"properties":{"grunnkretsnummer":"33011404","grunnkretsnavn":"Hagatjernsveien-Fjerdingen","delomradenummer":"330114","delomradenavn":"Mjøndalen","kommunenummer":"3301"}},{"type":"Polygon","arcs":[[-517,-1163,1218,1219,-883,1220]],"properties":{"grunnkretsnummer":"33011048","grunnkretsnavn":"Konnerud 48","delomradenummer":"330110","delomradenavn":"Konnerud","kommunenummer":"3301"}},{"type":"Polygon","arcs":[[-857,1221,-528,-895,-1100,1222,1223]],"properties":{"grunnkretsnummer":"33010917","grunnkretsnavn":"Skoger 17","delomradenummer":"330109","delomradenavn":"Skoger","kommunenummer":"3301"}},{"type":"Polygon","arcs":[[-378,-903,1224,1225,1226]],"properties":{"grunnkretsnummer":"33011010","grunnkretsnavn":"Konnerud 10","delomradenummer":"330110","delomradenavn":"Konnerud","kommunenummer":"3301"}},{"type":"Polygon","arcs":[[-950,1227,1228,1229,-966,1230]],"properties":{"grunnkretsnummer":"33010120","grunnkretsnavn":"Åssiden 20","delomradenummer":"330101","delomradenavn":"Åssiden","kommunenummer":"3301"}},{"type":"Polygon","arcs":[[1231,1232,1233,1234,-1149]],"properties":{"grunnkretsnummer":"33011025","grunnkretsnavn":"Konnerud 25","delomradenummer":"330110","delomradenavn":"Konnerud","kommunenummer":"3301"}},{"type":"Polygon","arcs":[[-952,1235,-487,-312]],"properties":{"grunnkretsnummer":"33010125","grunnkretsnavn":"Åssiden 25","delomradenummer":"330101","delomradenavn":"Åssiden","kommunenummer":"3301"}},{"type":"Polygon","arcs":[[-524,-637,-1046,1236,-981,1237,-1233]],"properties":{"grunnkretsnummer":"33011024","grunnkretsnavn":"Konnerud 24","delomradenummer":"330110","delomradenavn":"Konnerud","kommunenummer":"3301"}},{"type":"Polygon","arcs":[[1238,-733,1239,1240,-859,-511]],"properties":{"grunnkretsnummer":"33010705","grunnkretsnavn":"Tangen-Åskollen 5","delomradenummer":"330107","delomradenavn":"Tangen - Åskollen","kommunenummer":"3301"}},{"type":"Polygon","arcs":[[-795,-995,1241,1242,1243,1244,-1112,-991]],"properties":{"grunnkretsnummer":"33010133","grunnkretsnavn":"Åssiden 33","delomradenummer":"330101","delomradenavn":"Åssiden","kommunenummer":"3301"}},{"type":"MultiPolygon","arcs":[[[-318,-504,-746,-1000,1245,-2184,2207,2208,1247]],[[-2185,-382,-2174,2209]]],"properties":{"grunnkretsnummer":"33010401","grunnkretsnavn":"Fjellheim 1","delomradenummer":"330104","delomradenavn":"Fjellheim","kommunenummer":"3301"}},{"type":"Polygon","arcs":[[-48,-470,1248]],"properties":{"grunnkretsnummer":"33010816","grunnkretsnavn":"Danvik-Fjell 16","delomradenummer":"330108","delomradenavn":"Danvik - Fjell","kommunenummer":"3301"}},{"type":"Polygon","arcs":[[-1226,1249,-1036,1250,1251]],"properties":{"grunnkretsnummer":"33011009","grunnkretsnavn":"Konnerud 9","delomradenummer":"330110","delomradenavn":"Konnerud","kommunenummer":"3301"}},{"type":"Polygon","arcs":[[1252,-980,1253,1254]],"properties":{"grunnkretsnummer":"33010903","grunnkretsnavn":"Skoger 3","delomradenummer":"330109","delomradenavn":"Skoger","kommunenummer":"3301"}},{"type":"Polygon","arcs":[[1255,-1059,1256,-491]],"properties":{"grunnkretsnummer":"33011045","grunnkretsnavn":"Konnerud 45","delomradenummer":"330110","delomradenavn":"Konnerud","kommunenummer":"3301"}},{"type":"Polygon","arcs":[[1259,1260,2210,2211]],"properties":{"grunnkretsnummer":"33011501","grunnkretsnavn":"Berger","delomradenummer":"330115","delomradenavn":"Berger","kommunenummer":"3301"}},{"type":"Polygon","arcs":[[1262,-731,-2190,2212,2213,1264]],"properties":{"grunnkretsnummer":"33010714","grunnkretsnavn":"Tangen-Åskollen 14","delomradenummer":"330107","delomradenavn":"Tangen - Åskollen","kommunenummer":"3301"}},{"type":"Polygon","arcs":[[1265,1266,-976,-1153,-422,-956]],"properties":{"grunnkretsnummer":"33010925","grunnkretsnavn":"Skoger 25","delomradenummer":"330109","delomradenavn":"Skoger","kommunenummer":"3301"}},{"type":"Polygon","arcs":[[-893,-2197,2214,-2188,-722,-1101]],"properties":{"grunnkretsnummer":"33010719","grunnkretsnavn":"Tangen-Åskollen 19","delomradenummer":"330107","delomradenavn":"Tangen - Åskollen","kommunenummer":"3301"}},{"type":"Polygon","arcs":[[-1250,-1225,-902,-495,1268,-1031]],"properties":{"grunnkretsnummer":"33011013","grunnkretsnavn":"Konnerud 13","delomradenummer":"330110","delomradenavn":"Konnerud","kommunenummer":"3301"}},{"type":"Polygon","arcs":[[-969,1269,-899,-376]],"properties":{"grunnkretsnummer":"33010512","grunnkretsnavn":"Gulskogen-Sundhaugen 12","delomradenummer":"330105","delomradenavn":"Gulskogen - Sundhaugen","kommunenummer":"3301"}},{"type":"Polygon","arcs":[[1270,-973,1271,-1133,-1191,1272]],"properties":{"grunnkretsnummer":"33010906","grunnkretsnavn":"Skoger 6","delomradenummer":"330109","delomradenavn":"Skoger","kommunenummer":"3301"}},{"type":"Polygon","arcs":[[-886,-1174,-953,-420,-627]],"properties":{"grunnkretsnummer":"33011042","grunnkretsnavn":"Konnerud 42","delomradenummer":"330110","delomradenavn":"Konnerud","kommunenummer":"3301"}},{"type":"Polygon","arcs":[[-852,-869,-113,-957,-924,1273,-803,1274,-760]],"properties":{"grunnkretsnummer":"33011112","grunnkretsnavn":"Borgetjern","delomradenummer":"330111","delomradenavn":"Krokstadelva","kommunenummer":"3301"}},{"type":"Polygon","arcs":[[-739,-1085,-1111,1275,-1184]],"properties":{"grunnkretsnummer":"33010807","grunnkretsnavn":"Danvik-Fjell 7","delomradenummer":"330108","delomradenavn":"Danvik - Fjell","kommunenummer":"3301"}},{"type":"Polygon","arcs":[[1276,-1060,-1256,-490,-1173,-884,-1220]],"properties":{"grunnkretsnummer":"33011046","grunnkretsnavn":"Konnerud 46","delomradenummer":"330110","delomradenavn":"Konnerud","kommunenummer":"3301"}},{"type":"Polygon","arcs":[[-714,1277,-1151,1278,1279,-1255,1280,1281,-1189,-749]],"properties":{"grunnkretsnummer":"33010902","grunnkretsnavn":"Skoger 2","delomradenummer":"330109","delomradenavn":"Skoger","kommunenummer":"3301"}},{"type":"Polygon","arcs":[[1282,-429,-584,-1023]],"properties":{"grunnkretsnummer":"33010604","grunnkretsnavn":"Strømsø 4","delomradenummer":"330106","delomradenavn":"Strømsø","kommunenummer":"3301"}},{"type":"Polygon","arcs":[[-961,1283,-1138,1284,-897,-920]],"properties":{"grunnkretsnummer":"33011206","grunnkretsnavn":"Spinnerikroken-Ulverudbekken","delomradenummer":"330112","delomradenavn":"Solbergelva","kommunenummer":"3301"}},{"type":"Polygon","arcs":[[-587,1285,-1026,-1016,-862]],"properties":{"grunnkretsnummer":"33010805","grunnkretsnavn":"Danvik-Fjell 5","delomradenummer":"330108","delomradenavn":"Danvik - Fjell","kommunenummer":"3301"}},{"type":"Polygon","arcs":[[1286,-1069,1287,-1169,-967]],"properties":{"grunnkretsnummer":"33010510","grunnkretsnavn":"Gulskogen-Sundhaugen 10","delomradenummer":"330105","delomradenavn":"Gulskogen - Sundhaugen","kommunenummer":"3301"}},{"type":"Polygon","arcs":[[-1200,1288,-1094,-1043,1289,-710,-1188,-945,-1217]],"properties":{"grunnkretsnummer":"33011408","grunnkretsnavn":"Mihle-Rygh","delomradenummer":"330114","delomradenavn":"Mjøndalen","kommunenummer":"3301"}},{"type":"Polygon","arcs":[[-1006,1290,-1168,-1155]],"properties":{"grunnkretsnummer":"33010108","grunnkretsnavn":"Åssiden 8","delomradenummer":"330101","delomradenavn":"Åssiden","kommunenummer":"3301"}},{"type":"Polygon","arcs":[[1291,1292,2215,2216,-2198,-934,1296,-329,-875]],"properties":{"grunnkretsnummer":"33011602","grunnkretsnavn":"Eik-Skjønheim","delomradenummer":"330116","delomradenavn":"Svelvik","kommunenummer":"3301"}},{"type":"Polygon","arcs":[[-222,-229,-744,-502,-814]],"properties":{"grunnkretsnummer":"33010406","grunnkretsnavn":"Fjellheim 6","delomradenummer":"330104","delomradenavn":"Fjellheim","kommunenummer":"3301"}},{"type":"Polygon","arcs":[[-469,1297,-303,-1124,-49,-1249]],"properties":{"grunnkretsnummer":"33010817","grunnkretsnavn":"Danvik-Fjell 17","delomradenummer":"330108","delomradenavn":"Danvik - Fjell","kommunenummer":"3301"}},{"type":"Polygon","arcs":[[-492,-1257,-1185,1298,-1266,-955]],"properties":{"grunnkretsnummer":"33011041","grunnkretsnavn":"Konnerud 41","delomradenummer":"330110","delomradenavn":"Konnerud","kommunenummer":"3301"}},{"type":"Polygon","arcs":[[1299,-582,-1002]],"properties":{"grunnkretsnummer":"33010603","grunnkretsnavn":"Strømsø 3","delomradenummer":"330106","delomradenavn":"Strømsø","kommunenummer":"3301"}},{"type":"Polygon","arcs":[[1300,-306,1301,1302]],"properties":{"grunnkretsnummer":"33010909","grunnkretsnavn":"Skoger 9","delomradenummer":"330109","delomradenavn":"Skoger","kommunenummer":"3301"}},{"type":"Polygon","arcs":[[1303,1304,-1223,-1102,-1021,-1205,1305,-1135]],"properties":{"grunnkretsnummer":"33010918","grunnkretsnavn":"Skoger 18","delomradenummer":"330109","delomradenavn":"Skoger","kommunenummer":"3301"}},{"type":"Polygon","arcs":[[1306,-1127,1307,-853,1308,-467,-1029]],"properties":{"grunnkretsnummer":"33010703","grunnkretsnavn":"Tangen-Åskollen 3","delomradenummer":"330107","delomradenavn":"Tangen - Åskollen","kommunenummer":"3301"}},{"type":"Polygon","arcs":[[-1182,-805,1309,1310,1311,-1095,-1289,-1199,1312]],"properties":{"grunnkretsnummer":"33011104","grunnkretsnavn":"Prestbråten-Nedre Eiker kirke","delomradenummer":"330111","delomradenavn":"Krokstadelva","kommunenummer":"3301"}},{"type":"Polygon","arcs":[[1313,-905,-1025,1314,-1001,-736,-640,-696]],"properties":{"grunnkretsnummer":"33010502","grunnkretsnavn":"Gulskogen-Sundhaugen 2","delomradenummer":"330105","delomradenavn":"Gulskogen - Sundhaugen","kommunenummer":"3301"}},{"type":"Polygon","arcs":[[1318,2217,2218]],"properties":{"grunnkretsnummer":"33011503","grunnkretsnavn":"Bergeråsen","delomradenummer":"330115","delomradenavn":"Berger","kommunenummer":"3301"}},{"type":"Polygon","arcs":[[-1234,-1238,-983,-1011,1320,1321]],"properties":{"grunnkretsnummer":"33011029","grunnkretsnavn":"Konnerud 29","delomradenummer":"330110","delomradenavn":"Konnerud","kommunenummer":"3301"}},{"type":"Polygon","arcs":[[-929,-1055,1322,1323,1324]],"properties":{"grunnkretsnummer":"33010123","grunnkretsnavn":"Åssiden 23","delomradenummer":"330101","delomradenavn":"Åssiden","kommunenummer":"3301"}},{"type":"Polygon","arcs":[[1325,1326,-1165,-926,1327]],"properties":{"grunnkretsnummer":"33010131","grunnkretsnavn":"Åssiden 31","delomradenummer":"330101","delomradenavn":"Åssiden","kommunenummer":"3301"}},{"type":"Polygon","arcs":[[-2204,-1121,1330,-878,-2195,2219]],"properties":{"grunnkretsnummer":"33011607","grunnkretsnavn":"Nordre Svelvik","delomradenummer":"330116","delomradenavn":"Svelvik","kommunenummer":"3301"}},{"type":"Polygon","arcs":[[-1177,-1218,-943,-1098,1331]],"properties":{"grunnkretsnummer":"33011405","grunnkretsnavn":"Solløs-Åkerbråtan","delomradenummer":"330114","delomradenavn":"Mjøndalen","kommunenummer":"3301"}},{"type":"Polygon","arcs":[[2220,1333,-333,-743,-2192,2221]],"properties":{"grunnkretsnummer":"33010608","grunnkretsnavn":"Strømsø 8","delomradenummer":"330106","delomradenavn":"Strømsø","kommunenummer":"3301"}},{"type":"Polygon","arcs":[[-1240,-732,-1263,1334,-1063,1335]],"properties":{"grunnkretsnummer":"33010709","grunnkretsnavn":"Tangen-Åskollen 9","delomradenummer":"330107","delomradenavn":"Tangen - Åskollen","kommunenummer":"3301"}},{"type":"Polygon","arcs":[[1336,-1213,-486,1337,-1041]],"properties":{"grunnkretsnummer":"33010101","grunnkretsnavn":"Åssiden 1","delomradenummer":"330101","delomradenavn":"Åssiden","kommunenummer":"3301"}},{"type":"Polygon","arcs":[[-1010,-1147,1338,-977,1339]],"properties":{"grunnkretsnummer":"33011032","grunnkretsnavn":"Konnerud 32","delomradenummer":"330110","delomradenavn":"Konnerud","kommunenummer":"3301"}},{"type":"Polygon","arcs":[[1340,-1034,-520,1341,-1087]],"properties":{"grunnkretsnummer":"33011007","grunnkretsnavn":"Konnerud 7","delomradenummer":"330110","delomradenavn":"Konnerud","kommunenummer":"3301"}},{"type":"Polygon","arcs":[[-912,1342,1343,-1242,-994,-254,-1187]],"properties":{"grunnkretsnummer":"33010136","grunnkretsnavn":"Åssiden 36","delomradenummer":"330101","delomradenavn":"Åssiden","kommunenummer":"3301"}},{"type":"Polygon","arcs":[[-807,-1181,1344]],"properties":{"grunnkretsnummer":"33011109","grunnkretsnavn":"Hovjordet","delomradenummer":"330111","delomradenavn":"Krokstadelva","kommunenummer":"3301"}},{"type":"Polygon","arcs":[[-44,-529,-1222,-856]],"properties":{"grunnkretsnummer":"33010713","grunnkretsnavn":"Tangen-Åskollen 13","delomradenummer":"330107","delomradenavn":"Tangen - Åskollen","kommunenummer":"3301"}},{"type":"Polygon","arcs":[[-1344,1345,-1326,1346,-1243]],"properties":{"grunnkretsnummer":"33010134","grunnkretsnavn":"Åssiden 34","delomradenummer":"330101","delomradenavn":"Åssiden","kommunenummer":"3301"}},{"type":"Polygon","arcs":[[-1005,1347,-1211,-1215,-1166,-1291]],"properties":{"grunnkretsnummer":"33010112","grunnkretsnavn":"Åssiden 12","delomradenummer":"330101","delomradenavn":"Åssiden","kommunenummer":"3301"}},{"type":"Polygon","arcs":[[-1339,-1146,-1154,-975,1348,-978]],"properties":{"grunnkretsnummer":"33010923","grunnkretsnavn":"Skoger 23","delomradenummer":"330109","delomradenavn":"Skoger","kommunenummer":"3301"}},{"type":"Polygon","arcs":[[-304,-1298,-468,-1309,-858,-1224,-1305,1349]],"properties":{"grunnkretsnummer":"33010916","grunnkretsnavn":"Skoger 16","delomradenummer":"330109","delomradenavn":"Skoger","kommunenummer":"3301"}},{"type":"Polygon","arcs":[[-761,-1275,-802,-1345,-1180,-1073]],"properties":{"grunnkretsnummer":"33011111","grunnkretsnavn":"Fabrikkroken-Langemyr","delomradenummer":"330111","delomradenavn":"Krokstadelva","kommunenummer":"3301"}},{"type":"Polygon","arcs":[[1350,-1178,-1332,-1097,1351]],"properties":{"grunnkretsnummer":"33011406","grunnkretsnavn":"Veia-Vikkollen","delomradenummer":"330114","delomradenavn":"Mjøndalen","kommunenummer":"3301"}},{"type":"Polygon","arcs":[[1352,-1096,-1312]],"properties":{"grunnkretsnummer":"33011105","grunnkretsnavn":"Stenseth terrasse delfelt5","delomradenummer":"330111","delomradenavn":"Krokstadelva","kommunenummer":"3301"}},{"type":"Polygon","arcs":[[-999,-702,-1246]],"properties":{"grunnkretsnummer":"33010403","grunnkretsnavn":"Fjellheim 3","delomradenummer":"330104","delomradenavn":"Fjellheim","kommunenummer":"3301"}},{"type":"Polygon","arcs":[[-860,-1241,-1336,-1062,-854,-1308]],"properties":{"grunnkretsnummer":"33010708","grunnkretsnavn":"Tangen-Åskollen 8","delomradenummer":"330107","delomradenavn":"Tangen - Åskollen","kommunenummer":"3301"}},{"type":"Polygon","arcs":[[-898,-1285,-1141,-1038,-1093,-531]],"properties":{"grunnkretsnummer":"33011202","grunnkretsnavn":"Herstrøm-Ulverudbekken","delomradenummer":"330112","delomradenavn":"Solbergelva","kommunenummer":"3301"}},{"type":"Polygon","arcs":[[-1032,-1269,-494,-1082,-643,-1208]],"properties":{"grunnkretsnummer":"33011015","grunnkretsnavn":"Konnerud 15","delomradenummer":"330110","delomradenavn":"Konnerud","kommunenummer":"3301"}},{"type":"Polygon","arcs":[[-1254,-979,-1349,-974,-1271,1353,-1281]],"properties":{"grunnkretsnummer":"33010904","grunnkretsnavn":"Skoger 4","delomradenummer":"330109","delomradenavn":"Skoger","kommunenummer":"3301"}},{"type":"Polygon","arcs":[[-989,-474,-319,-1248,-2209,2222,-2177,-1283]],"properties":{"grunnkretsnummer":"33010303","grunnkretsnavn":"Bragernes sentrum 3","delomradenummer":"330103","delomradenavn":"Bragernes Sentrum","kommunenummer":"3301"}},{"type":"Polygon","arcs":[[-1321,-1340,-1253,-1280,1354]],"properties":{"grunnkretsnummer":"33011031","grunnkretsnavn":"Konnerud 31","delomradenummer":"330110","delomradenavn":"Konnerud","kommunenummer":"3301"}},{"type":"Polygon","arcs":[[-1162,-1061,-1277,-1219]],"properties":{"grunnkretsnummer":"33011049","grunnkretsnavn":"Konnerud 49","delomradenummer":"330110","delomradenavn":"Konnerud","kommunenummer":"3301"}},{"type":"Polygon","arcs":[[-1202,-1179,-1351,1355,-1077]],"properties":{"grunnkretsnummer":"33011402","grunnkretsnavn":"Krok-Kjøya","delomradenummer":"330114","delomradenavn":"Mjøndalen","kommunenummer":"3301"}},{"type":"Polygon","arcs":[[-1276,-1110,-1125,-307,-1301,1356,-971,-1267,-1299]],"properties":{"grunnkretsnummer":"33010908","grunnkretsnavn":"Skoger 8","delomradenummer":"330109","delomradenavn":"Skoger","kommunenummer":"3301"}},{"type":"Polygon","arcs":[[-2216,-1293,1357,-1119,-2203,2223]],"properties":{"grunnkretsnummer":"33011603","grunnkretsnavn":"Grunden","delomradenummer":"330116","delomradenavn":"Svelvik","kommunenummer":"3301"}},{"type":"Polygon","arcs":[[-968,-1172,-964,-624,-1012,-1270]],"properties":{"grunnkretsnummer":"33010511","grunnkretsnavn":"Gulskogen-Sundhaugen 11","delomradenummer":"330105","delomradenavn":"Gulskogen - Sundhaugen","kommunenummer":"3301"}},{"type":"Polygon","arcs":[[-1051,-1216,-1090,-1152,-1278,-713]],"properties":{"grunnkretsnummer":"33011003","grunnkretsnavn":"Konnerud 3","delomradenummer":"330110","delomradenavn":"Konnerud","kommunenummer":"3301"}},{"type":"Polygon","arcs":[[-1311,1359,-922,-1092,-1353]],"properties":{"grunnkretsnummer":"33011106","grunnkretsnavn":"Stenseth terrasse delfelt3","delomradenummer":"330111","delomradenavn":"Krokstadelva","kommunenummer":"3301"}},{"type":"Polygon","arcs":[[-305,-1350,-1304,-1134,-1302]],"properties":{"grunnkretsnummer":"33010915","grunnkretsnavn":"Skoger 15","delomradenummer":"330109","delomradenavn":"Skoger","kommunenummer":"3301"}},{"type":"Polygon","arcs":[[-930,-1325,1360,-1229]],"properties":{"grunnkretsnummer":"33010122","grunnkretsnavn":"Åssiden 22","delomradenummer":"330101","delomradenavn":"Åssiden","kommunenummer":"3301"}},{"type":"Polygon","arcs":[[-1068,-1207,-39,-907,1361,-1170,-1288]],"properties":{"grunnkretsnummer":"33010504","grunnkretsnavn":"Gulskogen-Sundhaugen 4","delomradenummer":"330105","delomradenavn":"Gulskogen - Sundhaugen","kommunenummer":"3301"}},{"type":"Polygon","arcs":[[-1105,2224,-2218,-1319,2225,-2211,-1261,1364]],"properties":{"grunnkretsnummer":"33011502","grunnkretsnavn":"Berger gård","delomradenummer":"330115","delomradenavn":"Berger","kommunenummer":"3301"}},{"type":"Polygon","arcs":[[-1054,-634,1365,-1066,-1323]],"properties":{"grunnkretsnummer":"33010202","grunnkretsnavn":"Øren-Underlia 2","delomradenummer":"330102","delomradenavn":"Øren - Underlia","kommunenummer":"3301"}},{"type":"Polygon","arcs":[[-734,-1239,-510,-1126,1366,-2221,2226]],"properties":{"grunnkretsnummer":"33010701","grunnkretsnavn":"Tangen-Åskollen 1","delomradenummer":"330107","delomradenavn":"Tangen - Åskollen","kommunenummer":"3301"}},{"type":"Polygon","arcs":[[-1265,-2214,2227,-1159,-1064,-1335]],"properties":{"grunnkretsnummer":"33010715","grunnkretsnavn":"Tangen-Åskollen 15","delomradenummer":"330107","delomradenavn":"Tangen - Åskollen","kommunenummer":"3301"}},{"type":"Polygon","arcs":[[-1083,-498,1367,-519,-1044,-645]],"properties":{"grunnkretsnummer":"33011020","grunnkretsnavn":"Konnerud 20","delomradenummer":"330110","delomradenavn":"Konnerud","kommunenummer":"3301"}},{"type":"Polygon","arcs":[[-233,-272,-256,-993,-793,-725,-958]],"properties":{"grunnkretsnummer":"33010105","grunnkretsnavn":"Åssiden 5","delomradenummer":"330101","delomradenavn":"Åssiden","kommunenummer":"3301"}},{"type":"Polygon","arcs":[[-1045,-1221,-882,-625,-982,-1237]],"properties":{"grunnkretsnummer":"33011026","grunnkretsnavn":"Konnerud 26","delomradenummer":"330110","delomradenavn":"Konnerud","kommunenummer":"3301"}},{"type":"Polygon","arcs":[[-1114,-1209,-1348,-1004,-986]],"properties":{"grunnkretsnummer":"33010114","grunnkretsnavn":"Åssiden 14","delomradenummer":"330101","delomradenavn":"Åssiden","kommunenummer":"3301"}},{"type":"Polygon","arcs":[[-1183,-1313,-1198,-1143]],"properties":{"grunnkretsnummer":"33011103","grunnkretsnavn":"Eknes-Møllenhof","delomradenummer":"330111","delomradenavn":"Krokstadelva","kommunenummer":"3301"}},{"type":"Polygon","arcs":[[-1013,-622,-638,-1057,-1161,-515,1368]],"properties":{"grunnkretsnummer":"33011051","grunnkretsnavn":"Konnerud 51","delomradenummer":"330110","delomradenavn":"Konnerud","kommunenummer":"3301"}},{"type":"Polygon","arcs":[[-1354,-1273,-1190,-1282]],"properties":{"grunnkretsnummer":"33010905","grunnkretsnavn":"Skoger 5","delomradenummer":"330109","delomradenavn":"Skoger","kommunenummer":"3301"}},{"type":"Polygon","arcs":[[-334,-1334,-1367,-1128,-1307,-1028,1369]],"properties":{"grunnkretsnummer":"33010611","grunnkretsnavn":"Strømsø 11","delomradenummer":"330106","delomradenavn":"Strømsø","kommunenummer":"3301"}},{"type":"Polygon","arcs":[[-1342,-525,-1232,-1148,-1088]],"properties":{"grunnkretsnummer":"33011005","grunnkretsnavn":"Konnerud 5","delomradenummer":"330110","delomradenavn":"Konnerud","kommunenummer":"3301"}},{"type":"Polygon","arcs":[[1370,-1214,-1337,-1040,-1140]],"properties":{"grunnkretsnummer":"33011208","grunnkretsnavn":"Tollefshagen-Buskerudveien","delomradenummer":"330112","delomradenavn":"Solbergelva","kommunenummer":"3301"}},{"type":"Polygon","arcs":[[-1186,-708,-879,-631,-1053,-914]],"properties":{"grunnkretsnummer":"33010207","grunnkretsnavn":"Øren-Underlia 7","delomradenummer":"330102","delomradenavn":"Øren - Underlia","kommunenummer":"3301"}},{"type":"Polygon","arcs":[[-633,-881,-1206,-1366]],"properties":{"grunnkretsnummer":"33010204","grunnkretsnavn":"Øren-Underlia 4","delomradenummer":"330102","delomradenavn":"Øren - Underlia","kommunenummer":"3301"}},{"type":"Polygon","arcs":[[-1274,-923,-1360,-1310,-804]],"properties":{"grunnkretsnummer":"33011107","grunnkretsnavn":"Stenseth terrasse delfelt1","delomradenummer":"330111","delomradenavn":"Krokstadelva","kommunenummer":"3301"}},{"type":"Polygon","arcs":[[-874,-1331,-1120,-1358,-1292]],"properties":{"grunnkretsnummer":"33011604","grunnkretsnavn":"Tømmeråsen-Sverstad","delomradenummer":"330116","delomradenavn":"Svelvik","kommunenummer":"3301"}},{"type":"Polygon","arcs":[[-1362,-906,-1314,-695,-963,-1171]],"properties":{"grunnkretsnummer":"33010505","grunnkretsnavn":"Gulskogen-Sundhaugen 5","delomradenummer":"330105","delomradenavn":"Gulskogen - Sundhaugen","kommunenummer":"3301"}},{"type":"Polygon","arcs":[[-1018,-1030,-933,-1123,-1108]],"properties":{"grunnkretsnummer":"33010811","grunnkretsnavn":"Danvik-Fjell 11","delomradenummer":"330108","delomradenavn":"Danvik - Fjell","kommunenummer":"3301"}},{"type":"Polygon","arcs":[[-1347,-1328,-925,-1228,-949,-310,-699,1371,-1244]],"properties":{"grunnkretsnummer":"33010129","grunnkretsnavn":"Åssiden 29","delomradenummer":"330101","delomradenavn":"Åssiden","kommunenummer":"3301"}},{"type":"Polygon","arcs":[[-1113,-1245,-1372,-698]],"properties":{"grunnkretsnummer":"33010128","grunnkretsnavn":"Åssiden 28","delomradenummer":"330101","delomradenavn":"Åssiden","kommunenummer":"3301"}},{"type":"Polygon","arcs":[[-972,-1357,-1303,-1137,1372,-1129,-1272]],"properties":{"grunnkretsnummer":"33010910","grunnkretsnavn":"Skoger 10","delomradenummer":"330109","delomradenavn":"Skoger","kommunenummer":"3301"}},{"type":"Polygon","arcs":[[-1042,-1338,-485,-970,-379,-1227,-1252,1373,-1047,-711,-1290]],"properties":{"grunnkretsnummer":"33011415","grunnkretsnavn":"Ytterkollen","delomradenummer":"330114","delomradenavn":"Mjøndalen","kommunenummer":"3301"}},{"type":"Polygon","arcs":[[-586,-335,-1370,-1027,-1286]],"properties":{"grunnkretsnummer":"33010610","grunnkretsnavn":"Strømsø 10","delomradenummer":"330106","delomradenavn":"Strømsø","kommunenummer":"3301"}},{"type":"Polygon","arcs":[[-1078,-1356,-1352,-1099,-1081,-747,-786,-823]],"properties":{"grunnkretsnummer":"33011407","grunnkretsnavn":"Korvald-Vikåsen","delomradenummer":"330114","delomradenavn":"Mjøndalen","kommunenummer":"3301"}},{"type":"Polygon","arcs":[[-1361,-1324,-1070,-1287,-1230]],"properties":{"grunnkretsnummer":"33010121","grunnkretsnavn":"Åssiden 21","delomradenummer":"330101","delomradenavn":"Åssiden","kommunenummer":"3301"}},{"type":"Polygon","arcs":[[-1374,-1251,-1035,-1341,-1086,-1048]],"properties":{"grunnkretsnummer":"33011008","grunnkretsnavn":"Konnerud 8","delomradenummer":"330110","delomradenavn":"Konnerud","kommunenummer":"3301"}},{"type":"Polygon","arcs":[[-1236,-951,-1231,-965,-488]],"properties":{"grunnkretsnummer":"33010119","grunnkretsnavn":"Åssiden 19","delomradenummer":"330101","delomradenavn":"Åssiden","kommunenummer":"3301"}},{"type":"Polygon","arcs":[[-1150,-1235,-1322,-1355,-1279]],"properties":{"grunnkretsnummer":"33011028","grunnkretsnavn":"Konnerud 28","delomradenummer":"330110","delomradenavn":"Konnerud","kommunenummer":"3301"}},{"type":"Polygon","arcs":[[-1343,-917,-1164,-1327,-1346]],"properties":{"grunnkretsnummer":"33010135","grunnkretsnavn":"Åssiden 35","delomradenummer":"330101","delomradenavn":"Åssiden","kommunenummer":"3301"}},{"type":"Polygon","arcs":[[-960,-998,-1212,-1371,-1139,-1284]],"properties":{"grunnkretsnummer":"33011209","grunnkretsnavn":"Huldreheim-Breihella","delomradenummer":"330112","delomradenavn":"Solbergelva","kommunenummer":"3301"}},{"type":"Polygon","arcs":[[-901,-1014,-1369,-514,-1368,-497]],"properties":{"grunnkretsnummer":"33011054","grunnkretsnavn":"Konnerud 54","delomradenummer":"330110","delomradenavn":"Konnerud","kommunenummer":"3301"}},{"type":"Polygon","arcs":[[-1024,-583,-1300,-1315]],"properties":{"grunnkretsnummer":"33010602","grunnkretsnavn":"Strømsø 2","delomradenummer":"330106","delomradenavn":"Strømsø","kommunenummer":"3301"}},{"type":"Polygon","arcs":[[1374,-909,-1130,-1373,-1136,-1306,-1204,1375]],"properties":{"grunnkretsnummer":"33010913","grunnkretsnavn":"Skoger 13","delomradenummer":"330109","delomradenavn":"Skoger","kommunenummer":"3301"}},{"type":"Polygon","arcs":[[1376,-72,1377,1378,1379,1380,1381]],"properties":{"grunnkretsnummer":"33160405","grunnkretsnavn":"Bøen","delomradenummer":"331604","delomradenavn":"Drolsum - Snarum","kommunenummer":"3316"}},{"type":"Polygon","arcs":[[1382,-154,1383,-407]],"properties":{"grunnkretsnummer":"33160301","grunnkretsnavn":"Kimmerud","delomradenummer":"331603","delomradenavn":"Vikersund","kommunenummer":"3316"}},{"type":"Polygon","arcs":[[1384,1385,1386,1387,1388,-1380]],"properties":{"grunnkretsnummer":"33160208","grunnkretsnavn":"Brunesmoen","delomradenummer":"331602","delomradenavn":"Geithus","kommunenummer":"3316"}},{"type":"Polygon","arcs":[[1389,1390,1391,1392,1393]],"properties":{"grunnkretsnummer":"33160107","grunnkretsnavn":"Strand","delomradenummer":"331601","delomradenavn":"Åmot","kommunenummer":"3316"}},{"type":"Polygon","arcs":[[1394,1395,1396,-408,-1384,-153,-210,1397]],"properties":{"grunnkretsnummer":"33160303","grunnkretsnavn":"Fure","delomradenummer":"331603","delomradenavn":"Vikersund","kommunenummer":"3316"}},{"type":"Polygon","arcs":[[1398,-397,1399,1400]],"properties":{"grunnkretsnummer":"33160307","grunnkretsnavn":"Hovdeskogen","delomradenummer":"331603","delomradenavn":"Vikersund","kommunenummer":"3316"}},{"type":"Polygon","arcs":[[1401,1402,-1385,-1379]],"properties":{"grunnkretsnummer":"33160311","grunnkretsnavn":"Modum bad","delomradenummer":"331603","delomradenavn":"Vikersund","kommunenummer":"3316"}},{"type":"Polygon","arcs":[[-374,1403,1404,1405]],"properties":{"grunnkretsnummer":"33160108","grunnkretsnavn":"Enger","delomradenummer":"331601","delomradenavn":"Åmot","kommunenummer":"3316"}},{"type":"Polygon","arcs":[[1406,-1381,-1389,1407,1408,1409,-1391,1410,1411]],"properties":{"grunnkretsnummer":"33160201","grunnkretsnavn":"Jelstad","delomradenummer":"331602","delomradenavn":"Geithus","kommunenummer":"3316"}},{"type":"Polygon","arcs":[[-71,1412,1413,1414,-1402,-1378]],"properties":{"grunnkretsnummer":"33160404","grunnkretsnavn":"Sysle","delomradenummer":"331604","delomradenavn":"Drolsum - Snarum","kommunenummer":"3316"}},{"type":"Polygon","arcs":[[-399,1415,1416,-1387]],"properties":{"grunnkretsnummer":"33160207","grunnkretsnavn":"Bråten","delomradenummer":"331602","delomradenavn":"Geithus","kommunenummer":"3316"}},{"type":"Polygon","arcs":[[-1399,1417,1418,1419,1420,-398]],"properties":{"grunnkretsnummer":"33160305","grunnkretsnavn":"Vikersundgata","delomradenummer":"331603","delomradenavn":"Vikersund","kommunenummer":"3316"}},{"type":"Polygon","arcs":[[-1411,-1390,1421,1422,1423]],"properties":{"grunnkretsnummer":"33160105","grunnkretsnavn":"Haugfoss","delomradenummer":"331601","delomradenavn":"Åmot","kommunenummer":"3316"}},{"type":"Polygon","arcs":[[-1421,1424,-401,1425,1426,1427,-1416]],"properties":{"grunnkretsnummer":"33160206","grunnkretsnavn":"Rolighetsmoen","delomradenummer":"331602","delomradenavn":"Geithus","kommunenummer":"3316"}},{"type":"Polygon","arcs":[[1428,1429,1430,-1405,1431,-1393]],"properties":{"grunnkretsnummer":"33160109","grunnkretsnavn":"Bårud","delomradenummer":"331601","delomradenavn":"Åmot","kommunenummer":"3316"}},{"type":"Polygon","arcs":[[-1415,1432,1433,1434,-1400,-400,-1386,-1403]],"properties":{"grunnkretsnummer":"33160310","grunnkretsnavn":"Råen","delomradenummer":"331603","delomradenavn":"Vikersund","kommunenummer":"3316"}},{"type":"Polygon","arcs":[[-1422,-1394,-1432,-1404,-373,1435]],"properties":{"grunnkretsnummer":"33160106","grunnkretsnavn":"Buskerud","delomradenummer":"331601","delomradenavn":"Åmot","kommunenummer":"3316"}},{"type":"Polygon","arcs":[[-1406,-1431,1436,-368]],"properties":{"grunnkretsnummer":"33160112","grunnkretsnavn":"Jellum","delomradenummer":"331601","delomradenavn":"Åmot","kommunenummer":"3316"}},{"type":"Polygon","arcs":[[1437,1438,-1429,-1392,-1410]],"properties":{"grunnkretsnummer":"33160110","grunnkretsnavn":"Skalstad","delomradenummer":"331601","delomradenavn":"Åmot","kommunenummer":"3316"}},{"type":"Polygon","arcs":[[-411,1439,1440,-1413,-70]],"properties":{"grunnkretsnummer":"33160407","grunnkretsnavn":"Østre Snarum","delomradenummer":"331604","delomradenavn":"Drolsum - Snarum","kommunenummer":"3316"}},{"type":"Polygon","arcs":[[1441,-1418,-1401,-1435]],"properties":{"grunnkretsnummer":"33160308","grunnkretsnavn":"Vikerjordet","delomradenummer":"331603","delomradenavn":"Vikersund","kommunenummer":"3316"}},{"type":"Polygon","arcs":[[-1412,-1424,1442,-415,1443]],"properties":{"grunnkretsnummer":"33160104","grunnkretsnavn":"Søndre Simostranda","delomradenummer":"331601","delomradenavn":"Åmot","kommunenummer":"3316"}},{"type":"Polygon","arcs":[[-117,-402,-1425,-1420,1444,-1398,-209]],"properties":{"grunnkretsnummer":"33160304","grunnkretsnavn":"Tangen","delomradenummer":"331603","delomradenavn":"Vikersund","kommunenummer":"3316"}},{"type":"Polygon","arcs":[[-1409,1445,-1427,1446,1447,-1438]],"properties":{"grunnkretsnummer":"33160202","grunnkretsnavn":"Sevals","delomradenummer":"331602","delomradenavn":"Geithus","kommunenummer":"3316"}},{"type":"Polygon","arcs":[[-870,-369,-1437,-1430,-1439,-1448,1448,-114]],"properties":{"grunnkretsnummer":"33160111","grunnkretsnavn":"Holo","delomradenummer":"331601","delomradenavn":"Åmot","kommunenummer":"3316"}},{"type":"Polygon","arcs":[[-1388,-1417,-1428,-1446,-1408]],"properties":{"grunnkretsnummer":"33160203","grunnkretsnavn":"Skredsvik","delomradenummer":"331602","delomradenavn":"Geithus","kommunenummer":"3316"}},{"type":"Polygon","arcs":[[1449,-1396,1450,1451]],"properties":{"grunnkretsnummer":"33160401","grunnkretsnavn":"Flattum","delomradenummer":"331604","delomradenavn":"Drolsum - Snarum","kommunenummer":"3316"}},{"type":"Polygon","arcs":[[-1451,-1395,-1445,-1419,-1442,-1434]],"properties":{"grunnkretsnummer":"33160309","grunnkretsnavn":"Sand","delomradenummer":"331603","delomradenavn":"Vikersund","kommunenummer":"3316"}},{"type":"Polygon","arcs":[[1452,1453,1454,1455,1456,1457,-404,-1397,-1450,1458,-1440,-410,1459]],"properties":{"grunnkretsnummer":"33160402","grunnkretsnavn":"Øderud","delomradenummer":"331604","delomradenavn":"Drolsum - Snarum","kommunenummer":"3316"}},{"type":"Polygon","arcs":[[-1426,-403,-115,-1449,-1447]],"properties":{"grunnkretsnummer":"33160204","grunnkretsnavn":"Sønsteby","delomradenummer":"331602","delomradenavn":"Geithus","kommunenummer":"3316"}},{"type":"Polygon","arcs":[[1460,-1382,-1407,-1444,-414,1461,1462]],"properties":{"grunnkretsnummer":"33160103","grunnkretsnavn":"Nordre Simostranda","delomradenummer":"331601","delomradenavn":"Åmot","kommunenummer":"3316"}},{"type":"Polygon","arcs":[[-1443,-1423,-1436,-372,-776,-780,-416]],"properties":{"grunnkretsnummer":"33160101","grunnkretsnavn":"Skibrekk","delomradenummer":"331601","delomradenavn":"Åmot","kommunenummer":"3316"}},{"type":"Polygon","arcs":[[-1459,-1452,-1433,-1414,-1441]],"properties":{"grunnkretsnummer":"33160403","grunnkretsnavn":"Flannum","delomradenummer":"331604","delomradenavn":"Drolsum - Snarum","kommunenummer":"3316"}},{"type":"Polygon","arcs":[[1463,1464,1465,1466,1467,1468,1469,1470,1471,1472]],"properties":{"grunnkretsnummer":"33380106","grunnkretsnavn":"Skjønne","delomradenummer":"333801","delomradenavn":"Nore","kommunenummer":"3338"}},{"type":"Polygon","arcs":[[1473,1474,1475,1476,-837,-873,-769,-845]],"properties":{"grunnkretsnummer":"33340105","grunnkretsnavn":"Håvardsrud","delomradenummer":"333401","delomradenavn":"Flesberg","kommunenummer":"3334"}},{"type":"Polygon","arcs":[[1477,1478,-768,1479,1480]],"properties":{"grunnkretsnummer":"33340102","grunnkretsnavn":"Ingeborgrud","delomradenummer":"333401","delomradenavn":"Flesberg","kommunenummer":"3334"}},{"type":"Polygon","arcs":[[1481,1482,-1476,1483,1484,1485]],"properties":{"grunnkretsnummer":"33340106","grunnkretsnavn":"Gåsum","delomradenummer":"333401","delomradenavn":"Flesberg","kommunenummer":"3334"}},{"type":"Polygon","arcs":[[1486,1487,1488,1489,-1464]],"properties":{"grunnkretsnummer":"33380104","grunnkretsnavn":"Teigen","delomradenummer":"333801","delomradenavn":"Nore","kommunenummer":"3338"}},{"type":"Polygon","arcs":[[1490,-1467,1491,1492]],"properties":{"grunnkretsnummer":"33380109","grunnkretsnavn":"Øygardsgrend","delomradenummer":"333801","delomradenavn":"Nore","kommunenummer":"3338"}},{"type":"Polygon","arcs":[[1493,1494,1495,1496]],"properties":{"grunnkretsnummer":"33380204","grunnkretsnavn":"Torsrud","delomradenummer":"333802","delomradenavn":"Uvdal","kommunenummer":"3338"}},{"type":"Polygon","arcs":[[-604,1497,-1493,1498,1499,1500,-1494,1501,1502,1503]],"properties":{"grunnkretsnummer":"33380201","grunnkretsnavn":"Vikan","delomradenummer":"333802","delomradenavn":"Uvdal","kommunenummer":"3338"}},{"type":"Polygon","arcs":[[-538,-605,-1504,1504,1505]],"properties":{"grunnkretsnummer":"33380207","grunnkretsnavn":"Flåta","delomradenummer":"333802","delomradenavn":"Uvdal","kommunenummer":"3338"}},{"type":"Polygon","arcs":[[-1505,-1503,1506,-1508,-1509,1509]],"properties":{"grunnkretsnummer":"33380206","grunnkretsnavn":"Kveta","delomradenummer":"333802","delomradenavn":"Uvdal","kommunenummer":"3338"}},{"type":"Polygon","arcs":[[-1501,1510,-1495]],"properties":{"grunnkretsnummer":"33380203","grunnkretsnavn":"Kyllesdal","delomradenummer":"333802","delomradenavn":"Uvdal","kommunenummer":"3338"}},{"type":"Polygon","arcs":[[-1512,1512,1513,1514,-1516]],"properties":{"grunnkretsnummer":"33380103","grunnkretsnavn":"Eide","delomradenummer":"333801","delomradenavn":"Nore","kommunenummer":"3338"}},{"type":"Polygon","arcs":[[-1492,-1466,1516,1517,-1499]],"properties":{"grunnkretsnummer":"33380108","grunnkretsnavn":"Rødberg","delomradenummer":"333801","delomradenavn":"Nore","kommunenummer":"3338"}},{"type":"Polygon","arcs":[[-1519,-611,-539,-1506,-1510,-1520,-1521,-1522,-1523]],"properties":{"grunnkretsnummer":"33380208","grunnkretsnavn":"Langesjøen-Skrykken","delomradenummer":"333802","delomradenavn":"Uvdal","kommunenummer":"3338"}},{"type":"Polygon","arcs":[[-1502,-1497,1523,-1525,-1507]],"properties":{"grunnkretsnummer":"33380205","grunnkretsnavn":"Tufto","delomradenummer":"333802","delomradenavn":"Uvdal","kommunenummer":"3338"}},{"type":"Polygon","arcs":[[1525,1526,1527,1528,1529,-460,-453,-462,-389,-458,-449,-463,-447,1530]],"properties":{"grunnkretsnummer":"33220103","grunnkretsnavn":"Dokken","delomradenummer":"332201","delomradenavn":"Nes","kommunenummer":"3322"}},{"type":"Polygon","arcs":[[-678,1531,-1468,-1491,-1498,-603,-575,-693]],"properties":{"grunnkretsnummer":"33380110","grunnkretsnavn":"Tunhovd","delomradenummer":"333801","delomradenavn":"Nore","kommunenummer":"3338"}},{"type":"Polygon","arcs":[[1532,-1534,-1515,1534,1535,1536,1537]],"properties":{"grunnkretsnummer":"33380101","grunnkretsnavn":"Sunde","delomradenummer":"333801","delomradenavn":"Nore","kommunenummer":"3338"}},{"type":"Polygon","arcs":[[-1535,-1514,1538,-1488,1539,1540]],"properties":{"grunnkretsnummer":"33380102","grunnkretsnavn":"Straumen","delomradenummer":"333801","delomradenavn":"Nore","kommunenummer":"3338"}},{"type":"Polygon","arcs":[[-1500,-1518,1541,1542,-1544,-1524,-1496,-1511]],"properties":{"grunnkretsnummer":"33380202","grunnkretsnavn":"Livrud","delomradenummer":"333802","delomradenavn":"Uvdal","kommunenummer":"3338"}},{"type":"Polygon","arcs":[[1544,-1489,-1539,-1513,-1546,-1547,-1543]],"properties":{"grunnkretsnummer":"33380105","grunnkretsnavn":"Åsbø","delomradenummer":"333801","delomradenavn":"Nore","kommunenummer":"3338"}},{"type":"Polygon","arcs":[[-1528,1547,1548,1549]],"properties":{"grunnkretsnummer":"33220104","grunnkretsnavn":"Nesbyen vest Myre-Sjong","delomradenummer":"332201","delomradenavn":"Nes","kommunenummer":"3322"}},{"type":"Polygon","arcs":[[-1526,1550,1551,1552,1553]],"properties":{"grunnkretsnummer":"33220109","grunnkretsnavn":"Nesbyen øst Briskebyen-Dalen","delomradenummer":"332201","delomradenavn":"Nes","kommunenummer":"3322"}},{"type":"Polygon","arcs":[[-1517,-1465,-1490,-1545,-1542]],"properties":{"grunnkretsnummer":"33380107","grunnkretsnavn":"Gvammen","delomradenummer":"333801","delomradenavn":"Nore","kommunenummer":"3338"}},{"type":"Polygon","arcs":[[-1529,-1550,1554,1555,1556,1557]],"properties":{"grunnkretsnummer":"33220102","grunnkretsnavn":"Eidal-Espeseth","delomradenummer":"332201","delomradenavn":"Nes","kommunenummer":"3322"}},{"type":"Polygon","arcs":[[1558,1559,-1553,1560,1561]],"properties":{"grunnkretsnummer":"33220108","grunnkretsnavn":"Nesbyen øst Veltebakken-Blingsmo","delomradenummer":"332201","delomradenavn":"Nes","kommunenummer":"3322"}},{"type":"Polygon","arcs":[[-1531,-446,1562,1563,1564,1565,1566,-1551]],"properties":{"grunnkretsnummer":"33220114","grunnkretsnavn":"Nes Østmark","delomradenummer":"332201","delomradenavn":"Nes","kommunenummer":"3322"}},{"type":"Polygon","arcs":[[1567,-1562,1568,1569,-1556]],"properties":{"grunnkretsnummer":"33220106","grunnkretsnavn":"Nesbyen vest Moane","delomradenummer":"332201","delomradenavn":"Nes","kommunenummer":"3322"}},{"type":"Polygon","arcs":[[-1569,-1561,-1552,-1567,1570,1571]],"properties":{"grunnkretsnummer":"33220113","grunnkretsnavn":"Lie","delomradenummer":"332201","delomradenavn":"Nes","kommunenummer":"3322"}},{"type":"Polygon","arcs":[[-1530,-1558,1572,-1469,-1532,-677,-664]],"properties":{"grunnkretsnummer":"33220101","grunnkretsnavn":"Syversrud","delomradenummer":"332201","delomradenavn":"Nes","kommunenummer":"3322"}},{"type":"Polygon","arcs":[[-1573,-1557,-1570,-1572,1573,1574,-1470]],"properties":{"grunnkretsnummer":"33220110","grunnkretsnavn":"Nordhagen","delomradenummer":"332201","delomradenavn":"Nes","kommunenummer":"3322"}},{"type":"Polygon","arcs":[[-1566,1575,1576,1577,-1574,-1571]],"properties":{"grunnkretsnummer":"33220112","grunnkretsnavn":"Sevre","delomradenummer":"332201","delomradenavn":"Nes","kommunenummer":"3322"}},{"type":"Polygon","arcs":[[-1471,-1575,-1578,1578]],"properties":{"grunnkretsnummer":"33220111","grunnkretsnavn":"Ålton","delomradenummer":"332201","delomradenavn":"Nes","kommunenummer":"3322"}},{"type":"Polygon","arcs":[[-1549,1579,-1559,-1568,-1555]],"properties":{"grunnkretsnummer":"33220105","grunnkretsnavn":"Nesbyen vest sentrum","delomradenummer":"332201","delomradenavn":"Nes","kommunenummer":"3322"}},{"type":"Polygon","arcs":[[-1527,-1554,-1560,-1580,-1548]],"properties":{"grunnkretsnummer":"33220107","grunnkretsnavn":"Nesbyen øst Veltebakken-Ruud","delomradenummer":"332201","delomradenavn":"Nes","kommunenummer":"3322"}},{"type":"Polygon","arcs":[[1580,1581,1582,1583]],"properties":{"grunnkretsnummer":"33340112","grunnkretsnavn":"Førli","delomradenummer":"333401","delomradenavn":"Flesberg","kommunenummer":"3334"}},{"type":"Polygon","arcs":[[-1478,1584,1585,1586,1587,1588,1589]],"properties":{"grunnkretsnummer":"33340101","grunnkretsnavn":"Botnan","delomradenummer":"333401","delomradenavn":"Flesberg","kommunenummer":"3334"}},{"type":"Polygon","arcs":[[1590,1591,1592,1593,1594,-1538]],"properties":{"grunnkretsnummer":"33360112","grunnkretsnavn":"Bogstrand","delomradenummer":"333601","delomradenavn":"Rollag","kommunenummer":"3336"}},{"type":"Polygon","arcs":[[1595,1596,1597,-1599,-1600,1600]],"properties":{"grunnkretsnummer":"33360104","grunnkretsnavn":"Nordre Landsverk","delomradenummer":"333601","delomradenavn":"Rollag","kommunenummer":"3336"}},{"type":"Polygon","arcs":[[1601,1602,1603,-1605,-1598]],"properties":{"grunnkretsnummer":"33360103","grunnkretsnavn":"Søndre Landsverk","delomradenummer":"333601","delomradenavn":"Rollag","kommunenummer":"3336"}},{"type":"Polygon","arcs":[[1605,1606,1607,1608,-1593]],"properties":{"grunnkretsnummer":"33360111","grunnkretsnavn":"Østre Veggli","delomradenummer":"333601","delomradenavn":"Rollag","kommunenummer":"3336"}},{"type":"Polygon","arcs":[[1609,-1608,1610,1611,-1613,-1614,-1615]],"properties":{"grunnkretsnummer":"33360109","grunnkretsnavn":"Søndre Veggli","delomradenummer":"333601","delomradenavn":"Rollag","kommunenummer":"3336"}},{"type":"Polygon","arcs":[[1615,-1601,-1617,-1612]],"properties":{"grunnkretsnummer":"33360108","grunnkretsnavn":"Vamre","delomradenummer":"333601","delomradenavn":"Rollag","kommunenummer":"3336"}},{"type":"Polygon","arcs":[[-1588,1617,1618,-1603,1619,1620,1621]],"properties":{"grunnkretsnummer":"33360105","grunnkretsnavn":"Li","delomradenummer":"333601","delomradenavn":"Rollag","kommunenummer":"3336"}},{"type":"Polygon","arcs":[[1622,-1594,-1609,-1610,-1624]],"properties":{"grunnkretsnummer":"33360110","grunnkretsnavn":"Nordre Veggli","delomradenummer":"333601","delomradenavn":"Rollag","kommunenummer":"3336"}},{"type":"Polygon","arcs":[[1624,-1620,-1602,-1597,1625]],"properties":{"grunnkretsnummer":"33360106","grunnkretsnavn":"Tråen","delomradenummer":"333601","delomradenavn":"Rollag","kommunenummer":"3336"}},{"type":"Polygon","arcs":[[1626,-1618,-1587,1627]],"properties":{"grunnkretsnummer":"33360101","grunnkretsnavn":"Østre Langerud","delomradenummer":"333601","delomradenavn":"Rollag","kommunenummer":"3336"}},{"type":"Polygon","arcs":[[-1604,-1619,-1627,1628,1629,-1631]],"properties":{"grunnkretsnummer":"33360102","grunnkretsnavn":"Vestre Langerud","delomradenummer":"333601","delomradenavn":"Rollag","kommunenummer":"3336"}},{"type":"Polygon","arcs":[[-1632,-1533,-1595,-1623,-1633]],"properties":{"grunnkretsnummer":"33360113","grunnkretsnavn":"Kallerud","delomradenummer":"333601","delomradenavn":"Rollag","kommunenummer":"3336"}},{"type":"Polygon","arcs":[[1633,-1626,-1596,-1616,-1611,-1607,1634]],"properties":{"grunnkretsnummer":"33360107","grunnkretsnavn":"Prestmoen","delomradenummer":"333601","delomradenavn":"Rollag","kommunenummer":"3336"}},{"type":"Polygon","arcs":[[-1483,1635,-783,-833,-1477]],"properties":{"grunnkretsnummer":"33340104","grunnkretsnavn":"Svene","delomradenummer":"333401","delomradenavn":"Flesberg","kommunenummer":"3334"}},{"type":"Polygon","arcs":[[1636,1637,-1582,1638]],"properties":{"grunnkretsnummer":"33340111","grunnkretsnavn":"Lande","delomradenummer":"333401","delomradenavn":"Flesberg","kommunenummer":"3334"}},{"type":"Polygon","arcs":[[-1585,-1481,1639,1640,-1637,1641]],"properties":{"grunnkretsnummer":"33340110","grunnkretsnavn":"Lyngdal","delomradenummer":"333401","delomradenavn":"Flesberg","kommunenummer":"3334"}},{"type":"Polygon","arcs":[[-1583,-1638,-1641,1642,-1486,1643,1644,1645]],"properties":{"grunnkretsnummer":"33340107","grunnkretsnavn":"Snaprud","delomradenummer":"333401","delomradenavn":"Flesberg","kommunenummer":"3334"}},{"type":"Polygon","arcs":[[-1629,-1628,-1586,-1642,-1639,-1581,1646]],"properties":{"grunnkretsnummer":"33340109","grunnkretsnavn":"Stuvstad","delomradenummer":"333401","delomradenavn":"Flesberg","kommunenummer":"3334"}},{"type":"Polygon","arcs":[[-784,-1636,-1482,-1643,-1640,-1480,-767]],"properties":{"grunnkretsnummer":"33340103","grunnkretsnavn":"Lampeland","delomradenummer":"333401","delomradenavn":"Flesberg","kommunenummer":"3334"}},{"type":"Polygon","arcs":[[-1630,-1647,-1584,-1646,1647,-1649,-1650]],"properties":{"grunnkretsnummer":"33340108","grunnkretsnavn":"Kjennerud","delomradenummer":"333401","delomradenavn":"Flesberg","kommunenummer":"3334"}},{"type":"Polygon","arcs":[[1650,1651,1652,1653]],"properties":{"grunnkretsnummer":"33030302","grunnkretsnavn":"Steglet","delomradenummer":"330303","delomradenavn":"Kongsberg Syd - Vestre","kommunenummer":"3303"}},{"type":"Polygon","arcs":[[1654,1655,1656,1657]],"properties":{"grunnkretsnummer":"33030505","grunnkretsnavn":"Wergelands vei","delomradenummer":"330305","delomradenavn":"Kongsberg Syd - Østre","kommunenummer":"3303"}},{"type":"Polygon","arcs":[[-1659,1659,1660,1661,1662,1663,1664]],"properties":{"grunnkretsnummer":"33030405","grunnkretsnavn":"Jondalen","delomradenummer":"330304","delomradenavn":"Kongsberg Nord - Vestre","kommunenummer":"3303"}},{"type":"Polygon","arcs":[[1665,1666,1667,1668,-1670,-1671,1671]],"properties":{"grunnkretsnummer":"33030205","grunnkretsnavn":"Ljøterud","delomradenummer":"330302","delomradenavn":"Hedenstad","kommunenummer":"3303"}},{"type":"Polygon","arcs":[[1672,-1657,1673,1674,1675,1676]],"properties":{"grunnkretsnummer":"33030504","grunnkretsnavn":"Skinnarberga","delomradenummer":"330305","delomradenavn":"Kongsberg Syd - Østre","kommunenummer":"3303"}},{"type":"Polygon","arcs":[[1677,1678,1679,1680,1681,-1683,1683]],"properties":{"grunnkretsnummer":"33030110","grunnkretsnavn":"Passebekk","delomradenummer":"330301","delomradenavn":"Tuft - Komnes - Efteløt","kommunenummer":"3303"}},{"type":"Polygon","arcs":[[1684,1685,-354,-753,1686,1687,1688,1689,1690,1691,-1675]],"properties":{"grunnkretsnummer":"33030503","grunnkretsnavn":"Drammensveien-Gamlegrendåsen","delomradenummer":"330305","delomradenavn":"Kongsberg Syd - Østre","kommunenummer":"3303"}},{"type":"Polygon","arcs":[[1692,1693,-1654,1694]],"properties":{"grunnkretsnummer":"33030303","grunnkretsnavn":"Svartås","delomradenummer":"330303","delomradenavn":"Kongsberg Syd - Vestre","kommunenummer":"3303"}},{"type":"Polygon","arcs":[[1695,1696,1697,1698]],"properties":{"grunnkretsnummer":"33030508","grunnkretsnavn":"Gamlegrendåsen 3","delomradenummer":"330305","delomradenavn":"Kongsberg Syd - Østre","kommunenummer":"3303"}},{"type":"Polygon","arcs":[[1699,1700,-1697,1701,-1689,1702,1703,1704]],"properties":{"grunnkretsnummer":"33030202","grunnkretsnavn":"Laugerud","delomradenummer":"330302","delomradenavn":"Hedenstad","kommunenummer":"3303"}},{"type":"Polygon","arcs":[[1705,1706,1707,1708,1709,1710,1711,1712,-1663]],"properties":{"grunnkretsnummer":"33030409","grunnkretsnavn":"Numedalsveien","delomradenummer":"330304","delomradenavn":"Kongsberg Nord - Vestre","kommunenummer":"3303"}},{"type":"Polygon","arcs":[[1713,1714,1715]],"properties":{"grunnkretsnummer":"33030306","grunnkretsnavn":"Myrløkka","delomradenummer":"330303","delomradenavn":"Kongsberg Syd - Vestre","kommunenummer":"3303"}},{"type":"Polygon","arcs":[[-847,1716,1717,1718,1719,1720]],"properties":{"grunnkretsnummer":"33030605","grunnkretsnavn":"Sulusåsen","delomradenummer":"330306","delomradenavn":"Kongsberg Nord - Østre","kommunenummer":"3303"}},{"type":"Polygon","arcs":[[1721,1722,-1719,1723,-1655,1724]],"properties":{"grunnkretsnummer":"33030602","grunnkretsnavn":"Ullandløkka","delomradenummer":"330306","delomradenavn":"Kongsberg Nord - Østre","kommunenummer":"3303"}},{"type":"Polygon","arcs":[[-1686,1725,-1717,-846,-355]],"properties":{"grunnkretsnummer":"33030604","grunnkretsnavn":"Gamle Eikervei","delomradenummer":"330306","delomradenavn":"Kongsberg Nord - Østre","kommunenummer":"3303"}},{"type":"Polygon","arcs":[[-1709,1726,1727,1728,1729,1730]],"properties":{"grunnkretsnummer":"33030402","grunnkretsnavn":"Skavangerskogen","delomradenummer":"330304","delomradenavn":"Kongsberg Nord - Vestre","kommunenummer":"3303"}},{"type":"Polygon","arcs":[[1731,-1727,-1708,1732,-1474,-849]],"properties":{"grunnkretsnummer":"33030609","grunnkretsnavn":"Bævergrenda","delomradenummer":"330306","delomradenavn":"Kongsberg Nord - Østre","kommunenummer":"3303"}},{"type":"Polygon","arcs":[[-1691,1733,1734,1735]],"properties":{"grunnkretsnummer":"33030506","grunnkretsnavn":"Gamlegrendåsen 1","delomradenummer":"330305","delomradenavn":"Kongsberg Syd - Østre","kommunenummer":"3303"}},{"type":"Polygon","arcs":[[1736,-1652,1737,1738,1739,1740]],"properties":{"grunnkretsnummer":"33030301","grunnkretsnavn":"Veungsdalen","delomradenummer":"330303","delomradenavn":"Kongsberg Syd - Vestre","kommunenummer":"3303"}},{"type":"Polygon","arcs":[[1741,1742,1743,1744,-1714,1745]],"properties":{"grunnkretsnummer":"33030307","grunnkretsnavn":"Vestsiden sentrum","delomradenummer":"330303","delomradenavn":"Kongsberg Syd - Vestre","kommunenummer":"3303"}},{"type":"Polygon","arcs":[[-1715,-1745,1746,1747,-1693,1748]],"properties":{"grunnkretsnummer":"33030305","grunnkretsnavn":"Bergsliens gate","delomradenummer":"330303","delomradenavn":"Kongsberg Syd - Vestre","kommunenummer":"3303"}},{"type":"Polygon","arcs":[[1749,-1725,-1658,-1673,1750,-1743]],"properties":{"grunnkretsnummer":"33030601","grunnkretsnavn":"Nymoen sentrum","delomradenummer":"330306","delomradenavn":"Kongsberg Nord - Østre","kommunenummer":"3303"}},{"type":"Polygon","arcs":[[1751,1752,1753,1754,-1667,1755]],"properties":{"grunnkretsnummer":"33030204","grunnkretsnavn":"Hillestad","delomradenummer":"330302","delomradenavn":"Hedenstad","kommunenummer":"3303"}},{"type":"Polygon","arcs":[[1756,1757,1758,1759]],"properties":{"grunnkretsnummer":"33030103","grunnkretsnavn":"Eid","delomradenummer":"330301","delomradenavn":"Tuft - Komnes - Efteløt","kommunenummer":"3303"}},{"type":"Polygon","arcs":[[1760,1761,-1687,-756]],"properties":{"grunnkretsnummer":"33030201","grunnkretsnavn":"Brenne","delomradenummer":"330302","delomradenavn":"Hedenstad","kommunenummer":"3303"}},{"type":"Polygon","arcs":[[-1698,-1701,1762]],"properties":{"grunnkretsnummer":"33030509","grunnkretsnavn":"Gamlegrendåsen 4","delomradenummer":"330305","delomradenavn":"Kongsberg Syd - Østre","kommunenummer":"3303"}},{"type":"Polygon","arcs":[[-1732,-848,-1721,1763,1764,-1728]],"properties":{"grunnkretsnummer":"33030608","grunnkretsnavn":"Liahengslet","delomradenummer":"330306","delomradenavn":"Kongsberg Nord - Østre","kommunenummer":"3303"}},{"type":"Polygon","arcs":[[1765,1766,1767,-839,1768,-1680]],"properties":{"grunnkretsnummer":"33030106","grunnkretsnavn":"Vines","delomradenummer":"330301","delomradenavn":"Tuft - Komnes - Efteløt","kommunenummer":"3303"}},{"type":"Polygon","arcs":[[-1766,-1679,1769]],"properties":{"grunnkretsnummer":"33030109","grunnkretsnavn":"Efteløt","delomradenummer":"330301","delomradenavn":"Tuft - Komnes - Efteløt","kommunenummer":"3303"}},{"type":"Polygon","arcs":[[-1484,-1475,-1733,-1707,1770,-1661,1771]],"properties":{"grunnkretsnummer":"33030406","grunnkretsnavn":"Gravningen-Lofthus","delomradenummer":"330304","delomradenavn":"Kongsberg Nord - Vestre","kommunenummer":"3303"}},{"type":"Polygon","arcs":[[-1669,1772,-1684,-1774,-1775,-1776]],"properties":{"grunnkretsnummer":"33030111","grunnkretsnavn":"Mykle","delomradenummer":"330301","delomradenavn":"Tuft - Komnes - Efteløt","kommunenummer":"3303"}},{"type":"Polygon","arcs":[[1776,1777,1778,-1780,-1665]],"properties":{"grunnkretsnummer":"33030207","grunnkretsnavn":"Meheia","delomradenummer":"330302","delomradenavn":"Hedenstad","kommunenummer":"3303"}},{"type":"Polygon","arcs":[[-1748,1780,-1738,-1651,-1694]],"properties":{"grunnkretsnummer":"33030304","grunnkretsnavn":"Sandsværmoen","delomradenummer":"330303","delomradenavn":"Kongsberg Syd - Vestre","kommunenummer":"3303"}},{"type":"Polygon","arcs":[[1781,-1783,-1682,1783,1784,-1757]],"properties":{"grunnkretsnummer":"33030104","grunnkretsnavn":"Hvål","delomradenummer":"330301","delomradenavn":"Tuft - Komnes - Efteløt","kommunenummer":"3303"}},{"type":"Polygon","arcs":[[1785,1786,1787,-1778]],"properties":{"grunnkretsnummer":"33030212","grunnkretsnavn":"Saggrenda syd","delomradenummer":"330302","delomradenavn":"Hedenstad","kommunenummer":"3303"}},{"type":"Polygon","arcs":[[-1755,1788,-1767,-1770,-1678,-1773,-1668]],"properties":{"grunnkretsnummer":"33030108","grunnkretsnavn":"Ås","delomradenummer":"330301","delomradenavn":"Tuft - Komnes - Efteløt","kommunenummer":"3303"}},{"type":"Polygon","arcs":[[-1731,1789,-1710]],"properties":{"grunnkretsnummer":"33030403","grunnkretsnavn":"Dyrgrav","delomradenummer":"330304","delomradenavn":"Kongsberg Nord - Vestre","kommunenummer":"3303"}},{"type":"Polygon","arcs":[[-1764,-1720,-1723,1790]],"properties":{"grunnkretsnummer":"33030606","grunnkretsnavn":"Raumyr","delomradenummer":"330306","delomradenavn":"Kongsberg Nord - Østre","kommunenummer":"3303"}},{"type":"Polygon","arcs":[[-1676,-1692,-1736,1791]],"properties":{"grunnkretsnummer":"33030502","grunnkretsnavn":"Kapermoen","delomradenummer":"330305","delomradenavn":"Kongsberg Syd - Østre","kommunenummer":"3303"}},{"type":"Polygon","arcs":[[1792,-1741,1793,1794,1795]],"properties":{"grunnkretsnummer":"33030210","grunnkretsnavn":"Moane","delomradenummer":"330302","delomradenavn":"Hedenstad","kommunenummer":"3303"}},{"type":"Polygon","arcs":[[-1747,-1744,-1751,-1677,-1792,-1735,1796,-1699,-1763,-1700,1797,-1739,-1781]],"properties":{"grunnkretsnummer":"33030501","grunnkretsnavn":"Gomsrud","delomradenummer":"330305","delomradenavn":"Kongsberg Syd - Østre","kommunenummer":"3303"}},{"type":"Polygon","arcs":[[-1662,-1771,-1706]],"properties":{"grunnkretsnummer":"33030408","grunnkretsnavn":"Elvehøy","delomradenummer":"330304","delomradenavn":"Kongsberg Nord - Vestre","kommunenummer":"3303"}},{"type":"Polygon","arcs":[[-838,1798,1799,1800,1801,1802,-1784,-1681,-1769]],"properties":{"grunnkretsnummer":"33030105","grunnkretsnavn":"Komnes","delomradenummer":"330301","delomradenavn":"Tuft - Komnes - Efteløt","kommunenummer":"3303"}},{"type":"Polygon","arcs":[[-1734,-1690,-1702,-1696,-1797]],"properties":{"grunnkretsnummer":"33030507","grunnkretsnavn":"Gamlegrendåsen 2","delomradenummer":"330305","delomradenavn":"Kongsberg Syd - Østre","kommunenummer":"3303"}},{"type":"Polygon","arcs":[[-1664,-1713,1803,-1796,1804,-1786,-1777]],"properties":{"grunnkretsnummer":"33030211","grunnkretsnavn":"Saggrenda","delomradenummer":"330302","delomradenavn":"Hedenstad","kommunenummer":"3303"}},{"type":"Polygon","arcs":[[-1703,-1688,-1762,1805,-1753,1806]],"properties":{"grunnkretsnummer":"33030203","grunnkretsnavn":"Skollenborg","delomradenummer":"330302","delomradenavn":"Hedenstad","kommunenummer":"3303"}},{"type":"Polygon","arcs":[[-1729,-1765,-1791,-1722,-1750,1807]],"properties":{"grunnkretsnummer":"33030607","grunnkretsnavn":"Dyrmyr","delomradenummer":"330306","delomradenavn":"Kongsberg Nord - Østre","kommunenummer":"3303"}},{"type":"Polygon","arcs":[[-1785,-1803,1808,1809,1810,-1758]],"properties":{"grunnkretsnummer":"33030102","grunnkretsnavn":"Tuft","delomradenummer":"330301","delomradenavn":"Tuft - Komnes - Efteløt","kommunenummer":"3303"}},{"type":"Polygon","arcs":[[-1759,-1811,1811,1812,1813,1814]],"properties":{"grunnkretsnummer":"33030101","grunnkretsnavn":"Hvittingfoss","delomradenummer":"330301","delomradenavn":"Tuft - Komnes - Efteløt","kommunenummer":"3303"}},{"type":"Polygon","arcs":[[-1740,-1798,-1705,1815,-1794]],"properties":{"grunnkretsnummer":"33030209","grunnkretsnavn":"Kongsgårdmoen","delomradenummer":"330302","delomradenavn":"Hedenstad","kommunenummer":"3303"}},{"type":"Polygon","arcs":[[-1787,-1805,-1795,-1816,-1704,-1807,-1752,1816]],"properties":{"grunnkretsnummer":"33030208","grunnkretsnavn":"Landverk","delomradenummer":"330302","delomradenavn":"Hedenstad","kommunenummer":"3303"}},{"type":"Polygon","arcs":[[-1718,-1726,-1685,-1674,-1656,-1724]],"properties":{"grunnkretsnummer":"33030603","grunnkretsnavn":"Skarpåsskogen","delomradenummer":"330306","delomradenavn":"Kongsberg Nord - Østre","kommunenummer":"3303"}},{"type":"Polygon","arcs":[[-1712,1817,-1746,-1716,-1749,-1695,-1653,-1737,-1793,-1804]],"properties":{"grunnkretsnummer":"33030308","grunnkretsnavn":"Bergstaden","delomradenummer":"330303","delomradenavn":"Kongsberg Syd - Vestre","kommunenummer":"3303"}},{"type":"Polygon","arcs":[[-1768,-1789,-1754,-1806,-1761,-755,-819,-840]],"properties":{"grunnkretsnummer":"33030107","grunnkretsnavn":"Hostvedt","delomradenummer":"330301","delomradenavn":"Tuft - Komnes - Efteløt","kommunenummer":"3303"}},{"type":"Polygon","arcs":[[-1711,-1790,-1730,-1808,-1742,-1818]],"properties":{"grunnkretsnummer":"33030401","grunnkretsnavn":"Postbrumoen","delomradenummer":"330304","delomradenavn":"Kongsberg Nord - Vestre","kommunenummer":"3303"}},{"type":"Polygon","arcs":[[-1779,-1788,-1817,-1756,-1666,-1819,-1820]],"properties":{"grunnkretsnummer":"33030206","grunnkretsnavn":"Heistadmoen","delomradenummer":"330302","delomradenavn":"Hedenstad","kommunenummer":"3303"}},{"type":"Polygon","arcs":[[-1485,-1772,-1660,-1821,-1822,-1644]],"properties":{"grunnkretsnummer":"33030407","grunnkretsnavn":"Øvre Jondalen","delomradenummer":"330304","delomradenavn":"Kongsberg Nord - Vestre","kommunenummer":"3303"}},{"type":"Polygon","arcs":[[1822,1823,1824,1825,1826]],"properties":{"grunnkretsnummer":"33200102","grunnkretsnavn":"Åvestrud","delomradenummer":"332001","delomradenavn":"Flå","kommunenummer":"3320"}},{"type":"Polygon","arcs":[[1827,1828,-1826,1829,1830,1831,1832,1833]],"properties":{"grunnkretsnummer":"33200109","grunnkretsnavn":"Gråfjell","delomradenummer":"332001","delomradenavn":"Flå","kommunenummer":"3320"}},{"type":"Polygon","arcs":[[1834,1835,-1831,1836,1837,1838,1839]],"properties":{"grunnkretsnummer":"33200105","grunnkretsnavn":"Gulsvik","delomradenummer":"332001","delomradenavn":"Flå","kommunenummer":"3320"}},{"type":"Polygon","arcs":[[-1565,1840,1841,1842,1843,-1823,1844,-1576]],"properties":{"grunnkretsnummer":"33200108","grunnkretsnavn":"Dagali-Veneli","delomradenummer":"332001","delomradenavn":"Flå","kommunenummer":"3320"}},{"type":"Polygon","arcs":[[-1577,-1845,-1827,-1829,1845,-1472,-1579]],"properties":{"grunnkretsnummer":"33200101","grunnkretsnavn":"Stavn","delomradenummer":"332001","delomradenavn":"Flå","kommunenummer":"3320"}},{"type":"Polygon","arcs":[[1846,-1843,1847,1848,1849,1850,1851,1852,-1839]],"properties":{"grunnkretsnummer":"33200107","grunnkretsnavn":"Sørbøl-Nautskardfjella","delomradenummer":"332001","delomradenavn":"Flå","kommunenummer":"3320"}},{"type":"Polygon","arcs":[[-1853,1853,1854,-1840]],"properties":{"grunnkretsnummer":"33200106","grunnkretsnavn":"Medbøen","delomradenummer":"332001","delomradenavn":"Flå","kommunenummer":"3320"}},{"type":"Polygon","arcs":[[1855,-1837,-1830,-1825]],"properties":{"grunnkretsnummer":"33200103","grunnkretsnavn":"Vold vestre","delomradenummer":"332001","delomradenavn":"Flå","kommunenummer":"3320"}},{"type":"Polygon","arcs":[[-1844,-1847,-1838,-1856,-1824]],"properties":{"grunnkretsnummer":"33200104","grunnkretsnavn":"Vold østre","delomradenummer":"332001","delomradenavn":"Flå","kommunenummer":"3320"}},{"type":"Polygon","arcs":[[1856,-73,-1377,-1461,1857]],"properties":{"grunnkretsnummer":"33320101","grunnkretsnavn":"Nes","delomradenummer":"333201","delomradenavn":"Nerstad","kommunenummer":"3332"}},{"type":"Polygon","arcs":[[1858,-75,1859,1860,1861,1862]],"properties":{"grunnkretsnummer":"33320106","grunnkretsnavn":"Støvern","delomradenummer":"333201","delomradenavn":"Nerstad","kommunenummer":"3332"}},{"type":"Polygon","arcs":[[-1590,1863,1864,1865,1866,-1462,-413,-765,-1479]],"properties":{"grunnkretsnummer":"33320104","grunnkretsnavn":"Vatnås","delomradenummer":"333201","delomradenavn":"Nerstad","kommunenummer":"3332"}},{"type":"Polygon","arcs":[[-1846,-1828,1867,-1540,-1487,-1473]],"properties":{"grunnkretsnummer":"33320305","grunnkretsnavn":"Vestbygda","delomradenummer":"333203","delomradenavn":"Eggedal","kommunenummer":"3332"}},{"type":"Polygon","arcs":[[-1536,-1541,-1868,-1834,1868,1869]],"properties":{"grunnkretsnummer":"33320304","grunnkretsnavn":"Hollerud","delomradenummer":"333203","delomradenavn":"Eggedal","kommunenummer":"3332"}},{"type":"Polygon","arcs":[[1870,1871,1872,1873,1874]],"properties":{"grunnkretsnummer":"33320206","grunnkretsnavn":"Haga","delomradenummer":"333202","delomradenavn":"Prestfoss","kommunenummer":"3332"}},{"type":"Polygon","arcs":[[1875,1876,1877,-1872,1878]],"properties":{"grunnkretsnummer":"33320205","grunnkretsnavn":"Eidal","delomradenummer":"333202","delomradenavn":"Prestfoss","kommunenummer":"3332"}},{"type":"Polygon","arcs":[[1879,-1869,-1833,1880]],"properties":{"grunnkretsnummer":"33320303","grunnkretsnavn":"Teige","delomradenummer":"333203","delomradenavn":"Eggedal","kommunenummer":"3332"}},{"type":"Polygon","arcs":[[1881,-1874,1882,-1635,-1606,-1592,1883]],"properties":{"grunnkretsnummer":"33320301","grunnkretsnavn":"Enger","delomradenummer":"333203","delomradenavn":"Eggedal","kommunenummer":"3332"}},{"type":"Polygon","arcs":[[1884,1885,-1863,1886,1887]],"properties":{"grunnkretsnummer":"33320107","grunnkretsnavn":"Vad","delomradenummer":"333201","delomradenavn":"Nerstad","kommunenummer":"3332"}},{"type":"Polygon","arcs":[[1888,1889]],"properties":{"grunnkretsnummer":"33180101","grunnkretsnavn":"Tangen","delomradenummer":"331801","delomradenavn":"Ytre Krødsherad","kommunenummer":"3318"}},{"type":"Polygon","arcs":[[-1882,1890,1891,-1875]],"properties":{"grunnkretsnummer":"33180203","grunnkretsnavn":"Rundskogen","delomradenummer":"331802","delomradenavn":"Øvre - Midtre Krødsherad","kommunenummer":"3318"}},{"type":"Polygon","arcs":[[1892,1893,1894,1895,1896,1897,-1891]],"properties":{"grunnkretsnummer":"33180202","grunnkretsnavn":"Nore","delomradenummer":"331802","delomradenavn":"Øvre - Midtre Krødsherad","kommunenummer":"3318"}},{"type":"Polygon","arcs":[[1898,1899,1900,-1896,1901]],"properties":{"grunnkretsnummer":"33180208","grunnkretsnavn":"Ørpen","delomradenummer":"331802","delomradenavn":"Øvre - Midtre Krødsherad","kommunenummer":"3318"}},{"type":"Polygon","arcs":[[-1902,-1895,1902,-1835,1903]],"properties":{"grunnkretsnummer":"33180205","grunnkretsnavn":"Snersrud","delomradenummer":"331802","delomradenavn":"Øvre - Midtre Krødsherad","kommunenummer":"3318"}},{"type":"Polygon","arcs":[[1904,1905,1906,1907,1908]],"properties":{"grunnkretsnummer":"33180107","grunnkretsnavn":"Hamremoen","delomradenummer":"331801","delomradenavn":"Ytre Krødsherad","kommunenummer":"3318"}},{"type":"Polygon","arcs":[[1909,1910,1911,-1905,1912,1913,-1900]],"properties":{"grunnkretsnummer":"33180108","grunnkretsnavn":"Rishovd-Redalen","delomradenummer":"331801","delomradenavn":"Ytre Krødsherad","kommunenummer":"3318"}},{"type":"Polygon","arcs":[[-68,1914,-1889,1915,1916,1917,-1460,-409]],"properties":{"grunnkretsnummer":"33180105","grunnkretsnavn":"Sundvollen","delomradenummer":"331801","delomradenavn":"Ytre Krødsherad","kommunenummer":"3318"}},{"type":"Polygon","arcs":[[-1836,-1903,-1894,1918,-1881,-1832]],"properties":{"grunnkretsnummer":"33180204","grunnkretsnavn":"Norefjell","delomradenummer":"331802","delomradenavn":"Øvre - Midtre Krødsherad","kommunenummer":"3318"}},{"type":"Polygon","arcs":[[1919,1920,1921,-1917,1922,1923,-1907]],"properties":{"grunnkretsnummer":"33180106","grunnkretsnavn":"Håkonsrud","delomradenummer":"331801","delomradenavn":"Ytre Krødsherad","kommunenummer":"3318"}},{"type":"Polygon","arcs":[[-1877,1924,1925,-1864,-1589,-1622,1926]],"properties":{"grunnkretsnummer":"33320203","grunnkretsnavn":"Nubberud","delomradenummer":"333202","delomradenavn":"Prestfoss","kommunenummer":"3332"}},{"type":"Polygon","arcs":[[1927,1928,-1865,-1926]],"properties":{"grunnkretsnummer":"33320202","grunnkretsnavn":"Kringstad","delomradenummer":"333202","delomradenavn":"Prestfoss","kommunenummer":"3332"}},{"type":"Polygon","arcs":[[1929,-1888,-1928,-1925,-1876,1930,1931]],"properties":{"grunnkretsnummer":"33320201","grunnkretsnavn":"Ramstad","delomradenummer":"333202","delomradenavn":"Prestfoss","kommunenummer":"3332"}},{"type":"Polygon","arcs":[[-1887,-1862,1932,-1866,-1929]],"properties":{"grunnkretsnummer":"33320105","grunnkretsnavn":"Velstad","delomradenummer":"333201","delomradenavn":"Nerstad","kommunenummer":"3332"}},{"type":"Polygon","arcs":[[-1634,-1883,-1873,-1878,-1927,-1621,-1625]],"properties":{"grunnkretsnummer":"33320204","grunnkretsnavn":"Båsum","delomradenummer":"333202","delomradenavn":"Prestfoss","kommunenummer":"3332"}},{"type":"Polygon","arcs":[[-1933,-1861,1933,-1858,-1463,-1867]],"properties":{"grunnkretsnummer":"33320103","grunnkretsnavn":"Green","delomradenummer":"333201","delomradenavn":"Nerstad","kommunenummer":"3332"}},{"type":"Polygon","arcs":[[-1880,-1919,-1893,-1884,-1591,-1537,-1870]],"properties":{"grunnkretsnummer":"33320302","grunnkretsnavn":"Kopseng","delomradenummer":"333203","delomradenavn":"Eggedal","kommunenummer":"3332"}},{"type":"Polygon","arcs":[[-1860,-74,-1857,-1934]],"properties":{"grunnkretsnummer":"33320102","grunnkretsnavn":"Kolsrud","delomradenummer":"333201","delomradenavn":"Nerstad","kommunenummer":"3332"}},{"type":"Polygon","arcs":[[1934,-1932,1935,1936,-1908]],"properties":{"grunnkretsnummer":"33180104","grunnkretsnavn":"Råen","delomradenummer":"331801","delomradenavn":"Ytre Krødsherad","kommunenummer":"3318"}},{"type":"Polygon","arcs":[[-1935,-1924,1937,-1885,-1930]],"properties":{"grunnkretsnummer":"33180103","grunnkretsnavn":"Skinnes","delomradenummer":"331801","delomradenavn":"Ytre Krødsherad","kommunenummer":"3318"}},{"type":"Polygon","arcs":[[-1923,-1916,-1890,-1915,-67,-1859,-1886,-1938]],"properties":{"grunnkretsnummer":"33180102","grunnkretsnavn":"Glesne","delomradenummer":"331801","delomradenavn":"Ytre Krødsherad","kommunenummer":"3318"}},{"type":"Polygon","arcs":[[-1913,-1909,-1937,1938,1939]],"properties":{"grunnkretsnummer":"33180206","grunnkretsnavn":"Green-Bjertnes","delomradenummer":"331802","delomradenavn":"Øvre - Midtre Krødsherad","kommunenummer":"3318"}},{"type":"Polygon","arcs":[[-1855,1940,-1910,-1899,-1904]],"properties":{"grunnkretsnummer":"33180209","grunnkretsnavn":"Enderud","delomradenummer":"331802","delomradenavn":"Øvre - Midtre Krødsherad","kommunenummer":"3318"}},{"type":"Polygon","arcs":[[-1901,-1914,-1940,1941,-1897]],"properties":{"grunnkretsnummer":"33180207","grunnkretsnavn":"Olberg","delomradenummer":"331802","delomradenavn":"Øvre - Midtre Krødsherad","kommunenummer":"3318"}},{"type":"Polygon","arcs":[[-1939,-1936,-1931,-1879,-1871,-1892,-1898,-1942]],"properties":{"grunnkretsnummer":"33180201","grunnkretsnavn":"Bjøre","delomradenummer":"331802","delomradenavn":"Øvre - Midtre Krødsherad","kommunenummer":"3318"}},{"type":"Polygon","arcs":[[1942,1943,1944]],"properties":{"grunnkretsnummer":"33050506","grunnkretsnavn":"Høyby","delomradenummer":"330505","delomradenavn":"Ytre Soknedal","kommunenummer":"3305"}},{"type":"Polygon","arcs":[[-1455,1945,1946,1947,1948,1949]],"properties":{"grunnkretsnummer":"33050603","grunnkretsnavn":"Pjåkerud","delomradenummer":"330506","delomradenavn":"Tyristrand","kommunenummer":"3305"}},{"type":"Polygon","arcs":[[1950,1951,1952,-1947,1953,1954]],"properties":{"grunnkretsnummer":"33050501","grunnkretsnavn":"Borglund","delomradenummer":"330505","delomradenavn":"Ytre Soknedal","kommunenummer":"3305"}},{"type":"Polygon","arcs":[[1955,1956,1957,1958,1959]],"properties":{"grunnkretsnummer":"33050101","grunnkretsnavn":"Sørsida 1","delomradenummer":"330501","delomradenavn":"Hønefoss","kommunenummer":"3305"}},{"type":"Polygon","arcs":[[1960,1961,1962,1963]],"properties":{"grunnkretsnummer":"33050803","grunnkretsnavn":"Hen","delomradenummer":"330508","delomradenavn":"Ytre Ådal","kommunenummer":"3305"}},{"type":"Polygon","arcs":[[-1457,1964]],"properties":{"grunnkretsnummer":"33050601","grunnkretsnavn":"Stigsrud","delomradenummer":"330506","delomradenavn":"Tyristrand","kommunenummer":"3305"}},{"type":"Polygon","arcs":[[1965,1966,1967,1968,1969,1970]],"properties":{"grunnkretsnummer":"33100301","grunnkretsnavn":"Helgelandsmoen","delomradenummer":"331003","delomradenavn":"Røyse","kommunenummer":"3310"}},{"type":"Polygon","arcs":[[1971,1972,1973,-1383]],"properties":{"grunnkretsnummer":"33100203","grunnkretsnavn":"Nes-Sønsterud","delomradenummer":"331002","delomradenavn":"Sundvollen","kommunenummer":"3310"}},{"type":"Polygon","arcs":[[1974,1975,1976,1977]],"properties":{"grunnkretsnummer":"33100304","grunnkretsnavn":"Fjeld-Hundstad","delomradenummer":"331003","delomradenavn":"Røyse","kommunenummer":"3310"}},{"type":"Polygon","arcs":[[1978,-1978,1979,1980]],"properties":{"grunnkretsnummer":"33100305","grunnkretsnavn":"Vestre Ruud-Leine","delomradenummer":"331003","delomradenavn":"Røyse","kommunenummer":"3310"}},{"type":"Polygon","arcs":[[-1969,1981,1982,1983,1984,1985,-1976,1986]],"properties":{"grunnkretsnummer":"33100303","grunnkretsnavn":"Svingerud-Svendsrud","delomradenummer":"331003","delomradenavn":"Røyse","kommunenummer":"3310"}},{"type":"Polygon","arcs":[[1987,1988,1989,1990,1991,1992]],"properties":{"grunnkretsnummer":"33100201","grunnkretsnavn":"Sundvollen","delomradenummer":"331002","delomradenavn":"Sundvollen","kommunenummer":"3310"}},{"type":"Polygon","arcs":[[-1977,-1986,1993,1994,-406,-1980]],"properties":{"grunnkretsnummer":"33100306","grunnkretsnavn":"Bønsnes-Svarstad","delomradenummer":"331003","delomradenavn":"Røyse","kommunenummer":"3310"}},{"type":"Polygon","arcs":[[-1996,-1997,-1998,1998,-1973,1999,-1988,2000]],"properties":{"grunnkretsnummer":"33100205","grunnkretsnavn":"Krokskogen","delomradenummer":"331002","delomradenavn":"Sundvollen","kommunenummer":"3310"}},{"type":"Polygon","arcs":[[2001,2002,2003,2004]],"properties":{"grunnkretsnummer":"33050201","grunnkretsnavn":"Hengsle","delomradenummer":"330502","delomradenavn":"Ullerål","kommunenummer":"3305"}},{"type":"Polygon","arcs":[[2005,2006,-2008,2008,2009,2010]],"properties":{"grunnkretsnummer":"33050901","grunnkretsnavn":"Flaskerud","delomradenummer":"330509","delomradenavn":"Viker - Nes","kommunenummer":"3305"}},{"type":"Polygon","arcs":[[-1992,2011,2012,-1982,-1968,2013,2014]],"properties":{"grunnkretsnummer":"33100101","grunnkretsnavn":"Steinsfjerdingen","delomradenummer":"331001","delomradenavn":"Stein","kommunenummer":"3310"}},{"type":"Polygon","arcs":[[-1981,2015,-1949,2016,2017]],"properties":{"grunnkretsnummer":"33050604","grunnkretsnavn":"Tyristrand","delomradenummer":"330506","delomradenavn":"Tyristrand","kommunenummer":"3305"}},{"type":"Polygon","arcs":[[-2019,2019,2020,2021,2022,-2006,2023,2024,-1850]],"properties":{"grunnkretsnummer":"33050902","grunnkretsnavn":"Viker","delomradenummer":"330509","delomradenavn":"Viker - Nes","kommunenummer":"3305"}},{"type":"Polygon","arcs":[[2025,2026,2027,2028,2029]],"properties":{"grunnkretsnummer":"33050305","grunnkretsnavn":"Øvre Haug","delomradenummer":"330503","delomradenavn":"Haug","kommunenummer":"3305"}},{"type":"Polygon","arcs":[[2030,2031,2032,2033,2034,2035,-1958]],"properties":{"grunnkretsnummer":"33050302","grunnkretsnavn":"Vestern","delomradenummer":"330503","delomradenavn":"Haug","kommunenummer":"3305"}},{"type":"Polygon","arcs":[[-1955,2036,-1453,-1918,-1922,-1921,2037,2038,-2024,-2011,2039]],"properties":{"grunnkretsnummer":"33050704","grunnkretsnavn":"Kirkemoen","delomradenummer":"330507","delomradenavn":"Lunder","kommunenummer":"3305"}},{"type":"Polygon","arcs":[[-2018,2040,-1970,-1987,-1975,-1979]],"properties":{"grunnkretsnummer":"33100302","grunnkretsnavn":"Stadum-Gomnes","delomradenummer":"331003","delomradenavn":"Røyse","kommunenummer":"3310"}},{"type":"Polygon","arcs":[[-1985,2041,2042,2043,-1994]],"properties":{"grunnkretsnummer":"33100104","grunnkretsnavn":"Blomshøgda-Vik","delomradenummer":"331001","delomradenavn":"Stein","kommunenummer":"3310"}},{"type":"Polygon","arcs":[[-2012,-1991,2044,-2042,-1984,2045]],"properties":{"grunnkretsnummer":"33100103","grunnkretsnavn":"Steinsåsen","delomradenummer":"331001","delomradenavn":"Stein","kommunenummer":"3310"}},{"type":"Polygon","arcs":[[-1943,2046,2047,2048,2049,2050,2051,2052]],"properties":{"grunnkretsnummer":"33050505","grunnkretsnavn":"Øvre Eikli","delomradenummer":"330505","delomradenavn":"Ytre Soknedal","kommunenummer":"3305"}},{"type":"Polygon","arcs":[[-155,-1974,-1999,-2054,-195]],"properties":{"grunnkretsnummer":"33100204","grunnkretsnavn":"Sollihøgda","delomradenummer":"331002","delomradenavn":"Sundvollen","kommunenummer":"3310"}},{"type":"Polygon","arcs":[[-2044,-1989,-2000,-1972,-1995]],"properties":{"grunnkretsnummer":"33100202","grunnkretsnavn":"Elstangen-Haglund","delomradenummer":"331002","delomradenavn":"Sundvollen","kommunenummer":"3310"}},{"type":"Polygon","arcs":[[2054,-2038,-1920,-1906,-1912,2055]],"properties":{"grunnkretsnummer":"33050703","grunnkretsnavn":"Aker","delomradenummer":"330507","delomradenavn":"Lunder","kommunenummer":"3305"}},{"type":"Polygon","arcs":[[-1953,2056,2057,2058,-2052,2059,2060,-1971,-2041,-2017,-1948]],"properties":{"grunnkretsnummer":"33050504","grunnkretsnavn":"Stranden","delomradenummer":"330505","delomradenavn":"Ytre Soknedal","kommunenummer":"3305"}},{"type":"Polygon","arcs":[[2061,2062,-1963,2063,2064,2065]],"properties":{"grunnkretsnummer":"33050804","grunnkretsnavn":"Semmen","delomradenummer":"330508","delomradenavn":"Ytre Ådal","kommunenummer":"3305"}},{"type":"Polygon","arcs":[[-2046,-1983,-2013]],"properties":{"grunnkretsnummer":"33100102","grunnkretsnavn":"Brenna","delomradenummer":"331001","delomradenavn":"Stein","kommunenummer":"3310"}},{"type":"Polygon","arcs":[[-2045,-1990,-2043]],"properties":{"grunnkretsnummer":"33100105","grunnkretsnavn":"Kroksund","delomradenummer":"331001","delomradenavn":"Stein","kommunenummer":"3310"}},{"type":"Polygon","arcs":[[-2009,-2067,2067,2068]],"properties":{"grunnkretsnummer":"33050802","grunnkretsnavn":"Somdalen","delomradenummer":"330508","delomradenavn":"Ytre Ådal","kommunenummer":"3305"}},{"type":"Polygon","arcs":[[-2037,-1954,-1946,-1454]],"properties":{"grunnkretsnummer":"33050705","grunnkretsnavn":"Tranby","delomradenummer":"330507","delomradenavn":"Lunder","kommunenummer":"3305"}},{"type":"Polygon","arcs":[[2069,-2032,2070]],"properties":{"grunnkretsnummer":"33050106","grunnkretsnavn":"Vesterntangen","delomradenummer":"330501","delomradenavn":"Hønefoss","kommunenummer":"3305"}},{"type":"Polygon","arcs":[[-2064,-1962,2071,2072,2073,2074,-2002,2075,2076,2077]],"properties":{"grunnkretsnummer":"33050512","grunnkretsnavn":"Follum","delomradenummer":"330505","delomradenavn":"Ytre Soknedal","kommunenummer":"3305"}},{"type":"Polygon","arcs":[[2078,2079,2080,2081,-2028,2082]],"properties":{"grunnkretsnummer":"33050304","grunnkretsnavn":"Hval","delomradenummer":"330503","delomradenavn":"Haug","kommunenummer":"3305"}},{"type":"Polygon","arcs":[[-2010,-2069,2083,-2062,2084,-1951,-2040]],"properties":{"grunnkretsnummer":"33050801","grunnkretsnavn":"Skollerud","delomradenummer":"330508","delomradenavn":"Ytre Ådal","kommunenummer":"3305"}},{"type":"Polygon","arcs":[[-2086,2086,-2081,2087]],"properties":{"grunnkretsnummer":"33050306","grunnkretsnavn":"Viul","delomradenummer":"330503","delomradenavn":"Haug","kommunenummer":"3305"}},{"type":"Polygon","arcs":[[2088,-1956,2089,-2049]],"properties":{"grunnkretsnummer":"33050102","grunnkretsnavn":"Sørsida 2","delomradenummer":"330501","delomradenavn":"Hønefoss","kommunenummer":"3305"}},{"type":"Polygon","arcs":[[2090,2091]],"properties":{"grunnkretsnummer":"33050402","grunnkretsnavn":"Arnegård","delomradenummer":"330504","delomradenavn":"Norderhov","kommunenummer":"3305"}},{"type":"Polygon","arcs":[[2092,-2094,-2095,2095,-2022]],"properties":{"grunnkretsnummer":"33050904","grunnkretsnavn":"Skagnes","delomradenummer":"330509","delomradenavn":"Viker - Nes","kommunenummer":"3305"}},{"type":"Polygon","arcs":[[-1854,-1852,-2056,-1911,-1941]],"properties":{"grunnkretsnummer":"33050701","grunnkretsnavn":"Havik","delomradenummer":"330507","delomradenavn":"Lunder","kommunenummer":"3305"}},{"type":"Polygon","arcs":[[2096,2097,-2058]],"properties":{"grunnkretsnummer":"33050503","grunnkretsnavn":"Sandaker","delomradenummer":"330505","delomradenavn":"Ytre Soknedal","kommunenummer":"3305"}},{"type":"Polygon","arcs":[[2098,-1966,-2061]],"properties":{"grunnkretsnummer":"33050509","grunnkretsnavn":"Busund","delomradenummer":"330505","delomradenavn":"Ytre Soknedal","kommunenummer":"3305"}},{"type":"Polygon","arcs":[[-2096,-2100,-2101,-2007,-2023]],"properties":{"grunnkretsnummer":"33050903","grunnkretsnavn":"Nyhus","delomradenummer":"330509","delomradenavn":"Viker - Nes","kommunenummer":"3305"}},{"type":"Polygon","arcs":[[2101,-2079,2102,-2034,2103,2104]],"properties":{"grunnkretsnummer":"33050203","grunnkretsnavn":"Ullerål 2","delomradenummer":"330502","delomradenavn":"Ullerål","kommunenummer":"3305"}},{"type":"Polygon","arcs":[[-2075,2105,-2105,2106,-2003]],"properties":{"grunnkretsnummer":"33050206","grunnkretsnavn":"Ullerål 4","delomradenummer":"330502","delomradenavn":"Ullerål","kommunenummer":"3305"}},{"type":"Polygon","arcs":[[-2108,2108,-2021,2109]],"properties":{"grunnkretsnummer":"33050906","grunnkretsnavn":"vestre Nes","delomradenummer":"330509","delomradenavn":"Viker - Nes","kommunenummer":"3305"}},{"type":"Polygon","arcs":[[2110,2111,-2004,-2107]],"properties":{"grunnkretsnummer":"33050104","grunnkretsnavn":"Nordsida 1","delomradenummer":"330501","delomradenavn":"Hønefoss","kommunenummer":"3305"}},{"type":"Polygon","arcs":[[-2103,-2083,-2027,2112,-2035]],"properties":{"grunnkretsnummer":"33050303","grunnkretsnavn":"Nedre Haug","delomradenummer":"330503","delomradenavn":"Haug","kommunenummer":"3305"}},{"type":"Polygon","arcs":[[-2085,-2066,2113,2114,-2097,-2057,-1952]],"properties":{"grunnkretsnummer":"33050502","grunnkretsnavn":"Heggen","delomradenummer":"330505","delomradenavn":"Ytre Soknedal","kommunenummer":"3305"}},{"type":"Polygon","arcs":[[-2112,2115,-2071,-2031,-1957,-2089,-2048]],"properties":{"grunnkretsnummer":"33050103","grunnkretsnavn":"Sørsida 3","delomradenummer":"330501","delomradenavn":"Hønefoss","kommunenummer":"3305"}},{"type":"Polygon","arcs":[[-2117,-2029,-2082,-2087,-2118,-2119,-2120,-2121]],"properties":{"grunnkretsnummer":"33050301","grunnkretsnavn":"Åsbygda","delomradenummer":"330503","delomradenavn":"Haug","kommunenummer":"3305"}},{"type":"Polygon","arcs":[[-2122,-2123,-2124,-2125,-2126,-2093,-2109]],"properties":{"grunnkretsnummer":"33050905","grunnkretsnavn":"Østre Nes","delomradenummer":"330509","delomradenavn":"Viker - Nes","kommunenummer":"3305"}},{"type":"Polygon","arcs":[[-2063,-2084,-2068,-2127,-2128,2128,-1964]],"properties":{"grunnkretsnummer":"33050805","grunnkretsnavn":"Hallingby","delomradenummer":"330508","delomradenavn":"Ytre Ådal","kommunenummer":"3305"}},{"type":"Polygon","arcs":[[-2114,-2065,-2078,2129,2130]],"properties":{"grunnkretsnummer":"33050511","grunnkretsnavn":"Heradsbygda","delomradenummer":"330505","delomradenavn":"Ytre Soknedal","kommunenummer":"3305"}},{"type":"Polygon","arcs":[[-1950,-2016,-405,-1458,-1965,-1456]],"properties":{"grunnkretsnummer":"33050602","grunnkretsnavn":"Nakkerud","delomradenummer":"330506","delomradenavn":"Tyristrand","kommunenummer":"3305"}},{"type":"Polygon","arcs":[[-2060,-2051,2131,-2092,2132,-1959,-2036,-2113,-2026,2133,-2014,-1967,-2099]],"properties":{"grunnkretsnummer":"33050403","grunnkretsnavn":"Norderhov","delomradenummer":"330504","delomradenavn":"Norderhov","kommunenummer":"3305"}},{"type":"Polygon","arcs":[[-2090,-1960,-2133,-2091,-2132,-2050]],"properties":{"grunnkretsnummer":"33050401","grunnkretsnavn":"Nedre Eikli","delomradenummer":"330504","delomradenavn":"Norderhov","kommunenummer":"3305"}},{"type":"Polygon","arcs":[[-2015,-2134,-2030,-2135,-2136,-2137,-2138,-2139,-2140,-2141,-2142,-2143,-2001,-1993]],"properties":{"grunnkretsnummer":"33050404","grunnkretsnavn":"Vegård","delomradenummer":"330504","delomradenavn":"Norderhov","kommunenummer":"3305"}},{"type":"Polygon","arcs":[[-2088,-2080,-2102,2143,-2073,2144,-2146,-2147]],"properties":{"grunnkretsnummer":"33050204","grunnkretsnavn":"Ullerål 1","delomradenummer":"330502","delomradenavn":"Ullerål","kommunenummer":"3305"}},{"type":"Polygon","arcs":[[-1851,-2025,-2039,-2055]],"properties":{"grunnkretsnummer":"33050702","grunnkretsnavn":"Strømsodd","delomradenummer":"330507","delomradenavn":"Lunder","kommunenummer":"3305"}},{"type":"Polygon","arcs":[[-2148,-2145,-2072,-1961,-2129,-2149,-2150]],"properties":{"grunnkretsnummer":"33050205","grunnkretsnavn":"Vågård","delomradenummer":"330502","delomradenavn":"Ullerål","kommunenummer":"3305"}},{"type":"Polygon","arcs":[[-2076,-2005,-2047,-1945,2150,2151]],"properties":{"grunnkretsnummer":"33050507","grunnkretsnavn":"Veien 1","delomradenummer":"330505","delomradenavn":"Ytre Soknedal","kommunenummer":"3305"}},{"type":"Polygon","arcs":[[-2104,-2033,-2070,-2116,-2111]],"properties":{"grunnkretsnummer":"33050105","grunnkretsnavn":"Nordsida 2","delomradenummer":"330501","delomradenavn":"Hønefoss","kommunenummer":"3305"}},{"type":"Polygon","arcs":[[-2098,-2115,-2131,2152,-2151,-1944,-2053,-2059]],"properties":{"grunnkretsnummer":"33050508","grunnkretsnavn":"Veien 2","delomradenummer":"330505","delomradenavn":"Ytre Soknedal","kommunenummer":"3305"}},{"type":"Polygon","arcs":[[-2077,-2152,-2153,-2130]],"properties":{"grunnkretsnummer":"33050510","grunnkretsnavn":"Ve","delomradenummer":"330505","delomradenavn":"Ytre Soknedal","kommunenummer":"3305"}},{"type":"Polygon","arcs":[[-2154,-2110,-2020,-2155]],"properties":{"grunnkretsnummer":"33050907","grunnkretsnavn":"Lindelia","delomradenummer":"330509","delomradenavn":"Viker - Nes","kommunenummer":"3305"}},{"type":"Polygon","arcs":[[-2144,-2106,-2074]],"properties":{"grunnkretsnummer":"33050207","grunnkretsnavn":"Ullerål 3","delomradenummer":"330502","delomradenavn":"Ullerål","kommunenummer":"3305"}}]},"delomrader":{"type":"GeometryCollection","geometries":[{"type":"MultiPolygon","arcs":[[[483,484,1337,-1041,1336,1213,1211,997,-959,728,-958,-233,-272,-256,-255,-254,-1187,-912,-917,-916,-1052,927,-1055,1322,-1070,-1287,-966,-965,488]]],"properties":{"delomradenummer":"330101","delomradenavn":"Åssiden","kommunenummer":"3301"}},{"type":"MultiPolygon","arcs":[[[-928,1051,915,916,911,1186,-253,-704,-708,-879,631,-881,-880,-40,1206,1067,1068,1069,-1323,1054]]],"properties":{"delomradenummer":"330102","delomradenavn":"Øren - Underlia","kommunenummer":"3301"}},{"type":"MultiPolygon","arcs":[[[878,707,703,-252,-226,-225,886,-815,500,501,502,503,317,-1248,-1247,-425,-1283,989,36,37,38,39,879,880,-632]]],"properties":{"delomradenummer":"330103","delomradenavn":"Bragernes Sentrum","kommunenummer":"3301"}},{"type":"MultiPolygon","arcs":[[[-318,-504,-503,-502,-501,814,-887,-224,-223,-222,-229,-228,-105,-104,-103,-187,-186,-185,-238,384,385,386,379,-741,1246,1247]]],"properties":{"delomradenummer":"330104","delomradenavn":"Fjellheim","kommunenummer":"3301"}},{"type":"MultiPolygon","arcs":[[[-484,-489,964,965,1286,-1069,-1068,-1207,-39,-38,903,-1025,1314,-1001,-736,640,641,637,621,622,-1012,-899,376,377,378,969]]],"properties":{"delomradenummer":"330105","delomradenavn":"Gulskogen - Sundhaugen","kommunenummer":"3301"}},{"type":"MultiPolygon","arcs":[[[-1002,-1315,1024,-904,-37,-990,1282,424,740,-380,-387,1332,-1367,-1128,-1307,-1028,-1027,-1286,586,587,588]]],"properties":{"delomradenummer":"330106","delomradenavn":"Strømsø","kommunenummer":"3301"}},{"type":"MultiPolygon","arcs":[[[890,1267,723,716,1195,-652,-651,1196,719,720,-1101,893,894,527,-1222,856,857,1308,-467,-1029,1306,1127,1366,-1333,-386,-385,-237,-239,-261,-289,-288,-287]]],"properties":{"delomradenummer":"330107","delomradenavn":"Tangen - Åskollen","kommunenummer":"3301"}},{"type":"MultiPolygon","arcs":[[[1297,303,304,305,306,1124,1109,1275,1184,-1058,-641,735,1000,1001,-589,-588,-587,1285,1026,1027,1028,466,467]]],"properties":{"delomradenummer":"330108","delomradenavn":"Danvik - Fjell","kommunenummer":"3301"}},{"type":"MultiPolygon","arcs":[[[1191,1192,1193,1194,-750,-749,-714,1277,-1151,1278,1279,1252,976,-1339,-1146,-1145,-423,-422,-956,1265,-1299,-1276,-1110,-1125,-307,-306,-305,-304,-1298,-468,-1309,-858,-857,1221,-528,-895,-894,1100,-721,-720,-1197,-650,-321,1202,1375,1374,909,910,1130]]],"properties":{"delomradenummer":"330109","delomradenavn":"Skoger","kommunenummer":"3301"}},{"type":"MultiPolygon","arcs":[[[421,422,1144,1145,1338,-977,-1253,-1280,-1279,1150,-1278,-713,-712,1046,-1374,1251,1226,-378,-377,898,1011,-623,-622,-638,-642,1057,-1185,1298,-1266,955]]],"properties":{"delomradenummer":"330110","delomradenavn":"Konnerud","kommunenummer":"3301"}},{"type":"MultiPolygon","arcs":[[[-760,-852,-869,-113,-957,-924,-923,-922,-1092,-1096,-1095,-1289,-1199,-1198,1143,-507,-506,-1071,-300,-762,-761]]],"properties":{"delomradenummer":"330111","delomradenavn":"Krokstadelva","kommunenummer":"3301"}},{"type":"MultiPolygon","arcs":[[[1091,921,922,923,956,-112,-234,957,-729,958,-998,-1212,-1214,-1337,1040,1041,1042,1093,1094,1095]]],"properties":{"delomradenummer":"330112","delomradenavn":"Solbergelva","kommunenummer":"3301"}},{"type":"MultiPolygon","arcs":[[[-301,1070,505,506,507,1075,1076,1077,-822,-821,-872]]],"properties":{"delomradenummer":"330113","delomradenavn":"Steinberg","kommunenummer":"3301"}},{"type":"MultiPolygon","arcs":[[[-1042,-1338,-485,-970,-379,-1227,-1252,1373,-1047,711,712,713,748,749,750,751,-786,-823,-1078,-1077,-1076,-508,-1144,1197,1198,1288,-1094,-1043]]],"properties":{"delomradenummer":"330114","delomradenavn":"Mjøndalen","kommunenummer":"3301"}},{"type":"MultiPolygon","arcs":[[[1363,1257,1258,1259,1364,1105,1106,-939,-938,1102,1362,1315,1316]]],"properties":{"delomradenummer":"330115","delomradenavn":"Berger","kommunenummer":"3301"}},{"type":"MultiPolygon","arcs":[[[1296,-329,-328,-327,875,1328,1329,1116,1358,1294,1295,935,936,937,938,939,940,941]]],"properties":{"delomradenummer":"330116","delomradenavn":"Svelvik","kommunenummer":"3301"}},{"type":"MultiPolygon","arcs":[[[646,1114,1115,324,325,326,327,328,329,319,320,649,650,651]]],"properties":{"delomradenummer":"330117","delomradenavn":"Nesbygda","kommunenummer":"3301"}},{"type":"MultiPolygon","arcs":[[[-1755,-1754,-1806,-1761,-755,-819,-840,-839,-838,1798,1799,1800,1801,1808,1809,1811,1812,1813,1814,1759,1781,-1783,-1683,-1774,-1775,-1776,-1669,-1668]]],"properties":{"delomradenummer":"330301","delomradenavn":"Tuft - Komnes - Efteløt","kommunenummer":"3303"}},{"type":"MultiPolygon","arcs":[[[-1780,-1665,-1664,-1713,1803,1792,-1741,-1740,-1798,1699,1700,-1697,1701,-1689,-1688,-1687,-756,1760,1805,1753,1754,1667,1668,-1670,-1671,1671,-1819,-1820]]],"properties":{"delomradenummer":"330302","delomradenavn":"Hedenstad","kommunenummer":"3303"}},{"type":"MultiPolygon","arcs":[[[1738,1739,1740,-1793,-1804,-1712,1817,1741,1742,1743,1746,1780]]],"properties":{"delomradenummer":"330303","delomradenavn":"Kongsberg Syd - Vestre","kommunenummer":"3303"}},{"type":"MultiPolygon","arcs":[[[-1485,-1484,-1475,-1733,1707,1726,1727,1728,-1808,-1742,-1818,1711,1712,1663,1664,-1659,-1821,-1822,-1644]]],"properties":{"delomradenummer":"330304","delomradenavn":"Kongsberg Nord - Vestre","kommunenummer":"3303"}},{"type":"MultiPolygon","arcs":[[[-1702,1696,-1701,-1700,1797,-1739,-1781,-1747,-1744,-1751,1672,1657,1654,1655,1673,1684,1685,-354,-753,1686,1687,1688]]],"properties":{"delomradenummer":"330305","delomradenavn":"Kongsberg Syd - Østre","kommunenummer":"3303"}},{"type":"MultiPolygon","arcs":[[[-1686,-1685,-1674,-1656,-1655,-1658,-1673,1750,-1743,1807,-1729,-1728,-1727,-1708,1732,-1474,-849,-848,-847,-846,-355]]],"properties":{"delomradenummer":"330306","delomradenavn":"Kongsberg Nord - Østre","kommunenummer":"3303"}},{"type":"MultiPolygon","arcs":[[[-2048,-2004,-2107,-2104,-2033,-2032,-2031,1957,1958,1959,2089,-2049]]],"properties":{"delomradenummer":"330501","delomradenavn":"Hønefoss","kommunenummer":"3305"}},{"type":"MultiPolygon","arcs":[[[-2073,-2072,-1961,-2129,-2149,-2150,-2148,-2146,-2147,-2088,-2080,-2079,2102,-2034,2103,2106,2003,2004,2001,-2075,-2074]]],"properties":{"delomradenummer":"330502","delomradenavn":"Ullerål","kommunenummer":"3305"}},{"type":"MultiPolygon","arcs":[[[2030,2031,2032,2033,-2103,2078,2079,2087,-2086,-2118,-2119,-2120,-2121,-2117,2029,2025,2112,2035,-1958]]],"properties":{"delomradenummer":"330503","delomradenavn":"Haug","kommunenummer":"3305"}},{"type":"MultiPolygon","arcs":[[[-2090,-1960,-1959,-2036,-2113,-2026,-2030,-2135,-2136,-2137,-2138,-2139,-2140,-2141,-2142,-2143,-2001,-1993,-2015,-2014,-1967,-2099,-2060,-2051,-2050]]],"properties":{"delomradenummer":"330504","delomradenavn":"Norderhov","kommunenummer":"3305"}},{"type":"MultiPolygon","arcs":[[[2059,2098,-1966,-1971,-2041,-2017,-1948,-1947,1953,1954,1950,-2085,-2066,-2065,-2064,-1962,2071,2072,2073,2074,-2002,-2005,2047,2048,2049,2050]]],"properties":{"delomradenummer":"330505","delomradenavn":"Ytre Soknedal","kommunenummer":"3305"}},{"type":"MultiPolygon","arcs":[[[-1981,-405,-1458,-1457,-1456,-1455,1945,1946,1947,2016,2017]]],"properties":{"delomradenummer":"330506","delomradenavn":"Tyristrand","kommunenummer":"3305"}},{"type":"MultiPolygon","arcs":[[[-1453,-1918,-1922,-1921,-1920,-1906,-1912,-1911,-1941,-1854,-1852,-1851,-2025,-2024,-2011,2039,-1955,-1954,-1946,-1454]]],"properties":{"delomradenummer":"330507","delomradenavn":"Lunder","kommunenummer":"3305"}},{"type":"MultiPolygon","arcs":[[[2084,-1951,-2040,-2010,-2009,-2067,-2127,-2128,2128,1960,1961,2063,2064,2065]]],"properties":{"delomradenummer":"330508","delomradenavn":"Ytre Ådal","kommunenummer":"3305"}},{"type":"MultiPolygon","arcs":[[[-2019,-2155,-2154,-2108,-2122,-2123,-2124,-2125,-2126,-2094,-2095,-2100,-2101,-2008,2008,2009,2010,2023,2024,-1850]]],"properties":{"delomradenummer":"330509","delomradenavn":"Viker - Nes","kommunenummer":"3305"}},{"type":"MultiPolygon","arcs":[[[2043,-1994,-1985,-1984,-1983,-1982,-1968,2013,2014,-1992,-1991,-1990]]],"properties":{"delomradenummer":"331001","delomradenavn":"Stein","kommunenummer":"3310"}},{"type":"MultiPolygon","arcs":[[[-2044,1989,1990,1991,1992,2000,-1996,-1997,-1998,-2054,-195,-155,-1383,-1995]]],"properties":{"delomradenummer":"331002","delomradenavn":"Sundvollen","kommunenummer":"3310"}},{"type":"MultiPolygon","arcs":[[[1993,1994,-406,1980,-2018,2040,1970,1965,1966,1967,1981,1982,1983,1984]]],"properties":{"delomradenummer":"331003","delomradenavn":"Røyse","kommunenummer":"3310"}},{"type":"MultiPolygon","arcs":[[[51,-148,-94,-93,-92,-91,-90,-89,238,236,237,184,185,186,102,103,104,227,228,221,222,223,224,225,251,252,253,254,255,248,-164,-190,-193,-192,-269,179,-145]]],"properties":{"delomradenummer":"331201","delomradenavn":"Høvik","kommunenummer":"3312"}},{"type":"MultiPolygon","arcs":[[[214,-280,-243,-62,-61,-130,-129,-128,-146,-180,268,191,192,189,163,159,160,-82,-81,94]]],"properties":{"delomradenummer":"331202","delomradenavn":"Hegg","kommunenummer":"3312"}},{"type":"MultiPolygon","arcs":[[[-160,-249,271,232,233,-111,229,-76,-84,-83,-161]]],"properties":{"delomradenummer":"331203","delomradenavn":"Egge","kommunenummer":"3312"}},{"type":"MultiPolygon","arcs":[[[110,111,112,113,114,115,116,117,174,-214,290,291]]],"properties":{"delomradenummer":"331204","delomradenavn":"Sjåstad","kommunenummer":"3312"}},{"type":"MultiPolygon","arcs":[[[-295,-291,213,-175,-118,208,209,152,153,154,194,195,196,197,198,199]]],"properties":{"delomradenummer":"331205","delomradenavn":"Sylling","kommunenummer":"3312"}},{"type":"MultiPolygon","arcs":[[[-165,-241,-240,-124,-264,-205,-208,-246,-273,-277,-279,79,80,81,82,83,75,-230,-292,294,-200,295]]],"properties":{"delomradenummer":"331206","delomradenavn":"Nordal","kommunenummer":"3312"}},{"type":"MultiPolygon","arcs":[[[278,276,272,-245,-244,279,-215,-95,-80]]],"properties":{"delomradenummer":"331207","delomradenavn":"Hallingstad","kommunenummer":"3312"}},{"type":"MultiPolygon","arcs":[[[-125,239,240,164,165,166,246,247,139,133,134,65,59,60,61,242,243,244,245,-207,-203]]],"properties":{"delomradenummer":"331208","delomradenavn":"Lierskogen","kommunenummer":"3312"}},{"type":"MultiPolygon","arcs":[[[144,145,127,128,129,130,281,262,257,282,283,284,285,286,287,288,260,88,89,90,91,92,93,147,-52]]],"properties":{"delomradenummer":"331209","delomradenavn":"Gullaug","kommunenummer":"3312"}},{"type":"MultiPolygon","arcs":[[[206,207,204,263,123,124,202]]],"properties":{"delomradenummer":"331210","delomradenavn":"Hennummarka","kommunenummer":"3312"}},{"type":"MultiPolygon","arcs":[[[816,840,841,842,837,838,839,818,754,755,752,353,354,845,846,847,848,844,350,362,363,364]]],"properties":{"delomradenummer":"331401","delomradenavn":"Fiskum","kommunenummer":"3314"}},{"type":"MultiPolygon","arcs":[[[785,-752,786,867,-841,-817,-365,-364,-363,-351,768,769,770,-348,771,772,864,356,357,-812,819,820,821,822]]],"properties":{"delomradenummer":"331402","delomradenavn":"Vestfossen","kommunenummer":"3314"}},{"type":"MultiPolygon","arcs":[[[832,-782,-829,833,-758,-830,-832,-343,-342,849,-772,347,-771,-770,872,836]]],"properties":{"delomradenummer":"331403","delomradenavn":"Hokksund Vest","kommunenummer":"3314"}},{"type":"MultiPolygon","arcs":[[[811,-358,-357,-865,-773,-850,341,342,831,829,757,758,759,760,761,299,300,871,-820]]],"properties":{"delomradenummer":"331404","delomradenavn":"Hokksund Øst","kommunenummer":"3314"}},{"type":"MultiPolygon","arcs":[[[868,851,-759,-834,828,781,782,783,766,767,764,-412,-417,779,775,371,372,373,367,368,869]]],"properties":{"delomradenummer":"331405","delomradenavn":"Skotselv","kommunenummer":"3314"}},{"type":"MultiPolygon","arcs":[[[1460,-1382,-1407,-1412,-1411,1390,-1410,1437,-1448,1448,-114,-870,-369,-368,-374,-373,-372,-776,-780,416,411,412,1461,1462]]],"properties":{"delomradenummer":"331601","delomradenavn":"Åmot","kommunenummer":"3316"}},{"type":"MultiPolygon","arcs":[[[401,-116,-115,-1449,1447,-1438,1409,-1391,1410,1411,1406,-1381,-1380,1384,1385,-399,-1421,1424]]],"properties":{"delomradenummer":"331602","delomradenavn":"Geithus","kommunenummer":"3316"}},{"type":"MultiPolygon","arcs":[[[398,-1386,-1385,-1379,1401,-1415,1432,-1451,1395,1396,403,404,405,1382,-154,-153,-210,-209,-117,-402,-1425,1420]]],"properties":{"delomradenummer":"331603","delomradenavn":"Vikersund","kommunenummer":"3316"}},{"type":"MultiPolygon","arcs":[[[1459,1452,1453,1454,1455,1456,1457,-404,-1397,-1396,1450,-1433,1414,-1402,1378,1379,1380,1381,1376,72,73,74,66,67,408]]],"properties":{"delomradenummer":"331604","delomradenavn":"Drolsum - Snarum","kommunenummer":"3316"}},{"type":"MultiPolygon","arcs":[[[-68,-67,-1859,-1886,-1885,-1930,-1932,1935,1936,1908,1912,1913,-1900,1909,1910,1911,1905,1919,1920,1921,1917,-1460,-409]]],"properties":{"delomradenummer":"331801","delomradenavn":"Ytre Krødsherad","kommunenummer":"3318"}},{"type":"MultiPolygon","arcs":[[[1918,-1881,-1832,-1836,-1835,-1855,1940,-1910,1899,-1914,-1913,-1909,-1937,-1936,-1931,-1879,-1871,-1875,-1882,1892]]],"properties":{"delomradenummer":"331802","delomradenavn":"Øvre - Midtre Krødsherad","kommunenummer":"3318"}},{"type":"MultiPolygon","arcs":[[[-1565,1840,1841,1847,1848,1849,1850,1851,1853,1854,1834,1835,1831,1832,1833,1827,1845,-1472,-1579,-1577,-1576]]],"properties":{"delomradenummer":"332001","delomradenavn":"Flå","kommunenummer":"3320"}},{"type":"MultiPolygon","arcs":[[[-460,-453,-462,-389,-458,-449,-463,-447,-446,1562,1563,1564,1575,1576,1578,-1471,-1470,-1469,-1532,-677,-664]]],"properties":{"delomradenummer":"332201","delomradenavn":"Nes","kommunenummer":"3322"}},{"type":"MultiPolygon","arcs":[[[388,389,390,-438,-434,-394,456,453,454,442,443,444,445,446,462,448,457]]],"properties":{"delomradenummer":"332401","delomradenavn":"Gol Aust","kommunenummer":"3324"}},{"type":"MultiPolygon","arcs":[[[437,-391,-390,461,452,459,460,463,464,-9,-8,-33,-20,392,393,433]]],"properties":{"delomradenummer":"332402","delomradenavn":"Gol Vest","kommunenummer":"3324"}},{"type":"MultiPolygon","arcs":[[[26,27,28,29,16,17,18,19,32,7,8,9,10,11,5,0,31]]],"properties":{"delomradenummer":"332601","delomradenavn":"Hemsedal","kommunenummer":"3326"}},{"type":"MultiPolygon","arcs":[[[692,-574,-601,-540,-545,-547,-614,-563,-675,681,682,-687,-691,652,653,654,675,676,677]]],"properties":{"delomradenummer":"332801","delomradenavn":"Sundre","kommunenummer":"3328"}},{"type":"MultiPolygon","arcs":[[[-10,-465,-464,-461,663,-676,-655,-654,-653,690,686,-683,-682,674,-562,432,-430,-6,-12,-11]]],"properties":{"delomradenummer":"332802","delomradenavn":"Torpo - Nordbygden","kommunenummer":"3328"}},{"type":"MultiPolygon","arcs":[[[601,551,-607,-617,-616,-569,-570,-433,561,562,613,546,544,539,540,541,-578,-577,590]]],"properties":{"delomradenummer":"333001","delomradenavn":"Østre Hol","kommunenummer":"3330"}},{"type":"MultiPolygon","arcs":[[[606,-552,-602,-591,576,577,-542,-541,600,573,574,602,603,604,537,538,610,611,-613]]],"properties":{"delomradenummer":"333002","delomradenavn":"Vestre Hol","kommunenummer":"3330"}},{"type":"MultiPolygon","arcs":[[[-73,-1377,-1461,-1463,-1462,-413,-765,-1479,-1590,1863,1864,-1929,1887,1884,1885,1858,-75,-74]]],"properties":{"delomradenummer":"333201","delomradenavn":"Nerstad","kommunenummer":"3332"}},{"type":"MultiPolygon","arcs":[[[1930,1931,1929,-1888,1928,-1865,-1864,-1589,-1622,-1621,-1625,-1634,-1883,1873,1874,1870,1878]]],"properties":{"delomradenummer":"333202","delomradenavn":"Prestfoss","kommunenummer":"3332"}},{"type":"MultiPolygon","arcs":[[[-1919,-1893,1881,-1874,1882,-1635,-1606,-1592,-1591,-1537,-1536,-1541,-1540,-1487,-1473,-1846,-1828,-1834,-1833,1880]]],"properties":{"delomradenummer":"333203","delomradenavn":"Eggedal","kommunenummer":"3332"}},{"type":"MultiPolygon","arcs":[[[1643,1644,1647,-1649,-1650,-1630,-1629,-1628,1586,1587,1588,1589,1478,-768,-767,-784,-783,-833,-837,-873,-769,-845,1473,1474,1483,1484]]],"properties":{"delomradenummer":"333401","delomradenavn":"Flesberg","kommunenummer":"3334"}},{"type":"MultiPolygon","arcs":[[[1634,1633,1624,1620,1621,-1588,-1587,1627,1628,1629,-1631,-1605,-1599,-1600,-1617,-1613,-1614,-1615,-1624,-1633,-1632,-1533,-1538,1590,1591,1605]]],"properties":{"delomradenummer":"333601","delomradenavn":"Rollag","kommunenummer":"3336"}},{"type":"MultiPolygon","arcs":[[[1539,1540,1535,1536,1537,1532,-1534,-1516,-1512,-1546,-1547,-1543,-1542,1517,-1499,1492,-1498,-603,-575,-693,-678,1531,1468,1469,1470,1471,1472,1486]]],"properties":{"delomradenummer":"333801","delomradenavn":"Nore","kommunenummer":"3338"}},{"type":"MultiPolygon","arcs":[[[-1518,1541,1542,-1544,-1525,-1508,-1509,-1520,-1521,-1522,-1523,-1519,-611,-539,-538,-605,-604,1497,-1493,1498]]],"properties":{"delomradenummer":"333802","delomradenavn":"Uvdal","kommunenummer":"3338"}}]},"delomraderUtenHavgrense":{"type":"GeometryCollection","geometries":[{"type":"MultiPolygon","arcs":[[[483,484,1337,-1041,1336,1213,1211,997,-959,728,-958,-233,-272,-256,-255,-254,-1187,-912,-917,-916,-1052,927,-1055,1322,-1070,-1287,-966,-965,488]]],"properties":{"delomradenummer":"330101","delomradenavn":"Åssiden","kommunenummer":"3301"}},{"type":"MultiPolygon","arcs":[[[-928,1051,915,916,911,1186,-253,-704,-708,-879,631,-881,-880,-40,1206,1067,1068,1069,-1323,1054]]],"properties":{"delomradenummer":"330102","delomradenavn":"Øren - Underlia","kommunenummer":"3301"}},{"type":"MultiPolygon","arcs":[[[878,707,703,-252,-226,-225,886,-815,500,501,502,503,317,-1248,-2209,2222,-2177,-1283,989,36,37,38,39,879,880,-632]]],"properties":{"delomradenummer":"330103","delomradenavn":"Bragernes Sentrum","kommunenummer":"3301"}},{"type":"MultiPolygon","arcs":[[[2185,2175,2209]],[[-318,-504,-503,-502,-501,814,-887,-224,-223,-222,-229,-228,-105,-104,-103,-187,-2163,2182,2207,2208,1247]]],"properties":{"delomradenummer":"330104","delomradenavn":"Fjellheim","kommunenummer":"3301"}},{"type":"MultiPolygon","arcs":[[[-484,-489,964,965,1286,-1069,-1068,-1207,-39,-38,903,-1025,1314,-1001,-736,640,641,637,621,622,-1012,-899,376,377,378,969]]],"properties":{"delomradenummer":"330105","delomradenavn":"Gulskogen - Sundhaugen","kommunenummer":"3301"}},{"type":"MultiPolygon","arcs":[[[-1002,-1315,1024,-904,-37,-990,1282,2176,2177,2192,2221,2220,-1367,-1128,-1307,-1028,-1027,-1286,586,587,588]]],"properties":{"delomradenummer":"330106","delomradenavn":"Strømsø","kommunenummer":"3301"}},{"type":"MultiPolygon","arcs":[[[2195,2214,2188,2206,-2181,-651,1196,719,720,-1101,893,894,527,-1222,856,857,1308,-467,-1029,1306,1127,1366,-2221,2226,2190,2212,2227,2205]]],"properties":{"delomradenummer":"330107","delomradenavn":"Tangen - Åskollen","kommunenummer":"3301"}},{"type":"MultiPolygon","arcs":[[[1297,303,304,305,306,1124,1109,1275,1184,-1058,-641,735,1000,1001,-589,-588,-587,1285,1026,1027,1028,466,467]]],"properties":{"delomradenummer":"330108","delomradenavn":"Danvik - Fjell","kommunenummer":"3301"}},{"type":"MultiPolygon","arcs":[[[1191,1192,1193,1194,-750,-749,-714,1277,-1151,1278,1279,1252,976,-1339,-1146,-1145,-423,-422,-956,1265,-1299,-1276,-1110,-1125,-307,-306,-305,-304,-1298,-468,-1309,-858,-857,1221,-528,-895,-894,1100,-721,-720,-1197,-650,-321,1202,1375,1374,909,910,1130]]],"properties":{"delomradenummer":"330109","delomradenavn":"Skoger","kommunenummer":"3301"}},{"type":"MultiPolygon","arcs":[[[421,422,1144,1145,1338,-977,-1253,-1280,-1279,1150,-1278,-713,-712,1046,-1374,1251,1226,-378,-377,898,1011,-623,-622,-638,-642,1057,-1185,1298,-1266,955]]],"properties":{"delomradenummer":"330110","delomradenavn":"Konnerud","kommunenummer":"3301"}},{"type":"MultiPolygon","arcs":[[[-760,-852,-869,-113,-957,-924,-923,-922,-1092,-1096,-1095,-1289,-1199,-1198,1143,-507,-506,-1071,-300,-762,-761]]],"properties":{"delomradenummer":"330111","delomradenavn":"Krokstadelva","kommunenummer":"3301"}},{"type":"MultiPolygon","arcs":[[[1091,921,922,923,956,-112,-234,957,-729,958,-998,-1212,-1214,-1337,1040,1041,1042,1093,1094,1095]]],"properties":{"delomradenummer":"330112","delomradenavn":"Solbergelva","kommunenummer":"3301"}},{"type":"MultiPolygon","arcs":[[[-301,1070,505,506,507,1075,1076,1077,-822,-821,-872]]],"properties":{"delomradenummer":"330113","delomradenavn":"Steinberg","kommunenummer":"3301"}},{"type":"MultiPolygon","arcs":[[[-1042,-1338,-485,-970,-379,-1227,-1252,1373,-1047,711,712,713,748,749,750,751,-786,-823,-1078,-1077,-1076,-508,-1144,1197,1198,1288,-1094,-1043]]],"properties":{"delomradenummer":"330114","delomradenavn":"Mjøndalen","kommunenummer":"3301"}},{"type":"MultiPolygon","arcs":[[[2225,2211,1259,1364,1105,1106,-939,-2200,2200,2224,2218]]],"properties":{"delomradenummer":"330115","delomradenavn":"Berger","kommunenummer":"3301"}},{"type":"MultiPolygon","arcs":[[[1296,-329,-328,-2173,2193,2219,2204,2223,2216,2198,2199,938,939,940,941]]],"properties":{"delomradenummer":"330116","delomradenavn":"Svelvik","kommunenummer":"3301"}},{"type":"MultiPolygon","arcs":[[[2201,2171,2172,327,328,329,319,320,649,650,2180,2181]]],"properties":{"delomradenummer":"330117","delomradenavn":"Nesbygda","kommunenummer":"3301"}},{"type":"MultiPolygon","arcs":[[[-1755,-1754,-1806,-1761,-755,-819,-840,-839,-838,1798,1799,1800,1801,1808,1809,1811,1812,1813,1814,1759,1781,-1783,-1683,-1774,-1775,-1776,-1669,-1668]]],"properties":{"delomradenummer":"330301","delomradenavn":"Tuft - Komnes - Efteløt","kommunenummer":"3303"}},{"type":"MultiPolygon","arcs":[[[-1780,-1665,-1664,-1713,1803,1792,-1741,-1740,-1798,1699,1700,-1697,1701,-1689,-1688,-1687,-756,1760,1805,1753,1754,1667,1668,-1670,-1671,1671,-1819,-1820]]],"properties":{"delomradenummer":"330302","delomradenavn":"Hedenstad","kommunenummer":"3303"}},{"type":"MultiPolygon","arcs":[[[1738,1739,1740,-1793,-1804,-1712,1817,1741,1742,1743,1746,1780]]],"properties":{"delomradenummer":"330303","delomradenavn":"Kongsberg Syd - Vestre","kommunenummer":"3303"}},{"type":"MultiPolygon","arcs":[[[-1485,-1484,-1475,-1733,1707,1726,1727,1728,-1808,-1742,-1818,1711,1712,1663,1664,-1659,-1821,-1822,-1644]]],"properties":{"delomradenummer":"330304","delomradenavn":"Kongsberg Nord - Vestre","kommunenummer":"3303"}},{"type":"MultiPolygon","arcs":[[[-1702,1696,-1701,-1700,1797,-1739,-1781,-1747,-1744,-1751,1672,1657,1654,1655,1673,1684,1685,-354,-753,1686,1687,1688]]],"properties":{"delomradenummer":"330305","delomradenavn":"Kongsberg Syd - Østre","kommunenummer":"3303"}},{"type":"MultiPolygon","arcs":[[[-1686,-1685,-1674,-1656,-1655,-1658,-1673,1750,-1743,1807,-1729,-1728,-1727,-1708,1732,-1474,-849,-848,-847,-846,-355]]],"properties":{"delomradenummer":"330306","delomradenavn":"Kongsberg Nord - Østre","kommunenummer":"3303"}},{"type":"MultiPolygon","arcs":[[[-2048,-2004,-2107,-2104,-2033,-2032,-2031,1957,1958,1959,2089,-2049]]],"properties":{"delomradenummer":"330501","delomradenavn":"Hønefoss","kommunenummer":"3305"}},{"type":"MultiPolygon","arcs":[[[-2073,-2072,-1961,-2129,-2149,-2150,-2148,-2146,-2147,-2088,-2080,-2079,2102,-2034,2103,2106,2003,2004,2001,-2075,-2074]]],"properties":{"delomradenummer":"330502","delomradenavn":"Ullerål","kommunenummer":"3305"}},{"type":"MultiPolygon","arcs":[[[2030,2031,2032,2033,-2103,2078,2079,2087,-2086,-2118,-2119,-2120,-2121,-2117,2029,2025,2112,2035,-1958]]],"properties":{"delomradenummer":"330503","delomradenavn":"Haug","kommunenummer":"3305"}},{"type":"MultiPolygon","arcs":[[[-2090,-1960,-1959,-2036,-2113,-2026,-2030,-2135,-2136,-2137,-2138,-2139,-2140,-2141,-2142,-2143,-2001,-1993,-2015,-2014,-1967,-2099,-2060,-2051,-2050]]],"properties":{"delomradenummer":"330504","delomradenavn":"Norderhov","kommunenummer":"3305"}},{"type":"MultiPolygon","arcs":[[[2059,2098,-1966,-1971,-2041,-2017,-1948,-1947,1953,1954,1950,-2085,-2066,-2065,-2064,-1962,2071,2072,2073,2074,-2002,-2005,2047,2048,2049,2050]]],"properties":{"delomradenummer":"330505","delomradenavn":"Ytre Soknedal","kommunenummer":"3305"}},{"type":"MultiPolygon","arcs":[[[-1981,-405,-1458,-1457,-1456,-1455,1945,1946,1947,2016,2017]]],"properties":{"delomradenummer":"330506","delomradenavn":"Tyristrand","kommunenummer":"3305"}},{"type":"MultiPolygon","arcs":[[[-1453,-1918,-1922,-1921,-1920,-1906,-1912,-1911,-1941,-1854,-1852,-1851,-2025,-2024,-2011,2039,-1955,-1954,-1946,-1454]]],"properties":{"delomradenummer":"330507","delomradenavn":"Lunder","kommunenummer":"3305"}},{"type":"MultiPolygon","arcs":[[[2084,-1951,-2040,-2010,-2009,-2067,-2127,-2128,2128,1960,1961,2063,2064,2065]]],"properties":{"delomradenummer":"330508","delomradenavn":"Ytre Ådal","kommunenummer":"3305"}},{"type":"MultiPolygon","arcs":[[[-2019,-2155,-2154,-2108,-2122,-2123,-2124,-2125,-2126,-2094,-2095,-2100,-2101,-2008,2008,2009,2010,2023,2024,-1850]]],"properties":{"delomradenummer":"330509","delomradenavn":"Viker - Nes","kommunenummer":"3305"}},{"type":"MultiPolygon","arcs":[[[2043,-1994,-1985,-1984,-1983,-1982,-1968,2013,2014,-1992,-1991,-1990]]],"properties":{"delomradenummer":"331001","delomradenavn":"Stein","kommunenummer":"3310"}},{"type":"MultiPolygon","arcs":[[[-2044,1989,1990,1991,1992,2000,-1996,-1997,-1998,-2054,-195,-155,-1383,-1995]]],"properties":{"delomradenummer":"331002","delomradenavn":"Sundvollen","kommunenummer":"3310"}},{"type":"MultiPolygon","arcs":[[[1993,1994,-406,1980,-2018,2040,1970,1965,1966,1967,1981,1982,1983,1984]]],"properties":{"delomradenummer":"331003","delomradenavn":"Røyse","kommunenummer":"3310"}},{"type":"MultiPolygon","arcs":[[[51,-148,-94,-2160,2165,2166,2164,2161,2162,186,102,103,104,227,228,221,222,223,224,225,251,252,253,254,255,248,-164,-190,-193,-192,-269,179,-145]]],"properties":{"delomradenummer":"331201","delomradenavn":"Høvik","kommunenummer":"3312"}},{"type":"MultiPolygon","arcs":[[[214,-280,-243,-62,-61,-130,-129,-128,-146,-180,268,191,192,189,163,159,160,-82,-81,94]]],"properties":{"delomradenummer":"331202","delomradenavn":"Hegg","kommunenummer":"3312"}},{"type":"MultiPolygon","arcs":[[[-160,-249,271,232,233,-111,229,-76,-84,-83,-161]]],"properties":{"delomradenummer":"331203","delomradenavn":"Egge","kommunenummer":"3312"}},{"type":"MultiPolygon","arcs":[[[110,111,112,113,114,115,116,117,174,-214,290,291]]],"properties":{"delomradenummer":"331204","delomradenavn":"Sjåstad","kommunenummer":"3312"}},{"type":"MultiPolygon","arcs":[[[-295,-291,213,-175,-118,208,209,152,153,154,194,195,196,197,198,199]]],"properties":{"delomradenummer":"331205","delomradenavn":"Sylling","kommunenummer":"3312"}},{"type":"MultiPolygon","arcs":[[[-165,-241,-240,-124,-264,-205,-208,-246,-273,-277,-279,79,80,81,82,83,75,-230,-292,294,-200,295]]],"properties":{"delomradenummer":"331206","delomradenavn":"Nordal","kommunenummer":"3312"}},{"type":"MultiPolygon","arcs":[[[278,276,272,-245,-244,279,-215,-95,-80]]],"properties":{"delomradenummer":"331207","delomradenavn":"Hallingstad","kommunenummer":"3312"}},{"type":"MultiPolygon","arcs":[[[-125,239,240,164,165,166,246,247,139,133,134,65,59,60,61,242,243,244,245,-207,-203]]],"properties":{"delomradenummer":"331208","delomradenavn":"Lierskogen","kommunenummer":"3312"}},{"type":"MultiPolygon","arcs":[[[144,145,127,128,129,130,281,262,257,282,283,284,2168,2169,2167,2156,89,2157,91,2158,2159,93,147,-52]]],"properties":{"delomradenummer":"331209","delomradenavn":"Gullaug","kommunenummer":"3312"}},{"type":"MultiPolygon","arcs":[[[206,207,204,263,123,124,202]]],"properties":{"delomradenummer":"331210","delomradenavn":"Hennummarka","kommunenummer":"3312"}},{"type":"MultiPolygon","arcs":[[[816,840,841,842,837,838,839,818,754,755,752,353,354,845,846,847,848,844,350,362,363,364]]],"properties":{"delomradenummer":"331401","delomradenavn":"Fiskum","kommunenummer":"3314"}},{"type":"MultiPolygon","arcs":[[[785,-752,786,867,-841,-817,-365,-364,-363,-351,768,769,770,-348,771,772,864,356,357,-812,819,820,821,822]]],"properties":{"delomradenummer":"331402","delomradenavn":"Vestfossen","kommunenummer":"3314"}},{"type":"MultiPolygon","arcs":[[[832,-782,-829,833,-758,-830,-832,-343,-342,849,-772,347,-771,-770,872,836]]],"properties":{"delomradenummer":"331403","delomradenavn":"Hokksund Vest","kommunenummer":"3314"}},{"type":"MultiPolygon","arcs":[[[811,-358,-357,-865,-773,-850,341,342,831,829,757,758,759,760,761,299,300,871,-820]]],"properties":{"delomradenummer":"331404","delomradenavn":"Hokksund Øst","kommunenummer":"3314"}},{"type":"MultiPolygon","arcs":[[[868,851,-759,-834,828,781,782,783,766,767,764,-412,-417,779,775,371,372,373,367,368,869]]],"properties":{"delomradenummer":"331405","delomradenavn":"Skotselv","kommunenummer":"3314"}},{"type":"MultiPolygon","arcs":[[[1460,-1382,-1407,-1412,-1411,1390,-1410,1437,-1448,1448,-114,-870,-369,-368,-374,-373,-372,-776,-780,416,411,412,1461,1462]]],"properties":{"delomradenummer":"331601","delomradenavn":"Åmot","kommunenummer":"3316"}},{"type":"MultiPolygon","arcs":[[[401,-116,-115,-1449,1447,-1438,1409,-1391,1410,1411,1406,-1381,-1380,1384,1385,-399,-1421,1424]]],"properties":{"delomradenummer":"331602","delomradenavn":"Geithus","kommunenummer":"3316"}},{"type":"MultiPolygon","arcs":[[[398,-1386,-1385,-1379,1401,-1415,1432,-1451,1395,1396,403,404,405,1382,-154,-153,-210,-209,-117,-402,-1425,1420]]],"properties":{"delomradenummer":"331603","delomradenavn":"Vikersund","kommunenummer":"3316"}},{"type":"MultiPolygon","arcs":[[[1459,1452,1453,1454,1455,1456,1457,-404,-1397,-1396,1450,-1433,1414,-1402,1378,1379,1380,1381,1376,72,73,74,66,67,408]]],"properties":{"delomradenummer":"331604","delomradenavn":"Drolsum - Snarum","kommunenummer":"3316"}},{"type":"MultiPolygon","arcs":[[[-68,-67,-1859,-1886,-1885,-1930,-1932,1935,1936,1908,1912,1913,-1900,1909,1910,1911,1905,1919,1920,1921,1917,-1460,-409]]],"properties":{"delomradenummer":"331801","delomradenavn":"Ytre Krødsherad","kommunenummer":"3318"}},{"type":"MultiPolygon","arcs":[[[1918,-1881,-1832,-1836,-1835,-1855,1940,-1910,1899,-1914,-1913,-1909,-1937,-1936,-1931,-1879,-1871,-1875,-1882,1892]]],"properties":{"delomradenummer":"331802","delomradenavn":"Øvre - Midtre Krødsherad","kommunenummer":"3318"}},{"type":"MultiPolygon","arcs":[[[-1565,1840,1841,1847,1848,1849,1850,1851,1853,1854,1834,1835,1831,1832,1833,1827,1845,-1472,-1579,-1577,-1576]]],"properties":{"delomradenummer":"332001","delomradenavn":"Flå","kommunenummer":"3320"}},{"type":"MultiPolygon","arcs":[[[-460,-453,-462,-389,-458,-449,-463,-447,-446,1562,1563,1564,1575,1576,1578,-1471,-1470,-1469,-1532,-677,-664]]],"properties":{"delomradenummer":"332201","delomradenavn":"Nes","kommunenummer":"3322"}},{"type":"MultiPolygon","arcs":[[[388,389,390,-438,-434,-394,456,453,454,442,443,444,445,446,462,448,457]]],"properties":{"delomradenummer":"332401","delomradenavn":"Gol Aust","kommunenummer":"3324"}},{"type":"MultiPolygon","arcs":[[[437,-391,-390,461,452,459,460,463,464,-9,-8,-33,-20,392,393,433]]],"properties":{"delomradenummer":"332402","delomradenavn":"Gol Vest","kommunenummer":"3324"}},{"type":"MultiPolygon","arcs":[[[26,27,28,29,16,17,18,19,32,7,8,9,10,11,5,0,31]]],"properties":{"delomradenummer":"332601","delomradenavn":"Hemsedal","kommunenummer":"3326"}},{"type":"MultiPolygon","arcs":[[[692,-574,-601,-540,-545,-547,-614,-563,-675,681,682,-687,-691,652,653,654,675,676,677]]],"properties":{"delomradenummer":"332801","delomradenavn":"Sundre","kommunenummer":"3328"}},{"type":"MultiPolygon","arcs":[[[-10,-465,-464,-461,663,-676,-655,-654,-653,690,686,-683,-682,674,-562,432,-430,-6,-12,-11]]],"properties":{"delomradenummer":"332802","delomradenavn":"Torpo - Nordbygden","kommunenummer":"3328"}},{"type":"MultiPolygon","arcs":[[[601,551,-607,-617,-616,-569,-570,-433,561,562,613,546,544,539,540,541,-578,-577,590]]],"properties":{"delomradenummer":"333001","delomradenavn":"Østre Hol","kommunenummer":"3330"}},{"type":"MultiPolygon","arcs":[[[606,-552,-602,-591,576,577,-542,-541,600,573,574,602,603,604,537,538,610,611,-613]]],"properties":{"delomradenummer":"333002","delomradenavn":"Vestre Hol","kommunenummer":"3330"}},{"type":"MultiPolygon","arcs":[[[-73,-1377,-1461,-1463,-1462,-413,-765,-1479,-1590,1863,1864,-1929,1887,1884,1885,1858,-75,-74]]],"properties":{"delomradenummer":"333201","delomradenavn":"Nerstad","kommunenummer":"3332"}},{"type":"MultiPolygon","arcs":[[[1930,1931,1929,-1888,1928,-1865,-1864,-1589,-1622,-1621,-1625,-1634,-1883,1873,1874,1870,1878]]],"properties":{"delomradenummer":"333202","delomradenavn":"Prestfoss","kommunenummer":"3332"}},{"type":"MultiPolygon","arcs":[[[-1919,-1893,1881,-1874,1882,-1635,-1606,-1592,-1591,-1537,-1536,-1541,-1540,-1487,-1473,-1846,-1828,-1834,-1833,1880]]],"properties":{"delomradenummer":"333203","delomradenavn":"Eggedal","kommunenummer":"3332"}},{"type":"MultiPolygon","arcs":[[[1643,1644,1647,-1649,-1650,-1630,-1629,-1628,1586,1587,1588,1589,1478,-768,-767,-784,-783,-833,-837,-873,-769,-845,1473,1474,1483,1484]]],"properties":{"delomradenummer":"333401","delomradenavn":"Flesberg","kommunenummer":"3334"}},{"type":"MultiPolygon","arcs":[[[1634,1633,1624,1620,1621,-1588,-1587,1627,1628,1629,-1631,-1605,-1599,-1600,-1617,-1613,-1614,-1615,-1624,-1633,-1632,-1533,-1538,1590,1591,1605]]],"properties":{"delomradenummer":"333601","delomradenavn":"Rollag","kommunenummer":"3336"}},{"type":"MultiPolygon","arcs":[[[1539,1540,1535,1536,1537,1532,-1534,-1516,-1512,-1546,-1547,-1543,-1542,1517,-1499,1492,-1498,-603,-575,-693,-678,1531,1468,1469,1470,1471,1472,1486]]],"properties":{"delomradenummer":"333801","delomradenavn":"Nore","kommunenummer":"3338"}},{"type":"MultiPolygon","arcs":[[[-1518,1541,1542,-1544,-1525,-1508,-1509,-1520,-1521,-1522,-1523,-1519,-611,-539,-538,-605,-604,1497,-1493,1498]]],"properties":{"delomradenummer":"333802","delomradenavn":"Uvdal","kommunenummer":"3338"}}]}}}