{"type":"Topology","arcs":[[[22336,11356,0],[2,-1,7384],[1,3,8216],[5,-1,34865],[14,-10,11993],[4,-5,7971],[5,-4,0]],[[22367,11338,0],[2,-2,10371],[0,-10,28050],[-1,-2,7550],[5,1,10643],[3,-2,7413],[0,-2,7413],[5,-5,53612],[5,1,8415],[6,-2,8415],[10,-1,134218],[1,-9,12263],[-2,-3,7393],[0,-5,21676],[4,-12,43993],[-4,-5,15426],[0,-4,9000],[-4,-12,82913],[-3,-4,9147],[-7,-5,23924],[-3,2,12832],[-9,-3,0]],[[22375,11254,0],[-3,-2,8817],[0,-4,23891],[3,0,7716],[3,-3,8996],[7,-2,34273],[1,4,8908],[3,-2,12645],[-7,-9,19928],[3,-3,8807],[4,-1,20973],[-6,-6,20973],[0,-5,12918],[6,-1,52961],[1,-2,9107],[-4,-4,9107],[-3,-9,52961],[2,-6,10518],[0,-5,16648],[5,-3,15302],[0,-6,16648],[1,-3,7344],[1,-6,10138],[4,-12,7240],[1,-4,32218],[-2,-6,129939],[6,-2,8336],[4,1,13194],[9,-4,16656],[5,1,10155],[3,-2,0]],[[22422,11148,0],[-5,-4,14317],[-7,-1,7771],[-2,1,19712],[-3,-6,56235],[1,-9,11616],[2,-7,20318],[-2,-11,111824],[-9,0,13190],[-11,3,58090],[0,-7,19172],[-9,-1,19172],[-8,-6,7332],[-7,-4,38178],[-13,-4,15075],[0,3,160828],[-20,12,8458],[-14,11,14751],[-5,2,0]],[[22310,11120,0],[1,8,7737],[2,11,11491],[0,10,44527],[2,2,10225],[5,-1,8943],[3,2,63166],[6,8,11472],[-2,0,22952],[0,15,16944],[2,5,8931],[-1,7,8931],[1,1,40031],[-2,6,7588],[0,3,13408],[4,4,13299],[-2,5,13408],[-2,0,8698],[-2,-5,189045],[-9,5,12967],[-7,5,7009],[-10,7,46350],[-9,9,16615],[0,4,10754],[-4,5,29559],[-12,6,9356],[-5,4,21337],[0,4,8216],[-2,1,0]],[[22267,11251,0],[-4,8,14032],[1,6,19297],[-2,1,7464],[1,3,7537],[-4,5,20631],[-2,5,9154],[2,3,11876],[-2,6,9267],[0,5,20129],[-4,5,62454],[1,11,15493],[1,1,8255],[0,10,8785],[2,9,204186],[5,2,22923],[8,-1,9276],[11,-4,71199],[4,0,9132],[6,3,25135],[9,10,7870],[2,3,7870],[5,4,39504],[1,9,71199],[4,-1,7074],[7,0,17205],[4,4,20025],[5,-3,12297],[4,2,8988],[4,-1,0]],[[21529,9454,0],[17,-4,0]],[[21546,9450,0],[5,-9,46535],[-12,-9,15361],[1,-1,15361],[-11,-12,0]],[[21529,9419,0],[-25,1,0]],[[21504,9420,0],[16,21,0]],[[21520,9441,0],[5,8,7295],[1,2,12755],[3,3,0]],[[21178,9260,0],[16,-4,31722],[17,6,31722],[10,-2,14021],[9,1,23214],[2,-2,8915],[0,-5,23214],[10,7,63595],[2,1,8340],[8,-4,19050],[2,-6,19050],[11,-3,11774],[4,-3,63595],[4,2,7046],[13,5,14676],[3,3,0]],[[21289,9256,0],[14,-5,19621],[21,-12,11273],[3,-3,0]],[[21327,9236,0],[-24,-42,41698],[-4,-3,18214],[5,-7,0]],[[21304,9184,0],[-1,-3,10247],[-2,-17,42463],[-1,-1,8139],[-13,-3,42463],[-2,-6,10964],[2,-2,10964],[0,-12,42119],[-3,0,12950],[-7,-5,8983],[-3,-4,101520],[-14,1,21751],[3,5,21131],[-5,2,11943],[-8,-1,21751],[-1,-6,24719],[-7,-2,8246],[-6,-2,11394],[-6,0,67862],[4,-15,110822],[-3,-5,11245],[-5,-2,25369],[-2,-5,11736],[-6,-5,11927],[-13,-19,56496],[-3,-10,17895],[3,-6,40196],[-4,-7,16726],[-7,-4,16726],[-5,-10,0]],[[21189,9040,0],[-6,0,9171],[-2,3,16174],[-8,-1,7113],[-7,1,21370],[-11,4,39459],[-16,-1,12717],[-5,-2,0]],[[21134,9044,0],[-2,10,21745],[4,13,30247],[-3,0,14298],[1,11,14298],[-2,6,54425],[3,7,23525],[0,1,8232],[1,10,8232],[-1,11,29244],[8,5,29244],[-3,8,11531],[1,9,146459],[-16,7,9084],[-3,0,21135],[0,6,21135],[-8,-1,8450],[-5,-2,27934],[0,5,7964],[-2,-1,11716],[-7,3,64109],[7,12,0]],[[21107,9164,0],[4,8,8757],[8,11,44006],[-2,1,7520],[0,6,15158],[-7,3,44006],[5,9,9055],[7,14,48737],[-2,13,7613],[0,4,25020],[3,7,9794],[1,10,172259],[18,-5,53334],[4,1,9589],[2,4,9820],[8,3,22126],[14,1,20221],[8,6,0]],[[22888,11089,0],[7,8,22564],[10,0,0]],[[22905,11097,0],[14,-2,25140],[13,-9,0]],[[22932,11086,0],[-14,-1,6973],[-9,-2,0]],[[22909,11083,0],[-6,-1,10829],[-7,-3,0]],[[22896,11079,0],[-6,-4,23401],[-5,10,0]],[[22885,11085,0],[3,4,0]],[[22932,11086,0],[3,-25,0]],[[22935,11061,0],[-17,-2,9595],[-8,0,0]],[[22910,11059,0],[-13,-1,0]],[[22897,11058,0],[1,6,0]],[[22898,11064,0],[1,8,12274],[-3,7,0]],[[22926,11163,0],[6,1,0]],[[22932,11164,0],[-3,-27,20791],[0,-21,0]],[[22929,11116,0],[-5,-1,8748],[-16,1,0]],[[22908,11116,0],[3,12,0]],[[22911,11128,0],[8,28,9348],[1,6,37671],[6,1,0]],[[22148,12349,0],[0,7,12488],[-3,9,7215],[0,7,53369],[1,5,13631],[6,-2,26621],[2,9,15643],[5,5,10791],[1,5,88369],[12,6,24705],[17,2,0]],[[22189,12402,0],[4,-3,18064],[13,-3,10390],[6,1,75397],[17,6,19385],[2,4,39512],[6,-3,8419],[4,-4,10646],[3,0,39512],[1,17,39512],[8,1,7400],[2,2,7400],[4,-1,17395],[5,4,118212],[0,15,9222],[-1,13,171762],[3,1,10622],[4,-5,12075],[8,-2,32739],[6,0,7231],[4,-1,7807],[11,0,13131],[4,1,64867],[1,9,24988],[-7,21,43408],[0,8,9239],[2,-5,9239],[5,4,35524],[2,-12,11324],[3,-10,75071],[5,2,14377],[1,-5,11979],[4,-1,25964],[14,5,43390],[4,-12,34893],[5,2,13755],[3,-5,18025],[7,4,246543],[-5,7,16568],[-1,5,9894],[-6,13,44201],[0,8,10837],[-2,14,11891],[1,6,0]],[[22339,12503,0],[8,2,8543],[4,0,18099],[6,-3,65310],[0,-10,8908],[-1,-6,18148],[1,-5,7921],[1,-15,65310],[7,-12,19475],[4,3,31340],[6,-11,15264],[5,-13,163757],[11,11,11687],[5,3,11569],[-1,4,55114],[10,3,10433],[17,3,20424],[4,-2,0]],[[22426,12455,0],[0,-4,10055],[-2,-13,21389],[-3,-5,7341],[-4,-3,18606],[2,-5,55554],[-3,0,7657],[-2,-3,10161],[-4,2,10161],[0,-4,10937],[-4,-1,23614],[-2,-6,13372],[-4,-3,139903],[-1,-3,7338],[3,-4,7338],[-1,-1,18862],[5,-6,10019],[4,-7,63432],[1,-7,10868],[-1,-8,18344],[-3,-5,31587],[3,-3,10048],[3,-7,31587],[3,-1,10107],[-4,-3,11823],[1,-7,7024],[1,-5,14648],[4,0,14648],[-2,-9,19295],[3,-4,18745],[-3,-4,8638],[1,-4,8362],[-2,-2,195660],[-3,3,8212],[-4,-1,18528],[-6,-7,18528],[-9,-4,7038],[-2,0,43613],[-4,13,29549],[-9,-4,26035],[3,-10,29549],[-16,3,195660],[-2,-7,23318],[2,-10,12570],[2,-6,8781],[2,-12,80669],[5,-7,20336],[1,-8,11882],[3,-7,8976],[2,-10,20336],[4,-5,13959],[5,-15,52323],[3,-4,11618],[10,-7,28286],[4,-13,0]],[[22406,12202,0],[-9,-2,10851],[-6,-3,28693],[-8,5,85059],[-4,-4,14130],[-2,-9,18720],[-5,-1,17896],[-1,-2,7393],[-4,-9,43984],[-6,9,7422],[-2,2,25739],[-1,-5,8177],[1,-7,25739],[-6,0,17245],[0,-4,11359],[-6,-1,11359],[-3,-4,42255],[3,-11,18660],[-5,-1,177610],[-10,6,12626],[-9,3,29678],[-8,5,16628],[-2,9,16628],[-4,-4,16628],[-14,9,73938],[-9,2,24495],[-2,-6,14837],[-5,4,14837],[-1,-5,12815],[-5,0,0]],[[22273,12178,0],[-5,6,28856],[-21,-3,150845],[-3,3,14027],[4,6,14027],[-3,14,21771],[-4,10,21771],[2,14,45153],[-1,6,11616],[-7,15,84254],[-11,13,23517],[-10,1,17364],[-2,5,84254],[0,13,11545],[0,4,8496],[-2,3,8496],[0,8,8048],[-1,8,19942],[1,1,7615],[0,7,17797],[-2,6,7150],[-2,3,206225],[-9,2,23272],[-7,-4,10261],[-4,0,10261],[-4,-3,79075],[-10,8,11888],[-15,10,37006],[-9,15,0]],[[22265,9862,0],[9,-22,19333],[1,-6,0]],[[22275,9834,0],[1,-11,0]],[[22276,9823,0],[2,-56,116639],[-37,-20,0]],[[22241,9747,0],[-12,32,0]],[[22229,9779,0],[18,25,59013],[8,46,37608],[5,2,0]],[[22260,9852,0],[3,1,10889],[2,9,0]],[[22842,11000,0],[5,-2,14852],[18,-1,0]],[[22865,10997,0],[0,-9,0]],[[22865,10988,0],[-1,0,0]],[[22864,10988,0],[-2,1,7835],[0,-5,8917],[-5,-2,30617],[-14,7,40002],[-1,11,0]],[[21641,11912,0],[-4,-3,9417],[-4,0,32315],[-23,12,32315],[-6,3,13407],[-10,-1,95110],[-13,-7,27275],[-5,1,7655],[-9,2,27275],[-6,-2,8627],[-6,1,9980],[-14,-2,23609],[-22,-6,0]],[[21519,11910,0],[0,3,9340],[3,4,11221],[2,11,24503],[1,19,41153],[10,25,18815],[2,9,0]],[[21537,11981,0],[15,18,22222],[5,11,99554],[2,10,10803],[2,15,16547],[4,18,9443],[0,4,7222],[3,10,25999],[5,45,25999],[2,0,0]],[[21575,12112,0],[1,-1,9452],[12,0,17789],[9,2,12532],[13,0,20721],[5,-2,12647],[9,1,95310],[4,-19,13634],[0,-9,123309],[32,-4,13843],[8,0,9415],[6,-2,9415],[30,-3,9365],[8,-2,8096],[0,1,8096],[18,-2,92075],[16,-8,12505],[12,-7,10038],[4,-2,262230],[15,3,15010],[7,-2,46386],[3,6,17399],[7,4,14490],[2,3,7982],[4,3,72737],[7,-3,9663],[3,0,29739],[2,-6,10337],[4,-5,7767],[2,-5,72737],[2,2,9348],[0,7,18588],[7,2,25018],[2,14,46479],[-7,10,14985],[0,5,0]],[[21822,12093,0],[11,-1,18590],[0,4,20063],[13,-2,64062],[1,-17,48628],[11,0,25202],[8,6,8181],[2,2,48628],[4,1,9579],[6,-3,9579],[13,-1,8288],[4,-2,14200],[11,-1,31592],[9,-3,7268],[4,-2,7268],[7,-2,92548],[17,2,9366],[5,2,8352],[9,0,29965],[5,-1,7197],[13,0,0]],[[21975,12075,0],[0,-6,11200],[-5,-13,0]],[[21970,12056,0],[-3,-6,9085],[-8,-10,14657],[-9,-15,9392],[-3,-3,66297],[-2,8,32283],[-9,-3,12431],[-7,-4,124268],[2,-9,25102],[-1,-6,8138],[-1,-7,9095],[-3,-11,23323],[-2,-3,10365],[5,-2,36786],[-4,-11,11656],[-2,-13,0]],[[21923,11961,0],[0,-2,0]],[[21923,11959,0],[-5,-3,22364],[-4,-6,10754],[-3,-8,8827],[-4,-5,8383],[-2,-5,55620],[-15,-13,18507],[-1,-4,31575],[-9,-5,13381],[-9,-3,85401],[-7,1,8026],[-6,1,22603],[-5,-1,7546],[-5,-3,0]],[[21848,11905,0],[-3,7,10373],[-3,2,24406],[-2,-1,7055],[-3,-4,20989],[-2,4,9224],[-4,3,43401],[5,5,18439],[0,4,7486],[2,4,10159],[-2,2,24973],[-7,-1,33135],[-5,5,7888],[-8,7,222451],[-15,0,20739],[-1,-3,8427],[-2,1,8427],[2,4,8427],[-7,1,13360],[-2,5,13360],[-4,-4,17083],[-4,2,11990],[-4,-2,7371],[-3,1,57728],[-7,-6,7103],[-6,-6,57728],[-6,-2,8541],[-1,2,10796],[-13,-2,8430],[-3,1,7148],[-5,-3,23176],[-5,4,23176],[-15,-6,23176],[-8,-1,8101],[-11,-1,9959],[-3,0,82887],[-16,-5,14635],[-9,0,24422],[-14,-7,17566],[-13,-3,0]],[[22785,11097,0],[24,16,0]],[[22809,11113,0],[2,0,8539],[-1,5,7453],[2,0,0]],[[22812,11118,0],[2,-8,0]],[[22814,11110,0],[11,-19,22038],[5,-2,9420],[3,-3,0]],[[22833,11086,0],[-6,-7,0]],[[22827,11079,0],[-5,-4,0]],[[22822,11075,0],[-6,-6,0]],[[22816,11069,0],[-31,28,0]],[[22833,11043,0],[4,3,0]],[[22837,11046,0],[5,7,9996],[8,7,0]],[[22850,11060,0],[6,7,0]],[[22856,11067,0],[5,-3,12030],[3,2,0]],[[22864,11066,0],[9,-17,0]],[[22873,11049,0],[0,-6,0]],[[22873,11043,0],[-2,-7,0]],[[22871,11036,0],[-4,-14,0]],[[22867,11022,0],[-34,21,0]],[[22853,11140,0],[0,1,0]],[[22853,11141,0],[5,0,16983],[25,11,0]],[[22883,11152,0],[0,-5,0]],[[22883,11147,0],[-2,-11,18229],[-3,-6,7058],[-5,-6,0]],[[22873,11124,0],[-20,16,0]],[[22827,11079,0],[10,-7,0]],[[22837,11072,0],[2,-4,8195],[2,2,10585],[3,-3,7359],[-1,-1,10585],[7,-6,0]],[[22833,11043,0],[-9,18,24165],[-8,8,0]],[[22165,11913,0],[9,4,31023],[1,3,7307],[-2,6,16013],[1,5,8113],[3,2,54898],[5,-2,18787],[5,2,8310],[9,1,28450],[7,7,137414],[0,9,16931],[-4,8,16931],[-1,7,10726],[-3,4,10726],[-3,9,7006],[0,4,36688],[3,8,26520],[-2,3,8712],[-1,8,8712],[-2,5,0]],[[22190,12006,0],[7,3,14279],[6,0,7046],[6,0,8245],[5,1,52368],[0,-7,7418],[-1,-9,7418],[1,-2,52368],[5,1,13235],[3,-1,7167],[7,-1,13235],[9,1,11608],[5,-1,122304],[8,-8,11633],[3,1,26198],[4,-8,8084],[6,-7,11011],[4,0,10870],[-1,-4,56248],[-17,-2,56248],[8,-7,16225],[7,-11,22728],[5,1,15792],[2,-4,7366],[3,0,7366],[1,-4,0]],[[22276,11938,0],[-3,-9,16761],[3,-5,35712],[-3,-2,9796],[-3,-5,19480],[-2,1,8442],[-5,-2,115126],[-2,-5,13943],[5,-5,27945],[4,0,9290],[9,-4,47538],[-1,-7,11932],[2,-7,21611],[-4,-4,47538],[3,-6,11275],[0,-5,19672],[7,-7,22737],[0,-8,13837],[5,-2,13837],[-2,-5,35852],[14,-8,31199],[1,-4,7389],[2,-3,13561],[-3,-3,0]],[[22303,11833,0],[-12,8,26354],[-2,4,11509],[-6,4,12632],[1,3,12557],[-2,4,7587],[-3,1,65111],[-9,-3,10738],[-11,-5,111403],[-2,-4,8145],[-1,-6,11121],[-3,-2,11121],[2,-6,21254],[-4,-1,35891],[2,-10,13545],[-1,-5,8534],[0,-7,111403],[-3,1,11251],[-11,-3,8634],[-9,-2,45970],[2,-7,9511],[-1,-6,32682],[-8,-1,10031],[-4,-2,45970],[-6,3,16202],[-1,9,16202],[-1,2,7249],[-3,-2,48646],[-3,-5,9987],[-6,-5,22401],[-9,-1,0]],[[22189,11789,0],[2,7,12810],[-1,7,12140],[1,6,68857],[-6,9,27073],[0,7,13300],[-5,7,13300],[2,4,16093],[-4,5,13030],[0,6,35769],[-7,4,31851],[-6,11,18386],[-2,10,7548],[-1,6,90018],[2,8,19257],[0,16,7521],[1,11,0]],[[22555,11442,0],[1,-1,8609],[10,4,8609],[4,1,12744],[2,3,10932],[5,-2,10932],[15,3,26848],[6,0,12855],[15,4,13609],[9,0,175921],[0,7,8722],[-1,14,12263],[0,11,12263],[-1,27,8920],[0,14,8920],[-1,3,131443],[4,2,15642],[7,-5,18447],[5,0,10141],[-2,3,18447],[9,1,10057],[1,-5,9286],[2,3,14363],[9,1,0]],[[22654,11530,0],[3,0,6974],[-2,-2,13270],[9,-2,7421],[2,1,7421],[2,-3,15144],[2,2,11601],[6,-6,11601],[14,-6,19493],[7,-2,148503],[-3,-8,20201],[2,-6,9896],[-2,-2,9896],[0,-13,91641],[2,-5,7824],[0,-4,12272],[3,-4,22626],[1,2,7992],[4,0,22626],[3,-7,7214],[4,-5,7214],[1,-3,19630],[5,-2,50753],[4,-38,49597],[3,2,7903],[7,1,0]],[[22731,11420,0],[-1,-5,7107],[2,0,8836],[-2,-5,26676],[10,-5,78990],[11,6,11420],[8,5,21257],[7,8,57241],[14,-7,33254],[1,3,14275],[11,3,0]],[[22792,11423,0],[5,2,9337],[13,3,41021],[1,-3,8246],[3,0,14514],[2,-9,29093],[10,2,0]],[[22826,11418,0],[5,-20,8902],[0,-6,0]],[[22831,11392,0],[0,-6,8330],[-4,-18,0]],[[22827,11368,0],[-1,-8,14516],[-4,2,14516],[-7,-5,39630],[-35,-11,98996],[4,-9,34384],[-2,-5,11873],[-5,-4,19367],[-3,-11,9502],[-1,-6,102583],[-7,-1,16220],[-1,-7,13035],[-4,0,27861],[-26,-10,10390],[-14,-6,0]],[[22721,11287,0],[-2,5,11038],[-7,7,28993],[-8,2,9417],[-5,3,20909],[-9,9,0]],[[22690,11313,0],[-13,15,44269],[-1,1,7702],[-13,-3,11217],[-3,1,67063],[-3,-6,7170],[-6,-13,0]],[[22651,11308,0],[-17,10,64465],[-27,-9,31930],[-6,-8,0]],[[22601,11301,0],[0,3,7928],[3,10,26031],[-1,7,11133],[-4,11,75543],[-9,12,9958],[-5,8,35982],[-10,3,10306],[-5,3,8498],[-3,-1,8498],[-4,3,35982],[1,3,10063],[4,4,102750],[-3,11,10602],[-2,12,28731],[0,8,8190],[1,12,41368],[0,4,7579],[-4,7,14830],[-6,8,33994],[-1,6,9988],[2,7,0]],[[22426,12455,0],[4,7,12271],[4,2,7732],[4,5,54121],[7,-1,7687],[4,0,7687],[5,-2,20278],[0,-5,16583],[8,0,111377],[-5,-15,13934],[-2,-11,65032],[9,-1,24468],[5,2,9784],[9,6,13686],[4,0,65032],[2,-7,10811],[1,-10,10886],[4,-12,0]],[[22489,12413,0],[-4,-3,25652],[2,-10,15731],[-1,-8,7261],[0,-7,49790],[3,-8,7372],[1,2,7372],[0,-6,17370],[5,-3,28318],[-2,-3,10816],[4,-3,10816],[0,-11,93031],[-6,-13,13880],[2,-2,9465],[-5,-2,16499],[-6,-17,16499],[-3,-1,39722],[-2,-9,10598],[1,-6,89458],[5,-7,10283],[4,-2,17929],[2,2,8914],[5,-1,15507],[3,-5,89458],[-6,-6,21082],[-4,4,8582],[0,-3,8582],[5,-3,9784],[-1,-3,7273],[-3,-3,12660],[1,-5,8340],[-1,-2,32461],[6,-4,32461],[0,-3,7375],[-4,-3,9945],[-4,-11,22993],[1,-4,7167],[0,-5,14230],[-3,-7,69576],[2,-5,7843],[0,-3,16897],[7,-7,0]],[[22493,12217,0],[1,-6,8296],[1,-3,22263],[-1,-6,9755],[-4,-7,36603],[-4,0,17211],[4,-8,9719],[-1,-3,9719],[3,-2,20934],[1,-6,7333],[-1,0,7333],[1,-6,16667],[-3,-4,21818],[4,-1,8634],[-2,-3,8634],[2,-6,17184],[-3,-3,9926],[1,-5,163167],[9,0,35150],[0,-11,8786],[-1,-1,22889],[6,-9,77347],[6,-3,10573],[16,-3,36606],[8,0,7066],[8,0,17987],[6,3,105972],[0,-5,7455],[0,-9,7716],[0,-8,9352],[-2,0,9352],[2,-8,0]],[[22550,12094,0],[-6,-2,8680],[-6,-1,19192],[-8,2,13184],[-5,-1,29059],[-2,-6,29059],[-6,0,10534],[-22,-3,17317],[0,-2,0]],[[22495,12081,0],[-8,-3,21739],[-3,8,22046],[-17,1,19520],[-9,4,35181],[-3,7,10550],[-5,8,33298],[-5,-2,7911],[-3,-3,0]],[[22442,12101,0],[1,1,7132],[-1,7,17376],[-2,2,8248],[-2,5,12906],[0,5,39547],[-2,1,7780],[-3,-3,19338],[-1,6,15735],[-6,1,63427],[3,5,9080],[-3,0,9080],[0,6,8683],[1,4,20493],[-1,9,11283],[-2,7,20493],[2,5,7817],[-1,4,65949],[-3,5,10679],[-4,1,20621],[3,6,20621],[-1,3,6988],[-4,5,16303],[0,9,35455],[-5,2,11521],[-5,5,0]],[[22883,11116,0],[6,2,8180],[5,0,18567],[11,-2,7930],[3,0,0]],[[22929,11116,0],[1,-12,7753],[1,-2,0]],[[22931,11102,0],[0,-9,6973],[1,-7,0]],[[22888,11089,0],[2,6,0]],[[22890,11095,0],[0,8,20776],[-2,6,11207],[-5,7,0]],[[22838,11142,0],[-1,-15,9699],[1,-9,0]],[[22838,11118,0],[-3,-1,7196],[-8,1,21047],[-1,-11,20303],[-5,6,20303],[-5,0,10679],[-2,-3,0]],[[22812,11118,0],[0,15,30876],[10,2,34938],[-2,15,64705],[10,-5,8727],[8,-3,0]],[[22823,11169,0],[-3,-4,0]],[[22820,11165,0],[-4,-3,0]],[[22816,11162,0],[-13,6,0]],[[22803,11168,0],[2,7,9875],[-1,5,26343],[-8,18,63160],[10,5,24101],[1,-8,24101],[9,0,13776],[5,-3,60842],[2,-17,8603],[-2,-3,8603],[2,-3,0]],[[21442,9479,0],[6,6,19083],[-4,5,27070],[13,11,0]],[[21457,9501,0],[7,-5,0]],[[21464,9496,0],[6,-4,7037],[3,-4,0]],[[21473,9488,0],[8,-9,10824],[1,-4,22919],[9,-4,0]],[[21491,9471,0],[-3,0,11610],[2,-6,14146],[-4,0,0]],[[21486,9465,0],[-4,1,24870],[-28,-21,0]],[[21454,9445,0],[-6,22,7328],[-2,6,0]],[[21446,9473,0],[-4,6,0]],[[20563,12131,0],[-8,53,6975],[-8,52,51073],[-8,81,180394],[-29,96,9185],[-18,58,0]],[[20492,12471,0],[31,-9,40357],[29,0,211325],[78,44,13553],[81,45,330327],[4,-4,18106],[11,-2,13291],[6,-3,36067],[11,2,23013],[6,-1,10861],[1,-4,16932],[8,1,77441],[6,-7,10950],[6,-5,16741],[4,-6,7591],[6,-6,24058],[4,0,15986],[9,-11,62757],[2,4,15769],[6,-1,7356],[5,1,0]],[[20806,12509,0],[3,-3,7736],[5,-4,8583],[7,-8,32274],[8,-12,15242],[0,-6,13245],[4,-5,204856],[79,12,144589],[13,-3,18523],[4,-2,7280],[18,-6,8771],[5,-3,46006],[17,-3,8362],[19,-4,9083],[22,-5,0]],[[21010,12457,0],[6,-41,56951],[-6,-9,44021],[1,-46,258367],[29,-76,44132],[4,-6,15325],[11,-23,156315],[29,-33,44026],[14,-5,22425],[7,-6,7029],[6,-5,44026],[6,-14,156315],[0,-12,12271],[-1,-10,18138],[-3,-2,14465],[4,-2,10339],[1,-5,18138],[-3,-9,31821],[2,-17,9853],[1,-4,0]],[[21118,12132,0],[2,-8,13990],[2,-1,7832],[-4,-5,33424],[-4,-3,7567],[-4,0,14784],[-2,-4,7302],[-3,-2,40732],[0,-9,21064],[-8,-26,148033],[-14,-1,7070],[-11,0,22339],[-1,5,22339],[-9,-4,7082],[-7,-2,22339],[-13,-1,9015],[-4,0,252614],[4,-15,13550],[0,-4,13550],[5,-30,10355],[3,-16,27706],[3,-7,10841],[3,-16,73059],[-2,-19,13814],[0,-15,252614],[-3,0,7066],[-9,3,36242],[-18,1,11731],[-6,-1,11731],[-23,0,18211],[-10,-1,7958],[-9,-1,99825],[1,-19,0]],[[20977,11931,0],[-12,1,8790],[-12,0,8790],[-19,1,8310],[-13,0,52591],[-25,-1,11501],[-45,-3,23975],[-15,-2,57036],[-16,3,14758],[-17,4,54690],[-3,-12,51690],[-19,2,10083],[-14,3,54690],[-11,-2,16512],[-9,2,16512],[-28,1,26899],[-17,-2,23003],[-27,1,297871],[-21,3,10937],[-7,2,7087],[-5,1,39685],[-7,3,13468],[-5,6,41086],[-63,28,0]],[[20567,11970,0],[0,2,20269],[-2,66,9537],[-2,93,0]],[[22845,11079,0],[6,4,24171],[-5,5,10408],[-3,7,0]],[[22843,11095,0],[6,4,0]],[[22849,11099,0],[2,-4,0]],[[22851,11095,0],[7,-8,8856],[5,-4,18568],[8,-2,7842],[0,-2,0]],[[22871,11079,0],[-4,0,16617],[6,-8,22452],[-9,-5,0]],[[22856,11067,0],[-6,3,15987],[-1,6,8788],[-2,-1,6996],[-2,4,0]],[[22862,11282,0],[7,3,8021],[7,5,14827],[3,0,7100],[6,2,11542],[3,3,0]],[[22888,11295,0],[0,-10,30355],[-9,-36,17010],[-1,-10,0]],[[22878,11239,0],[-2,-14,11873],[-2,-9,0]],[[22874,11216,0],[-5,3,32059],[-1,8,7381],[-3,13,14477],[-3,5,14477],[-1,12,51467],[2,10,17421],[-1,15,0]],[[21966,12189,0],[10,4,7800],[7,3,8004],[7,3,7512],[9,3,35164],[15,1,42693],[-1,5,9526],[2,9,42693],[11,-8,15381],[7,-1,42693],[4,1,10854],[17,3,20582],[0,3,22743],[8,2,10596],[8,3,7627],[12,3,10596],[2,0,147868],[6,5,8077],[1,4,15241],[3,-2,15241],[5,4,7338],[1,-1,7338],[1,4,12876],[5,1,8133],[3,3,12876],[0,3,28509],[11,14,11660],[2,3,8669],[4,2,0]],[[22126,12263,0],[5,-7,29144],[4,-3,10111],[24,-11,113161],[5,-15,32278],[8,-6,9307],[7,-4,32278],[6,-7,14874],[25,-38,68020],[5,-9,16188],[-3,-2,33576],[2,-6,7379],[2,0,7379],[6,-8,18518],[4,-9,10834],[4,-5,162168],[-4,-1,7437],[0,-2,13330],[6,-3,12214],[-4,-2,13825],[-1,-3,7799],[2,-3,11273],[3,2,8755],[1,-4,10497],[-6,-3,10497],[-1,3,11273],[-3,-6,7524],[-1,-5,12682],[-3,4,9179],[-2,-2,12682],[3,-7,35303],[-1,-2,7343],[-4,0,15395],[-2,6,15395],[-5,-4,26892],[0,6,8726],[-2,3,9333],[3,2,9333],[-3,2,25637],[-4,-5,8678],[-2,-4,24440],[6,-2,14872],[-2,-2,8043],[-5,-1,14872],[2,-8,35303],[7,2,17785],[1,-6,8067],[2,-1,23082],[8,4,95244],[5,-6,7189],[-1,-2,7189],[5,-4,10773],[-1,-3,8331],[3,-2,40724],[1,6,13742],[1,-5,8322],[2,-3,13742],[5,2,13224],[2,-5,20169],[6,3,0]],[[22247,12072,0],[0,-4,12339],[5,-2,17819],[-5,-3,19126],[1,-4,8469],[3,-2,14828],[5,1,14828],[-2,-7,27298],[6,-1,26036],[0,-5,13051],[6,-12,42548],[4,-2,13698],[6,3,42548],[3,-4,8552],[-1,-4,8552],[3,-7,21686],[-2,-5,9299],[0,-6,0]],[[22279,12008,0],[0,-3,11882],[-5,0,9687],[-2,-3,52087],[1,-13,14524],[4,-8,7198],[0,-2,25086],[-6,-3,22338],[0,-3,7070],[3,-3,17418],[7,-1,22338],[1,-10,14803],[4,-2,65951],[0,-3,7210],[-3,-5,9437],[0,-5,9245],[-3,-8,25624],[-4,2,0]],[[22190,12006,0],[-10,0,9215],[-3,-1,9215],[-16,-1,31132],[-13,1,7368],[-1,0,13253],[-10,2,55591],[-4,5,17303],[-8,3,7659],[-7,2,77674],[-11,-1,8694],[-9,-2,14130],[-11,0,28276],[-5,-2,8282],[-7,-2,186369],[-3,17,23121],[-2,7,9469],[-5,8,15170],[-2,11,63341],[-2,0,8004],[-8,8,15848],[-6,1,30691],[-1,6,8776],[-3,2,8121],[0,5,186369],[-10,-6,16687],[-4,8,14161],[-3,3,7489],[-2,-1,16687],[5,-10,19739],[-19,-3,14025],[-9,-3,23190],[-11,0,22122],[-12,-4,8732],[-3,-2,7686],[-5,-1,0]],[[21975,12075,0],[2,5,19011],[-1,6,10936],[-4,6,44609],[4,18,15595],[-1,4,21046],[0,11,8907],[2,13,12089],[-2,4,12089],[2,13,80531],[-2,8,9421],[1,2,13003],[-2,10,8469],[-3,6,25727],[-5,8,0]],[[22838,11142,0],[0,7,10455],[-3,8,0]],[[22835,11157,0],[10,-11,8682],[8,-6,0]],[[22853,11140,0],[-1,-14,7164],[0,-5,23538],[3,-21,0]],[[22855,11100,0],[-4,-5,0]],[[22849,11099,0],[-9,11,15410],[-2,8,0]],[[22837,11072,0],[8,7,0]],[[22843,11095,0],[-5,-3,10430],[-3,-6,8073],[-2,0,0]],[[22442,12101,0],[-7,-10,20886],[0,-5,12935],[-2,-1,9221],[0,-4,9221],[-2,-3,7430],[0,-4,27648],[-8,-7,74004],[-3,0,7740],[-6,-2,17245],[0,-5,12288],[-6,1,12288],[-2,-4,10529],[-5,0,20088],[0,4,14343],[-8,-4,0]],[[22393,12057,0],[-3,-2,8933],[1,4,12453],[-7,0,12453],[-10,4,29304],[-3,-3,9543],[-5,-1,44798],[-7,2,7424],[-2,3,7424],[-1,-1,7424],[-5,2,16257],[-5,6,16257],[-8,1,171339],[0,-1,8138],[-5,-16,24128],[0,-6,8668],[1,-7,99774],[-8,-1,12167],[-5,-4,16038],[-15,-3,62417],[0,-21,15736],[-2,-4,62417],[-5,1,9684],[-20,-2,0]],[[22247,12072,0],[7,8,18269],[5,2,7593],[6,1,82955],[-14,27,7831],[-9,18,113633],[2,1,13534],[-1,14,19836],[2,5,7041],[3,7,59916],[7,3,7767],[13,4,11211],[3,2,45825],[1,7,12565],[-3,3,8633],[0,3,12565],[4,1,0]],[[22889,11004,0],[-6,-10,9426],[-5,-7,18054],[-6,-4,38704],[-7,5,0]],[[22865,10997,0],[1,20,0]],[[22866,11017,0],[1,5,0]],[[22867,11022,0],[17,-9,16078],[10,-3,0]],[[22894,11010,0],[-3,-4,6973],[-2,-2,0]],[[22883,11147,0],[5,0,7595],[1,1,7595],[10,4,30222],[-1,-3,13302],[6,-1,8688],[2,-2,0]],[[22906,11146,0],[1,-1,9311],[0,-12,18737],[2,-5,8904],[2,0,0]],[[22883,11116,0],[-10,8,0]],[[22796,11053,0],[6,-2,17490],[24,-13,0],[6,-11,15287],[10,-25,9778],[0,0,0]],[[22842,11002,0],[-2,-1,7402],[-2,4,10657],[-5,0,30760],[-4,11,15762],[-5,6,8529],[-3,5,30760],[-12,13,7745],[-6,7,17195],[-7,6,0]],[[23029,11049,0],[3,-8,22415],[1,-13,7862],[0,-4,12521],[2,-8,12521],[-1,-10,0]],[[23034,11006,0],[-4,-1,10221],[-7,2,28497],[-6,-11,64460],[3,-6,14335],[8,-8,14335],[7,-11,98473],[-18,-9,33753],[-4,1,14233],[-17,-4,11165],[-2,0,0]],[[22994,10959,0],[-47,-7,0]],[[22947,10952,0],[-6,44,0]],[[22941,10996,0],[31,21,20758],[8,8,0]],[[22980,11025,0],[1,4,7674],[2,1,11267],[-1,5,15945],[4,1,15945],[-3,9,50854],[5,0,7471],[7,2,12000],[1,3,11908],[7,0,29000],[1,6,80254],[5,2,11942],[7,-2,22487],[-1,-6,22762],[14,-1,0]],[[22680,11137,0],[3,-1,9400],[7,-7,18211],[8,-12,28319],[-2,-4,18446],[2,-4,9278],[6,-5,82803],[0,-24,19698],[-1,-10,8050],[-2,-9,30246],[3,-1,0]],[[22704,11060,0],[-4,-3,28601],[-9,2,9052],[-2,2,8875],[-8,1,20089],[-6,5,0]],[[22675,11067,0],[3,2,7376],[0,3,7376],[5,7,22417],[0,2,7683],[-3,2,22417],[1,19,20133],[3,2,53424],[-3,9,15160],[-4,-1,15160],[-5,5,11234],[-1,6,47595],[7,10,7232],[2,4,0]],[[23149,11222,0],[8,0,11240],[0,-2,9244],[4,0,22391],[1,6,11489],[3,0,0]],[[23165,11226,0],[46,-10,0]],[[23211,11216,0],[209,-138,0]],[[23420,11078,0],[-194,4,0]],[[23226,11082,0],[-78,56,0]],[[23148,11138,0],[-4,2,14953],[3,4,7476],[-1,3,17264],[-5,5,0]],[[23141,11152,0],[0,5,11800],[5,-1,11807],[2,7,15704],[4,0,52563],[-2,12,8351],[1,0,7724],[-1,8,34125],[-2,-1,9698],[-2,5,10564],[-5,0,10564],[-1,4,52563],[4,12,8475],[1,8,20080],[6,0,20080],[1,7,11603],[-3,4,0]],[[21923,11961,0],[14,0,16957],[8,-4,24797],[23,1,91401],[1,-13,15122],[-1,-5,9315],[0,-11,113127],[7,-3,7858],[6,-2,34653],[4,4,14688],[10,1,9281],[4,2,63044],[-2,16,26347],[6,12,63044],[2,-14,28448],[5,-8,9548],[1,-5,16187],[6,-9,7105],[2,-4,63044],[10,2,13760],[0,4,13760],[8,-1,157115],[2,-9,9864],[-1,-3,9864],[2,-18,36525],[7,-1,19675],[1,-9,144321],[10,0,13730],[7,3,39943],[3,6,8888],[5,9,44798],[3,2,10193],[7,1,13194],[9,6,22895],[10,0,107503],[0,6,12755],[-3,6,9743],[-1,6,42488],[2,6,14808],[9,12,157115],[4,1,16846],[4,-5,8594],[1,-4,19578],[5,2,19578],[12,-5,12422],[13,-3,9743],[3,-1,61720],[1,-9,21912],[9,1,22424],[2,-2,10690],[2,-9,0]],[[22189,11789,0],[-3,0,12261],[-3,7,33107],[-4,-2,7522],[-11,-3,26935],[4,-4,9467],[-1,-2,0]],[[22171,11785,0],[-4,-3,9744],[1,-4,14518],[-1,-13,32400],[2,-14,7614],[2,-10,167058],[-1,-5,12661],[-4,0,12661],[-4,-6,42322],[-10,-4,18532],[-6,0,10870],[-10,-3,8769],[-2,0,47290],[-1,-8,19009],[-7,-5,90376],[-5,0,10351],[-1,2,7690],[-4,1,15654],[-9,-2,15863],[-9,3,10519],[-6,0,60211],[0,-12,41100],[-6,-2,7320],[-10,-2,18352],[-4,2,0]],[[22072,11700,0],[-8,-1,7090],[-4,-2,18469],[-5,-5,8368],[-5,-2,33519],[-22,-4,14135],[-15,-4,32096],[-14,-8,0]],[[21999,11674,0],[-2,17,19509],[0,18,8824],[0,10,42925],[-5,23,18917],[-4,9,42925],[1,13,8847],[1,4,7681],[0,5,210454],[-9,4,14840],[-12,1,16870],[-12,4,104232],[1,13,40390],[-3,5,8874],[0,4,12457],[-4,7,7342],[-6,12,26479],[-3,9,9005],[-1,7,94214],[-7,3,8487],[-12,3,15143],[-7,0,265847],[-2,8,8137],[0,4,28941],[4,17,15822],[1,12,38619],[-2,6,11244],[-3,3,66756],[-1,5,7937],[2,13,25484],[3,12,9853],[0,2,9853],[3,7,25572],[2,10,11613],[1,15,0]],[[22126,12263,0],[-5,8,41582],[0,12,7644],[1,36,64209],[0,2,7009],[-5,5,9660],[-2,6,10593],[-5,6,0]],[[22110,12338,0],[20,8,25369],[4,0,9327],[14,3,0]],[[22932,11164,0],[8,-2,8959],[3,-2,0]],[[22943,11160,0],[3,-3,9388],[3,-6,19034],[0,-9,24941],[5,-9,12773],[5,-4,43889],[9,-1,9576],[0,1,0]],[[22968,11129,0],[11,0,18745],[0,-3,9509],[5,-2,0]],[[22984,11124,0],[-4,-1,14339],[-14,-8,11219],[-8,-4,58109],[-9,-1,20029],[-12,5,11469],[-8,1,0]],[[22337,11591,0],[4,0,16391],[14,5,7062],[9,4,10895],[12,5,40914],[3,-4,28096],[6,3,7967],[10,3,14304],[6,-1,13055],[6,3,120868],[-9,2,23123],[0,1,9881],[10,6,23123],[2,6,7527],[7,24,52038],[6,-4,15139],[4,3,283704],[3,-3,9229],[3,-7,18810],[-2,-5,30397],[6,-5,11622],[1,-4,14590],[5,-2,38771],[-2,-7,12648],[2,-3,8995],[0,-6,38771],[7,-3,13165],[7,1,70173],[5,-6,18914],[-3,-8,18914],[0,-6,10634],[4,-8,12105],[-2,-4,7791],[2,-1,131114],[6,2,10075],[4,-1,7001],[7,2,47465],[2,-2,7016],[1,-7,14014],[5,-5,34608],[7,3,17383],[4,-4,9497],[3,-1,0]],[[22502,11557,0],[7,-4,20272],[-1,-5,10618],[2,-5,50338],[-7,-9,13138],[-1,-5,13138],[-6,-6,87910],[0,-11,29882],[3,-3,8791],[2,-7,15866],[8,-8,29882],[5,-10,10175],[-1,-1,14252],[3,-6,7371],[3,-7,160400],[-1,-3,9589],[-5,0,9589],[-7,-5,25832],[-10,-2,15479],[-2,-2,8980],[-7,-2,12193],[-6,0,11541],[-3,-3,0]],[[22478,11453,0],[-3,8,15137],[-7,9,7822],[-2,2,15137],[-5,7,7290],[-6,9,7290],[-4,5,68185],[5,2,18491],[0,10,15328],[-4,-1,22678],[-1,7,8741],[-2,8,8741],[-3,16,68185],[-4,-2,7958],[-10,-2,37636],[3,-11,16520],[-3,-4,124966],[-7,6,22326],[-10,-4,22326],[-2,1,7136],[-6,-1,10447],[-12,1,73934],[0,14,13256],[-1,5,48335],[-3,1,8044],[-4,-2,16588],[-13,6,0]],[[22374,11543,0],[-5,2,20823],[-11,11,10636],[-4,3,10636],[-2,5,27713],[2,3,10178],[-1,5,27713],[-6,2,10273],[-2,3,7115],[-5,3,42954],[-5,10,12654],[2,1,0]],[[23103,11271,0],[1,-9,12585],[-1,-7,9712],[0,-9,0]],[[23103,11246,0],[-1,-2,7340],[-4,-2,18234],[-16,-5,30001],[-23,-3,0]],[[23059,11234,0],[4,11,14741],[5,8,57505],[6,5,7304],[5,3,26030],[24,10,0]],[[23068,11105,0],[3,11,12920],[-1,5,12920],[0,11,8658],[1,13,0]],[[23071,11145,0],[11,2,0]],[[23082,11147,0],[5,-3,8889],[0,2,6993],[4,-2,16303],[-2,-5,16303],[8,1,22069],[-1,-2,8530],[1,-5,14608],[5,0,74451],[-3,-10,10823],[-1,0,16149],[-4,-19,12511],[-2,-5,69240],[17,-14,0]],[[23109,11085,0],[-2,-6,13596],[-6,-7,0]],[[23101,11072,0],[-14,2,13677],[1,-2,13677],[-19,0,32237],[-3,5,0]],[[23066,11077,0],[-1,4,7317],[0,9,20224],[3,15,0]],[[22893,11539,0],[7,-3,10092],[5,-5,10092],[11,-6,9134],[4,-4,42374],[4,-11,23206],[10,-9,100179],[6,2,13556],[13,0,26587],[14,-1,9350],[7,-1,0]],[[22974,11501,0],[-1,-5,8370],[-3,-3,21056],[1,-5,10134],[-2,-2,10134],[1,-4,7230],[-1,-6,17414],[-3,-6,33636],[5,-4,15395],[0,-5,7027],[-2,-1,0]],[[22969,11460,0],[-3,4,20389],[-15,-1,32521],[0,-9,54465],[-18,0,22569],[-2,4,22569],[-6,0,7761],[-5,2,11525],[-9,-1,20167],[-15,3,176301],[-9,-2,35055],[0,-12,11560],[-2,-3,9841],[0,-8,40107],[8,-4,40107],[0,-6,8487],[0,-9,20286],[2,-10,10389],[1,-9,34446],[-5,-1,0]],[[22891,11398,0],[-6,0,28553],[1,-4,8623],[-2,-7,16790],[-4,-1,9779],[-2,-4,16790],[3,-2,7760],[0,-3,52347],[-8,0,8806],[-3,2,19802],[-6,-4,8354],[-3,0,89447],[-11,11,8906],[-4,4,36873],[-6,-1,13169],[-9,3,0]],[[22826,11418,0],[-1,15,32553],[1,9,14088],[6,18,0]],[[22832,11460,0],[6,14,20886],[7,11,8150],[6,8,58145],[9,8,8569],[12,11,17670],[14,15,31544],[7,12,0]],[[22882,11174,0],[1,-22,0]],[[22853,11141,0],[3,18,16865],[4,7,13388],[1,9,69327],[21,-1,0]],[[22375,11801,0],[0,3,15085],[-5,9,10356],[-2,7,60418],[4,4,11160],[9,8,7609],[9,7,0]],[[22390,11839,0],[5,-1,40692],[2,4,7005],[9,11,13479],[6,7,27313],[8,2,14097],[7,7,23543],[2,6,7512],[4,3,199384],[5,-3,9277],[10,-5,26956],[8,-9,8477],[2,-3,61529],[3,3,11810],[11,2,27332],[1,10,27332],[6,2,10356],[6,-2,61529],[0,-5,16690],[-4,-12,11654],[-3,-2,11654],[0,-6,66629],[3,-2,7517],[8,-2,19141],[2,2,7555],[4,-2,7555],[8,1,26572],[6,-3,7170],[2,0,7170],[3,-3,66629],[0,-3,10136],[5,-9,12790],[-1,-4,12790],[5,-4,0]],[[22523,11819,0],[2,-3,7489],[-1,-2,11399],[4,-4,14176],[-1,-4,13024],[4,-8,20578],[-4,-3,9553],[4,-1,9553],[-3,-4,20578],[5,-6,23458],[-4,-3,11632],[0,-4,23458],[5,0,14503],[3,-6,40911],[0,-10,14346],[3,-2,14346],[-2,-7,40911],[1,-7,12719],[5,-3,15884],[-1,-7,15884],[6,-1,31716],[-5,-7,31716],[2,-10,9970],[0,-6,21650],[5,-6,24854],[3,-10,12243],[-5,-4,12243],[5,-2,12243],[1,-4,7940],[-1,-4,10989],[2,-2,18952],[0,-5,8004],[-2,-2,18952],[5,-8,261409],[6,4,9117],[1,3,18006],[6,2,9687],[3,-1,19035],[5,6,11490],[4,2,70092],[11,-3,10834],[5,1,10834],[4,-4,15186],[11,-4,133014],[2,-5,7446],[-2,-3,7446],[1,-5,13569],[-2,-5,12677],[1,-8,51634],[16,4,51634],[-2,-15,9292],[1,-5,28347],[6,-4,0]],[[22636,11624,0],[2,-2,9451],[0,-7,22588],[6,-7,8925],[7,-5,32474],[1,-5,10007],[6,-22,32474],[6,1,107027],[3,-10,16766],[1,-10,8291],[0,-7,55787],[-7,-7,8765],[-7,-5,25955],[0,-8,0]],[[22555,11442,0],[-2,2,13255],[-24,10,72513],[-7,-1,12032],[-5,1,7297],[-8,0,20634],[-11,-5,20024],[-13,1,38077],[0,-5,0]],[[22485,11445,0],[-8,-2,24294],[1,8,7724],[0,2,0]],[[22502,11557,0],[4,4,18773],[-8,7,14107],[2,2,18773],[-4,12,11549],[-2,15,42339],[5,16,36942],[-8,5,20520],[-5,-6,36942],[-6,20,121686],[3,2,12166],[1,11,15439],[4,4,54337],[0,20,17328],[2,9,22606],[-1,29,322502],[-4,13,19529],[-2,-8,19529],[-16,4,42485],[-2,5,7347],[-2,7,7347],[-2,3,69737],[-6,-4,15554],[-9,-2,8143],[-4,0,7466],[-3,-1,137870],[-2,7,10463],[2,0,7336],[-1,6,11360],[-3,3,11360],[4,3,35482],[-6,14,26289],[0,10,11345],[2,10,26238],[3,6,17797],[-8,1,146163],[-10,8,12524],[-11,5,12686],[-10,8,64459],[-10,-1,12081],[-2,2,23264],[-8,-4,8174],[-4,-1,0]],[[23057,11217,0],[2,17,0]],[[23103,11246,0],[5,-3,9582],[1,-3,18670],[6,-7,7703],[4,-7,13425],[1,-4,0]],[[23120,11222,0],[-4,0,20472],[0,-17,27580],[-11,-20,65856],[2,-14,16912],[3,-2,27261],[-1,-7,9635],[0,-9,0]],[[23109,11153,0],[-4,-2,9825],[-23,-4,0]],[[23071,11145,0],[-10,3,19503],[-18,12,0]],[[23043,11160,0],[6,10,16457],[5,14,43382],[2,18,11466],[1,15,0]],[[23029,11049,0],[1,15,39273],[7,-4,11337],[8,-1,43857],[-1,3,8988],[0,8,14421],[4,-1,14421],[-1,10,0]],[[23047,11079,0],[19,-2,0]],[[23101,11072,0],[-2,-8,20848],[5,-13,26926],[11,-5,22069],[-3,-5,0]],[[23112,11041,0],[3,-3,28208],[12,-53,0]],[[23127,10985,0],[-36,25,22479],[-2,2,6973],[-5,5,0]],[[23084,11017,0],[-4,7,45590],[-10,-5,8573],[-2,-3,7065],[-2,1,7065],[-7,-3,19296],[1,-4,19296],[-9,0,8111],[-4,0,0]],[[23047,11010,0],[-13,-4,0]],[[22303,11833,0],[-3,-3,12416],[6,-2,12416],[3,-6,31507],[-5,-8,9872],[-1,-5,39240],[3,-1,18259],[2,-4,8554],[0,-9,18259],[4,-5,0]],[[22312,11790,0],[-1,-5,10231],[1,-7,23995],[-5,-5,15736],[-3,-9,40745],[3,-9,14771],[-4,0,7532],[0,-3,14771],[6,-3,9313],[-1,-2,51692],[-7,-3,9045],[-5,-4,30152],[5,-9,30152],[-2,-4,9660],[0,-9,14304],[-3,-2,14304],[-1,-11,144905],[4,-4,7827],[1,-3,10440],[4,-2,28012],[5,3,10714],[6,0,35488],[3,-10,94270],[-19,-11,17193],[-7,-6,70926],[-9,10,21758],[-7,2,14367],[-4,5,7706],[-4,2,67919],[-6,-5,11373],[-10,-11,0]],[[22252,11675,0],[-8,5,23715],[0,2,10451],[-6,11,28836],[-6,4,10080],[-3,-1,70306],[-3,6,7113],[-5,12,8577],[-2,3,37281],[1,5,8133],[-2,5,14005],[2,10,100074],[-5,5,15286],[-6,-2,22614],[-4,6,12898],[-7,4,51678],[-5,7,10763],[-4,11,34065],[-6,8,9481],[-7,8,21280],[-5,1,0]],[[22857,11321,0],[5,0,25791],[3,8,11735],[2,10,57949],[3,1,10124],[6,-2,13921],[3,5,13921],[4,-3,13921],[10,0,8915],[2,-1,0]],[[22895,11339,0],[-3,-5,0]],[[22892,11334,0],[-2,-4,24131],[-1,-10,9622],[-1,-11,14270],[1,-6,13246],[-1,-8,0]],[[22862,11282,0],[-1,13,10655],[-3,12,15947],[-1,14,0]],[[22550,12094,0],[6,3,12039],[8,0,40143],[5,-6,20932],[-5,-8,16534],[1,-6,20932],[6,6,36042],[7,-2,15957],[7,2,0]],[[22585,12083,0],[15,1,24145],[0,-7,0]],[[22600,12077,0],[-3,0,13825],[-4,-7,8971],[-2,-6,32096],[2,-5,9173],[-1,-5,20981],[-3,-6,7550],[-2,-9,89875],[4,-3,10851],[2,2,23373],[2,-13,23373],[9,-6,18966],[-2,-4,18966],[5,-10,8991],[0,-3,0]],[[22607,12002,0],[-5,-2,10773],[-9,-7,7252],[-6,-4,15971],[-10,-5,75342],[-4,4,8956],[-6,4,35048],[-11,2,14394],[-12,-1,123736],[-6,9,22863],[-7,21,7124],[0,4,7124],[-2,4,88008],[-6,2,25068],[-6,-5,9161],[0,2,9161],[-6,-2,8575],[0,-2,16620],[-9,-1,9718],[-1,-2,0]],[[22501,12023,0],[-1,12,10601],[-3,12,15268],[0,10,13340],[-2,17,24030],[1,3,7358],[-1,4,0]],[[23213,11575,0],[-27,-92,0]],[[23186,11483,0],[4,-1,7283],[2,2,11681],[8,-2,36765],[1,-5,15350],[-5,-10,67023],[1,-6,8177],[3,-6,20172],[-2,-11,7680],[1,0,25080],[0,-21,12859],[-1,-7,12859],[2,-13,9868],[0,-2,32916],[2,-7,8431],[1,-5,0]],[[23203,11389,0],[-4,1,8598],[-5,-1,19378],[-12,-6,43040],[-10,-1,10810],[-6,1,12672],[-14,-1,12672],[0,2,19427],[-17,-1,0]],[[23135,11383,0],[-1,10,19397],[3,10,14057],[-1,3,10572],[2,11,32205],[3,-2,12610],[-1,7,12610],[4,13,26032],[3,0,13769],[2,4,7470],[0,4,18566],[-6,1,18566],[3,12,9806],[-1,2,89934],[7,3,7146],[6,5,7146],[4,1,25337],[2,7,0]],[[23164,11474,0],[18,37,8941],[31,64,0]],[[22548,11183,0],[5,2,13098],[5,-4,32499],[6,10,20070],[8,4,45150],[-1,-13,15869],[3,1,0]],[[22574,11183,0],[-5,-15,8002],[-6,-14,0]],[[22563,11154,0],[-3,-7,0]],[[22560,11147,0],[-3,1,20292],[4,12,14364],[-2,0,8409],[1,6,36298],[-12,6,28645],[2,5,10390],[-2,6,0]],[[22563,11154,0],[5,-2,14288],[-1,-5,29751],[5,-1,8644],[8,2,8644],[3,-3,7908],[2,2,47100],[4,-4,11993],[-1,-4,11993],[5,2,26690],[3,-11,20010],[-5,-1,0],[-6,-3,9140],[-21,-9,30848],[0,-5,9509],[-3,1,9579],[-1,-6,15435],[-5,-1,30848],[-3,5,13062],[-5,0,0]],[[22547,11111,0],[13,36,0]],[[23420,11078,0],[-151,-99,210657],[-74,-101,111523],[-24,-8,433956],[-21,59,75505],[-23,20,0]],[[23127,10949,0],[0,36,0]],[[23109,11085,0],[34,-30,0]],[[23143,11055,0],[83,27,0]],[[22871,11079,0],[6,2,10323],[8,4,0]],[[22898,11064,0],[-11,3,25251],[2,-10,0]],[[22889,11057,0],[-6,-1,13889],[-10,-7,0]],[[22483,11158,0],[5,-2,10417],[8,-1,27790],[18,4,219107],[3,3,7198],[0,3,18102],[-3,5,8526],[-1,4,18694],[4,7,14166],[-1,7,20310],[-4,-2,10858],[-2,4,20310],[7,5,11347],[0,3,78883],[-9,6,35408],[-2,5,12264],[2,9,12264],[-2,10,35408],[-3,3,10495],[-1,8,17240],[-6,5,78883],[1,5,11036],[-3,4,16842],[1,32,19045],[-2,18,127168],[-6,13,8472],[-3,10,40766],[1,1,11306],[-7,0,7244],[-5,-2,85523],[-4,22,27843],[10,0,22878],[-6,8,45228],[-4,12,15251],[-2,10,8849],[-5,17,0]],[[22462,11394,0],[2,3,7017],[3,2,15851],[11,3,28390],[5,5,13547],[-1,7,13547],[4,-1,70075],[0,5,9163],[-2,8,18772],[3,8,18772],[-2,11,0]],[[22601,11301,0],[2,-10,19959],[-2,-8,8223],[-2,-10,46810],[1,-7,9055],[3,-7,17537],[7,-10,0]],[[22610,11249,0],[-12,-9,8729],[-11,-7,18791],[-17,-11,0]],[[22570,11222,0],[-5,6,15649],[-6,4,7906],[2,3,7906],[-3,1,7351],[-1,-2,7906],[-8,4,97709],[2,4,7768],[-2,1,7768],[1,7,31902],[-2,1,7225],[-1,-5,7225],[-4,-5,11276],[-4,-8,9323],[-3,-3,43983],[8,-17,43983],[-3,-1,7336],[1,-3,7336],[-4,-2,17816],[4,-4,26049],[-13,-13,41493],[4,-10,0]],[[22533,11180,0],[1,-4,9375],[3,0,9680],[1,-5,23222],[-3,-11,23222],[3,-4,9616],[2,-6,73553],[-4,-9,20522],[-2,1,7487],[-2,-3,8073],[2,-2,8073],[-8,-8,18515],[-3,-6,7200],[0,-2,7200],[-3,-3,0]],[[22520,11118,0],[-9,-3,18707],[-3,5,31233],[-3,-3,10105],[-3,-8,45184],[-9,3,9709],[-15,3,7093],[-1,-1,0]],[[22477,11114,0],[0,5,10657],[-2,8,19093],[1,7,11323],[1,13,38129],[6,11,0]],[[23061,10887,0],[23,-20,62257],[28,1,0]],[[23112,10868,0],[1,-35,75453],[-24,-55,255352],[-57,50,41692],[-13,21,41692],[-19,10,0]],[[23000,10859,0],[-11,24,44518],[5,18,0]],[[22994,10901,0],[19,1,47317],[48,-15,0]],[[22044,12566,0],[8,11,48646],[0,11,15032],[3,8,21270],[-3,9,25387],[2,5,11244],[2,16,105692],[5,5,11784],[7,1,23492],[12,9,7721],[9,7,0]],[[22089,12648,0],[9,-2,12474],[5,1,12474],[5,-2,9855],[7,0,23827],[14,-5,17386],[10,-1,0]],[[22139,12639,0],[1,-2,0]],[[22140,12637,0],[2,-9,17188],[-1,-22,23967],[3,-10,15007],[-1,-6,8688],[2,-7,8906],[0,-9,115198],[4,-8,8846],[5,-6,12726],[0,4,12726],[7,-12,12726],[7,-11,69049],[5,-11,19519],[3,-12,9753],[2,-11,20584],[4,2,12215],[4,-5,20584],[-3,-3,7319],[-4,-3,20584],[3,-5,7658],[2,-5,138692],[-2,-7,15425],[2,-3,10038],[2,-10,34908],[-7,-10,7615],[-1,-1,67100],[6,-16,34291],[-1,-5,15901],[2,-23,24624],[3,-1,14035],[1,-10,0]],[[22110,12338,0],[-7,10,9057],[-3,5,68695],[1,5,8963],[-2,12,15493],[2,9,7495],[0,7,41826],[-4,11,12363],[1,4,9212],[-3,12,22883],[1,11,15115],[-2,5,7156],[-2,3,15050],[1,6,134337],[-3,6,7075],[0,3,7075],[-2,3,7594],[-1,6,7430],[-1,2,20818],[-1,6,10662],[-4,9,12090],[1,4,17183],[-3,7,8799],[-2,8,60818],[2,2,21629],[-4,7,7414],[-2,2,10449],[-6,12,23221],[-1,4,7717],[2,5,23221],[-3,4,9155],[-5,2,23221],[-1,7,16702],[-7,8,19119],[0,6,19238],[-3,7,9618],[-5,8,0]],[[23103,11271,0],[16,8,21205],[1,-4,28121],[11,0,12373],[7,-2,17292],[13,1,0]],[[23151,11274,0],[8,-1,12166],[13,-4,24612],[5,-6,0]],[[23177,11263,0],[5,-7,11452],[29,-40,0]],[[23149,11222,0],[-3,0,17223],[-4,14,30932],[-13,6,62118],[-1,-17,29918],[-3,0,7819],[0,-3,7819],[-5,0,0]],[[22574,11183,0],[6,8,14133],[8,4,43920],[6,-4,11689],[10,-3,0]],[[22604,11188,0],[3,-21,15102],[-2,-2,8317],[4,-2,89052],[14,1,43941],[13,-9,27537],[24,-10,0]],[[22660,11145,0],[-11,-11,14745],[-14,-13,10212],[-2,-1,132505],[-5,-13,32446],[6,-5,13805],[-2,-4,12114],[4,-3,32446],[-2,-13,18415],[2,-7,12766],[-2,-7,12766],[2,-4,69515],[-6,-4,13096],[5,-1,13096],[-2,-11,9650],[-2,-14,23697],[1,-5,15641],[-7,-13,0]],[[22625,11016,0],[-7,-4,26765],[-3,-8,11253],[-6,-12,88676],[-20,-1,17147],[-7,-1,7130],[-13,-2,16725],[-11,0,0]],[[22558,10988,0],[-4,28,12833],[-2,12,12833],[-9,53,71849],[-8,-1,0]],[[22535,11080,0],[9,25,0]],[[22544,11105,0],[3,6,0]],[[22842,11000,0],[0,2,0]],[[22796,11053,0],[-4,0,0]],[[22792,11053,0],[-6,1,7199],[1,1,20960],[3,13,0]],[[22790,11068,0],[-4,23,6973],[-1,6,0]],[[22891,11398,0],[6,-10,21184],[0,-5,9654],[-2,-4,21184],[2,-9,7230],[0,-6,7230],[2,-19,40643],[-4,-6,0]],[[22857,11321,0],[-12,3,54490],[1,21,23254],[0,5,7366],[-3,8,13582],[1,5,64250],[-17,5,0]],[[22312,11790,0],[13,0,8534],[7,-1,18675],[11,1,12209],[2,2,16793],[9,-1,52420],[4,4,13259],[7,1,13689],[3,4,20080],[7,1,0]],[[22337,11591,0],[-2,41,38782],[-5,-1,19082],[-1,12,117061],[-22,-3,21403],[-10,1,36750],[-4,-6,7545],[-2,-1,0]],[[22291,11634,0],[-3,8,24488],[-7,3,11449],[-9,7,24488],[-3,7,17319],[-3,0,7132],[-3,4,7132],[-5,3,17357],[2,4,16451],[-8,5,0]],[[23012,11119,0],[56,-14,0]],[[23047,11079,0],[0,2,16268],[-18,3,11702],[-3,2,44089],[-10,-3,10109],[-10,-4,103721],[0,12,24429],[6,28,0]],[[22867,11200,0],[5,3,36071],[35,-15,11408],[4,-1,0]],[[22911,11187,0],[-1,-7,9189],[-3,-5,0]],[[22907,11175,0],[-3,-3,7942],[-4,0,7501],[-2,-2,0]],[[22898,11170,0],[-8,3,11773],[-8,1,0]],[[22835,11157,0],[-6,4,7192],[-9,4,0]],[[22823,11169,0],[12,12,15651],[9,5,31208],[0,7,52740],[12,1,22982],[11,6,0]],[[23030,11187,0],[1,4,10579],[-4,1,13697],[2,6,47593],[2,-2,7954],[1,3,7954],[3,0,19267],[2,9,19267],[6,-1,33295],[4,14,33295],[4,-4,12932],[6,0,0]],[[23043,11160,0],[-9,-10,0]],[[23034,11150,0],[-2,2,8648],[0,7,15427],[-5,0,0]],[[23027,11159,0],[2,8,13051],[1,20,0]],[[23018,11614,0],[22,9,7321],[5,2,0]],[[23045,11625,0],[9,-2,32592],[5,5,8997],[4,5,10868],[6,5,0]],[[23069,11638,0],[1,-1,7592],[4,2,22239],[5,-4,9596],[1,2,9596],[6,-5,9690],[1,-4,9690],[3,1,111063],[2,-6,12809],[8,2,11856],[2,-3,10494],[-5,0,12809],[1,-5,8051],[3,-2,7531],[1,-3,42673],[-2,-1,16865],[-1,-7,9345],[-2,-11,42673],[0,-6,7261],[1,-6,11535],[2,-4,29236],[8,4,63716],[0,-6,7019],[0,-6,14976],[-2,-2,14976],[0,-6,10282],[-2,-8,63716],[11,2,10844],[9,3,39761],[3,-2,13070],[-5,-3,10633],[1,-3,22788],[-11,-7,39761],[2,-3,8239],[3,1,10285],[2,-4,18231],[5,3,29518],[1,-9,14277],[-3,-2,0]],[[23122,11529,0],[-9,-1,18680],[1,-1,7082],[-4,-5,18680],[-5,-2,8402],[-11,-7,52850],[-7,-10,14434],[-3,-10,91573],[-6,-1,10958],[-9,-5,33632],[-11,1,9530],[-13,1,0]],[[23045,11489,0],[1,12,9326],[0,9,18565],[-2,13,15720],[0,13,74758],[-1,0,7329],[-2,8,25582],[-9,-1,20108],[0,7,17771],[-6,-1,74758],[-2,8,13600],[-1,20,36865],[2,1,11946],[4,17,58974],[-9,6,24418],[-2,13,0]],[[22950,10931,0],[-3,21,0]],[[23047,11010,0],[2,-12,11045],[0,-7,11045],[2,0,21752],[2,-6,9061],[0,-5,9061],[2,-8,13268],[2,-1,13268],[-1,-13,19717],[2,-5,8102],[3,-12,39415],[-4,-3,9059],[1,-3,0]],[[23058,10935,0],[1,-2,6973],[1,-1,6973],[1,-1,8382],[4,-10,43084],[-4,-34,0]],[[22994,10901,0],[-14,16,42419],[-30,14,0]],[[22493,12217,0],[11,2,27069],[5,-9,20956],[8,0,49498],[4,4,7759],[6,9,72556],[3,-1,8710],[7,-7,26464],[2,-14,115460],[8,9,19694],[0,4,9163],[2,4,17126],[5,2,14379],[3,8,60387],[7,4,10811],[6,7,10811],[2,-1,33641],[2,-9,18192],[1,-2,9117],[4,4,0]],[[22579,12231,0],[3,-16,25792],[-4,-6,22398],[-1,-10,12579],[2,-6,55144],[15,-4,14694],[5,1,31202],[2,-9,55144],[-5,0,9808],[-8,-3,20855],[0,-2,8990],[-8,-5,55144],[1,-11,17040],[-2,-3,7493],[-1,-4,21354],[3,-7,88168],[7,0,10157],[2,-3,12596],[10,0,88168],[0,-6,13112],[1,-5,8837],[1,-10,40404],[-12,-1,42853],[-1,-11,13140],[-3,-14,16845],[-1,-13,0]],[[21591,12443,0],[12,-1,24384],[20,-1,10758],[28,0,14821],[5,-2,13151],[12,2,99443],[3,-1,7013],[2,-3,12745],[8,-2,24876],[2,-4,9278],[4,-2,9278],[4,-6,40450],[4,1,7262],[1,-2,7262],[6,-1,10172],[2,-2,10172],[5,1,0]],[[21709,12420,0],[2,5,9907],[4,5,33936],[6,-3,11980],[2,-6,11980],[4,0,57672],[6,-15,18952],[2,-14,171917],[15,6,34099],[24,4,20547],[18,0,109495],[17,-3,13826],[10,0,13826],[11,-2,7462],[9,-1,31862],[32,-8,46558],[8,1,14383],[10,-2,12111],[11,0,0]],[[21900,12387,0],[3,-5,14597],[4,1,10897],[1,-3,7339],[3,0,38434],[5,-20,11197],[0,-3,8775],[3,-6,0]],[[21919,12351,0],[-5,-3,8397],[-17,-11,18623],[-15,-7,47539],[-7,19,39701],[-12,-1,47539],[3,-8,14435],[3,-15,47539],[-10,-2,29128],[-11,-6,10204],[-28,-13,22001],[-3,-3,375246],[-1,-13,7772],[0,-8,7772],[-1,-3,28924],[3,-10,9632],[-1,0,9632],[2,-12,28924],[5,-1,16748],[-1,-8,13055],[-3,-1,16748],[0,-10,7134],[0,-2,7903],[1,-11,7756],[0,-11,16226],[1,-7,70920],[-2,-9,9594],[-2,-10,20765],[2,-12,20765],[-1,-1,9076],[1,-13,9076],[-1,-26,35040],[-4,-14,19742],[1,-7,11329],[-1,-13,70920],[3,-6,12068],[4,0,0]],[[21575,12112,0],[-1,14,14731],[2,7,21203],[4,27,13048],[1,3,13048],[0,5,7653],[1,7,7653],[-1,3,40338],[3,8,16881],[4,28,12635],[2,9,144351],[-1,18,15352],[-2,6,21123],[0,18,13209],[-2,31,33309],[1,17,11251],[-1,18,86245],[1,13,7391],[0,3,10520],[1,12,14337],[2,16,8516],[0,21,14433],[-1,5,14433],[3,20,32456],[-1,6,8853],[1,16,0]],[[22462,11394,0],[-3,-1,24022],[-2,4,7048],[-1,6,10762],[-3,3,14422],[-3,11,31379],[1,12,15765],[-4,3,9146],[0,3,104409],[-3,-1,8556],[-8,2,10201],[-11,-1,18203],[-2,-2,13318],[-12,0,7952],[-2,-1,207647],[-2,-8,12328],[1,-6,25720],[-8,-13,45417],[5,-9,21787],[-1,-15,105366],[-7,0,9332],[-9,1,24768],[1,3,19585],[-8,3,10061],[-7,0,101596],[3,-16,23188],[-3,-11,12231],[1,-4,42549],[-3,-12,13455],[-5,-7,0]],[[22336,11356,0],[0,15,8990],[-1,8,27297],[-4,13,7965],[-2,7,64249],[-13,21,29103],[-2,7,8384],[-5,11,11297],[-3,9,248700],[-5,-2,10072],[-4,3,10072],[-2,-3,37333],[-4,-8,7823],[0,-3,16549],[-8,-10,56943],[-1,-9,10186],[-2,-16,148226],[-5,-1,7452],[-6,0,24620],[-8,4,14789],[-11,1,25459],[-6,-1,7236],[-6,-1,77267],[-26,-14,11395],[-5,-1,8540],[-6,-4,248700],[-5,6,26767],[-1,7,8902],[2,7,18004],[-4,2,13480],[1,7,73974],[5,11,12331],[3,9,43972],[-1,1,7744],[0,6,15550],[3,13,16711],[0,20,23976],[2,3,0]],[[22206,11474,0],[4,1,9236],[3,4,19618],[7,2,9148],[5,-1,9150],[7,2,0]],[[22232,11482,0],[1,-8,9805],[2,-8,25410],[0,-23,10556],[-1,-4,30307],[3,-20,10002],[2,-3,10002],[0,-7,163829],[7,2,9621],[7,5,33964],[1,4,9769],[0,9,41036],[8,1,6995],[2,-1,6995],[2,2,23410],[-1,3,12486],[5,7,18192],[5,-1,119000],[0,15,16053],[-1,11,8601],[-2,8,22311],[0,11,9776],[1,2,64836],[14,7,36509],[-1,14,163829],[18,3,26315],[0,6,28329],[21,3,39506],[15,10,88965],[10,-21,11411],[3,-4,58385],[9,9,32495],[6,-11,23229],[5,4,88965],[-7,10,19428],[7,-1,19428],[2,10,16789],[-1,17,0]],[[22636,11624,0],[2,10,7055],[1,9,13647],[3,8,16521],[2,-1,9106],[3,4,16521],[-2,7,125414],[8,-1,7741],[5,-1,24507],[5,-8,25606],[5,2,14020],[4,-2,7050],[2,1,7050],[2,-2,25606],[0,-4,7108],[1,-4,83076],[15,4,26148],[0,7,30482],[15,5,14222],[1,-2,0]],[[22708,11656,0],[4,-4,16858],[1,-13,16858],[2,-4,8544],[4,-14,12016],[1,-7,28177],[5,-7,10527],[-1,-5,10527],[4,-1,58136],[1,8,13390],[-3,8,13390],[0,7,8245],[-1,1,8245],[1,5,98021],[5,1,7546],[3,3,9383],[7,1,39373],[-1,9,13660],[3,8,47033],[10,2,11325],[8,4,7241],[2,0,0]],[[22763,11658,0],[0,-6,7277],[3,-5,13623],[4,-3,13623],[2,-10,42391],[-1,-5,8774],[2,-2,8774],[1,-10,9942],[2,-5,9942],[-1,-8,32136],[2,-5,9279],[5,-4,23180],[0,-6,8294],[2,-6,8294],[-1,-3,85367],[-6,-6,17529],[1,-3,9313],[-2,-7,38774],[2,-1,7126],[4,-6,30057],[0,-7,12867],[-3,-11,77788],[9,-11,11069],[5,-3,62597],[1,-4,8113],[3,-3,14305],[-2,-7,23398],[2,-4,7406],[-2,-2,7406],[1,-9,9820],[-1,-17,0]],[[22795,11479,0],[-2,-1,8476],[-6,3,38353],[-4,-11,10970],[-8,-16,51682],[-7,-8,9876],[-2,1,8226],[-2,-4,24670],[-4,4,36320],[-2,-6,11193],[-3,0,10078],[0,-4,7389],[-2,-1,13828],[-2,5,13828],[-5,0,8935],[0,-2,13828],[4,-1,7104],[3,-3,16035],[-3,-5,10985],[-2,1,10985],[-4,-5,35807],[-1,2,10018],[-10,3,30237],[-2,-1,11823],[0,-10,0]],[[22873,11124,0],[-5,-10,12966],[-4,-2,22388],[3,-6,11401],[-3,-1,0]],[[22864,11105,0],[-9,-5,0]],[[22943,11160,0],[6,7,10127],[1,6,30303],[-2,1,10280],[1,3,7745],[3,1,11573],[-1,11,20546],[3,2,11167],[1,8,64406],[4,-2,8226],[3,1,16257],[7,-6,0],[1,-3,7823],[-4,-1,7823],[-2,-3,17149],[-7,-1,34615],[2,-9,23247],[8,1,34615],[2,-16,27973],[-3,0,8109],[-5,-4,54818],[2,-8,12683],[4,-7,8664],[2,-6,19015],[-1,-6,0]],[[22393,12057,0],[2,-10,10268],[3,-4,49296],[-3,-16,13448],[-1,-13,25404],[-7,1,18266],[-1,-7,25404],[5,-8,33401],[0,-5,8337],[2,-12,10901],[-1,-5,52982],[-7,-17,17432],[-3,-3,9116],[-2,-5,52982],[2,-2,7676],[9,-5,36923],[1,-4,7898],[-1,-5,16476],[-4,-4,7331],[-1,-2,138008],[6,-5,8541],[2,0,8541],[7,-5,16777],[4,-7,16777],[5,2,34223],[4,-4,11071],[2,-6,8912],[3,-4,138008],[-6,-7,20664],[-5,-17,26818],[-8,-17,16712],[-7,-8,36740],[-1,-8,9144],[-2,-6,0]],[[23141,11152,0],[-23,1,9576],[-5,1,7258],[-4,-1,0]],[[22924,11306,0],[4,0,9012],[0,-3,9012],[6,-6,23485],[11,-1,0]],[[22945,11296,0],[1,-8,17435],[-6,-8,22775],[-3,-14,8659],[-2,-14,39617],[1,-13,12001],[-1,-10,0]],[[22935,11229,0],[-9,0,19487],[-18,5,0]],[[22908,11234,0],[3,36,9189],[-1,7,9189],[2,8,62016],[4,1,24511],[1,5,9783],[-2,3,14298],[0,6,8794],[1,5,31564],[8,1,0]],[[23045,11489,0],[-3,-6,17438],[-7,0,0]],[[23035,11483,0],[-2,0,9175],[0,6,21760],[-11,1,10929],[-2,2,31574],[-9,-4,31574],[-11,6,23821],[-26,7,0]],[[22893,11539,0],[2,5,7287],[0,7,7287],[4,22,23075],[3,8,12428],[3,13,93743],[7,15,13838],[6,9,34991],[16,18,9845],[7,8,25646],[6,8,7799],[2,5,85493],[-2,23,0]],[[22947,11680,0],[5,3,9954],[10,2,57216],[1,-9,13402],[6,-23,91052],[9,1,13551],[3,-3,13551],[12,-4,7617],[5,-1,12136],[5,1,12136],[6,-3,46741],[11,5,131452],[1,-5,11075],[-1,-10,11075],[1,-10,21829],[-3,-10,0]],[[23070,11362,0],[10,5,31755],[24,5,12127],[0,2,11276],[8,1,8351],[7,0,17918],[10,1,8758],[8,3,43176],[-2,4,0]],[[23203,11389,0],[9,-8,13516],[4,-2,37577],[5,-9,20703],[-1,-6,11033],[-3,-1,62382],[-20,-2,8521],[-2,0,62382],[-2,-14,11286],[-2,-6,7859],[-1,-5,18962],[-4,-2,18962],[1,-13,97279],[8,0,7299],[7,0,23754],[0,-4,12313],[5,-2,0]],[[23207,11315,0],[-2,-4,8124],[-1,-7,15151],[0,-13,89661],[-15,-2,21669],[-2,6,20538],[-6,0,14631],[-2,-6,20538],[-10,2,13886],[-9,-2,65103],[-1,-8,21117],[-7,0,17907],[-1,-7,0]],[[23103,11271,0],[-2,8,11134],[0,10,26357],[-5,11,9454],[-2,1,52866],[-14,1,92036],[0,11,17173],[4,2,17173],[-1,9,41743],[17,3,41743],[-1,4,7680],[-2,0,11804],[-2,10,92036],[-22,-3,59631],[0,4,10193],[-4,0,23421],[-1,9,13166],[2,11,0]],[[22563,10948,0],[-5,40,0]],[[22625,11016,0],[10,-8,11547],[8,-4,11547],[0,-3,22610],[8,-3,0]],[[22651,10998,0],[-2,-18,16441],[-5,-18,27703],[-5,-10,142823],[9,4,20977],[8,8,9051],[4,3,67120],[32,-2,32056],[4,-3,23121],[11,9,17756],[4,-2,0]],[[22711,10969,0],[19,-3,0]],[[22730,10966,0],[-3,-44,0]],[[22727,10922,0],[-19,1,14915],[-2,1,0]],[[22706,10924,0],[-8,0,8414],[0,-1,8414],[-7,0,12212],[-3,-3,12212],[-7,1,31327],[-2,2,7234],[-5,2,16445],[-7,1,8185],[-2,-1,78194],[-4,-23,27524],[-6,0,18406],[0,-9,68197],[-5,-2,12431],[-1,4,16387],[-7,10,48235],[0,10,15464],[2,8,11015],[0,8,68197],[-7,2,22993],[-1,-11,27890],[-11,-3,14327],[-5,1,45965],[-1,6,8840],[2,8,45965],[-4,0,8276],[-20,5,13628],[-10,4,18743],[-24,5,0]],[[22704,11060,0],[3,0,14290],[-4,-11,14290],[-1,-18,13202],[2,-6,13202],[-1,-13,0]],[[22703,11012,0],[-5,-1,26157],[-6,-18,8176],[-1,-4,81549],[-8,2,18784],[-1,3,7472],[-4,4,41567],[-5,-2,18418],[-7,1,9613],[-2,-2,9613],[-4,3,9613],[-4,-2,9598],[-5,2,0]],[[22651,10998,0],[3,12,7712],[5,16,29039],[6,13,9653],[1,7,8382],[4,8,18264],[-1,8,18264],[6,5,0]],[[22890,11095,0],[-5,1,8894],[-2,4,23830],[-10,-6,35051],[-1,3,8317],[-3,-1,14921],[-5,9,0]],[[22604,11188,0],[3,8,14773],[0,4,6996],[-2,2,38385],[-9,4,7928],[-4,4,33371],[4,4,10814],[-2,3,7120],[2,1,22695],[-7,6,69535],[-15,-10,33254],[-4,8,0]],[[22610,11249,0],[5,-10,0]],[[22615,11239,0],[1,-9,14793],[4,-12,34707],[7,-7,11682],[4,-1,53538],[3,2,8242],[2,7,12623],[4,2,53538],[5,-2,8851],[4,-4,13637],[14,-5,23252],[8,-5,7967],[6,-5,76446],[4,-8,20097],[3,-3,9892],[5,0,20097],[7,-6,11302],[9,-11,25792],[-3,-2,25792],[7,-6,11956],[16,-9,0]],[[22725,11155,0],[9,-8,43021],[20,-53,0]],[[22754,11094,0],[-43,28,0]],[[22711,11122,0],[-6,8,16586],[-8,4,33338],[-5,0,11812],[-12,3,0]],[[22680,11137,0],[-5,3,8088],[-8,2,13144],[-7,3,0]],[[22897,11058,0],[-1,-6,17852],[-5,0,13348],[0,5,8245],[-2,0,0]],[[22984,11124,0],[14,-1,9434],[5,1,0]],[[23003,11124,0],[2,-3,10528],[7,-2,0]],[[22941,10996,0],[-6,65,0]],[[22932,11164,0],[-2,10,14751],[3,6,0]],[[22933,11180,0],[5,11,9026],[5,8,25055],[0,4,7211],[-1,4,0]],[[22942,11207,0],[7,-2,24941],[1,13,87713],[13,-10,10388],[5,-3,10388],[5,-4,47075],[8,2,9125],[8,0,47075],[16,-6,22165],[8,-7,33500],[9,-4,14932],[4,2,7354],[4,-1,0]],[[23027,11159,0],[-7,0,13276],[-11,4,38340],[2,8,29453],[-7,3,7243],[-6,3,12101],[-1,2,38340],[-7,-1,8876],[-2,-3,8876],[-3,1,112137],[0,-11,9253],[2,-6,9253],[-2,0,19755],[-3,-10,66207],[10,0,42516],[1,-5,14758],[8,-14,13245],[2,-6,0]],[[22910,11059,0],[0,-19,68274],[-23,-3,36727],[0,10,30690],[-9,-2,9204],[-1,-2,9204],[-4,0,0]],[[22232,11482,0],[0,7,7215],[1,12,79563],[7,2,23008],[-1,10,25617],[8,1,25617],[6,7,14382],[10,7,57540],[14,1,7145],[5,0,79563],[5,2,16873],[-3,8,16873],[0,3,7930],[4,5,26668],[6,-1,24334],[1,6,9765],[5,9,192773],[0,5,11121],[-4,8,19402],[-6,9,60159],[0,4,9797],[3,7,29687],[-5,4,8558],[0,4,18569],[3,4,18569],[0,4,9540],[-4,7,31951],[4,17,0]],[[22206,11474,0],[-1,6,7607],[-1,8,34220],[-6,8,10133],[0,2,7602],[-7,9,15996],[-3,8,117635],[-2,0,8730],[-4,-9,35509],[-8,2,8908],[-3,3,12985],[-7,0,69553],[-10,6,8899],[-5,5,9330],[-9,6,14174],[-6,1,14174],[-7,7,0]],[[22127,11536,0],[-10,10,14902],[-7,10,103081],[-5,13,12700],[-6,16,30363],[-3,14,7727],[-3,13,9686],[0,6,9686],[-4,10,30363],[-3,3,7784],[-2,5,67896],[-1,16,16394],[-4,3,15955],[-1,3,7668],[2,5,15955],[-2,7,10817],[-1,11,25890],[-8,9,25890],[3,10,0]],[[22703,11012,0],[11,-6,0]],[[22714,11006,0],[0,0,6973],[0,0,6973],[1,0,6973],[17,0,0]],[[22732,11006,0],[-2,-40,0]],[[22945,11296,0],[0,5,10595],[1,14,21126],[4,8,10321],[0,-4,61412],[13,-5,12887],[12,-3,61412],[0,5,13292],[4,12,15715],[-1,5,0]],[[22978,11333,0],[2,1,7640],[5,6,38363],[9,-5,7775],[3,-3,7775],[4,-1,14395],[2,-4,38938],[12,-2,7368],[3,0,7368],[5,-2,33178],[5,2,10118],[4,5,98652],[6,12,15369],[3,15,0]],[[23041,11357,0],[16,0,23637],[13,5,0]],[[22942,11207,0],[-3,7,12227],[-2,15,12227],[-2,0,0]],[[22907,11175,0],[4,-1,11028],[0,-5,0]],[[22911,11169,0],[-3,-13,17217],[-3,0,0]],[[22905,11156,0],[0,5,14835],[-5,7,7812],[-2,2,0]],[[22754,11831,0],[0,-3,7679],[-3,-3,8912],[-2,-6,17267],[2,-3,23721],[0,-11,9743],[2,-5,9743],[-1,-10,45443],[2,-4,7025],[1,0,10760],[0,-5,10760],[3,-7,14858],[1,-10,91607],[19,0,120937],[-7,-28,23658],[0,-16,59273],[3,-24,10462],[1,-12,8820],[1,-6,0]],[[22776,11678,0],[2,-8,11602],[0,-10,42401],[-15,-2,0]],[[22708,11656,0],[2,8,17198],[-5,7,17198],[1,14,70134],[-3,0,13453],[-2,11,16101],[-4,5,10498],[0,3,10498],[-4,8,8914],[0,2,8914],[-4,10,7575],[-1,3,12033],[-4,9,12033],[1,3,11264],[-3,2,8323],[-1,4,35029],[4,2,12909],[-5,5,12909],[0,11,26585],[-3,2,7016],[-1,4,7016],[-3,5,95402],[-1,7,10435],[0,6,7182],[-2,0,7182],[2,4,15009],[-4,5,15009],[3,5,27578],[-4,1,8357],[2,2,11146],[-2,4,7459],[-1,7,12295],[0,5,11636],[-4,0,27578],[3,7,56975],[-2,6,9994],[0,5,12651],[-4,7,17063],[0,7,8602],[-2,3,8602],[-1,9,24804],[-4,5,10735],[-3,10,38367],[1,7,16697],[-5,21,152030],[-4,4,7448],[-1,4,7448],[-2,-2,7448],[-4,4,24818],[-4,0,7430],[-4,3,11963],[-8,0,24818],[-4,4,7007],[-2,4,125194],[0,10,10643],[-2,6,19415],[0,12,9108],[1,7,15135],[-2,9,15135],[2,10,35344],[-1,11,11946],[-3,9,0]],[[22600,12077,0],[8,-6,12330],[10,-9,67634],[-3,-10,34041],[3,-18,15495],[3,-8,8695],[1,-5,163061],[3,-2,11187],[7,1,22844],[7,8,33134],[3,12,8746],[0,3,7321],[2,2,29170],[8,-2,64632],[0,20,12886],[1,0,9891],[0,8,64632],[4,2,23451],[4,-1,9051],[2,-3,15315],[9,0,13077],[4,-3,0]],[[22676,12066,0],[8,-13,18715],[4,0,0]],[[22688,12053,0],[3,-6,29898],[22,-1,85990],[1,-11,13114],[-2,-5,13114],[-1,-14,8027],[0,-4,18596],[-2,-10,107802],[-6,3,8862],[-4,-1,22329],[2,-8,36839],[2,-3,7335],[6,-3,15394],[0,-3,11758],[5,-3,7817],[2,-3,52636],[-1,-8,12121],[3,-3,17960],[-2,-5,8528],[-1,-7,30495],[0,-8,7727],[2,0,7727],[-1,-7,10964],[1,-6,15554],[-1,-8,15554],[3,-11,52636],[3,0,30720],[2,-11,12642],[-2,-9,17129],[2,-11,9453],[0,-8,30720],[3,-2,8844],[0,-5,8844],[3,-10,148626],[3,-2,16560],[6,1,7519],[6,4,32331],[4,-5,20939],[-1,-3,10581],[-7,-4,32331],[0,-2,9346],[6,-5,9346],[6,-7,23392],[1,-8,0]],[[22795,11852,0],[-2,-13,16850],[1,-11,11613],[-2,-6,11613],[1,-6,19570],[-2,-9,19570],[0,-20,0]],[[22791,11787,0],[-5,-3,8218],[-3,1,26388],[-13,6,7604],[-3,2,80580],[3,9,17185],[1,9,10206],[2,5,10206],[0,6,58078],[-3,1,13731],[1,8,26625],[-5,1,7807],[-5,3,9633],[-3,0,0]],[[22758,11835,0],[-2,26,49998],[3,1,10303],[-1,5,15448],[7,0,15448],[0,5,12383],[5,1,90107],[1,-10,25327],[10,-1,25327],[0,-5,12595],[5,-9,44700],[3,1,7195],[2,3,11791],[4,0,0]],[[22802,11467,0],[15,-9,32934],[3,0,9507],[8,3,7946],[4,-1,0]],[[22792,11423,0],[4,13,16632],[0,10,16632],[6,21,0]],[[21900,12387,0],[-10,15,15156],[-1,4,10946],[-9,14,18155],[-2,9,18155],[-6,5,28441],[-1,3,7918],[-3,1,7918],[-7,11,14662],[-5,5,61220],[1,7,10470],[-3,8,154340],[7,1,9122],[8,-1,24518],[12,-5,10750],[1,-2,28768],[11,1,100102],[-2,5,8301],[-4,11,16764],[-2,9,7164],[0,3,16764],[-3,5,7375],[0,4,8509],[-3,5,0]],[[21879,12505,0],[8,4,14430],[8,3,7361],[4,0,40958],[13,-1,26265],[17,1,10515],[15,3,157777],[1,2,10897],[-4,14,24450],[-10,17,24450],[-6,22,157777],[9,-3,44062],[45,18,120183],[3,5,9837],[1,8,36122],[-3,8,7979],[-2,7,20452],[1,3,8892],[-1,10,300787],[4,-1,13182],[6,-7,23720],[2,-6,10619],[4,-2,10619],[1,-5,27350],[4,-5,7416],[5,-4,11542],[4,-6,21325],[7,-1,15303],[3,-6,51525],[6,0,11320],[5,-4,13483],[5,1,34245],[1,-4,7156],[3,-3,11186],[2,0,9796],[4,-7,0]],[[21966,12189,0],[0,3,8289],[-2,6,8289],[-2,18,28591],[-3,8,18294],[-3,14,8515],[-2,6,8811],[-2,14,79377],[-3,3,7669],[-1,4,12902],[-4,1,21951],[-2,13,28730],[-4,3,7230],[-3,-1,70311],[1,4,8913],[-1,15,27909],[-2,9,9225],[0,2,9225],[-4,18,47236],[-5,13,10048],[-5,9,0]],[[22795,11479,0],[2,-3,9774],[4,0,18009],[1,-5,7032],[-2,0,7032],[2,-4,0]],[[22911,11169,0],[6,0,14599],[9,-5,7427],[0,-1,0]],[[22906,11146,0],[1,9,10707],[-2,1,0]],[[22643,12396,0],[-1,-2,7819],[2,-3,18486],[-3,-2,7772],[-4,-5,30296],[2,-2,11200],[3,-11,39669],[-3,-5,10115],[-3,1,15721],[1,-6,15721],[-5,-3,0]],[[22632,12358,0],[-4,-3,20908],[-3,-13,8044],[0,-3,11143],[-3,-5,9129],[0,-4,20908],[-5,-5,17377],[0,-6,10501],[-3,-6,43402],[3,-6,7125],[0,-3,0]],[[22617,12304,0],[0,-6,10812],[3,-8,18040],[0,-5,8338],[-3,-2,8338],[1,-3,37166],[-3,-3,9611],[-5,-11,92526],[-8,0,12669],[-13,1,21393],[-6,3,8534],[-7,1,105780],[-3,-12,15871],[-3,-2,44531],[4,-5,10794],[6,-3,35122],[-1,-14,9342],[0,-4,0]],[[22489,12413,0],[4,2,7937],[4,-1,19565],[4,8,20178],[9,3,16633],[-1,5,16633],[9,0,55036],[2,-12,23404],[4,-2,10506],[3,4,154909],[-2,10,18727],[5,4,18727],[4,17,35241],[-2,4,7081],[-2,1,7034],[-2,4,28956],[4,9,13387],[4,2,28956],[2,5,7719],[0,3,13653],[-4,1,19226],[0,9,13500],[2,1,7862],[1,5,62587],[-3,13,8759],[-2,9,0]],[[22532,12517,0],[0,11,28239],[1,1,7562],[9,1,0]],[[22542,12530,0],[1,-8,15221],[3,-5,7484],[2,-6,21616],[2,-16,53000],[4,1,10574],[8,-2,37110],[3,-5,14203],[0,-10,8969],[1,-2,140184],[22,9,20660],[2,4,49294],[7,-7,12516],[7,-10,17967],[1,4,7062],[1,-5,7062],[3,0,49294],[0,5,11741],[-4,11,21121],[-4,10,8577],[-4,4,68714],[5,0,15782],[3,-7,18662],[3,2,12807],[7,-4,199263],[2,-6,10555],[0,-9,25304],[3,-5,10273],[3,1,15063],[0,5,6982],[-2,2,6982],[0,7,15063],[1,3,8158],[1,-4,15063],[1,-12,28064],[1,-11,9570],[2,-1,13432],[0,-11,55649],[-1,-13,9731],[-2,-2,7218],[1,-5,7218],[-2,-6,82986],[1,-6,9889],[3,-5,21593],[6,2,21593],[3,-3,8114],[3,3,8114],[0,-3,10734],[3,-4,7093],[3,-1,7093],[1,-2,43254],[-6,-6,16299],[3,-5,0]],[[23003,11124,0],[5,2,7245],[4,3,24868],[22,21,0]],[[22523,11819,0],[1,6,9139],[-2,4,16122],[4,2,23305],[0,6,12338],[-5,2,28511],[2,7,11102],[-2,3,11408],[1,6,9274],[-1,4,7099],[0,4,22327],[-5,5,8771],[0,2,22327],[8,3,47817],[-1,4,7373],[-3,4,11929],[-2,8,25185],[1,12,8979],[-1,3,99308],[-5,2,12548],[-6,-3,19366],[-4,5,48670],[-1,14,10980],[1,4,22432],[-4,5,127065],[-1,8,9056],[3,5,8817],[-2,2,9056],[0,11,19211],[1,6,7106],[0,13,11788],[-1,4,11788],[2,6,7231],[-1,4,7231],[2,1,27347],[-2,6,10217],[2,6,11103],[-1,4,7075],[0,9,10025],[1,4,7531],[-1,3,0]],[[22776,11678,0],[6,1,11306],[12,-3,19606],[8,-4,26955],[8,0,8128],[6,2,63611],[14,9,7399],[2,1,30866],[8,0,7791],[7,1,132874],[7,6,12021],[5,1,9748],[3,3,26181],[-4,5,26181],[4,9,14050],[-2,3,8205],[1,4,14050],[4,3,69800],[5,-1,9208],[4,-3,22573],[2,3,8591],[-1,5,22573],[6,3,10355],[10,1,0]],[[22891,11727,0],[-1,-3,14949],[4,-13,25450],[3,-2,8705],[5,-8,0],[3,-3,0],[4,-4,9848],[1,-4,9848],[5,-6,51044],[18,-2,13266],[14,-1,0]],[[22947,11681,0],[0,-1,0]],[[22651,11308,0],[-3,-7,14035],[-16,-27,42673],[-12,-14,15887],[-10,-11,0]],[[22874,11216,0],[-2,-6,7720],[-4,-4,9812],[-1,-6,0]],[[22803,11168,0],[-21,7,9574],[-7,1,134510],[-3,9,17590],[-20,42,60485],[-20,20,76964],[-5,29,25115],[-6,11,0]],[[22969,11460,0],[-1,-6,7974],[0,-6,14925],[3,-4,14925],[-2,-3,8509],[-1,-6,31592],[17,5,30084],[-1,-8,27580],[-14,-4,30084],[1,-6,8294],[-1,-4,17628],[4,-9,36058],[-2,-2,10812],[1,-9,10812],[-2,-2,7134],[-1,-5,36058],[4,-3,15745],[4,-13,52182],[-3,-5,10156],[1,-3,10156],[-3,-8,17370],[3,-9,16161],[-3,-4,37859],[2,-4,7728],[1,-6,9068],[2,-3,0]],[[22924,11306,0],[1,12,7316],[-1,4,57812],[-17,4,24911],[-4,4,7649],[-3,1,9114],[-2,4,18147],[-6,-1,0]],[[22548,11183,0],[-4,-3,9055],[-6,-1,14708],[-1,1,7328],[-4,0,0]],[[22483,11158,0],[-5,1,17709],[-11,-7,28675],[-9,5,39230],[-5,-4,10745],[-4,-6,48583],[-4,-1,8721],[-19,0,18706],[-4,2,0]],[[23080,11648,0],[89,66,0]],[[23169,11714,0],[87,-42,0]],[[23256,11672,0],[-43,-97,0]],[[23213,11575,0],[-63,-47,0]],[[23150,11528,0],[-3,0,8393],[-5,-4,16791],[2,-3,12929],[-2,-3,7249],[-4,-1,44492],[1,6,8046],[-2,2,15520],[-5,-1,13238],[-1,5,26535],[-9,-2,11149],[0,2,0]],[[23069,11638,0],[11,10,0]],[[22690,11313,0],[-1,-14,12551],[-3,-13,21021],[-1,-17,138345],[-7,-4,18240],[-14,-1,28813],[0,-6,9070],[-2,-3,28813],[-14,3,62515],[-3,-9,9916],[-1,-10,33935],[8,2,13550],[1,-4,14292],[-9,-1,10444],[-8,1,15846],[-2,-2,7185],[-1,-4,62515],[-5,4,9183],[-2,5,24611],[-9,1,12286],[-2,-2,0]],[[22908,11234,0],[-4,1,10624],[-1,-3,14025],[-10,1,17358],[0,3,17358],[-15,3,0]],[[22933,11180,0],[-2,3,19320],[-14,4,13188],[0,-2,8529],[-6,2,0]],[[22785,11097,0],[11,30,23129],[3,9,6973],[5,19,0]],[[22804,11155,0],[2,2,9135],[10,5,0]],[[22785,11097,0],[-31,-3,0]],[[22941,10996,0],[-47,14,0]],[[23041,11357,0],[1,7,18755],[8,-2,27796],[1,2,7287],[-1,7,7287],[1,6,33781],[-8,1,33781],[3,10,17600],[5,3,10896],[1,4,28246],[-7,0,28246],[-2,20,64072],[5,10,17676],[1,10,7061],[2,10,41588],[-9,-4,41588],[-2,4,11043],[0,18,24222],[-4,13,8828],[-1,7,0]],[[23127,10949,0],[-16,-19,82977],[1,-62,0]],[[22535,11080,0],[-28,-4,26454],[-8,3,67687],[-5,-6,14602],[-4,-11,47811],[-10,5,30906],[-2,-3,9472],[-4,2,12939],[-2,-7,12594],[-4,0,0]],[[22468,11059,0],[0,2,7193],[-4,1,29142],[1,15,7326],[1,17,52144],[16,-5,50098],[-2,11,13509],[-3,6,13509],[0,8,0]],[[22520,11118,0],[7,2,13184],[1,5,13184],[5,-3,41575],[1,-13,28838],[6,0,14806],[0,-4,10324],[4,0,0]],[[22754,11094,0],[-22,-88,0]],[[23207,11315,0],[16,1,11550],[13,2,27776],[6,-3,0]],[[23242,11315,0],[2,-1,23323],[256,-25,0]],[[23500,11289,0],[-2,-211,0]],[[23498,11078,0],[-78,0,0]],[[23256,11672,0],[97,-49,152192],[101,-13,0]],[[23454,11610,0],[46,-321,0]],[[23084,12063,0],[7,-1,7884],[5,-1,0]],[[23096,12061,0],[9,-4,0]],[[23105,12057,0],[8,0,6973],[7,0,28895],[71,-5,0]],[[23191,12052,0],[-9,-47,0]],[[23182,12005,0],[-77,15,35899],[-4,3,0]],[[23101,12023,0],[2,2,14166],[-15,6,25647],[-3,-1,8767],[-10,1,0]],[[23075,12031,0],[0,8,10228],[4,14,19734],[5,10,0]],[[21526,9532,0],[7,2,8861],[2,2,9944],[7,1,17118],[1,-2,9416],[5,0,16766],[6,4,7061],[3,1,0]],[[21557,9540,0],[6,-15,12191],[3,-7,0]],[[21566,9518,0],[3,-9,22495],[-2,-5,7651],[-4,-7,0]],[[21563,9497,0],[-7,0,12664],[-11,2,29138],[-10,11,23430],[-6,-1,0]],[[21529,9509,0],[-3,8,7629],[-1,5,17288],[1,10,0]],[[21572,9555,0],[3,6,0]],[[21575,9561,0],[5,-5,11469],[8,-4,36704],[-1,-7,12160],[1,-9,0]],[[21588,9536,0],[-5,3,10151],[-3,4,0]],[[21580,9543,0],[-6,11,9820],[-2,1,0]],[[21518,9668,0],[8,4,7659],[15,8,0]],[[21541,9680,0],[2,-3,7007],[-1,-2,9029],[4,-6,38149],[4,5,15479],[2,1,7011],[6,0,11295],[2,3,49552],[4,-2,10347],[1,-4,21774],[-4,-6,14085],[0,-5,7645],[1,-2,0]],[[21562,9659,0],[-5,-9,8517],[-2,-6,24160],[-7,-5,9416],[-4,-5,0]],[[21544,9634,0],[-6,-1,7003],[-13,1,66401],[-4,12,16239],[0,12,16182],[-3,10,0]],[[21549,9245,0],[50,24,69935],[19,-4,6973],[3,0,0]],[[21621,9265,0],[12,0,7053],[2,-1,26532],[6,-7,50251],[5,3,8704],[-4,0,8704],[4,5,17240],[1,-3,7763],[2,5,7763],[5,3,0]],[[21654,9270,0],[4,7,0]],[[21658,9277,0],[4,3,12923],[7,-1,40440],[7,-22,0]],[[21676,9257,0],[1,-4,6973],[0,0,8602],[3,-6,88001],[-75,-89,0]],[[21605,9158,0],[-38,47,0]],[[21567,9205,0],[-18,40,0]],[[21453,9089,0],[5,-3,17035],[-1,-4,9044],[1,-4,0]],[[21458,9078,0],[1,-2,7567],[-4,0,7109],[0,2,7567],[-9,-2,18991],[-1,-1,7067],[-12,-6,0]],[[21433,9069,0],[-3,1,0]],[[21430,9070,0],[-11,4,0]],[[21419,9074,0],[0,10,7041],[1,6,58717],[9,1,17409],[24,-2,0]],[[21389,9616,0],[1,-17,17548],[1,-9,10112],[2,-19,11510],[2,-8,0]],[[21395,9563,0],[2,-9,12584],[5,-28,15433],[3,-6,8086],[1,-6,36280],[6,-8,0]],[[21412,9506,0],[-11,-12,14272],[-2,0,24688],[-8,-13,48971],[1,-10,20177],[6,1,0]],[[21398,9472,0],[2,-1,7495],[0,-5,7495],[3,-5,24788],[7,-3,7059],[3,-2,0]],[[21413,9456,0],[-7,-5,16071],[-13,-3,0]],[[21393,9448,0],[-39,5,7930],[-12,2,79337],[-7,-3,9732],[-19,-4,7955],[-4,-1,20754],[-12,0,20754],[-9,-5,13227],[-5,0,79337],[-4,3,7296],[-2,3,25095],[-19,5,0]],[[21261,9453,0],[-7,16,31662],[-2,14,9753],[-7,32,63214],[3,20,43510],[-14,-1,43510],[-2,10,17567],[-7,10,108489],[15,1,47722],[-6,20,10626],[0,3,367378],[12,0,15444],[16,4,33178],[26,9,33178],[9,2,9737],[12,0,42154],[8,-2,9835],[13,-5,19368],[8,0,34384],[-7,8,90781],[7,2,14131],[19,13,9711],[5,2,45364],[27,5,0]],[[21580,9543,0],[-3,-7,12264],[-3,2,12264],[-7,-5,0]],[[21567,9533,0],[-2,3,7926],[0,5,0]],[[21565,9541,0],[3,14,19285],[4,0,0]],[[20515,9181,0],[-1,-66,86255],[11,-81,9626],[3,-25,0]],[[20767,9091,0],[-188,236,531517],[-5,-133,226628],[-59,-13,0]],[[20767,9091,0],[-44,-74,0]],[[20723,9017,0],[-89,8,124364],[-106,-16,0]],[[22138,9631,0],[15,-15,49052],[16,8,49052],[17,-15,102312],[31,19,0]],[[22217,9628,0],[7,-57,116022],[37,-21,141735],[4,-75,0]],[[22265,9475,0],[-72,-4,8948],[-6,0,0]],[[22187,9471,0],[-3,-3,10003],[-5,2,14967],[0,-4,14967],[-5,-5,8296],[-3,-1,13127],[-1,-3,13127],[-8,-2,41781],[-7,9,9603],[-4,3,41781],[-2,-5,12362],[-1,-16,41781],[-4,1,18191],[-5,-7,10483],[-6,-4,205459],[2,-5,14296],[-1,-4,9298],[1,-8,36091],[-8,-7,9135],[-3,-2,37862],[-2,-12,15518],[1,-15,94123],[-10,4,11983],[-3,3,67204],[-11,-23,23824],[1,-2,7774],[0,-4,10623],[-4,-2,10623],[2,-5,23824],[-3,0,9488],[-4,-5,113602],[0,-7,8323],[2,-6,15428],[-2,-3,8716],[0,-6,15428],[4,-1,54107],[-3,-15,13120],[-1,-2,8351],[-2,-8,8351],[-3,-10,19424],[-3,-5,0]],[[22083,9286,0],[-1,-2,6973],[-4,-1,0]],[[22078,9283,0],[-6,14,20911],[-8,11,9010],[-2,1,0]],[[22062,9309,0],[-5,5,17272],[2,4,12284],[-5,3,12284],[0,7,18146],[-3,5,8329],[-5,6,69629],[-4,-1,8554],[-1,2,10921],[-7,5,31341],[-1,7,19278],[-4,5,7457],[-6,5,35241],[-4,-6,20911],[-8,6,35241],[-3,10,17580],[5,1,17580],[-5,2,7728],[-2,4,12602],[-6,0,87370],[0,6,15236],[1,5,8045],[4,4,24756],[-5,5,0]],[[22000,9399,0],[-23,-9,47381],[-10,12,0]],[[21967,9402,0],[3,28,0]],[[21970,9430,0],[20,1,15987],[0,0,6973],[4,2,0]],[[21994,9433,0],[7,11,24464],[-1,8,14189],[2,8,101931],[17,21,11290],[3,3,41062],[11,1,52371],[6,5,7380],[9,10,11667],[5,4,26270],[17,20,18471],[13,14,123668],[7,11,22060],[3,3,8130],[3,5,8130],[13,17,10560],[4,7,7974],[4,5,59964],[6,10,9911],[4,5,9911],[0,3,11404],[4,7,30958],[-3,6,0]],[[22128,9617,0],[10,14,0]],[[21697,9419,0],[3,7,7303],[0,3,12635],[3,2,30219],[4,-5,14004],[3,1,8382],[-1,4,15150],[6,6,7544],[2,0,0]],[[21717,9437,0],[2,-2,8901],[7,-3,14073],[0,-4,27338],[10,3,66958],[-3,-5,11932],[3,-1,11932],[-2,-12,32178],[-10,-2,19189],[-1,-6,32178],[6,-7,7112],[2,-1,0]],[[21731,9397,0],[-9,-10,0]],[[21722,9387,0],[-8,-7,15881],[-10,-4,35432],[-18,-1,0]],[[21686,9375,0],[-2,2,16549],[8,14,0]],[[21692,9391,0],[6,16,25845],[-1,12,0]],[[21722,9387,0],[5,-9,12897],[2,-6,21780],[4,-4,7766],[0,-2,7766],[4,-2,11405],[2,-3,25447],[-6,-5,25447],[15,-4,87740],[-5,-8,19196],[4,-6,19196],[-2,-4,7985],[-4,-7,16580],[0,-9,0]],[[21741,9318,0],[0,-11,41479],[24,-30,0]],[[21765,9277,0],[-42,-7,116867],[-14,47,0]],[[21709,9317,0],[0,15,46326],[-7,14,14477],[-10,16,16935],[0,6,15193],[-6,7,0]],[[21851,9500,0],[19,6,0]],[[21870,9506,0],[11,6,19961],[5,4,8024],[5,5,98641],[22,41,13965],[8,17,11546],[12,22,49640],[8,17,15521],[3,12,0]],[[21944,9630,0],[7,-4,15639],[6,-2,8417],[3,1,56785],[6,-10,22458],[0,-4,8572],[3,-11,17030],[4,-5,14394],[-1,-4,10305],[3,-5,36463],[1,4,9760],[4,-3,0]],[[21980,9587,0],[-2,-6,7143],[-2,-4,17426],[-4,3,25943],[-3,-6,13754],[0,-10,25943],[0,-2,7062],[-9,-13,9251],[-5,-9,89112],[-2,-15,34055],[8,-10,10744],[3,-7,19471],[-2,-2,0]],[[21962,9506,0],[0,-1,6973],[-1,-1,6973],[-2,-2,14884],[-13,-27,99743],[24,-45,0]],[[21967,9402,0],[-12,-7,14847],[-6,-8,14847],[-8,-3,62569],[-4,-14,15758],[0,-9,32656],[-8,-9,100108],[-44,-15,0]],[[21885,9337,0],[-4,12,32648],[-16,8,75567],[-19,48,45774],[1,8,7099],[2,2,0]],[[21849,9415,0],[6,-1,16371],[4,3,7045],[1,2,55484],[-3,6,8928],[-1,9,8928],[-2,0,31533],[-8,11,16764],[-6,2,12009],[-3,4,83104],[6,4,17208],[0,8,25624],[2,11,9060],[2,6,12714],[2,11,7984],[3,8,7984],[-1,1,0]],[[21717,9758,0],[2,7,23949],[3,-1,8944],[10,-1,0]],[[21732,9763,0],[6,-8,7244],[2,-1,58946],[1,-10,8176],[0,-5,25422],[-6,-8,8278],[-1,1,25422],[-3,-18,13672],[-1,-11,79479],[2,-13,12574],[3,-11,32161],[6,-14,10156],[5,-9,189079],[-18,-4,9177],[-3,-2,31054],[-34,-3,139989],[5,14,15145],[1,10,13485],[5,14,65873],[-13,16,0]],[[21689,9701,0],[0,25,19147],[-2,13,88211],[22,5,23700],[0,-4,9112],[4,1,54306],[0,4,8170],[4,13,0]],[[21557,9540,0],[8,1,0]],[[21567,9533,0],[5,-3,11651],[2,-4,9607],[4,-5,0]],[[21578,9521,0],[0,-1,0]],[[21578,9520,0],[-11,0,11123],[-1,-2,0]],[[21603,9330,0],[9,5,0]],[[21612,9335,0],[4,7,38240],[1,-1,8657],[11,-15,11731],[7,-10,0]],[[21635,9316,0],[1,-7,10794],[-2,-7,20768],[3,-11,51098],[5,-6,8829],[1,-3,7186],[5,-6,13408],[6,-6,0]],[[21549,9245,0],[-13,29,0]],[[21536,9274,0],[58,29,94029],[9,27,0]],[[21127,9032,0],[-3,-19,12739],[1,-4,20093],[-3,-17,12048],[-1,-11,8260],[-1,-9,87220],[-11,-1,32669],[-1,-4,16051],[-9,-5,19815],[0,-6,0]],[[21099,8956,0],[-7,-19,126859],[8,-321,1093833],[531,-1358,0]],[[21631,7258,0],[-54,-30,0]],[[21577,7228,0],[-630,1306,1468201],[75,180,301678],[-26,33,173025],[44,112,155913],[-16,26,16445],[1,5,12007],[-4,3,0]],[[21021,8893,0],[-10,10,41378],[-1,5,7572],[-1,11,14703],[1,9,37745],[-2,1,7168],[-2,4,7168],[-1,0,15459],[-2,6,7443],[-3,4,134494],[1,8,9813],[-2,2,9813],[5,4,15956],[2,21,65564],[-4,5,16725],[0,6,9549],[-4,12,32244],[1,7,14856],[-2,7,9624],[-2,15,94028],[8,8,15608],[4,-2,9908],[1,3,15608],[9,9,94028],[1,11,9873],[2,3,34827],[-4,6,11604],[-5,2,9851],[-1,3,23738],[1,7,54578],[-11,6,10564],[-5,5,0]],[[20995,9091,0],[3,4,9136],[-1,3,20018],[4,5,10573],[7,4,37369],[20,6,44629],[3,12,44629],[2,0,7291],[2,3,8586],[6,1,7253],[2,2,19122],[8,0,28605],[9,9,0]],[[21060,9140,0],[3,-1,12019],[2,-6,7675],[-1,-3,12259],[5,0,12259],[-3,-5,19453],[3,0,7105],[4,-5,38868],[-1,-3,8670],[-4,1,9570],[1,-3,9570],[-4,0,38868],[2,-5,7273],[-2,-2,7273],[3,-2,20346],[-5,-6,24128],[3,-2,7573],[-3,-1,7573],[1,-5,10460],[-2,-2,10460],[3,-3,7445],[2,0,14818],[0,-10,151017],[5,-1,29318],[-2,-5,13383],[3,-3,13383],[-1,-2,7275],[3,-3,7275],[0,-3,8900],[4,-8,7406],[0,-5,47787],[4,-1,7514],[-1,-3,7514],[3,2,8985],[2,-4,8985],[2,2,21852],[0,-8,21852],[3,-3,9157],[3,1,8964],[0,-4,8964],[5,-4,104429],[6,3,8465],[8,3,18945],[13,1,0]],[[21279,10589,0],[-14,-9,49897],[-5,-8,15089],[-1,-8,29618],[4,-11,64174],[4,-3,7446],[7,-4,15140],[5,0,64174],[5,3,9523],[1,3,22721],[-1,12,22721],[2,10,13789],[4,5,64174],[6,2,7321],[8,2,31448],[8,0,8060],[8,-1,18484],[7,-4,171513],[4,-6,8829],[2,-8,31679],[1,-11,13301],[-1,-20,31679],[7,-32,27614],[0,-18,0]],[[21340,10483,0],[-10,-4,10012],[-12,-3,10012],[-5,-3,105690],[-9,1,7423],[-4,1,24071],[-9,7,8498],[-6,2,61937],[-2,6,14035],[-3,0,6985],[-1,3,8520],[-7,7,27112],[-8,1,27112],[-4,15,105690],[-4,0,7965],[-5,-2,16048],[-5,3,38496],[-5,-3,12645],[-12,-11,61062],[-10,13,0]],[[21219,10516,0],[-3,11,14636],[0,9,57843],[5,10,11756],[12,19,28108],[3,7,10365],[1,9,65633],[-1,33,174659],[8,0,11642],[10,-4,42073],[1,-2,8502],[12,-7,11372],[2,-4,11372],[6,-1,23947],[4,-7,0]],[[21611,9752,0],[7,2,7161],[4,3,14100],[5,5,14100],[4,-1,44718],[5,-14,66869],[2,1,11201],[0,8,17034],[3,-2,8316],[3,1,17025],[1,8,32114],[10,4,10622],[5,3,0]],[[21660,9770,0],[3,-3,10263],[6,0,10263],[7,-5,43731],[11,2,9119],[9,0,14749],[11,2,43731],[-1,-4,18541],[7,0,12712],[4,-4,0]],[[21689,9701,0],[-2,-3,10674],[-5,1,14463],[-2,-5,21327],[-8,-4,13802],[-11,-2,59307],[-11,6,41180],[-16,-4,14384],[-4,1,14384],[-11,-4,59307],[-3,-4,10500],[-2,-9,208999],[3,-3,10190],[5,-8,29505],[11,-8,17372],[20,-19,81726],[-2,-8,25601],[5,-4,9643],[5,-7,26812],[-2,-7,13602],[2,-7,0]],[[21661,9603,0],[-3,0,14370],[-1,-8,11466],[-2,-4,55804],[-8,0,9327],[-2,-2,9327],[-4,2,24700],[-3,-2,10934],[-7,1,10934],[-16,-4,0]],[[21615,9586,0],[-3,6,0]],[[21612,9592,0],[-2,6,21563],[-17,15,15054],[-3,5,0]],[[21590,9618,0],[2,9,14826],[5,11,31672],[3,31,57574],[3,7,17287],[8,8,10460],[5,7,23374],[0,5,107402],[-14,16,8729],[-2,4,0]],[[21600,9716,0],[0,5,17300],[10,12,34069],[2,8,15337],[-1,11,0]],[[21188,9384,0],[6,10,0]],[[21194,9394,0],[3,-3,21765],[15,-2,9091],[5,-1,16864],[0,-3,12858],[8,-2,16864],[4,3,53048],[-8,14,53048],[13,0,19804],[8,4,19804],[24,4,147972],[-7,25,10710],[-1,6,35761],[3,14,0]],[[21393,9448,0],[-2,-45,54906],[-10,-5,70738],[-18,-32,10907],[0,-3,7985],[-9,-15,34456],[-5,-16,139155],[7,-5,8926],[5,-2,18156],[-1,-6,14004],[5,-1,40648],[-2,-6,9885],[1,-9,0]],[[21364,9303,0],[-4,-6,27351],[-5,4,12080],[-3,0,7961],[-8,4,31131],[-2,-3,15839],[-18,-4,12132],[-1,1,65391],[-16,-8,21443],[-14,-4,16128],[-13,-7,120162],[2,-6,13033],[6,-6,21853],[2,-7,7676],[-1,-5,0]],[[21178,9260,0],[8,15,21168],[2,14,46987],[-8,8,46987],[-2,10,15620],[2,6,10730],[-2,5,10730],[1,14,27413],[-4,6,25357],[0,9,9928],[0,14,99480],[0,4,8381],[5,10,21766],[8,9,0]],[[21524,9169,0],[43,36,0]],[[21605,9158,0],[-80,-70,119420],[-6,16,28046],[-8,-1,0]],[[21511,9103,0],[-13,-3,11903],[1,-2,9579],[-8,-2,20208],[-2,3,13159],[-7,-3,0]],[[21482,9096,0],[-8,3,8337],[-3,3,0]],[[21471,9102,0],[2,2,9054],[-1,4,21934],[4,0,9799],[0,4,9799],[7,6,12835],[1,3,0]],[[21484,9121,0],[7,0,9986],[0,-2,9986],[8,-2,0]],[[21499,9117,0],[2,1,6973],[1,0,6973],[0,2,8676],[2,6,18961],[8,6,45703],[12,37,0]],[[20951,10350,0],[-63,-16,58035],[-48,-21,134768],[-7,3,7838],[-7,2,24935],[-4,-6,24935],[-22,-1,13224],[-33,0,12961],[-12,-1,0]],[[20951,10350,0],[99,-239,0]],[[21050,10111,0],[-4,-56,191450],[-2,-6,18019],[-22,-23,31185],[-7,-2,15402],[-5,-4,7870],[-6,-4,31185],[2,-7,117247],[-8,-4,11350],[-5,-5,11350],[-21,-12,67044],[-27,4,154022],[-3,-38,351991],[-14,-1,13772],[-106,-14,23868],[-10,0,0]],[[20720,10054,0],[26,-26,63627],[2,-3,7720],[20,-26,15685],[15,-22,22929],[5,-6,11540],[18,-25,10392],[6,-7,0]],[[20755,10310,0],[-19,-28,141344],[-5,-18,32599],[8,-6,36306],[2,-9,7654],[1,-14,17143],[3,-39,31114],[3,-52,163218],[0,-12,10379],[-2,-6,49782],[-8,-20,18348],[-6,-11,7964],[-4,-9,7347],[-4,-9,24903],[-2,-5,9781],[-6,-14,49782],[4,-4,0]],[[21482,9407,0],[22,13,0]],[[21546,9450,0],[16,-5,14180],[13,-2,43159],[4,-2,7854],[6,-5,7854],[9,-7,0]],[[21594,9429,0],[4,-1,0]],[[21598,9428,0],[-8,-22,99427],[-22,-21,36294],[-14,-4,36294],[-57,-42,0]],[[21497,9339,0],[-16,39,55790],[1,29,0]],[[21473,9488,0],[7,7,13689],[2,-1,0]],[[21482,9494,0],[9,-9,19411],[6,1,0]],[[21497,9486,0],[6,-2,21355],[6,-9,10052],[1,-4,0]],[[21510,9471,0],[-3,-10,0]],[[21507,9461,0],[-7,2,16576],[-9,8,0]],[[21120,10900,0],[14,3,45249],[1,20,7245],[1,2,50784],[12,7,13183],[11,6,7185],[8,5,40791],[4,11,0]],[[21171,10954,0],[10,-3,20018],[24,-1,16297],[5,-2,132275],[4,-6,8143],[3,-5,37629],[-1,-7,16939],[-7,-5,12813],[-1,-6,37629],[-1,-39,0]],[[21207,10880,0],[-3,-18,8117],[-3,-13,20559],[0,-12,60603],[8,-35,0]],[[21209,10802,0],[-6,-3,11006],[-7,-1,38214],[-5,5,10754],[-12,8,67589],[-43,-9,0]],[[21136,10802,0],[-5,4,7772],[-9,10,25465],[-4,6,9263],[0,4,9131],[-3,4,104075],[-1,8,11583],[2,3,9493],[0,5,23541],[3,3,9636],[6,2,20555],[-3,5,49331],[-1,19,13333],[-2,9,16180],[1,16,0]],[[21496,9729,0],[2,-26,53849],[7,-15,17784],[7,-8,13114],[6,-12,0]],[[21518,9668,0],[-7,-4,17609],[-10,-11,38190],[-9,-21,0]],[[21492,9632,0],[-6,-17,8487],[-9,-22,52150],[-7,-13,22932],[-15,-17,0]],[[21455,9563,0],[-14,14,9653],[-3,2,9653],[-13,13,48425],[-7,4,16160],[-22,17,19410],[-7,3,0]],[[21389,9616,0],[0,11,0]],[[21389,9627,0],[8,11,12978],[9,11,25232],[17,16,84619],[20,12,10572],[14,7,17440],[3,3,7410],[6,3,7410],[17,10,106712],[1,15,31493],[12,14,0]],[[21359,12535,0],[-23,3,10937],[-18,2,47429],[-7,-2,10988],[-11,-5,0]],[[21405,12472,0],[-2,4,7077],[-3,1,22244],[-17,1,29481],[-7,2,14216],[-7,7,99317],[-3,8,8926],[-3,9,30206],[-4,31,0]],[[21405,12472,0],[-7,-9,10269],[-8,-8,34651],[-23,-16,149362],[-3,-17,31416],[5,-16,68740],[8,-9,20482],[10,-7,11871],[7,-6,46965],[0,-7,9221],[-1,-6,188034],[-5,-6,12444],[-9,-5,12444],[-7,-7,28937],[-11,-16,107763],[-2,-9,13329],[0,-13,13623],[-3,-8,45097],[-3,-6,9432],[-8,-9,18437],[-2,-8,78729],[6,-19,34925],[-2,-21,78729],[-4,-1,13612],[-4,2,7910],[-7,2,26907],[-4,-3,8110],[-4,-4,225139],[0,-5,11241],[3,-11,11921],[1,-12,35562],[-3,-10,10807],[-1,-9,36592],[5,-23,22168],[-1,-13,0]],[[21328,12157,0],[-4,-8,27704],[-11,-7,15077],[-11,-5,0]],[[21302,12137,0],[-7,11,22210],[-6,7,12032],[-6,2,96567],[-1,-1,7549],[-2,-8,30167],[-2,-1,7403],[-4,1,15938],[-3,6,10495],[-3,1,30167],[-4,-3,8219],[-5,-6,19748],[-3,-2,8392],[-4,1,49314],[-6,12,15710],[-4,3,49314],[-3,-3,9252],[-5,-9,14264],[-6,-5,0]],[[21228,12143,0],[-9,-6,12173],[-7,-1,14273],[-8,-6,84833],[-3,0,9723],[-9,4,11258],[-6,1,15865],[-10,5,46673],[-7,0,13171],[-6,-4,12523],[-4,1,23667],[-7,5,7651],[-1,3,23667],[-5,-7,61125],[-9,7,9074],[-2,3,9074],[-5,1,52217],[-2,-2,7321],[-2,-7,14218],[0,-7,29013],[-8,-1,0]],[[21300,12533,0],[-12,-5,56701],[-12,3,10552],[-10,1,23411],[-23,7,14800],[-13,3,56701],[-11,0,7853],[-10,1,14533],[-12,-1,25650],[-22,1,13522],[-10,1,296037],[-6,-14,39642],[-1,-1,8068],[-17,-3,83508],[-1,-6,10351],[-3,-3,10351],[-1,-6,33122],[0,-15,18068],[1,-10,10173],[2,-4,18068],[-3,-3,224213],[-36,-18,13595],[-5,-1,8793],[-15,-7,13326],[-2,-2,122330],[-17,-1,14590],[-21,2,34988],[-16,3,9471],[-14,2,0]],[[22185,10012,0],[13,11,0]],[[22198,10023,0],[19,6,0]],[[22217,10029,0],[6,-3,6973],[1,-1,0]],[[22224,10025,0],[-15,-14,21949],[-5,-10,67586],[-1,-11,10512],[-2,-6,8820],[0,-6,30280],[6,-7,0]],[[22207,9971,0],[2,-6,10512],[0,-8,20577],[-4,-12,20577],[1,-6,10947],[-1,-6,10947],[0,-9,0]],[[22205,9924,0],[-3,0,0]],[[22202,9924,0],[-1,0,6973],[-1,0,6973],[-9,0,0]],[[22191,9924,0],[-6,18,0]],[[22185,9942,0],[-4,10,18639],[-1,14,0]],[[22180,9966,0],[5,46,0]],[[21032,9321,0],[7,28,87809],[17,8,7810],[12,6,31082],[4,5,10003],[10,9,21870],[8,2,62818],[1,13,220590],[9,-1,15198],[88,-7,0]],[[21107,9164,0],[-4,2,10082],[-27,9,26506],[-6,5,0]],[[21070,9180,0],[1,1,8625],[-2,7,31134],[-5,2,11189],[-8,-2,11189],[1,3,15921],[-5,2,8820],[-2,3,59537],[2,10,36757],[-5,8,11718],[-5,4,28791],[-1,10,11820],[-3,5,127095],[-6,88,0]],[[21446,9125,0],[2,11,14139],[-2,7,66556],[4,2,8436],[4,-2,14053],[1,-3,18430],[7,0,9220],[1,2,18430],[8,-2,13456],[11,1,71224],[1,-2,6987],[-1,-7,14826],[3,-7,10615],[-1,-4,0]],[[21471,9102,0],[-11,5,7839],[-5,3,7839],[-2,0,0]],[[21453,9110,0],[-5,9,10928],[-3,0,10928],[1,6,0]],[[21137,10330,0],[50,38,66532],[48,22,0]],[[21235,10390,0],[43,-40,65275],[1,-5,24304],[8,6,14139],[8,2,65275],[11,-36,137974],[11,7,19823],[2,-4,24747],[16,11,72485],[2,-12,12997],[4,-11,39694],[9,3,0]],[[21350,10311,0],[3,-5,12997],[4,-12,9869],[0,-5,9869],[4,-3,73726],[0,-12,14308],[1,-70,0]],[[21362,10204,0],[1,-42,103285],[-6,0,18514],[-12,-9,41998],[-2,-4,10390],[-1,-10,37305],[-5,-5,13845],[-6,-3,8745],[-7,-5,166151],[1,-2,7046],[6,-11,23732],[-1,-5,8729],[-2,-2,23732],[2,-10,13166],[-3,-1,13166],[2,-15,63569],[-4,-13,7941],[-1,-8,26574],[-6,0,63569],[-1,-2,7812],[3,-2,9268],[-2,-3,9268],[0,-9,17828],[-2,-7,10548],[1,-7,10548],[-2,-4,21967],[0,-8,9358],[-1,-6,9358],[0,-14,34522],[-4,-11,0]],[[21310,9986,0],[-28,-9,0]],[[21282,9977,0],[-21,-1,18401],[-29,-4,65466],[-23,4,23791],[-5,2,7253],[-3,4,162350],[-3,8,7416],[-10,29,38077],[-3,5,8528],[-7,8,162350],[-4,2,7111],[-16,8,7111],[-6,3,22280],[-12,5,8960],[-10,3,97113],[-16,20,22050],[-7,11,8511],[-2,6,12639],[-5,6,115363],[-10,3,20510],[-6,-1,7075],[-7,1,7075],[-8,-1,47543],[-9,3,10470],[-5,3,22646],[-5,7,0]],[[21050,10111,0],[11,35,73480],[14,16,18243],[24,30,210730],[-21,31,67640],[-12,51,266575],[19,-1,12533],[8,-1,9563],[7,0,117482],[20,18,56469],[10,23,7869],[7,17,0]],[[21465,9053,0],[7,5,19358],[5,12,19358],[8,8,0]],[[21485,9078,0],[5,7,0]],[[21490,9085,0],[3,4,12677],[7,2,24601],[8,-5,0]],[[21508,9086,0],[1,0,6973],[20,-17,96333],[2,-68,0]],[[21531,9001,0],[-42,27,33467],[-13,4,0]],[[21476,9032,0],[-3,1,9496],[-5,6,25607],[2,3,14746],[-6,7,15003],[1,4,0]],[[21483,9522,0],[10,-1,0]],[[21493,9521,0],[-3,-16,24552],[-8,-11,0]],[[21464,9496,0],[13,17,7226],[6,9,0]],[[21057,11224,0],[8,-3,18951],[14,3,39459],[11,6,12801],[8,4,56799],[11,-1,17787],[5,-2,8732],[5,-4,0]],[[21119,11227,0],[2,-7,11844],[-1,-9,21741],[-5,-7,92542],[-11,-6,17255],[-10,-2,27153],[-12,-5,11032],[-9,-5,13449],[-16,-8,83335],[-5,-5,11628],[-2,-6,23548],[1,-10,251003],[9,-3,16371],[14,-10,24213],[22,-9,45066],[14,-11,28772],[30,-16,0]],[[21140,11108,0],[2,-7,7988],[0,-5,40040],[-1,-14,7645],[-1,-10,22468],[-5,-12,22468],[-2,-10,8971],[1,-9,146660],[1,-7,14745],[9,-15,53634],[7,-7,11343],[9,-6,24063],[12,-5,94202],[11,-1,12092],[9,1,37710],[9,5,8430],[10,6,94202],[4,-1,8216],[4,-3,24587],[2,-6,9897],[2,-9,66017],[-1,-6,7363],[-3,-4,32475],[-5,-5,9491],[-6,-3,19014],[-8,-1,146660],[-8,3,9878],[-8,4,26720],[-22,4,39224],[-8,3,10838],[-19,10,114665],[-8,-1,11298],[-4,-2,36768],[-2,-7,19356],[7,-9,81754],[31,-20,25536],[12,-5,0]],[[21120,10900,0],[-12,5,97764],[-7,-12,22289],[-11,-6,33329],[-38,-47,55124],[-7,-8,15515],[-25,-20,99483],[-21,-14,31635],[-14,-3,424845],[-8,12,10608],[-4,3,53262],[0,3,8736],[-3,5,11701],[-4,20,20754],[-4,9,7567],[-1,6,7567],[-5,13,78367],[-37,61,15577],[-6,11,132441],[-15,-7,0]],[[20861,10985,0],[32,-29,66169],[5,-25,0]],[[20861,10985,0],[16,9,10900],[10,7,29878],[7,9,29878],[8,3,7001],[3,2,18161],[3,6,18161],[5,5,8141],[11,8,17936],[6,2,9843],[7,5,65232],[9,8,10641],[4,3,7531],[7,8,7531],[11,9,19055],[10,6,19055],[8,8,11110],[2,4,262978],[-8,21,19618],[-5,7,58108],[1,7,10312],[-1,7,11285],[2,19,194139],[8,9,15057],[-3,2,8960],[3,2,16224],[12,15,81963],[1,-2,7863],[4,2,17424],[2,-4,9198],[6,-5,21878],[5,-1,9288],[-1,3,9288],[7,0,21878],[3,-7,126514],[2,3,10314],[7,3,23420],[0,5,9401],[-3,3,23420],[9,7,40076],[7,16,21814],[5,20,32634],[6,5,0]],[[21544,9634,0],[-4,-9,10711],[-4,-8,0]],[[21536,9617,0],[-16,-16,0]],[[21520,9601,0],[-3,6,10221],[-2,-2,12384],[-4,8,12384],[-3,-1,21897],[-4,7,8355],[-1,0,9211],[-11,13,0]],[[20902,8936,0],[5,32,60878],[0,4,7540],[-3,11,12707],[-3,9,23239],[8,2,11499],[1,3,23239],[-10,-2,14236],[-4,3,23239],[1,13,165974],[9,-1,16062],[4,3,11002],[2,-1,7519],[4,1,19968],[1,7,19968],[8,-5,36620],[4,9,18559],[5,-1,123853],[3,14,16352],[4,6,25783],[-2,9,49812],[-6,2,15050],[-7,-3,76309],[-3,8,15809],[4,2,17761],[4,10,9370],[2,2,8855],[0,4,41338],[5,4,10305],[8,7,0]],[[20946,9088,0],[16,-5,45272],[5,1,10232],[9,4,16764],[11,1,12318],[8,2,0]],[[21577,7228,0],[-154,-82,0]],[[21423,7146,0],[-630,1305,1722279],[-5,131,349297],[132,194,415003],[0,95,109278],[-19,56,24147],[0,1,6973],[0,2,0]],[[20901,8930,0],[1,6,0]],[[21732,9763,0],[5,7,10106],[-1,1,10106],[8,13,22231],[9,10,57413],[-10,9,0]],[[21743,9803,0],[6,8,8510],[3,7,9032],[4,5,8915],[3,6,52394],[2,13,10491],[3,7,18435],[-3,1,18286],[4,16,113400],[16,-7,18679],[7,-3,7912],[5,0,0]],[[21793,9856,0],[-3,-13,56355],[20,0,7291],[17,-1,56355],[5,-2,7464],[3,0,15030],[14,-7,16864],[15,-4,34429],[4,-4,7545],[3,-1,24864],[2,2,11908],[9,1,7312],[0,1,0],[6,22,25456],[-1,12,61669],[-16,3,6979],[-3,1,59135],[0,6,14664],[6,0,29134],[0,7,13654],[-4,4,7881],[0,2,22175],[8,5,16258],[-4,2,0]],[[21874,9892,0],[6,30,29937],[5,1,17814],[1,10,83164],[-19,22,0]],[[21867,9955,0],[4,3,16598],[3,9,10128],[3,6,56286],[5,3,15688],[6,-4,17376],[12,2,9025],[4,0,0]],[[21904,9974,0],[16,-33,27827],[-6,-3,14103],[1,-4,9030],[3,1,27827],[11,-17,24193],[3,3,64735],[8,-24,29085],[-4,3,11659],[-6,-1,20205],[6,-8,0]],[[21936,9891,0],[-8,-3,27132],[2,-9,11577],[-2,-4,44496],[-18,-1,52533],[1,-9,29075],[-7,0,16268],[1,-6,16268],[-6,-8,211207],[1,-4,9690],[-1,-9,15737],[3,-15,32598],[4,-10,10407],[3,-3,69807],[2,-9,16454],[-4,-12,30315],[-7,-8,68314],[5,-8,20284],[7,-1,53711],[0,-13,7664],[-2,-20,170588],[-4,-18,18703],[-4,-3,25635],[-3,-17,13844],[-2,-1,17020],[-10,-27,18103],[-3,-2,9231],[-2,-6,18103],[-2,-12,0]],[[21880,9653,0],[-1,3,12760],[-7,-1,18830],[-2,2,7331],[-1,5,13873],[-5,2,69653],[-3,-4,11895],[-3,-6,9186],[-4,-6,21061],[-2,0,7826],[-3,-5,7826],[-3,-2,47210],[-4,1,11169],[-7,6,26550],[-4,-7,0]],[[21831,9641,0],[-28,11,9572],[-14,5,82866],[0,-2,10028],[-11,-2,20174],[-15,1,34014],[-2,-3,12333],[-9,-5,158917],[-3,-9,17194],[3,-7,42311],[-3,0,11630],[-10,-5,21692],[-4,-4,7559],[-4,-5,40161],[5,-8,85981],[-8,-3,8213],[-6,0,10317],[-5,-2,32478],[-3,-4,7332],[-11,-8,14655],[-4,-2,139499],[-4,8,34458],[-2,0,7269],[-11,-6,8461],[-5,-2,45485],[1,5,13027],[-5,7,30163],[-12,2,0]],[[21458,9078,0],[6,0,13909],[8,-6,31302],[5,3,7617],[5,5,18113],[3,-2,0]],[[21465,9053,0],[-4,6,28750],[-10,3,7903],[-5,0,7903],[-1,1,17338],[-9,6,7711],[-3,0,0]],[[21533,9482,0],[4,0,10357],[5,3,22007],[4,-7,29231],[7,1,8277],[1,3,8277],[3,-2,12407],[2,2,0]],[[21559,9482,0],[6,-1,11059],[2,3,8778],[2,-3,8778],[6,0,25888],[2,5,7320],[2,1,29239],[6,-5,18866],[4,4,7390],[0,2,18866],[9,-3,18171],[2,4,18171],[15,0,0]],[[21615,9489,0],[-2,-28,0]],[[21613,9461,0],[-3,-17,0]],[[21610,9444,0],[-12,-16,0]],[[21529,9454,0],[-3,1,0]],[[21526,9455,0],[4,18,6977],[1,7,6977],[2,2,0]],[[21209,10802,0],[7,-12,14616],[8,-8,42957],[26,-16,57993],[8,-12,17008],[5,-12,0]],[[21263,10742,0],[-12,-1,32190],[-1,-12,40924],[-25,-5,78112],[-1,9,20308],[-4,-5,8910],[0,-5,8910],[-3,-1,8910],[-2,4,8218],[2,0,22758],[-12,14,78112],[-26,-11,27872],[-11,-2,9601],[-9,-1,234522],[-6,2,7950],[-7,1,13257],[-3,3,13257],[-21,6,8292],[-11,4,84717],[-8,0,23556],[12,3,7385],[33,8,84717],[1,26,50327],[-2,9,20889],[-11,14,0]],[[21507,9461,0],[7,-2,7694],[12,-4,0]],[[21482,9407,0],[-28,38,0]],[[21658,9277,0],[-2,4,27726],[4,3,10627],[2,6,10627],[5,6,19910],[9,7,88682],[-1,17,26441],[-6,-3,26441],[-8,16,25195],[-8,3,0]],[[21653,9336,0],[2,3,8765],[0,8,17112],[-3,11,9032],[0,3,27949],[5,0,47043],[-2,8,8385],[-4,12,19951],[-5,4,0]],[[21646,9385,0],[8,4,12428],[4,5,12428],[5,1,0]],[[21663,9395,0],[8,-2,12455],[3,-8,12455],[0,6,21340],[4,2,8752],[3,-2,10608],[7,4,21124],[4,-4,0]],[[21765,9277,0],[6,2,0]],[[21771,9279,0],[2,-99,127852],[26,-58,198398],[-20,-93,0]],[[21779,9029,0],[-174,129,0]],[[21317,9856,0],[6,-24,55957],[11,-22,11779],[5,-12,16703],[6,-11,25414],[6,-14,8439],[9,-22,14689],[9,-19,138467],[6,-18,17010],[5,-22,51775],[4,-20,8409],[1,-13,8409],[3,-11,23749],[1,-13,7001],[0,-8,0]],[[21194,9394,0],[-3,5,10256],[-6,3,69412],[-13,33,14350],[-21,55,40723],[-9,-2,40723],[-3,18,26313],[4,-1,18689],[1,6,8227],[-1,7,40723],[-7,0,23710],[-2,12,190364],[2,8,13502],[3,25,20763],[1,18,62856],[-2,17,10253],[-3,16,7166],[-1,6,0]],[[21134,9620,0],[4,-1,9958],[85,-9,143677],[42,31,360967],[-9,7,39299],[4,24,86231],[-18,12,9716],[-22,17,86231],[-36,49,8756],[-17,24,21256],[0,1,370000],[80,33,102724],[29,27,31915],[2,7,13155],[5,0,11464],[0,4,80418],[34,10,0]],[[21189,9040,0],[11,-4,8362],[5,-3,23857],[5,0,14021],[19,-5,112830],[0,-5,10501],[3,-13,25185],[6,-4,25185],[6,-11,14736],[-1,-6,7455],[1,-2,14736],[4,-2,17184],[2,-11,0]],[[21250,8974,0],[32,-50,0]],[[21282,8924,0],[59,-233,67398],[356,-1415,0]],[[21697,7276,0],[-66,-18,0]],[[21127,9032,0],[5,6,11721],[2,6,0]],[[21362,10204,0],[27,21,96057],[-2,9,10555],[-4,18,29142],[0,19,119015],[18,2,9690],[5,0,25004],[4,4,12957],[4,-1,7055],[3,1,0]],[[21417,10277,0],[5,-8,43175],[35,-24,27941],[15,-15,21314],[12,-8,158473],[9,-2,10271],[9,-1,19249],[12,1,59928],[13,7,12080],[10,6,17677],[9,4,88250],[3,-1,8785],[6,-4,26102],[2,-6,10867],[-1,-6,0]],[[21556,10220,0],[-6,-7,19608],[-3,-8,10127],[-2,-7,79957],[4,-13,23386],[12,-20,26397],[3,-8,9640],[1,-8,79957],[-1,-12,15981],[-5,-28,0]],[[21559,10109,0],[-6,-21,35594],[-3,-48,0]],[[21550,10040,0],[-4,0,8859],[-3,-4,8859],[-7,-2,30307],[-39,-8,40849],[-27,-12,0]],[[21470,10014,0],[-34,-10,10054],[-41,-11,89843],[-20,7,67909],[-60,-20,53715],[-5,6,0]],[[21565,9709,0],[4,-2,15041],[2,-8,18439],[5,-2,49078],[0,-3,8436],[-4,-7,8436],[1,-1,16701],[-7,-9,33172],[5,-7,0]],[[21571,9670,0],[-9,-11,0]],[[21541,9680,0],[10,8,26105],[7,9,13480],[7,12,0]],[[21482,9096,0],[3,-11,18406],[5,0,0]],[[21453,9089,0],[-2,12,17021],[2,5,7465],[-2,2,7435],[2,2,0]],[[21559,10109,0],[10,-1,13264],[6,-3,65165],[5,-12,8945],[2,-7,12452],[6,-12,21266],[8,-7,7453],[1,0,21266],[0,-7,86960],[17,0,56296],[6,-5,10617],[3,-5,11072],[6,-4,24238],[-3,-3,8176],[1,-3,24238],[15,-8,106576],[3,-4,7786],[1,-5,7786],[5,-7,14738],[1,-6,26668],[5,-4,11933],[2,-6,11933],[7,-10,37296],[3,-12,13086],[4,-8,98348],[20,-12,15397],[13,-6,0]],[[21706,9952,0],[5,-19,24092],[-1,-2,10474],[2,-18,61774],[-10,2,26202],[-1,-3,7280],[2,-3,13642],[-5,-4,85358],[3,-9,19402],[-1,-7,10951],[0,-14,38948],[6,-13,26246],[1,-15,18441],[4,-13,154601],[-24,-17,70309],[4,-8,34896],[-3,-17,20944],[-5,-10,0]],[[21683,9782,0],[-2,0,7368],[-5,-5,8113],[-11,-6,16262],[-5,-1,0]],[[21611,9752,0],[0,10,21240],[2,7,8883],[5,12,0]],[[21618,9781,0],[3,9,24960],[1,9,8359],[0,10,18466],[-2,7,72668],[-10,115,40068],[-4,21,237463],[-9,13,29775],[-30,26,91306],[-13,28,34476],[-4,21,0]],[[21520,9601,0],[-4,-4,0]],[[21516,9597,0],[-16,-8,9817],[-3,-2,54258],[-6,-16,28642],[-13,-13,17597],[-2,-5,0]],[[21476,9553,0],[-12,0,28211],[-9,10,0]],[[21683,9782,0],[12,-5,15548],[0,-4,15548],[8,1,77710],[14,13,21220],[1,5,19118],[10,1,29681],[1,-9,29681],[5,5,11405],[5,10,13743],[-2,4,13743],[5,-2,9627],[1,2,0]],[[21304,9184,0],[8,-6,12555],[7,-3,19766],[14,-13,28832],[7,0,19829],[8,-9,16104],[5,-1,53543],[0,-14,26028],[2,-1,7594],[5,1,16052],[1,-6,53543],[12,-2,17587],[-1,2,11161],[7,1,17587],[5,-5,152234],[3,-15,38083],[-7,-1,21527],[-6,-10,35729],[1,-12,10002],[2,-1,0]],[[21377,9089,0],[1,-22,10105],[1,-11,90780],[-9,-8,17120],[-13,-6,40652],[-3,-6,11209],[-4,-3,11566],[-3,-6,7102],[-3,-5,90780],[0,-2,7302],[-1,-13,18331],[-7,2,15765],[1,-5,8353],[2,-1,29948],[1,-15,10985],[-2,-3,7667],[1,-4,15379],[-3,-1,15379],[2,-12,75198],[-4,1,13917],[-4,-6,25942],[1,-12,29012],[-5,-5,10325],[-6,-3,0]],[[21320,8943,0],[-8,-7,14623],[-1,-5,0]],[[21311,8931,0],[-29,-7,0]],[[21700,9489,0],[11,0,11957],[8,3,9255],[4,0,24509],[6,-3,55483],[2,0,8536],[6,5,17444],[25,12,76567],[8,2,12205],[12,0,29525],[22,-6,21048],[4,2,162705],[24,29,10522],[3,4,44173],[17,10,0]],[[21852,9547,0],[2,-13,8205],[2,-3,30567],[9,-3,35115],[1,-11,13295],[-2,-5,25547],[6,-6,0]],[[21851,9500,0],[-16,-7,16023],[-8,-4,7341],[-7,-5,90782],[-11,-10,11038],[-7,-8,35850],[-5,-6,8226],[-14,-23,37730],[-10,-11,15988],[-10,-9,79255],[-10,-6,7713],[-14,-8,16025],[-8,-6,0]],[[21717,9437,0],[-1,11,9915],[-2,6,16608],[0,8,9876],[-2,3,8086],[2,3,8086],[-1,5,12253],[-3,4,11534],[1,7,55596],[-10,2,12310],[-1,3,0]],[[21413,9456,0],[5,-4,7339],[2,0,0]],[[21420,9452,0],[1,0,6973],[33,-7,0]],[[21497,9339,0],[-53,-40,0]],[[21444,9299,0],[0,-2,20001],[-16,-1,12427],[-6,-2,12427],[-5,2,26381],[-1,-4,12136],[-7,-1,34469],[-7,9,34469],[-3,-2,7249],[1,-2,13613],[-9,-7,79981],[-2,8,9555],[0,8,50633],[-18,1,9787],[-5,0,23036],[-2,-3,0]],[[21563,9497,0],[5,1,14835],[6,3,8584],[4,4,24568],[4,8,73101],[7,-4,9566],[5,-5,31794],[8,-3,12508],[13,-1,0]],[[21615,9500,0],[0,-11,0]],[[21559,9482,0],[2,5,7157],[2,10,0]],[[21416,9197,0],[2,7,29815],[5,0,9991],[7,4,15177],[10,0,98902],[6,-2,7658],[6,-3,9116],[4,0,39358],[18,-17,26515],[3,3,26515],[3,-3,10808],[10,-6,11826],[4,0,11826],[1,-6,11826],[4,-1,0]],[[21499,9173,0],[25,-4,0]],[[21446,9125,0],[-10,0,40722],[-6,10,9566],[-12,15,93855],[2,10,17182],[-2,15,23178],[-5,0,23178],[2,8,12106],[5,8,33051],[-4,6,0]],[[21013,11511,0],[6,-5,19497],[3,0,8222],[4,-3,10802],[4,2,10802],[4,-2,56041],[3,-5,12692],[-2,-6,21431],[1,-5,7293],[5,-8,11573],[1,-4,56041],[4,-1,10171],[12,3,183262],[26,-4,21207],[10,-5,13899],[14,-3,35360],[16,2,33900],[17,-4,14053],[17,-5,86631],[11,-1,7060],[12,-2,21073],[9,0,10881],[10,-1,10881],[31,-3,33485],[0,2,13541],[9,-1,7473],[4,0,363416],[-1,3,8104],[2,3,14438],[4,1,8073],[2,3,21418],[-1,7,35863],[2,4,8163],[3,0,8163],[2,4,15547],[7,1,28695],[5,13,190769],[6,0,11887],[5,-3,11887],[12,-2,44795],[26,2,9332],[24,1,79799],[6,5,16099],[12,6,10320],[11,5,79799],[9,-7,38534],[36,-3,0]],[[21416,11495,0],[-3,-5,21220],[3,-5,9282],[2,-9,17346],[-2,-4,0]],[[21416,11472,0],[-1,-5,8642],[1,-8,20372],[-1,-6,10360],[-4,-1,36952],[3,-8,9442],[-1,-5,19899],[5,-11,7247],[2,-2,34264],[-5,-6,80074],[0,-6,10401],[3,-6,10401],[8,-35,15257],[4,-7,15257],[2,-15,127139],[-1,-4,11305],[-5,-3,11305],[-4,-8,17443],[2,-7,12469],[-4,1,12469],[-1,-4,9411],[-3,-1,9411],[-3,-7,125619],[1,-5,11585],[-2,-6,16790],[4,-7,16790],[1,-9,9202],[2,-7,9202],[2,-15,9007],[2,-7,30181],[-2,-1,12161],[-1,-6,7685],[1,-5,30181],[4,-2,13759],[-2,-8,13759],[4,-11,10960],[2,-9,0]],[[21429,11220,0],[-1,-4,28580],[-17,-2,11364],[-12,-3,0]],[[21399,11211,0],[-182,-96,247812],[-13,20,12119],[-12,18,0]],[[21192,11153,0],[12,9,22284],[3,3,8809],[4,10,13463],[3,1,146985],[-1,8,7257],[-2,2,7257],[2,3,7380],[-1,12,26960],[-5,0,17887],[-1,10,69104],[3,4,10374],[4,0,20759],[10,-4,59393],[1,4,8697],[-2,7,28648],[-10,-2,28648],[-4,4,8627],[-6,4,17899],[-14,6,28589],[-10,11,83823],[-2,11,16326],[0,6,8629],[-1,6,8833],[-1,16,232688],[-17,2,30060],[0,-4,11485],[-5,-3,66334],[-6,3,16646],[-5,10,26704],[-8,-1,26704],[-1,13,152033],[-1,-4,7173],[-6,-21,12189],[-2,-6,51841],[3,-24,11716],[5,-7,11716],[-3,0,11716],[-1,-4,8470],[1,-6,51841],[-5,3,18135],[-2,-7,8479],[-2,-1,0]],[[21057,11224,0],[-4,4,10942],[-4,10,11473],[-8,10,82079],[-5,2,19223],[-19,-3,56556],[-17,6,29015],[-8,6,12590],[-5,6,185789],[-3,14,11366],[-5,12,78992],[2,12,30297],[13,8,42698],[5,11,19253],[1,15,148242],[-2,9,18124],[-7,4,49608],[-19,3,22505],[-8,-3,37679],[-6,8,0]],[[20958,11358,0],[1,15,51462],[27,6,115293],[5,5,18011],[1,11,43942],[-5,7,12625],[-8,8,43942],[1,11,25124],[-5,15,18112],[0,8,117002],[8,11,8491],[5,6,13274],[3,7,13274],[5,4,44868],[-1,9,26329],[4,1,13964],[7,10,26329],[1,11,19597],[6,8,0]],[[21598,9428,0],[6,-2,6973],[3,-2,0]],[[21607,9424,0],[2,-3,25815],[9,-32,14679],[3,-6,14679],[0,-11,0]],[[21621,9372,0],[-2,-6,14717],[-5,-2,9763],[-4,-5,0]],[[21610,9359,0],[-9,-9,35339],[-1,-10,18473],[3,-10,0]],[[21536,9274,0],[-39,65,0]],[[21302,12137,0],[-7,-7,8266],[-3,-5,29177],[-3,-8,10084],[-1,-10,86583],[1,-10,13679],[5,-18,51848],[-2,-28,15960],[0,-14,15960],[-2,-6,168851],[-16,-16,8792],[-17,-18,27454],[-13,-11,0]],[[21244,11986,0],[-5,7,17300],[-7,18,44173],[12,3,33199],[0,9,11237],[-2,5,44173],[-9,1,21357],[-1,-9,29351],[-8,8,64270],[0,16,18565],[2,11,7435],[-1,0,7435],[2,8,64270],[-2,3,9643],[-5,1,22579],[-4,-7,9912],[-3,-1,22579],[-3,4,8274],[-1,4,164349],[6,15,28243],[2,16,13801],[-2,1,7578],[0,6,40782],[5,6,14448],[-2,5,17096],[3,5,10948],[1,9,13803],[7,9,13803],[-1,4,0]],[[21581,12579,0],[-13,-5,15065],[-14,-8,25331],[-6,-6,25331],[-18,-11,17162],[-19,-10,6982],[-3,-2,79550],[-9,-1,8343],[-9,-2,34704],[-5,-4,15804],[-7,-1,9487],[-6,-3,9452],[-3,0,17061],[-6,-4,15556],[-5,-2,7971],[-5,0,13819],[-6,-2,7827],[-1,-3,145236],[-4,-14,25932],[2,-8,7648],[2,-3,82997],[-4,-1,6991],[-9,-4,19356],[2,-4,32406],[-15,-6,7236],[-7,-2,20383],[-8,-1,0]],[[21581,12579,0],[4,-7,14957],[2,-6,7475],[2,-8,56349],[1,-23,13436],[3,-16,28727],[-1,-6,12859],[2,-17,12859],[0,-7,7407],[1,-18,76000],[-4,-23,10191],[0,-5,0]],[[21537,11981,0],[-10,6,16516],[-8,9,15169],[-11,7,39218],[-10,12,12334],[-9,11,53642],[-14,8,16593],[-5,6,16593],[-10,5,136408],[-6,8,8677],[-4,6,8677],[-11,15,8040],[-2,5,8040],[-6,7,54212],[-7,6,10493],[-6,4,25636],[-20,21,54212],[-15,23,14062],[-1,4,7351],[-2,3,215186],[-9,0,10067],[-4,2,30406],[-7,8,8573],[-1,2,8573],[-6,4,58643],[-8,-8,9007],[-2,-1,33247],[-10,4,12800],[-5,-1,0]],[[21539,9575,0],[4,4,0]],[[21543,9579,0],[6,-5,19338],[5,6,29411],[11,-13,25529],[4,4,0]],[[21569,9571,0],[5,-8,0]],[[21574,9563,0],[1,-2,0]],[[21526,9532,0],[2,8,9044],[3,14,0]],[[21531,9554,0],[8,21,0]],[[21880,9653,0],[-4,-7,25733],[5,-13,15242],[3,0,64202],[9,10,31488],[4,1,7376],[15,-1,26874],[0,5,64202],[11,1,19872],[1,-5,19872],[17,-4,39645],[0,-7,12860],[3,-3,0]],[[21852,9547,0],[1,5,10050],[-3,1,10050],[-4,12,39657],[-11,13,17687],[-9,5,29214],[-3,9,107554],[5,24,18846],[0,21,18846],[3,4,0]],[[21557,9590,0],[12,-19,0]],[[21543,9579,0],[14,11,0]],[[21476,9553,0],[-2,-16,35653],[8,-5,23344],[1,-10,0]],[[21457,9501,0],[-7,6,25540],[-5,12,14542],[-6,6,14542],[-2,8,71328],[-6,1,30961],[-27,29,44739],[-9,0,0]],[[21060,9140,0],[3,3,10444],[-1,5,20585],[-4,4,12054],[-1,6,23495],[4,3,16851],[-2,9,47373],[9,4,16685],[4,-1,13444],[-3,6,8237],[1,1,0]],[[21613,9461,0],[6,0,7524],[8,-2,24895],[11,-9,0]],[[21638,9450,0],[4,-7,21690],[12,-28,9090],[9,-20,0]],[[21646,9385,0],[-18,-10,11862],[-7,-3,0]],[[21279,10589,0],[25,12,29213],[8,9,83307],[7,16,12539],[2,10,24389],[0,11,220714],[-4,15,16567],[-3,9,8248],[-4,7,55441],[-6,5,18259],[-5,1,7425],[-7,0,99664],[-7,-4,12908],[-12,-9,30163],[-9,-2,8035],[-7,-1,89899],[-8,3,11432],[-8,5,45819],[-3,6,9896],[0,6,19007],[3,8,176908],[10,7,9111],[11,11,61587],[4,12,26383],[-3,16,0]],[[21207,10880,0],[4,0,10417],[7,4,19463],[9,-2,53202],[10,5,7029],[10,4,18611],[10,8,31560],[14,5,10117],[3,0,10117],[9,5,115545],[43,-11,139479],[4,0,7550],[15,3,19628],[13,5,64016],[29,22,9400],[7,6,0]],[[21394,10934,0],[7,1,7347],[4,0,35611],[22,-14,161973],[2,-3,9011],[6,-10,23716],[-1,-9,23716],[8,-21,14587],[1,-8,77427],[8,-14,11987],[4,-9,11512],[5,-8,36403],[16,-15,113014],[-1,-5,7719],[2,-13,13970],[3,-10,27842],[0,-12,10836],[-1,-6,171405],[5,-2,15000],[15,2,32697],[22,-7,96334],[6,-16,22122],[3,-18,0]],[[21530,10737,0],[-14,-23,63920],[5,-25,17334],[1,-13,63920],[-8,-23,13931],[0,-6,13931],[-6,-9,170381],[6,0,11563],[12,-5,16587],[7,-4,42657],[19,5,185939],[-15,-46,105264],[9,-46,85486],[-1,-9,8330],[-9,-58,0]],[[21536,10475,0],[-16,-15,10488],[-36,-31,12390],[-8,-7,11679],[0,-4,10200],[-4,-1,81586],[-20,2,81586],[-6,-21,11330],[-1,-4,48654],[-7,0,29139],[-2,-5,10938],[-8,-14,15263],[-4,-2,0]],[[21424,10373,0],[-17,26,28438],[-8,19,0]],[[21399,10418,0],[-11,26,41871],[-12,20,20524],[-8,7,86122],[-14,6,14872],[-11,2,14872],[-3,4,0]],[[20835,9771,0],[51,9,26778],[48,7,13055],[0,0,9724],[20,3,395722],[33,-72,158436],[50,-10,35479],[8,2,158436],[9,-27,31930],[4,-13,8901],[0,-3,14202],[2,-13,6996],[2,-12,234935],[12,0,10039],[1,-1,7569],[10,-1,52407],[4,-1,8075],[45,-19,0]],[[21032,9321,0],[-25,2,46172],[-23,16,122882],[-18,35,10736],[-5,10,8134],[-8,14,0]],[[20953,9398,0],[-4,11,13050],[0,6,23913],[-7,6,96562],[6,30,12086],[3,22,15508],[8,41,364234],[-22,-5,9981],[-21,-5,9831],[-11,-2,105910],[3,32,144683],[-6,1,31120],[-13,-21,35862],[-21,-13,82018],[-22,15,54962],[-9,-15,185698],[-4,5,10121],[-9,8,16038],[-2,6,50427],[-12,4,22504],[-19,11,8204],[-4,3,0]],[[20835,9771,0],[1,-7,9618],[2,-11,57257],[-2,-5,11174],[-1,-21,11174],[-3,-28,35253],[-4,-19,7116],[-6,-30,169457],[-5,-8,40999],[-11,-2,17541],[-17,-1,8621],[-9,1,169457],[3,-11,7250],[3,-5,8957],[2,-12,36294],[1,-14,19323],[3,-19,9193],[2,-11,77381],[-7,-30,8183],[0,0,0]],[[21874,9892,0],[-7,4,27817],[-11,13,14547],[-9,8,10250],[-10,11,166651],[-5,-9,8663],[-6,-8,40599],[-7,-7,9566],[-7,-5,23787],[-13,-6,89994],[0,-5,10018],[-1,-14,22351],[-5,-18,0]],[[21706,9952,0],[-1,9,9749],[0,21,20707],[-2,26,166517],[32,5,42635],[14,-9,42635],[4,4,13041],[-2,4,13600],[4,7,124288],[-5,9,25029],[-5,17,11887],[0,3,7843],[-3,6,7843],[1,1,63132],[6,-9,12297],[4,-3,29445],[11,1,63132],[10,12,25254],[-4,8,17603],[5,3,0]],[[21775,10067,0],[7,-4,28858],[-1,-3,7761],[3,-4,7761],[0,-7,19362],[2,2,12796],[3,-5,8645],[0,-4,110755],[11,-3,23781],[7,1,12074],[0,4,21263],[6,-3,7834],[2,-3,21263],[10,-1,10006],[7,0,46742],[3,-11,46742],[6,3,12916],[2,-3,18361],[7,5,30687],[7,-7,20238],[0,-1,7190],[4,1,9092],[3,3,92078],[-7,9,25309],[3,7,9584],[2,1,0]],[[21862,10044,0],[4,-4,9180],[0,-3,29470],[7,-3,8536],[17,-10,0]],[[21890,10024,0],[-3,-6,18054],[-12,-10,32437],[-5,-8,11359],[-2,-9,32437],[-6,-10,9897],[-6,-9,21554],[-8,-6,103003],[3,-5,10882],[-1,-5,17224],[7,-7,40818],[10,6,0]],[[21588,9536,0],[0,-6,11660],[-4,-6,20413],[-6,-3,0]],[[21244,11986,0],[-17,-16,32587],[-9,-12,15539],[-13,-20,0]],[[21205,11938,0],[-7,6,7724],[-5,2,40094],[-7,-3,11097],[-5,1,17181],[-4,-3,7693],[-7,-2,34456],[-7,6,99428],[-8,-1,10000],[-8,-4,12199],[-6,2,12199],[-1,-4,12199],[-18,-5,9743],[-8,-2,23758],[-12,-5,47312],[-15,2,27325],[-14,-6,132418],[-13,3,7581],[-6,2,15060],[-13,2,15060],[-41,8,71502],[-3,0,9924],[-17,-6,12696],[-3,0,0]],[[21503,9566,0],[4,-1,10001],[24,-11,0]],[[21526,9532,0],[-19,-8,10021],[-3,-3,0]],[[21504,9521,0],[-11,0,0]],[[21483,9522,0],[2,3,10054],[10,22,7407],[8,19,0]],[[21192,11153,0],[-12,-8,9857],[-2,-3,9857],[-22,-18,28401],[-9,-7,7991],[-2,-4,7213],[-5,-5,0]],[[21516,9597,0],[11,-13,20814],[12,-9,0]],[[21503,9566,0],[10,21,7676],[3,10,0]],[[21578,9520,0],[18,1,22051],[0,-2,7546],[4,0,15577],[4,7,29554],[13,-2,0]],[[21617,9524,0],[-2,-24,0]],[[21600,9716,0],[-5,0,13496],[-4,-7,0]],[[21591,9709,0],[-1,1,8000],[-1,7,29211],[-7,2,10336],[-1,2,16700],[-7,-2,10784],[-2,1,0]],[[21572,9720,0],[11,14,16463],[9,9,7969],[3,2,61622],[1,6,13464],[-1,19,61622],[7,5,19685],[1,8,36818],[4,1,10868],[11,-3,0]],[[22326,10044,0],[2,2,9270],[6,0,20587],[0,4,8156],[-2,4,28429],[7,4,19023],[4,-5,12457],[3,2,0]],[[22346,10055,0],[7,-10,28985],[4,-10,13064],[3,-15,0]],[[22360,10020,0],[-9,-3,32297],[-4,-9,11342],[-6,-14,0]],[[22341,9994,0],[-8,0,0]],[[22333,9994,0],[-6,23,19699],[-5,8,0]],[[22322,10025,0],[3,17,11639],[1,2,0]],[[22216,10816,0],[9,6,39173],[40,1,0]],[[22265,10823,0],[2,-11,11933],[-1,-6,50252],[5,-9,12268],[4,-1,18541],[9,-14,8257],[1,-3,8257],[5,-6,74052],[-8,-13,38471],[3,-4,10202],[4,-1,24444],[-1,-12,0]],[[22288,10743,0],[-5,-4,14345],[-3,4,26251],[-3,-8,11929],[-2,1,10953],[-3,-6,74191],[17,-14,15372],[1,2,15372],[14,-13,74191],[-1,-11,13671],[2,-10,28008],[2,-4,8650],[-3,0,8650],[-3,-18,161735],[-17,1,10368],[-7,2,25625],[0,3,12052],[-7,2,103645],[-3,-22,17821],[-3,-7,36125],[14,2,28544],[3,-9,36125],[-10,-2,9491],[-11,-1,36125],[-1,-11,0]],[[22259,10620,0],[-16,7,17105],[-8,6,67876],[-4,8,7514],[-4,3,7514],[0,2,13156],[-4,3,24047],[-4,9,9913],[-4,5,11916],[1,3,11916],[-6,4,11916],[-1,5,9275],[-4,4,129095],[-6,2,12598],[-5,-2,10226],[-7,1,31512],[-5,-4,7840],[-4,-2,21908],[-6,0,9674],[-7,-1,61181],[-7,5,14954],[-1,7,0]],[[22157,10685,0],[-7,5,12942],[-3,7,31931],[-1,17,116277],[5,0,20239],[5,8,9555],[0,4,20239],[6,4,9158],[4,5,55109],[38,15,123397],[5,14,14678],[6,22,40905],[1,30,0]],[[22396,7452,0],[-52,4,0]],[[22344,7456,0],[-139,1356,43208],[-12,122,882895],[-115,349,0]],[[22265,9475,0],[6,-115,345249],[181,-530,1396050],[-22,-544,68823],[-34,-834,0]],[[21399,11211,0],[-52,-121,14223],[-9,-22,327344],[19,-40,73733],[16,9,142106],[4,-3,19912],[1,-17,19912],[2,-10,10550],[5,-18,54425],[-4,-23,54425],[6,-7,24776],[2,-10,9712],[3,-4,12948],[2,-11,0]],[[20946,9088,0],[3,5,7187],[5,9,7187],[8,13,129923],[-12,7,15582],[-7,8,49298],[-3,11,9717],[-3,6,25916],[-8,8,20180],[-6,13,84066],[-2,14,7569],[-2,10,12342],[-1,10,0]],[[20918,9202,0],[-2,28,18816],[0,14,7976],[1,9,93749],[7,0,8605],[5,-1,50997],[5,12,10158],[2,8,8990],[6,12,106643],[-4,16,12436],[0,10,70210],[7,34,39483],[-1,15,12158],[1,19,52782],[8,20,0]],[[21980,9587,0],[2,4,13117],[2,13,7162],[1,4,39065],[9,8,14293],[4,0,90088],[5,-9,10296],[3,-2,22059],[4,-13,7594],[4,-9,22059],[4,-3,175724],[6,8,13706],[11,19,7428],[7,11,41448],[5,-3,8278],[2,1,88734],[6,12,10436],[5,11,20578],[4,4,12714],[1,7,12714],[9,23,36649],[1,12,11561],[3,6,0]],[[22078,9691,0],[1,5,12879],[5,2,31963],[5,-3,7053],[5,-5,13430],[3,0,0]],[[22097,9690,0],[4,-6,0]],[[22101,9684,0],[0,-2,6973],[1,-2,6973],[3,-4,11582],[11,-20,51061],[3,-2,11780],[11,-2,12779],[8,-4,51061],[0,-17,0]],[[21771,9279,0],[14,24,77190],[39,2,77190],[61,32,0]],[[22344,7456,0],[-354,1417,1271615],[-211,156,0]],[[21398,9472,0],[1,1,7380],[8,2,14205],[5,4,10603],[5,2,52088],[7,9,26488],[-4,6,17946],[3,8,0]],[[21423,9504,0],[5,-4,15282],[1,-6,8743],[2,-6,24921],[11,-9,0]],[[21617,9524,0],[1,7,14455],[6,24,56851],[-3,16,20092],[-6,15,0]],[[21661,9603,0],[2,-8,13508],[4,-6,51483],[2,-13,11954],[-1,-10,17992],[2,-7,7454],[1,-8,33089],[-5,-10,22262],[0,-4,7861],[2,-7,116896],[6,-9,17117],[2,-5,8578],[7,-14,45409],[3,-4,13376],[5,-1,8570],[8,-4,19778],[1,-4,0]],[[21697,9419,0],[-6,-1,7011],[-4,-3,41948],[-1,6,11519],[3,6,14588],[-2,6,19870],[5,5,12782],[-1,5,41948],[-8,6,10642],[-1,3,99656],[-6,-9,14955],[-5,-4,18506],[0,-3,9277],[-3,-5,33514],[-5,0,10164],[-6,-5,85332],[-7,9,24363],[-3,10,10079],[0,8,40860],[-9,-3,0]],[[21219,10516,0],[-2,-4,9495],[-3,-1,11852],[-18,-14,9700],[-6,-5,7302],[-3,-1,7302],[-2,-4,56647],[-4,-1,8912],[-8,1,8912],[-5,0,213917],[3,-4,11867],[5,-8,7671],[2,-6,34181],[1,-4,11209],[-4,-8,47193],[6,-7,9950],[14,-22,94102],[40,-38,0]],[[21137,10330,0],[-2,3,8930],[-5,1,26745],[-7,10,15704],[-4,10,25170],[-7,4,78182],[-3,7,8785],[-1,7,13974],[-5,9,13974],[0,6,19191],[-4,8,7333],[-3,8,19191],[-2,11,202044],[2,15,11306],[3,13,11306],[0,9,23462],[3,7,10467],[2,8,76121],[17,25,17350],[5,4,423881],[-37,15,132668],[-52,-12,74173],[-19,-18,30777],[-15,-6,157031],[-11,6,24728],[-7,9,13348],[-2,6,52987],[-22,2,0]],[[20913,10578,0],[36,-53,50467],[12,-28,0]],[[20898,10931,0],[3,-16,34284],[-1,-50,94414],[7,-35,14914],[3,-9,52585],[2,-39,28178],[2,-4,9945],[4,-17,26198],[-2,-12,52585],[3,-9,10165],[5,-13,267731],[-24,-13,9285],[-18,-10,14796],[-15,-9,9630],[-7,-3,41833],[-8,1,14930],[-4,-4,267731],[7,-10,16593],[14,-15,64349],[7,-14,22485],[12,-33,12257],[3,-6,54065],[8,-12,8145],[14,-21,0]],[[21805,10146,0],[1,-7,20259],[-4,-3,10263],[-6,-2,104756],[1,-7,8172],[-1,-6,21132],[5,0,21812],[1,-4,8497],[4,-3,8497],[3,-5,7135],[4,-4,53491],[6,-3,10254],[10,-9,22764],[6,-7,11940],[10,-10,63980],[5,-7,13538],[9,-21,16392],[3,-4,0]],[[21775,10067,0],[-4,2,8140],[-7,7,24284],[-13,1,74516],[1,6,18847],[9,0,33545],[-2,8,14194],[-5,5,43524],[4,2,8509],[8,1,18196],[5,6,96459],[-3,4,13713],[-6,3,7820],[-7,5,17341],[-25,23,96459],[-10,24,54913],[-5,6,8258],[-4,6,8921],[-6,5,31259],[-13,5,59087],[-4,10,10922],[-6,13,25994],[-5,9,9050],[-7,8,13328],[-3,6,59087],[-22,21,0]],[[21645,10253,0],[7,32,9556],[1,0,0]],[[21653,10285,0],[2,2,11779],[10,18,46579],[-9,8,28270],[-1,3,8772],[4,-1,8772],[5,3,32781],[3,-4,7098],[11,-14,44676],[5,9,12125],[4,3,12125],[3,7,93425],[-5,3,22573],[3,4,11685],[1,10,22641],[-2,6,7861],[-4,5,17105],[-1,12,93425],[4,3,14021],[6,12,48003],[21,-3,194036],[0,5,13616],[-4,20,32546],[-5,0,10256],[-4,4,25279],[0,10,99909],[19,65,377745],[18,-8,29705],[19,-4,12061],[6,0,100830],[15,4,9368],[6,2,14603],[16,3,25364],[1,2,8911],[11,4,44588],[23,1,0]],[[21834,10479,0],[2,-11,0]],[[21836,10468,0],[3,-5,7130],[9,-18,15023],[6,-16,34023],[10,-16,10879],[9,-15,65665],[3,-23,0]],[[21876,10375,0],[-1,-19,29870],[-9,-16,0]],[[21866,10340,0],[-8,-10,8213],[-6,-8,45634],[-6,-1,9831],[-18,-7,105479],[-2,-6,11015],[1,-9,17687],[-4,-10,65293],[5,-3,7913],[5,-2,18897],[14,-1,105479],[-2,-8,8123],[-2,-4,11876],[-1,-7,33058],[-9,-5,24150],[-4,-7,10231],[0,-5,51748],[8,-2,34897],[-5,-9,10285],[-4,-11,127035],[-6,-2,12537],[-7,-4,21318],[-5,2,32186],[-5,-5,15912],[-12,-6,127035],[2,-13,12288],[4,-10,32982],[-1,-5,7730],[0,-7,12612],[-3,-3,45855],[1,-9,7577],[3,-11,27564],[7,-1,14940],[-1,-5,0]],[[20532,11864,0],[7,-1,8136],[9,-3,14618],[10,0,14618],[10,-3,52467],[20,1,10438],[6,2,16466],[18,0,97035],[7,-2,7978],[5,0,10968],[4,-2,10968],[13,-2,41796],[13,-6,10577],[8,-6,10577],[5,-2,97035],[19,-4,19172],[9,1,7707],[6,0,37924],[10,-3,10452],[3,-2,7214],[5,0,7214],[17,-5,63332],[12,2,9285],[3,1,9285],[9,1,41328],[9,-5,24338],[14,-1,8226],[9,0,219621],[13,-6,11341],[7,-1,22424],[10,-5,9289],[7,-3,14239],[2,-3,45326],[12,-1,8982],[7,-2,20075],[6,-5,20075],[17,-4,9075],[8,-3,106814],[7,0,9440],[15,-3,12959],[6,-2,12959],[10,1,52984],[7,-3,8945],[15,-3,14469],[13,-2,14469],[7,-4,20995],[24,-6,13104],[20,-3,13104],[6,-3,410539],[5,-10,35880],[-3,-10,17988],[-1,-16,113273],[8,-3,10533],[6,-6,26044],[15,-3,7362],[5,-2,42903],[1,-5,10960],[4,-1,19834],[-3,-8,42903],[6,-3,12669],[1,4,12669],[4,-6,23956],[8,4,0]],[[21067,11699,0],[4,-12,43614],[-3,-8,18638],[-9,-11,9569],[-4,-7,58096],[-1,-8,9693],[1,-8,7203],[0,-9,27015],[-2,-20,11290],[-2,-8,101238],[-12,-21,20410],[0,-4,29878],[-6,-18,11644],[-13,-36,0]],[[21020,11529,0],[-21,7,28354],[-4,5,7192],[-4,3,27049],[-5,3,7715],[-8,3,11851],[-4,0,133167],[-3,-6,11571],[-6,-5,38015],[-3,2,12150],[-16,1,44044],[-12,-5,26541],[-2,-3,10164],[-3,-8,88794],[-4,-2,9403],[-4,1,22315],[-2,6,16015],[-7,2,36264],[-5,-3,7829],[-5,-2,24106],[-12,0,13379],[-3,3,210622],[2,9,40118],[-5,4,7573],[-4,6,16371],[-2,7,7326],[-2,3,18850],[-8,7,40118],[-1,15,264662],[-38,2,28635],[-6,2,13410],[-20,1,14072],[-6,2,28798],[-15,1,12474],[-1,0,7436],[-16,2,9689],[-5,-2,9689],[-6,2,113909],[-14,9,19926],[-3,0,7783],[-8,5,7783],[-12,5,11034],[-4,2,155162],[-27,7,26635],[-7,-3,42289],[-54,3,9295],[-84,5,0]],[[20532,11864,0],[13,-92,112830],[9,-27,29387],[9,-24,9866],[17,-42,254551],[-39,-54,0]],[[21067,11699,0],[-1,7,36622],[2,10,14631],[9,16,23219],[9,15,59054],[5,-1,20685],[-1,-11,10805],[1,-2,81407],[6,0,7147],[9,1,27535],[7,2,7757],[7,3,14846],[5,4,74406],[13,22,32837],[14,11,0]],[[21152,11776,0],[4,-6,22230],[5,-2,7524],[1,1,7524],[9,-2,34216],[6,-4,9935],[4,-1,12276],[7,-6,9206],[4,-1,9206],[14,-9,7031],[10,-6,94422],[13,-10,14117],[9,-10,14117],[3,0,30895],[31,-27,14339],[6,-7,14339],[15,-12,149096],[36,-19,7563],[55,-29,9105],[39,-22,0]],[[21423,11604,0],[-18,-42,37422],[-4,-4,20105],[0,-5,8311],[2,-8,109784],[6,-13,22684],[18,-25,67651],[1,-5,19337],[-8,-2,12290],[0,-3,7062],[-4,-2,0]],[[21013,11511,0],[7,18,0]],[[21752,10546,0],[4,-5,17422],[14,-5,18398],[7,-4,10156],[9,-8,13448],[5,-2,56228],[5,3,8808],[7,2,110650],[11,-16,14718],[6,-6,30955],[14,-26,0]],[[21653,10285,0],[-19,18,10384],[-6,6,21330],[-4,6,57732],[-8,-2,17290],[-10,3,29077],[-8,8,196536],[-2,13,18133],[-3,16,10254],[-3,8,24397],[-7,4,24397],[0,15,73171],[-19,15,73171],[-7,31,45531],[-21,49,0]],[[21530,10737,0],[0,-3,9555],[6,-9,15285],[5,-4,72938],[8,2,9326],[10,1,29551],[5,-2,11444],[1,-5,29551],[6,1,8976],[3,3,14285],[7,-1,21975],[5,-7,21826],[3,0,9902],[6,4,50098],[5,-7,0]],[[21600,10710,0],[0,-3,8622],[2,-20,67266],[3,-11,10408],[4,-6,10408],[0,-5,16375],[5,-8,16375],[4,-9,10103],[1,-5,34283],[3,-4,8956],[1,-6,11071],[11,-20,8753],[4,-9,74486],[0,-10,9211],[-1,-7,28522],[3,-6,10043],[2,-11,8699],[1,-4,310399],[5,-3,7389],[3,0,17026],[7,3,29498],[3,-2,9872],[12,-2,15898],[3,-3,22053],[9,2,7595],[3,-1,22053],[6,-4,7133],[3,-1,44816],[5,3,12514],[6,-2,12514],[4,2,9778],[7,-1,44816],[9,-4,15526],[6,-1,9284],[5,-2,9284],[13,-4,0]],[[20812,9939,0],[6,-13,35924],[4,-19,16234],[7,-19,16234],[7,-31,35924],[2,-5,7739],[7,-17,142667],[0,-9,12088],[-2,-16,9187],[-1,-6,31398],[-1,-4,7025],[0,-4,7025],[-3,-9,13746],[-3,-16,0]],[[21282,9977,0],[7,-14,10035],[6,-17,59717],[7,-23,24285],[15,-67,0]],[[21412,9506,0],[3,-3,13193],[8,1,0]],[[22344,7456,0],[-27,-8,10871],[-39,-11,45661],[-204,-57,0]],[[22074,7380,0],[-354,1416,1136214],[-189,205,0]],[[21399,10418,0],[-8,-3,10372],[-2,-3,10372],[-5,-1,28682],[-7,-9,12614],[-3,0,13817],[-14,-11,71630],[0,-6,9372],[-1,-4,11362],[0,-10,42703],[-5,1,19619],[-3,-7,12632],[-5,0,10744],[0,-3,138801],[7,-9,29698],[-5,-7,14148],[0,-5,29698],[6,-14,42573],[-2,-3,7313],[-1,-5,11324],[1,-6,8940],[-2,-2,0]],[[21544,9609,0],[6,0,16957],[1,5,10194],[3,2,30889],[8,-6,20338],[1,3,9382],[6,0,43199],[1,4,10498],[-2,5,8049],[0,4,43199],[11,-3,13564],[2,-4,13564],[9,-1,0]],[[21612,9592,0],[-9,-4,18771],[-13,-10,24684],[1,-5,24093],[-6,-5,9992],[-1,2,10698],[-5,-4,8719],[-1,1,7691],[-4,-4,0]],[[21557,9590,0],[-13,19,0]],[[21556,10220,0],[22,0,7003],[7,0,77428],[5,2,9055],[0,3,8016],[4,2,16260],[5,-1,16260],[6,3,8363],[4,4,36997],[5,11,55931],[31,9,0]],[[20918,9202,0],[-9,0,28476],[-13,-5,7251],[-11,-6,154891],[-1,2,7073],[-6,7,30605],[-2,7,7604],[-10,25,7604],[-4,10,19533],[-3,5,54468],[-8,35,21065],[-3,5,174113],[-15,2,10558],[-20,5,33958],[-15,1,10969],[-9,-1,0]],[[20789,9294,0],[-2,-1,10227],[-6,-9,13599],[-8,-7,0]],[[20688,9357,0],[29,-6,107659],[1,-5,14339],[5,-2,10624],[2,-4,14339],[48,-63,0]],[[20695,9380,0],[0,0,6973],[-4,-5,6973],[-2,-3,23768],[-1,-15,0]],[[20759,9390,0],[-21,21,12278],[-3,7,11015],[-3,1,120251],[-20,-10,10091],[-7,-2,61700],[-9,-19,16893],[-1,-8,0]],[[20784,9431,0],[-17,-50,59946],[-5,5,6973],[-1,2,6973],[-2,2,0]],[[20787,9538,0],[1,-4,16819],[-1,-5,8333],[-3,-6,8462],[-2,-7,51527],[1,-14,7041],[1,-10,18291],[-2,-7,18291],[4,-11,18955],[0,-11,9442],[0,-9,38357],[-2,-11,13147],[0,-12,0]],[[21504,9521,0],[-4,-15,0]],[[21500,9506,0],[-3,-20,0]],[[22097,9690,0],[3,2,11973],[13,6,18124],[5,6,43172],[6,18,0]],[[22124,9722,0],[2,4,7471],[7,26,16646],[3,16,0]],[[22136,9768,0],[10,-2,22379],[3,-8,9761],[2,0,0]],[[22151,9758,0],[1,0,6973],[3,-6,16190],[1,-12,53230],[39,-47,162240],[55,10,0]],[[22250,9703,0],[-33,-75,0]],[[20902,8936,0],[-5,-1,11677],[1,4,11677],[-6,0,25032],[-2,9,32614],[-3,1,7650],[-9,-1,64612],[-6,12,8579],[-7,20,149927],[-5,-5,16922],[-5,-2,7929],[-9,-6,8946],[0,-2,8946],[-5,-1,17734],[-4,-5,87783],[-8,9,10446],[-5,7,58283],[-3,-2,8110],[-7,-2,23319],[-11,1,11634],[-8,-1,0]],[[20795,8971,0],[-24,11,47180],[-48,35,0]],[[20773,9277,0],[-6,-186,0]],[[21571,9670,0],[6,8,12062],[9,13,30554],[3,8,8833],[2,10,0]],[[21544,9609,0],[-8,8,0]],[[20541,11625,0],[-2,-2,23018],[-35,-79,14523],[-23,-52,0]],[[20958,11358,0],[-2,-5,23119],[-7,5,16206],[-2,7,7314],[-3,2,49365],[-3,0,13059],[-2,-4,7214],[-2,-5,26297],[0,-11,7168],[1,-2,49788],[-3,-3,9383],[-5,0,16405],[-1,3,8655],[-3,0,18336],[-9,-3,23514],[0,3,8664],[-5,3,14459],[-3,-3,55874],[0,-7,10740],[-3,-5,10740],[2,-3,55874],[-6,-6,19533],[-7,5,19533],[-2,-3,11534],[-6,3,11536],[-4,-3,9026],[0,3,9026],[-7,-1,200152],[1,-5,21675],[-8,-14,10603],[-4,-5,63703],[-7,-1,21923],[-5,-2,7297],[-8,-6,8081],[-12,-6,91968],[-8,-15,19011],[-2,-3,9203],[-5,-8,9203],[-4,-4,26536],[-1,-9,26536],[-6,-7,12012],[-3,-8,16419],[-5,-4,12404],[-3,-6,229947],[-6,-1,15495],[-5,-6,30290],[-8,0,8576],[-9,-2,21679],[-13,-5,45150],[-8,-7,9146],[-3,-3,15723],[-4,-1,7148],[-5,-4,60699],[-14,0,8655],[-8,0,49138],[-2,-2,12629],[-31,-14,0]],[[20481,11492,0],[77,-65,272897],[12,-19,14271],[89,-143,36850],[21,-37,198180],[0,-48,0]],[[21565,9709,0],[3,7,8825],[4,4,0]],[[21500,9506,0],[13,-3,14495],[8,0,30480],[8,6,0]],[[21529,9509,0],[8,-20,30712],[-4,-7,0]],[[21533,9482,0],[-21,-10,8191],[-2,-1,0]],[[21327,9236,0],[13,-9,25194],[11,-16,43128],[14,-12,24207],[10,-3,45718],[10,7,8356],[3,1,45389],[9,-19,111107],[9,7,20469],[2,-5,23548],[8,10,0]],[[21419,9074,0],[-31,13,18906],[-11,2,0]],[[21470,10014,0],[7,-47,30432],[9,-39,33825],[3,-29,33825],[5,-7,9496],[1,-3,182656],[21,3,55088],[2,-22,55088],[9,-7,20529],[15,-5,330444],[1,-19,14672],[0,-16,32569],[-4,-21,32569],[1,-12,18877],[-2,-13,9891],[1,-6,8727],[-1,-4,8727],[-1,-16,23535],[1,-5,176403],[-38,-13,28919],[-4,-4,0]],[[21936,9891,0],[8,-3,17209],[0,6,18968],[10,-3,17040],[9,2,101885],[-1,-13,12527],[1,-11,26908],[2,-9,6990],[2,-8,19558],[1,-7,9085],[0,-10,161387],[6,-6,11735],[1,-5,38661],[14,1,22965],[0,-5,17238],[10,0,83040],[10,3,11242],[8,2,17861],[11,5,24703],[12,2,0]],[[22040,9832,0],[2,-3,0]],[[22042,9829,0],[3,-6,12236],[-3,-2,14543],[5,-12,26220],[-1,-5,7183],[1,0,7183],[2,-13,13307],[0,-8,13307],[2,-9,13307],[-1,-5,10115],[3,-4,10115],[1,-10,67319],[0,-11,8929],[1,-13,27550],[3,-6,7354],[2,-5,27550],[-6,-3,10085],[-2,-4,135344],[5,-6,9693],[3,-1,14978],[5,-9,26970],[5,-4,11467],[8,-2,0]],[[21635,9316,0],[3,3,7976],[5,2,27015],[1,6,13969],[-5,5,37216],[7,6,17677],[3,-3,9284],[4,1,0]],[[21519,11910,0],[-2,-3,16962],[-7,-23,10681],[-1,-5,70129],[2,-48,13202],[2,-23,226374],[-5,-15,9637],[-8,-32,61861],[-2,-1,8316],[-6,1,17116],[2,-6,17266],[-4,-7,11182],[-7,-7,61861],[-3,-6,9527],[-2,-11,27879],[-1,-23,124448],[-2,-10,14525],[-6,-12,26991],[-7,-8,26991],[-16,-27,10552],[-9,-16,15053],[-14,-24,0]],[[21152,11776,0],[3,6,19591],[0,7,10866],[-2,5,37728],[-12,9,135660],[0,3,7630],[2,6,24488],[4,6,8951],[7,6,50159],[8,4,10551],[11,4,12846],[7,4,79367],[12,21,24333],[5,14,8919],[2,6,43550],[8,6,9271],[4,4,154016],[1,7,11428],[-1,9,32921],[-2,5,9888],[-8,11,44468],[-1,5,9142],[1,6,17166],[4,8,0]],[[21842,7316,0],[-355,1416,64288],[-54,214,219510],[2,7,0]],[[21435,8953,0],[-7,14,25279],[0,5,8443],[1,7,37867],[-4,4,13588],[-1,7,18288],[-4,2,9186],[1,3,9186],[-4,0,114091],[0,10,11646],[3,10,20255],[-2,7,33866],[2,4,9703],[6,4,33866],[-7,15,57792],[-14,0,48075],[3,7,11463],[6,8,34409],[5,2,9819],[3,-1,21933],[8,9,0]],[[22074,7380,0],[-232,-64,0]],[[20961,10497,0],[5,-11,15711],[10,-33,15711],[14,-40,30965],[0,-6,185774],[-39,-57,0]],[[21423,7146,0],[-168,-90,0]],[[20581,8636,0],[44,-275,886894],[630,-1305,0]],[[20531,8993,0],[15,-108,8648],[35,-249,0]],[[20528,9009,0],[3,-16,0]],[[20567,11970,0],[-9,-68,96855],[-22,-16,52192],[-4,-22,0]],[[21417,10277,0],[1,12,17928],[5,16,32126],[4,5,10688],[5,10,84123],[0,15,8182],[-1,20,16326],[0,7,9011],[-1,5,38933],[-6,6,0]],[[21842,7316,0],[-145,-40,0]],[[22237,10169,0],[6,4,7213],[6,4,7213],[0,1,11111],[8,8,0]],[[22257,10186,0],[11,-8,31190],[-1,-5,17426],[-9,-2,31190],[1,-3,8319],[-2,-2,8319],[-1,-9,18968],[3,-4,51997],[-3,-5,7431],[-4,-3,13977],[-5,-2,0]],[[22247,10143,0],[-8,-5,36083],[-10,18,46948],[5,-1,12720],[5,3,27108],[-2,11,0]],[[20680,11180,0],[0,-1,9952],[23,-19,0]],[[20703,11160,0],[70,-57,146539],[7,-17,64615],[5,-4,8115],[11,-12,22176],[11,-15,13180],[6,-6,39276],[8,-16,39276],[12,-14,13532],[10,-10,29596],[18,-24,0]],[[22286,10029,0],[9,0,21397],[2,-2,7814],[2,-6,44646],[1,1,7400],[-1,5,11966],[4,-1,17144],[0,13,9862],[1,2,0]],[[22304,10041,0],[9,-11,20708],[2,1,11785],[5,-5,8206],[2,-1,0]],[[22333,9994,0],[-6,0,8650],[-3,-1,6973],[-1,-1,0]],[[22323,9992,0],[-4,-1,8205],[-8,-1,14396],[-2,-3,46195],[-8,6,20492],[-10,-1,23798],[-4,3,9210],[0,4,13957],[-5,1,0]],[[22282,10000,0],[1,14,15937],[3,15,0]],[[22201,10319,0],[-1,1,17592],[11,6,8315],[2,2,10596],[11,5,42687],[3,9,7726],[3,4,7726],[1,4,0]],[[22231,10350,0],[16,-11,25511],[6,-1,9804],[3,-4,10863],[11,-3,65177],[0,-5,8733],[-3,-1,18030],[3,-12,85344],[3,-5,10412],[7,-3,27917],[8,0,9316],[7,-1,27917],[6,-5,12745],[4,1,12745],[6,-6,20807],[4,1,10448],[4,-2,144871],[-4,-18,15887],[-7,-19,144871],[4,-3,15938],[21,-3,43435],[18,-1,11888],[9,1,12284],[11,-2,12284],[1,2,18747],[17,-2,7823],[3,1,0]],[[22389,10249,0],[-1,-3,10155],[6,-7,36921],[-9,-1,19071],[-5,-7,7594],[-3,-1,36921],[-6,-7,9044],[-8,-13,24169],[-3,-6,8204],[0,-5,8204],[-2,-3,78134],[-9,1,12244],[-2,-2,9587],[-7,1,0]],[[22340,10196,0],[-5,-1,9776],[-2,2,9776],[-7,-1,24818],[-1,4,9732],[-4,3,13852],[-2,-1,0]],[[22319,10202,0],[-1,3,7270],[2,2,13662],[-5,4,29472],[-4,-1,9194],[-9,1,9194],[-1,-1,29472],[-9,5,17003],[-5,-2,17003],[-9,1,8776],[-4,3,13251],[1,-3,7552],[-3,-1,13251],[-3,6,14347],[-6,3,12104],[-3,-1,73218],[-5,5,13639],[3,4,10620],[-2,2,39283],[-17,-14,29658],[3,-5,0]],[[22242,10213,0],[-4,-5,28193],[-2,2,8610],[-14,10,41121],[-3,9,19249],[-7,5,12699],[-2,4,0]],[[22210,10238,0],[1,2,0]],[[22211,10240,0],[1,10,9671],[2,5,12587],[1,10,23057],[5,6,81259],[-3,5,9174],[-3,2,12774],[-4,10,31858],[0,6,10001],[-3,11,19017],[-2,1,6996],[0,3,6996],[-3,5,9909],[-1,5,0]],[[21996,10075,0],[5,0,7497],[-1,2,7073],[3,0,7497],[0,-4,19309],[11,2,10371],[9,-1,10141],[4,1,32574],[2,-5,0]],[[22029,10070,0],[3,-8,40609],[5,0,7752],[-1,-2,7752],[28,-11,25104],[1,3,8755],[5,-2,15994],[0,-6,0]],[[22070,10044,0],[-7,-10,40613],[-4,2,13598],[-1,-3,7870],[-7,-3,13587],[0,3,13598],[-15,-2,0]],[[22036,10031,0],[-8,1,8854],[-13,-2,13090],[0,2,13090],[-14,-3,0]],[[22001,10029,0],[-2,11,14350],[-5,12,15120],[-2,12,8860],[-2,7,45312],[3,0,7913],[-1,3,7913],[4,1,0]],[[21809,10673,0],[-3,12,16437],[0,14,11360],[-1,2,73386],[11,15,8956],[6,8,15056],[8,8,222895],[6,-2,12346],[2,2,12346],[11,0,8609],[0,-1,7575],[6,0,20687],[4,3,7672],[3,-1,78204],[0,9,7523],[1,1,7523],[1,13,26363],[5,11,9396],[2,6,54499],[6,6,19094],[5,-4,78204],[1,-3,7847],[-2,-4,14675],[0,-20,32528],[4,-6,11146],[1,-6,95335],[12,-2,21258],[9,0,7856],[7,1,14101],[5,2,68647],[1,-11,14714],[4,-3,24861],[4,5,26244],[2,-2,8892],[7,-2,13719],[2,-4,22282],[7,-3,9237],[6,0,0]],[[21952,10717,0],[9,-5,8694],[2,-2,22535],[3,-9,24038],[5,-2,10572],[1,-3,10572],[5,-4,8203],[3,-1,0]],[[21980,10691,0],[-2,-9,11469],[1,-8,50280],[5,-10,15091],[1,-8,15091],[3,-8,10186],[1,-10,10186],[5,-15,17229],[4,-9,17229],[0,-7,10505],[2,-5,85964],[3,0,7391],[6,3,17591],[4,-4,0]],[[22013,10601,0],[-10,-5,9928],[-3,-3,26452],[-7,4,29275],[-4,-4,16371],[-10,-1,15839],[-5,-5,40703],[-6,3,8574],[-4,-1,24551],[-4,-5,7944],[-2,-2,23553],[-6,3,10266],[-5,-1,49694],[-3,-4,10835],[-2,-9,46229],[-6,3,10194],[-3,3,31296],[-9,-5,10552],[-6,-1,172365],[-15,5,29619],[3,8,29619],[-5,4,13027],[-2,5,13027],[-6,6,11408],[-3,7,9667],[-3,3,53681],[-2,12,14849],[-5,9,125375],[1,9,21486],[-4,-4,7818],[1,-2,11165],[-5,-4,23162],[-2,-10,23162],[-1,0,7200],[-3,-5,12960],[-3,-8,13341],[-5,-6,0]],[[21859,10600,0],[-7,10,19429],[-6,2,9414],[-6,6,33656],[-6,10,8090],[1,3,8090],[-3,1,8677],[-5,7,52566],[-1,11,15906],[-4,14,10555],[0,5,10555],[-3,3,46393],[-4,2,7590],[-6,-1,0]],[[22032,10234,0],[15,-12,8940],[4,-2,0]],[[22051,10220,0],[-11,-13,28158],[4,-2,16012],[-6,-6,16215],[0,-2,7994],[-6,-8,9645],[-3,-7,35083],[-4,2,15512],[-5,-9,0]],[[22020,10175,0],[-11,6,9441],[-5,5,9441],[-4,1,0]],[[22000,10187,0],[3,7,0]],[[22003,10194,0],[5,11,7517],[5,9,17314],[9,12,32629],[4,4,7091],[6,4,0]],[[22313,10085,0],[3,-1,10352],[10,-6,21487],[14,-11,10752],[1,-2,0]],[[22341,10065,0],[2,-7,8024],[3,-3,0]],[[22326,10044,0],[-5,4,10363],[-2,4,9014],[-5,5,29024],[4,6,29024],[-3,3,10413],[-5,12,26767],[4,4,9476],[-1,3,0]],[[21919,11261,0],[5,6,7124],[4,3,7124],[-1,2,23507],[7,3,13025],[9,9,7052],[3,2,53609],[7,0,12654],[16,5,0]],[[21969,11291,0],[7,-14,9762],[1,-5,26719],[8,-5,73335],[2,12,8303],[1,5,47304],[10,1,8177],[10,-1,0]],[[22008,11284,0],[9,-9,30704],[2,-6,9238],[3,-2,9238],[38,-59,23893],[2,-1,0]],[[22062,11207,0],[-2,-5,8082],[0,-7,23669],[4,-14,0]],[[22064,11181,0],[-1,-11,9789],[-2,-8,8711],[0,-5,61901],[4,-21,21650],[3,-5,13210],[-2,-5,13210],[2,-8,10223],[-1,-5,10223],[2,-10,30030],[-2,-3,14409],[0,-7,7373],[1,-3,9792],[-1,-6,30030],[3,-3,19383],[0,-8,11435],[2,-8,127647],[-8,-4,9336],[-3,-4,31477],[-4,-10,8398],[-3,-4,8398],[-1,-5,0]],[[22053,11038,0],[-1,-2,13415],[-13,-2,51466],[-9,-9,20456],[-6,-12,17026],[-3,-1,11576],[-1,-5,9307],[-3,-2,35847],[-8,4,10139],[-3,0,35847],[-3,-14,11312],[-2,-2,93234],[-13,-4,17582],[-3,1,7033],[-3,-2,7528],[-6,1,27768],[-17,-7,180771],[-3,7,7473],[-1,5,19707],[1,13,20607],[0,5,8258],[-3,7,114112],[-3,2,7857],[-7,2,12834],[-5,-3,10496],[-2,3,44097],[-6,-6,9376],[-4,-1,19826],[-4,-9,54989],[-9,2,18565],[-7,7,18565],[-3,1,7953],[-2,-3,180771],[-1,-7,10514],[-2,-2,9269],[-2,-8,22607],[-9,-15,22607],[-4,-14,16750],[-2,-3,7893],[-1,-4,7893],[-5,-10,34589],[0,-8,0]],[[21875,10943,0],[-8,1,8358],[-9,2,9586],[-8,0,28913],[-4,-1,9737],[-8,0,9737],[-8,-2,98010],[-7,8,12113],[0,4,55486],[-6,4,10127],[-6,2,10127],[-9,5,17093],[-5,1,12656],[-8,4,7067],[-8,4,34634],[-7,1,8602],[-7,1,0]],[[21767,10977,0],[2,20,20513],[-1,9,9737],[0,11,50363],[3,4,15489],[1,11,15489],[1,12,9664],[2,6,25365],[4,4,0]],[[21779,11054,0],[1,3,7268],[2,13,10143],[3,7,17365],[1,15,28417],[6,12,185116],[10,8,20440],[2,4,10135],[7,6,10135],[4,6,28079],[2,1,7532],[7,4,49897],[3,-3,8903],[2,-6,9285],[5,-5,49897],[0,2,10382],[7,2,22231],[5,8,11315],[0,5,36701],[-1,5,7639],[-4,5,96946],[5,3,8272],[6,1,23540],[1,-1,9848],[9,2,9928],[2,-1,20212],[8,2,7720],[-1,2,11728],[8,1,64431],[4,2,9778],[0,4,27988],[16,7,14872],[6,1,28508],[7,9,12429],[3,2,265062],[-1,25,25089],[-3,17,13309],[-3,11,73033],[2,2,7208],[3,7,13358],[1,5,14383],[3,3,7486],[2,4,14383],[0,7,0]],[[22423,10179,0],[-2,-4,14739],[1,-3,8847],[0,-9,29102],[4,1,8316],[1,-3,20279],[2,-14,53443],[1,-2,7838],[4,0,7168],[1,-2,13920],[6,0,27542],[1,-9,13412],[4,-3,0]],[[22446,10131,0],[-5,-15,21476],[-23,-58,0]],[[22418,10058,0],[-11,27,0]],[[22407,10085,0],[-9,31,0]],[[22398,10116,0],[4,34,8578],[0,2,6973],[1,2,0]],[[22403,10154,0],[2,7,17153],[-1,5,11634],[1,11,52199],[6,2,11601],[4,-3,14490],[8,3,0]],[[22008,11284,0],[1,5,7049],[0,7,22546],[-2,1,9893],[-4,8,22546],[5,3,9945],[2,-1,22546],[0,7,12768],[3,1,15174],[0,10,44238],[-5,4,8153],[2,2,8153],[-4,2,77211],[7,5,22859],[0,11,22859],[4,6,12500],[-2,6,12500],[3,-1,8082],[3,-5,13541],[2,7,147254],[5,3,7126],[4,0,24251],[3,-5,7004],[3,-3,24251],[14,-1,43826],[14,8,0]],[[22066,11364,0],[2,-7,12057],[9,-21,25642],[16,-32,117110],[2,-2,8494],[-4,0,9744],[1,-10,9880],[-1,-5,16023],[0,-20,16023],[-1,-8,8911],[-2,-24,0]],[[22088,11235,0],[-5,-2,9337],[-2,-4,19985],[-2,-7,9484],[-1,1,9484],[-1,-4,7140],[-3,-3,25346],[-9,-5,13908],[-3,-4,0]],[[22468,11059,0],[0,-3,11832],[-6,3,21637],[-4,4,7417],[2,1,7417],[-3,7,26104],[-3,3,11947],[-11,2,145030],[-3,-10,7791],[-1,-9,42045],[-5,-5,14522],[-12,-6,77885],[-11,-1,19028],[-4,4,7018],[-3,1,27672],[-13,-4,103105],[-2,-8,12171],[-4,-6,19708],[-5,0,40745],[-1,-11,12043],[-2,-4,13797],[-2,-8,7567],[0,-7,50132],[-9,-2,0]],[[22366,11000,0],[-3,0,10721],[1,7,12110],[-4,4,30816],[-12,-1,11447],[0,-2,42357],[-14,4,16888],[-17,1,30561],[-13,-2,212136],[-3,-13,41193],[-24,-3,37611],[0,-9,70771],[4,-3,11677],[-5,-1,11677],[-12,-25,12115],[0,-3,9524],[-6,-11,27515],[-6,-8,11822],[-1,-6,8093],[-4,-5,63546],[-2,1,11900],[-6,-8,12308],[-7,-4,0]],[[22232,10913,0],[-5,1,8559],[-18,0,48701],[-10,3,15442],[-7,6,12122],[-6,1,26694],[-4,6,78943],[-7,-5,10777],[0,-4,8853],[-4,-1,27717],[-6,4,54001],[3,4,12330],[4,8,7037],[2,6,28604],[-4,0,17161],[0,4,7069],[3,6,0]],[[22173,10952,0],[2,0,7764],[6,4,12500],[10,1,38383],[4,9,21174],[3,1,7604],[5,5,10311],[3,1,172802],[0,5,11254],[2,6,20592],[7,6,18121],[2,9,53519],[8,-3,10025],[4,0,29824],[0,12,29625],[-4,-4,7984],[0,3,12122],[-8,3,29824],[1,10,9810],[2,2,9810],[0,8,7850],[1,5,20435],[0,15,20435],[4,3,47772],[2,5,7167],[2,7,8467],[2,5,14597],[6,21,129970],[1,10,22704],[6,4,7179],[2,0,22704],[6,14,14833],[2,1,8756],[5,7,27974],[0,9,27974],[4,1,10534],[4,7,19164],[0,3,7237],[-2,2,9213],[2,3,19164],[7,-3,0]],[[22274,11149,0],[3,-6,17808],[0,-4,7289],[0,-10,27801],[-4,-5,10986],[0,-4,85705],[9,-7,17267],[2,6,11018],[3,-1,17267],[0,-9,51363],[8,2,16780],[14,9,10666],[1,0,0]],[[22185,10207,0],[5,5,8910],[5,9,27786],[7,4,12944],[3,-2,37230],[2,8,8703],[3,7,0]],[[22242,10213,0],[2,-2,9118],[4,-10,11858],[9,-15,0]],[[22237,10169,0],[-3,5,15072],[-5,0,10614],[-3,4,31308],[-8,-3,9924],[1,-4,9924],[-4,2,31308],[-3,6,15476],[-5,0,10176],[-2,3,0]],[[22205,10182,0],[-6,6,0]],[[22199,10188,0],[-6,10,13238],[-8,9,0]],[[21848,11905,0],[1,-9,20460],[-1,-1,7499],[-6,-2,20460],[0,-6,8447],[1,-2,17413],[5,2,20460],[1,-5,10533],[-4,-13,33485],[5,-3,33485],[0,-6,7550],[-2,-3,11762],[2,-4,11762],[0,-8,7175],[0,-8,14015],[-3,-7,14015],[3,-4,71709],[-1,-4,9130],[-3,-6,8529],[0,-4,14349],[-4,-6,27456],[1,-9,14320],[-2,-2,7965],[-1,-7,0]],[[21840,11788,0],[-9,1,9324],[-11,3,34558],[-3,3,13622],[1,4,8509],[-2,3,124481],[-3,0,11587],[-11,-7,27855],[-2,5,20430],[-11,-4,44326],[-9,-7,12549],[-2,0,8013],[-3,-6,21300],[-9,-3,68729],[2,-5,12348],[-3,-7,12348],[0,-6,57351],[-16,2,37452],[0,-5,17625],[-12,-7,142175],[-10,4,29868],[0,5,7843],[-2,9,57181],[-4,0,7779],[-8,4,21474],[-2,-5,21474],[-15,2,109174],[-5,-3,9455],[-11,-4,17726],[-12,-8,37733],[-7,-2,8512],[-2,1,8512],[-12,-1,21857],[-4,-4,0]],[[21643,11750,0],[-4,1,8671],[-13,0,27498],[-13,-3,11519],[-4,-2,50556],[0,11,0]],[[21609,11757,0],[6,4,15404],[14,4,33605],[17,-2,74095],[1,13,10869],[0,13,9256],[1,4,54447],[-16,-9,74095],[1,5,8662],[4,7,27440],[1,6,9812],[-2,2,16127],[1,9,8923],[2,9,55055],[13,2,171687],[0,8,7593],[2,6,7593],[2,15,44215],[-1,14,12757],[-2,13,11027],[-1,15,72651],[-2,5,13442],[-6,10,10021],[-3,2,0]],[[21429,11220,0],[4,-1,13564],[7,6,20055],[4,7,23221],[5,3,10784],[7,1,107337],[0,-13,11632],[-2,-8,32956],[0,-8,9690],[2,-35,115322],[11,2,12726],[14,4,28342],[6,4,7856],[4,4,0]],[[21491,11186,0],[2,-6,7484],[8,-14,20302],[11,-15,19095],[11,-20,123877],[22,-6,18748],[6,-4,36309],[13,2,82144],[6,-4,10525],[1,-5,10571],[8,-11,10436],[4,-3,7053],[5,-6,235372],[-5,-16,16422],[0,-10,16422],[-2,-5,8541],[-2,-9,74509],[2,-17,15256],[1,-17,22361],[3,-11,17062],[0,-7,8195],[1,-4,7310],[0,-6,222021],[6,-5,12388],[13,-13,15085],[4,-3,9652],[10,-10,56277],[3,-1,7502],[6,-5,7502],[12,-8,24070],[10,-3,10008],[9,-5,0]],[[21659,10939,0],[-2,-12,11006],[-1,-9,15755],[-1,-10,7229],[-2,-5,15755],[-1,-12,108178],[3,-17,9766],[1,-4,21781],[1,-14,15764],[3,-18,38323],[3,-17,12052],[5,-12,38323],[2,-20,11325],[1,-21,9392],[1,-2,0]],[[21672,10766,0],[-5,-3,17958],[-1,-4,9388],[-4,-5,8115],[0,-2,37458],[-11,-2,16841],[-1,-2,8094],[-7,-3,45377],[7,-11,45377],[-6,1,17395],[-5,-8,30851],[-5,6,11012],[-7,5,30851],[0,-5,8125],[-3,-4,45377],[-5,-2,7409],[0,-1,10510],[-7,-8,10851],[-3,-1,9201],[-9,-7,0]],[[22158,10164,0],[-1,12,8116],[-2,4,0]],[[22155,10180,0],[7,3,18761],[-2,7,28705],[1,3,7324],[2,2,14465],[3,-5,14993],[3,1,9296],[0,4,13602],[6,0,7964],[1,1,0]],[[22176,10196,0],[5,-3,9441],[4,-1,14694],[2,-4,7115],[2,2,7115],[1,-4,27947],[9,2,0]],[[22205,10182,0],[-2,-1,12821],[4,-13,12821],[1,-7,33965],[5,-13,7148],[2,-3,20307],[1,-7,7912],[-1,-7,7912],[2,0,8991],[2,-9,20307],[3,-2,0]],[[22222,10120,0],[-1,-1,0]],[[22221,10119,0],[-18,-15,19938],[-10,-4,0]],[[22193,10100,0],[-1,7,16277],[3,11,11008],[-1,3,43840],[-9,-1,21312],[1,-3,9240],[-4,0,9240],[-2,-5,43840],[-4,6,9508],[0,4,9508],[-3,1,28663],[1,7,9710],[2,0,8590],[1,5,43840],[-8,12,18888],[-4,-1,30563],[-2,8,11980],[-5,10,0]],[[22341,10065,0],[19,-4,7150],[8,-1,0]],[[22368,10060,0],[-1,-9,34408],[7,-5,19594],[1,-4,12617],[6,-9,18512],[4,-2,0]],[[22385,10031,0],[-4,-5,13267],[-1,-7,0]],[[22380,10019,0],[-3,-1,12044],[-8,4,17433],[-6,0,8593],[-3,-2,0]],[[22274,11149,0],[0,10,26382],[-6,2,8526],[-5,0,57868],[-4,-5,13174],[-4,2,13174],[-6,-5,17897],[-12,-3,9081],[-4,-2,0]],[[22233,11148,0],[-1,5,10073],[3,14,16361],[-1,3,7349],[0,9,50089],[6,8,7704],[2,2,16836],[5,13,67546],[-4,3,21796],[0,3,7770],[-2,4,8024],[-1,4,11546],[3,4,11546],[-3,4,109028],[3,3,6992],[2,0,8946],[2,4,25302],[5,2,7843],[4,0,15556],[1,-4,8537],[3,1,51445],[1,4,7558],[-2,6,23257],[4,3,11426],[2,6,7389],[2,2,0]],[[22185,10502,0],[13,-2,14989],[16,-4,15642],[15,-2,131450],[3,8,7301],[3,8,15472],[0,5,7015],[2,7,49188],[4,5,8193],[5,8,17239],[5,7,7940],[8,7,0]],[[22259,10549,0],[0,0,7958],[19,-14,20477],[7,-2,0]],[[22285,10533,0],[0,-42,8376],[1,-9,8376],[-1,0,12315],[0,-16,8121],[0,-66,217439],[0,-2,8993],[-2,-7,24634],[-11,-17,8057],[-1,-5,8057],[-3,-2,21911],[0,-6,13538],[-5,-9,98967],[-8,0,23149],[-4,4,15043],[-6,2,9906],[-2,-2,15043],[-12,5,47173],[3,-4,7859],[-2,0,7859],[-1,-7,0]],[[22201,10319,0],[-5,-2,13254],[0,-6,48765],[-5,0,9935],[-4,2,19346],[-1,6,19346],[-3,1,9604],[-9,7,8487],[-3,1,15764],[-7,6,0]],[[22164,10334,0],[7,4,15445],[-3,4,22200],[2,10,9530],[-1,3,8086],[2,7,7274],[0,3,57509],[-4,5,9617],[-1,6,11018],[-3,4,31346],[0,16,8796],[-1,5,131651],[2,7,15879],[9,6,29315],[2,8,9556],[1,9,52358],[7,8,22027],[17,12,154337],[-1,7,17757],[-4,1,9213],[-3,5,25049],[-2,11,12966],[2,4,25049],[-7,4,41783],[-3,12,18217],[3,7,0]],[[21960,10133,0],[10,10,0]],[[21970,10143,0],[18,-1,25861],[11,-3,12617],[4,-4,0]],[[22003,10135,0],[-6,-7,21932],[-18,-13,11611],[-10,-6,34256],[-15,-7,152766],[0,-5,8940],[4,-9,27841],[-5,-1,9914],[-5,-4,20018],[4,-4,34327],[5,-25,12668],[0,-8,85277],[-6,0,8746],[0,2,7278],[-6,0,26103],[-10,-7,55863],[4,-20,0]],[[21939,10021,0],[5,-24,25520],[-2,-8,56772],[-17,15,56772],[-21,-30,0]],[[21890,10024,0],[1,3,6974],[2,9,9196],[3,10,78069],[8,13,13424],[5,6,7827],[6,10,21277],[12,21,21277],[4,6,8112],[9,11,55968],[11,12,9039],[9,8,0]],[[22118,9981,0],[7,-7,7392],[3,-4,12020],[4,-2,0]],[[22132,9968,0],[2,-9,15884],[-2,-9,0]],[[22132,9950,0],[-5,0,11761],[-1,-4,26607],[-12,3,10688],[-3,-3,8210],[-1,2,8210],[-7,1,0]],[[22103,9949,0],[-2,17,19074],[2,12,52890],[8,-1,8816],[3,2,8816],[3,-3,22300],[1,5,0]],[[22176,10196,0],[6,13,0]],[[22182,10209,0],[3,-2,0]],[[22269,10048,0],[4,-3,9402],[4,-6,11617],[6,-4,17231],[3,-6,0]],[[22282,10000,0],[-3,-11,0]],[[22279,9989,0],[-4,-4,15517],[-3,6,8685],[-1,-1,22756],[-1,10,0]],[[22270,10000,0],[-4,11,17126],[3,3,17126],[-2,5,12771],[-3,-2,9876],[-2,4,49901],[1,4,9442],[0,5,9617],[2,8,9430],[3,0,9430],[-3,4,19961],[4,3,7600],[0,3,0]],[[21672,10766,0],[2,-2,9118],[4,-10,9118],[3,-5,7247],[3,-7,19679],[7,-9,29611],[3,-4,8619],[2,-10,7772],[1,-2,61902],[0,-15,15549],[-2,-4,127416],[6,0,11880],[6,-3,13226],[15,-2,20686],[12,-4,0]],[[21734,10689,0],[1,-2,7543],[3,-12,34172],[2,-22,7016],[1,-11,23863],[-2,-8,11537],[1,-6,84124],[-3,-2,11294],[-2,-6,13955],[-6,-5,14212],[-5,-9,27413],[-4,-3,7288],[-7,-3,10343],[-1,-2,84124],[10,0,19950],[10,-4,12379],[11,-1,84124],[-3,-8,8631],[-6,-10,61293],[3,-5,20571],[8,-2,10000],[5,-3,44485],[0,-7,9905],[1,-5,7873],[1,-7,0]],[[22159,10205,0],[11,2,10426],[7,3,16614],[5,-1,0]],[[22155,10180,0],[5,16,17905],[-1,9,0]],[[22132,9968,0],[0,6,11206],[2,4,6994],[3,9,10931],[1,1,7942],[-1,4,0]],[[22137,9992,0],[9,3,26107],[1,-11,26107],[5,-7,9964],[6,-7,50674],[-2,21,0]],[[22156,9991,0],[5,0,21621],[9,-10,7969],[3,-4,33587],[0,-10,0]],[[22173,9967,0],[1,0,6973],[6,-1,0]],[[22185,9942,0],[-10,-7,0]],[[22175,9935,0],[-2,-3,12099],[-8,-1,0]],[[22165,9931,0],[-2,-1,7657],[-1,4,7657],[-5,5,0]],[[22157,9939,0],[-2,10,12664],[-4,7,0],[-2,-4,12710],[-3,4,9148],[-3,-2,26447],[0,-9,11130],[2,-4,0]],[[22145,9941,0],[-4,0,7183],[-1,2,8723],[-7,1,0]],[[22133,9944,0],[0,6,7295],[-1,0,0]],[[22663,7429,0],[-213,18,0]],[[22450,7447,0],[112,1458,1562504],[-158,530,512291],[-7,210,100585],[5,91,222777],[-7,26,51614],[-18,12,0]],[[22377,9774,0],[-5,33,0]],[[22372,9807,0],[11,20,10644],[4,8,10644],[1,0,6973],[0,0,6973],[0,0,0]],[[22388,9835,0],[2,1,8950],[-1,6,28810],[7,1,7856],[5,3,10169],[1,2,10169],[6,1,42920],[0,-8,28822],[11,0,20554],[6,6,85897],[8,-16,21874],[1,-12,85897],[18,-4,25330],[14,0,7671],[5,1,42936],[8,6,0]],[[22479,9822,0],[33,29,113239],[89,19,0]],[[22601,9870,0],[10,-49,0]],[[22611,9821,0],[35,-82,0]],[[22646,9739,0],[33,-75,337292],[-105,-288,787482],[147,-558,1019022],[-58,-1389,0]],[[22217,10029,0],[18,11,0]],[[22235,10040,0],[7,8,15839],[-3,2,18130],[14,19,17893],[-1,2,0]],[[22252,10071,0],[0,4,21028],[10,9,8159],[3,1,8159],[3,4,0]],[[22268,10089,0],[9,-1,0]],[[22277,10088,0],[-5,-6,12538],[-4,1,24289],[-3,-4,9900],[-6,-12,13793],[-3,-2,66133],[5,-6,9441],[5,-3,19133],[-3,-3,15425],[2,-4,10258],[4,-1,0]],[[22270,10000,0],[-3,-2,9271],[0,5,10988],[-4,-1,10988],[-1,2,7053],[-3,-1,7053],[-3,2,0]],[[22256,10005,0],[-4,0,16346],[-5,7,9409],[-3,3,29995],[-10,2,11629],[-5,-2,29995],[-5,10,0]],[[22238,9984,0],[3,1,18166],[9,-15,12113],[1,2,0]],[[22251,9972,0],[5,-3,18503],[5,-7,7889],[3,-6,25445],[1,-8,0]],[[22265,9948,0],[-4,-2,12472],[2,-5,12472],[-2,-12,15479],[1,-8,14979],[-4,2,15479],[-2,-5,11864],[-1,-11,0]],[[22255,9907,0],[-7,2,7158],[-6,3,27147],[-2,-4,9421],[-4,-2,54879],[0,5,13857],[5,18,0]],[[22241,9929,0],[4,5,10670],[-2,2,10670],[2,4,7492],[1,7,47817],[-3,13,7738],[-1,4,17369],[-3,0,27232],[1,10,12259],[-1,3,7610],[0,6,7414],[-1,1,0]],[[22563,10948,0],[-17,-50,0]],[[22546,10898,0],[-22,7,21911],[-7,0,9179],[-6,1,77731],[-11,-4,10676],[-4,-4,8191],[-2,0,8191],[-8,-4,22351],[-14,-2,13772],[-3,-2,145129],[-8,-17,22619],[1,-7,29580],[-4,-7,7407],[-4,-5,11069],[-3,-8,0]],[[22451,10846,0],[-9,7,8223],[-3,2,20457],[0,5,34872],[-9,4,15521],[-5,3,7221],[-2,3,17253],[-9,3,38724],[-6,-9,9917],[-5,-4,38724],[-10,10,37597],[11,12,38724],[-6,5,7754],[-6,7,24075],[-5,1,9628],[-4,4,7956],[-2,0,162389],[-22,-37,52335],[-4,-3,16335],[-2,1,8185],[-4,5,0]],[[22349,10865,0],[-2,5,20264],[8,4,8467],[2,2,22170],[-1,9,22170],[8,0,22170],[6,11,77229],[-5,4,7430],[-1,3,29703],[2,7,11215],[1,12,58678],[3,5,13743],[6,19,20812],[3,7,9682],[3,1,9682],[1,5,140399],[-10,1,13834],[-8,5,64730],[1,4,8270],[3,10,30855],[-2,16,8279],[-1,5,0]],[[22157,10227,0],[4,-3,38586],[20,7,16335],[1,3,10198],[4,0,10198],[7,3,27955],[3,3,7362],[5,5,27955],[10,-5,0]],[[22159,10205,0],[-2,4,8610],[-1,13,16240],[1,5,0]],[[22181,10083,0],[2,5,0]],[[22183,10088,0],[2,-1,7391],[4,2,18144],[1,-7,0]],[[22190,10082,0],[0,-6,9072],[1,-9,21585],[-5,-1,0]],[[22186,10066,0],[-1,6,10308],[1,9,23774],[-5,2,0]],[[21649,11473,0],[22,-3,16480],[3,0,8003],[7,-3,8003],[7,-1,29197],[2,-3,13798],[4,4,9149],[3,0,63516],[0,-7,18087],[7,-7,45087],[14,-2,12731],[8,0,162670],[-3,9,14139],[-6,26,43521],[9,0,15229],[4,3,43521],[-4,9,24344],[-8,5,7634],[-6,4,79512],[0,7,16414],[6,-1,16414],[7,11,109560],[6,-11,13743],[8,-10,21410],[3,-8,12269],[4,-6,8840],[5,-9,109560],[13,1,14182],[2,3,41235],[11,-8,12440],[7,-4,57538],[7,4,8033],[10,4,20669],[9,1,0]],[[21810,11481,0],[-1,-7,14467],[4,-19,32046],[-2,-7,12002],[1,-5,12002],[-2,-12,32046],[0,-6,7014],[1,-5,14177],[-1,-10,18166],[3,-29,13125],[-1,-6,141666],[3,-1,7668],[4,-6,15749],[0,-5,15749],[4,-11,10362],[3,-3,10104],[-1,-4,7227],[2,-1,7227],[2,-5,63450],[3,-11,16574],[-2,-12,17679],[4,-6,17679],[-1,-12,48756],[1,-8,10599],[4,-10,21001],[-1,-3,13794],[7,-4,317598],[14,2,13070],[9,2,61707],[5,0,9027],[9,-3,11329],[9,-1,31367],[11,-7,21474],[8,-1,8344],[10,-4,0]],[[21779,11054,0],[-9,10,10104],[-3,5,18166],[-9,8,59651],[-5,0,7914],[-2,2,10965],[-9,0,25181],[-6,5,13189],[-12,4,176488],[6,15,13400],[5,6,10633],[4,10,29672],[2,10,13777],[5,12,58000],[-1,10,7526],[0,10,176488],[-10,5,12903],[-10,3,27100],[-12,0,12476],[-7,2,122202],[-5,16,10095],[-14,38,35003],[-7,12,0]],[[21680,11237,0],[2,4,19631],[4,2,8343],[8,7,13875],[1,4,13875],[2,1,6985],[7,2,26989],[0,8,26989],[9,3,11959],[5,0,145533],[-1,10,14197],[-3,2,17617],[2,9,17617],[-5,2,36748],[-13,16,10981],[-4,8,98629],[-8,-3,13129],[-6,1,19162],[0,-4,21956],[-7,2,13334],[-5,0,7243],[-3,-2,145533],[-5,5,9107],[-1,4,9107],[-8,12,20541],[-6,4,16114],[-1,2,8976],[-5,8,79881],[5,3,8801],[2,3,8801],[10,8,79881],[0,4,8939],[-2,9,13335],[-3,8,13335],[0,10,34100],[-10,2,34100],[1,5,10414],[6,13,34100],[-5,16,22456],[0,14,77374],[15,-1,56713],[6,-22,30834],[4,0,17384],[1,3,9056],[-2,9,30834],[-8,19,22313],[-9,11,30834],[-1,4,9798],[0,11,0]],[[22378,10656,0],[1,-1,11183],[9,6,15246],[-1,3,15246],[3,2,7327],[1,-2,10030],[5,3,28746],[7,-3,39536],[3,6,12841],[4,-1,12841],[3,2,8231],[1,3,11719],[6,3,24875],[1,-4,15993],[5,3,9119],[3,-1,24875],[5,9,54927],[15,-1,0]],[[22449,10683,0],[5,-6,13737],[9,-8,8605],[5,-1,8057],[2,-3,0]],[[22470,10665,0],[-2,-7,8489],[0,-9,20756],[-5,-1,37323],[1,-7,9316],[3,0,8289],[0,-3,9316],[-3,-1,9316],[-1,-7,17336],[-3,-9,17336],[0,-14,91354],[-9,4,20703],[-2,-6,38526],[8,-17,36305],[6,2,11138],[5,-2,38526],[3,-5,9250],[1,-6,9250],[3,-9,30644],[-3,-8,14415],[1,-8,0]],[[22473,10552,0],[-5,-15,16697],[0,-9,11545],[-4,-16,28565],[-4,-4,9807],[-1,-5,69156],[-1,-19,21762],[4,-1,29299],[-1,-7,9955],[-1,-25,54798],[-2,-2,10540],[7,-1,28304],[-2,-3,8511],[-11,-16,131834],[0,-3,7799],[3,-1,7799],[2,-8,13727],[7,-11,49896],[1,-11,14212],[5,-8,14212],[-3,-1,15362],[2,-6,11248],[-1,-8,26719],[-4,1,0]],[[22464,10373,0],[-4,2,7796],[-16,5,19974],[-12,6,8746],[-13,5,0]],[[22419,10391,0],[-10,7,21153],[-6,6,8648],[-8,10,56380],[-5,11,16135],[-6,10,11512],[2,3,11512],[-6,1,29723],[0,9,78187],[-11,7,20946],[-3,1,8012],[-6,-2,6988],[-1,1,0]],[[22359,10455,0],[2,13,11519],[3,8,27798],[5,-1,31904],[4,12,18212],[-1,4,7371],[0,7,58705],[-8,2,32095],[1,10,10981],[2,10,91458],[7,-2,30834],[3,9,8993],[1,8,32321],[10,0,89821],[2,4,11565],[5,16,42626],[2,15,10164],[0,8,24024],[-2,20,172913],[-17,-3,46659],[1,4,7478],[7,13,11374],[2,2,7193],[-1,2,46659],[-11,0,38368],[0,15,29094],[-8,2,14183],[0,3,53787],[-22,-3,53787],[3,20,108294],[4,-1,8313],[2,-4,22805],[8,7,22805],[9,2,13690],[6,-1,0]],[[22063,10196,0],[6,5,9540],[-1,1,19026],[8,5,10533],[6,2,0]],[[22082,10209,0],[11,-8,22334],[11,-12,12666],[3,-5,0]],[[22107,10184,0],[3,-5,0]],[[22110,10179,0],[8,-25,0]],[[22118,10154,0],[1,-9,16321],[-3,-11,10362],[1,-5,0]],[[22117,10129,0],[-6,2,20655],[-10,11,13701],[-11,8,0]],[[22090,10150,0],[-5,5,0]],[[22085,10155,0],[4,5,42798],[-1,2,7182],[-4,1,10864],[-1,4,14938],[-8,14,9537],[-1,2,24021],[-5,-2,24021],[-4,10,7927],[-2,5,0]],[[21609,11757,0],[-31,-6,241724],[4,-21,38316],[1,-21,21385],[-2,-4,8069],[-2,-11,40229],[5,-18,72215],[-5,-7,10817],[-3,-2,16551],[-6,-12,70505],[7,-3,11681],[11,-2,24182],[9,-7,84369],[-1,-10,26276],[2,-5,7510],[1,-10,7976],[5,-28,42156],[1,-12,16104],[-4,-3,17061],[2,-4,7127],[0,-6,12669],[-2,-7,36545],[1,-10,11572],[4,-10,208728],[5,-3,7665],[9,-3,20395],[9,-2,8533],[6,0,103368],[1,-3,7432],[-2,-6,11126],[-2,-4,21847],[4,-4,21847],[0,-5,7901],[2,-7,11006],[0,-11,41506],[7,-17,0]],[[21645,11473,0],[-8,-3,23668],[-7,-4,8888],[-7,-7,14872],[-5,-5,77960],[-2,-10,8354],[-1,-9,22077],[-4,-11,7029],[-5,-14,306897],[-12,2,10314],[-6,-1,42078],[1,15,42078],[-12,5,22221],[-5,5,11157],[-1,4,9770],[-3,2,154412],[-4,-9,7395],[-4,-10,73646],[-4,0,9324],[-2,3,9324],[-14,6,45544],[-3,3,9937],[-1,8,14112],[-7,10,73646],[-5,-2,7379],[-2,-3,10017],[-5,0,38390],[-3,4,16396],[-10,2,9930],[-4,4,9930],[-3,0,41171],[-13,-6,41171],[-7,1,9078],[-7,-2,9078],[-2,1,20498],[-21,4,95881],[-8,3,8955],[-4,3,14299],[-12,4,22712],[-7,6,0]],[[22027,10111,0],[4,5,15670],[6,-2,27891],[20,-1,10741],[7,1,17857],[8,-2,0]],[[22072,10112,0],[0,-4,0]],[[22072,10108,0],[-2,-4,18221],[-11,-2,18221],[-19,-8,0]],[[22040,10094,0],[1,2,17107],[-5,5,7231],[-4,2,7231],[1,2,7231],[-6,6,0]],[[22053,11038,0],[9,-4,10815],[4,-4,24830],[7,-1,7146],[5,0,118993],[1,-4,12124],[-3,-11,17749],[2,-2,10788],[0,-10,28273],[-3,-6,8260],[-3,-9,28273],[6,-4,48708],[1,-5,8513],[2,-22,25886],[1,-5,7080],[2,-2,7080],[2,-6,0]],[[22086,10943,0],[-2,0,7118],[2,-6,16219],[-6,-6,29118],[6,-10,30519],[0,-9,16735],[-4,-6,12017],[-1,-7,79832],[-6,3,13326],[-6,-1,27078],[3,-7,8370],[0,-4,27078],[3,-2,9660],[1,4,9660],[7,5,27078],[3,-3,10661],[1,-4,7186],[3,-1,7186],[1,-3,41494],[-4,-10,8671],[0,-6,8671],[-2,-4,49425],[5,-6,18028],[8,1,79832],[0,-8,14064],[3,-7,6976],[2,-6,14366],[0,-10,14366],[4,-12,47603],[2,-13,8291],[0,-7,22619],[-3,-11,377175],[-24,-22,21870],[-6,-8,104996],[-4,-4,10978],[-8,-1,23238],[-6,2,17787],[-13,-3,45305],[-5,0,10082],[-8,4,10082],[-10,2,167743],[-6,-1,14114],[-3,-5,10325],[-4,-1,33352],[5,-11,33352],[-1,-7,10338],[-3,-6,19163],[-4,1,28240],[0,-7,10627],[-2,-8,7769],[-1,-5,76373],[-13,-13,25034],[-1,-2,12212],[-4,-1,7850],[-5,0,0]],[[21952,10717,0],[1,3,7611],[0,7,17256],[5,7,17256],[-4,4,26306],[5,11,9042],[1,6,56397],[-2,10,24892],[2,5,13537],[0,9,13537],[2,12,24892],[-2,1,9975],[-1,10,19175],[2,10,12805],[-1,6,252963],[-8,6,32517],[-6,11,11265],[-4,9,22114],[-10,12,43319],[-9,8,12227],[-4,1,7078],[-5,4,43319],[-4,7,7726],[-2,4,18644],[1,7,66494],[-3,4,7777],[-2,-1,11155],[-4,7,11155],[-9,6,10451],[-1,3,19760],[-10,7,113753],[-1,4,10784],[1,9,23052],[-3,11,8159],[-2,2,8159],[0,4,0]],[[21968,10361,0],[37,-1,118374],[3,1,13493],[3,6,9505],[-1,3,13493],[5,7,34766],[-2,4,8743],[0,7,28265],[5,12,11975],[3,5,67641],[9,-4,35866],[3,7,12003],[6,10,17121],[3,0,0]],[[22042,10418,0],[-3,-7,28686],[13,-12,28686],[2,-3,11141],[0,-8,54401],[8,3,8485],[4,3,54401],[4,-3,13322],[-2,-5,24514],[8,-10,17433],[5,0,24514],[9,-19,16132],[-1,5,78642],[15,2,20642],[1,-3,7902],[2,-1,0]],[[22107,10360,0],[-5,-18,12451],[-3,-8,40910],[-18,-31,19187],[-8,-18,92240],[-12,-11,24324],[-10,-15,17058],[-11,-15,9581],[-8,-10,0]],[[22032,10234,0],[-7,6,23033],[1,4,12478],[5,3,23033],[0,8,12374],[-3,5,10551],[0,4,47531],[-7,7,7862],[-6,7,35663],[-1,16,79621],[-15,-3,79621],[-1,4,15820],[-6,7,7542],[-1,3,7539],[-6,7,44569],[-17,49,0]],[[22112,10029,0],[7,4,7038],[3,3,7038],[9,5,0]],[[22131,10041,0],[6,-13,0]],[[22137,10028,0],[-4,-9,30841],[0,-10,15015],[4,-9,12229],[-1,-4,7227],[1,-4,0]],[[22118,9981,0],[-2,10,12089],[0,11,12089],[-2,0,29945],[0,8,10633],[2,6,13146],[-3,1,13146],[4,9,29945],[-5,3,0]],[[22154,10084,0],[6,1,0]],[[22160,10085,0],[1,-6,0]],[[22161,10079,0],[3,-21,0]],[[22164,10058,0],[-9,-2,26946],[-5,11,0]],[[22150,10067,0],[5,7,8672],[2,0,23894],[-3,10,0]],[[22265,9948,0],[7,-4,0]],[[22272,9944,0],[-1,-4,19765],[10,-15,12883],[3,-7,32013],[-3,-3,16742],[0,-3,7054],[3,-7,0]],[[22284,9905,0],[-2,-4,9120],[-7,-8,0]],[[22275,9893,0],[-2,7,9100],[0,5,36338],[-8,-1,12057],[-10,3,0]],[[21810,11481,0],[10,3,15072],[9,1,8368],[4,-1,0]],[[21833,11484,0],[1,-10,8975],[3,-8,16181],[3,-6,80445],[12,-6,12843],[3,-3,7073],[7,-5,16258],[8,-3,8069],[5,-4,31122],[5,1,9854],[7,-3,91770],[7,-6,11790],[2,-6,11790],[6,-5,23157],[2,-8,8270],[0,-5,23157],[4,-3,10156],[3,2,42577],[3,-10,9505],[0,-7,110103],[4,-4,10522],[8,-5,30788],[8,6,63046],[3,-1,8754],[3,-7,11524],[8,-7,25371],[2,-5,15012],[4,-4,10875],[1,-6,9331],[2,-1,34642],[-3,-5,12777],[3,-2,12777],[4,7,12777],[8,-6,226465],[-4,-4,14957],[0,-5,6996],[1,-4,15250],[-5,-5,28433],[-7,1,31956],[-9,-12,19751],[0,-3,8964],[-4,-5,12645],[-3,-1,12645],[-1,-7,28383],[9,7,94612],[5,-1,6991],[6,-2,17474],[11,-8,37660],[1,-9,0]],[[22086,10943,0],[6,2,19959],[2,-7,8268],[-1,-3,28329],[15,2,16216],[2,-3,43619],[10,3,11734],[7,5,33224],[10,-6,85639],[7,6,7325],[0,4,7325],[2,-1,11880],[9,7,41477],[9,-3,18815],[9,3,0]],[[22232,10913,0],[-3,-3,9741],[-7,-6,16435],[-6,-6,8604],[-6,-8,59766],[-5,-11,12225],[-1,-5,16159],[-4,-11,9131],[-6,-8,9131],[-1,-5,25612],[-9,-14,151796],[20,-14,8037],[10,-6,16814],[2,0,0]],[[22157,10685,0],[-1,-2,9581],[-5,-4,8080],[-3,-4,37968],[1,-11,12463],[2,-5,7170],[-2,2,7170],[-1,-13,57388],[-7,3,12253],[-6,-1,57388],[-9,-8,18380],[-8,-12,34713],[-7,-19,146151],[-12,-6,17252],[-9,-1,9558],[-5,-2,43889],[-4,6,25045],[-5,0,8787],[-2,-2,10887],[-9,1,0]],[[22065,10607,0],[-2,2,12558],[-13,1,31239],[-1,8,22796],[-11,5,80443],[-7,-7,16620],[-2,-7,30201],[-10,-2,17347],[-6,-6,0]],[[21805,10146,0],[16,14,7229],[4,4,21899],[5,-1,21899],[14,14,69393],[6,11,18387],[6,17,254002],[8,-2,27534],[26,2,18247],[6,2,115731],[3,-3,7583],[-1,-2,8522],[4,-10,29194],[-11,-1,22741],[1,-8,29194],[9,-1,8079],[3,-1,29194],[2,-7,9767],[-1,-6,9767],[2,-6,9611],[0,-4,115731],[7,-5,17502],[16,-3,28598],[7,-5,11453],[9,-9,28439],[9,0,12984],[5,-3,0]],[[22409,10749,0],[5,2,30546],[8,-3,9590],[6,-1,8486],[8,-4,22178],[1,1,7653],[5,-2,9894],[2,2,22178],[7,-4,9354],[4,-3,0]],[[22455,10737,0],[6,-4,27727],[-1,-3,10856],[-10,-9,32018],[0,-9,13704],[4,-11,32359],[-4,-8,11721],[-4,-2,23606],[3,-8,0]],[[22378,10656,0],[2,4,13361],[-2,15,28247],[3,8,10237],[-1,4,10237],[1,6,7878],[2,13,0]],[[22383,10706,0],[6,-4,10001],[13,-4,41151],[5,1,13764],[1,3,8358],[4,3,21889],[4,-6,16862],[4,5,104992],[-5,10,11802],[-4,0,8865],[0,3,14939],[-5,10,9326],[0,3,50498],[11,5,37134],[-8,14,0]],[[22036,10031,0],[4,-9,18508],[0,-10,8609],[1,-4,26397],[6,-8,32294],[-7,-9,32294],[5,-6,9848],[1,1,7578],[3,-4,0]],[[22049,9982,0],[-9,-8,0]],[[22040,9974,0],[-25,-22,14710],[-14,-11,149911],[-1,1,7069],[2,5,12286],[0,6,7654],[-2,2,28297],[-8,0,43997],[0,4,9341],[-4,13,15351],[-1,18,15351],[-2,7,95869],[9,-1,44363],[4,18,26645],[2,0,7730],[4,-4,26645],[0,7,12565],[-3,12,0]],[[22207,9971,0],[4,1,15993],[5,9,11145],[4,1,11145],[0,4,45003],[7,4,15513],[4,0,7349],[3,-2,11381],[3,2,26239],[1,-6,0]],[[22241,9929,0],[-4,1,12500],[0,5,26042],[-3,0,7137],[-10,-5,26042],[-1,3,11699],[-8,3,49187],[-4,-5,10394],[-1,-6,17273],[-5,-1,0]],[[22137,10028,0],[3,4,8089],[1,-3,8089],[4,2,7365],[4,0,22003],[2,-6,9949],[3,0,46251],[2,-8,11586],[0,-12,0]],[[22156,10005,0],[0,-14,0]],[[22264,10130,0],[2,3,9418],[9,3,22952],[-2,6,39762],[12,4,10115],[-1,3,10115],[6,-2,29787],[1,4,16546],[14,8,11146],[3,2,0]],[[22308,10161,0],[5,-6,8132],[0,-3,7875],[4,-2,18615],[-1,-6,18615],[9,-1,27494],[3,-10,78621],[-6,-4,19501],[1,-3,11171],[-3,0,7822],[-2,-4,11375],[-2,-7,33441],[-2,0,7189],[-4,-3,14774],[-3,4,0]],[[22307,10116,0],[-4,-4,0]],[[22303,10112,0],[-3,-4,20187],[-6,-2,8730],[-1,2,10930],[-6,0,7331],[-5,-2,50136],[-11,12,20022],[-4,2,8312],[-3,-1,0]],[[22264,10119,0],[-2,7,11078],[2,4,0]],[[22131,10041,0],[1,1,0]],[[22132,10042,0],[7,4,9617],[2,4,26418],[1,10,20802],[3,5,8991],[4,3,0]],[[22149,10068,0],[1,-1,0]],[[22164,10058,0],[1,-1,11241],[12,2,28488],[2,-9,0]],[[22179,10050,0],[2,-14,0]],[[22181,10036,0],[4,-24,0]],[[22185,10012,0],[-23,-7,0]],[[22162,10005,0],[-6,0,0]],[[22127,10270,0],[3,-7,11691],[0,-6,15852],[4,-5,0]],[[22134,10252,0],[3,-7,17797],[8,-3,0]],[[22145,10242,0],[-10,-7,41934],[2,-6,7392],[2,0,7392],[1,-5,27247],[-4,-1,8678],[0,-3,16511],[-6,4,27247],[-2,-3,9809],[3,-7,23654],[-5,-3,16178],[-3,-10,0]],[[22123,10201,0],[-5,2,8357],[-7,1,25892],[1,4,11162],[-4,1,12414],[-10,7,67012],[-5,0,11950],[1,-4,16829],[2,0,7585],[5,-3,16829],[8,-24,21442],[-2,-1,0]],[[22082,10209,0],[3,1,13018],[-2,5,7856],[-1,5,16071],[-3,-1,9169],[0,4,42910],[17,5,7586],[2,1,55542],[-1,5,11972],[-7,11,36223],[6,12,91256],[21,-4,50544],[-3,24,43329],[13,-7,0]],[[22286,9951,0],[-3,10,12557],[-2,13,17481],[1,12,17481],[-3,3,0]],[[22333,9994,0],[9,-13,20258],[2,-9,20931],[9,-13,49964],[-1,-17,0]],[[22352,9942,0],[-10,-17,8519],[-10,-18,0]],[[22332,9907,0],[-6,16,13991],[-7,14,0]],[[22319,9937,0],[-3,15,20823],[-3,3,7041],[-2,-2,0]],[[22311,9953,0],[1,3,12120],[-8,8,13188],[-4,11,13188],[-2,-1,60550],[0,-9,12015],[-1,-11,36630],[-11,-3,0]],[[22047,9938,0],[2,1,9694],[1,-6,17372],[3,1,9018],[2,-5,9244],[10,-4,59885],[1,-4,8649],[0,-9,27995],[4,0,7664],[0,3,7664],[8,3,25727],[-4,6,27995],[16,7,29446],[0,-1,8947],[7,2,11966],[3,-3,86073],[0,17,17893],[3,3,0]],[[22133,9944,0],[-1,-5,14453],[6,-5,24232],[-7,-5,38982],[0,-3,10592],[3,-6,7049],[2,-6,22981],[6,0,12225],[1,-4,0]],[[22143,9910,0],[-1,-7,21811],[3,0,8157],[-1,-2,9744],[2,-7,9744],[3,-6,31064],[-11,0,16816],[0,-1,7317],[9,-3,16816],[-1,-11,49723],[8,-1,22725],[7,-9,31965],[-5,-2,14620],[2,-6,0]],[[22158,9855,0],[-5,-6,0]],[[22153,9849,0],[-5,-1,21552],[-9,-13,21792],[-8,-1,21792],[-3,-9,68529],[-7,5,25279],[-2,15,68529],[-14,3,25367],[2,6,30316],[-22,4,54362],[1,-13,58139],[-28,-10,15316],[-16,-6,0]],[[22040,9832,0],[-5,11,38097],[0,10,8897],[0,14,24822],[-4,11,19024],[2,3,10302],[-1,8,43706],[-3,3,7366],[-6,11,25843],[4,1,17273],[-5,13,128474],[3,5,14460],[10,6,19768],[1,6,19768],[11,4,0]],[[22153,9849,0],[-1,-2,0]],[[22152,9847,0],[-7,-33,0]],[[22145,9814,0],[-3,-19,0]],[[22142,9795,0],[-10,0,13786],[-1,-3,12255],[-6,8,12694],[-4,-1,102452],[-4,-7,12500],[-3,-1,34453],[2,-9,8734],[1,-1,13541],[1,-11,34453],[-8,0,27861],[1,-15,77147],[3,0,13939],[0,-11,13939],[2,0,8985],[2,-4,22249],[-2,-6,17626],[2,-7,7042],[1,0,7042],[1,-5,22249],[4,0,0]],[[21643,11750,0],[9,-4,18593],[6,-1,9242],[11,-1,51917],[14,-5,15094],[8,-6,31362],[2,-4,7692],[6,-7,54338],[13,-4,18053],[11,0,272433],[6,-20,43972],[14,-19,13072],[3,-5,11516],[7,-9,43972],[5,-16,23445],[7,-8,17891],[5,-15,104121],[4,-19,16167],[5,-15,8054],[2,-4,25831],[-1,-5,7994],[-1,1,22381],[3,-8,13654],[3,-14,156363],[7,-6,7667],[8,-5,12950],[9,-4,12950],[9,-8,0]],[[21818,11539,0],[1,-1,0]],[[21819,11538,0],[6,-14,13109],[2,-10,8071],[2,-3,29364],[4,-27,0]],[[21649,11473,0],[-4,0,0]],[[22285,10533,0],[16,-8,33055],[13,-17,68475],[-2,-8,14357],[0,-8,10043],[-2,-4,10043],[2,-3,98317],[10,-3,30998],[17,-12,13409],[5,-5,18063],[15,-10,8916],[0,0,0]],[[22419,10391,0],[-8,-15,39713],[2,-5,12935],[0,-11,26276],[-6,-8,21325],[0,-5,8971],[2,-4,72751],[7,0,8669],[8,2,8127],[2,0,72751],[-1,-13,9135],[1,-11,12202],[-2,-5,10274],[3,-3,13774],[-3,-6,13774],[3,-3,35360],[-3,-3,8587],[0,-3,13142],[3,-4,13142],[0,-4,8352],[-3,-1,0]],[[22424,10289,0],[-5,0,11265],[-8,3,34327],[-14,-1,20060],[-7,-3,8453],[-5,-3,96360],[1,-13,8564],[1,-1,8564],[2,-16,16840],[0,-6,0]],[[22142,9795,0],[-6,-27,0]],[[22123,10201,0],[9,-4,13988],[1,-4,25199],[6,5,11566],[2,-2,0]],[[22141,10196,0],[-6,-6,9214],[-7,-4,24316],[-18,-7,0]],[[22171,9909,0],[-6,22,0]],[[22191,9924,0],[3,-27,46169],[17,-35,0]],[[22211,9862,0],[7,-57,0]],[[22218,9805,0],[-27,11,48932],[-14,19,30110],[-10,3,0]],[[22167,9838,0],[-4,1,7107],[-5,3,13048],[-2,4,9519],[-4,1,0]],[[22158,9855,0],[5,5,10512],[3,7,44759],[5,22,23966],[1,12,10706],[-1,8,0]],[[22118,10154,0],[5,1,10810],[4,-4,21755],[4,4,7072],[2,3,0]],[[22133,10158,0],[9,-29,27505],[0,-6,7018],[0,-6,0]],[[22142,10117,0],[-6,5,12614],[-9,2,15885],[-4,6,15885],[-5,-3,8087],[-1,2,0]],[[22056,10156,0],[6,5,16606],[11,1,0]],[[22073,10162,0],[3,0,8333],[-1,-3,8333],[8,-6,15914],[2,2,0]],[[22090,10150,0],[1,-3,9352],[-4,-2,9352],[-2,-6,28751],[4,-12,17307],[-1,-8,0]],[[22088,10119,0],[-5,10,17318],[-8,7,0]],[[22075,10136,0],[-4,10,17130],[-4,7,9222],[-3,2,28341],[-8,1,0]],[[22145,10078,0],[9,6,0]],[[22149,10068,0],[-4,10,0]],[[22211,9862,0],[18,8,8151],[5,2,0]],[[22234,9872,0],[7,7,17272],[10,2,17272],[4,5,53725],[-1,5,11045],[1,16,0]],[[22275,9893,0],[1,-1,10029],[-5,-7,10683],[1,-3,11962],[-3,-7,9178],[-4,-5,23527],[2,-5,8113],[-2,-3,0]],[[22229,9779,0],[-11,26,0]],[[22308,10161,0],[-2,5,8478],[-6,7,37043],[1,2,9881],[6,-1,13282],[0,-4,18163],[10,4,40785],[3,20,19339],[-3,4,11650],[2,4,0]],[[22340,10196,0],[0,-1,7301],[2,-5,15480],[5,-3,10814],[4,1,8519],[-2,-3,8519],[1,-3,21425],[-1,-4,21425],[2,-1,8682],[0,-4,9182],[4,-4,9182],[-1,-2,13371],[4,-13,0]],[[22358,10154,0],[-3,-2,8836],[-12,-13,17833],[-3,-5,72500],[13,-3,37473],[2,-4,8468],[-2,-1,7409],[1,-4,27963],[-12,-5,37473],[2,-6,11784],[3,-1,11784],[5,-8,0]],[[22352,10102,0],[1,-3,14880],[-9,-5,10776],[-3,0,22286],[0,-6,71998],[-8,3,10917],[-2,-1,8715],[-4,5,8715],[-16,9,45035],[-4,12,0]],[[22264,10130,0],[-3,3,10040],[-5,-2,21171],[-6,5,10029],[2,3,9556],[-3,1,0]],[[22249,10140,0],[-2,3,0]],[[22072,10112,0],[6,-1,13970],[2,4,13970],[8,4,0]],[[22088,10119,0],[7,-6,15842],[5,0,15842],[1,-5,9604],[2,-2,0]],[[22103,10106,0],[-1,-6,10436],[3,-3,0]],[[22105,10097,0],[-3,-2,11565],[-2,5,22884],[-11,-4,7620],[-4,-1,0]],[[22085,10095,0],[-3,5,13084],[-5,-2,19683],[-1,5,11135],[-4,5,0]],[[22376,10079,0],[2,-1,9142],[2,6,18942],[5,1,8030],[1,4,8030],[1,-5,8287],[5,1,0]],[[22392,10085,0],[15,0,0]],[[22418,10058,0],[-24,-14,0]],[[22394,10044,0],[-9,-13,0]],[[22368,10060,0],[3,0,9550],[-4,5,13000],[2,3,7744],[2,-2,13000],[3,8,8922],[3,2,8922],[-1,3,0]],[[22313,10085,0],[-3,0,10373],[2,5,14894],[-2,3,9037],[-5,1,29119],[0,4,9133],[3,2,20441],[-5,12,0]],[[22352,10102,0],[3,-1,9360],[4,4,9360],[6,1,17221],[5,-2,56298],[1,-8,10506],[4,-9,13627],[3,-1,13627],[-2,-7,0]],[[22157,9939,0],[-3,-5,20652],[-7,2,14810],[0,4,8604],[-2,1,0]],[[22029,10070,0],[5,4,9974],[-2,2,18617],[13,8,0]],[[22045,10084,0],[9,-14,19846],[11,-10,16002],[3,-6,49758],[3,0,10929],[7,3,19626],[3,-4,0]],[[22081,10053,0],[1,-2,8414],[-5,0,14904],[-1,-6,8457],[-3,-4,19173],[-3,3,0]],[[22450,7447,0],[-54,5,0]],[[22250,9703,0],[54,-6,59828],[3,9,10330],[2,1,0]],[[22309,9707,0],[4,0,16504],[4,6,8049],[1,-1,7969],[1,7,26431],[5,-2,10870],[3,3,7324],[1,-1,41836],[9,12,13236],[1,4,33538],[4,0,8876],[3,3,13468],[1,-3,29890],[6,9,7818],[1,5,16052],[4,2,0]],[[22357,9751,0],[20,23,0]],[[22142,10117,0],[6,-6,9683],[8,-5,0]],[[22156,10106,0],[0,-1,0]],[[22156,10105,0],[-11,5,11336],[-8,2,21262],[-6,-1,0]],[[22131,10111,0],[-8,-6,21089],[-6,-9,7701],[-3,-5,0]],[[22114,10091,0],[-6,0,0]],[[22108,10091,0],[-3,6,0]],[[22103,10106,0],[1,2,11530],[-4,10,22030],[4,4,12004],[-1,3,40830],[7,0,10980],[7,4,0]],[[22222,10120,0],[27,20,0]],[[22264,10119,0],[1,-2,0]],[[22265,10117,0],[-3,0,8040],[-1,-5,19806],[-3,1,9393],[-6,-3,15366],[-1,-5,15366],[-7,1,58370],[1,-7,16172],[-5,-5,16172],[-2,-17,86521],[-7,-3,29764],[-3,6,11534],[-2,-1,11534],[-3,6,20670],[-3,-2,10701],[-4,4,0]],[[22216,10087,0],[4,14,9445],[3,-1,9445],[-1,7,24206],[3,3,11958],[-4,3,11958],[3,4,9989],[-3,2,0]],[[22076,10554,0],[6,3,7147],[3,0,7147],[4,2,22870],[7,9,44425],[2,15,16648],[3,3,177496],[18,0,33124],[1,-9,33124],[5,1,10211],[11,-2,13950],[3,-2,78262],[-2,-12,8210],[1,-3,10907],[-3,-3,10907],[1,-5,78262],[9,-7,7499],[14,-11,24793],[21,-14,9773],[4,1,8759],[-2,-3,8759],[4,-1,70186],[1,-5,13422],[-4,-9,10276],[2,0,0]],[[22164,10334,0],[-5,-4,13183],[-3,2,23024],[-4,-8,19899],[-4,1,13070],[-5,-5,0]],[[22143,10320,0],[-18,14,15870],[1,1,7261],[-4,3,46429],[7,12,46429],[-7,9,27938],[-4,1,10412],[-11,0,0]],[[22042,10418,0],[3,0,10068],[1,7,15087],[-5,1,15087],[-1,5,8672],[0,10,38243],[4,7,16587],[5,-1,38243],[4,17,15731],[1,11,15731],[4,16,76560],[-2,8,17491],[-1,20,7052],[-1,13,120813],[2,6,10820],[4,4,30275],[6,-3,19155],[7,3,7763],[1,2,35282],[1,8,7276],[1,2,0]],[[22065,10607,0],[-1,-5,8441],[-3,0,8441],[2,-4,8441],[-1,-9,14093],[0,-9,55162],[6,0,21145],[0,-11,21145],[3,-4,8133],[1,-4,8133],[4,-7,0]],[[21968,10361,0],[-40,6,29501],[-27,7,40840],[-25,1,0]],[[21836,10468,0],[8,-2,18484],[10,3,10940],[8,0,26542],[9,-6,21820],[8,2,194772],[1,6,12940],[-5,3,19956],[1,3,7956],[4,4,25386],[-2,6,12383],[-4,3,25386],[-2,16,9876],[-2,9,8233],[-1,9,70836],[4,21,17816],[3,6,44520],[-1,5,9111],[-4,5,30705],[1,6,8204],[-1,7,10787],[2,5,8786],[0,5,101575],[-19,8,37235],[4,6,7097],[1,2,0]],[[22276,9823,0],[7,2,0]],[[22283,9825,0],[3,3,12464],[9,4,38405],[8,-2,11669],[12,2,10805],[1,-2,22321],[7,1,7622],[5,2,59270],[4,4,12838],[-1,4,7488],[2,4,17445],[4,1,0]],[[22337,9846,0],[9,2,41609],[23,-26,0]],[[22369,9822,0],[3,-15,0]],[[22250,9703,0],[-9,44,0]],[[22727,10922,0],[-1,-3,16051],[16,-19,0]],[[22742,10900,0],[0,-49,0]],[[22742,10851,0],[0,-41,35522],[-4,-16,0]],[[22738,10794,0],[-19,-69,0]],[[22719,10725,0],[-12,-13,0]],[[22707,10712,0],[-33,-37,0]],[[22674,10675,0],[18,62,32477],[11,10,32477],[-4,10,6973],[-1,0,0]],[[22698,10757,0],[-4,7,24126],[0,7,9337],[2,7,11716],[0,6,34804],[5,13,115967],[-30,11,30655],[-7,-7,30655],[-5,9,15139],[-5,2,75998],[-4,6,8258],[0,4,19074],[3,8,182320],[-9,4,12361],[-10,1,26209],[0,-6,26209],[-7,-1,10351],[-11,1,22437],[-6,-4,16188],[-5,1,8899],[-3,-1,55500],[-4,-8,12621],[-4,-2,134215],[-2,5,7210],[-3,9,15158],[-7,14,37372],[-8,7,7849],[-2,4,13331],[-4,1,0]],[[22568,10855,0],[-27,31,0]],[[22541,10886,0],[5,12,0]],[[22455,10737,0],[9,8,15254],[6,10,31010],[5,16,69080],[6,4,11932],[9,2,37295],[2,3,8586],[4,3,8195],[2,4,17358],[4,0,17358],[4,5,7403],[2,4,12326],[4,2,0]],[[22512,10798,0],[10,-7,16734],[7,-1,0]],[[22529,10790,0],[-4,-11,18311],[-2,-17,83590],[2,-2,8334],[11,-6,40263],[-1,-2,8622],[3,-8,9921],[0,-10,51130],[3,-3,8402],[3,1,11915],[10,-1,0]],[[22554,10731,0],[-9,-28,23821],[3,-4,23821],[-3,-9,16216],[-2,-1,7861],[-4,-4,23821],[-5,-12,16149],[2,-7,16149],[-4,-5,0]],[[22532,10661,0],[-1,3,9519],[-5,1,11401],[0,3,19721],[-6,-4,9689],[-1,4,7368],[-2,-3,19721],[-3,6,60674],[-3,-4,11642],[-3,3,11642],[-2,-2,7815],[-3,1,7815],[-6,-2,32589],[1,-3,8832],[-3,-1,8832],[-2,-4,26140],[-3,0,7998],[-3,-4,13379],[-1,4,13656],[-4,-4,8839],[-3,0,58801],[-3,3,7246],[1,2,12694],[-7,5,0]],[[21734,10689,0],[5,-1,9370],[8,2,9370],[4,0,8200],[12,1,69807],[-4,-9,32193],[7,-9,10012],[3,-7,86751],[12,3,17264],[2,0,7161],[7,1,9898],[1,-2,20228],[18,5,0]],[[22358,10154,0],[1,-6,8170],[3,-2,7815],[1,-4,13678],[4,-4,29836],[5,1,9208],[3,3,20026],[2,-7,0]],[[22377,10135,0],[0,-1,6973],[2,-1,6973],[2,-5,22078],[17,-12,0]],[[22424,10289,0],[2,-2,14072],[0,-5,9205],[-3,-4,19037],[1,-7,9293],[2,-1,7421],[1,-5,58253],[-3,-1,13837],[2,-2,7229],[-3,-2,7888],[3,-3,13837],[-3,-4,16702],[-1,-6,8977],[2,-3,8977],[0,-5,16557],[-3,1,27772],[-2,-4,7873],[-4,0,7873],[1,-2,11565],[-3,-9,107839],[10,-3,22732],[1,-3,8248],[-2,-4,22732],[4,-2,9736],[11,-7,0]],[[22437,10206,0],[-1,-3,7276],[3,-4,18565],[-2,-18,47547],[-3,2,12780],[-3,-6,17856],[-8,2,0]],[[22051,10220,0],[16,-4,17971],[15,-7,0]],[[22063,10196,0],[-1,1,11157],[-9,-6,0]],[[22053,10191,0],[-2,-3,10798],[-8,-9,14258],[-5,-10,12371],[-4,-5,32794],[-5,2,0]],[[22029,10166,0],[-9,9,0]],[[22141,10196,0],[7,5,15002],[11,4,0]],[[22158,10164,0],[-3,-3,19286],[-6,3,10436],[-2,-1,10436],[-4,5,34243],[-10,-10,0]],[[22145,10078,0],[-2,4,0]],[[22143,10082,0],[4,1,15528],[-1,4,7841],[2,2,8391],[-1,4,16041],[4,1,28332],[3,-10,0]],[[21999,11674,0],[-10,-2,18006],[-11,1,12044],[-10,-2,22385],[-11,-4,22385],[-8,1,10257],[-11,-1,53882],[-1,5,26729],[-5,-2,7578],[-6,-4,19204],[-1,1,9910],[-8,-10,86934],[1,-5,10563],[-5,6,10563],[-22,6,7457],[-4,1,282636],[-4,-5,14463],[-2,-12,14463],[-5,-12,13231],[-5,-16,9276],[-4,-10,65625],[-2,-15,13344],[0,-11,26420],[-2,-8,10633],[-1,-12,10633],[-3,-11,0]],[[21859,11553,0],[-4,-3,22447],[-18,-7,13785],[-18,-5,0]],[[21818,11539,0],[0,8,10916],[-1,4,7520],[-1,10,25672],[2,9,9904],[1,19,25672],[1,1,9683],[-3,13,17685],[1,8,11118],[-1,11,8212],[1,5,50801],[-3,19,9003],[-2,14,160182],[1,1,7557],[1,9,7557],[2,9,20696],[3,7,7318],[3,10,46031],[-4,4,18098],[6,5,18098],[-1,6,11501],[2,4,15585],[1,14,11270],[-1,7,53815],[4,9,8159],[3,5,32696],[1,16,20521],[6,22,0]],[[21866,10340,0],[9,-17,33436],[9,-29,20386],[6,-24,203048],[20,-20,14651],[0,-4,14651],[2,-2,7054],[6,-1,60537],[10,1,13878],[0,2,8161],[5,2,87227],[1,-4,7340],[2,-1,7340],[4,-6,12085],[2,-7,8970],[4,-7,49104],[3,3,15354],[4,-8,15354],[15,-12,10619],[5,-5,87227],[7,-1,9339],[12,-2,16871],[11,-4,0]],[[22000,10187,0],[-12,-22,30259],[-6,-8,7271],[-6,-8,12374],[-6,-6,0]],[[22265,10823,0],[8,-3,15965],[10,-7,69974],[6,2,8685],[7,1,10805],[9,4,30437],[18,11,106883],[2,7,21584],[-10,3,42286],[2,5,7464],[5,9,16012],[5,4,39137],[-2,2,7167],[-7,0,22558],[3,8,83970],[19,-5,22401],[3,2,11703],[6,-1,0]],[[22451,10846,0],[-1,-5,7672],[-3,-7,26449],[-4,2,11283],[-5,-3,26449],[-4,-8,18861],[-11,-6,23829],[-2,-4,8674],[-6,-4,16042],[3,-3,51316],[-16,-13,24146],[-4,3,10891],[-2,-3,116604],[3,-10,12657],[-2,0,18251],[1,-8,9390],[4,-5,9390],[1,-7,0]],[[22403,10765,0],[-5,-6,36379],[-15,5,13849],[-7,0,10311],[-6,3,94077],[-7,-3,13496],[-5,-6,24430],[2,-6,24430],[-5,-7,7534],[-5,-6,17607],[-11,-10,0]],[[22339,10729,0],[-12,15,30971],[-3,-3,7573],[-2,-4,34316],[-15,6,25768],[-4,-1,9350],[-15,1,0]],[[22143,9910,0],[5,-4,10756],[1,3,16477],[5,-2,10724],[3,-5,37084],[2,7,23771],[12,0,0]],[[22277,10088,0],[3,-4,7042],[2,-4,13020],[1,-6,13020],[6,-11,24697],[4,-3,17947],[7,-10,10244],[4,-9,0]],[[21680,11237,0],[-3,2,6979],[-4,4,33753],[-3,-4,8054],[-3,-1,9360],[-8,-7,50339],[-1,5,7543],[-2,3,19062],[-8,6,147085],[-9,1,11222],[-7,-2,28245],[-9,-9,29444],[-3,0,7946],[-12,-5,7946],[-3,-2,7729],[-4,0,7729],[-19,-6,21964],[-9,-1,72468],[-3,-5,12225],[-6,-3,9261],[-5,-6,35048],[-9,-4,8431],[-9,-5,13063],[-13,-6,72468],[-6,0,14838],[-13,-3,11903],[-8,0,20224],[-10,-3,0]],[[22127,11536,0],[0,-7,13364],[4,-13,32973],[0,-8,7715],[-1,-15,19037],[2,-11,14577],[-1,-7,40636],[3,-7,12307],[5,-23,24351],[-1,-9,0]],[[22138,11436,0],[-10,-4,7978],[-5,-3,10369],[-8,-2,43920],[-2,8,9000],[-2,3,43920],[-13,-7,10676],[-7,-5,43920],[-12,-1,20672],[0,-5,10181],[-2,-1,7023],[-1,3,10181],[-6,-1,7935],[-3,-2,23049],[-10,-1,7469],[-3,1,7229],[-3,-1,23049],[-11,-5,0]],[[22040,11413,0],[-5,10,17585],[-7,21,12464],[-4,2,8702],[1,2,8702],[-2,6,43127],[-10,7,66200],[1,5,10166],[-3,0,10166],[-3,10,9223],[-1,4,25760],[-4,6,9081],[0,3,13440],[-6,7,38791],[5,9,7624],[1,4,19102],[-1,4,8386],[-3,0,13420],[-1,-6,22506],[-3,4,10038],[0,5,11888],[-3,0,11888],[0,6,291546],[-6,5,16953],[-12,2,18775],[-4,5,7515],[-2,1,18775],[-6,-3,17203],[-3,1,8855],[-1,4,83911],[-16,-7,18908],[-9,-5,9873],[-2,-3,7070],[-4,-2,124397],[-3,0,8340],[-1,4,8340],[-10,12,14097],[-2,-1,13393],[-6,9,78556],[-15,-3,12050],[-25,-3,65492],[-6,15,0]],[[22161,10079,0],[20,4,0]],[[22186,10066,0],[2,-9,14510],[-4,-2,10824],[2,-4,25740],[-7,-1,0]],[[22156,10106,0],[5,0,14366],[23,-5,20176],[2,-2,0]],[[22186,10099,0],[-1,-1,7961],[-11,-1,9585],[-3,1,7628],[0,-2,30994],[7,-6,10655],[5,-2,0]],[[22160,10085,0],[-4,20,0]],[[22272,9944,0],[14,4,0]],[[22286,9948,0],[1,-4,9385],[3,-1,12578],[4,-11,21692],[3,-2,8364],[3,1,15028],[3,-7,55486],[3,-1,9142],[4,4,9021],[3,-1,22701],[2,9,0]],[[22315,9935,0],[4,2,0]],[[22332,9907,0],[-20,-5,12336],[-23,-7,0]],[[22289,9895,0],[-4,10,10105],[-1,0,0]],[[22380,10019,0],[0,-6,15225],[6,-15,69383],[-2,-5,12858],[-7,-4,18568],[2,-5,12128],[-3,-6,18568],[-5,0,52397],[4,-13,11608],[1,-9,39189],[-8,-10,0]],[[22368,9946,0],[-16,-4,0]],[[22332,9907,0],[7,-26,57229],[20,-7,84027],[10,-52,0]],[[22051,10141,0],[3,-3,11343],[7,0,18780],[3,6,17227],[3,0,8381],[1,-4,8180],[2,1,33664],[2,-9,0]],[[22072,10132,0],[-1,-5,10475],[2,-2,14314],[-2,-7,11361],[2,0,8059],[-1,-6,0]],[[22027,10111,0],[-5,5,0]],[[22022,10116,0],[7,9,7956],[5,4,22636],[17,12,0]],[[22111,10084,0],[3,7,0]],[[22131,10111,0],[8,-23,11083],[4,-6,0]],[[22132,10042,0],[-4,7,7606],[-6,9,21864],[-8,6,42922],[0,11,13704],[3,1,13704],[-6,8,0]],[[22568,10855,0],[-2,-30,73475],[3,-3,7746],[2,-5,16696],[5,0,16696],[1,-7,30600],[4,-2,7464],[10,-4,105316],[-2,-10,14614],[0,-19,8588],[-1,-7,44231],[-3,-5,10780],[-6,-6,174002],[-20,22,54654],[-3,-1,15945],[-12,6,12287],[-1,3,19124],[-9,0,14029],[-5,3,0]],[[22512,10798,0],[1,6,12590],[5,8,7608],[1,0,7242],[3,6,37653],[-2,4,10663],[4,4,12231],[2,24,39351],[15,36,0]],[[22145,10242,0],[1,0,7796],[4,-9,16489],[2,-3,7127],[5,-3,0]],[[22583,9961,0],[-76,2,0]],[[22507,9963,0],[9,85,58985],[0,33,11044],[0,7,21915],[2,8,7537],[1,8,18148],[-1,2,6973],[0,11,0]],[[22518,10117,0],[1,5,6973],[1,4,15114],[6,9,18104],[3,10,25910],[4,3,8381],[3,5,0]],[[22536,10153,0],[25,-2,0]],[[22561,10151,0],[0,-16,50037],[26,-45,0]],[[22587,10090,0],[-17,-63,115455],[13,-66,0]],[[22286,9948,0],[0,3,0]],[[22108,10091,0],[-10,-6,9209],[-13,-6,49649],[-2,5,7931],[2,2,7931],[-2,3,12913],[2,6,0]],[[22145,9814,0],[8,-1,12436],[3,-5,10186],[3,1,27876],[4,-10,0]],[[22163,9799,0],[1,-4,6973],[7,-14,78951],[70,-34,0]],[[22193,10100,0],[-7,-1,0]],[[22029,10166,0],[0,-3,9648],[-5,-3,13617],[2,-2,8519],[-3,-4,0]],[[22023,10154,0],[-2,-3,9111],[-3,2,21019],[-15,-18,0]],[[22072,10132,0],[3,4,0]],[[22049,9982,0],[18,16,22387],[7,7,7563],[9,11,0]],[[22083,10016,0],[11,2,25119],[7,3,9738],[11,8,0]],[[22047,9938,0],[-5,6,12950],[2,4,12950],[-1,9,11029],[-3,7,18903],[1,4,7065],[-1,6,0]],[[22464,10373,0],[2,-4,8580],[-2,-4,8580],[1,-6,32050],[3,2,9514],[8,0,45065],[6,-1,11203],[6,-5,20843],[9,-4,10689],[6,0,10689],[17,-6,71325],[8,0,15795],[5,3,7842],[6,3,32350],[5,-3,7722],[3,-3,0]],[[22547,10345,0],[2,-1,6973],[0,0,6973],[1,0,39096],[-9,-39,27252],[-9,-30,71314],[4,-2,6973],[6,-4,0]],[[22542,10269,0],[1,-1,0]],[[22543,10268,0],[-1,-35,62454],[16,-17,0]],[[22558,10216,0],[-71,-18,0]],[[22487,10198,0],[-7,0,7545],[-5,2,0]],[[22475,10200,0],[-4,2,11810],[-13,4,30095],[-7,-2,14584],[-14,2,0]],[[22339,10729,0],[10,-3,28088],[23,-15,16137],[11,-5,0]],[[22259,10549,0],[-1,36,22679],[-1,9,8670],[-1,4,38407],[0,7,7916],[-1,2,7916],[2,6,11452],[3,6,8736],[-1,1,0]],[[22655,10609,0],[-22,-74,0]],[[22633,10535,0],[-32,46,89580],[-20,-10,0]],[[22581,10571,0],[-7,10,0]],[[22574,10581,0],[-1,4,7648],[0,8,20095],[-5,1,13000],[-2,6,29626],[3,2,8694],[2,6,75046],[-4,5,13321],[-5,1,19452],[-2,8,30573],[-4,4,12560],[-8,4,7000],[-5,2,7000],[-2,2,61848],[-1,6,13921],[-5,3,22145],[4,5,8193],[-3,-1,8193],[-2,3,8076],[2,2,16607],[-4,9,0]],[[22554,10731,0],[8,-3,16319],[2,-4,12367],[6,-3,7101],[2,1,7101],[1,-4,34182],[9,-16,34182],[7,-2,15770],[3,5,0]],[[22592,10705,0],[6,4,72397],[63,-80,0]],[[22661,10629,0],[-6,-20,0]],[[22251,9972,0],[3,1,12621],[9,-4,26818],[4,2,12843],[-1,7,55726],[-6,14,10054],[-4,13,0]],[[22190,10082,0],[3,-4,8809],[1,-6,30992],[4,0,10320],[2,3,19602],[9,-4,0]],[[22209,10071,0],[2,-15,31498],[-7,-3,19907],[-1,-3,7627],[1,-4,7627],[-1,-2,0]],[[22203,10044,0],[-5,-21,0]],[[22507,9963,0],[-38,26,0]],[[22469,9989,0],[11,118,64391],[-3,26,0]],[[22477,10133,0],[-3,12,33488],[0,7,7006],[1,1,12411],[6,24,0]],[[22481,10177,0],[6,21,0]],[[22558,10216,0],[3,-65,0]],[[22081,10053,0],[10,-1,16761],[6,-4,0]],[[22097,10048,0],[-8,-20,13787],[-6,-12,0]],[[22134,10252,0],[3,0,9876],[8,8,17407],[5,8,11795],[4,3,6991],[3,3,43142],[-2,9,12814],[2,2,27272],[9,-8,12004],[1,-5,0],[1,-16,33318],[-3,-9,12237],[-4,-7,12237],[-4,-13,0]],[[22003,10135,0],[3,-2,14103],[-5,-6,28841],[9,-8,22379],[-5,-5,22018],[8,-7,0]],[[22013,10107,0],[-14,-11,19472],[-3,-4,7094],[-2,-4,42683],[2,-13,0]],[[22001,10029,0],[-16,-2,13675],[-46,-6,0]],[[22216,10087,0],[0,-8,8189],[1,-2,0]],[[22217,10077,0],[0,-3,11902],[-8,-3,0]],[[22581,10571,0],[-16,-37,52620],[-8,2,6973],[-2,0,0]],[[22555,10536,0],[-9,3,18107],[3,0,8924],[1,4,18466],[-12,10,8389],[-3,1,36841],[-11,1,31460],[-7,8,12244],[-5,1,11202],[-5,6,113622],[-6,0,15977],[0,-6,15977],[-7,0,12568],[-1,-3,12568],[-3,-1,7247],[-5,-2,20057],[-6,1,7764],[-4,-1,20057],[-2,-6,0]],[[22674,10675,0],[-8,-27,0]],[[22666,10648,0],[-5,-19,0]],[[22097,10048,0],[14,36,0]],[[22066,11364,0],[0,2,7710],[-6,8,27809],[5,3,11358],[1,6,49120],[-9,-1,17636],[-1,4,14027],[-9,1,49120],[-1,8,8230],[1,3,8202],[-2,2,13843],[1,4,24336],[-6,9,0]],[[22138,11436,0],[2,-7,23875],[-2,-1,9015],[-2,-6,9015],[-4,-3,23875],[-3,-7,11116],[-3,-12,90132],[3,-18,10089],[-1,-5,10089],[3,-10,27051],[3,-4,21318],[1,-7,9443],[1,-14,18514],[3,-9,109914],[-3,-10,8021],[-3,-7,37170],[-5,-6,15278],[-11,-6,109914],[1,-7,10291],[5,-11,27703],[6,-5,14382],[6,-10,41773],[4,-1,11851],[-4,-4,11851],[1,-5,8255],[0,-5,18559],[3,-6,249935],[-9,-6,24464],[-6,7,24464],[-4,-4,15723],[1,-9,32556],[-3,-3,8847],[-8,-14,82689],[-22,14,0]],[[22045,10084,0],[-6,9,10285],[1,1,0]],[[22053,10191,0],[10,-18,11833],[-4,-2,11833],[3,-3,11202],[4,1,11833],[2,-6,26519],[4,1,7610],[1,-2,0]],[[22056,10156,0],[-1,-9,0]],[[22055,10147,0],[-11,2,15226],[-3,-3,29867],[-18,8,0]],[[22265,10117,0],[0,-10,18772],[6,-9,27875],[-3,-9,0]],[[22252,10071,0],[-11,-10,31686],[-4,4,14279],[-3,-5,14279],[-7,0,9786],[-2,2,56154],[1,7,22919],[-4,6,11191],[-3,-1,8221],[-2,3,0]],[[22127,10270,0],[0,2,10545],[7,20,16642],[3,3,26016],[3,11,10032],[1,11,14223],[2,3,0]],[[22469,9989,0],[-51,69,0]],[[22051,10141,0],[4,6,0]],[[22409,10749,0],[-6,16,0]],[[22233,11148,0],[-5,-5,13119],[-2,-8,40058],[-5,1,12778],[-1,-4,11638],[-5,0,23426],[-2,4,10375],[-4,2,90252],[-14,28,45543],[-2,3,11720],[-14,8,144000],[-7,-5,15831],[-4,6,15831],[-2,-1,8185],[-1,-6,16231],[-2,0,8598],[-4,4,16231],[-1,-6,27348],[-17,-2,64537],[-1,-4,8936],[-4,-2,7183],[-2,-4,14691],[-6,-4,14691],[-6,-9,13096],[-4,1,12326],[-1,-6,64537],[-6,20,124733],[-2,-1,10520],[-11,5,12877],[-3,3,12877],[-9,3,8497],[-8,5,19134],[-5,-1,16422],[-2,8,17809],[-7,0,0]],[[22633,10535,0],[-13,-46,0]],[[22620,10489,0],[-22,-74,37959],[-2,-18,0]],[[22596,10397,0],[-20,-162,128001],[-18,-19,0]],[[21659,10939,0],[5,2,8947],[6,4,19467],[12,2,41255],[6,4,9814],[3,5,12307],[4,2,9540],[5,5,84647],[12,2,17273],[7,-1,10283],[11,1,45901],[19,9,28764],[14,4,13446],[4,-1,0]],[[22022,10116,0],[-9,-9,0]],[[22816,10882,0],[-19,-6,16270],[-12,-2,0]],[[22785,10874,0],[-19,-1,0],[1,-18,0]],[[22767,10855,0],[0,-6,22072],[-13,2,0]],[[22754,10851,0],[-12,0,0]],[[22742,10900,0],[16,15,0]],[[22758,10915,0],[6,5,8220],[3,3,27721],[9,2,10928],[6,3,6988],[4,0,0]],[[22786,10928,0],[6,3,9713],[6,0,64880],[0,-4,10200],[4,0,12115],[2,-6,16652],[9,-8,16652],[15,-18,16194],[9,-9,0]],[[22837,10886,0],[-3,-4,0]],[[22834,10882,0],[-4,3,17505],[-14,-3,0]],[[22583,9961,0],[18,-91,0]],[[22949,10649,0],[-2,0,8730],[1,7,9631],[1,0,9631],[1,7,8618],[2,13,0]],[[22952,10676,0],[6,-7,8261],[3,-1,24623],[4,7,24623],[10,-2,20513],[9,5,11774],[5,0,90618],[3,5,13001],[7,4,14112],[-1,6,14112],[5,1,30496],[-1,9,43796],[5,1,13339],[0,3,7029],[2,1,7029],[1,3,20503],[8,1,0]],[[23018,10712,0],[3,0,6973],[6,-5,30853],[11,-24,56524],[22,-7,83062],[33,-54,193325],[8,-86,0]],[[23101,10536,0],[-47,-5,0]],[[23054,10531,0],[-26,15,53280],[-13,24,0]],[[23015,10570,0],[10,55,95679],[-24,7,0]],[[23001,10632,0],[-2,3,12747],[-9,0,20682],[-16,10,17212],[-16,7,44500],[-9,-1,11173],[0,-2,0]],[[22952,9838,0],[-3,-99,32853],[5,-13,32853],[-5,-23,74597],[2,-21,23783],[4,0,6973],[0,-1,0]],[[22955,9681,0],[0,-5,11172],[-2,-11,53472],[5,-28,12384],[4,-22,29721],[-2,-1,15525],[10,-16,26460],[-3,-4,17080],[3,-10,0]],[[22970,9584,0],[145,-206,494273],[197,-538,1969371],[-116,-1458,0]],[[23196,7382,0],[-312,28,0]],[[22884,7410,0],[114,1458,1338660],[-81,626,150646],[-11,196,150646],[-18,54,44832],[-4,28,0]],[[22884,9772,0],[9,1,0]],[[22893,9773,0],[1,-1,8384],[7,-1,14469],[1,3,7525],[4,0,45321],[-1,11,11604],[-3,12,51525],[3,5,20710],[4,0,8618],[1,-2,9658],[6,0,15004],[0,4,10552],[5,-1,0]],[[22921,9803,0],[4,-1,32760],[15,35,51704],[12,1,0]],[[22730,10966,0],[32,-1,12530],[2,0,6973],[3,-1,0]],[[22767,10964,0],[11,0,9578],[7,-1,0]],[[22785,10963,0],[-4,-19,14445],[1,-6,0]],[[22782,10938,0],[-2,-2,13212],[6,-8,0]],[[23683,10597,0],[-91,250,0]],[[23683,10597,0],[-197,-93,824264],[-56,34,139777],[-15,34,48090],[-14,10,48103],[-15,35,450919],[-180,51,18517],[-114,32,299455],[-16,-6,115921],[-64,52,29847],[-11,6,29847],[-33,29,0]],[[22968,10781,0],[-15,18,62990],[-4,14,22015],[-4,31,47816],[-12,22,0]],[[22933,10866,0],[17,42,52986],[0,23,0]],[[23000,10859,0],[-1,-1,6973],[-1,-1,0]],[[22998,10857,0],[-9,-17,40412],[2,-9,18103],[2,-2,7125],[4,0,40412],[-2,-2,9308],[-1,-7,13148],[-3,0,28313],[1,-8,10411],[-3,-2,9846],[4,-1,9846],[1,-6,129672],[6,0,7206],[3,2,16544],[1,-5,12627],[5,1,45334],[1,-6,13048],[-5,0,23188],[5,-16,62448],[27,-4,16691],[2,-2,0]],[[23039,10773,0],[3,-3,6973],[1,-1,6973],[4,-3,18641],[12,-5,228693],[533,86,0]],[[22921,10398,0],[-2,0,13700],[2,18,25073],[-1,10,9604],[-4,11,29400],[4,0,17458],[4,9,11675],[-1,4,29400],[-8,3,41310],[0,3,7745],[-2,5,19815],[4,9,13490],[0,7,96989],[15,3,19184],[3,-1,9907],[-1,5,0]],[[22934,10484,0],[3,1,8975],[14,-3,25475],[1,5,13710],[6,1,25475],[7,-4,7325],[4,-1,81524],[2,-13,24392],[-1,-4,8890],[-4,-9,43371],[5,-3,7854],[5,-1,0]],[[22976,10453,0],[-8,-11,14585],[-10,-10,99515],[2,-2,7309],[5,0,10225],[4,-4,13675],[7,-1,18957],[11,-8,53312],[-3,-6,7816],[-2,-2,35871],[7,-2,19137],[2,-4,10746],[7,-7,0]],[[22998,10396,0],[23,3,88787],[54,-44,253992],[-26,-114,0]],[[23049,10241,0],[-12,6,0]],[[23037,10247,0],[-80,41,0]],[[22957,10288,0],[13,27,61451],[-15,12,0]],[[22955,10327,0],[-3,43,90041],[-14,5,19063],[0,3,7643],[-3,3,19063],[-3,-3,10237],[-4,1,48413],[0,18,28205],[-6,4,13167],[-1,-3,0]],[[22822,10811,0],[13,-7,25554],[4,6,9187],[1,-1,25554],[23,1,14007],[8,1,29943],[22,0,16738],[10,-2,0]],[[22903,10809,0],[1,-9,9090],[2,-2,26194],[-5,-4,9381],[-4,-1,28704],[1,-13,17532],[4,-2,17532],[-2,-2,8844],[-4,-8,98014],[7,-2,29491],[15,-15,9299],[10,-10,0]],[[22928,10741,0],[-9,-5,15490],[-8,-9,18106],[-3,0,7857],[-7,-4,13449],[-4,-4,103402],[-6,2,19708],[-3,3,8334],[-6,10,54033],[-5,2,14328],[-14,2,25463],[-4,7,25463],[-9,-4,12221],[-1,-4,0]],[[22849,10737,0],[-11,1,8810],[-2,1,43758],[-11,12,8968],[-3,1,8968],[-4,5,18871],[-8,5,7121],[-5,4,0]],[[22805,10766,0],[3,4,8883],[5,11,23933],[3,16,17719],[6,14,0]],[[22852,10501,0],[0,1,8994],[11,0,50314],[6,12,7878],[1,3,24720],[0,13,23358],[7,12,0]],[[22877,10542,0],[16,-5,13657],[2,-2,46297],[7,2,7708],[7,2,13077],[5,-2,13077],[1,5,27221],[10,-1,0]],[[22925,10541,0],[-2,-13,7234],[0,-8,46746],[2,-11,14368],[6,-11,14368],[3,-14,0]],[[22921,10398,0],[-3,-10,17031],[-6,-2,52101],[-3,1,8226],[-7,4,22401],[2,6,15307],[-7,1,15307],[-1,3,7297],[-2,-1,8182],[-2,5,106849],[-6,0,20021],[-3,-6,9573],[-3,-4,27744],[3,-2,9201],[6,0,27744],[-5,-17,22861],[-2,-24,11304],[-2,-3,0]],[[22880,10349,0],[0,0,6973],[0,-1,6973],[-5,-23,0]],[[22875,10325,0],[-17,16,0]],[[22858,10341,0],[-6,6,25637],[-39,21,0]],[[22813,10368,0],[3,7,6973],[0,0,6973],[0,1,0]],[[22816,10376,0],[0,5,8870],[3,9,27157],[9,-2,15597],[1,4,16036],[10,-2,16036],[0,3,27157],[-14,4,0]],[[22825,10397,0],[1,13,32432],[4,10,9508],[1,6,12822],[11,27,41176],[-1,5,13683],[5,7,10715],[0,4,22375],[-4,2,35305],[4,6,14691],[-1,8,18588],[6,10,10592],[1,6,0]],[[22903,10809,0],[7,1,17439],[12,8,40990],[-6,11,0]],[[22916,10829,0],[7,13,0]],[[22923,10842,0],[10,24,0]],[[22968,10781,0],[-12,-21,6973],[-2,-4,0]],[[22954,10756,0],[-1,-1,0]],[[22953,10755,0],[-2,-1,0]],[[22951,10754,0],[-1,0,0]],[[22950,10754,0],[-4,-2,7771],[-5,-3,7771],[-9,-4,18453],[-4,-4,0]],[[22840,10506,0],[8,-3,9115],[0,-3,9115],[3,2,7105],[1,-1,0]],[[22825,10397,0],[-14,4,50032],[3,11,7959],[1,6,21119],[-6,1,19171],[4,9,51176],[-14,5,148962],[-1,9,22765],[10,1,32338],[3,16,11196],[4,12,47954],[6,-1,17954],[0,8,17954],[10,12,17823],[9,16,0]],[[22837,10886,0],[9,6,11001],[2,4,34050],[2,14,8377],[1,4,0]],[[22851,10914,0],[2,3,0]],[[22853,10917,0],[11,-3,14578],[1,3,15059],[12,-4,54988],[13,7,16243],[6,1,7022],[6,2,14895],[4,3,0]],[[22906,10926,0],[0,1,6973],[2,1,6973],[1,1,14355],[38,23,0]],[[22916,10829,0],[-3,6,43302],[-2,-1,8371],[-5,3,8937],[-13,5,20654],[0,3,9537],[-4,1,26611],[-34,20,43302],[0,4,11690],[-7,1,11690],[0,3,8083],[-3,2,23934],[-12,-1,23934],[1,7,0]],[[22767,10855,0],[3,0,16157],[16,14,25888],[-1,5,0]],[[22816,10882,0],[5,-18,7801],[3,-11,7801],[1,-4,29214],[4,-4,11663],[3,1,29214],[1,-10,7530],[-1,-8,75232],[-2,-1,9890],[-1,-8,15555],[-7,-8,0]],[[22805,10766,0],[-3,2,8423],[0,3,10583],[-5,4,23955],[-15,4,28530],[-3,5,11739],[-7,3,11739],[0,3,59318],[-11,-6,28586],[-8,3,7932],[-2,2,0]],[[22751,10789,0],[-1,1,6973],[-1,1,8304],[-11,3,0]],[[22802,10117,0],[6,4,16233],[4,7,8108],[7,7,30598],[5,1,19285],[-2,11,87371],[20,2,8220],[4,1,24207],[7,-2,11153],[9,0,50222],[-2,10,20611],[5,-3,11007],[1,3,0]],[[22866,10158,0],[1,3,6973],[0,0,17819],[18,6,0]],[[22885,10167,0],[16,0,22483],[22,-6,0]],[[22923,10161,0],[-12,-56,131012],[-28,-6,65997],[-21,-30,28976],[-3,0,6973],[-2,0,0]],[[22857,10069,0],[-1,-4,11667],[-5,-1,20552],[-2,8,20552],[-11,-3,62150],[1,-8,19501],[-7,0,19501],[-4,-3,8234],[-2,-6,9681],[-5,-3,29030],[-4,-1,7305],[-2,1,20453],[-4,-7,9750],[-3,-3,77923],[-4,17,26809],[-6,-4,0]],[[22798,10052,0],[-2,7,9356],[1,4,21075],[-3,2,12518],[-2,5,7619],[1,3,12140],[-3,1,34113],[3,10,11493],[0,4,29067],[-5,2,21371],[-1,4,8015],[2,2,12274],[-2,8,80051],[9,3,11935],[6,4,23744],[0,6,0]],[[22792,11053,0],[-2,-8,14255],[2,-1,9413],[-2,-7,9413],[1,-6,16800],[-4,-13,16279],[1,-5,16988],[-3,-50,0]],[[22950,10754,0],[6,-13,7346],[2,-3,23786],[9,-7,10999],[2,-3,95984],[-3,-13,15135],[-7,-24,26318],[-6,-11,10771],[-1,-4,0]],[[22949,10649,0],[-2,-7,10856],[1,-8,23998],[5,-7,0]],[[22953,10627,0],[-7,-6,21441],[-9,2,78855],[0,-4,8534],[3,0,10920],[-1,-5,17435],[-5,1,17435],[-3,-7,7760],[-3,-5,30003],[-1,-7,7197],[-2,-8,9967],[1,-4,9967],[-3,-8,45767],[-6,1,19070],[2,-10,19070],[-3,-2,8516],[-5,-6,118643],[-4,2,9498],[-4,6,17670],[-6,14,17670],[-3,0,0]],[[22894,10581,0],[-1,5,9705],[-5,9,35071],[3,2,15899],[-2,5,8942],[-1,5,19222],[-4,-1,11397],[-3,5,19222],[3,6,21234],[-1,10,13527],[1,10,110954],[-2,2,8363],[-5,0,12584],[-1,-3,12584],[-10,-2,29030],[-3,5,21021],[-8,1,9295],[-1,4,9295],[-2,-5,9295],[-2,0,0]],[[22850,10639,0],[1,11,29030],[-6,16,12883],[-5,7,78041],[2,8,6987],[-1,1,15833],[6,19,38682],[-1,9,14118],[3,6,20558],[-2,8,9069],[-1,7,20558],[3,6,0]],[[22925,10541,0],[3,-2,16772],[8,9,25762],[12,0,32279],[7,3,11107],[2,-2,10827],[3,7,17013],[3,-3,17013],[4,4,9466],[-2,1,7426],[3,3,40541],[4,0,10973],[6,-5,39605],[2,3,10882],[11,9,18058],[7,2,0]],[[22998,10570,0],[3,2,0]],[[23001,10572,0],[14,-2,0]],[[23054,10531,0],[-13,-10,0]],[[23041,10521,0],[-2,-7,13361],[-6,-16,18260],[-3,-3,74542],[-9,2,8955],[-4,2,8955],[-5,0,18690],[-7,2,8725],[-4,3,100914],[-3,-6,7058],[-2,-1,9861],[-3,-6,37919],[5,-9,11608],[2,-7,65226],[-7,-5,23730],[-6,1,9163],[-4,3,48730],[-2,-9,13417],[-5,-12,0]],[[22813,9964,0],[3,1,7018],[9,-1,17983],[11,-5,35871],[3,-9,28908],[5,-2,10771],[10,-2,0]],[[22854,9946,0],[-1,-6,18640],[-3,2,9791],[-5,-2,36407],[3,-10,10106],[4,-8,80432],[-6,-3,7497],[0,-1,7497],[-6,-1,43702],[-3,1,11132],[-2,10,23399],[-6,-1,16901],[-4,7,62098],[-3,-7,13394],[0,-6,8397],[3,0,7450],[0,-3,8397],[-3,0,8397],[0,-3,34646],[-7,0,12176],[-2,3,0]],[[22813,9918,0],[-1,6,7535],[1,0,9519],[-1,10,12989],[2,2,12989],[-1,13,8794],[0,6,13450],[-3,6,13450],[0,3,7281],[3,0,0]],[[22850,10637,0],[0,2,0]],[[22894,10581,0],[1,-5,28845],[-4,-7,9917],[-2,0,9917],[-1,-5,12285],[-6,-8,20995],[-5,-14,0]],[[22840,10506,0],[2,5,9200],[1,8,33969],[-3,1,9041],[-8,6,42989],[3,1,12831],[7,9,42989],[-1,9,24604],[3,12,13931],[4,7,10890],[-1,2,8149],[2,4,36188],[-5,2,0]],[[22844,10572,0],[4,12,18750],[2,19,18750],[2,5,7928],[2,0,14786],[2,8,8656],[0,5,54361],[-6,16,0]],[[22700,10297,0],[53,-4,167189],[5,39,57195],[17,32,129975],[33,7,27871],[5,-3,0]],[[22858,10341,0],[-20,-24,7357],[-1,-1,6973],[-1,-1,0]],[[22836,10315,0],[2,-13,28811],[-2,-1,9283],[-3,-5,20266],[1,-5,9840],[-2,-9,90772],[-7,3,39480],[-3,-9,17094],[-1,-2,7524],[-5,-2,17094],[-2,-10,16294],[-5,-4,51970],[-10,-1,9805],[-6,2,9805],[-2,-2,193097],[2,-13,15412],[4,1,15412],[0,-8,11620],[-3,-1,18156],[0,-10,8586],[1,-9,15204],[3,-5,8146],[2,-6,15204],[-2,-3,62007],[5,-11,26984],[-10,0,39154],[2,-4,8625],[-3,-1,15912],[1,-10,10006],[0,-8,11452],[1,-5,11452],[-1,-8,21484],[3,-1,19056],[-2,-8,11184],[2,-5,7302],[-1,-4,0]],[[22795,10138,0],[-5,2,13379],[0,5,33954],[-6,-1,6984],[-5,1,8485],[0,3,8485],[-4,-2,13585],[-1,2,9586],[-4,-4,13585],[-9,2,0]],[[22761,10146,0],[-5,-1,10217],[-16,-3,24929],[-16,-7,0]],[[22724,10135,0],[-25,106,100617],[1,56,0]],[[22854,9946,0],[6,1,10887],[10,0,7167],[6,0,0]],[[22876,9947,0],[19,-7,80454],[6,25,34723],[-1,25,161972],[21,14,52110],[23,-5,73448],[15,22,73448],[70,35,334688],[178,15,479252],[51,124,0]],[[23258,10195,0],[143,-183,0]],[[23401,10012,0],[-298,-72,179450],[-72,-34,332502],[-19,-89,195329],[-49,21,37758],[-11,0,0]],[[22884,9772,0],[1,18,47644],[-13,6,14834],[-6,1,78198],[-16,-16,12681],[-6,-4,0]],[[22844,9777,0],[-3,0,9657],[-5,-3,20836],[1,5,11038],[-3,4,20836],[-6,-4,0]],[[22828,9779,0],[-1,-2,6973],[-2,-2,9299],[-5,-1,32342],[-10,7,11611],[-7,2,49982],[-2,9,16154],[-5,3,11459],[-1,5,0]],[[22795,9800,0],[1,6,0]],[[22796,9806,0],[-1,9,8270],[-1,9,13832],[-1,9,7224],[0,4,68365],[17,2,13809],[6,3,103547],[2,7,17340],[-4,11,27962],[6,3,27962],[-3,15,17248],[1,7,47634],[-1,0,7399],[-2,5,7399],[-2,2,12007],[0,5,8243],[-2,1,10427],[-7,9,47634],[3,3,7660],[-2,1,12766],[8,7,0]],[[23551,10959,0],[-53,119,0]],[[23592,10847,0],[-41,112,0]],[[22923,10161,0],[43,-3,93691],[43,27,175905],[28,62,0]],[[23049,10241,0],[83,-42,181360],[126,-4,0]],[[22813,9964,0],[-2,6,8049],[-1,11,19500],[-4,3,0]],[[22806,9984,0],[-3,11,8603],[-2,0,8603],[1,6,12505],[-4,11,19771],[-2,-1,9327],[-3,5,15467],[1,8,8382],[-2,0,63202],[3,10,10197],[5,10,24628],[-2,8,0]],[[22744,10634,0],[-8,-18,12313],[-2,-3,83080],[-7,11,19686],[-9,7,15688],[-6,9,47386],[-2,-3,10611],[-2,5,11864],[-4,-4,16293],[-4,2,7195],[-2,2,0]],[[22698,10642,0],[-17,2,19135],[-15,4,0]],[[22707,10712,0],[5,-1,6973],[0,-1,6973],[1,0,0]],[[22713,10710,0],[3,-3,8232],[2,1,8262],[8,-4,8351],[4,-1,8351],[10,-4,20931],[6,0,47702],[1,-3,8565],[3,-4,8565],[2,-5,122840],[-1,-12,8946],[0,-8,19813],[4,-6,19813],[-6,-7,27056],[-2,-7,9057],[-3,-13,0]],[[22795,9800,0],[-4,-4,9048],[-4,-7,39010],[-4,3,10166],[-3,-2,16880],[-6,9,87927],[-128,-60,0]],[[22611,9821,0],[22,42,95231],[21,18,38715],[26,12,114028],[20,52,114028],[30,18,29948],[16,5,0]],[[22746,9968,0],[5,1,12468],[-1,5,21751],[6,1,10366],[0,-3,11745],[6,1,0]],[[22762,9973,0],[3,-12,21591],[5,-8,8533],[2,-6,8533],[4,-5,0],[7,12,11181],[2,6,24840],[5,-1,15304],[2,9,13423],[3,-1,36596],[-1,9,0]],[[22794,9976,0],[0,2,7504],[6,2,14980],[4,-3,14980],[2,7,0]],[[22596,10397,0],[26,-3,60656],[43,-28,105510],[21,-33,0]],[[22686,10333,0],[14,-36,0]],[[22724,10135,0],[-17,-36,166814],[-47,-15,95041],[-73,6,0]],[[23258,10195,0],[-112,311,263028],[-45,30,0]],[[23732,10516,0],[-49,81,0]],[[23718,10125,0],[8,223,10547],[6,168,0]],[[23717,10088,0],[1,37,0]],[[23717,10088,0],[-316,-76,0]],[[22864,10988,0],[0,-17,8285],[-1,-18,43919],[-4,-21,20562],[-6,-15,0]],[[22851,10914,0],[-10,4,9133],[-8,3,14698],[-14,4,26848],[-16,8,35102],[-21,5,0]],[[23669,10009,0],[48,73,41482],[0,6,0]],[[23717,9665,0],[-102,262,385015],[54,82,0]],[[23804,9440,0],[-87,225,0]],[[23804,9440,0],[-53,-150,254820],[-33,-146,15534],[-82,-370,1006517],[-128,-1421,0]],[[23508,7353,0],[-61,7,37554],[-251,22,0]],[[22875,10325,0],[30,-29,76992],[34,-2,0]],[[22939,10294,0],[-17,-48,37464],[-9,-19,11893],[-4,-5,0]],[[22909,10222,0],[-6,-8,8465],[-3,-4,0]],[[22900,10210,0],[-15,-21,46452],[0,-22,0]],[[22802,10117,0],[0,3,7419],[-3,2,13908],[-4,16,0]],[[22744,10634,0],[6,4,16383],[2,7,43334],[15,0,9112],[9,-1,80504],[20,-10,17398],[6,-1,8301],[1,2,7388],[5,0,16217],[-1,-4,47886],[8,-1,10261],[1,2,10261],[6,-3,11168],[1,3,11168],[6,-3,15823],[6,0,7807],[6,-2,9191],[2,-3,8862],[4,1,75853],[1,8,9827],[2,4,0]],[[22844,10572,0],[-2,-6,0]],[[22842,10566,0],[-11,5,20541],[-2,-3,9678],[-4,0,41824],[6,15,86137],[-9,1,10964],[-2,3,10964],[-5,-1,8193],[0,-2,17097],[-9,2,43926],[-13,-3,7594],[-9,-2,21822],[-2,-4,18524],[-6,3,11789],[-7,0,86137],[2,11,35031],[-13,9,32861],[-4,-10,40029],[-3,3,10834],[-9,3,27199],[-16,0,15303],[-1,1,7330],[-9,2,27199],[-5,5,77988],[-13,-3,11006],[-11,-3,0]],[[22687,10598,0],[-3,-3,18078],[-11,8,18078],[-18,6,0]],[[22762,9973,0],[-1,6,35433],[7,1,11951],[0,-5,7672],[2,3,9504],[4,2,9504],[3,-3,7870],[1,2,7870],[4,0,20517],[7,-2,17788],[-3,8,17788],[5,2,17788],[2,-4,10024],[-2,-6,10024],[3,-1,0]],[[23001,10572,0],[-4,4,0]],[[22997,10576,0],[-4,3,9822],[-1,4,14990],[-4,-1,36488],[-21,30,26659],[-14,15,0]],[[22957,10288,0],[-11,5,15659],[-7,1,0]],[[22748,10422,0],[3,3,21931],[3,13,7635],[3,1,7635],[-2,3,7635],[1,6,17087],[4,9,84720],[5,-7,9632],[4,-3,31785],[0,-4,8008],[-3,-11,42837],[5,-2,14203],[0,-7,23556],[5,-2,12499],[0,4,9609],[4,-1,169746],[2,11,8755],[-1,0,16018],[8,26,27981],[-3,1,20068],[4,17,54251],[4,6,11677],[6,13,9192],[4,7,26885],[-1,2,10330],[2,9,117244],[3,1,9100],[9,-3,67340],[3,6,7501],[5,10,7719],[9,19,11902],[4,8,8240],[4,9,0]],[[22686,10333,0],[18,14,37890],[12,22,6973],[0,1,0]],[[22716,10370,0],[1,1,0]],[[22717,10371,0],[-1,1,6973],[0,1,0]],[[22716,10373,0],[1,3,7209],[2,7,16074],[3,3,9910],[2,5,8146],[3,5,45728],[3,-4,10785],[2,3,10785],[3,-3,9535],[4,2,56215],[2,4,7639],[1,13,19623],[4,8,7717],[2,3,0]],[[22748,10422,0],[1,5,32624],[-10,5,7719],[-10,3,18650],[0,5,14772],[-7,1,78852],[2,9,8778],[2,12,17556],[0,12,144999],[-3,-3,15932],[-6,0,8775],[-8,1,25290],[-2,-6,25290],[-9,1,16844],[-3,4,7784],[-3,1,55344],[-2,-7,25230],[-6,-1,7100],[-5,-2,13042],[-1,-3,9194],[-6,-2,0]],[[22672,10457,0],[-4,-9,25014],[-7,9,37139],[-1,19,63998],[-40,13,0]],[[22884,7410,0],[-221,19,0]],[[22483,12733,0],[-3,5,0]],[[22480,12738,0],[2,-1,13364],[9,-9,7437],[6,-8,47155],[2,-5,10837],[4,-18,37841],[4,-4,7723],[9,-12,0]],[[22516,12681,0],[-2,-2,11901],[-4,5,14145],[-4,-3,0]],[[22506,12681,0],[-4,7,9490],[-1,5,28821],[-9,-1,0]],[[22492,12692,0],[-3,3,7383],[-3,0,0]],[[22486,12695,0],[-1,9,22157],[1,3,9033],[7,4,44774],[-4,9,10734],[-6,13,0]],[[22426,12766,0],[7,-13,40991],[16,9,0]],[[22449,12762,0],[2,-7,7298],[2,-5,0]],[[22453,12750,0],[8,-5,27802],[-2,-4,8550],[-3,-9,0]],[[22456,12732,0],[-4,-5,33798],[-4,0,10007],[-6,3,10007],[-12,3,16779],[-4,3,0]],[[22426,12736,0],[-2,1,11533],[-3,11,18706],[-6,4,9224],[-2,3,50613],[3,3,7367],[3,0,12731],[-2,4,16835],[9,4,0]],[[22159,13426,0],[11,8,77543],[5,-3,10497],[6,0,21197],[4,-4,11331],[7,-4,24873],[3,0,7241],[5,4,24873],[6,-5,7975],[1,-3,47428],[15,-2,15217],[9,1,7054],[4,0,47428],[-1,-6,15702],[7,-1,15702],[1,-6,0]],[[22242,13405,0],[2,-16,17643],[5,-10,6989],[0,-3,22599],[-1,-11,22006],[5,-13,65516],[-6,-2,12271],[-5,-5,0]],[[22242,13345,0],[-4,5,8231],[-6,3,24684],[-6,3,7658],[-10,2,42982],[-7,1,9282],[-11,-2,0]],[[22198,13357,0],[-8,1,9784],[-5,3,27077],[-5,10,13866],[-5,3,38418],[-10,1,10062],[-6,-1,10062],[-2,2,38418],[9,10,7793],[0,1,38418],[-17,14,0]],[[22149,13401,0],[10,25,0]],[[22542,12530,0],[9,0,41836],[1,5,7811],[3,2,7811],[4,10,11813],[4,3,11813],[1,7,29362],[7,5,0]],[[22571,12562,0],[1,0,0]],[[22572,12562,0],[8,5,6973],[11,7,78953],[2,53,0]],[[22593,12627,0],[3,46,35524],[4,13,0]],[[22600,12686,0],[16,42,0]],[[22616,12728,0],[22,103,303061],[149,54,0]],[[22901,12756,0],[-114,129,0]],[[23012,12629,0],[-111,127,0]],[[23012,12629,0],[-147,-95,0]],[[22865,12534,0],[-89,-9,257919],[-26,-116,0]],[[22750,12409,0],[-38,-15,6973],[0,0,6973],[-1,0,0]],[[22711,12394,0],[-9,-2,31160],[2,-5,10349],[-1,-11,80144],[-17,-8,29842],[-4,6,29842],[-16,1,17955],[-6,-3,17955],[-6,0,9145],[-4,2,99852],[-2,6,10358],[-4,2,20803],[0,4,7489],[2,2,7489],[1,6,18947],[-4,2,0]],[[22171,13990,0],[-1,-5,12965],[2,-8,27554],[2,-2,8077],[4,-6,8436],[2,-1,8436],[1,-5,9935],[5,-4,27554],[-5,-2,106459],[1,-5,8834],[-2,-6,7780],[1,-2,14915],[-3,-6,9467],[0,-5,23159],[-6,-4,23159],[3,-5,12539],[-1,-7,57386],[-7,-2,20865],[3,-6,8838],[-1,-3,20865],[-7,-1,40505],[-1,-11,17690],[-5,-10,12653],[0,-5,85421],[4,-15,23110],[-1,-6,9760],[1,-5,7108],[2,-4,7108],[-2,0,0]],[[22160,13849,0],[-3,-2,10520],[-6,3,43814],[-4,5,8005],[-2,6,20303],[-9,9,13737],[0,2,7429],[-5,7,13255],[-8,8,55906],[-1,8,25324],[-9,-1,11007],[-3,1,25324],[-2,5,8149],[-6,8,36600],[-9,4,12765],[-4,4,14903],[-6,2,11204],[-4,5,11204],[-3,0,188258],[-9,-8,8032],[-4,-2,8032],[-1,-3,28161],[-11,-1,119562],[-13,5,16573],[-5,5,8718],[-3,1,38840],[-4,9,14423],[-7,8,75609],[-10,2,20792],[-4,-3,14407],[-7,0,8996],[-5,-1,56104],[-6,2,11300],[-10,6,22633],[-8,9,254664],[-2,29,46863],[-15,32,0]],[[22062,14039,0],[-5,-3,10092],[-1,-5,21619],[-5,0,10411],[-8,-3,35083],[-3,-6,9383],[-2,-7,114583],[-3,1,7767],[-3,-2,10880],[-15,-3,13961],[-8,0,45823],[-7,4,7296],[-2,1,11076],[-6,4,60351],[-1,-2,9784],[-12,-6,24374],[-15,-3,43283],[-14,4,0]],[[22101,14016,0],[-3,1,15630],[-19,15,8358],[-4,3,30612],[-5,0,7142],[-7,1,12574],[-1,3,0]],[[22171,13990,0],[-4,1,10075],[-6,-2,24348],[0,-6,12732],[-5,0,9740],[0,-4,31927],[-12,2,94892],[-2,8,18306],[-8,14,63567],[-7,-4,9361],[-2,1,26929],[-1,4,7522],[0,6,7522],[-1,1,26929],[-11,2,10540],[-11,3,0]],[[22144,13682,0],[2,-5,16128],[6,0,9222],[2,-2,47924],[-2,-11,16033],[-6,-9,11911],[-2,-7,57306],[7,-7,20916],[6,4,9321],[2,-2,126002],[-7,-21,9320],[-5,-14,8121],[-8,-24,50549],[-6,-34,0]],[[22133,13550,0],[-8,-3,7974],[-11,-5,23507],[-3,-5,18218],[-7,2,6987],[-1,1,18218],[-8,-1,13393],[-6,-4,51552],[-13,4,149919],[-2,5,8546],[-11,20,33155],[2,6,12298],[-1,7,33155],[-13,3,77739],[-1,-2,7108],[0,-7,25181],[-4,-3,9598],[-8,-1,55755],[-5,1,8083],[-11,5,40511],[2,9,14058],[0,6,8317],[-1,1,0]],[[22023,13589,0],[4,8,0]],[[22027,13597,0],[4,5,8565],[7,5,8565],[9,10,73589],[6,10,12901],[6,12,31269],[4,15,7263],[4,13,25521],[5,12,8092],[4,8,202839],[10,-1,18314],[4,-7,20367],[11,-3,9051],[4,1,8489],[2,-2,66891],[6,2,8777],[10,1,21947],[-1,2,11592],[9,4,33896],[9,0,12238],[-1,-2,7487],[5,0,0]],[[21571,12607,0],[5,-17,13000],[5,-11,0]],[[21571,12607,0],[8,-2,7949],[11,-4,20479],[11,-3,8161],[13,-2,45754],[4,3,8675],[5,0,36562],[15,-2,16459],[16,-5,16097],[7,0,9432],[5,-2,117199],[3,4,10535],[-1,3,25084],[3,5,8393],[1,-2,8393],[8,5,11161],[4,4,117199],[6,-4,27344],[9,-2,10171],[11,0,19545],[8,2,49655],[-2,-11,21068],[6,-2,49655],[25,10,49655],[7,0,14794],[7,-4,10257],[12,-3,25627],[2,1,9181],[14,-1,19840],[7,-3,88320],[14,2,10239],[11,0,10239],[14,2,9519],[4,0,0]],[[21839,12596,0],[1,-1,8264],[1,-9,10481],[2,-4,10938],[4,-14,49187],[11,-17,20343],[2,-7,7737],[0,-4,20343],[6,-7,27407],[4,-11,9896],[-1,-2,23717],[7,-5,17204],[3,-10,0]],[[22050,13182,0],[4,6,9023],[1,3,20499],[14,14,20499],[5,8,7693],[1,5,13696],[4,3,50620],[1,9,20727],[4,5,11068],[4,12,76634],[3,-1,16115],[6,5,9597],[13,7,76634],[5,5,17922],[4,11,8513],[2,4,19667],[4,2,41456],[4,8,8571],[3,1,8571],[-3,2,8571],[5,13,22628],[-1,5,0]],[[22133,13309,0],[11,-3,40092],[21,7,16193],[10,5,96653],[2,5,12109],[0,13,12109],[3,8,52321],[5,7,19136],[13,6,0]],[[22242,13345,0],[1,-2,9338],[2,-9,24979],[-2,-18,10772],[0,-8,0]],[[22243,13308,0],[3,-15,8138],[3,-20,52939],[-9,-20,136507],[47,-79,0]],[[22287,13174,0],[106,-95,0]],[[22393,13079,0],[-46,-28,85953],[-50,-6,0]],[[22297,13045,0],[-25,-16,0]],[[22272,13029,0],[-24,-1,26972],[-23,3,0]],[[22225,13031,0],[-15,9,12829],[-10,4,22460],[-3,3,7152],[-8,5,9648],[-10,7,0]],[[22179,13059,0],[-14,10,26756],[-9,11,18551],[-6,2,18551],[-7,6,9677],[-3,4,12852],[-5,3,7116],[-7,6,29103],[-14,9,102090],[-4,0,7086],[-3,2,7086],[-15,3,19107],[-9,1,8507],[-6,-1,12884],[-3,2,189381],[-3,30,61503],[-6,14,9916],[-8,14,25222],[-7,7,0]],[[22277,12786,0],[5,-4,11513],[10,-2,0]],[[22292,12780,0],[29,-9,14016],[9,-2,40634],[15,1,13087],[9,-2,0]],[[22354,12768,0],[8,-1,25155],[2,-14,25155],[10,-6,22309],[-1,-7,22309],[6,-14,15776],[4,-5,9370],[3,0,15776],[0,-6,0]],[[22386,12715,0],[-3,-3,11900],[-5,2,11900],[-7,-2,8423],[-5,1,10499],[-5,-3,33515],[-8,-5,7170],[-4,-4,33515],[-31,-7,21109],[-10,-5,0]],[[22308,12689,0],[4,14,11482],[4,7,98284],[-2,12,17399],[-3,-1,25690],[-8,6,11968],[-8,9,19985],[-4,2,10027],[-4,-2,19985],[3,8,62311],[-8,1,18073],[-4,4,9373],[-6,2,8958],[-4,3,14307],[-5,1,122036],[-1,7,28572],[9,12,12020],[6,12,0]],[[22178,14035,0],[-4,-3,8687],[1,-2,15311],[-5,-12,8137],[-1,-6,40382],[4,-14,18862],[-2,-8,0]],[[22227,13998,0],[-12,15,13879],[-8,8,20099],[-8,3,20099],[-1,8,61025],[-12,0,17335],[-8,3,0]],[[22227,13998,0],[5,-3,29307],[-5,-21,51133],[9,1,7561],[3,-1,19085],[3,-4,7391],[2,-1,91250],[8,15,22915],[12,15,13779],[5,4,55870],[5,-11,91250],[18,-3,14230],[5,-3,7954],[5,0,38188],[-2,6,21347],[11,0,41777],[12,2,10191],[6,0,10191],[5,2,16803],[9,1,7542],[4,0,11881],[12,3,11881],[9,0,126874],[2,-2,8004],[10,-3,10514],[6,0,10514],[7,-4,39747],[4,0,7368],[6,2,9725],[13,0,39747],[6,-1,9449],[9,-4,9473],[14,-4,21547],[11,-1,0]],[[22541,13874,0],[-3,10,18000],[-11,16,49432],[-1,17,10858],[-2,17,68720],[-4,9,22624],[-9,13,13293],[-4,3,9838],[-4,5,151596],[-18,7,9482],[-29,12,0]],[[22569,13764,0],[-6,11,33128],[-1,6,10538],[1,10,10538],[-2,7,25615],[-5,20,58121],[-12,27,18701],[-5,7,8219],[-2,5,18701],[-3,11,9622],[-2,5,58121],[9,1,0]],[[22581,13730,0],[-1,9,11443],[-3,9,25102],[-4,8,7011],[-4,8,0]],[[22581,13730,0],[-27,-3,35734],[-16,2,24663],[-16,0,9152],[-6,-1,9541],[-12,1,9541],[-6,-1,92089],[-8,4,23645],[-7,-1,11115],[-26,3,32188],[-6,2,12189],[-21,5,8182],[-4,1,24132],[-13,1,129577],[-3,-1,7581],[-9,-6,17544],[-19,-6,189721],[-9,3,28911],[-9,0,8148],[-7,1,11207],[-3,2,11207],[-8,-2,17990],[-19,2,73292],[-5,-2,7127],[-7,-2,16018],[-7,0,37198],[-3,5,9555],[0,6,37198],[-13,4,9861],[-6,3,17127],[-6,1,7985],[-13,3,16638],[-11,5,121368],[5,13,41995],[-6,1,7295],[0,2,8103],[-7,2,11899],[-5,4,104904],[-8,-1,20551],[-3,-6,14448],[-4,-3,8022],[-4,-1,40859],[-6,2,10339],[-2,3,19179],[-9,-2,53474],[2,-15,10062],[-1,-2,53474],[-21,-1,21223],[-1,-1,7988],[-4,4,0]],[[22182,13758,0],[3,17,21539],[0,18,8081],[0,9,0]],[[22185,13802,0],[-3,36,69421],[-11,0,27372],[-2,6,17280],[-2,0,8635],[-4,4,7299],[-3,1,0]],[[22149,13010,0],[0,10,42877],[15,-3,20401],[14,1,87598],[-4,16,18789],[-8,15,58919],[3,8,20588],[10,2,0]],[[22225,13031,0],[-3,-13,14645],[-3,-4,39712],[2,-4,11777],[8,-9,49793],[-3,-6,10864],[-7,-9,68106],[1,-4,9731],[-1,-17,13369],[1,-7,36746],[7,-10,18057],[1,-9,149499],[-3,-23,14930],[-3,-11,44145],[-8,-18,12575],[-4,-5,7865],[-3,-8,41305],[0,-4,7352],[-2,-3,7352],[-2,-10,15263],[1,-5,84384],[-2,-4,7528],[-4,-3,24065],[-4,2,14769],[-9,-3,70338],[2,-7,12405],[6,-9,30322],[3,-3,7761],[10,-6,13084],[2,-4,70338],[-4,-3,9961],[-9,-4,48141],[0,-4,8934],[-3,-9,26922],[3,-4,10388],[2,-8,265855],[-6,-5,10717],[-8,-4,38304],[-5,4,10113],[-10,5,32390],[-6,-6,7557],[-2,0,178372],[2,-12,16641],[-1,-20,18748],[2,-11,41221],[-3,-11,12684],[-1,-9,12684],[-3,-5,41221],[4,-7,11058],[1,-7,7947],[2,-2,118768],[0,-12,11475],[-1,-4,19357],[-3,6,21161],[-5,0,13585],[1,-7,15285],[-4,-3,7839],[-3,0,39580],[1,-10,12684],[-1,-3,8616],[1,-8,38465],[-6,-6,10045],[-5,-2,0]],[[22138,12644,0],[-6,11,12410],[-3,10,27280],[1,10,57215],[-7,15,10330],[-4,8,7978],[-5,12,21906],[-3,2,19369],[-6,13,13128],[-8,16,177078],[5,6,17576],[-1,8,17576],[5,8,9042],[0,3,50830],[5,2,14509],[5,-4,19606],[7,4,119432],[-4,5,7940],[-7,10,24478],[-7,7,8992],[-3,0,8992],[-4,5,88281],[6,6,35804],[-1,10,19005],[3,16,15640],[-1,4,9548],[1,5,0]],[[22106,12836,0],[2,4,12135],[7,5,23369],[10,0,84046],[3,-6,14755],[17,-41,113358],[3,1,19650],[0,9,11397],[-2,14,53054],[6,2,11633],[11,6,258914],[4,7,19128],[-3,11,44502],[-5,-4,13246],[-7,0,21666],[-6,4,73578],[-3,13,17780],[-6,9,43076],[4,9,27100],[-2,5,9876],[-5,7,27100],[-1,5,11896],[1,13,163476],[2,0,9235],[2,6,11610],[4,-1,8124],[1,3,35594],[-3,6,15784],[0,7,7089],[2,5,7089],[-1,2,38043],[1,7,7524],[1,3,12375],[2,13,7366],[1,8,7366],[1,3,34610],[1,15,8089],[0,14,8089],[1,10,0]],[[22272,13029,0],[4,-3,0]],[[22276,13026,0],[-5,-6,22630],[1,-5,8483],[-3,-7,8483],[-1,-10,59591],[1,-6,9667],[3,-13,9667],[1,-6,25093],[2,-4,15868],[-2,-11,15868],[1,-12,93006],[-2,-7,8070],[-2,-7,8835],[-1,-7,41868],[-8,-20,11251],[-2,-4,7792],[-4,-10,24528],[-3,-4,6991],[-5,-10,13990],[-5,-11,88692],[6,4,23915],[4,-2,12952],[0,-3,8185],[3,-5,0]],[[22255,12860,0],[-6,-5,8268],[-5,-3,19685],[-4,-9,50958],[0,-2,7559],[0,-13,10194],[1,-9,31479],[-4,-5,7503],[-2,-3,0]],[[22235,12811,0],[0,-9,20327],[-3,-3,7213],[-5,-8,60568],[6,-8,21390],[7,1,40588],[2,-12,12066],[2,-10,94244],[-4,-2,14553],[1,-7,14553],[-6,-21,21514],[-4,-12,10957],[-3,-5,35741],[0,-12,0]],[[22228,12703,0],[-12,-1,26263],[-3,-9,26263],[-10,-5,10004],[-19,-8,37388],[-7,-10,18182],[-4,-2,7408],[-3,0,69818],[-1,-9,6980],[-1,-3,13456],[1,-10,63149],[-6,-1,11940],[-23,-8,0]],[[22139,12639,0],[-1,5,0]],[[22586,12753,0],[30,-25,0]],[[22600,12686,0],[-16,-8,35308],[-33,-7,18043],[-6,-3,10793],[-1,2,0]],[[22544,12670,0],[-4,5,8821],[-2,0,23118],[-10,-8,47545],[5,-5,8083],[4,-7,14946],[3,-8,0]],[[22540,12647,0],[-10,-3,7883],[-3,0,0]],[[22527,12644,0],[-2,8,24584],[-6,7,14176],[-7,12,7561],[-2,3,7191],[-4,7,0]],[[22516,12681,0],[6,5,0]],[[22522,12686,0],[-8,12,0]],[[22514,12698,0],[-1,2,16826],[13,11,44828],[60,42,0]],[[21790,13890,0],[-47,40,32460],[-12,7,0]],[[21952,14013,0],[-8,5,28990],[-5,-2,7902],[-2,-3,8123],[-4,-3,31974],[3,-10,18176],[-3,-6,31974],[-10,9,103258],[-27,10,10036],[-1,2,9529],[-13,3,51281],[-25,19,127700],[-27,-4,28425],[-18,0,24484],[-30,-3,328466],[-2,-12,7969],[-2,-6,16542],[-6,-3,13686],[3,-4,35913],[-3,-10,11876],[0,-9,11876],[-1,-7,7673],[1,-2,7673],[-2,-11,18525],[-2,-9,125217],[-4,-4,9050],[-7,-5,25966],[-26,-11,0]],[[22185,13802,0],[-14,1,12203],[-6,-1,20706],[0,4,20706],[-9,-1,8072],[-8,0,84343],[-2,-1,8686],[-6,-7,21915],[-5,-1,9463],[-2,3,40480],[16,23,45250],[-1,1,8948],[-13,0,35583],[-3,8,7678],[0,5,178733],[-11,-1,8626],[-3,-1,7658],[0,2,7658],[-3,-1,24361],[-6,-5,24944],[-7,0,15644],[-10,-5,19540],[-8,1,73683],[-6,6,11125],[-1,4,12805],[-4,2,7036],[-2,3,91301],[-7,-1,14032],[-10,-6,16197],[-5,-2,8240],[-14,-3,30790],[-9,-7,54897],[-5,2,7726],[-3,-1,10521],[-4,3,18041],[-6,-2,224931],[-8,4,14774],[-21,14,36962],[-2,0,9779],[-14,-4,30473],[-3,8,42985],[-17,8,27660],[-5,6,12106],[-12,8,78770],[-5,15,11967],[-3,4,35932],[-4,2,7922],[-8,2,224931],[-5,-3,7829],[-2,-3,13756],[3,-2,21984],[-6,-4,6978],[-5,-2,10970],[-7,-7,65218],[-8,6,34205],[-2,0,7877],[-5,-2,7877],[-17,-4,123288],[-62,20,0]],[[22133,13550,0],[-2,-18,10338],[-4,-20,76299],[-2,1,13918],[-24,-12,79325],[4,-5,22276],[-3,-15,29456],[-7,1,29456],[-1,-12,9237],[0,-10,142862],[16,0,58650],[4,-14,21318],[1,-11,10588],[-1,-8,0]],[[22114,13427,0],[-13,0,15479],[0,-3,22013],[-12,2,8639],[-3,1,67289],[-20,16,11850],[-3,5,11850],[-8,4,0]],[[22055,13452,0],[-3,1,8904],[1,4,15604],[-3,6,8291],[-1,0,8291],[-1,7,8291],[-5,11,7956],[-1,5,21123],[-4,3,21123],[0,4,7453],[-2,2,8356],[0,4,8356],[-2,3,14651],[1,5,21123],[-5,7,11818],[-2,7,79897],[-9,-8,52300],[-9,16,20692],[1,6,18628],[-2,4,7930],[-6,8,161877],[10,24,7127],[6,12,17025],[4,6,0]],[[21731,13937,0],[-10,-15,55125],[-14,-35,9933],[-10,-29,27859],[-11,-35,365223],[-40,5,41012],[-62,4,16340],[-31,1,156186],[-17,-4,34613],[-10,-14,41146],[-26,-7,0]],[[21790,13890,0],[10,-91,33861],[1,-33,374604],[17,-1,12559],[6,-2,10981],[16,-2,25263],[12,1,66908],[11,-9,13995],[7,-2,9946],[7,-5,103572],[15,-2,19876],[8,2,9515],[14,1,44746],[13,-1,12399],[15,-2,24471],[13,-4,31289],[15,-1,11296],[8,1,374604],[-5,-10,12458],[-5,-3,12458],[4,-2,48521],[19,-2,8962],[4,-1,79718],[-5,-21,17649],[-6,-18,11150],[-1,-5,124607],[2,0,7187],[11,-3,24875],[1,-3,9156],[7,-7,52069],[-4,-6,22579],[3,-4,13196],[0,-9,52069],[4,-7,7241],[4,-6,16650],[4,-10,14050],[5,-9,7492],[4,-5,29655],[2,-11,8365],[1,-1,0]],[[22055,13452,0],[8,-15,30757],[2,-21,68146],[-4,-1,10110],[0,-2,7382],[-4,-3,32924],[1,-6,7793],[2,-7,26602],[-2,-1,8726],[-4,-10,0]],[[22054,13386,0],[-8,-1,39161],[-4,17,27957],[-8,10,98984],[-3,-6,13605],[-12,-11,45259],[5,-15,67042],[-9,-3,8379],[-6,-3,23993],[-2,1,8107],[-1,5,16010],[-4,-3,147598],[-4,13,7561],[-8,27,15564],[-7,21,275329],[-2,-1,7683],[-3,-5,24213],[-14,-7,16580],[-7,0,36204],[-4,-3,8450],[-2,-4,11988],[-8,-5,8940],[-5,-5,44306],[-31,-12,44306],[-6,-7,15165],[-6,0,21213],[-5,-5,10887],[-3,-6,91488],[-7,1,7363],[-3,-1,7363],[-13,-1,34278],[-7,-3,8527],[-7,-5,0]],[[21850,13369,0],[-10,21,11684],[-7,11,0]],[[21833,13401,0],[-2,1,29973],[-4,6,7380],[-3,4,8198],[-4,9,8404],[-4,4,8404],[-4,8,10167],[-5,6,10167],[0,3,10167],[-4,6,7637],[-2,5,20882],[-6,8,9272],[-5,9,8059],[-2,2,176412],[-13,5,12532],[-7,6,53353],[-8,9,15718],[-11,10,26684],[-11,16,53353],[-4,3,13630],[-9,2,8376],[-7,3,46277],[-4,6,9202],[-15,18,46277],[-6,6,11533],[-8,3,20750],[-6,9,20750],[-6,5,8103],[-5,7,8551],[-8,6,11780],[-8,9,11780],[-14,13,76670],[-4,5,7935],[-10,14,0]],[[21624,13627,0],[-10,10,10823],[-5,7,9134],[-6,6,7687],[-4,5,38501],[-21,34,57340],[-18,17,30685],[-9,11,7775],[-7,10,11438],[-7,8,125173],[-5,10,9276],[-4,5,16109],[-6,14,25173],[-10,13,42818],[-5,12,11318],[-7,19,0]],[[22080,12922,0],[4,1,7423],[5,4,13562],[2,4,35383],[0,9,10723],[1,11,41298],[6,7,9533],[1,4,8754],[5,6,19627],[4,13,27012],[6,8,7359],[6,7,101249],[3,1,7583],[16,10,7822],[7,3,16887],[3,0,0]],[[22106,12836,0],[-8,7,12207],[-5,2,35046],[-6,-4,8903],[-3,-4,109287],[-2,3,9548],[-6,2,23038],[3,7,25102],[-2,16,10582],[0,10,30414],[-4,9,9744],[-2,2,79766],[4,12,13674],[4,5,30885],[-1,3,8333],[1,7,16341],[6,4,16341],[-5,5,0]],[[21823,12707,0],[10,11,12202],[4,8,18644],[4,2,0]],[[21841,12728,0],[4,2,10177],[6,5,38691],[5,-3,7488],[3,-3,7488],[3,0,18024],[3,-7,57755],[8,2,13218],[17,1,13218],[9,1,8754],[17,1,8325],[8,1,180516],[5,4,10677],[9,13,60740],[-1,3,8071],[1,10,17191],[-3,16,28557],[3,3,14848],[0,11,0]],[[21938,12788,0],[7,2,14467],[6,-2,9245],[9,1,38873],[6,-1,7759],[3,-3,13696],[7,1,13696],[5,-3,24301],[6,3,24301],[4,-2,8066],[13,-4,227225],[-1,-10,11208],[2,-8,27026],[6,1,27026],[3,-9,8942],[1,-4,6988],[2,-7,60505],[-1,-6,11730],[3,-10,11730],[0,-20,29499],[3,-12,12185],[-1,-4,12185],[3,-9,191877],[11,2,8459],[3,2,40862],[2,-4,10020],[5,-3,7821],[2,-3,18100],[1,-7,18100],[6,3,68603],[4,10,14502],[0,9,33324],[9,1,116414],[6,-14,12747],[2,-9,7643],[3,-8,36674],[3,-6,12106],[8,-7,0]],[[21839,12596,0],[-4,13,12106],[-4,9,7908],[-1,6,38737],[-4,3,19601],[-10,20,7542],[-2,5,7542],[-3,5,117740],[0,5,10297],[3,13,21534],[7,17,18235],[1,11,8750],[1,4,0]],[[22327,12931,0],[-2,5,7585],[-3,13,11036],[1,3,15539],[-8,25,0]],[[22315,12977,0],[11,-7,29362],[3,6,14224],[5,0,80721],[4,-2,9069],[7,-8,12532],[6,-2,12532],[0,-4,12532],[9,-8,46780],[1,-9,16819],[5,-12,46780],[9,1,27426],[3,-1,10239],[3,-8,10844],[3,-2,130270],[4,-8,7801],[2,-3,7387],[3,-7,12049],[0,-7,12049],[5,-7,40784],[1,-5,7019],[-1,-4,11909],[-3,-3,7393],[1,-2,0]],[[22396,12875,0],[-2,2,7100],[-3,-2,8854],[-3,3,21655],[-5,-2,11535],[-1,-5,41196],[-5,3,12808],[1,3,7728],[-2,3,29363],[-5,2,11060],[-13,2,0]],[[22358,12884,0],[-3,7,13706],[-5,2,24965],[-1,6,10109],[1,7,26173],[-4,5,14178],[-3,6,7765],[1,3,14714],[-8,12,54880],[-7,6,8052],[-1,0,20020],[-1,-7,0]],[[22287,12664,0],[11,1,16909],[7,5,45631],[-1,5,12814],[4,14,0]],[[22386,12715,0],[2,1,8187],[1,-4,10473],[3,2,32535],[4,-9,7568],[-2,-3,7568],[3,0,7777],[0,-5,7777],[2,0,15726],[-2,-5,15726],[6,-5,45200],[-2,-7,9319],[2,1,9319],[1,-7,7448],[2,0,7448],[-3,-4,7448],[2,-4,45200],[3,2,7293],[1,-1,20970],[0,-6,12455],[4,-7,12455],[-2,-2,21625],[4,-8,16191],[6,-2,0]],[[22421,12642,0],[-1,-7,11269],[4,-2,11269],[-2,-5,19458],[4,0,19458],[0,-5,8303],[2,-1,8303],[4,-10,14257],[1,-9,0]],[[22433,12603,0],[1,-6,7423],[-1,-3,0]],[[22433,12594,0],[-4,2,20237],[-9,-5,11569],[-4,-4,11569],[-5,0,26910],[-7,2,61483],[-4,-7,12605],[-7,-5,27165],[-13,-3,27165],[-3,-4,7342],[-1,-5,116694],[4,-23,24343],[-1,-7,8004],[0,-6,17005],[3,-9,13031],[-1,-4,116694],[-5,6,26611],[2,2,11580],[-3,6,11580],[-2,8,9994],[-3,9,46025],[-4,-6,7459],[-4,-2,26586],[4,-10,46025],[-6,2,17186],[-12,-4,45257],[-3,3,12025],[-2,13,28270],[-7,-1,0]],[[22336,12542,0],[-5,0,9699],[-4,-2,26964],[0,6,8255],[-2,6,33855],[-5,9,7382],[-5,7,13027],[-2,1,11867],[-2,10,11867],[-5,7,99997],[0,11,17565],[5,13,31284],[-2,7,7256],[-3,7,29717],[2,2,8986],[1,11,8390],[2,2,94728],[-8,10,20511],[-10,4,25611],[-4,6,7156],[-2,5,0]],[[22456,12732,0],[6,-2,12500],[7,-6,25240],[3,-1,8164],[8,1,40079],[-4,6,18082],[7,3,0]],[[22486,12695,0],[-4,1,8849],[-12,-1,14775],[-6,-2,0]],[[22464,12693,0],[-16,-7,19769],[2,-4,19769],[-16,-2,0]],[[22434,12680,0],[-1,7,8693],[-4,11,23073],[-1,0,7856],[-1,4,13853],[6,2,23073],[-8,11,38910],[-1,9,18268],[6,-1,25194],[-1,10,11230],[-3,1,7053],[0,2,0]],[[21888,13074,0],[-4,15,10212],[-3,7,10212],[-8,28,68195],[-3,3,8752],[-4,8,13033],[-5,5,17397],[-5,11,39516],[-4,14,7115],[-2,7,31169],[-6,5,22836],[0,4,12145],[-6,11,271724],[-4,3,7679],[-3,0,14268],[-9,7,15797],[-6,2,86503],[10,13,16378],[16,16,29836],[9,5,86503],[6,16,15789],[6,23,16675],[4,6,16675],[4,16,10821],[4,11,42041],[0,7,9700],[2,11,0]],[[21877,13328,0],[7,-12,16894],[5,-7,7352],[7,-8,117469],[6,-1,12162],[26,-4,13208],[13,-2,27452],[8,-3,27452],[16,0,10463],[6,1,22623],[11,-3,238451],[12,-18,34507],[9,-3,7093],[4,-1,48335],[2,-3,11922],[1,-14,48335],[3,-7,13074],[10,-10,13074],[7,-12,41284],[6,-14,8569],[1,-6,8569],[4,-8,30899],[9,-11,0]],[[22080,12922,0],[-1,14,17323],[-6,14,116611],[-8,-12,12780],[-3,-7,22110],[-14,-18,12084],[-2,-6,8959],[-4,-3,64804],[-3,0,19873],[-9,-7,11741],[-13,-7,22487],[-1,-4,133059],[-18,-2,20138],[-63,-2,0]],[[21935,12882,0],[-4,33,43466],[2,18,24978],[-1,4,7749],[-2,13,25328],[1,3,9637],[0,12,10717],[1,6,152725],[-4,6,8823],[-3,1,11633],[-4,9,9821],[-4,0,8212],[0,4,22923],[-7,10,8516],[-2,5,7982],[-4,6,7160],[-3,5,86605],[0,7,12742],[-3,7,7442],[-1,6,14482],[-4,23,23428],[-3,6,8162],[-2,8,0]],[[21877,13328,0],[-8,11,7151],[-3,6,7151],[-4,5,12682],[-3,7,10910],[-9,12,0]],[[22054,13386,0],[1,-2,9299],[0,-7,10383],[2,-4,10383],[-2,-4,51638],[6,-2,7677],[6,-4,25537],[2,-5,7910],[-1,-3,25537],[4,-2,9938],[-1,-4,7934],[3,-3,9938],[1,3,9938],[5,-2,20239],[1,-5,96070],[16,-5,19736],[5,-5,13207],[9,-3,45587],[3,-11,18455],[4,-5,7301],[3,-2,34976],[12,-2,0]],[[22433,12603,0],[2,-1,8199],[4,6,19935],[10,-1,37168],[11,-10,66712],[8,4,11204],[7,5,31350],[-4,11,27090],[9,2,0]],[[22480,12619,0],[2,-7,7589],[3,-6,20602],[4,1,7565],[0,-2,14937],[5,-10,91773],[5,7,18722],[2,-4,11583],[4,5,11891],[0,-5,9529],[3,0,11891],[0,6,37857],[9,-5,12313],[6,0,26157],[3,6,13445],[4,-2,76693],[-2,13,18348],[5,1,18348],[-3,10,7609],[-1,1,0]],[[22529,12628,0],[-1,3,0]],[[22528,12631,0],[9,-6,12635],[6,-7,0]],[[22543,12618,0],[5,-4,11481],[1,-6,11577],[10,-16,16013],[7,-14,32456],[5,-16,0]],[[22532,12517,0],[-7,-4,7083],[-3,-1,52809],[-5,15,28763],[-3,3,9721],[-6,2,8861],[-3,2,28182],[0,5,8110],[-3,8,72778],[-36,8,94747],[1,7,10163],[-1,3,24396],[-6,-1,8560],[-3,-3,26043],[-1,10,21489],[3,-2,12902],[6,3,21489],[-13,6,41597],[-14,-2,41597],[0,6,11745],[-3,5,12411],[3,0,7787],[-1,4,12411],[-4,3,0]],[[21175,13247,0],[5,-11,15521],[10,-15,11348],[6,-11,10845],[8,-11,25137],[7,-15,12846],[15,-25,0]],[[21175,13247,0],[101,-15,10283],[18,-3,28499],[4,0,7643],[16,-2,52868],[34,-6,7415],[23,-4,16203],[30,-4,23164],[21,-4,9983],[17,-3,301328],[21,-6,11243],[20,-6,47890],[15,-7,19492],[23,-13,105360],[25,-21,27563],[26,-17,22489],[5,-7,14025],[7,-3,139187],[7,1,11182],[11,-2,14261],[19,-1,10498],[2,1,0]],[[21620,13125,0],[1,-1,14810],[3,-15,8236],[1,-7,16302],[6,-16,22819],[1,-10,59384],[-4,-1,9516],[-6,-4,41896],[-1,-4,7889],[1,-7,21381],[3,0,7069],[2,-3,15523],[2,-9,274452],[14,-10,20494],[17,-7,105434],[2,3,9292],[5,10,7962],[4,6,31606],[-1,12,26764],[7,8,12045],[2,6,136880],[6,-12,12632],[0,-5,32368],[8,6,25030],[-4,10,32368],[15,5,7900],[4,0,7900],[1,2,64972],[0,-9,17068],[4,-11,78440],[10,1,10674],[6,2,10674],[14,2,9900],[6,2,31270],[18,-1,232444],[19,-21,17376],[1,-4,71025],[-5,-32,0]],[[21782,13011,0],[-9,-7,12558],[-14,-8,25546],[-6,0,61704],[-7,-15,9703],[-4,-10,62207],[-2,-3,11508],[-5,4,18728],[-7,-7,26443],[-4,-1,9759],[-7,3,62207],[-20,-22,31752],[3,-3,0]],[[21700,12942,0],[-9,-11,29800],[-3,2,8374],[-7,2,38782],[-1,-6,13481],[-7,-11,38782],[-7,4,13586],[-4,6,30869],[-3,-10,123399],[0,-8,9305],[1,-5,16562],[3,1,16562],[1,-13,15446],[2,0,7163],[2,-4,41186],[-4,-8,15666],[-4,2,63694],[-5,11,12001],[-3,9,13806],[-3,4,13806],[0,9,19889],[-5,9,37333],[-1,7,12331],[3,3,23756],[-6,11,63694],[-4,1,13431],[-10,8,146887],[-5,-4,12789],[-8,-3,29016],[-12,0,13107],[-4,-2,8360],[-8,-1,42256],[-9,-6,7102],[-2,-3,7102],[-5,-2,34629],[-10,1,10059],[-4,2,34629],[-1,-5,9985],[-4,-5,18780],[-6,-1,516111],[-3,5,12729],[-5,2,6988],[-1,2,30532],[-10,-1,15708],[-7,2,55486],[0,4,9807],[3,5,22159],[-4,6,9099],[-1,5,59115],[-6,0,7438],[-2,2,16592],[-1,5,16592],[-6,3,14000],[-1,2,7122],[-7,7,34891],[-6,0,12199],[-11,4,34891],[-6,6,10621],[-6,8,166920],[-4,9,9087],[-7,13,21264],[0,5,9899],[-4,8,41909],[-11,9,49497],[-6,11,7336],[-2,3,19987],[-1,10,30202],[-5,8,14147],[-5,2,30202],[-3,5,10823],[-2,13,382205],[-2,2,8679],[-15,7,22457],[-9,3,8328],[-7,4,8328],[-6,2,8328],[-20,7,69337],[-16,6,16786],[-26,6,11430],[-5,2,7036],[-7,2,34310],[-18,8,7620],[-5,2,34310],[-14,2,13221],[-15,3,61810],[-5,4,9303],[-6,1,11336],[-6,4,8510],[-5,2,7626],[-5,3,0]],[[22255,12860,0],[10,1,30771],[0,-3,10636],[-3,-5,8253],[-1,-6,30771],[3,-5,7034],[3,-9,22261],[6,-3,13200],[3,-6,50743],[3,-13,14084],[-1,-11,42906],[3,-2,10338],[1,-6,17600],[3,-4,7597],[7,-6,12202],[0,-2,0]],[[22277,12786,0],[-6,2,12894],[-8,7,13472],[-8,3,19507],[-15,11,12568],[-5,2,0]],[[22287,12664,0],[-10,-4,27924],[-2,8,7762],[3,3,7762],[-4,0,27924],[-5,3,13829],[-7,-2,21579],[-7,6,11248],[-5,2,55873],[-7,8,14958],[-2,8,31003],[-5,4,12651],[-8,3,0]],[[21446,12877,0],[9,-9,55734],[12,-23,7898],[15,-27,27182],[5,-7,8026],[8,-13,35542],[8,-21,32639],[5,-7,15847],[14,-24,121915],[5,-32,16430],[3,-12,0]],[[21446,12877,0],[31,13,8059],[6,1,7076],[4,3,36491],[13,3,13546],[8,0,235422],[8,-2,8585],[24,-6,12628],[9,-2,12628],[14,-3,9966],[14,-4,115644],[10,-5,24010],[7,-8,14313],[18,-13,13600],[3,-3,50943],[6,7,50943],[17,-14,27250],[0,-2,8557],[-7,1,27250],[6,-4,8454],[15,-9,115644],[5,-1,10585],[37,-7,29431],[8,2,391236],[1,-9,15017],[1,-14,7072],[0,-15,15017],[2,-26,58060],[3,-11,17663],[7,-9,236739],[17,-5,19418],[4,2,19418],[11,-3,14638],[7,1,14638],[6,-3,8826],[3,1,8826],[9,-2,75993],[16,-10,24838],[6,-9,54172],[6,-2,7094],[4,0,7094],[18,-3,0]],[[21530,12702,0],[12,-22,14445],[4,-5,13065],[9,-16,9500],[2,-5,63539],[9,-33,17063],[5,-14,0]],[[22182,13758,0],[-3,-13,10712],[-3,-11,64082],[-10,0,17804],[-16,5,104653],[2,-5,14621],[8,-4,25349],[2,-12,44587],[-9,2,18344],[-1,-6,7375],[-2,0,44587],[0,-6,9769],[2,-1,13064],[0,-15,37709],[-7,-1,19509],[-2,-6,7068],[1,-3,0]],[[22565,13525,0],[-3,23,9367],[-1,2,9367],[0,11,92642],[2,5,8241],[8,10,40690],[-1,6,7872],[1,2,15275],[-5,10,40690],[2,11,15094],[8,49,13387],[2,7,8830],[0,6,71225],[-2,9,15402],[3,7,15402],[2,25,22144],[-3,5,7126],[-1,5,22144],[4,12,0]],[[22565,13525,0],[-9,1,10908],[-4,-1,11737],[-9,1,51615],[-2,1,7817],[-12,3,10718],[-8,2,10718],[-9,3,25426],[-24,4,19137],[-23,7,0]],[[22465,13546,0],[-19,5,30795],[-18,-3,16959],[-3,1,0]],[[22425,13549,0],[-4,2,28278],[-18,-4,15094],[-10,-2,8369],[-18,-3,46788],[-16,0,11717],[-13,1,20256],[-8,0,7175],[-12,-1,46788],[-9,-3,10603],[-24,-4,0]],[[22293,13535,0],[-3,4,8852],[1,5,26655],[-5,3,8512],[1,2,7640],[-5,0,7640],[-6,2,41997],[-5,-5,9753],[-5,-2,52543],[-4,6,7619],[-3,2,19228],[-7,1,29493],[-1,6,15478],[-6,0,15478],[-1,3,7332],[-5,8,145672],[1,7,8836],[-3,1,8836],[3,4,26276],[10,6,22526],[1,5,8878],[-2,2,45580],[-8,2,10531],[-5,-1,45580],[-1,4,11146],[3,8,11146],[0,5,28099],[4,10,8286],[3,3,278065],[-3,7,13916],[0,7,24075],[-3,5,9155],[-4,3,9155],[-1,3,45333],[-5,0,10884],[-2,2,8465],[-3,1,15962],[-3,-3,57855],[4,-23,10227],[1,-4,57855],[-2,-1,8016],[-1,-4,14011],[-4,2,17268],[-7,2,8675],[-1,-2,8675],[-9,1,20401],[-6,-1,8277],[-1,-2,111675],[6,-7,34414],[1,-3,8288],[-3,-7,21604],[3,-13,12685],[-3,-1,12685],[4,-6,111675],[-4,-7,8671],[-3,-1,8671],[-1,-5,44295],[-5,-4,11549],[-5,-1,11549],[-7,-3,7016],[-6,-5,16418],[-6,-7,16418],[-6,0,9840],[-3,-3,0]],[[22157,13546,0],[-1,3,10603],[-6,0,13326],[-5,5,30133],[-12,-4,0]],[[22421,12642,0],[3,2,7537],[2,5,18045],[10,6,50977],[-7,18,32023],[5,7,0]],[[22464,12693,0],[5,-11,23132],[3,-12,12066],[0,-9,7608],[1,-5,72493],[7,-10,28965],[8,7,31984],[4,-5,7249],[4,-7,13154],[2,1,0]],[[22498,12642,0],[-1,-5,0]],[[22497,12637,0],[2,-9,0]],[[22499,12628,0],[-9,0,11063],[-7,1,33612],[-1,-5,7660],[1,-5,14131],[-3,0,0]],[[22593,12627,0],[-2,-1,6973],[-27,-6,0]],[[22564,12620,0],[-5,2,10822],[-6,-3,0]],[[22553,12619,0],[-2,8,15579],[-11,20,0]],[[21624,13627,0],[-2,-4,10692],[-24,-28,17634],[-12,-12,60984],[-9,-1,10255],[-3,-2,21803],[-2,-6,43514],[-25,-26,24125],[-11,-9,10674],[-10,-9,34156],[0,-2,7322],[-4,-5,199321],[17,-43,0]],[[21539,13480,0],[-9,0,17583],[-9,3,12841],[-13,2,44555],[-4,-4,7048],[-7,-4,54684],[-24,-1,34076],[-32,7,161700],[-38,17,51918],[-34,25,316464],[-84,113,0]],[[21275,13755,0],[-2,-7,25154],[0,-28,9070],[1,-7,77136],[5,-24,34898],[17,-46,77136],[-11,-5,0]],[[21358,13952,0],[5,-11,21151],[0,-6,8124],[2,-2,8124],[-2,-3,10460],[1,-5,148688],[-7,0,12650],[-4,-3,7994],[-4,1,7994],[-1,-2,31932],[4,-9,41662],[-5,-4,15562],[1,-7,15562],[-2,-9,11772],[-5,-7,14165],[0,-3,7079],[-2,-2,7079],[1,-3,64973],[-6,-6,10995],[-5,-1,26562],[-1,-4,8340],[-5,-4,11388],[-2,-6,21799],[-6,-7,8415],[-4,-2,39153],[-4,-11,12233],[-4,-5,114595],[5,-9,10030],[5,-7,35102],[3,-6,8382],[1,-7,19731],[-1,-5,6981],[-2,-2,110142],[-24,-22,30160],[-13,-16,8210],[-2,-2,0]],[[21358,13979,0],[6,-14,31928],[0,-9,17445],[-6,-4,0]],[[21384,13982,0],[-3,2,19985],[-20,-4,7786],[-3,-1,0]],[[21500,13808,0],[-4,16,20720],[-9,15,22566],[-3,14,73393],[-10,16,14998],[-8,17,18119],[-3,5,7757],[-9,16,34995],[-10,9,26318],[-8,17,147063],[-2,4,6994],[-4,3,14906],[-5,0,14906],[-5,3,8169],[-4,4,7656],[-4,2,48283],[-4,5,8248],[-2,5,20858],[-4,2,7856],[-7,6,20858],[-6,7,8574],[-5,8,0]],[[22465,13546,0],[-3,-7,22852],[5,-6,9379],[2,-7,22852],[0,-12,14910],[2,-17,51259],[13,-31,168292],[-1,-26,20693],[-2,-10,72579],[-10,-13,13222],[-4,-8,42617],[-3,-15,7981],[-2,-11,31419],[-5,-10,7213],[-4,-8,233434],[8,-9,18506],[5,1,53218],[2,-6,7099],[4,-12,10136],[3,-12,17630],[5,-9,151663],[1,-39,13753],[0,-15,30370],[2,-8,9210],[1,-9,11976],[3,-7,11976],[-2,-4,74168],[5,-14,11184],[4,-7,44926],[2,-14,11099],[1,-4,15461],[1,-21,15461],[2,-6,74168],[-9,2,15079],[-5,4,335497],[-1,-4,8652],[-4,-5,19477],[1,-3,7366],[-2,-3,7366],[-1,-11,27141],[-7,-1,23365],[0,-8,9348],[-2,-5,63499],[-3,2,10746],[-2,-5,19981],[-6,9,44885],[-9,-9,10073],[-5,-3,10073],[2,-2,10073],[-6,-5,59246],[3,-4,13734],[-4,-4,14884],[6,-7,14884],[-3,-3,0]],[[22443,13105,0],[-50,-26,0]],[[22287,13174,0],[36,37,106709],[1,30,27538],[-4,12,27538],[5,6,9640],[0,2,6973],[1,3,0]],[[22326,13264,0],[5,4,12378],[0,6,12378],[2,2,7265],[2,-3,12378],[6,7,21594],[1,7,25978],[4,2,11350],[7,10,12886],[5,3,48547],[2,8,10847],[4,6,13294],[2,7,35676],[7,8,16711],[5,9,7929],[3,1,7929],[3,6,231922],[-2,5,16717],[5,8,17756],[-2,5,27963],[1,4,7545],[6,9,24031],[0,12,55000],[8,10,8291],[6,7,31337],[2,6,8406],[4,13,55000],[-2,6,7143],[-2,11,81276],[2,4,8180],[-1,6,8267],[2,5,17677],[0,10,12796],[2,20,28768],[4,10,20298],[1,17,34652],[7,5,34652],[0,29,0]],[[22396,12875,0],[7,-11,14970],[5,-12,12396],[6,-9,29432],[9,-7,25160],[4,-7,7961],[2,-6,7961],[2,-4,0]],[[22431,12819,0],[-3,-1,16392],[-4,7,8460],[-3,4,38159],[-5,-2,12749],[-7,3,24944],[-2,-2,7512],[-1,-6,81996],[0,-21,23207],[-3,-13,7774],[0,-6,0]],[[22403,12782,0],[-3,1,15085],[1,4,7362],[0,6,34731],[-1,0,9548],[-2,10,10331],[-4,7,10331],[-5,14,18775],[-2,2,8715],[-2,7,8715],[-3,3,18775],[0,7,21236],[-4,6,8268],[-3,8,8268],[-5,10,21236],[0,5,70219],[-12,12,0]],[[22543,12618,0],[4,-1,9281],[6,2,0]],[[22276,13026,0],[7,-3,12158],[5,-6,21111],[2,-8,21111],[3,-2,8452],[7,-10,10524],[0,-4,7563],[3,1,7563],[4,-6,14339],[2,-5,11363],[6,-6,0]],[[22327,12931,0],[3,-16,9766],[2,-19,27465],[0,-21,9663],[1,-9,28330],[3,-6,9934],[1,-8,19524],[-1,-6,21711],[1,-27,10803],[0,-6,24593],[3,-18,100287],[4,-4,7711],[7,-5,31622],[2,-5,12022],[-2,-7,15371],[3,-6,0]],[[22602,13297,0],[-1,5,9546],[-6,17,8002],[-1,5,29777],[2,8,15542],[-3,17,23685],[-2,5,7111],[-2,7,29777],[-5,30,10524],[-1,5,10524],[-3,20,20641],[-3,14,8031],[-1,11,9042],[-5,26,71158],[-3,22,8482],[0,7,8482],[-3,29,0]],[[22609,13243,0],[-4,12,10556],[-3,12,33259],[-1,29,12010],[1,1,0]],[[22609,13243,0],[3,-21,34593],[0,-10,7245],[-1,-1,9092],[1,-18,19699],[3,-11,19699],[-2,-14,26135],[0,-14,12764],[2,-11,50096],[-2,-14,16964],[-4,-4,50096],[3,-13,7124],[3,-11,21653],[4,-8,128160],[1,-10,12677],[-1,-12,28447],[-5,-10,14717],[-1,-9,39717],[-5,-8,13195],[-5,-3,39717],[-2,-7,9666],[2,-2,9666],[-2,-7,27159],[7,-2,0]],[[22608,13023,0],[-1,-2,6973],[-1,-2,13310],[0,-22,179429],[181,-112,0]],[[22586,12753,0],[-37,31,0]],[[22549,12784,0],[-24,21,162636],[-132,274,0]],[[21782,13011,0],[9,3,29219],[5,-4,10728],[7,-1,22791],[3,5,20258],[7,-4,7819],[2,0,119173],[2,6,10185],[4,2,8317],[0,2,36047],[23,8,13605],[4,3,62857],[14,23,45611],[9,11,13554],[9,8,29181],[8,1,0]],[[21935,12882,0],[2,-13,9895],[2,-8,32694],[-1,-14,20187],[0,-4,7466],[2,-8,16587],[-1,-13,33143],[4,-12,10685],[1,-6,33143],[-8,-2,27166],[-1,-5,10186],[3,-3,10186],[0,-6,0]],[[21841,12728,0],[-6,13,25129],[-18,24,113621],[0,3,11602],[-3,13,11602],[-2,11,25537],[-4,18,10082],[-3,15,9092],[-2,7,25537],[-2,12,8971],[0,3,52806],[-2,3,7341],[-4,0,24063],[-2,4,9403],[0,6,15238],[3,4,24063],[-4,6,8497],[-2,7,18639],[-2,11,271561],[-3,3,9376],[-3,-2,19666],[-3,10,33821],[-3,0,9062],[-3,-3,17631],[-1,-8,75936],[-7,2,14835],[2,4,14835],[-7,6,25210],[0,-7,21416],[-3,2,8175],[-1,3,12401],[4,2,7748],[-3,1,7748],[-2,-2,7748],[-8,5,21416],[4,2,21416],[-4,3,7443],[-7,8,19901],[-11,4,32647],[-3,5,8525],[-4,3,8525],[-9,9,32647],[-6,0,10637],[-7,4,0]],[[22431,12819,0],[2,-3,9030],[4,-14,23699],[6,-6,7948],[1,-4,7948],[2,0,17158],[0,-5,0]],[[22446,12787,0],[-3,-1,11505],[-3,-6,32762],[5,-6,13301],[4,-12,0]],[[22426,12766,0],[-19,1,11763],[-2,-2,7556],[-4,1,51246],[-1,7,15157],[3,9,0]],[[22528,12631,0],[-1,13,0]],[[21159,13273,0],[3,-5,7582],[13,-21,0]],[[21159,13273,0],[14,3,13734],[24,4,23711],[24,3,32840],[14,2,8032],[9,2,13955],[9,4,11899],[11,1,56573],[25,2,8986],[8,1,15363],[15,2,167677],[12,-2,8494],[10,-3,17694],[12,-2,8156],[35,-6,7243],[16,-3,253717],[21,7,20997],[13,6,11499],[13,4,111321],[16,2,20568],[23,0,7085],[6,-1,45786],[4,2,12468],[24,6,57181],[12,-1,9381],[6,1,9381],[20,0,12470],[2,-1,10082],[13,2,12470],[11,-1,154902],[0,4,13142],[4,3,7051],[2,-1,13142],[18,17,0]],[[21605,13330,0],[34,-36,41379],[7,-6,9542],[10,-8,11026],[15,-13,45609],[2,-3,8778],[-1,-5,7841],[1,-2,25782],[7,-3,7647],[4,-3,26718],[7,-8,7809],[10,-9,14287],[2,-5,14287],[7,-3,11007],[1,-4,8454],[3,-1,368179],[3,-4,7157],[1,-4,7407],[4,-8,45226],[0,-6,8929],[-3,-3,8101],[0,-4,16073],[-4,-4,7655],[-1,-5,152935],[-7,-3,11158],[-8,0,7968],[-4,-1,47269],[-10,-8,19334],[-12,-15,27197],[-2,-1,7216],[-6,-1,79524],[-10,0,10210],[-7,1,18432],[-7,5,11571],[-2,-1,79524],[3,-10,21040],[-3,-10,16338],[2,-5,9573],[-1,-10,68902],[-3,2,11357],[-4,11,20942],[-7,7,9730],[0,4,9730],[-4,0,55737],[0,-5,8820],[-2,-6,12295],[0,-7,7544],[0,-5,0]],[[21539,13480,0],[18,-50,43815],[32,-73,69373],[7,-13,8932],[9,-14,0]],[[21059,13383,0],[0,-1,9061],[18,-13,16098],[7,-6,8167],[7,-6,78106],[5,-8,13344],[10,-10,13344],[5,-6,8423],[16,-19,8964],[17,-21,29295],[7,-11,11518],[8,-9,0]],[[21285,13638,0],[-29,-11,17587],[-15,-8,42583],[-22,-16,43068],[-20,-9,11241],[-5,-3,22595],[-11,-4,7381],[-6,-2,12235],[-12,-5,22595],[-9,-6,123937],[-12,-14,12352],[-10,-14,35793],[-8,-6,11785],[-4,-1,353743],[1,-7,10797],[5,-16,20333],[8,-24,31681],[6,-30,17971],[13,-47,290180],[-25,-4,16500],[-14,1,12065],[-5,-2,79899],[-4,-3,8271],[-11,-7,24619],[-6,-8,10174],[-10,-9,61548],[-11,-1,7639],[-10,1,0]],[[22114,13427,0],[2,-12,47244],[1,-1,8255],[9,-1,24803],[1,-4,14444],[8,-6,30841],[4,5,23286],[10,-7,0]],[[21306,13031,0],[18,-29,61476],[5,-3,7444],[7,-8,19983],[7,-2,14379],[6,-7,14379],[15,-12,61476],[13,-17,23639],[8,-7,15100],[20,-23,23639],[32,-39,34353],[9,-7,0]],[[21226,13159,0],[8,-15,6977],[9,-15,10057],[4,-4,9110],[3,-8,10057],[3,-4,11440],[9,-17,10955],[4,-5,21388],[6,-11,9746],[2,-2,8148],[3,-7,57527],[16,-20,20019],[13,-20,0]],[[21833,13401,0],[-6,-18,66850],[-11,-15,8925],[-3,-6,13820],[-10,-11,13820],[-1,-5,22442],[-15,-17,13961],[-1,-4,15676],[-26,-36,26440],[0,-3,7624],[-5,-9,14618],[-6,-6,393242],[-8,4,11996],[-21,7,68786],[-36,23,9634],[-50,33,136322],[-29,-8,0]],[[22490,12672,0],[5,-15,20522],[5,-1,20522],[5,-16,0],[-3,-2,7841],[-5,-1,0]],[[22498,12642,0],[-1,2,7365],[-6,10,7365],[-7,16,36272],[6,2,0]],[[22499,12628,0],[7,0,20105],[6,-8,40444],[3,-1,9805],[4,4,16786],[-1,6,9980],[3,1,25617],[3,-4,12825],[3,0,7238],[2,2,0]],[[22490,12672,0],[1,3,12613],[0,7,8436],[1,10,0]],[[22446,12787,0],[6,2,32850],[7,-18,13882],[5,-9,0]],[[22464,12762,0],[-4,-5,10940],[-4,1,16021],[0,-6,9095],[-3,-2,0]],[[22464,12762,0],[8,-11,11724],[7,-12,0]],[[22479,12739,0],[1,-1,0]],[[22279,14051,0],[-5,1,7104],[-2,2,13188],[-3,-3,16482],[-10,-3,10625],[-6,0,25830],[-9,-5,95815],[-2,-8,7205],[-2,-1,12792],[0,-6,18133],[-5,-8,18133],[-1,-6,12115],[-4,-5,12115],[-3,-11,0]],[[22459,14012,0],[-18,9,38570],[-9,1,13065],[-15,0,9036],[-8,1,54077],[-7,3,15563],[-12,11,108101],[-15,-1,17029],[-2,-3,20823],[-5,-1,7007],[-3,2,7007],[-6,-1,15853],[-4,-1,7970],[-8,-1,89790],[-2,2,8366],[-5,9,41099],[-13,4,10020],[-6,0,20915],[-2,4,13909],[-10,3,69786],[-6,-1,6976],[-5,-2,16848],[-5,3,18921],[-5,-3,8047],[-2,1,8047],[-3,-3,18921],[-4,3,0]],[[22456,13983,0],[2,25,11319],[1,4,0]],[[22293,13535,0],[1,-3,9051],[3,-14,16832],[-2,-6,9413],[1,-7,16832],[2,-2,7394],[1,-4,56030],[-1,-16,13620],[2,-2,13620],[0,-21,12684],[1,-8,34382],[-4,-1,24035],[2,-18,10593],[-1,-4,199051],[-16,-4,11935],[-3,-2,40435],[1,-12,62080],[-21,0,27663],[-6,-5,9424],[-5,-2,19006],[-1,1,7030],[-5,0,0]],[[22159,13426,0],[-4,12,7227],[-2,2,7227],[1,2,49628],[9,6,8288],[2,2,12437],[9,5,96589],[-3,2,8472],[2,4,8017],[-2,1,21425],[-8,7,9674],[-5,3,8568],[-4,4,24003],[-3,12,24003],[-5,3,8637],[-4,-1,111086],[2,6,8854],[0,7,24183],[5,3,16339],[1,5,8463],[4,8,39234],[0,20,19233],[3,7,0]],[[23008,12243,0],[-2,5,13736],[-4,18,0]],[[23002,12266,0],[6,-1,8223],[7,-4,21453],[11,-9,33916],[5,4,0]],[[23031,12256,0],[34,31,0]],[[23065,12287,0],[19,-51,0]],[[23084,12236,0],[-13,-16,0]],[[23071,12220,0],[-3,-5,0]],[[23068,12215,0],[-5,-7,0]],[[23063,12208,0],[-11,9,20711],[-7,2,7116],[-5,1,0]],[[23040,12220,0],[-7,1,26936],[-12,10,14349],[-13,12,0]],[[22791,11787,0],[4,-2,16455],[4,-12,33480],[7,-7,15997],[3,0,9806],[9,-6,63820],[5,-1,7103],[1,1,11986],[10,-3,21855],[0,1,7670],[7,1,7316],[1,1,90341],[-5,18,9717],[-1,10,90341],[7,1,20511],[24,-5,46019],[1,0,7620],[1,-11,33113],[15,-1,0]],[[22884,11772,0],[1,-12,14528],[3,-5,21922],[2,-18,14972],[4,-2,14972],[-3,-8,0]],[[22754,11831,0],[4,0,10534],[0,4,0]],[[22479,12739,0],[18,11,19777],[19,8,44390],[33,26,0]],[[23054,12179,0],[11,5,11358],[1,-1,0]],[[23066,12183,0],[5,-4,10586],[3,-6,11659],[7,-8,39682],[15,-1,0]],[[23096,12164,0],[-2,-14,14687],[-4,-2,11570],[0,-5,30903],[6,-3,0]],[[23096,12140,0],[-8,-21,0]],[[23088,12119,0],[-5,2,12945],[-6,-2,0]],[[23077,12119,0],[-11,1,0]],[[23066,12120,0],[-1,7,9665],[-1,13,22432],[-3,0,9827],[-1,5,22432],[2,5,8642],[-1,5,15405],[-3,3,15405],[-4,21,0]],[[22632,12358,0],[3,-8,11723],[0,-6,21966],[2,-7,9497],[7,-14,46357],[7,-12,14004],[12,-17,100238],[26,-25,26155],[16,-11,134159],[-1,-3,11901],[-8,-4,33225],[2,-3,8389],[2,-6,16345],[5,-3,33225],[2,-10,10207],[-1,-11,0]],[[22706,12218,0],[1,-5,7123],[1,-1,15312],[-3,-7,25646],[2,-4,10129],[-1,-6,13138],[3,-7,8485],[0,-6,79681],[-7,-7,12662],[-8,-3,34353],[0,8,23813],[-11,-4,79681],[-1,-28,8724],[0,-11,63249],[-10,-2,41772],[1,-5,7162],[-2,-3,11555],[2,-15,35377],[-7,-3,136761],[1,-10,21258],[7,-4,17938],[1,-5,10000],[2,-3,42628],[-3,-6,13283],[3,-3,13283],[0,-5,8777],[-1,-7,0]],[[23063,12071,0],[1,1,0]],[[23064,12072,0],[5,-4,16044],[16,-3,15965],[-1,-2,0]],[[23075,12031,0],[-6,2,14919],[-12,6,7295],[-4,3,7295],[-7,3,16499],[-5,1,0]],[[23041,12046,0],[2,2,0]],[[23043,12048,0],[13,13,18143],[7,10,0]],[[22336,12542,0],[-1,-6,11120],[3,-11,13845],[0,-14,7045],[-1,-3,13845],[2,-5,0]],[[22633,13189,0],[1,8,23275],[11,5,78475],[-2,3,7465],[0,3,7792],[-4,7,8748],[-2,5,15053],[-3,4,7976],[-3,7,54649],[-11,-2,32835],[-5,8,10244],[-6,6,0]],[[22720,13084,0],[-3,0,8211],[-3,4,7118],[-3,0,27680],[-13,-3,10602],[-8,0,89805],[-3,7,11580],[1,4,23100],[-9,9,12099],[-1,4,50743],[3,13,19187],[5,5,89805],[-2,4,8962],[-4,3,24572],[-12,-1,26097],[-3,1,9308],[-5,7,37165],[-1,5,7340],[1,4,7340],[-1,8,37165],[-12,-2,76670],[-6,11,14232],[-1,9,17906],[-6,4,17906],[-1,9,0]],[[22754,13028,0],[-7,6,16005],[-15,10,43593],[4,3,10112],[2,5,44485],[-2,4,10314],[-3,-2,10314],[-5,4,21126],[0,6,7210],[-1,2,29002],[-13,3,73614],[0,6,15631],[6,9,0]],[[22803,13000,0],[-11,5,16778],[-8,6,8200],[-16,10,19395],[-4,1,7302],[-4,3,6973],[-2,1,6973],[-3,1,6973],[-1,1,6973],[0,0,0]],[[22787,12885,0],[16,115,0]],[[22993,12180,0],[13,5,27416],[6,0,13180],[6,-4,8733],[3,0,0]],[[23021,12181,0],[14,-30,0]],[[23035,12151,0],[2,-3,0]],[[23037,12148,0],[-2,0,10491],[-17,5,29533],[1,-7,0]],[[23019,12146,0],[-16,1,21125],[-5,-4,35693],[-7,4,8093],[-4,4,79988],[1,11,17070],[5,18,0]],[[22872,11934,0],[0,7,19166],[5,4,11303],[4,-1,24340],[0,4,9363],[4,6,14473],[4,1,12467],[0,3,7652],[2,0,7652],[1,3,14473],[-4,1,60708],[1,6,11558],[-3,0,11558],[-2,8,9708],[2,1,9708],[-3,4,34691],[0,4,8683],[5,5,12839],[-3,1,10317],[3,5,89745],[4,1,7088],[1,-1,7088],[5,0,22696],[6,5,9780],[4,0,9715],[2,3,136563],[-1,19,7323],[2,4,7323],[-2,0,21832],[4,8,21832],[-4,9,37147],[3,7,10927],[-1,6,13717],[4,8,37147],[-2,8,7152],[-3,5,14028],[1,5,94856],[17,27,0]],[[22928,12110,0],[35,-88,83349],[0,-31,38619],[4,-10,7236],[3,-5,157366],[2,0,13024],[10,-10,13959],[2,2,13959],[10,-9,55518],[-1,-2,10956],[6,-9,21137],[9,-7,7873],[1,-3,29511],[5,-15,0]],[[23014,11923,0],[-15,-3,13345],[-18,-6,29496],[-7,-1,7505],[-11,0,84369],[-2,-1,10467],[-9,-15,37670],[-6,-2,7267],[-9,-6,11358],[-4,0,11358],[-1,-3,7532],[-4,-2,190765],[2,-14,10556],[2,-16,45947],[-4,-4,7626],[-4,-2,38806],[8,-8,25827],[8,-3,9045],[8,-2,45947],[-9,-8,11678],[0,-2,0]],[[22939,11825,0],[-14,-2,13468],[-3,-3,9602],[-7,-1,71965],[-5,-10,12825],[-5,-5,12825],[-5,-10,11087],[-7,-10,41053],[-7,-2,11083],[-3,-3,0]],[[22883,11779,0],[-1,3,11594],[6,1,21457],[-1,9,12617],[3,9,86465],[-3,-1,7041],[-1,3,8566],[4,1,8566],[0,9,7702],[-1,5,11612],[2,3,8219],[-2,3,8219],[-2,8,42207],[-2,3,11531],[-4,-2,21859],[-4,5,12181],[-1,7,42207],[3,7,9456],[2,12,50433],[-4,6,14298],[-4,13,27302],[4,9,24853],[-4,4,10004],[1,3,10004],[-4,2,0]],[[22870,11901,0],[-1,14,9319],[-3,3,9319],[3,3,23402],[3,13,0]],[[23327,12464,0],[-23,-180,177412],[15,-88,0]],[[23319,12196,0],[-159,-32,213537],[-8,10,16675],[-17,29,0]],[[23135,12203,0],[-8,12,0]],[[23127,12215,0],[-4,5,27632],[-39,16,0]],[[23065,12287,0],[-67,56,0]],[[22998,12343,0],[15,26,47200],[1,24,104944],[92,187,0]],[[23136,12564,0],[-30,16,0]],[[23327,12464,0],[-191,100,0]],[[23018,12116,0],[21,4,7064],[9,2,0]],[[23048,12122,0],[1,-10,10029],[-1,-7,28416],[-7,-18,0]],[[23041,12087,0],[-7,1,8584],[-7,1,27523],[-17,10,64323],[3,7,8637],[4,4,14686],[1,6,0]],[[22688,12053,0],[6,6,40853],[5,-4,15013],[11,-2,16486],[5,-3,7715],[9,-6,80954],[3,9,22803],[-2,12,8938],[-2,5,75298],[12,1,31989],[10,-5,15677],[3,-6,31989],[9,4,0]],[[22757,12064,0],[1,-4,10602],[2,0,7047],[3,-3,11739],[0,-4,11739],[5,-5,7342],[2,-4,25558],[10,-7,100460],[8,1,16106],[0,-3,10206],[6,-1,16670],[10,1,37227],[9,-5,12370],[8,-6,39052],[11,-1,7050],[3,1,11891],[13,-2,149559],[2,-8,12761],[1,-17,20550],[-1,-13,0]],[[22850,11984,0],[-5,0,12972],[-11,5,39273],[-4,-6,7257],[-1,-4,10772],[-3,-2,39273],[-2,5,8384],[-2,0,16209],[-2,-6,16209],[-4,1,7836],[-12,1,172521],[-3,-8,15662],[0,-12,15692],[-3,-7,8814],[-1,-8,34988],[4,-8,17480],[-2,-3,11426],[3,-7,8722],[-1,-3,30548],[-6,-1,30548],[-3,-8,16408],[1,-15,88523],[13,-12,24242],[-1,-6,0]],[[22805,11880,0],[-10,0,14390],[-3,-4,47065],[0,-4,9845],[4,-7,21600],[-1,-5,10748],[0,-8,0]],[[23096,12140,0],[6,-2,7275],[1,1,16445],[17,1,0]],[[23120,12140,0],[0,-3,7443],[-4,-16,7443],[-3,-15,0]],[[23113,12106,0],[-22,8,0]],[[23091,12114,0],[2,3,10143],[-5,2,0]],[[22805,11880,0],[15,2,24851],[2,2,7326],[1,5,24851],[7,-3,10960],[2,-4,26012],[7,1,10059],[14,4,59843],[7,11,8237],[1,2,26428],[7,-1,11402],[2,2,0]],[[22883,11779,0],[1,-7,0]],[[22989,12325,0],[2,5,0]],[[22991,12330,0],[7,13,0]],[[23002,12266,0],[0,3,0]],[[23002,12269,0],[-3,7,8380],[-6,16,32410],[-1,8,13618],[2,10,13618],[-1,10,28462],[-4,5,0]],[[23041,12087,0],[10,-1,11204],[1,-3,11204],[4,1,7382],[3,-1,0]],[[23059,12083,0],[3,-3,14506],[-3,-8,17555],[4,-1,0]],[[23043,12048,0],[-7,10,15662],[-2,8,44473],[1,5,7334],[2,7,13587],[4,9,0]],[[22823,12180,0],[6,-9,25896],[3,-1,10178],[6,1,8508],[3,-1,61328],[2,-5,15177],[-3,-6,12301],[0,-6,37468],[4,-4,10073],[6,-11,14491],[2,-7,0]],[[22852,12131,0],[-2,-6,8295],[-2,-8,30131],[5,-16,30131],[-4,0,14739],[0,-9,26530],[4,-6,19517],[-2,-6,11397],[1,-7,154544],[-2,-1,7654],[-2,3,7836],[-6,2,11236],[-4,4,10252],[-3,-1,8469],[-3,2,48363],[-3,19,79040],[-4,5,11370],[-7,3,21560],[-3,-3,13075],[-7,3,45164],[1,-5,10286],[-1,-4,7126],[0,-7,45164],[-7,1,23708],[-6,8,7932],[0,2,7201],[-5,3,0]],[[22790,12107,0],[-6,18,57949],[2,3,17952],[1,9,10693],[4,14,25139],[-3,7,25139],[3,3,9159],[-1,2,13228],[6,8,104991],[10,-10,18862],[2,1,8081],[6,-4,12603],[4,-5,10451],[5,-3,33912],[-1,5,8669],[-3,2,9348],[-1,5,9348],[-3,1,51289],[0,6,10132],[2,8,22147],[6,3,0]],[[22924,12195,0],[16,-4,10241],[4,2,8481],[4,-2,54476],[3,4,10772],[9,6,27850],[2,-1,7962],[1,-6,27850],[4,1,7629],[3,2,7629],[6,3,17655],[2,5,0]],[[22978,12205,0],[5,-5,25434],[3,-22,37874],[7,2,0]],[[23019,12146,0],[2,-4,17616],[-2,-8,9657],[1,-9,12568],[-2,-9,0]],[[23041,12046,0],[-4,-14,19905],[1,-12,15179],[-3,-9,7151],[0,-3,39964],[3,-18,0]],[[23038,11990,0],[6,-32,36725],[0,-7,7449],[0,-11,17487],[-2,-9,0]],[[23042,11931,0],[-8,-3,14744],[-20,-5,0]],[[22928,12110,0],[-4,85,0]],[[23007,12219,0],[0,22,14520],[1,2,0]],[[23040,12220,0],[1,-2,13093],[-5,-16,7016],[-2,-10,33026],[2,-15,0]],[[23036,12177,0],[1,-13,14223],[2,-9,24906],[-4,-4,0]],[[23021,12181,0],[-9,20,23722],[-3,7,7421],[-2,11,0]],[[22978,12205,0],[20,18,38674],[4,0,8660],[3,-4,7381],[2,0,0]],[[22947,11681,0],[0,11,34385],[17,-4,0]],[[22964,11688,0],[66,-12,0]],[[23030,11676,0],[5,-1,15871],[-4,-8,24252],[2,-3,10628],[8,-1,48761],[0,-6,15632],[6,-1,15145],[0,-5,15632],[-7,0,22876],[-1,-8,10928],[2,-1,11206],[5,-14,11206],[-1,-3,0]],[[23182,12005,0],[-6,-30,0]],[[23176,11975,0],[-86,18,0]],[[23090,11993,0],[-9,1,11679],[-7,-1,12347],[0,-3,12347],[-4,-1,7959],[-4,2,61047],[3,15,9510],[4,10,7014],[-1,0,91388],[-14,4,40443],[-1,-4,12690],[1,-12,10222],[2,-2,40443],[-7,-9,7981],[-3,-1,27203],[-12,-2,0]],[[23066,12183,0],[7,9,22942],[9,1,0]],[[23082,12193,0],[21,-16,0]],[[23103,12177,0],[-3,-4,7439],[-3,0,17580],[-1,-9,0]],[[23063,12208,0],[19,-15,0]],[[23054,12179,0],[-5,-2,10910],[-13,0,0]],[[23064,12072,0],[3,4,0]],[[23067,12076,0],[5,-2,13743],[9,3,24041],[9,6,40844],[6,-3,8259],[8,-3,0]],[[23104,12077,0],[-8,-16,0]],[[23002,12269,0],[-20,-3,27431],[-17,2,16825],[-17,0,0]],[[22948,12268,0],[-2,0,19762],[21,28,26620],[2,-1,9641],[5,5,26620],[4,6,7808],[4,8,10117],[7,11,0]],[[22750,12409,0],[6,-12,20158],[19,-54,0]],[[22775,12343,0],[1,-2,8834],[5,-9,7461],[2,-3,13174],[2,-7,13174],[3,1,41711],[4,-10,7167],[1,-6,24384],[-4,-1,10423],[0,-4,0]],[[22789,12302,0],[-2,-5,7388],[0,-4,19152],[5,-11,36559],[0,-6,9508],[-2,-8,20593],[-5,-7,141493],[-24,-17,9040],[-9,-6,7326],[-17,-12,65266],[-3,-1,7891],[-26,-7,0]],[[22865,12534,0],[29,-156,151202],[27,-23,0]],[[22921,12355,0],[7,-6,55009],[-3,-5,10027],[-3,-13,21536],[-4,-20,8690],[-4,-18,95318],[0,-8,15939],[6,-20,47368],[4,-70,0]],[[22928,12110,0],[-28,-3,23329],[-13,2,81012],[-5,5,9188],[-1,3,32176],[-5,4,10652],[-3,0,11166],[-6,5,18647],[-5,0,13971],[-7,5,9483],[-3,0,0]],[[22823,12180,0],[3,1,10331],[8,-1,21913],[8,6,55660],[-6,11,25464],[4,3,12932],[2,7,20066],[-4,3,136874],[-3,7,11165],[-4,12,20334],[-6,12,17157],[-3,9,9153],[-5,10,28587],[3,3,28587],[-2,5,10126],[-4,3,10126],[-6,9,18932],[-1,5,7462],[-3,6,74967],[-11,6,12382],[-4,5,0]],[[22790,12107,0],[-4,1,10879],[-4,-4,15528],[-5,4,15528],[-4,-4,63965],[0,-12,10165],[-2,-1,10165],[0,-8,42566],[-5,-1,7470],[-1,-2,10745],[-6,-1,34778],[0,-4,10988],[-5,-2,17922],[3,-9,0]],[[23066,12120,0],[-18,2,0]],[[23048,12122,0],[-11,26,0]],[[23169,11714,0],[-34,52,0]],[[23135,11766,0],[13,66,0]],[[23148,11832,0],[14,71,0]],[[23162,11903,0],[14,72,0]],[[23191,12052,0],[140,81,0]],[[23331,12133,0],[145,-141,0]],[[23476,11992,0],[40,-139,0]],[[23516,11853,0],[-3,-131,0]],[[23513,11722,0],[-59,-112,0]],[[23042,11931,0],[8,0,7825],[10,-3,25847],[20,-5,16936],[8,-5,0]],[[23088,11918,0],[74,-15,0]],[[23148,11832,0],[-113,-18,0]],[[23035,11814,0],[-47,-7,13582],[-7,0,38841],[-3,11,22307],[-7,-1,37102],[-4,-17,0]],[[22967,11800,0],[-11,2,40209],[-3,7,11320],[0,7,11320],[-3,2,18229],[-1,8,42787],[-10,-1,0]],[[23135,11766,0],[-84,-20,13889],[-1,-1,6973],[-3,-1,0]],[[23047,11744,0],[-1,3,9993],[-5,-2,11255],[0,-3,13490],[-23,-6,108899],[-4,-3,10338],[3,-2,18192],[4,-10,10670],[1,-9,39470],[-7,-17,67375],[10,-1,7734],[7,-2,7734],[3,1,47545],[1,-8,18379],[-2,-1,7525],[0,-6,10904],[-4,-2,0]],[[22964,11688,0],[3,23,11171],[2,8,8918],[1,9,32786],[3,9,11895],[3,2,19172],[2,14,94111],[-8,3,8583],[-6,2,10594],[-5,3,74139],[1,15,20090],[7,24,0]],[[22978,12205,0],[-6,1,15688],[-5,3,8461],[-1,4,52780],[0,33,57284],[-18,19,14111],[0,3,0]],[[23106,12580,0],[-94,49,0]],[[22850,11984,0],[-1,-24,29120],[5,-12,61642],[5,-6,7800],[4,-4,17512],[9,-4,0]],[[23113,12106,0],[-9,-29,0]],[[23067,12076,0],[6,7,12059],[3,7,12944],[9,11,21395],[6,13,0]],[[23103,12177,0],[7,9,0]],[[23110,12186,0],[5,-6,7899],[5,-6,7899],[-1,0,7899],[8,-11,23233],[2,1,13173],[7,-8,75090],[-9,-6,16952],[-4,-4,8359],[-3,-6,0]],[[23059,12083,0],[2,4,7941],[4,11,19965],[9,13,15403],[3,8,0]],[[23110,12186,0],[-4,7,13400],[-7,1,13357],[-2,5,23524],[-9,2,23524],[-20,14,0]],[[23319,12196,0],[12,-63,0]],[[21529,9419,0],[-2,0,0]],[[21527,9419,0],[6,8,0],[-15,11,0]],[[21518,9438,0],[2,3,0]],[[22905,11097,0],[13,-2,0]],[[22918,11095,0],[-2,-2,0],[0,-9,0]],[[22916,11084,0],[-7,-1,0]],[[22916,11084,0],[1,-22,0],[0,-3,0]],[[22917,11059,0],[-7,0,0]],[[22275,9834,0],[0,-4,0]],[[22275,9830,0],[-8,-1,0],[3,-14,42973],[-17,-8,0],[7,45,0]],[[22807,11112,0],[2,1,0]],[[22822,11075,0],[-2,-2,0]],[[22820,11073,0],[-5,8,0],[-8,31,0]],[[22871,11036,0],[-2,-9,0]],[[22869,11027,0],[-9,9,0],[-23,10,0]],[[22837,11046,0],[-2,1,0],[-15,26,0]],[[22931,11102,0],[0,-1,0]],[[22931,11101,0],[-4,0,0],[-9,-6,0]],[[21486,9465,0],[-2,0,0]],[[21484,9465,0],[0,1,0],[-32,8,0],[-5,-2,0]],[[21447,9472,0],[-1,1,0]],[[22866,11017,0],[0,1,0]],[[22866,11018,0],[23,-14,0]],[[22994,10959,0],[-1,0,0]],[[22993,10959,0],[2,3,0],[-10,22,41279],[-13,4,0],[1,30,0]],[[22973,11018,0],[7,7,0]],[[23165,11226,0],[3,0,0]],[[23168,11226,0],[-4,-10,0],[14,-48,86762],[-4,-30,54692],[-14,9,0],[-11,-10,0]],[[23149,11137,0],[-1,1,0]],[[23112,11041,0],[2,-2,0]],[[23114,11039,0],[-4,-4,0],[-10,-23,0],[-12,1,0]],[[23088,11013,0],[-4,4,0]],[[23187,11487,0],[-1,-4,0]],[[23164,11474,0],[1,2,0]],[[23165,11476,0],[16,5,0],[6,6,0]],[[23143,11055,0],[5,1,0]],[[23148,11056,0],[1,-4,0],[11,-4,32387],[10,-17,72172],[8,-44,95240],[-17,-1,60456],[-24,31,95240],[2,23,40912],[-10,16,0],[-15,-17,0]],[[23161,10938,0],[5,11,37690],[10,-19,37690],[20,-8,85922],[3,-13,38916],[-15,-13,85922],[-19,18,50162],[-4,24,0]],[[23002,10864,0],[6,30,124795],[35,-9,71160],[35,-31,0],[3,-21,41411],[-9,-18,0],[-37,15,68697],[-11,21,45525],[-22,13,0]],[[23177,11263,0],[4,-7,0]],[[23181,11256,0],[-13,-30,0]],[[22790,11068,0],[0,2,0]],[[22790,11070,0],[11,-2,29193],[24,-18,50789],[15,-23,50789],[19,-4,0],[7,-5,0]],[[23058,10935,0],[1,-1,0]],[[23059,10934,0],[-11,9,0],[9,-36,65227],[-16,-7,136438],[-27,13,37863],[-12,14,41769],[-8,-10,41769],[-13,19,0],[12,23,0]],[[22711,10969,0],[3,0,0]],[[22714,10969,0],[-7,-30,0],[0,-16,0]],[[22707,10923,0],[-1,1,0]],[[22725,11155,0],[7,-7,0]],[[22732,11148,0],[-14,-12,0],[-5,-15,0]],[[22713,11121,0],[-2,1,0]],[[22973,11018,0],[0,3,0],[-20,25,74658],[-8,52,0],[-14,3,0]],[[22714,11006,0],[1,-32,0],[-1,-5,0]],[[23080,11648,0],[2,-3,16524],[15,-7,77744],[17,-46,37645],[10,-7,37645],[0,-24,70766],[12,-4,0],[15,-29,0]],[[23151,11528,0],[-1,0,0]],[[22807,11112,0],[-7,24,0],[4,15,0],[-1,0,0]],[[22803,11151,0],[1,4,0]],[[22803,11151,0],[-18,-6,0],[-8,-15,32890],[-15,-11,96237],[-5,20,52052],[-23,10,0],[-2,-1,0]],[[22917,11059,0],[-5,-38,0],[-5,-8,39815],[-27,3,0],[-11,11,0]],[[23151,11528,0],[7,-12,0],[6,-41,0],[1,1,0]],[[23149,11137,0],[-7,-6,0],[0,-35,0],[6,-40,0]],[[23088,11013,0],[-5,0,0],[10,-38,97784],[-14,-38,46575],[-13,-9,0],[-7,6,0]],[[23071,10920,0],[14,-13,52106],[-3,-26,52106],[-11,16,40294],[0,23,0]],[[22713,11121,0],[-4,-13,0],[19,-18,109515],[0,-43,63463],[-14,-40,0],[0,-1,0]],[[23242,11315,0],[1,0,0]],[[23243,11315,0],[-1,-8,0],[8,-19,35750],[-2,-20,101405],[-11,-9,32613],[-8,8,38749],[-19,-14,0],[-29,3,0]],[[23187,11487,0],[8,9,0],[62,-32,105939],[6,-31,49355],[14,-7,242472],[-14,-23,62353],[8,-29,85208],[-25,-31,0],[-3,-28,0]],[[23105,12057,0],[8,0,0]],[[23113,12057,0],[-1,-6,0],[-10,-12,40103],[6,-17,0],[-3,-2,0]],[[23105,12020,0],[-4,3,0]],[[21618,9265,0],[3,0,0]],[[21676,9257,0],[0,-2,0]],[[21676,9255,0],[-20,-19,0],[-17,3,49646],[-10,-20,97042],[-13,17,35802],[-6,21,55598],[9,8,0],[-1,0,0]],[[20535,9146,0],[1,23,43577],[12,-7,74151],[17,-41,120616],[-6,-42,35448],[5,-21,35448],[-9,-2,120616],[-11,27,56047],[-2,41,39354],[-7,22,0]],[[20584,9224,0],[25,-6,99860],[7,-28,47780],[-8,-6,33791],[2,-20,76483],[-16,-4,99860],[-9,27,47735],[6,23,39577],[-7,14,0]],[[20612,9099,0],[8,12,41993],[18,-4,101673],[-14,31,32773],[7,-4,32773],[-12,40,101673],[18,-3,40295],[11,-16,0],[8,-48,39220],[10,-18,39174],[-11,-2,78681],[12,-12,33144],[4,-16,0],[-18,-10,42667],[-8,11,34498],[-12,-5,108396],[-21,44,0]],[[20616,9212,0],[13,-6,49953],[-2,-27,49953],[-8,7,35362],[-3,26,0]],[[20654,9148,0],[15,-2,40195],[15,-19,40195],[22,-9,134074],[-12,-45,134074],[-24,14,89396],[-16,61,0]],[[22192,9471,0],[-5,0,0]],[[22083,9286,0],[-1,-1,0]],[[22082,9285,0],[-8,20,0],[-11,4,0]],[[22063,9309,0],[-1,0,0]],[[22000,9399,0],[-1,0,0]],[[21999,9399,0],[4,3,0],[-22,-2,66467],[0,15,33686],[11,16,0],[0,1,0]],[[21992,9432,0],[2,1,0]],[[22128,9617,0],[6,8,0]],[[22134,9625,0],[19,-25,0],[12,17,65645],[23,-20,155865],[20,-52,80448],[-6,-11,50935],[-18,26,82302],[-6,-6,33066],[12,-18,33066],[12,-51,120931],[-20,7,0],[10,-21,0]],[[21741,9318,0],[0,-1,0]],[[21741,9317,0],[-10,1,0],[9,19,33407],[-4,10,43390],[-17,-42,51668],[-6,26,0],[-3,-18,0]],[[21710,9313,0],[-1,4,0]],[[21962,9506,0],[-23,-10,72445],[-25,-34,39103],[-4,-15,72445],[-23,-18,39389],[-9,-17,52202],[-20,-9,0],[-10,11,0]],[[21848,9414,0],[1,1,0]],[[21873,9398,0],[29,26,32942],[12,17,93287],[15,-3,41463],[25,13,204853],[-2,-28,32626],[-6,2,32626],[8,-29,97190],[-12,-1,55089],[-14,-39,204853],[-16,24,34376],[5,14,32936],[-10,3,95658],[-9,-16,60075],[-21,3,44207],[-4,14,0]],[[21610,9334,0],[2,1,0]],[[21618,9265,0],[-17,25,0],[17,17,40844],[-14,1,40844],[9,22,0],[-3,4,0]],[[21099,8956,0],[-1,-2,0]],[[21098,8954,0],[-15,10,0],[-10,-7,52998],[14,-32,52998],[-3,-49,173859],[-14,8,36875],[-9,19,75203],[-17,-14,47247],[-11,11,0],[-9,-10,0]],[[21024,8890,0],[-3,3,0]],[[21513,9103,0],[-2,0,0]],[[21499,9117,0],[1,1,0]],[[21500,9118,0],[0,-2,0],[8,2,39597],[21,36,93612],[8,4,33408],[6,-19,43732],[-7,-8,36034],[10,-17,93612],[-32,-5,0],[-1,-6,0]],[[21594,9429,0],[1,0,0]],[[21595,9429,0],[-20,-26,0],[-4,-12,71991],[-61,-11,58627],[-4,8,0],[21,31,0]],[[22202,9924,0],[-1,0,0]],[[22201,9924,0],[1,12,0],[-15,38,88313],[17,33,0],[20,18,0]],[[21508,9086,0],[1,0,0]],[[21509,9086,0],[-2,-5,0],[14,-43,37829],[-11,17,41392],[-8,-17,0],[-14,-10,0]],[[21488,9028,0],[-12,4,0]],[[21024,8890,0],[0,-1,0],[-1,-19,42095],[-15,-10,156691],[-41,15,96177],[-3,19,35506],[-12,23,96177],[-23,-6,53265],[-13,15,0],[-15,4,0]],[[20931,8814,0],[1,18,48522],[16,-4,36054],[3,-14,48522],[-20,0,0]],[[20962,8809,0],[4,12,33073],[13,-5,49269],[3,-20,49269],[-20,13,0]],[[21610,9444,0],[-5,-7,0]],[[21605,9437,0],[-4,0,0],[-6,-8,0]],[[21518,9438,0],[-7,6,0],[-20,-4,40754],[-12,11,0],[5,14,0]],[[21710,9313,0],[-4,-39,0],[-22,9,47834],[3,-17,0],[-11,-11,0]],[[21668,9180,0],[10,3,39043],[5,25,46076],[15,24,35515],[17,16,0],[24,1,92177],[9,10,36134],[-1,-24,36134],[-12,2,36134],[5,-23,55512],[8,1,32883],[6,-20,152945],[-14,-27,56409],[-11,12,82916],[-1,-41,0],[-14,6,43597],[-9,25,77094],[-37,10,0]],[[21250,8974,0],[1,-1,0]],[[21251,8973,0],[-10,-7,0],[0,-29,66643],[22,-31,66643],[0,-26,38871],[-10,-9,38871],[16,-9,299238],[-20,-12,43569],[-20,3,78020],[2,-23,146352],[-30,32,55307],[-14,-11,48409],[-8,19,137153],[-10,-32,72979],[-24,4,327755],[-8,9,35558],[-17,45,93098],[-4,-43,72755],[-15,33,93098],[-4,59,41811],[4,8,0],[-3,1,0]],[[21320,8943,0],[-2,-1,0]],[[21318,8942,0],[-3,9,0],[-12,-5,61791],[-8,45,106704],[-30,3,57519],[-7,-17,0],[-7,-4,0]],[[21420,9452,0],[1,0,0]],[[21421,9452,0],[10,-20,0],[-1,-19,55618],[24,-19,73575],[-2,-20,36227],[7,-23,139092],[-19,-7,51965],[-7,-24,0],[13,-19,0]],[[21446,9301,0],[-2,-2,0]],[[21499,9173,0],[1,0,0]],[[21500,9173,0],[-11,-17,0],[14,-16,0],[-3,-22,0]],[[21605,9425,0],[2,-1,0]],[[21610,9359,0],[-5,-5,0]],[[21605,9354,0],[-1,12,0],[-30,-27,100286],[-8,10,33349],[-4,28,111710],[17,1,32974],[15,9,70608],[5,25,0],[6,13,0]],[[21575,9316,0],[15,27,53190],[6,-18,53190],[-21,-9,0]],[[21605,9425,0],[5,12,0],[-5,0,0]],[[22341,9994,0],[-2,0,0]],[[22339,9994,0],[-12,25,0],[-1,-1,0]],[[22326,10018,0],[-4,7,0]],[[22192,9471,0],[5,-9,0],[1,-20,45719],[-15,-26,68019],[8,-25,208186],[-29,-55,45021],[5,21,89625],[-17,1,48071],[-12,-20,49787],[-21,-1,153268],[17,-23,108873],[-22,-38,68280],[-23,-8,0],[-7,17,0]],[[22183,9365,0],[21,11,52617],[-17,-29,52617],[-4,18,0]],[[22209,8996,0],[11,2,35226],[-7,-19,35226],[-4,17,0]],[[22101,9684,0],[0,-1,0]],[[22101,9683,0],[14,-29,41647],[16,-6,41647],[-4,-14,0],[7,-9,0]],[[21992,9432,0],[-13,20,0],[-22,15,67470],[17,21,0],[-12,18,0]],[[22063,9309,0],[11,-27,0],[-20,-18,35393],[-11,-21,103204],[-10,5,38289],[0,43,38289],[-5,-20,55325],[-17,1,103204],[2,-18,37796],[-9,-26,103204],[-21,-26,34128],[-20,-18,37612],[-11,0,37612],[-7,-20,431225],[-22,3,32635],[-4,-21,32635],[-5,16,79495],[-41,28,117152],[-6,-34,77471],[-10,8,41878],[-4,-23,45447],[-9,19,45447],[0,-22,34160],[-8,5,72377],[-12,31,61367],[19,-2,294012],[-14,40,58417],[13,1,58417],[-8,37,34511],[2,15,53920],[-13,8,53920],[12,27,431225],[16,-13,58518],[0,14,37748],[18,-4,37748],[-9,14,60061],[58,34,37743],[10,-4,37743],[14,17,48158],[23,9,57772],[13,-17,48371],[-1,29,0],[22,20,0]],[[21784,9180,0],[10,35,71230],[10,-4,39511],[3,-27,71230],[-23,-4,0]],[[21790,9259,0],[6,17,51880],[14,-25,44850],[-4,-15,51880],[-16,23,0]],[[21939,9366,0],[20,25,50537],[-1,-20,50537],[-19,-5,0]],[[22162,8972,0],[7,5,34402],[9,-18,34402],[-16,13,0]],[[21447,9472,0],[-15,-4,0],[-11,-16,0]],[[21513,9103,0],[-4,-17,0]],[[21534,9053,0],[5,19,71923],[9,-21,34803],[9,0,55015],[3,36,55015],[9,-36,35321],[-1,-18,0],[-12,-6,38230],[-1,-20,0],[-16,19,48655],[-5,27,0]],[[21864,8914,0],[23,-2,34158],[9,6,81667],[17,-28,81667],[-19,7,33110],[-27,1,67697],[-3,16,0]],[[21848,9414,0],[-1,2,0],[-13,-27,48180],[-12,4,46144],[-10,-23,88576],[-33,-8,110489],[14,-15,46764],[-14,-9,46764],[0,-27,110489],[-19,-13,62963],[-17,19,0],[-2,0,0]],[[20789,9294,0],[0,27,0],[-8,31,66864],[2,77,0]],[[20784,9431,0],[-1,-2,0]],[[20760,9389,0],[-1,1,0]],[[20760,9389,0],[-4,-7,27690],[-3,-32,57895],[-15,-8,138131],[-36,16,67178],[-6,22,12614],[-1,0,0]],[[22151,9758,0],[1,0,0]],[[22152,9758,0],[-1,-25,0],[8,-14,45186],[-11,-29,45186],[12,4,66258],[-10,-30,149784],[-30,-7,76856],[-20,28,9965],[1,-2,0]],[[22144,9632,0],[4,17,34174],[5,-25,34174],[-9,8,0]],[[22151,9657,0],[26,29,82761],[9,-3,37955],[-1,-22,72974],[-9,-3,37039],[21,-19,37039],[-10,-4,34329],[-11,13,37039],[-13,-17,82761],[-12,26,0]],[[20795,8971,0],[-3,1,0]],[[20792,8972,0],[5,32,0],[-9,13,48714],[17,14,72728],[28,-4,79231],[12,11,40253],[9,28,160932],[-36,30,160932],[-1,15,33671],[10,27,43532],[-6,4,43532],[4,41,36080],[20,-3,36080],[-18,13,36080],[3,26,260477],[-11,-18,34716],[-1,14,63396],[-16,16,35181],[-14,25,0],[1,38,0]],[[20794,9224,0],[12,-15,37693],[-7,-11,37693],[-5,26,0]],[[21435,8951,0],[0,2,0]],[[21488,9028,0],[-2,-1,0],[1,-28,48264],[14,-8,50726],[-5,-25,46382],[10,-14,182726],[-37,-14,61648],[-27,5,0],[-7,8,0]],[[21610,9334,0],[-5,4,0],[0,16,0]],[[21446,9301,0],[6,-8,0],[6,-27,48320],[22,-34,82975],[17,3,82975],[-5,-48,62211],[11,-10,0],[-3,-4,0]],[[20901,8930,0],[-4,1,0],[-22,-10,33651],[-4,-9,99418],[21,-41,118523],[-5,-23,66539],[-20,2,37064],[-12,-9,95439],[12,-19,60427],[-16,-21,319431],[-4,20,52411],[-13,-8,44196],[-9,16,77976],[7,27,59058],[-15,16,190101],[-40,-5,95755],[-8,15,59471],[-17,1,33662],[-23,12,306064],[-27,42,89122],[27,1,58721],[12,-18,89122],[25,32,38189],[11,-5,38189],[-3,21,78381],[17,-5,0],[1,9,0]],[[20652,8975,0],[5,24,54797],[13,-29,57647],[-12,-26,57647],[-6,31,0]],[[20861,8776,0],[10,13,33287],[3,-13,33287],[-13,0,0]],[[21435,8951,0],[-8,10,0],[-3,-30,54983],[-13,24,54983],[-17,-7,109262],[-2,-42,45110],[-8,-15,183819],[-12,31,58568],[-6,-27,58568],[-19,30,44404],[-10,0,124941],[3,-38,51457],[-13,29,51457],[-2,-16,34253],[-13,-7,0],[-2,38,0]],[[21311,8931,0],[-1,0,0]],[[21311,8931,0],[10,3,0],[-3,8,0]],[[22326,10018,0],[-4,-18,0],[2,-7,0]],[[22324,9993,0],[-1,-1,0]],[[22446,10131,0],[-12,-10,0],[-9,13,39364],[-15,-5,58146],[-7,24,0],[-1,0,0]],[[22402,10153,0],[1,1,0]],[[22173,9967,0],[-3,-18,0],[6,-13,0]],[[22176,9936,0],[-1,-1,0]],[[22479,9822,0],[2,2,0]],[[22481,9824,0],[1,-3,0],[0,-42,51948],[11,-35,134885],[-9,-27,66210],[-24,3,201869],[-9,-10,39310],[10,-15,41980],[11,-55,97770],[14,0,33530],[16,-11,57974],[-9,-14,179131],[1,-30,34510],[-15,12,32831],[9,-18,34510],[-3,-44,52752],[-7,-19,433950],[-15,19,55138],[2,-33,57175],[-19,17,127745],[-2,39,48326],[9,-5,48326],[6,41,127745],[-19,24,51890],[-20,46,187880],[-2,20,34954],[7,18,34954],[1,27,87389],[-8,1,34259],[-7,24,63662],[11,23,63662],[-6,41,164550],[-25,-21,79836],[-6,18,35350],[4,19,0],[-1,1,0]],[[22425,9454,0],[9,19,46018],[7,-19,46018],[-16,0,0]],[[22496,9675,0],[7,0,35392],[2,-27,35392],[-9,27,0]],[[22573,9830,0],[9,-13,33994],[-5,-13,33994],[-4,26,0]],[[22232,10038,0],[3,2,0]],[[22224,10025,0],[13,12,0],[-5,1,0]],[[22181,10036,0],[1,-3,0]],[[22182,10033,0],[-12,3,0],[-9,-22,0],[3,-8,0]],[[22164,10006,0],[-2,-1,0]],[[22324,9993,0],[5,-16,0],[-12,-1,0],[-5,-22,0]],[[22312,9954,0],[-1,-1,0]],[[22321,9951,0],[4,19,34884],[8,-10,44459],[0,-25,44459],[-8,-4,35089],[-4,20,0]],[[22332,9972,0],[7,6,37571],[5,-24,37571],[-12,18,0]],[[22164,10006,0],[11,-31,0],[-2,-8,0]],[[22176,9936,0],[2,-3,0],[-3,-27,62834],[9,-41,41783],[10,0,41783],[-4,-29,119311],[-23,2,0]],[[22167,9838,0],[1,0,0]],[[22168,9838,0],[-1,0,0]],[[22230,9871,0],[4,1,0]],[[22260,9852,0],[1,3,0],[-15,-7,51928],[-2,-24,40510],[-11,-11,90805],[-13,29,63450],[14,18,0],[-4,11,0]],[[22392,10085,0],[3,0,0]],[[22395,10085,0],[4,-38,0]],[[22399,10047,0],[-5,-3,0]],[[22357,9751,0],[2,2,0]],[[22359,9753,0],[6,-8,0],[-2,-23,44167],[13,-4,63283],[-4,-25,48633],[7,-16,33058],[0,-24,75160],[-12,-26,75160],[15,-38,189052],[-18,-9,64717],[-18,30,64717],[-4,-27,189052],[15,-28,56221],[7,-44,71812],[14,-10,71812],[1,-33,38836],[-9,9,36441],[2,-24,326143],[-12,6,63330],[-8,-25,32788],[1,-19,65326],[-17,-1,251213],[-2,44,87905],[-17,64,58538],[3,25,52082],[-17,-2,104007],[1,25,35846],[9,13,104007],[-9,20,51078],[-23,-1,46349],[-2,14,270713],[23,23,63664],[-1,25,43368],[11,11,0],[-3,32,0]],[[22278,9684,0],[10,-5,35517],[-8,-16,35517],[-2,21,0]],[[22282,9825,0],[1,0,0]],[[22337,9846,0],[2,1,0]],[[22339,9847,0],[12,-21,0],[0,-65,0],[8,-8,0]],[[22309,9707,0],[-2,22,0],[-17,27,0],[-8,69,0]],[[22707,10923,0],[1,-21,52191],[20,-29,124372],[-3,-27,35496],[5,-25,58237],[-10,-32,40936],[2,-16,0],[-24,-16,0]],[[22698,10713,0],[6,19,35238],[12,7,35238],[-18,-26,0]],[[22377,10135,0],[6,-28,0],[11,-12,0],[1,-10,0]],[[22402,10153,0],[-14,-16,0],[-12,2,0],[1,-4,0]],[[22315,9935,0],[2,1,0]],[[22317,9936,0],[6,-19,0],[-16,-3,0],[5,-12,0]],[[22312,9902,0],[-23,-7,0]],[[22368,9946,0],[-5,-1,0]],[[22363,9945,0],[-3,22,0],[-9,1,0],[-12,26,0]],[[22312,9902,0],[11,-25,0],[16,-30,0]],[[22282,9825,0],[0,6,0],[-7,-1,0]],[[22518,10114,0],[0,3,0]],[[22536,10153,0],[2,0,0]],[[22538,10153,0],[9,-24,0],[12,-53,123198],[-1,-16,34928],[-11,8,34928],[-7,-17,63253],[-7,18,46092],[-13,-12,123198],[-1,66,0],[-1,-9,0]],[[22518,10019,0],[0,20,52986],[21,-2,76138],[3,-14,40724],[-11,-33,76138],[-13,29,0]],[[22312,9954,0],[-1,-1,0]],[[22311,9953,0],[6,-17,0]],[[22163,9799,0],[1,-4,0]],[[22164,9795,0],[-1,-16,0],[-11,-20,0],[0,-1,0]],[[22159,9761,0],[15,-1,37937],[-14,-14,37937],[-1,15,0]],[[22547,10345,0],[-6,-39,0],[-13,-23,60227],[1,-23,44859],[-13,-18,43058],[1,-20,135323],[-20,5,54282],[-16,-18,0],[-3,-10,0]],[[22478,10199,0],[-3,1,0]],[[22538,10272,0],[4,-3,0]],[[22543,10268,0],[0,-3,0]],[[22543,10265,0],[-1,1,0],[-7,-6,0],[3,12,0]],[[22592,10705,0],[1,1,0]],[[22593,10706,0],[14,-24,0],[-18,-67,47904],[-14,-33,0],[-1,-1,0]],[[22610,10607,0],[16,3,60832],[-2,-35,60832],[-14,32,0]],[[22203,10044,0],[-1,-2,0]],[[22202,10042,0],[-13,-10,0],[-7,1,0]],[[22477,10131,0],[0,2,0]],[[22481,10177,0],[0,2,0]],[[22481,10179,0],[10,16,0],[12,2,74846],[7,-41,37720],[10,-29,116557],[-4,56,60224],[9,2,0],[13,-32,0]],[[22518,10114,0],[-13,-76,0],[-14,6,44302],[-4,23,74173],[18,56,74173],[-22,-22,0],[-6,30,0]],[[22535,10177,0],[9,22,45334],[-2,-37,45334],[-7,15,0]],[[22168,9838,0],[11,-11,0],[-1,-39,60133],[-13,11,0],[-1,-4,0]],[[22574,10581,0],[-12,-10,0],[1,-14,0],[-7,-21,0]],[[22556,10536,0],[-1,0,0]],[[22698,10757,0],[0,-1,0],[-12,8,93478],[-28,-99,233805],[-23,34,91053],[-25,6,60651],[-20,34,60651],[-1,-25,0],[4,-8,0]],[[22478,10199,0],[-4,-14,0],[7,-7,0],[0,1,0]],[[22477,10131,0],[-1,7,0],[0,-37,84005],[-16,-8,45285],[-14,12,72896],[2,27,0],[-2,-1,0]],[[22556,10536,0],[-9,-29,0],[18,16,128410],[4,-17,42123],[-4,-47,57954],[-10,-23,57954],[13,-21,110436],[-5,-33,47492],[-11,-8,0],[-5,-29,0]],[[22538,10272,0],[13,68,0],[12,20,55650],[10,-4,39490],[-2,-22,114262],[-16,-38,72842],[10,-31,64514],[-12,-24,0],[-10,24,0]],[[22578,10546,0],[15,17,87353],[11,-15,47087],[5,-42,102920],[-18,-27,102920],[-5,47,45886],[-8,20,0]],[[22230,9871,0],[-2,7,0],[-11,5,43432],[-17,35,0],[1,6,0]],[[22754,10851,0],[-2,0,0]],[[22752,10851,0],[6,63,0],[-1,0,0]],[[22757,10914,0],[1,1,0]],[[22232,10038,0],[-28,5,0],[-2,-1,0]],[[22399,10047,0],[0,-2,0],[11,-1,36901],[10,-21,74037],[-2,-39,74037],[13,-4,33003],[3,-15,43084],[-13,-5,43084],[15,-15,43084],[28,-68,64407],[-3,-33,52040],[12,-4,0],[8,-16,0]],[[22388,9835,0],[-7,13,0],[7,42,88443],[-12,31,37662],[-10,8,0],[-3,16,0]],[[22349,9899,0],[3,21,39890],[11,-3,55364],[-1,-37,55364],[-13,19,0]],[[22367,9873,0],[10,-5,48700],[0,-34,38378],[-6,1,48700],[-4,38,0]],[[22437,9991,0],[8,-9,33229],[-1,-20,33229],[-7,29,0]],[[23018,10712,0],[1,0,0]],[[23019,10712,0],[-1,-9,0],[5,-18,46922],[-10,-22,42812],[3,-20,0],[-13,-12,0]],[[23003,10631,0],[-2,1,0]],[[23021,10584,0],[14,58,61192],[16,26,0],[8,-12,35955],[-3,-17,69805],[28,-20,151507],[-7,-42,35580],[-11,-34,0],[-44,17,83357],[-1,24,0]],[[22955,9682,0],[0,-1,0]],[[22970,9584,0],[1,-1,0]],[[22971,9583,0],[-25,-15,0],[-22,13,145364],[-5,17,34240],[-6,65,58550],[3,32,58550],[-11,19,35093],[-3,23,183975],[34,2,114602],[0,-18,34065],[12,-41,0],[7,2,0]],[[22891,9773,0],[2,0,0]],[[22921,9803,0],[3,-1,0]],[[22924,9802,0],[1,-15,0],[11,21,35232],[4,-10,64534],[-9,-48,95482],[-17,-11,60600],[-22,20,0],[-1,14,0]],[[22929,9549,0],[9,1,37239],[0,-23,37239],[-9,22,0]],[[22963,9518,0],[28,-10,81125],[2,-33,76021],[-28,7,81125],[-2,36,0]],[[22764,10965,0],[3,-1,0]],[[22757,10914,0],[-12,2,0],[1,40,55703],[12,-5,0],[6,14,0]],[[22999,10858,0],[-1,-1,0]],[[23039,10773,0],[1,-1,0]],[[23040,10772,0],[0,-8,0],[10,-13,52717],[-24,-12,139794],[-25,19,67176],[-24,34,47469],[-12,0,47469],[-12,29,207458],[-7,52,103366],[17,16,34470],[10,19,77140],[4,-28,0],[22,-22,0]],[[23078,10718,0],[10,-15,34932],[-9,-4,34932],[-1,19,0]],[[23126,10760,0],[9,7,35431],[-5,-25,35431],[-4,18,0]],[[23170,10709,0],[12,24,45285],[-3,-32,45285],[-9,8,0]],[[23193,10764,0],[12,-4,47368],[-2,-27,60968],[15,10,93553],[5,-29,36042],[-3,-24,93553],[-19,31,61382],[-8,43,0]],[[23239,10751,0],[7,-5,46431],[1,-50,46431],[-6,12,37680],[-2,43,0]],[[23269,10698,0],[7,36,75886],[13,-12,38891],[10,8,117384],[-2,-27,38176],[6,-39,117384],[-23,3,65691],[-11,31,0]],[[23308,10673,0],[16,23,37704],[3,17,165712],[16,-5,55958],[1,-30,87762],[22,23,90003],[15,-8,46213],[24,-34,165712],[-17,-27,137170],[-46,25,56302],[-24,-3,56302],[-10,19,0]],[[23392,10625,0],[9,18,48118],[18,-4,127751],[32,-74,118539],[-6,-21,51225],[-10,17,36868],[-6,-10,127751],[-11,44,73260],[-13,-3,56135],[-13,33,0]],[[23450,10601,0],[19,-23,51058],[-7,-12,51058],[-12,35,0]],[[22998,10396,0],[-2,-4,0],[-15,-9,52627],[-12,-36,0],[-13,-21,0]],[[22956,10326,0],[-1,1,0]],[[22984,10333,0],[11,43,113411],[26,17,64666],[20,-12,179072],[-13,-39,40254],[7,-7,40254],[-15,-23,62543],[-2,-36,179072],[-21,17,62701],[3,37,62274],[-10,-18,45542],[-6,21,0]],[[22880,10349,0],[-15,1,0],[-19,15,0],[-30,11,0]],[[22923,10842,0],[1,2,0]],[[22924,10844,0],[13,5,0],[7,-36,45702],[14,-27,0],[-6,-31,0]],[[22952,10755,0],[-1,-1,0]],[[22956,10759,0],[-2,-3,0]],[[22953,10755,0],[-1,0,0]],[[22952,10755,0],[4,4,0]],[[22906,10926,0],[0,1,0]],[[22906,10927,0],[9,-2,0],[17,-26,94451],[-12,-27,44279],[-3,-30,0],[7,2,0]],[[22751,10789,0],[-1,1,0]],[[22750,10790,0],[9,18,0],[-9,21,0],[2,22,0]],[[22866,10158,0],[1,2,0]],[[22867,10160,0],[6,-7,0],[-6,-26,45120],[-13,-7,85760],[13,-28,60481],[-9,-23,0]],[[22858,10069,0],[-1,0,0]],[[22764,10965,0],[-12,25,37256],[-2,23,79852],[8,42,138056],[23,17,36184],[9,-2,0]],[[22998,10570,0],[2,2,0]],[[23000,10572,0],[47,-46,0]],[[23047,10526,0],[-6,-5,0]],[[22837,10316,0],[-1,-1,0]],[[22761,10146,0],[-2,0,0]],[[22759,10146,0],[3,9,0],[-22,-6,36529],[-10,6,151721],[11,32,40068],[-1,19,51092],[-13,-26,51092],[-10,83,314289],[13,24,73832],[30,-9,118060],[6,33,39228],[-4,17,145112],[24,16,63833],[15,-17,63833],[21,17,0],[15,-28,0]],[[22891,9773,0],[-5,93,0],[10,16,46583],[-10,15,46711],[2,25,33359],[8,12,89195],[10,-43,46857],[4,16,89195],[0,86,196155],[16,0,39838],[-5,-15,63886],[19,-89,89553],[-15,13,96297],[4,-52,55785],[-14,-3,52563],[8,-27,0],[1,-18,0]],[[22876,9947,0],[1,0,0]],[[22877,9947,0],[3,-31,0],[-7,-24,63270],[1,-83,128487],[-37,21,98913],[12,-47,0],[0,-3,0]],[[22849,9780,0],[-5,-3,0]],[[22828,9779,0],[0,-1,0]],[[22828,9778,0],[-26,15,0],[-6,12,0]],[[22796,9805,0],[0,1,0]],[[22965,9866,0],[7,39,92836],[24,-5,43077],[7,-13,104486],[-1,-44,104486],[-13,11,36930],[-2,-13,36930],[-17,0,73415],[-5,25,0]],[[22971,9958,0],[5,41,41053],[8,13,104439],[19,-40,80336],[3,-24,44085],[-10,-14,104439],[-18,7,41632],[-7,17,0]],[[23022,9988,0],[20,30,115363],[9,-15,43382],[2,-31,50231],[13,-19,115363],[-12,-18,89076],[-16,14,51829],[-16,39,0]],[[22999,10858,0],[40,-41,0],[1,-45,0]],[[23131,10894,0],[8,8,43753],[9,-30,52625],[-11,-11,52625],[-6,33,0]],[[23194,10833,0],[2,22,52747],[17,-7,34655],[-6,-8,41065],[4,-27,52747],[-17,20,0]],[[23222,10884,0],[15,17,38766],[5,-10,38766],[-20,-7,0]],[[22858,10069,0],[3,-30,0],[5,32,95646],[19,-15,53922],[11,14,38941],[11,-8,95646],[3,32,61715],[19,6,200391],[12,-30,67366],[-5,-44,179603],[-17,12,61194],[-6,-30,61194],[-14,-3,46660],[-5,-25,46660],[-11,11,89492],[-8,-28,0],[2,-16,0]],[[22882,9964,0],[12,9,40813],[-5,-25,40813],[-7,16,0]],[[22949,10076,0],[18,28,57330],[1,30,67388],[18,17,143519],[10,-49,104764],[-7,-32,39614],[-14,-26,143519],[-22,20,35589],[-4,12,0]],[[23043,10113,0],[10,16,55405],[8,-20,44508],[-5,-22,55405],[-13,26,0]],[[23049,10219,0],[13,-1,41171],[6,-21,41171],[-19,22,0]],[[23049,10143,0],[10,11,48840],[11,-25,48840],[-9,-10,32528],[-1,17,32528],[-11,7,0]],[[23147,10170,0],[14,17,61484],[11,-27,61495],[-5,-17,34140],[-11,0,61495],[-9,27,0]],[[22698,10642,0],[-15,1,0]],[[22683,10643,0],[11,10,0],[0,18,0],[18,39,0]],[[22712,10710,0],[1,0,0]],[[22796,9805,0],[-10,19,0],[-6,-22,34223],[0,28,34223],[-8,-15,76530],[-6,58,125007],[-13,-4,56590],[5,-35,56590],[-14,-24,202862],[-10,63,94618],[6,14,49892],[2,70,0],[2,11,0]],[[22744,9968,0],[2,0,0]],[[22573,10147,0],[5,54,44003],[8,32,35407],[2,28,128515],[18,55,34411],[7,4,32910],[8,29,0],[25,-11,64829],[9,-32,64829],[8,21,39895],[8,-8,192525],[8,-84,77829],[14,-41,0],[-7,-24,46347],[0,-44,119480],[-24,-26,58414],[0,27,41462],[-10,-16,152860],[0,58,48270],[-12,-24,48270],[7,41,152860],[-1,27,34678],[-6,-28,34678],[-11,-11,47334],[-9,13,97449],[2,-27,33344],[-3,-31,76158],[-11,5,34271],[-4,-14,97449],[-5,66,111541],[-8,0,44918],[-5,-42,62488],[-13,3,0]],[[22693,10173,0],[6,14,36310],[2,-30,36310],[-7,-7,33504],[-1,23,0]],[[22695,10128,0],[7,26,32826],[-1,-27,32826],[-6,1,0]],[[22956,10759,0],[6,8,0],[9,-17,42521],[12,8,42521],[36,-21,0],[0,-25,0]],[[23033,10706,0],[4,13,33042],[7,-19,33042],[-11,6,0]],[[23128,10573,0],[6,35,46603],[18,54,144289],[6,-19,38395],[11,3,38395],[9,-21,144289],[-16,-37,43074],[-4,-30,122596],[-12,6,46046],[-8,-23,72606],[-10,32,0]],[[23168,10540,0],[7,35,72543],[11,18,36191],[17,8,0],[12,-45,39345],[6,4,37145],[16,-24,39345],[-11,-10,39345],[-5,16,94233],[-10,-43,0],[-17,27,40766],[-5,23,90044],[-9,-20,46564],[-12,11,0]],[[23257,10490,0],[7,12,47980],[15,-24,80362],[3,-46,80362],[-12,11,53788],[-13,47,0]],[[23259,10420,0],[12,5,41679],[-1,-23,41679],[-11,18,0]],[[23288,10432,0],[9,9,46343],[4,-34,46343],[-13,25,0]],[[23301,10443,0],[3,7,43372],[26,-40,75738],[-3,-26,75738],[-26,59,0]],[[23303,10372,0],[12,-8,47995],[0,-31,47995],[-12,39,0]],[[23304,10563,0],[10,-2,41112],[7,-29,41112],[-14,15,35860],[-3,16,0]],[[23329,10554,0],[8,17,42408],[9,-15,92906],[-1,-32,42089],[7,-31,61687],[-8,-16,92906],[-6,28,32953],[-4,43,40893],[-5,6,0]],[[23361,10568,0],[12,11,46609],[0,-26,46609],[-12,15,0]],[[23377,10439,0],[4,27,50534],[10,-34,50534],[-14,7,0]],[[23402,10556,0],[8,-41,35366],[-7,11,35366],[-1,30,0]],[[23406,10566,0],[5,3,42980],[11,-46,42980],[-5,3,33661],[-11,40,0]],[[23443,10495,0],[14,13,42784],[-1,-17,34849],[-10,-12,42784],[-3,16,0]],[[23448,10374,0],[4,20,46340],[4,-51,46340],[-8,4,38762],[0,27,0]],[[23507,10389,0],[7,27,37311],[2,-23,37311],[-9,-4,0]],[[22889,11004,0],[13,-8,49122],[3,-22,35555],[10,-14,90658],[-8,-10,34872],[-1,-23,0]],[[22955,9682,0],[-1,59,73803],[13,42,86223],[-7,16,40986],[2,32,181114],[32,-22,204131],[-10,-30,71137],[8,-11,32510],[-2,-19,32510],[8,-4,71137],[-1,-42,44976],[11,-10,44976],[-10,-18,44976],[8,-10,32986],[-4,-14,38030],[-2,-45,187033],[-9,-29,32579],[2,-12,76352],[-19,20,0],[-3,-2,0]],[[23020,9746,0],[14,-19,61186],[21,13,154956],[3,-22,35815],[11,-12,71924],[-3,-28,45408],[8,-43,181728],[-17,-28,50148],[-13,-1,181728],[-6,13,33170],[3,23,61217],[-17,42,77678],[-4,62,0]],[[23076,9879,0],[14,26,54072],[12,-9,37951],[6,12,139213],[10,-26,75109],[-8,-22,47343],[1,-41,139213],[-30,39,55198],[-5,21,0]],[[23121,9856,0],[19,26,98587],[1,-41,48384],[-8,-46,98587],[-10,19,51691],[-2,42,0]],[[23152,9879,0],[2,13,37683],[13,-20,37683],[-6,-11,35467],[-9,18,0]],[[23211,9511,0],[2,26,46861],[14,22,65362],[-2,-45,65362],[-9,-18,38500],[-5,15,0]],[[23238,9598,0],[8,12,43455],[-5,26,45847],[11,29,134271],[20,-40,59064],[-5,-16,40275],[9,-20,134271],[-14,-42,108780],[-24,51,0]],[[23238,9477,0],[11,11,40163],[-10,-31,40163],[-1,20,0]],[[23256,9314,0],[8,-4,38921],[3,-24,32712],[-7,-4,38921],[-4,32,0]],[[23289,9509,0],[10,16,32993],[-6,-27,32993],[-4,11,0]],[[22910,10223,0],[-1,-1,0]],[[22900,10210,0],[-8,-12,0]],[[22892,10198,0],[-10,2,0],[-5,-27,44251],[-12,-10,0],[2,-3,0]],[[22837,10316,0],[5,-11,0],[9,13,42749],[8,-20,44400],[37,-24,37750],[5,7,37750],[14,-21,140291],[-6,-38,0]],[[22909,10222,0],[1,1,0]],[[23047,10526,0],[2,-3,0],[6,-16,0],[-57,-111,0]],[[23023,10424,0],[42,61,121363],[2,-36,63733],[-15,-37,121363],[-29,12,0]],[[23095,10472,0],[7,39,63465],[13,-16,73692],[-2,-35,37079],[-7,-17,73692],[-11,29,0]],[[23100,10278,0],[19,8,46024],[9,-14,99866],[-5,-23,38297],[5,-20,57917],[-12,-9,99866],[-5,31,37009],[-11,27,0]],[[23114,10412,0],[5,31,47144],[14,15,83291],[15,-18,93763],[-6,-11,32534],[1,-22,57887],[-12,-2,42832],[-7,-23,93763],[-10,30,0]],[[23133,10361,0],[11,2,47452],[19,-27,93212],[1,-24,52182],[-17,-6,93212],[-14,55,0]],[[22687,10598,0],[-2,-2,0]],[[22685,10596,0],[-6,15,0],[1,30,0],[3,2,0]],[[22719,10726,0],[0,-1,0]],[[22719,10726,0],[31,64,0]],[[22712,10710,0],[3,7,0],[4,8,0]],[[23003,10631,0],[-5,-4,0],[18,-6,72823],[2,-16,39640],[-10,-27,0],[-10,-3,0]],[[22998,10575,0],[-1,1,0]],[[22998,10575,0],[-1,0,0],[3,-3,0]],[[22956,10326,0],[-9,-16,0],[-13,16,59726],[-4,-15,38972],[-16,-2,93412],[-18,23,42685],[-2,16,0],[-14,1,0]],[[22816,10376,0],[-12,4,0],[-16,0,61415],[-6,37,104803],[-29,-28,167376],[3,-22,34996],[-3,-34,63241],[-10,-33,149023],[-13,23,64441],[-23,-9,0],[9,56,0]],[[22717,10371,0],[0,1,0],[-1,0,0]],[[22716,10372,0],[0,1,0]],[[22672,10457,0],[-3,-6,0]],[[22669,10451,0],[-6,28,0],[15,49,48438],[-1,28,48438],[12,29,0],[-4,11,0]],[[22716,10372,0],[-11,-15,0],[-15,-2,0],[-21,96,0]],[[22631,10431,0],[21,41,113055],[11,-47,74064],[-8,-39,113055],[-18,4,67360],[-6,41,0]],[[22849,9780,0],[-1,-7,0],[19,-4,75096],[9,-45,65001],[14,-3,163267],[12,-76,56029],[-1,-32,375608],[-16,-14,45432],[-2,-21,72981],[-19,-4,40444],[-6,-26,40444],[-6,15,95195],[-20,-48,166015],[1,-14,38312],[-19,48,81946],[-9,-29,43777],[-8,5,375608],[0,51,71081],[-15,19,95911],[7,40,43659],[-6,8,43659],[-4,57,258725],[15,-19,48614],[11,10,115889],[-8,21,33142],[6,7,33142],[-2,32,32708],[10,-9,32708],[-16,32,127267],[4,11,37171],[14,-12,65255],[11,-37,96239],[5,42,0],[-1,0,0]],[[22744,9968,0],[5,29,0],[-15,82,51647],[-3,44,158402],[8,16,42342],[19,4,0],[1,3,0]],[[22594,10031,0],[6,14,43082],[7,-30,43082],[-13,16,0]],[[22611,9913,0],[26,1,81243],[-22,-38,81243],[-4,37,0]],[[22629,10002,0],[19,12,45599],[-8,12,45599],[15,20,77533],[21,0,207443],[12,-37,58691],[-6,-15,38730],[5,-27,110339],[-7,-20,33580],[1,-23,35362],[-8,-19,207443],[-18,30,68452],[8,13,43100],[-7,23,92022],[-13,5,41304],[-9,-16,81155],[-5,42,0]],[[22643,9893,0],[11,34,53815],[5,-25,53815],[-16,-9,0]],[[22687,10030,0],[8,2,33579],[5,-19,33579],[-13,17,0]],[[22698,10056,0],[3,22,37981],[10,-3,37981],[7,24,67932],[0,-34,67932],[-20,-9,0]],[[22910,10223,0],[13,7,0],[10,30,71565],[30,11,163443],[7,-20,57880],[1,-73,163443],[-9,-4,38071],[-7,17,33536],[-10,1,75694],[-26,-20,96308],[-9,23,38670],[-6,-14,35023],[-14,7,35023],[9,9,0],[-7,1,0]],[[22572,12562,0],[2,1,0]],[[22574,12563,0],[1,-5,0],[33,0,132267],[10,56,37889],[9,25,356604],[17,-27,61545],[12,-55,120321],[-4,-28,41141],[2,-40,198041],[16,-15,44050],[0,-19,64236],[35,-34,78234],[6,-27,0]],[[22667,12796,0],[7,7,44488],[30,-13,154846],[23,-29,48186],[19,-9,77604],[41,-59,49256],[12,-9,122220],[8,-41,66031],[-23,33,154846],[-70,65,75848],[-47,55,0]],[[22243,13308,0],[2,-10,0]],[[22245,13298,0],[-29,2,0],[-13,-34,172595],[20,-45,66737],[22,-20,61875],[-8,-14,35652],[-11,5,61875],[6,-32,37464],[10,-18,119880],[23,-15,55342],[8,-26,0],[26,-56,0]],[[22299,13045,0],[-2,0,0]],[[22544,12669,0],[0,1,0]],[[22522,12686,0],[-4,7,0]],[[22518,12693,0],[12,7,0],[20,-18,0],[-6,-13,0]],[[22566,12621,0],[-2,-1,0]],[[22544,12669,0],[-1,-3,0],[23,-44,0],[0,-1,0]],[[22443,13105,0],[-1,0,0]],[[22442,13105,0],[-33,35,0],[-9,15,43516],[-22,4,96604],[-12,24,33478],[-7,1,33478],[-8,24,52675],[-24,28,0],[-1,26,0]],[[22326,13262,0],[0,2,0]],[[22566,12621,0],[0,-36,0],[8,-22,0]],[[22608,13023,0],[-1,-1,0]],[[22607,13022,0],[-4,0,0],[-13,-11,36754],[-17,2,151639],[-51,44,87234],[-37,14,52168],[-33,23,0],[-10,11,0]],[[22472,13035,0],[14,2,44138],[1,-21,44138],[16,-11,86320],[7,-28,46221],[13,-8,46221],[15,-35,147015],[-2,-48,147015],[-24,50,49442],[-40,99,0]],[[22548,12893,0],[7,5,34172],[3,-23,34172],[-10,18,0]],[[22548,12962,0],[1,15,47163],[21,-21,69379],[8,-35,69379],[-30,41,0]],[[22581,12955,0],[5,22,96848],[31,-13,41277],[26,-20,166173],[12,-33,57966],[-4,-36,166173],[-34,22,89527],[-21,28,35971],[-15,30,0]],[[23031,12256,0],[1,1,0]],[[23032,12257,0],[17,-10,0],[14,-22,0],[9,-4,0]],[[23072,12221,0],[-1,-1,0]],[[22326,13262,0],[0,1,0],[-25,-40,158648],[-27,14,92878],[-1,18,51701],[-23,43,0],[-5,0,0]],[[22479,12739,0],[4,2,0]],[[22483,12741,0],[20,-14,0],[10,-28,0]],[[22514,12698,0],[-1,1,0]],[[22514,12698,0],[2,-6,0],[2,1,0]],[[22299,13045,0],[2,-5,0],[5,-24,57347],[25,-15,114338],[26,12,61638],[23,-11,330556],[1,-34,80293],[16,-17,36178],[13,-25,94723],[14,-44,57956],[-4,-26,171000],[26,-39,62044],[13,-42,58538],[22,-32,0],[2,-2,0]],[[22754,13028,0],[-6,-8,19876],[-6,-16,96331],[-26,-5,41879],[-25,6,79894],[-18,-19,178390],[-41,25,37522],[-9,10,0],[-16,1,0]],[[23152,12174,0],[-17,29,0]],[[23127,12215,0],[-3,4,0]],[[23124,12219,0],[-27,37,146413],[17,22,67372],[13,-23,47880],[12,5,67372],[-6,32,86491],[16,11,52019],[-3,33,52019],[-17,18,36032],[-1,13,52019],[18,4,52019],[-3,-24,52019],[21,-11,36830],[-15,-2,36830],[12,-46,173892],[-12,-13,48827],[7,-23,69988],[-4,-13,32899],[6,-24,32899],[5,-47,0],[-11,6,0]],[[23011,12349,0],[4,23,66758],[20,24,49394],[12,-5,113254],[-1,-56,113254],[-22,-1,46366],[-13,15,0]],[[23051,12361,0],[16,39,97560],[18,11,38202],[-2,-14,45231],[25,15,162158],[-4,-61,80039],[-11,-8,34631],[-8,-21,162158],[-6,28,68248],[-28,11,0]],[[22991,12330,0],[9,-12,0],[12,3,71698],[8,-27,38283],[-6,-7,45285],[10,-25,0],[8,-5,0]],[[23105,12020,0],[-10,-6,0],[-4,-22,0]],[[23091,11992,0],[-1,1,0]],[[22711,12394,0],[0,-1,12117],[40,-68,105427],[22,4,0],[2,14,0]],[[22775,12343,0],[2,25,0],[7,18,49699],[29,24,202823],[21,2,64480],[7,-30,64552],[34,-19,33039],[29,-21,0],[14,16,0]],[[22918,12358,0],[3,-3,0]],[[23221,11887,0],[11,18,37668],[9,34,143020],[-11,24,32595],[-2,17,64853],[13,7,64853],[6,-44,64853],[15,-3,39534],[42,7,0],[5,-41,33898],[-1,-35,33898],[4,-21,115520],[-7,-32,34225],[-10,-19,0],[-47,46,68841],[-9,28,48756],[-18,14,0]],[[23088,11918,0],[2,-1,0]],[[23090,11917,0],[-15,-23,0],[-19,-14,60157],[-23,-47,0],[4,-19,0]],[[23037,11814,0],[-2,0,0]],[[23037,11814,0],[9,-37,0],[-3,-12,0],[7,-20,0]],[[23050,11745,0],[-3,-1,0]],[[23091,11992,0],[-3,-19,0],[6,-15,44533],[-9,-29,52005],[10,-5,0],[-5,-7,0]],[[22918,12358,0],[3,3,0],[-3,29,45337],[11,15,45337],[11,-9,33555],[-17,29,139845],[33,-17,85646],[1,23,44300],[13,4,207594],[34,-33,73098],[5,-29,143095],[-31,-6,75878],[-38,21,143095],[17,-20,41043],[-3,-9,33743],[13,-20,77200],[23,-7,0],[1,-2,0]],[[23050,11745,0],[3,-9,0],[6,-49,72414],[14,-18,31999],[7,-21,0]],[[23072,12221,0],[9,-5,0],[22,-2,0],[21,5,0]],[[23152,12174,0],[0,1,0],[6,-23,38015],[-11,2,43863],[-22,-37,0],[-12,-60,0]]],"transform":{"scale":[0.00027674069000000004,0.00013626010260102598],"translate":[4.087524,57.759005]},"objects":{"grunnkretser":{"type":"GeometryCollection","geometries":[{"type":"Polygon","arcs":[[0,1,2,3,4,5]],"properties":{"grunnkretsnummer":"39071709","grunnkretsnavn":"Kværne","delomradenummer":"390717","delomradenavn":"Skjee","kommunenummer":"3907"}},{"type":"Polygon","arcs":[[6,7,8,9,10]],"properties":{"grunnkretsnummer":"39090303","grunnkretsnavn":"Torstrand nord","delomradenummer":"390903","delomradenavn":"Torstrand","kommunenummer":"3909"}},{"type":"Polygon","arcs":[[11,12,13,14,15,16,17]],"properties":{"grunnkretsnummer":"39091609","grunnkretsnavn":"Hvatum-Linnom","delomradenummer":"390916","delomradenavn":"Brunlanes Østre","kommunenummer":"3909"}},{"type":"Polygon","arcs":[[18,19,20,21,22,23]],"properties":{"grunnkretsnummer":"39051103","grunnkretsnavn":"Engene 2","delomradenummer":"390511","delomradenavn":"Stensarmen - Træleborg","kommunenummer":"3905"}},{"type":"Polygon","arcs":[[-22,-21,24,25,26,27,28]],"properties":{"grunnkretsnummer":"39051105","grunnkretsnavn":"Træleborg 2","delomradenummer":"390511","delomradenavn":"Stensarmen - Træleborg","kommunenummer":"3905"}},{"type":"Polygon","arcs":[[29,30,31,32,33]],"properties":{"grunnkretsnummer":"39051305","grunnkretsnavn":"Kilen syd","delomradenummer":"390513","delomradenavn":"Solvang - Kilen - Byskogen","kommunenummer":"3905"}},{"type":"Polygon","arcs":[[34,35,36,37,38,39]],"properties":{"grunnkretsnummer":"39051405","grunnkretsnavn":"Gjelstad","delomradenummer":"390514","delomradenavn":"Våle","kommunenummer":"3905"}},{"type":"Polygon","arcs":[[40,41,42,43,44,45]],"properties":{"grunnkretsnummer":"39071117","grunnkretsnavn":"Tangen","delomradenummer":"390711","delomradenavn":"Vesterøy","kommunenummer":"3907"}},{"type":"Polygon","arcs":[[46,47,48,49]],"properties":{"grunnkretsnummer":"39051203","grunnkretsnavn":"Teie","delomradenummer":"390512","delomradenavn":"Kaldnes - Tei","kommunenummer":"3905"}},{"type":"Polygon","arcs":[[50,51,52,53,54,55,56,57,58,59]],"properties":{"grunnkretsnummer":"39051705","grunnkretsnavn":"Valmestad","delomradenummer":"390517","delomradenavn":"Fon - Vivestad","kommunenummer":"3905"}},{"type":"Polygon","arcs":[[60,61,62,63,64,65,66,67]],"properties":{"grunnkretsnummer":"39050904","grunnkretsnavn":"Nordbyen","delomradenummer":"390509","delomradenavn":"Sentrum - Slottsfjellet","kommunenummer":"3905"}},{"type":"Polygon","arcs":[[68,69,70,71,72,73,74,75,76]],"properties":{"grunnkretsnummer":"39051101","grunnkretsnavn":"Gunnarsbø","delomradenummer":"390511","delomradenavn":"Stensarmen - Træleborg","kommunenummer":"3905"}},{"type":"Polygon","arcs":[[77,78,79,80,81]],"properties":{"grunnkretsnummer":"39051308","grunnkretsnavn":"Solvang 2","delomradenummer":"390513","delomradenavn":"Solvang - Kilen - Byskogen","kommunenummer":"3905"}},{"type":"Polygon","arcs":[[-67,-66,82,83,-70,-69,84]],"properties":{"grunnkretsnummer":"39050908","grunnkretsnavn":"Sentrum syd","delomradenummer":"390509","delomradenavn":"Sentrum - Slottsfjellet","kommunenummer":"3905"}},{"type":"Polygon","arcs":[[85,86,87,88,89]],"properties":{"grunnkretsnummer":"39051609","grunnkretsnavn":"Kile","delomradenummer":"390516","delomradenavn":"Ramnes","kommunenummer":"3905"}},{"type":"Polygon","arcs":[[90,91,92,93,94,95,96,97,98,99,100]],"properties":{"grunnkretsnummer":"39050201","grunnkretsnavn":"Nauen","delomradenummer":"390502","delomradenavn":"Barkåker","kommunenummer":"3905"}},{"type":"Polygon","arcs":[[101,102,103,104,105,106,-38]],"properties":{"grunnkretsnummer":"39051409","grunnkretsnavn":"Sørby","delomradenummer":"390514","delomradenavn":"Våle","kommunenummer":"3905"}},{"type":"Polygon","arcs":[[107,-32,108,109,-20,-19,110,111]],"properties":{"grunnkretsnummer":"39051310","grunnkretsnavn":"Heimdal syd","delomradenummer":"390513","delomradenavn":"Solvang - Kilen - Byskogen","kommunenummer":"3905"}},{"type":"Polygon","arcs":[[112,113,-63,114]],"properties":{"grunnkretsnummer":"39050902","grunnkretsnavn":"Teglhagen","delomradenummer":"390509","delomradenavn":"Sentrum - Slottsfjellet","kommunenummer":"3905"}},{"type":"Polygon","arcs":[[115,116,117,118]],"properties":{"grunnkretsnummer":"39050302","grunnkretsnavn":"Kjelle","delomradenummer":"390503","delomradenavn":"Eik","kommunenummer":"3905"}},{"type":"Polygon","arcs":[[119,120,121,122,123,124,125,126]],"properties":{"grunnkretsnummer":"39090203","grunnkretsnavn":"Sentrum","delomradenummer":"390902","delomradenavn":"Hovedbyen","kommunenummer":"3909"}},{"type":"Polygon","arcs":[[127,128,129,130,131,132,133]],"properties":{"grunnkretsnummer":"39091703","grunnkretsnavn":"Torsås","delomradenummer":"390917","delomradenavn":"Lardal","kommunenummer":"3909"}},{"type":"Polygon","arcs":[[134,135,136,137,138,-72,139]],"properties":{"grunnkretsnummer":"39050905","grunnkretsnavn":"Byfogdløkken","delomradenummer":"390509","delomradenavn":"Sentrum - Slottsfjellet","kommunenummer":"3905"}},{"type":"Polygon","arcs":[[140,141,142,143]],"properties":{"grunnkretsnummer":"39050306","grunnkretsnavn":"Eik","delomradenummer":"390503","delomradenavn":"Eik","kommunenummer":"3905"}},{"type":"Polygon","arcs":[[144,145,146,147,-87,148,-56,149]],"properties":{"grunnkretsnummer":"39051702","grunnkretsnavn":"Fon","delomradenummer":"390517","delomradenavn":"Fon - Vivestad","kommunenummer":"3905"}},{"type":"Polygon","arcs":[[150,151,152,153,-137,154,-113]],"properties":{"grunnkretsnummer":"39051001","grunnkretsnavn":"Frodeløkken","delomradenummer":"390510","delomradenavn":"Banesløyfen","kommunenummer":"3905"}},{"type":"Polygon","arcs":[[155,-140,-71,-84]],"properties":{"grunnkretsnummer":"39050907","grunnkretsnavn":"Møllebakken","delomradenummer":"390509","delomradenavn":"Sentrum - Slottsfjellet","kommunenummer":"3905"}},{"type":"Polygon","arcs":[[-114,-155,-136,156,-64]],"properties":{"grunnkretsnummer":"39050903","grunnkretsnavn":"Fjerdingen","delomradenummer":"390509","delomradenavn":"Sentrum - Slottsfjellet","kommunenummer":"3905"}},{"type":"Polygon","arcs":[[-39,-107,157,158,-147,159]],"properties":{"grunnkretsnummer":"39051406","grunnkretsnavn":"Kirkevoll","delomradenummer":"390514","delomradenavn":"Våle","kommunenummer":"3905"}},{"type":"Polygon","arcs":[[160,-48,161,162,163,164]],"properties":{"grunnkretsnummer":"39051204","grunnkretsnavn":"Ørsnes","delomradenummer":"390512","delomradenavn":"Kaldnes - Tei","kommunenummer":"3905"}},{"type":"Polygon","arcs":[[165,166,-33,-108,167,-81]],"properties":{"grunnkretsnummer":"39051309","grunnkretsnavn":"Heimdal nord","delomradenummer":"390513","delomradenavn":"Solvang - Kilen - Byskogen","kommunenummer":"3905"}},{"type":"Polygon","arcs":[[168,169]],"properties":{"grunnkretsnummer":"39051202","grunnkretsnavn":"Fagerheim","delomradenummer":"390512","delomradenavn":"Kaldnes - Tei","kommunenummer":"3905"}},{"type":"Polygon","arcs":[[170,171,172,173,174,175]],"properties":{"grunnkretsnummer":"39050701","grunnkretsnavn":"Teigen","delomradenummer":"390507","delomradenavn":"Husvik","kommunenummer":"3905"}},{"type":"Polygon","arcs":[[176,177,178]],"properties":{"grunnkretsnummer":"39050110","grunnkretsnavn":"Hogsnes","delomradenummer":"390501","delomradenavn":"Sem","kommunenummer":"3905"}},{"type":"Polygon","arcs":[[179,180,181,182,183,184,185]],"properties":{"grunnkretsnummer":"39050603","grunnkretsnavn":"Ringshaug øst","delomradenummer":"390506","delomradenavn":"Ringshaug","kommunenummer":"3905"}},{"type":"Polygon","arcs":[[-58,186,-90,187,188,189,190]],"properties":{"grunnkretsnummer":"39051607","grunnkretsnavn":"Vestre Jerpetjønn","delomradenummer":"390516","delomradenavn":"Ramnes","kommunenummer":"3905"}},{"type":"Polygon","arcs":[[191,192,-40,-160,-146]],"properties":{"grunnkretsnummer":"39051407","grunnkretsnavn":"Svinevoll","delomradenummer":"390514","delomradenavn":"Våle","kommunenummer":"3905"}},{"type":"Polygon","arcs":[[193,194,195,196,-31]],"properties":{"grunnkretsnummer":"39050501","grunnkretsnavn":"Presterød","delomradenummer":"390505","delomradenavn":"Presterød","kommunenummer":"3905"}},{"type":"Polygon","arcs":[[197,198,199,200]],"properties":{"grunnkretsnummer":"39051602","grunnkretsnavn":"Klopp","delomradenummer":"390516","delomradenavn":"Ramnes","kommunenummer":"3905"}},{"type":"Polygon","arcs":[[201,202,203]],"properties":{"grunnkretsnummer":"39050606","grunnkretsnavn":"Ilebrekke","delomradenummer":"390506","delomradenavn":"Ringshaug","kommunenummer":"3905"}},{"type":"Polygon","arcs":[[204,205,206,207,208,209]],"properties":{"grunnkretsnummer":"39050507","grunnkretsnavn":"Tolvsrød","delomradenummer":"390505","delomradenavn":"Presterød","kommunenummer":"3905"}},{"type":"Polygon","arcs":[[210,211,212,213,-95,214,215]],"properties":{"grunnkretsnummer":"39050206","grunnkretsnavn":"Rakkås","delomradenummer":"390502","delomradenavn":"Barkåker","kommunenummer":"3905"}},{"type":"Polygon","arcs":[[216,-79,217]],"properties":{"grunnkretsnummer":"39051306","grunnkretsnavn":"Stenmalen","delomradenummer":"390513","delomradenavn":"Solvang - Kilen - Byskogen","kommunenummer":"3905"}},{"type":"Polygon","arcs":[[218,219,220,221,-91,222,223,-199,224]],"properties":{"grunnkretsnummer":"39051601","grunnkretsnavn":"Bjune","delomradenummer":"390516","delomradenavn":"Ramnes","kommunenummer":"3905"}},{"type":"Polygon","arcs":[[225,-203,226,227,228,-206,229,230]],"properties":{"grunnkretsnummer":"39050604","grunnkretsnavn":"Åsmundrød","delomradenummer":"390506","delomradenavn":"Ringshaug","kommunenummer":"3905"}},{"type":"Polygon","arcs":[[231,232,-209,233,234,235,236,237,-171]],"properties":{"grunnkretsnummer":"39050702","grunnkretsnavn":"Ulviken","delomradenummer":"390507","delomradenavn":"Husvik","kommunenummer":"3905"}},{"type":"Polygon","arcs":[[-188,-89,238,239,240]],"properties":{"grunnkretsnummer":"39051608","grunnkretsnavn":"Brår","delomradenummer":"390516","delomradenavn":"Ramnes","kommunenummer":"3905"}},{"type":"Polygon","arcs":[[241,242,243,-141,244]],"properties":{"grunnkretsnummer":"39050304","grunnkretsnavn":"Eik vestre","delomradenummer":"390503","delomradenavn":"Eik","kommunenummer":"3905"}},{"type":"Polygon","arcs":[[-105,245,246,247,248,249]],"properties":{"grunnkretsnummer":"39051404","grunnkretsnavn":"Grøtås","delomradenummer":"390514","delomradenavn":"Våle","kommunenummer":"3905"}},{"type":"Polygon","arcs":[[250,251,252,253,254]],"properties":{"grunnkretsnummer":"39050408","grunnkretsnavn":"Volden","delomradenummer":"390504","delomradenavn":"Klokkeråsen","kommunenummer":"3905"}},{"type":"Polygon","arcs":[[255,256,257,258]],"properties":{"grunnkretsnummer":"39050104","grunnkretsnavn":"Semsbyen","delomradenummer":"390501","delomradenavn":"Sem","kommunenummer":"3905"}},{"type":"Polygon","arcs":[[-149,-86,-187,-57]],"properties":{"grunnkretsnummer":"39051701","grunnkretsnavn":"Østre Jerpetjønn","delomradenummer":"390517","delomradenavn":"Fon - Vivestad","kommunenummer":"3905"}},{"type":"Polygon","arcs":[[-258,259,260]],"properties":{"grunnkretsnummer":"39050107","grunnkretsnavn":"Vik","delomradenummer":"390501","delomradenavn":"Sem","kommunenummer":"3905"}},{"type":"Polygon","arcs":[[-183,261,262,-235,-234,-208,263,264]],"properties":{"grunnkretsnummer":"39050703","grunnkretsnavn":"Vallø","delomradenummer":"390507","delomradenavn":"Husvik","kommunenummer":"3905"}},{"type":"Polygon","arcs":[[265,-23,-29,266,267,-73,-139]],"properties":{"grunnkretsnummer":"39051102","grunnkretsnavn":"Engene 1","delomradenummer":"390511","delomradenavn":"Stensarmen - Træleborg","kommunenummer":"3905"}},{"type":"Polygon","arcs":[[268,269,-223,-101,270,271,272,273,274,275]],"properties":{"grunnkretsnummer":"39050102","grunnkretsnavn":"Grette","delomradenummer":"390501","delomradenavn":"Sem","kommunenummer":"3905"}},{"type":"Polygon","arcs":[[276,277,278,279]],"properties":{"grunnkretsnummer":"39050801","grunnkretsnavn":"Husøy","delomradenummer":"390508","delomradenavn":"Husøy","kommunenummer":"3905"}},{"type":"Polygon","arcs":[[280,281,282,283,-35,-193,284]],"properties":{"grunnkretsnummer":"39051408","grunnkretsnavn":"Kleven","delomradenummer":"390514","delomradenavn":"Våle","kommunenummer":"3905"}},{"type":"Polygon","arcs":[[285,286,287,-181,-180,288,-227,-202]],"properties":{"grunnkretsnummer":"39050605","grunnkretsnavn":"Skallevold","delomradenummer":"390506","delomradenavn":"Ringshaug","kommunenummer":"3905"}},{"type":"Polygon","arcs":[[289,290,291,292,293,294,295,-260,-257]],"properties":{"grunnkretsnummer":"39050108","grunnkretsnavn":"Manum","delomradenummer":"390501","delomradenavn":"Sem","kommunenummer":"3905"}},{"type":"Polygon","arcs":[[-47,296,-169,297,298,299,-68,-85,-77,-163,-162]],"properties":{"grunnkretsnummer":"39051201","grunnkretsnavn":"Kaldnes","delomradenummer":"390512","delomradenavn":"Kaldnes - Tei","kommunenummer":"3905"}},{"type":"Polygon","arcs":[[-96,-214,300,-242,301]],"properties":{"grunnkretsnummer":"39050303","grunnkretsnavn":"Bruserød","delomradenummer":"390503","delomradenavn":"Eik","kommunenummer":"3905"}},{"type":"Polygon","arcs":[[302,-225,-198,303,304,-240]],"properties":{"grunnkretsnummer":"39051604","grunnkretsnavn":"Bø","delomradenummer":"390516","delomradenavn":"Ramnes","kommunenummer":"3905"}},{"type":"Polygon","arcs":[[305,-210,-233,306]],"properties":{"grunnkretsnummer":"39050508","grunnkretsnavn":"Fyllpå","delomradenummer":"390505","delomradenavn":"Presterød","kommunenummer":"3905"}},{"type":"Polygon","arcs":[[307,308,309,310,-218,-78,-152,311,-116,312]],"properties":{"grunnkretsnummer":"39051301","grunnkretsnavn":"Byskogen","delomradenummer":"390513","delomradenavn":"Solvang - Kilen - Byskogen","kommunenummer":"3905"}},{"type":"Polygon","arcs":[[313,-231,314,315,316]],"properties":{"grunnkretsnummer":"39050505","grunnkretsnavn":"Linnom","delomradenummer":"390505","delomradenavn":"Presterød","kommunenummer":"3905"}},{"type":"Polygon","arcs":[[317,318,319,320,321]],"properties":{"grunnkretsnummer":"39050405","grunnkretsnavn":"Rom","delomradenummer":"390504","delomradenavn":"Klokkeråsen","kommunenummer":"3905"}},{"type":"Polygon","arcs":[[322,-173,-172,-238,323,324,-280,325]],"properties":{"grunnkretsnummer":"39050705","grunnkretsnavn":"Nes","delomradenummer":"390507","delomradenavn":"Husvik","kommunenummer":"3905"}},{"type":"Polygon","arcs":[[326,327,-246,-104]],"properties":{"grunnkretsnummer":"39051403","grunnkretsnavn":"Haugan","delomradenummer":"390514","delomradenavn":"Våle","kommunenummer":"3905"}},{"type":"Polygon","arcs":[[328,329,330,331,-54,332]],"properties":{"grunnkretsnummer":"39051706","grunnkretsnavn":"Stokke","delomradenummer":"390517","delomradenavn":"Fon - Vivestad","kommunenummer":"3905"}},{"type":"Polygon","arcs":[[-200,-224,-270,333,-1,334,335,336]],"properties":{"grunnkretsnummer":"39051603","grunnkretsnavn":"Jarberg","delomradenummer":"390516","delomradenavn":"Ramnes","kommunenummer":"3905"}},{"type":"Polygon","arcs":[[337,338,339,340,-92,-222]],"properties":{"grunnkretsnummer":"39050202","grunnkretsnavn":"Tveiten","delomradenummer":"390502","delomradenavn":"Barkåker","kommunenummer":"3905"}},{"type":"Polygon","arcs":[[-82,341,342,-153]],"properties":{"grunnkretsnummer":"39051002","grunnkretsnavn":"Gamle Idretten","delomradenummer":"390510","delomradenavn":"Banesløyfen","kommunenummer":"3905"}},{"type":"Polygon","arcs":[[-195,343]],"properties":{"grunnkretsnummer":"39050502","grunnkretsnavn":"Presterødåsen","delomradenummer":"390505","delomradenavn":"Presterød","kommunenummer":"3905"}},{"type":"Polygon","arcs":[[-159,344,-219,-303,-239,-88,-148]],"properties":{"grunnkretsnummer":"39051501","grunnkretsnavn":"Revetal","delomradenummer":"390515","delomradenavn":"Undrumsdal","kommunenummer":"3905"}},{"type":"Polygon","arcs":[[-289,-186,345,-228]],"properties":{"grunnkretsnummer":"39050602","grunnkretsnavn":"Ringshaug vest","delomradenummer":"390506","delomradenavn":"Ringshaug","kommunenummer":"3905"}},{"type":"Polygon","arcs":[[346,347,348,349]],"properties":{"grunnkretsnummer":"39050308","grunnkretsnavn":"Velleskogen","delomradenummer":"390503","delomradenavn":"Eik","kommunenummer":"3905"}},{"type":"Polygon","arcs":[[-322,350,351,-211,352,353]],"properties":{"grunnkretsnummer":"39050207","grunnkretsnavn":"Skibrek","delomradenummer":"390502","delomradenavn":"Barkåker","kommunenummer":"3905"}},{"type":"Polygon","arcs":[[354,-253,355,356,-286,357]],"properties":{"grunnkretsnummer":"39050407","grunnkretsnavn":"Tverved","delomradenummer":"390504","delomradenavn":"Klokkeråsen","kommunenummer":"3905"}},{"type":"Polygon","arcs":[[358,-293,359,360,361,362,363,364]],"properties":{"grunnkretsnummer":"39050118","grunnkretsnavn":"Vearåsen","delomradenummer":"390501","delomradenavn":"Sem","kommunenummer":"3905"}},{"type":"Polygon","arcs":[[-178,365,366,367]],"properties":{"grunnkretsnummer":"39050116","grunnkretsnavn":"Vear","delomradenummer":"390501","delomradenavn":"Sem","kommunenummer":"3905"}},{"type":"Polygon","arcs":[[-168,-112,368,-342]],"properties":{"grunnkretsnummer":"39051003","grunnkretsnavn":"Tyttebærløkka","delomradenummer":"390510","delomradenavn":"Banesløyfen","kommunenummer":"3905"}},{"type":"Polygon","arcs":[[369,-272,370,371,372,373,374,375,-291]],"properties":{"grunnkretsnummer":"39050113","grunnkretsnavn":"Auli","delomradenummer":"390501","delomradenavn":"Sem","kommunenummer":"3905"}},{"type":"Polygon","arcs":[[-28,376,-267]],"properties":{"grunnkretsnummer":"39051104","grunnkretsnavn":"Træleborg 1","delomradenummer":"390511","delomradenavn":"Stensarmen - Træleborg","kommunenummer":"3905"}},{"type":"Polygon","arcs":[[-197,377,378,-307,-232,-176,-175,379,-25,-110,-109]],"properties":{"grunnkretsnummer":"39050509","grunnkretsnavn":"Råel","delomradenummer":"390505","delomradenavn":"Presterød","kommunenummer":"3905"}},{"type":"Polygon","arcs":[[-194,380,381,382,-317,383,-378,-196,-344]],"properties":{"grunnkretsnummer":"39050503","grunnkretsnavn":"Sande","delomradenummer":"390505","delomradenavn":"Presterød","kommunenummer":"3905"}},{"type":"Polygon","arcs":[[-154,-343,-369,-111,-24,-266,-138]],"properties":{"grunnkretsnummer":"39051004","grunnkretsnavn":"Banesløyfen","delomradenummer":"390510","delomradenavn":"Banesløyfen","kommunenummer":"3905"}},{"type":"Polygon","arcs":[[-74,-268,-377,-27,384]],"properties":{"grunnkretsnummer":"39051106","grunnkretsnavn":"Træleborg 3","delomradenummer":"390511","delomradenavn":"Stensarmen - Træleborg","kommunenummer":"3905"}},{"type":"Polygon","arcs":[[-304,-201,-337,385]],"properties":{"grunnkretsnummer":"39051605","grunnkretsnavn":"Jare","delomradenummer":"390516","delomradenavn":"Ramnes","kommunenummer":"3905"}},{"type":"Polygon","arcs":[[-336,386,387,-189,-241,-305,-386]],"properties":{"grunnkretsnummer":"39051606","grunnkretsnavn":"Stange","delomradenummer":"390516","delomradenavn":"Ramnes","kommunenummer":"3905"}},{"type":"Polygon","arcs":[[-367,388,389,390,-362,-361]],"properties":{"grunnkretsnummer":"39050117","grunnkretsnavn":"Rakkevik","delomradenummer":"390501","delomradenavn":"Sem","kommunenummer":"3905"}},{"type":"Polygon","arcs":[[391,392,393,-358,-204,-226,-314,-383,394,-348]],"properties":{"grunnkretsnummer":"39050403","grunnkretsnavn":"Basberg","delomradenummer":"390504","delomradenavn":"Klokkeråsen","kommunenummer":"3905"}},{"type":"Polygon","arcs":[[-310,395,396,397]],"properties":{"grunnkretsnummer":"39051303","grunnkretsnavn":"Solvanglia","delomradenummer":"390513","delomradenavn":"Solvang - Kilen - Byskogen","kommunenummer":"3905"}},{"type":"MultiPolygon","arcs":[[[398,399,-339,400,-248,401,402,403]],[[404,405,406]]],"properties":{"grunnkretsnummer":"39051504","grunnkretsnavn":"Østre Undrumsdal","delomradenummer":"390515","delomradenavn":"Undrumsdal","kommunenummer":"3905"}},{"type":"Polygon","arcs":[[407,-215,-94,408]],"properties":{"grunnkretsnummer":"39050203","grunnkretsnavn":"Fritsø","delomradenummer":"390502","delomradenavn":"Barkåker","kommunenummer":"3905"}},{"type":"Polygon","arcs":[[409,410,-285,-192,-145,411,-331]],"properties":{"grunnkretsnummer":"39051703","grunnkretsnavn":"Revå","delomradenummer":"390517","delomradenavn":"Fon - Vivestad","kommunenummer":"3905"}},{"type":"Polygon","arcs":[[412,-409,-93,-341]],"properties":{"grunnkretsnummer":"39050204","grunnkretsnavn":"Barkåker","delomradenummer":"390502","delomradenavn":"Barkåker","kommunenummer":"3905"}},{"type":"Polygon","arcs":[[-397,413,-34,-167,414]],"properties":{"grunnkretsnummer":"39051304","grunnkretsnavn":"Trudvanglia","delomradenummer":"390513","delomradenavn":"Solvang - Kilen - Byskogen","kommunenummer":"3905"}},{"type":"Polygon","arcs":[[415,416,417,-327,-103,418,419,420]],"properties":{"grunnkretsnummer":"39051402","grunnkretsnavn":"Grettebygd","delomradenummer":"390514","delomradenavn":"Våle","kommunenummer":"3905"}},{"type":"Polygon","arcs":[[-315,-230,-205,-306,-379,421]],"properties":{"grunnkretsnummer":"39050506","grunnkretsnavn":"Gauterød","delomradenummer":"390505","delomradenavn":"Presterød","kommunenummer":"3905"}},{"type":"Polygon","arcs":[[422,-249,-401,-338,-221]],"properties":{"grunnkretsnummer":"39051503","grunnkretsnavn":"Vestre Undrumsdal","delomradenummer":"390515","delomradenavn":"Undrumsdal","kommunenummer":"3905"}},{"type":"Polygon","arcs":[[-316,-422,-384]],"properties":{"grunnkretsnummer":"39050504","grunnkretsnavn":"Sandeåsen","delomradenummer":"390505","delomradenavn":"Presterød","kommunenummer":"3905"}},{"type":"Polygon","arcs":[[-400,423,424,425,-353,-216,-408,-413,-340]],"properties":{"grunnkretsnummer":"39050205","grunnkretsnavn":"Jareteigen","delomradenummer":"390502","delomradenavn":"Barkåker","kommunenummer":"3905"}},{"type":"Polygon","arcs":[[-100,426,-271]],"properties":{"grunnkretsnummer":"39050114","grunnkretsnavn":"Åskollen","delomradenummer":"390501","delomradenavn":"Sem","kommunenummer":"3905"}},{"type":"Polygon","arcs":[[-97,-302,-245,-144,427,-313,-119,428]],"properties":{"grunnkretsnummer":"39050301","grunnkretsnavn":"Berg","delomradenummer":"390503","delomradenavn":"Eik","kommunenummer":"3905"}},{"type":"Polygon","arcs":[[-157,-135,-156,-83,-65]],"properties":{"grunnkretsnummer":"39050906","grunnkretsnavn":"Sentrum nord","delomradenummer":"390509","delomradenavn":"Sentrum - Slottsfjellet","kommunenummer":"3905"}},{"type":"Polygon","arcs":[[-213,429,-392,-347,430,-243,-301]],"properties":{"grunnkretsnummer":"39050401","grunnkretsnavn":"Roberg","delomradenummer":"390504","delomradenavn":"Klokkeråsen","kommunenummer":"3905"}},{"type":"Polygon","arcs":[[-370,-290,-256,431,-273]],"properties":{"grunnkretsnummer":"39050103","grunnkretsnavn":"Aulerød","delomradenummer":"390501","delomradenavn":"Sem","kommunenummer":"3905"}},{"type":"Polygon","arcs":[[-334,-269,432,-3,-2]],"properties":{"grunnkretsnummer":"39050101","grunnkretsnavn":"Hesbu","delomradenummer":"390501","delomradenavn":"Sem","kommunenummer":"3905"}},{"type":"Polygon","arcs":[[433,434,435,436,437,-320,438]],"properties":{"grunnkretsnummer":"39050404","grunnkretsnavn":"Stang","delomradenummer":"390504","delomradenavn":"Klokkeråsen","kommunenummer":"3905"}},{"type":"Polygon","arcs":[[-99,439,-371,-427]],"properties":{"grunnkretsnummer":"39050112","grunnkretsnavn":"Aas","delomradenummer":"390501","delomradenavn":"Sem","kommunenummer":"3905"}},{"type":"Polygon","arcs":[[-244,-431,-350,440,-142]],"properties":{"grunnkretsnummer":"39050305","grunnkretsnavn":"Lofseik","delomradenummer":"390503","delomradenavn":"Eik","kommunenummer":"3905"}},{"type":"Polygon","arcs":[[-428,-143,-441,-349,-395,-382,441,-308]],"properties":{"grunnkretsnummer":"39050307","grunnkretsnavn":"Eik søndre","delomradenummer":"390503","delomradenavn":"Eik","kommunenummer":"3905"}},{"type":"Polygon","arcs":[[-311,-398,-415,-166,-80,-217]],"properties":{"grunnkretsnummer":"39051307","grunnkretsnavn":"Solvang 1","delomradenummer":"390513","delomradenavn":"Solvang - Kilen - Byskogen","kommunenummer":"3905"}},{"type":"Polygon","arcs":[[-442,-381,-30,-414,-396,-309]],"properties":{"grunnkretsnummer":"39051302","grunnkretsnavn":"Kilen nord","delomradenummer":"390513","delomradenavn":"Solvang - Kilen - Byskogen","kommunenummer":"3905"}},{"type":"Polygon","arcs":[[-117,-312,-151,-115,-62,-61,442,443]],"properties":{"grunnkretsnummer":"39050901","grunnkretsnavn":"Korten","delomradenummer":"390509","delomradenavn":"Sentrum - Slottsfjellet","kommunenummer":"3905"}},{"type":"Polygon","arcs":[[-412,-150,-55,-332]],"properties":{"grunnkretsnummer":"39051704","grunnkretsnavn":"Vallumrød","delomradenummer":"390517","delomradenavn":"Fon - Vivestad","kommunenummer":"3905"}},{"type":"Polygon","arcs":[[-440,-98,-429,-118,-444,-443,444,-373,-372]],"properties":{"grunnkretsnummer":"39050115","grunnkretsnavn":"Jarlsberg","delomradenummer":"390501","delomradenavn":"Sem","kommunenummer":"3905"}},{"type":"Polygon","arcs":[[-385,-26,-380,445,-164,-76,-75]],"properties":{"grunnkretsnummer":"39051107","grunnkretsnavn":"Stensarmen","delomradenummer":"390511","delomradenavn":"Stensarmen - Træleborg","kommunenummer":"3905"}},{"type":"Polygon","arcs":[[-351,-321,-438,-437,-255,-254,-355,-394,446]],"properties":{"grunnkretsnummer":"39050406","grunnkretsnavn":"Studsrød","delomradenummer":"390504","delomradenavn":"Klokkeråsen","kommunenummer":"3905"}},{"type":"Polygon","arcs":[[-229,-346,-185,-184,-265,-264,-207]],"properties":{"grunnkretsnummer":"39050601","grunnkretsnavn":"Gårdbo","delomradenummer":"390506","delomradenavn":"Ringshaug","kommunenummer":"3905"}},{"type":"Polygon","arcs":[[-237,-236,-263,447,-277,-325,-324]],"properties":{"grunnkretsnummer":"39050704","grunnkretsnavn":"Husvik","delomradenummer":"390507","delomradenavn":"Husvik","kommunenummer":"3905"}},{"type":"Polygon","arcs":[[448,449,-275,450,-295]],"properties":{"grunnkretsnummer":"39050106","grunnkretsnavn":"Brendsrød","delomradenummer":"390501","delomradenavn":"Sem","kommunenummer":"3905"}},{"type":"Polygon","arcs":[[-375,-374,451,-390,-389,-366,-177]],"properties":{"grunnkretsnummer":"39050111","grunnkretsnavn":"Smørberg","delomradenummer":"390501","delomradenavn":"Sem","kommunenummer":"3905"}},{"type":"Polygon","arcs":[[-288,-287,-357,452,453,454,455,-182]],"properties":{"grunnkretsnummer":"39050410","grunnkretsnavn":"Karlsvik","delomradenummer":"390504","delomradenavn":"Klokkeråsen","kommunenummer":"3905"}},{"type":"Polygon","arcs":[[-436,456,457,-454,-453,-356,-252,-251]],"properties":{"grunnkretsnummer":"39050409","grunnkretsnavn":"Slagentangen","delomradenummer":"390504","delomradenavn":"Klokkeråsen","kommunenummer":"3905"}},{"type":"Polygon","arcs":[[-212,-352,-447,-393,-430]],"properties":{"grunnkretsnummer":"39050402","grunnkretsnavn":"Oseberg","delomradenummer":"390504","delomradenavn":"Klokkeråsen","kommunenummer":"3905"}},{"type":"Polygon","arcs":[[-158,-106,-250,-423,-220,-345]],"properties":{"grunnkretsnummer":"39051502","grunnkretsnavn":"Hengsrød","delomradenummer":"390515","delomradenavn":"Undrumsdal","kommunenummer":"3905"}},{"type":"Polygon","arcs":[[-432,-259,-261,-296,-451,-274]],"properties":{"grunnkretsnummer":"39050105","grunnkretsnavn":"Lasken","delomradenummer":"390501","delomradenavn":"Sem","kommunenummer":"3905"}},{"type":"Polygon","arcs":[[-376,-179,-368,-360,-292]],"properties":{"grunnkretsnummer":"39050109","grunnkretsnavn":"Bjelland","delomradenummer":"390501","delomradenavn":"Sem","kommunenummer":"3905"}},{"type":"Polygon","arcs":[[458,459,460,461,462,463,464]],"properties":{"grunnkretsnummer":"39010204","grunnkretsnavn":"Steinsnes","delomradenummer":"390102","delomradenavn":"Granly","kommunenummer":"3901"}},{"type":"Polygon","arcs":[[465,466,467,468,469]],"properties":{"grunnkretsnummer":"39090404","grunnkretsnavn":"Byskogen nord","delomradenummer":"390904","delomradenavn":"Byskogen","kommunenummer":"3909"}},{"type":"Polygon","arcs":[[470,471,472,473]],"properties":{"grunnkretsnummer":"39090503","grunnkretsnavn":"Tagtvedt nord","delomradenummer":"390905","delomradenavn":"Tagtvedt","kommunenummer":"3909"}},{"type":"Polygon","arcs":[[474,475,476,477]],"properties":{"grunnkretsnummer":"39090904","grunnkretsnavn":"Hagalia","delomradenummer":"390909","delomradenavn":"Nanset Vest","kommunenummer":"3909"}},{"type":"Polygon","arcs":[[478,479,480,481,482,483,484]],"properties":{"grunnkretsnummer":"39090601","grunnkretsnavn":"Gon","delomradenummer":"390906","delomradenavn":"Østre Halsen","kommunenummer":"3909"}},{"type":"Polygon","arcs":[[485,486,487,488,489]],"properties":{"grunnkretsnummer":"39091307","grunnkretsnavn":"Torsrød","delomradenummer":"390913","delomradenavn":"Stavern","kommunenummer":"3909"}},{"type":"Polygon","arcs":[[490,491,492,493,494,495,496]],"properties":{"grunnkretsnummer":"39091502","grunnkretsnavn":"Farriseidet","delomradenummer":"390915","delomradenavn":"Brunlanes Nordre","kommunenummer":"3909"}},{"type":"Polygon","arcs":[[-474,497,498,499]],"properties":{"grunnkretsnummer":"39090502","grunnkretsnavn":"Tagtvedt vest","delomradenummer":"390905","delomradenavn":"Tagtvedt","kommunenummer":"3909"}},{"type":"Polygon","arcs":[[-501,-502,502,503]],"properties":{"grunnkretsnummer":"39091401","grunnkretsnavn":"Arøya","delomradenummer":"390914","delomradenavn":"Brunlanes Vestre","kommunenummer":"3909"}},{"type":"Polygon","arcs":[[504,505,506,507,508,509,510,511,512,513,514,515]],"properties":{"grunnkretsnummer":"39090709","grunnkretsnavn":"Spetalen","delomradenummer":"390907","delomradenavn":"Tjodalyng","kommunenummer":"3909"}},{"type":"Polygon","arcs":[[516,517,518,519,520,521]],"properties":{"grunnkretsnummer":"39090609","grunnkretsnavn":"Skurvemyra","delomradenummer":"390906","delomradenavn":"Østre Halsen","kommunenummer":"3909"}},{"type":"Polygon","arcs":[[-520,522,523,524,525]],"properties":{"grunnkretsnummer":"39090611","grunnkretsnavn":"Kaupang","delomradenummer":"390906","delomradenavn":"Østre Halsen","kommunenummer":"3909"}},{"type":"Polygon","arcs":[[526,527,528,529,530,-513,531,532,533]],"properties":{"grunnkretsnummer":"39090707","grunnkretsnavn":"Varild","delomradenummer":"390907","delomradenavn":"Tjodalyng","kommunenummer":"3909"}},{"type":"Polygon","arcs":[[534,535,536]],"properties":{"grunnkretsnummer":"39091002","grunnkretsnavn":"Ødegården","delomradenummer":"390910","delomradenavn":"Hedrum Øst","kommunenummer":"3909"}},{"type":"Polygon","arcs":[[537,-499,538,539,540,-467]],"properties":{"grunnkretsnummer":"39090501","grunnkretsnavn":"Svaleveien","delomradenummer":"390905","delomradenavn":"Tagtvedt","kommunenummer":"3909"}},{"type":"Polygon","arcs":[[541,542,543,-480,-479,544,545]],"properties":{"grunnkretsnummer":"39090602","grunnkretsnavn":"Rekkevik","delomradenummer":"390906","delomradenavn":"Østre Halsen","kommunenummer":"3909"}},{"type":"Polygon","arcs":[[546,547,548,549,550,551,552]],"properties":{"grunnkretsnummer":"39091409","grunnkretsnavn":"Eidsten","delomradenummer":"390914","delomradenavn":"Brunlanes Vestre","kommunenummer":"3909"}},{"type":"Polygon","arcs":[[553,554,555]],"properties":{"grunnkretsnummer":"39091106","grunnkretsnavn":"Kvelde sentrum","delomradenummer":"390911","delomradenavn":"Kvelde","kommunenummer":"3909"}},{"type":"Polygon","arcs":[[556,557,-537,558,559,560,561,562,563]],"properties":{"grunnkretsnummer":"39091001","grunnkretsnavn":"Bommestad","delomradenummer":"390910","delomradenavn":"Hedrum Øst","kommunenummer":"3909"}},{"type":"Polygon","arcs":[[564,565,-496,566,567,-12,568]],"properties":{"grunnkretsnummer":"39091601","grunnkretsnavn":"Tanum","delomradenummer":"390916","delomradenavn":"Brunlanes Østre","kommunenummer":"3909"}},{"type":"Polygon","arcs":[[569,-484,570,571,572,573,574,575]],"properties":{"grunnkretsnummer":"39091304","grunnkretsnavn":"Nordre Bydel","delomradenummer":"390913","delomradenavn":"Stavern","kommunenummer":"3909"}},{"type":"Polygon","arcs":[[-577,577,578,-580,-581]],"properties":{"grunnkretsnummer":"39091505","grunnkretsnavn":"Omsland","delomradenummer":"390915","delomradenavn":"Brunlanes Nordre","kommunenummer":"3909"}},{"type":"Polygon","arcs":[[581,-9,-8,582,583,584,585]],"properties":{"grunnkretsnummer":"39090305","grunnkretsnavn":"Vestre Halsen","delomradenummer":"390903","delomradenavn":"Torstrand","kommunenummer":"3909"}},{"type":"Polygon","arcs":[[586,587,588,589,590,-123]],"properties":{"grunnkretsnummer":"39090205","grunnkretsnavn":"Herregården","delomradenummer":"390902","delomradenavn":"Hovedbyen","kommunenummer":"3909"}},{"type":"Polygon","arcs":[[591,592,593,594,595]],"properties":{"grunnkretsnummer":"39091201","grunnkretsnavn":"Rimstad","delomradenummer":"390912","delomradenavn":"Hvarnes","kommunenummer":"3909"}},{"type":"Polygon","arcs":[[596,597,598,599,600,601]],"properties":{"grunnkretsnummer":"39090908","grunnkretsnavn":"Gopledal","delomradenummer":"390909","delomradenavn":"Nanset Vest","kommunenummer":"3909"}},{"type":"Polygon","arcs":[[-603,-604,604,605,606,607,-131,-609]],"properties":{"grunnkretsnummer":"39091702","grunnkretsnavn":"Tanum-Lardal","delomradenummer":"390917","delomradenavn":"Lardal","kommunenummer":"3909"}},{"type":"Polygon","arcs":[[609,610,611,612,613,614,615,616,617,618]],"properties":{"grunnkretsnummer":"39071109","grunnkretsnavn":"Framnes","delomradenummer":"390711","delomradenavn":"Vesterøy","kommunenummer":"3907"}},{"type":"Polygon","arcs":[[619,-569,-18,620,621]],"properties":{"grunnkretsnummer":"39091406","grunnkretsnavn":"Halle øst","delomradenummer":"390914","delomradenavn":"Brunlanes Vestre","kommunenummer":"3909"}},{"type":"Polygon","arcs":[[622,-574,623,624]],"properties":{"grunnkretsnummer":"39091306","grunnkretsnavn":"Varden","delomradenummer":"390913","delomradenavn":"Stavern","kommunenummer":"3909"}},{"type":"Polygon","arcs":[[625,626,627,628,629,630,631]],"properties":{"grunnkretsnummer":"39091101","grunnkretsnavn":"Lysebo","delomradenummer":"390911","delomradenavn":"Kvelde","kommunenummer":"3909"}},{"type":"Polygon","arcs":[[632,633,634,635,636,637]],"properties":{"grunnkretsnummer":"39091301","grunnkretsnavn":"Fredriksvern verft","delomradenummer":"390913","delomradenavn":"Stavern","kommunenummer":"3909"}},{"type":"Polygon","arcs":[[638,639,-587,-122,640]],"properties":{"grunnkretsnummer":"39090204","grunnkretsnavn":"Sentrum nord","delomradenummer":"390902","delomradenavn":"Hovedbyen","kommunenummer":"3909"}},{"type":"Polygon","arcs":[[641,642,643,-592,644,-646,646]],"properties":{"grunnkretsnummer":"39091202","grunnkretsnavn":"Odberg","delomradenummer":"390912","delomradenavn":"Hvarnes","kommunenummer":"3909"}},{"type":"Polygon","arcs":[[-598,-478,647,648,649]],"properties":{"grunnkretsnummer":"39090903","grunnkretsnavn":"Torstvet","delomradenummer":"390909","delomradenavn":"Nanset Vest","kommunenummer":"3909"}},{"type":"Polygon","arcs":[[650,651,-551,-550,652,653,654]],"properties":{"grunnkretsnummer":"39091410","grunnkretsnavn":"Holhjem","delomradenummer":"390914","delomradenavn":"Brunlanes Vestre","kommunenummer":"3909"}},{"type":"Polygon","arcs":[[655,656,657,658,659,660,661,662,663,-559,-536]],"properties":{"grunnkretsnummer":"39090704","grunnkretsnavn":"Lindhjem","delomradenummer":"390907","delomradenavn":"Tjodalyng","kommunenummer":"3909"}},{"type":"Polygon","arcs":[[-487,664,-633,665]],"properties":{"grunnkretsnummer":"39091302","grunnkretsnavn":"Auserød","delomradenummer":"390913","delomradenavn":"Stavern","kommunenummer":"3909"}},{"type":"Polygon","arcs":[[666,667,668,669,670,-584,-583,-7,671,672]],"properties":{"grunnkretsnummer":"39090304","grunnkretsnavn":"Løkka","delomradenummer":"390903","delomradenavn":"Torstrand","kommunenummer":"3909"}},{"type":"Polygon","arcs":[[-595,673,674]],"properties":{"grunnkretsnummer":"39091108","grunnkretsnavn":"Nordkveldemoen","delomradenummer":"390911","delomradenavn":"Kvelde","kommunenummer":"3909"}},{"type":"Polygon","arcs":[[-125,-124,-591,675,-672,-11,-10,-582,676]],"properties":{"grunnkretsnummer":"39090301","grunnkretsnavn":"Tollerodden","delomradenummer":"390903","delomradenavn":"Torstrand","kommunenummer":"3909"}},{"type":"Polygon","arcs":[[677,678,679,680,-521,-526,-525,681,682,683,-483,-482]],"properties":{"grunnkretsnummer":"39090610","grunnkretsnavn":"Dreng","delomradenummer":"390906","delomradenavn":"Østre Halsen","kommunenummer":"3909"}},{"type":"Polygon","arcs":[[684,-601,-497,-566,685,686]],"properties":{"grunnkretsnummer":"39091503","grunnkretsnavn":"Sky","delomradenummer":"390915","delomradenavn":"Brunlanes Nordre","kommunenummer":"3909"}},{"type":"Polygon","arcs":[[-16,687,688,689,690,-548,-547,691]],"properties":{"grunnkretsnummer":"39091408","grunnkretsnavn":"Anvik","delomradenummer":"390914","delomradenavn":"Brunlanes Vestre","kommunenummer":"3909"}},{"type":"Polygon","arcs":[[692,693,694,695,696,697,-629]],"properties":{"grunnkretsnummer":"39090911","grunnkretsnavn":"Bjerke","delomradenummer":"390909","delomradenavn":"Nanset Vest","kommunenummer":"3909"}},{"type":"Polygon","arcs":[[698,699,-476,700]],"properties":{"grunnkretsnummer":"39090905","grunnkretsnavn":"Nordbyveien","delomradenummer":"390909","delomradenavn":"Nanset Vest","kommunenummer":"3909"}},{"type":"Polygon","arcs":[[-624,-573,701,-634,-665,-486,702]],"properties":{"grunnkretsnummer":"39091303","grunnkretsnavn":"Fjerdingen","delomradenummer":"390913","delomradenavn":"Stavern","kommunenummer":"3909"}},{"type":"Polygon","arcs":[[-696,703,704,705,-557,706,707]],"properties":{"grunnkretsnummer":"39091005","grunnkretsnavn":"Seierstad","delomradenummer":"390910","delomradenavn":"Hedrum Øst","kommunenummer":"3909"}},{"type":"Polygon","arcs":[[-650,708,709,710,-599]],"properties":{"grunnkretsnummer":"39090902","grunnkretsnavn":"Nanset vest 2","delomradenummer":"390909","delomradenavn":"Nanset Vest","kommunenummer":"3909"}},{"type":"Polygon","arcs":[[-656,-535,-558,-706,711]],"properties":{"grunnkretsnummer":"39091003","grunnkretsnavn":"Verningen","delomradenummer":"390910","delomradenavn":"Hedrum Øst","kommunenummer":"3909"}},{"type":"Polygon","arcs":[[712,713,714,715,-689,-688,-15]],"properties":{"grunnkretsnummer":"39091608","grunnkretsnavn":"Nalum","delomradenummer":"390916","delomradenavn":"Brunlanes Østre","kommunenummer":"3909"}},{"type":"Polygon","arcs":[[716,717,-527,718,-518,719]],"properties":{"grunnkretsnummer":"39090702","grunnkretsnavn":"Tjøllingvollen","delomradenummer":"390907","delomradenavn":"Tjodalyng","kommunenummer":"3909"}},{"type":"Polygon","arcs":[[-495,720,721,-677,-586,722,723,-567]],"properties":{"grunnkretsnummer":"39091602","grunnkretsnavn":"Tenvik-Rødberg","delomradenummer":"390916","delomradenavn":"Brunlanes Østre","kommunenummer":"3909"}},{"type":"Polygon","arcs":[[724,725,-668,726]],"properties":{"grunnkretsnummer":"39090405","grunnkretsnavn":"Skrenten øst","delomradenummer":"390904","delomradenavn":"Byskogen","kommunenummer":"3909"}},{"type":"Polygon","arcs":[[727,728,-576,-575,-623,729]],"properties":{"grunnkretsnummer":"39091605","grunnkretsnavn":"Solstad","delomradenummer":"390916","delomradenavn":"Brunlanes Østre","kommunenummer":"3909"}},{"type":"Polygon","arcs":[[730,731,732,733,734,735,-642,736,737]],"properties":{"grunnkretsnummer":"39091205","grunnkretsnavn":"Bårnes","delomradenummer":"390912","delomradenavn":"Hvarnes","kommunenummer":"3909"}},{"type":"Polygon","arcs":[[-585,738,739,740,741,-546,742]],"properties":{"grunnkretsnummer":"39090605","grunnkretsnavn":"Nordlyløkka","delomradenummer":"390906","delomradenavn":"Østre Halsen","kommunenummer":"3909"}},{"type":"Polygon","arcs":[[-607,743,744]],"properties":{"grunnkretsnummer":"39091705","grunnkretsnavn":"Svarstad aust","delomradenummer":"390917","delomradenavn":"Lardal","kommunenummer":"3909"}},{"type":"Polygon","arcs":[[-746,746,-333,-53,747,-605]],"properties":{"grunnkretsnummer":"39091701","grunnkretsnavn":"Hem-Lardal","delomradenummer":"390917","delomradenavn":"Lardal","kommunenummer":"3909"}},{"type":"Polygon","arcs":[[748,749,750,751,-471,-500,-538,-466,752,753]],"properties":{"grunnkretsnummer":"39090803","grunnkretsnavn":"Frostvet","delomradenummer":"390908","delomradenavn":"Nanset Øst","kommunenummer":"3909"}},{"type":"Polygon","arcs":[[-663,754,-528,-718,755]],"properties":{"grunnkretsnummer":"39090706","grunnkretsnavn":"Løve","delomradenummer":"390907","delomradenavn":"Tjodalyng","kommunenummer":"3909"}},{"type":"Polygon","arcs":[[756,-750,757]],"properties":{"grunnkretsnummer":"39090804","grunnkretsnavn":"Hovland","delomradenummer":"390908","delomradenavn":"Nanset Øst","kommunenummer":"3909"}},{"type":"Polygon","arcs":[[-491,-600,-711,758,-641,-121,759]],"properties":{"grunnkretsnummer":"39090202","grunnkretsnavn":"Bøkeskogen","delomradenummer":"390902","delomradenavn":"Hovedbyen","kommunenummer":"3909"}},{"type":"Polygon","arcs":[[760,-621,-17,-692,-553]],"properties":{"grunnkretsnummer":"39091407","grunnkretsnavn":"Manvik","delomradenummer":"390914","delomradenavn":"Brunlanes Vestre","kommunenummer":"3909"}},{"type":"Polygon","arcs":[[-671,-670,761,762,-680,763,-740,-739]],"properties":{"grunnkretsnummer":"39090606","grunnkretsnavn":"Gloppe","delomradenummer":"390906","delomradenavn":"Østre Halsen","kommunenummer":"3909"}},{"type":"Polygon","arcs":[[-554,764,-674,-594,765,766,767,768,769,770]],"properties":{"grunnkretsnummer":"39091107","grunnkretsnavn":"Nes","delomradenummer":"390911","delomradenavn":"Kvelde","kommunenummer":"3909"}},{"type":"Polygon","arcs":[[771,-686,-565,-620,772,773,-775]],"properties":{"grunnkretsnummer":"39091501","grunnkretsnavn":"Hobek","delomradenummer":"390915","delomradenavn":"Brunlanes Nordre","kommunenummer":"3909"}},{"type":"Polygon","arcs":[[-659,775,-657,-712,-705,776,777,778,779]],"properties":{"grunnkretsnummer":"39091004","grunnkretsnavn":"Rødbøl","delomradenummer":"390910","delomradenavn":"Hedrum Øst","kommunenummer":"3909"}},{"type":"Polygon","arcs":[[-498,-473,780,-539]],"properties":{"grunnkretsnummer":"39090504","grunnkretsnavn":"Tagtvedt sør","delomradenummer":"390905","delomradenavn":"Tagtvedt","kommunenummer":"3909"}},{"type":"Polygon","arcs":[[-608,-745,781,782,-132]],"properties":{"grunnkretsnummer":"39091704","grunnkretsnavn":"Svarstad vest","delomradenummer":"390917","delomradenavn":"Lardal","kommunenummer":"3909"}},{"type":"Polygon","arcs":[[783,-753,784,785,-639,786]],"properties":{"grunnkretsnummer":"39090801","grunnkretsnavn":"Nanset øst 1","delomradenummer":"390908","delomradenavn":"Nanset Øst","kommunenummer":"3909"}},{"type":"Polygon","arcs":[[-736,787,-643]],"properties":{"grunnkretsnummer":"39091204","grunnkretsnavn":"Haugen","delomradenummer":"390912","delomradenavn":"Hvarnes","kommunenummer":"3909"}},{"type":"Polygon","arcs":[[788,-754,-784,789]],"properties":{"grunnkretsnummer":"39090802","grunnkretsnavn":"Nanset øst 2","delomradenummer":"390908","delomradenavn":"Nanset Øst","kommunenummer":"3909"}},{"type":"Polygon","arcs":[[-468,-541,790,791,-725]],"properties":{"grunnkretsnummer":"39090406","grunnkretsnavn":"Byskogen øst","delomradenummer":"390904","delomradenavn":"Byskogen","kommunenummer":"3909"}},{"type":"Polygon","arcs":[[-707,-564,792,793,794]],"properties":{"grunnkretsnummer":"39090907","grunnkretsnavn":"Kverken","delomradenummer":"390909","delomradenavn":"Nanset Vest","kommunenummer":"3909"}},{"type":"Polygon","arcs":[[795,796,797,798,799,800]],"properties":{"grunnkretsnummer":"39071009","grunnkretsnavn":"Kastet","delomradenummer":"390710","delomradenavn":"Østerøy","kommunenummer":"3907"}},{"type":"Polygon","arcs":[[801,802,803,804,805]],"properties":{"grunnkretsnummer":"39071604","grunnkretsnavn":"Rørkoll","delomradenummer":"390716","delomradenavn":"Stokke","kommunenummer":"3907"}},{"type":"Polygon","arcs":[[806,807,-509,-508,-507,808]],"properties":{"grunnkretsnummer":"39090710","grunnkretsnavn":"Kjerringvik","delomradenummer":"390907","delomradenavn":"Tjodalyng","kommunenummer":"3909"}},{"type":"Polygon","arcs":[[-644,-788,-735,809,-766,-593]],"properties":{"grunnkretsnummer":"39091203","grunnkretsnavn":"Hellenes","delomradenummer":"390912","delomradenavn":"Hvarnes","kommunenummer":"3909"}},{"type":"Polygon","arcs":[[-773,-622,-761,-552,-652,810,811]],"properties":{"grunnkretsnummer":"39091405","grunnkretsnavn":"Halle vest","delomradenummer":"390914","delomradenavn":"Brunlanes Vestre","kommunenummer":"3909"}},{"type":"Polygon","arcs":[[812,813,814,815,-516,-515,-514,-531,-530]],"properties":{"grunnkretsnummer":"39090708","grunnkretsnavn":"Hem","delomradenummer":"390907","delomradenavn":"Tjodalyng","kommunenummer":"3909"}},{"type":"Polygon","arcs":[[816,-532,-512,-511,-510,-808,817,-683]],"properties":{"grunnkretsnummer":"39090711","grunnkretsnavn":"Eftang","delomradenummer":"390907","delomradenavn":"Tjodalyng","kommunenummer":"3909"}},{"type":"Polygon","arcs":[[818,819,-127,-126,-722,-721,-494]],"properties":{"grunnkretsnummer":"39090102","grunnkretsnavn":"Langestrand nedre","delomradenummer":"390901","delomradenavn":"Langestrand","kommunenummer":"3909"}},{"type":"Polygon","arcs":[[-726,-792,820,-560,821,-720,-517,822,-762,-669]],"properties":{"grunnkretsnummer":"39090607","grunnkretsnavn":"Grønneberg","delomradenummer":"390906","delomradenavn":"Østre Halsen","kommunenummer":"3909"}},{"type":"Polygon","arcs":[[-645,-596,-675,-765,-556,823,-626,824,-826,-827]],"properties":{"grunnkretsnummer":"39091105","grunnkretsnavn":"Nordkvelde","delomradenummer":"390911","delomradenavn":"Kvelde","kommunenummer":"3909"}},{"type":"Polygon","arcs":[[827,-778,828,829,830,831,832,833,834]],"properties":{"grunnkretsnummer":"39091007","grunnkretsnavn":"Holt","delomradenummer":"390910","delomradenavn":"Hedrum Øst","kommunenummer":"3909"}},{"type":"Polygon","arcs":[[835,836,837,-839]],"properties":{"grunnkretsnummer":"39091709","grunnkretsnavn":"Gåserud","delomradenummer":"390917","delomradenavn":"Lardal","kommunenummer":"3909"}},{"type":"Polygon","arcs":[[839,840,841,-731,842,-837]],"properties":{"grunnkretsnummer":"39091708","grunnkretsnavn":"Grini","delomradenummer":"390917","delomradenavn":"Lardal","kommunenummer":"3909"}},{"type":"Polygon","arcs":[[843,-831,844,-768,845,846]],"properties":{"grunnkretsnummer":"39091009","grunnkretsnavn":"Tutvet","delomradenummer":"390910","delomradenavn":"Hedrum Øst","kommunenummer":"3909"}},{"type":"Polygon","arcs":[[-687,-772,-848,-579,-631,848]],"properties":{"grunnkretsnummer":"39091504","grunnkretsnavn":"Kroken","delomradenummer":"390915","delomradenavn":"Brunlanes Nordre","kommunenummer":"3909"}},{"type":"Polygon","arcs":[[849,-819,-493]],"properties":{"grunnkretsnummer":"39090101","grunnkretsnavn":"Langestrand øvre","delomradenummer":"390901","delomradenavn":"Langestrand","kommunenummer":"3909"}},{"type":"Polygon","arcs":[[-818,850,851,-636,-635,-702,-572,-571,-684]],"properties":{"grunnkretsnummer":"39091305","grunnkretsnavn":"Østre bydel med øyene","delomradenummer":"390913","delomradenavn":"Stavern","kommunenummer":"3909"}},{"type":"Polygon","arcs":[[-519,-719,-534,-533,-817,-682,-524,-523]],"properties":{"grunnkretsnummer":"39090701","grunnkretsnavn":"Bjønnes","delomradenummer":"390907","delomradenavn":"Tjodalyng","kommunenummer":"3909"}},{"type":"Polygon","arcs":[[-555,-771,852,-627,-824]],"properties":{"grunnkretsnummer":"39091104","grunnkretsnavn":"Gjone","delomradenummer":"390911","delomradenavn":"Kvelde","kommunenummer":"3909"}},{"type":"Polygon","arcs":[[853,-562,854,-751,-757,855]],"properties":{"grunnkretsnummer":"39090805","grunnkretsnavn":"Hovland sentrum","delomradenummer":"390908","delomradenavn":"Nanset Øst","kommunenummer":"3909"}},{"type":"Polygon","arcs":[[-695,856,-829,-777,-704]],"properties":{"grunnkretsnummer":"39091006","grunnkretsnavn":"Hagtvet","delomradenummer":"390910","delomradenavn":"Hedrum Øst","kommunenummer":"3909"}},{"type":"Polygon","arcs":[[-752,-855,-561,-821,-791,-540,-781,-472]],"properties":{"grunnkretsnummer":"39090505","grunnkretsnavn":"Tagtvedt øst","delomradenummer":"390905","delomradenavn":"Tagtvedt","kommunenummer":"3909"}},{"type":"Polygon","arcs":[[-774,-812,857,858,-860,-861,-862,-863,-864]],"properties":{"grunnkretsnummer":"39091404","grunnkretsnavn":"Tvedalen","delomradenummer":"390914","delomradenavn":"Brunlanes Vestre","kommunenummer":"3909"}},{"type":"Polygon","arcs":[[-786,864,865,-588,-640]],"properties":{"grunnkretsnummer":"39090206","grunnkretsnavn":"Øvre Jegersborg","delomradenummer":"390902","delomradenavn":"Hovedbyen","kommunenummer":"3909"}},{"type":"Polygon","arcs":[[-816,-815,866,867,868,869,870,-505]],"properties":{"grunnkretsnummer":"39070212","grunnkretsnavn":"Enga","delomradenummer":"390702","delomradenavn":"Hystad","kommunenummer":"3907"}},{"type":"Polygon","arcs":[[-859,-858,-811,-651,871,872,-503,-874]],"properties":{"grunnkretsnummer":"39091403","grunnkretsnavn":"Helgeroa","delomradenummer":"390914","delomradenavn":"Brunlanes Vestre","kommunenummer":"3909"}},{"type":"Polygon","arcs":[[-700,874,-793,-563,-854,875,-648,-477]],"properties":{"grunnkretsnummer":"39090807","grunnkretsnavn":"Nordby","delomradenummer":"390908","delomradenavn":"Nanset Øst","kommunenummer":"3909"}},{"type":"Polygon","arcs":[[-877,-838,-843,-738,877,-879]],"properties":{"grunnkretsnummer":"39091710","grunnkretsnavn":"Steinsholt","delomradenummer":"390917","delomradenavn":"Lardal","kommunenummer":"3909"}},{"type":"Polygon","arcs":[[879,-794,-875,-699]],"properties":{"grunnkretsnummer":"39090906","grunnkretsnavn":"Nordbyåsen","delomradenummer":"390909","delomradenavn":"Nanset Vest","kommunenummer":"3909"}},{"type":"Polygon","arcs":[[880,881,882,-589,-866]],"properties":{"grunnkretsnummer":"39090401","grunnkretsnavn":"Mesterfjellet","delomradenummer":"390904","delomradenavn":"Byskogen","kommunenummer":"3909"}},{"type":"Polygon","arcs":[[-785,-470,-881,-865]],"properties":{"grunnkretsnummer":"39090402","grunnkretsnavn":"Byskogen vest","delomradenummer":"390904","delomradenavn":"Byskogen","kommunenummer":"3909"}},{"type":"Polygon","arcs":[[-883,-673,-676,-590]],"properties":{"grunnkretsnummer":"39090302","grunnkretsnavn":"Farrishallen","delomradenummer":"390903","delomradenavn":"Torstrand","kommunenummer":"3909"}},{"type":"Polygon","arcs":[[-823,-522,-681,-763]],"properties":{"grunnkretsnummer":"39090608","grunnkretsnavn":"Sjølyst","delomradenummer":"390906","delomradenavn":"Østre Halsen","kommunenummer":"3909"}},{"type":"Polygon","arcs":[[-14,883,-730,-625,-703,-490,884,-713]],"properties":{"grunnkretsnummer":"39091604","grunnkretsnavn":"Torsrød - Brunlanes","delomradenummer":"390916","delomradenavn":"Brunlanes Østre","kommunenummer":"3909"}},{"type":"Polygon","arcs":[[-849,-630,-698,885,-602,-685]],"properties":{"grunnkretsnummer":"39090910","grunnkretsnavn":"Vestmarka","delomradenummer":"390909","delomradenavn":"Nanset Vest","kommunenummer":"3909"}},{"type":"Polygon","arcs":[[886,887,888,-813,-529,-755,-662]],"properties":{"grunnkretsnummer":"39090705","grunnkretsnavn":"Skalleberg","delomradenummer":"390907","delomradenavn":"Tjodalyng","kommunenummer":"3909"}},{"type":"Polygon","arcs":[[-664,-756,-717,-822]],"properties":{"grunnkretsnummer":"39090703","grunnkretsnavn":"Gjerstad","delomradenummer":"390907","delomradenavn":"Tjodalyng","kommunenummer":"3909"}},{"type":"Polygon","arcs":[[-709,-649,-876,-856,-758,-749,-789]],"properties":{"grunnkretsnummer":"39090806","grunnkretsnavn":"Hovlandbanen","delomradenummer":"390908","delomradenavn":"Nanset Øst","kommunenummer":"3909"}},{"type":"Polygon","arcs":[[889,-678,-481,-544]],"properties":{"grunnkretsnummer":"39090603","grunnkretsnavn":"Drengsskogen","delomradenummer":"390906","delomradenavn":"Østre Halsen","kommunenummer":"3909"}},{"type":"Polygon","arcs":[[-782,-744,-606,-748,-52,890,-841,891]],"properties":{"grunnkretsnummer":"39091706","grunnkretsnavn":"Berg","delomradenummer":"390917","delomradenavn":"Lardal","kommunenummer":"3909"}},{"type":"Polygon","arcs":[[-469,-727,-667,-882]],"properties":{"grunnkretsnummer":"39090403","grunnkretsnavn":"Skrenten vest","delomradenummer":"390904","delomradenavn":"Byskogen","kommunenummer":"3909"}},{"type":"Polygon","arcs":[[892,893,-488,-666,-638,-637,-852,894]],"properties":{"grunnkretsnummer":"39091606","grunnkretsnavn":"Grevle-Enigheten","delomradenummer":"390916","delomradenavn":"Brunlanes Østre","kommunenummer":"3909"}},{"type":"Polygon","arcs":[[-825,-632,-578,-896]],"properties":{"grunnkretsnummer":"39091102","grunnkretsnavn":"Bonnegolt","delomradenummer":"390911","delomradenavn":"Kvelde","kommunenummer":"3909"}},{"type":"Polygon","arcs":[[-764,-679,-890,-543,-542,-742,-741]],"properties":{"grunnkretsnummer":"39090604","grunnkretsnavn":"Bergeskogen","delomradenummer":"390906","delomradenavn":"Østre Halsen","kommunenummer":"3909"}},{"type":"Polygon","arcs":[[-13,-568,-724,-723,-743,-545,-485,-570,-729,-728,-884]],"properties":{"grunnkretsnummer":"39091603","grunnkretsnavn":"Agnes-Brunla","delomradenummer":"390916","delomradenavn":"Brunlanes Østre","kommunenummer":"3909"}},{"type":"Polygon","arcs":[[-655,-654,896,-898,-899,-900,-504,-873,-872]],"properties":{"grunnkretsnummer":"39091402","grunnkretsnavn":"Nevlunghamn","delomradenummer":"390914","delomradenavn":"Brunlanes Vestre","kommunenummer":"3909"}},{"type":"Polygon","arcs":[[-901,-133,-783,-892,-840,-836]],"properties":{"grunnkretsnummer":"39091707","grunnkretsnavn":"Smukkestad","delomradenummer":"390917","delomradenavn":"Lardal","kommunenummer":"3909"}},{"type":"Polygon","arcs":[[-790,-787,-759,-710]],"properties":{"grunnkretsnummer":"39090901","grunnkretsnavn":"Nanset vest 1","delomradenummer":"390909","delomradenavn":"Nanset Vest","kommunenummer":"3909"}},{"type":"Polygon","arcs":[[-769,-845,-830,-857,-694,901]],"properties":{"grunnkretsnummer":"39091008","grunnkretsnavn":"Melø","delomradenummer":"390910","delomradenavn":"Hedrum Øst","kommunenummer":"3909"}},{"type":"Polygon","arcs":[[-894,-893,902,-690,-716,-715,-714,-885,-489]],"properties":{"grunnkretsnummer":"39091607","grunnkretsnavn":"Raugland-Røvika","delomradenummer":"390916","delomradenavn":"Brunlanes Østre","kommunenummer":"3909"}},{"type":"Polygon","arcs":[[903,904,905]],"properties":{"grunnkretsnummer":"39070713","grunnkretsnavn":"Kråkås","delomradenummer":"390707","delomradenavn":"Breidablikk","kommunenummer":"3907"}},{"type":"Polygon","arcs":[[-697,-708,-795,-880,-701,-475,-597,-886]],"properties":{"grunnkretsnummer":"39090909","grunnkretsnavn":"Danmark","delomradenummer":"390909","delomradenavn":"Nanset Vest","kommunenummer":"3909"}},{"type":"Polygon","arcs":[[-907,-878,-737,-647,-908]],"properties":{"grunnkretsnummer":"39091711","grunnkretsnavn":"Bø","delomradenummer":"390917","delomradenavn":"Lardal","kommunenummer":"3909"}},{"type":"Polygon","arcs":[[-760,-120,-820,-850,-492]],"properties":{"grunnkretsnummer":"39090201","grunnkretsnavn":"Bøkelia","delomradenummer":"390902","delomradenavn":"Hovedbyen","kommunenummer":"3909"}},{"type":"Polygon","arcs":[[-770,-902,-693,-628,-853]],"properties":{"grunnkretsnummer":"39091103","grunnkretsnavn":"Gjønnes","delomradenummer":"390911","delomradenavn":"Kvelde","kommunenummer":"3909"}},{"type":"Polygon","arcs":[[908,909,-800,910,911,912]],"properties":{"grunnkretsnummer":"39071104","grunnkretsnavn":"Varden 3","delomradenummer":"390711","delomradenavn":"Vesterøy","kommunenummer":"3907"}},{"type":"Polygon","arcs":[[913,914,915,916,917,918,919,920]],"properties":{"grunnkretsnummer":"39070802","grunnkretsnavn":"Herre-Unneberg","delomradenummer":"390708","delomradenavn":"From","kommunenummer":"3907"}},{"type":"Polygon","arcs":[[921,922,923,924,925]],"properties":{"grunnkretsnummer":"39070415","grunnkretsnavn":"Krokemoa 3","delomradenummer":"390704","delomradenavn":"Bugården","kommunenummer":"3907"}},{"type":"Polygon","arcs":[[926,927,928,929,930]],"properties":{"grunnkretsnummer":"39071204","grunnkretsnavn":"Rismyr","delomradenummer":"390712","delomradenavn":"Kodal","kommunenummer":"3907"}},{"type":"Polygon","arcs":[[931,932,933,934,935]],"properties":{"grunnkretsnummer":"39070503","grunnkretsnavn":"Hem","delomradenummer":"390705","delomradenavn":"Haukerød","kommunenummer":"3907"}},{"type":"Polygon","arcs":[[936,937,-796,938]],"properties":{"grunnkretsnummer":"39071008","grunnkretsnavn":"Myhre","delomradenummer":"390710","delomradenavn":"Østerøy","kommunenummer":"3907"}},{"type":"Polygon","arcs":[[939,940,941,942,943,944,945,946,947]],"properties":{"grunnkretsnummer":"39071301","grunnkretsnavn":"Skjelland","delomradenummer":"390713","delomradenavn":"Andebu","kommunenummer":"3907"}},{"type":"Polygon","arcs":[[948,949,950,951,952,953]],"properties":{"grunnkretsnummer":"39070903","grunnkretsnavn":"Solløkka","delomradenummer":"390709","delomradenavn":"Helgerød","kommunenummer":"3907"}},{"type":"Polygon","arcs":[[954,955,956,-942]],"properties":{"grunnkretsnummer":"39071304","grunnkretsnavn":"Askjem","delomradenummer":"390713","delomradenavn":"Andebu","kommunenummer":"3907"}},{"type":"Polygon","arcs":[[-276,-450,957,958,959,960,961,-4,-433]],"properties":{"grunnkretsnummer":"39071710","grunnkretsnavn":"Tori","delomradenummer":"390717","delomradenavn":"Skjee","kommunenummer":"3907"}},{"type":"Polygon","arcs":[[962,-919,963,-904,964,965,966]],"properties":{"grunnkretsnummer":"39070711","grunnkretsnavn":"Hasleskogen","delomradenummer":"390707","delomradenavn":"Breidablikk","kommunenummer":"3907"}},{"type":"Polygon","arcs":[[967,968,969,970,-60]],"properties":{"grunnkretsnummer":"39071407","grunnkretsnavn":"Skjelbred Andebu","delomradenummer":"390714","delomradenavn":"Høyjord - Vestre Andebu","kommunenummer":"3907"}},{"type":"Polygon","arcs":[[-810,-734,971,972,973,974,-846,-767]],"properties":{"grunnkretsnummer":"39071201","grunnkretsnavn":"Gjerstad","delomradenummer":"390712","delomradenavn":"Kodal","kommunenummer":"3907"}},{"type":"Polygon","arcs":[[975,976,977,-966,978,979,980,981]],"properties":{"grunnkretsnummer":"39070710","grunnkretsnavn":"Breidablikk","delomradenummer":"390707","delomradenavn":"Breidablikk","kommunenummer":"3907"}},{"type":"Polygon","arcs":[[-938,982,983,984,985,-797]],"properties":{"grunnkretsnummer":"39071010","grunnkretsnavn":"Busk","delomradenummer":"390710","delomradenavn":"Østerøy","kommunenummer":"3907"}},{"type":"Polygon","arcs":[[-5,-962,986,987]],"properties":{"grunnkretsnummer":"39071708","grunnkretsnavn":"Fossnes","delomradenummer":"390717","delomradenavn":"Skjee","kommunenummer":"3907"}},{"type":"Polygon","arcs":[[988,989,990,-914,991,992]],"properties":{"grunnkretsnummer":"39070804","grunnkretsnavn":"Lingelem","delomradenummer":"390708","delomradenavn":"From","kommunenummer":"3907"}},{"type":"Polygon","arcs":[[993,994,995,996,-660,-780,997]],"properties":{"grunnkretsnummer":"39070507","grunnkretsnavn":"Elgesem","delomradenummer":"390705","delomradenavn":"Haukerød","kommunenummer":"3907"}},{"type":"Polygon","arcs":[[998,999,1000,1001]],"properties":{"grunnkretsnummer":"39070203","grunnkretsnavn":"Virikskogen","delomradenummer":"390702","delomradenavn":"Hystad","kommunenummer":"3907"}},{"type":"Polygon","arcs":[[1002,1003,-967,-978]],"properties":{"grunnkretsnummer":"39070709","grunnkretsnavn":"Pina","delomradenummer":"390707","delomradenavn":"Breidablikk","kommunenummer":"3907"}},{"type":"Polygon","arcs":[[1004,-913,1005,1006,1007]],"properties":{"grunnkretsnummer":"39071103","grunnkretsnavn":"Kamfjordåsen","delomradenummer":"390711","delomradenavn":"Vesterøy","kommunenummer":"3907"}},{"type":"Polygon","arcs":[[-975,1008,1009,-847]],"properties":{"grunnkretsnummer":"39071202","grunnkretsnavn":"Hvitstein","delomradenummer":"390712","delomradenavn":"Kodal","kommunenummer":"3907"}},{"type":"Polygon","arcs":[[1010,-1003,-977,1011]],"properties":{"grunnkretsnummer":"39070708","grunnkretsnavn":"Nybakken","delomradenummer":"390707","delomradenavn":"Breidablikk","kommunenummer":"3907"}},{"type":"Polygon","arcs":[[1012,1013,1014,1015,-618,1016,1017,1018,1019,1020,1021,-1000]],"properties":{"grunnkretsnummer":"39070204","grunnkretsnavn":"Ranvik","delomradenummer":"390702","delomradenavn":"Hystad","kommunenummer":"3907"}},{"type":"Polygon","arcs":[[1022,1023,1024,1025,1026,1027,1028,1029,1030]],"properties":{"grunnkretsnummer":"39071014","grunnkretsnavn":"Yxnøy","delomradenummer":"390710","delomradenavn":"Østerøy","kommunenummer":"3907"}},{"type":"Polygon","arcs":[[1031,1032,1033,1034,1035,-1008,1036,1037,-612]],"properties":{"grunnkretsnummer":"39071101","grunnkretsnavn":"Kilen","delomradenummer":"390711","delomradenavn":"Vesterøy","kommunenummer":"3907"}},{"type":"Polygon","arcs":[[1038,1039,1040,1041,1042]],"properties":{"grunnkretsnummer":"39071111","grunnkretsnavn":"Vindal","delomradenummer":"390711","delomradenavn":"Vesterøy","kommunenummer":"3907"}},{"type":"Polygon","arcs":[[-294,-359,1043,1044,1045,1046,-958,-449]],"properties":{"grunnkretsnummer":"39071701","grunnkretsnavn":"Stein","delomradenummer":"390717","delomradenavn":"Skjee","kommunenummer":"3907"}},{"type":"Polygon","arcs":[[1047,-920,-963,-1004,-1011,1048]],"properties":{"grunnkretsnummer":"39070707","grunnkretsnavn":"Hovland","delomradenummer":"390707","delomradenavn":"Breidablikk","kommunenummer":"3907"}},{"type":"Polygon","arcs":[[1049,1050,1051,1052]],"properties":{"grunnkretsnummer":"39070109","grunnkretsnavn":"Øvre Bjerggata","delomradenummer":"390701","delomradenavn":"Sentrum","kommunenummer":"3907"}},{"type":"Polygon","arcs":[[1053,1054,-948,1055,1056]],"properties":{"grunnkretsnummer":"39071401","grunnkretsnavn":"Bråvold","delomradenummer":"390714","delomradenavn":"Høyjord - Vestre Andebu","kommunenummer":"3907"}},{"type":"Polygon","arcs":[[1057,1058,1059,1060,1061,1062,1063]],"properties":{"grunnkretsnummer":"39071602","grunnkretsnavn":"Stavnum","delomradenummer":"390716","delomradenavn":"Stokke","kommunenummer":"3907"}},{"type":"Polygon","arcs":[[1064,1065,1066,1067,1068,1069,1070,1071]],"properties":{"grunnkretsnummer":"39070701","grunnkretsnavn":"Mo","delomradenummer":"390707","delomradenavn":"Breidablikk","kommunenummer":"3907"}},{"type":"Polygon","arcs":[[-51,-971,1072,1073,-732,-842,-891]],"properties":{"grunnkretsnummer":"39071404","grunnkretsnavn":"Dalsroa","delomradenummer":"390714","delomradenavn":"Høyjord - Vestre Andebu","kommunenummer":"3907"}},{"type":"Polygon","arcs":[[1074,1075,1076,1077]],"properties":{"grunnkretsnummer":"39070412","grunnkretsnavn":"Bugården 1","delomradenummer":"390704","delomradenavn":"Bugården","kommunenummer":"3907"}},{"type":"Polygon","arcs":[[-945,1078,1079,-928,1080]],"properties":{"grunnkretsnummer":"39071705","grunnkretsnavn":"Horntvedt","delomradenummer":"390717","delomradenavn":"Skjee","kommunenummer":"3907"}},{"type":"Polygon","arcs":[[1081,1082,1083,1084]],"properties":{"grunnkretsnummer":"39070604","grunnkretsnavn":"Hotvedt","delomradenummer":"390706","delomradenavn":"Fevang","kommunenummer":"3907"}},{"type":"Polygon","arcs":[[1085,1086,1087,-1013,-999,1088]],"properties":{"grunnkretsnummer":"39070201","grunnkretsnavn":"Virik","delomradenummer":"390702","delomradenavn":"Hystad","kommunenummer":"3907"}},{"type":"Polygon","arcs":[[1089,1090,1091,1092,1093]],"properties":{"grunnkretsnummer":"39070106","grunnkretsnavn":"Aagaard","delomradenummer":"390701","delomradenavn":"Sentrum","kommunenummer":"3907"}},{"type":"Polygon","arcs":[[1094,1095,1096,1097,-1041]],"properties":{"grunnkretsnummer":"39071113","grunnkretsnavn":"Huseby","delomradenummer":"390711","delomradenavn":"Vesterøy","kommunenummer":"3907"}},{"type":"Polygon","arcs":[[1098,1099,-940,-1055]],"properties":{"grunnkretsnummer":"39071302","grunnkretsnavn":"Døvle","delomradenummer":"390713","delomradenavn":"Andebu","kommunenummer":"3907"}},{"type":"Polygon","arcs":[[1100,-960,1101,-806,1102,1103,-929,-1080]],"properties":{"grunnkretsnummer":"39071704","grunnkretsnavn":"Skjelbred Stokke","delomradenummer":"390717","delomradenavn":"Skjee","kommunenummer":"3907"}},{"type":"Polygon","arcs":[[1104,-998,-779,-828]],"properties":{"grunnkretsnummer":"39070506","grunnkretsnavn":"Solberg","delomradenummer":"390705","delomradenavn":"Haukerød","kommunenummer":"3907"}},{"type":"Polygon","arcs":[[1105,1106,-1058,1107,1108]],"properties":{"grunnkretsnummer":"39071606","grunnkretsnavn":"Jevnaker","delomradenummer":"390716","delomradenavn":"Stokke","kommunenummer":"3907"}},{"type":"Polygon","arcs":[[-925,1109,1110,1111]],"properties":{"grunnkretsnummer":"39070304","grunnkretsnavn":"Kroken","delomradenummer":"390703","delomradenavn":"Førstad","kommunenummer":"3907"}},{"type":"Polygon","arcs":[[1112,-1043,1113,-614]],"properties":{"grunnkretsnummer":"39071110","grunnkretsnavn":"Vestre Rød","delomradenummer":"390711","delomradenavn":"Vesterøy","kommunenummer":"3907"}},{"type":"Polygon","arcs":[[1114,1115,-1014,-1088]],"properties":{"grunnkretsnummer":"39070202","grunnkretsnavn":"Ranvikåsen","delomradenummer":"390702","delomradenavn":"Hystad","kommunenummer":"3907"}},{"type":"Polygon","arcs":[[1116,1117,1118,1119,1120]],"properties":{"grunnkretsnummer":"39071004","grunnkretsnavn":"Gokstad","delomradenummer":"390710","delomradenavn":"Østerøy","kommunenummer":"3907"}},{"type":"Polygon","arcs":[[1121,1122,1123,-1093,1124,1125,1126,1127,1128,-1115,-1087]],"properties":{"grunnkretsnummer":"39070112","grunnkretsnavn":"Hjertnes","delomradenummer":"390701","delomradenavn":"Sentrum","kommunenummer":"3907"}},{"type":"Polygon","arcs":[[1129,1130,1131,1132,-1066,1133]],"properties":{"grunnkretsnummer":"39070702","grunnkretsnavn":"Husly","delomradenummer":"390707","delomradenavn":"Breidablikk","kommunenummer":"3907"}},{"type":"Polygon","arcs":[[1134,-1006,-912,-911,1135,1136,1137,1138,1139]],"properties":{"grunnkretsnummer":"39071105","grunnkretsnavn":"Varden 2","delomradenummer":"390711","delomradenavn":"Vesterøy","kommunenummer":"3907"}},{"type":"Polygon","arcs":[[1140,-1001,-1022,1141,1142,1143,1144,-888,1145]],"properties":{"grunnkretsnummer":"39070205","grunnkretsnavn":"Store Bergan","delomradenummer":"390702","delomradenavn":"Hystad","kommunenummer":"3907"}},{"type":"Polygon","arcs":[[-1129,-1128,-619,-1016,-1015,-1116]],"properties":{"grunnkretsnummer":"39070113","grunnkretsnavn":"Stub","delomradenummer":"390701","delomradenavn":"Sentrum","kommunenummer":"3907"}},{"type":"Polygon","arcs":[[-1145,1146,1147,1148,1149,-867,-814,-889]],"properties":{"grunnkretsnummer":"39070214","grunnkretsnavn":"Belgau","delomradenummer":"390702","delomradenavn":"Hystad","kommunenummer":"3907"}},{"type":"Polygon","arcs":[[-970,1150,1151,1152,-1099,-1054,1153,-1073]],"properties":{"grunnkretsnummer":"39071405","grunnkretsnavn":"Bøen","delomradenummer":"390714","delomradenavn":"Høyjord - Vestre Andebu","kommunenummer":"3907"}},{"type":"Polygon","arcs":[[-991,1154,-1063,1155,1156,-915]],"properties":{"grunnkretsnummer":"39070803","grunnkretsnavn":"Råstad","delomradenummer":"390708","delomradenavn":"From","kommunenummer":"3907"}},{"type":"Polygon","arcs":[[1157,-868,-1150]],"properties":{"grunnkretsnummer":"39070213","grunnkretsnavn":"Åsane","delomradenummer":"390702","delomradenavn":"Hystad","kommunenummer":"3907"}},{"type":"Polygon","arcs":[[1158,1159,-1067,-1133]],"properties":{"grunnkretsnummer":"39070703","grunnkretsnavn":"Mosserød","delomradenummer":"390707","delomradenavn":"Breidablikk","kommunenummer":"3907"}},{"type":"Polygon","arcs":[[1160,-1018,-1017,-617,1161,1162,1163,1164,-1147,-1144,1165]],"properties":{"grunnkretsnummer":"39070209","grunnkretsnavn":"Hystadstranda","delomradenummer":"390702","delomradenavn":"Hystad","kommunenummer":"3907"}},{"type":"Polygon","arcs":[[1166,1167,1168,-1069]],"properties":{"grunnkretsnummer":"39070717","grunnkretsnavn":"Øvre Lunden","delomradenummer":"390707","delomradenavn":"Breidablikk","kommunenummer":"3907"}},{"type":"Polygon","arcs":[[-776,-658]],"properties":{"grunnkretsnummer":"39070306","grunnkretsnavn":"Himberg","delomradenummer":"390703","delomradenavn":"Førstad","kommunenummer":"3907"}},{"type":"Polygon","arcs":[[1169,1170,-1071,1171,1172,1173]],"properties":{"grunnkretsnummer":"39070408","grunnkretsnavn":"Mo vest","delomradenummer":"390704","delomradenavn":"Bugården","kommunenummer":"3907"}},{"type":"Polygon","arcs":[[1174,-1094,-1124,1175]],"properties":{"grunnkretsnummer":"39070105","grunnkretsnavn":"Rukla","delomradenummer":"390701","delomradenavn":"Sentrum","kommunenummer":"3907"}},{"type":"Polygon","arcs":[[1176,1177,-1098,1178,-46,-45,1179,-1163]],"properties":{"grunnkretsnummer":"39071116","grunnkretsnavn":"Asnes","delomradenummer":"390711","delomradenavn":"Vesterøy","kommunenummer":"3907"}},{"type":"Polygon","arcs":[[1180,-917,1181,1182,1183,-1118]],"properties":{"grunnkretsnummer":"39071005","grunnkretsnavn":"Freberg","delomradenummer":"390710","delomradenavn":"Østerøy","kommunenummer":"3907"}},{"type":"Polygon","arcs":[[-964,-918,-1181,-1117,1184,1185,-905]],"properties":{"grunnkretsnummer":"39070801","grunnkretsnavn":"Unneberg","delomradenummer":"390708","delomradenavn":"From","kommunenummer":"3907"}},{"type":"Polygon","arcs":[[1186,1187,1188,1189,1190,-1076]],"properties":{"grunnkretsnummer":"39070402","grunnkretsnavn":"Bugården 3","delomradenummer":"390704","delomradenavn":"Bugården","kommunenummer":"3907"}},{"type":"Polygon","arcs":[[1191,1192,-951,1193,1194,-984,1195]],"properties":{"grunnkretsnummer":"39071011","grunnkretsnavn":"Sjuvenga","delomradenummer":"390710","delomradenavn":"Østerøy","kommunenummer":"3907"}},{"type":"Polygon","arcs":[[1196,-1119,-1184,1197,-1196,-983,-937]],"properties":{"grunnkretsnummer":"39071007","grunnkretsnavn":"Høgenhall","delomradenummer":"390710","delomradenavn":"Østerøy","kommunenummer":"3907"}},{"type":"Polygon","arcs":[[1198,-1020]],"properties":{"grunnkretsnummer":"39070206","grunnkretsnavn":"Sjøstrand","delomradenummer":"390702","delomradenavn":"Hystad","kommunenummer":"3907"}},{"type":"Polygon","arcs":[[1199,1200,1201,-923]],"properties":{"grunnkretsnummer":"39070414","grunnkretsnavn":"Krokemoa 1","delomradenummer":"390704","delomradenavn":"Bugården","kommunenummer":"3907"}},{"type":"Polygon","arcs":[[-1024,1202,-809,-506,-871,1203,1204,1205]],"properties":{"grunnkretsnummer":"39071119","grunnkretsnavn":"Langeby","delomradenummer":"390711","delomradenavn":"Vesterøy","kommunenummer":"3907"}},{"type":"Polygon","arcs":[[-1169,1206,1207,1208,1209,1210,1211,-1189,1212]],"properties":{"grunnkretsnummer":"39070101","grunnkretsnavn":"Solbakken","delomradenummer":"390701","delomradenavn":"Sentrum","kommunenummer":"3907"}},{"type":"Polygon","arcs":[[-980,1213,-1185,-1121,1214,1215,1216]],"properties":{"grunnkretsnummer":"39071001","grunnkretsnavn":"Øvre Gokstad","delomradenummer":"390710","delomradenavn":"Østerøy","kommunenummer":"3907"}},{"type":"Polygon","arcs":[[1217,-993,1218,1219,-1083,1220]],"properties":{"grunnkretsnummer":"39070603","grunnkretsnavn":"Fokserød","delomradenummer":"390706","delomradenavn":"Fevang","kommunenummer":"3907"}},{"type":"Polygon","arcs":[[-930,-1104,1221,-1221,-1082,1222,-833,1223]],"properties":{"grunnkretsnummer":"39070601","grunnkretsnavn":"Vaggestad","delomradenummer":"390706","delomradenavn":"Fevang","kommunenummer":"3907"}},{"type":"Polygon","arcs":[[1224,1225,1226,1227,-1025,-1206,-1205,-1204,1228,-43]],"properties":{"grunnkretsnummer":"39071118","grunnkretsnavn":"Buer","delomradenummer":"390711","delomradenavn":"Vesterøy","kommunenummer":"3907"}},{"type":"Polygon","arcs":[[-364,1229,1230,1231,1232,1233,1234,1235,1236,1237,1238,-1044,-365]],"properties":{"grunnkretsnummer":"39071503","grunnkretsnavn":"Gile","delomradenummer":"390715","delomradenavn":"Melsom","kommunenummer":"3907"}},{"type":"Polygon","arcs":[[1239,1240,1241,1242,1243,-1059,-1107]],"properties":{"grunnkretsnummer":"39071608","grunnkretsnavn":"Sole","delomradenummer":"390716","delomradenavn":"Stokke","kommunenummer":"3907"}},{"type":"Polygon","arcs":[[-832,-844,-1010,1244,-931,-1224]],"properties":{"grunnkretsnummer":"39071203","grunnkretsnavn":"Trevland","delomradenummer":"390712","delomradenavn":"Kodal","kommunenummer":"3907"}},{"type":"Polygon","arcs":[[1245,1246,-952,-1193,-1192,-1198,-1183]],"properties":{"grunnkretsnummer":"39071006","grunnkretsnavn":"Lahelle","delomradenummer":"390710","delomradenavn":"Østerøy","kommunenummer":"3907"}},{"type":"Polygon","arcs":[[-916,-1157,1247,1248,-954,-953,-1247,-1246,-1182]],"properties":{"grunnkretsnummer":"39070901","grunnkretsnavn":"Helgerød","delomradenummer":"390709","delomradenavn":"Helgerød","kommunenummer":"3907"}},{"type":"Polygon","arcs":[[1249,-1065,1250,1251,1252,-933]],"properties":{"grunnkretsnummer":"39070501","grunnkretsnavn":"Haukerød","delomradenummer":"390705","delomradenavn":"Haukerød","kommunenummer":"3907"}},{"type":"Polygon","arcs":[[-1160,1253,-1012,-976,1254,-1167,-1068]],"properties":{"grunnkretsnummer":"39070716","grunnkretsnavn":"Rosenlund","delomradenummer":"390707","delomradenavn":"Breidablikk","kommunenummer":"3907"}},{"type":"Polygon","arcs":[[-1175,1255,1256]],"properties":{"grunnkretsnummer":"39070104","grunnkretsnavn":"Nybyen","delomradenummer":"390701","delomradenavn":"Sentrum","kommunenummer":"3907"}},{"type":"Polygon","arcs":[[-968,-59,-191,1257,1258,-1152,1259]],"properties":{"grunnkretsnummer":"39071408","grunnkretsnavn":"Heimdal Andebu","delomradenummer":"390714","delomradenavn":"Høyjord - Vestre Andebu","kommunenummer":"3907"}},{"type":"Polygon","arcs":[[1260,-935,1261,-994,-1105,-835]],"properties":{"grunnkretsnummer":"39070505","grunnkretsnavn":"Bø","delomradenummer":"390705","delomradenavn":"Haukerød","kommunenummer":"3907"}},{"type":"Polygon","arcs":[[1262,-1046,1263,1264,1265,-803]],"properties":{"grunnkretsnummer":"39071702","grunnkretsnavn":"Gjennestad","delomradenummer":"390717","delomradenavn":"Skjee","kommunenummer":"3907"}},{"type":"Polygon","arcs":[[1266,-1166,-1143]],"properties":{"grunnkretsnummer":"39070208","grunnkretsnavn":"Hystad","delomradenummer":"390702","delomradenavn":"Hystad","kommunenummer":"3907"}},{"type":"Polygon","arcs":[[1267,-909,-1005,-1036]],"properties":{"grunnkretsnummer":"39071102","grunnkretsnavn":"Kamfjord","delomradenummer":"390711","delomradenavn":"Vesterøy","kommunenummer":"3907"}},{"type":"Polygon","arcs":[[-1074,-1154,-1057,1268,-972,-733]],"properties":{"grunnkretsnummer":"39071403","grunnkretsnavn":"Torp","delomradenummer":"390714","delomradenavn":"Høyjord - Vestre Andebu","kommunenummer":"3907"}},{"type":"Polygon","arcs":[[1269,1270,1271,-1258,-190,-388]],"properties":{"grunnkretsnummer":"39071306","grunnkretsnavn":"Gran","delomradenummer":"390713","delomradenavn":"Andebu","kommunenummer":"3907"}},{"type":"Polygon","arcs":[[1272,-1053,1273,-1125,-1092]],"properties":{"grunnkretsnummer":"39070108","grunnkretsnavn":"Sentrum","delomradenummer":"390701","delomradenavn":"Sentrum","kommunenummer":"3907"}},{"type":"Polygon","arcs":[[-1208,1274,1275,-1050,-1273,-1091,1276]],"properties":{"grunnkretsnummer":"39070107","grunnkretsnavn":"Prestejordet","delomradenummer":"390701","delomradenavn":"Sentrum","kommunenummer":"3907"}},{"type":"Polygon","arcs":[[1277,1278,1279,-1138,1280,1281,-1096]],"properties":{"grunnkretsnummer":"39071114","grunnkretsnavn":"Ormestadvika","delomradenummer":"390711","delomradenavn":"Vesterøy","kommunenummer":"3907"}},{"type":"Polygon","arcs":[[-799,-798,-986,1282,1283,-1136]],"properties":{"grunnkretsnummer":"39071012","grunnkretsnavn":"Hafallen","delomradenummer":"390710","delomradenavn":"Østerøy","kommunenummer":"3907"}},{"type":"Polygon","arcs":[[-1097,-1282,-1281,1284,-1227,-1226,-1225,-42,-41,-1179]],"properties":{"grunnkretsnummer":"39071115","grunnkretsnavn":"Holtan Sandefjord","delomradenummer":"390711","delomradenavn":"Vesterøy","kommunenummer":"3907"}},{"type":"Polygon","arcs":[[1285,1286,-1075,1287,1288]],"properties":{"grunnkretsnummer":"39070406","grunnkretsnavn":"Nygård 1","delomradenummer":"390704","delomradenavn":"Bugården","kommunenummer":"3907"}},{"type":"Polygon","arcs":[[1289,-1210,1290,-1256,-1176,-1123,1291]],"properties":{"grunnkretsnummer":"39070102","grunnkretsnavn":"Ekeberg","delomradenummer":"390701","delomradenavn":"Sentrum","kommunenummer":"3907"}},{"type":"Polygon","arcs":[[-1238,1292,-1241,1293]],"properties":{"grunnkretsnummer":"39071505","grunnkretsnavn":"Vadum","delomradenummer":"390715","delomradenavn":"Melsom","kommunenummer":"3907"}},{"type":"Polygon","arcs":[[1294,-1049,-1254,-1159,-1132]],"properties":{"grunnkretsnummer":"39070704","grunnkretsnavn":"Legdås","delomradenummer":"390707","delomradenavn":"Breidablikk","kommunenummer":"3907"}},{"type":"Polygon","arcs":[[1295,1296,1297,1298,1299,1300]],"properties":{"grunnkretsnummer":"39070906","grunnkretsnavn":"Årø","delomradenummer":"390709","delomradenavn":"Helgerød","kommunenummer":"3907"}},{"type":"Polygon","arcs":[[1301,-1140,-1139,-1280,-1279]],"properties":{"grunnkretsnummer":"39071106","grunnkretsnavn":"Varden 1","delomradenummer":"390711","delomradenavn":"Vesterøy","kommunenummer":"3907"}},{"type":"Polygon","arcs":[[-1190,-1212,1302]],"properties":{"grunnkretsnummer":"39070403","grunnkretsnavn":"Kapteinløkka","delomradenummer":"390704","delomradenavn":"Bugården","kommunenummer":"3907"}},{"type":"Polygon","arcs":[[-1158,-1149,1303,1304,-1229,-870,-869]],"properties":{"grunnkretsnummer":"39070211","grunnkretsnavn":"Granholmen","delomradenummer":"390702","delomradenavn":"Hystad","kommunenummer":"3907"}},{"type":"Polygon","arcs":[[-1021,-1199,-1019,-1161,-1267,-1142]],"properties":{"grunnkretsnummer":"39070207","grunnkretsnavn":"Lystad","delomradenummer":"390702","delomradenavn":"Hystad","kommunenummer":"3907"}},{"type":"Polygon","arcs":[[-1255,-982,1305,-1275,-1207,-1168]],"properties":{"grunnkretsnummer":"39070715","grunnkretsnavn":"Åsen","delomradenummer":"390707","delomradenavn":"Breidablikk","kommunenummer":"3907"}},{"type":"Polygon","arcs":[[-934,-1253,1306,1307,-995,-1262]],"properties":{"grunnkretsnummer":"39070502","grunnkretsnavn":"Lasken","delomradenummer":"390705","delomradenavn":"Haukerød","kommunenummer":"3907"}},{"type":"Polygon","arcs":[[1308,-1173,-1187,-1287]],"properties":{"grunnkretsnummer":"39070405","grunnkretsnavn":"Bugården 2","delomradenummer":"390704","delomradenavn":"Bugården","kommunenummer":"3907"}},{"type":"Polygon","arcs":[[-1070,-1213,-1188,-1172]],"properties":{"grunnkretsnummer":"39070401","grunnkretsnavn":"Frydenlund","delomradenummer":"390704","delomradenavn":"Bugården","kommunenummer":"3907"}},{"type":"Polygon","arcs":[[-959,-1047,-1263,-802,-1102]],"properties":{"grunnkretsnummer":"39071703","grunnkretsnavn":"Balsborge","delomradenummer":"390717","delomradenavn":"Skjee","kommunenummer":"3907"}},{"type":"Polygon","arcs":[[-1111,1309,1310,-1089,-1002,-1141,1311]],"properties":{"grunnkretsnummer":"39070303","grunnkretsnavn":"Skiringssal","delomradenummer":"390703","delomradenavn":"Førstad","kommunenummer":"3907"}},{"type":"Polygon","arcs":[[-1156,-1062,1312,1313,1314,1315,1316,1317,1318,-1248]],"properties":{"grunnkretsnummer":"39070902","grunnkretsnavn":"Skåren","delomradenummer":"390709","delomradenavn":"Helgerød","kommunenummer":"3907"}},{"type":"Polygon","arcs":[[-804,-1266,1319,-1108,-1064,-1155,-990,1320]],"properties":{"grunnkretsnummer":"39071603","grunnkretsnavn":"Bredholt","delomradenummer":"390716","delomradenavn":"Stokke","kommunenummer":"3907"}},{"type":"Polygon","arcs":[[1321,1322,1323,1324,-1243,1325,1326,1327]],"properties":{"grunnkretsnummer":"39071506","grunnkretsnavn":"Solnes","delomradenummer":"390715","delomradenavn":"Melsom","kommunenummer":"3907"}},{"type":"Polygon","arcs":[[1328,-1037,-1007,-1135,-1302,-1278,-1095,-1040]],"properties":{"grunnkretsnummer":"39071107","grunnkretsnavn":"Ormestad","delomradenummer":"390711","delomradenavn":"Vesterøy","kommunenummer":"3907"}},{"type":"Polygon","arcs":[[-1274,-1052,1329,1330,1331,-610,-1127,-1126]],"properties":{"grunnkretsnummer":"39070110","grunnkretsnavn":"Gamlebyen","delomradenummer":"390701","delomradenavn":"Sentrum","kommunenummer":"3907"}},{"type":"Polygon","arcs":[[1332,1333,1334,1335,-1317,1336,-1299,-1298,-1297]],"properties":{"grunnkretsnummer":"39070905","grunnkretsnavn":"Enge","delomradenummer":"390709","delomradenavn":"Helgerød","kommunenummer":"3907"}},{"type":"Polygon","arcs":[[-924,-1202,1337,1338,-1310,-1110]],"properties":{"grunnkretsnummer":"39070302","grunnkretsnavn":"Kjellberg","delomradenummer":"390703","delomradenavn":"Førstad","kommunenummer":"3907"}},{"type":"Polygon","arcs":[[-1148,-1165,-1164,-1180,-44,-1305,-1304]],"properties":{"grunnkretsnummer":"39070210","grunnkretsnavn":"Lofterød","delomradenummer":"390702","delomradenavn":"Hystad","kommunenummer":"3907"}},{"type":"Polygon","arcs":[[-1295,-1131,1339]],"properties":{"grunnkretsnummer":"39070705","grunnkretsnavn":"Åbol","delomradenummer":"390707","delomradenavn":"Breidablikk","kommunenummer":"3907"}},{"type":"Polygon","arcs":[[1340,1341,-926,1342,-996]],"properties":{"grunnkretsnummer":"39070416","grunnkretsnavn":"Krokemoa 4","delomradenummer":"390704","delomradenavn":"Bugården","kommunenummer":"3907"}},{"type":"Polygon","arcs":[[-1306,-981,-1217,1343,1344,-1330,-1051,-1276]],"properties":{"grunnkretsnummer":"39070714","grunnkretsnavn":"Prestehagen","delomradenummer":"390707","delomradenavn":"Breidablikk","kommunenummer":"3907"}},{"type":"Polygon","arcs":[[-1244,-1325,-1324,1345,1346,-1060]],"properties":{"grunnkretsnummer":"39071609","grunnkretsnavn":"Storevahr","delomradenummer":"390716","delomradenavn":"Stokke","kommunenummer":"3907"}},{"type":"Polygon","arcs":[[-1327,-1326,-1242,-1293,-1237,-1236,1347,1348]],"properties":{"grunnkretsnummer":"39071504","grunnkretsnavn":"Melsomvik","delomradenummer":"390715","delomradenavn":"Melsom","kommunenummer":"3907"}},{"type":"Polygon","arcs":[[1349,-1292,-1122,-1086,-1311,-1339]],"properties":{"grunnkretsnummer":"39070301","grunnkretsnavn":"Hauan","delomradenummer":"390703","delomradenavn":"Førstad","kommunenummer":"3907"}},{"type":"Polygon","arcs":[[1350,-1271,1351,-956]],"properties":{"grunnkretsnummer":"39071305","grunnkretsnavn":"Gravdal","delomradenummer":"390713","delomradenavn":"Andebu","kommunenummer":"3907"}},{"type":"Polygon","arcs":[[-1153,-1259,-1272,-1351,-955,-941,-1100]],"properties":{"grunnkretsnummer":"39071303","grunnkretsnavn":"Prestegården","delomradenummer":"390713","delomradenavn":"Andebu","kommunenummer":"3907"}},{"type":"Polygon","arcs":[[1352,-1077,-1191,-1303,-1211,-1290,-1350,-1338,-1201]],"properties":{"grunnkretsnummer":"39070404","grunnkretsnavn":"Bugårdsparken","delomradenummer":"390704","delomradenavn":"Bugården","kommunenummer":"3907"}},{"type":"Polygon","arcs":[[-1252,1353,-1170,1354,1355,-1307]],"properties":{"grunnkretsnummer":"39070410","grunnkretsnavn":"Skjelberg-Lasken","delomradenummer":"390704","delomradenavn":"Bugården","kommunenummer":"3907"}},{"type":"Polygon","arcs":[[1356,-1034,1357,-1344,-1216]],"properties":{"grunnkretsnummer":"39071002","grunnkretsnavn":"Breili","delomradenummer":"390710","delomradenavn":"Østerøy","kommunenummer":"3907"}},{"type":"Polygon","arcs":[[-1130,1358,-1219,-992,-921,-1048,-1340]],"properties":{"grunnkretsnummer":"39070706","grunnkretsnavn":"Hjertås","delomradenummer":"390707","delomradenavn":"Breidablikk","kommunenummer":"3907"}},{"type":"Polygon","arcs":[[-1038,-1329,-1039,-1113,-613]],"properties":{"grunnkretsnummer":"39071108","grunnkretsnavn":"Huvik","delomradenummer":"390711","delomradenavn":"Vesterøy","kommunenummer":"3907"}},{"type":"Polygon","arcs":[[-1249,-1319,-1318,-1336,-1335,-1334,1359,-950,-949]],"properties":{"grunnkretsnummer":"39070904","grunnkretsnavn":"Østre Nes","delomradenummer":"390709","delomradenavn":"Helgerød","kommunenummer":"3907"}},{"type":"Polygon","arcs":[[-1035,-1357,-1215,-1120,-1197,-939,-801,-910,-1268]],"properties":{"grunnkretsnummer":"39071003","grunnkretsnavn":"Heimdal Sandefjord","delomradenummer":"390710","delomradenavn":"Østerøy","kommunenummer":"3907"}},{"type":"Polygon","arcs":[[-1355,-1174,-1309,-1286,1360]],"properties":{"grunnkretsnummer":"39070407","grunnkretsnavn":"Nygård 2","delomradenummer":"390704","delomradenavn":"Bugården","kommunenummer":"3907"}},{"type":"Polygon","arcs":[[-969,-1260,-1151]],"properties":{"grunnkretsnummer":"39071406","grunnkretsnavn":"Moa","delomradenummer":"390714","delomradenavn":"Høyjord - Vestre Andebu","kommunenummer":"3907"}},{"type":"Polygon","arcs":[[-1045,-1239,-1294,-1240,-1106,1361,-1264]],"properties":{"grunnkretsnummer":"39071607","grunnkretsnavn":"Holtan Stokke","delomradenummer":"390716","delomradenavn":"Stokke","kommunenummer":"3907"}},{"type":"Polygon","arcs":[[-1209,-1277,-1090,-1257,-1291]],"properties":{"grunnkretsnummer":"39070103","grunnkretsnavn":"Myra","delomradenummer":"390701","delomradenavn":"Sentrum","kommunenummer":"3907"}},{"type":"Polygon","arcs":[[-1352,-1270,-387,-335,-6,-988,1362,-943,-957]],"properties":{"grunnkretsnummer":"39071707","grunnkretsnavn":"Borgen","delomradenummer":"390717","delomradenavn":"Skjee","kommunenummer":"3907"}},{"type":"Polygon","arcs":[[-1362,-1109,-1320,-1265]],"properties":{"grunnkretsnummer":"39071605","grunnkretsnavn":"Bokemoa","delomradenummer":"390716","delomradenavn":"Stokke","kommunenummer":"3907"}},{"type":"Polygon","arcs":[[-1316,-1315,-1314,-1313,-1061,-1347,-1346,-1323,1363,1364,1365]],"properties":{"grunnkretsnummer":"39071601","grunnkretsnavn":"Feen","delomradenummer":"390716","delomradenavn":"Stokke","kommunenummer":"3907"}},{"type":"Polygon","arcs":[[-616,-615,-1114,-1042,-1178,-1177,-1162]],"properties":{"grunnkretsnummer":"39071112","grunnkretsnavn":"Vera","delomradenummer":"390711","delomradenavn":"Vesterøy","kommunenummer":"3907"}},{"type":"Polygon","arcs":[[1366,-946,-1081,-927,-1245,-1009,-974]],"properties":{"grunnkretsnummer":"39071205","grunnkretsnavn":"Prestbøen","delomradenummer":"390712","delomradenavn":"Kodal","kommunenummer":"3907"}},{"type":"Polygon","arcs":[[-965,-906,-1186,-1214,-979]],"properties":{"grunnkretsnummer":"39070712","grunnkretsnavn":"Hasle","delomradenummer":"390707","delomradenavn":"Breidablikk","kommunenummer":"3907"}},{"type":"Polygon","arcs":[[-1356,-1361,-1289,1367,-1341,-1308]],"properties":{"grunnkretsnummer":"39070411","grunnkretsnavn":"Pindsle","delomradenummer":"390704","delomradenavn":"Bugården","kommunenummer":"3907"}},{"type":"Polygon","arcs":[[-661,-997,-1343,-1112,-1312,-1146,-887]],"properties":{"grunnkretsnummer":"39070305","grunnkretsnavn":"Førstad","delomradenummer":"390703","delomradenavn":"Førstad","kommunenummer":"3907"}},{"type":"Polygon","arcs":[[-1220,-1359,-1134,-1250,-932,-1084]],"properties":{"grunnkretsnummer":"39070605","grunnkretsnavn":"Klinestad","delomradenummer":"390706","delomradenavn":"Fevang","kommunenummer":"3907"}},{"type":"Polygon","arcs":[[-834,-1223,-1085,-936,-1261]],"properties":{"grunnkretsnummer":"39070504","grunnkretsnavn":"Klavenes","delomradenummer":"390705","delomradenavn":"Haukerød","kommunenummer":"3907"}},{"type":"Polygon","arcs":[[-1251,-1072,-1171,-1354]],"properties":{"grunnkretsnummer":"39070409","grunnkretsnavn":"Moveien","delomradenummer":"390704","delomradenavn":"Bugården","kommunenummer":"3907"}},{"type":"Polygon","arcs":[[-1363,-987,-961,-1101,-1079,-944]],"properties":{"grunnkretsnummer":"39071706","grunnkretsnavn":"Vennerød","delomradenummer":"390717","delomradenavn":"Skjee","kommunenummer":"3907"}},{"type":"Polygon","arcs":[[-1269,-1056,-947,-1367,-973]],"properties":{"grunnkretsnummer":"39071402","grunnkretsnavn":"Skarsholt","delomradenummer":"390714","delomradenavn":"Høyjord - Vestre Andebu","kommunenummer":"3907"}},{"type":"Polygon","arcs":[[1368,1369,1370,1371,-1231,1372,1373,1374,1375,1376]],"properties":{"grunnkretsnummer":"39110301","grunnkretsnavn":"Vestskogen","delomradenummer":"391103","delomradenavn":"Borgheim","kommunenummer":"3911"}},{"type":"Polygon","arcs":[[-1345,-1358,-1033,-1032,-611,-1332,-1331]],"properties":{"grunnkretsnummer":"39070111","grunnkretsnavn":"Grønli","delomradenummer":"390701","delomradenavn":"Sentrum","kommunenummer":"3907"}},{"type":"Polygon","arcs":[[-985,-1195,-1194,-1360,-1333,-1296,1377,-1028,-1027,-1026,-1228,-1285,-1137,-1284,-1283]],"properties":{"grunnkretsnummer":"39071013","grunnkretsnavn":"Strand","delomradenummer":"390710","delomradenavn":"Østerøy","kommunenummer":"3907"}},{"type":"Polygon","arcs":[[-1222,-1103,-805,-1321,-989,-1218]],"properties":{"grunnkretsnummer":"39070602","grunnkretsnavn":"Fevang","delomradenummer":"390706","delomradenavn":"Fevang","kommunenummer":"3907"}},{"type":"Polygon","arcs":[[-1368,-1288,-1078,-1353,-1200,-922,-1342]],"properties":{"grunnkretsnummer":"39070413","grunnkretsnavn":"Krokemoa 2","delomradenummer":"390704","delomradenavn":"Bugården","kommunenummer":"3907"}},{"type":"Polygon","arcs":[[1378,1379,1380,1381,1382,1383,1384]],"properties":{"grunnkretsnummer":"39110503","grunnkretsnavn":"Duken","delomradenummer":"391105","delomradenavn":"Bergan","kommunenummer":"3911"}},{"type":"Polygon","arcs":[[1385,1386,1387,1388,1389,1390,1391,1392]],"properties":{"grunnkretsnummer":"39110812","grunnkretsnavn":"Hvasser vest","delomradenummer":"391108","delomradenavn":"Tjøme","kommunenummer":"3911"}},{"type":"Polygon","arcs":[[-363,1393,1394,1395,1396,-1374,-1373,-1230]],"properties":{"grunnkretsnummer":"39110104","grunnkretsnavn":"Munkerekken syd","delomradenummer":"391101","delomradenavn":"Teie","kommunenummer":"3911"}},{"type":"Polygon","arcs":[[-1398,1398,1399,1400,-326,-279,1401,1402,1403]],"properties":{"grunnkretsnummer":"39110402","grunnkretsnavn":"Føynland","delomradenummer":"391104","delomradenavn":"Føynland","kommunenummer":"3911"}},{"type":"Polygon","arcs":[[1404,1405,1406,1407,1408,1409,1410,1411]],"properties":{"grunnkretsnummer":"39110604","grunnkretsnavn":"Torød","delomradenummer":"391106","delomradenavn":"Torød","kommunenummer":"3911"}},{"type":"Polygon","arcs":[[1412,1413,1414,1415,1416]],"properties":{"grunnkretsnummer":"39110305","grunnkretsnavn":"Borgheim","delomradenummer":"391103","delomradenavn":"Borgheim","kommunenummer":"3911"}},{"type":"Polygon","arcs":[[1417,1418,1419,-1405,1420,1421,1422,1423,1424,1425,1426]],"properties":{"grunnkretsnummer":"39110601","grunnkretsnavn":"Strengsdal","delomradenummer":"391106","delomradenavn":"Torød","kommunenummer":"3911"}},{"type":"Polygon","arcs":[[1427,1428,1429,-1400,1430,1431,1432,1433,1434,-1414]],"properties":{"grunnkretsnummer":"39110401","grunnkretsnavn":"Ekenes","delomradenummer":"391104","delomradenavn":"Føynland","kommunenummer":"3911"}},{"type":"Polygon","arcs":[[1435,-1427,1436]],"properties":{"grunnkretsnummer":"39110704","grunnkretsnavn":"Kjærgrav","delomradenummer":"391107","delomradenavn":"Brattås","kommunenummer":"3911"}},{"type":"Polygon","arcs":[[1437,1438,1439,1440,-323,-1401,-1430,-1429,1441,-1376]],"properties":{"grunnkretsnummer":"39110202","grunnkretsnavn":"Smidsrød","delomradenummer":"391102","delomradenavn":"Rosanes","kommunenummer":"3911"}},{"type":"Polygon","arcs":[[1442,-1369,1443,-1417,1444,1445,-1232,-1372,-1371]],"properties":{"grunnkretsnummer":"39110303","grunnkretsnavn":"Labakken","delomradenummer":"391103","delomradenavn":"Borgheim","kommunenummer":"3911"}},{"type":"Polygon","arcs":[[1446,1447,1448,1449,1450,1451]],"properties":{"grunnkretsnummer":"39110804","grunnkretsnavn":"Grimestad","delomradenummer":"391108","delomradenavn":"Tjøme","kommunenummer":"3911"}},{"type":"Polygon","arcs":[[-299,1452,-1395,-1394,-391,-452,-445,-300]],"properties":{"grunnkretsnummer":"39110101","grunnkretsnavn":"Munkerekken nord","delomradenummer":"391101","delomradenavn":"Teie","kommunenummer":"3911"}},{"type":"Polygon","arcs":[[-1377,-1442,-1428,-1413,-1444]],"properties":{"grunnkretsnummer":"39110304","grunnkretsnavn":"Herstad","delomradenummer":"391103","delomradenavn":"Borgheim","kommunenummer":"3911"}},{"type":"Polygon","arcs":[[-1415,-1435,1453,-1379,1454,1455,1456,1457]],"properties":{"grunnkretsnummer":"39110501","grunnkretsnavn":"Vollen","delomradenummer":"391105","delomradenavn":"Bergan","kommunenummer":"3911"}},{"type":"Polygon","arcs":[[1458,1459,1460,-1383,1461,1462,-1406,-1420]],"properties":{"grunnkretsnummer":"39110602","grunnkretsnavn":"Oterbekk","delomradenummer":"391106","delomradenavn":"Torød","kommunenummer":"3911"}},{"type":"Polygon","arcs":[[1463,1464,1465]],"properties":{"grunnkretsnummer":"39110809","grunnkretsnavn":"Solvang","delomradenummer":"391108","delomradenavn":"Tjøme","kommunenummer":"3911"}},{"type":"Polygon","arcs":[[1466,-1457,1467,-1418,-1436,1468,1469]],"properties":{"grunnkretsnummer":"39110703","grunnkretsnavn":"Anildrød","delomradenummer":"391107","delomradenavn":"Brattås","kommunenummer":"3911"}},{"type":"Polygon","arcs":[[1470,-1424,1471,1472,1473,1474,1475]],"properties":{"grunnkretsnummer":"39110801","grunnkretsnavn":"Sundene","delomradenummer":"391108","delomradenavn":"Tjøme","kommunenummer":"3911"}},{"type":"Polygon","arcs":[[-1465,1476,1477,1478,1479,-1393,-1392,-1391,1480,1481,1482,1483,1484]],"properties":{"grunnkretsnummer":"39110810","grunnkretsnavn":"Ormelet","delomradenummer":"391108","delomradenavn":"Tjøme","kommunenummer":"3911"}},{"type":"Polygon","arcs":[[-456,-1486,-1487,-1404,-1403,-1402,-278,-448,-262]],"properties":{"grunnkretsnummer":"39110403","grunnkretsnavn":"Myra","delomradenummer":"391104","delomradenavn":"Føynland","kommunenummer":"3911"}},{"type":"Polygon","arcs":[[1487,-1409,1488,-1478,-1477,-1464,1489,1490,-1451,-1450]],"properties":{"grunnkretsnummer":"39110805","grunnkretsnavn":"Hulebakk","delomradenummer":"391108","delomradenavn":"Tjøme","kommunenummer":"3911"}},{"type":"Polygon","arcs":[[1491,1492,-1348,-1235,1493,1494]],"properties":{"grunnkretsnummer":"39110701","grunnkretsnavn":"Øra","delomradenummer":"391107","delomradenavn":"Brattås","kommunenummer":"3911"}},{"type":"Polygon","arcs":[[-1466,-1485,-1484,1495,-1030,1496,1497,1498,1499,-1490]],"properties":{"grunnkretsnummer":"39110808","grunnkretsnavn":"Gon","delomradenummer":"391108","delomradenavn":"Tjøme","kommunenummer":"3911"}},{"type":"Polygon","arcs":[[-1443,-1370]],"properties":{"grunnkretsnummer":"39110302","grunnkretsnavn":"Vestskogen sentrum","delomradenummer":"391103","delomradenavn":"Borgheim","kommunenummer":"3911"}},{"type":"Polygon","arcs":[[-1300,-1337,-1366,1500,1501,-1476,1502]],"properties":{"grunnkretsnummer":"39110708","grunnkretsnavn":"Veierland","delomradenummer":"391107","delomradenavn":"Brattås","kommunenummer":"3911"}},{"type":"Polygon","arcs":[[1503,-1381,-1380,-1454,-1434,-1433,-1432,-1431,-1399,-1505,-1506,-1507,1507,-1479]],"properties":{"grunnkretsnummer":"39110502","grunnkretsnavn":"Nesbryggen","delomradenummer":"391105","delomradenavn":"Bergan","kommunenummer":"3911"}},{"type":"Polygon","arcs":[[-297,-50,1508,-1439,1509,-1396,-1453,-298,-170]],"properties":{"grunnkretsnummer":"39110102","grunnkretsnavn":"Teie","delomradenummer":"391101","delomradenavn":"Teie","kommunenummer":"3911"}},{"type":"Polygon","arcs":[[-165,-446,-174,-1441,-1440,-1509,-49,-161]],"properties":{"grunnkretsnummer":"39110201","grunnkretsnavn":"Rosanes","delomradenummer":"391102","delomradenavn":"Rosanes","kommunenummer":"3911"}},{"type":"Polygon","arcs":[[-1388,-1387,-1386,-1480,-1508,-1511,-1512,-1513,1513,1514]],"properties":{"grunnkretsnummer":"39110813","grunnkretsnavn":"Hvasser øst","delomradenummer":"391108","delomradenavn":"Tjøme","kommunenummer":"3911"}},{"type":"Polygon","arcs":[[-1423,1515,1516,1517,1518,-1448,-1447,1519,-1473,-1472]],"properties":{"grunnkretsnummer":"39110802","grunnkretsnavn":"Holtane","delomradenummer":"391108","delomradenavn":"Tjøme","kommunenummer":"3911"}},{"type":"Polygon","arcs":[[-1463,-1462,-1382,-1504,-1489,-1408,-1407]],"properties":{"grunnkretsnummer":"39110603","grunnkretsnavn":"Årøysund","delomradenummer":"391106","delomradenavn":"Torød","kommunenummer":"3911"}},{"type":"Polygon","arcs":[[-1328,-1349,-1493,-1492,1520,-1470,1521,1522,1523]],"properties":{"grunnkretsnummer":"39110702","grunnkretsnavn":"Skjerve","delomradenummer":"391107","delomradenavn":"Brattås","kommunenummer":"3911"}},{"type":"Polygon","arcs":[[1524,-1499]],"properties":{"grunnkretsnummer":"39110807","grunnkretsnavn":"Kirkely","delomradenummer":"391108","delomradenavn":"Tjøme","kommunenummer":"3911"}},{"type":"Polygon","arcs":[[-1234,-1233,-1446,-1445,-1416,-1458,-1467,-1521,-1495,-1494]],"properties":{"grunnkretsnummer":"39110306","grunnkretsnavn":"Stangeby","delomradenummer":"391103","delomradenavn":"Borgheim","kommunenummer":"3911"}},{"type":"Polygon","arcs":[[-1455,-1385,-1384,-1461,1525,1526]],"properties":{"grunnkretsnummer":"39110504","grunnkretsnavn":"Skallestad","delomradenummer":"391105","delomradenavn":"Bergan","kommunenummer":"3911"}},{"type":"Polygon","arcs":[[-1527,-1526,-1460,-1459,-1419,-1468,-1456]],"properties":{"grunnkretsnummer":"39110505","grunnkretsnavn":"Hårkollen","delomradenummer":"391105","delomradenavn":"Bergan","kommunenummer":"3911"}},{"type":"Polygon","arcs":[[-1412,-1411,1527,-1516,-1422,-1421]],"properties":{"grunnkretsnummer":"39110605","grunnkretsnavn":"Buerstad","delomradenummer":"391106","delomradenavn":"Torød","kommunenummer":"3911"}},{"type":"Polygon","arcs":[[1528,-1522,-1469,-1437,-1426,-1425,-1471,-1502,1529,1530,1531,1532]],"properties":{"grunnkretsnummer":"39110705","grunnkretsnavn":"Kjøpmannskjær","delomradenummer":"391107","delomradenavn":"Brattås","kommunenummer":"3911"}},{"type":"Polygon","arcs":[[-1524,-1523,-1529,1533,1534,-1364,-1322]],"properties":{"grunnkretsnummer":"39110707","grunnkretsnavn":"Brattås","delomradenummer":"391107","delomradenavn":"Brattås","kommunenummer":"3911"}},{"type":"Polygon","arcs":[[-1365,-1535,-1534,-1533,-1532,-1531,-1530,-1501]],"properties":{"grunnkretsnummer":"39110706","grunnkretsnavn":"Tenvik","delomradenummer":"391107","delomradenavn":"Brattås","kommunenummer":"3911"}},{"type":"Polygon","arcs":[[1535,-1031,-1496,-1483,-1482,-1481,-1390]],"properties":{"grunnkretsnummer":"39110811","grunnkretsnavn":"Bjørnevåg","delomradenummer":"391108","delomradenavn":"Tjøme","kommunenummer":"3911"}},{"type":"Polygon","arcs":[[-1397,-1510,-1438,-1375]],"properties":{"grunnkretsnummer":"39110103","grunnkretsnavn":"Fjellveien","delomradenummer":"391101","delomradenavn":"Teie","kommunenummer":"3911"}},{"type":"Polygon","arcs":[[-1301,-1503,-1475,-1474,-1520,-1452,-1491,-1500,-1525,-1498,-1497,-1029,-1378]],"properties":{"grunnkretsnummer":"39110806","grunnkretsnavn":"Svelvik","delomradenummer":"391108","delomradenavn":"Tjøme","kommunenummer":"3911"}},{"type":"Polygon","arcs":[[-1528,-1410,-1488,-1449,-1519,-1518,-1517]],"properties":{"grunnkretsnummer":"39110803","grunnkretsnavn":"Måkerøy","delomradenummer":"391108","delomradenavn":"Tjøme","kommunenummer":"3911"}},{"type":"Polygon","arcs":[[1536,1537,1538,1539,1540,1541]],"properties":{"grunnkretsnummer":"39030105","grunnkretsnavn":"Holmestrand 5","delomradenummer":"390301","delomradenavn":"Holmestrand","kommunenummer":"3903"}},{"type":"Polygon","arcs":[[1542,1543,1544,1545,1546]],"properties":{"grunnkretsnummer":"39030205","grunnkretsnavn":"Sommerro","delomradenummer":"390302","delomradenavn":"Ekeberg - Borgen","kommunenummer":"3903"}},{"type":"Polygon","arcs":[[1547,1548,1549,1550,1551]],"properties":{"grunnkretsnummer":"39030702","grunnkretsnavn":"Duni","delomradenummer":"390307","delomradenavn":"Sande","kommunenummer":"3903"}},{"type":"Polygon","arcs":[[-421,1552,1553,1554,1555,1556,1557,-1559,-1560,1560,1561,1562,1563]],"properties":{"grunnkretsnummer":"39030108","grunnkretsnavn":"Mulvika","delomradenummer":"390301","delomradenavn":"Holmestrand","kommunenummer":"3903"}},{"type":"Polygon","arcs":[[1564,1565,-1567,-1568,-1569]],"properties":{"grunnkretsnummer":"39030806","grunnkretsnavn":"Flåten","delomradenummer":"390308","delomradenavn":"Nordre Sande","kommunenummer":"3903"}},{"type":"Polygon","arcs":[[1569,1570,1571,1572]],"properties":{"grunnkretsnummer":"39030802","grunnkretsnavn":"Galleberg vest","delomradenummer":"390308","delomradenavn":"Nordre Sande","kommunenummer":"3903"}},{"type":"Polygon","arcs":[[-1574,1574,1575,-410,-330,-329,-747]],"properties":{"grunnkretsnummer":"39030504","grunnkretsnavn":"Åkerholt","delomradenummer":"390305","delomradenavn":"Kårby - Vassås","kommunenummer":"3903"}},{"type":"Polygon","arcs":[[1576,1577,-1550,1578,1579,1580,1581,1582,1583,1584,1585]],"properties":{"grunnkretsnummer":"39030701","grunnkretsnavn":"Holm","delomradenummer":"390307","delomradenavn":"Sande","kommunenummer":"3903"}},{"type":"Polygon","arcs":[[1586,1587,1588,1589,1590]],"properties":{"grunnkretsnummer":"39030307","grunnkretsnavn":"Fosskogen","delomradenummer":"390303","delomradenavn":"Gullhaug - Hillestad","kommunenummer":"3903"}},{"type":"Polygon","arcs":[[-1565,-1592,-1593,1593,-1595,-1596,-1597,1597,1598,1599]],"properties":{"grunnkretsnummer":"39030804","grunnkretsnavn":"Kjeldås","delomradenummer":"390308","delomradenavn":"Nordre Sande","kommunenummer":"3903"}},{"type":"Polygon","arcs":[[1600,-1585,1601,1602,1603]],"properties":{"grunnkretsnummer":"39030302","grunnkretsnavn":"Solberg","delomradenummer":"390303","delomradenavn":"Gullhaug - Hillestad","kommunenummer":"3903"}},{"type":"Polygon","arcs":[[-1584,1604,1605,1606,1607,1608,-283,1609,-1602]],"properties":{"grunnkretsnummer":"39030303","grunnkretsnavn":"Bringaker","delomradenummer":"390303","delomradenavn":"Gullhaug - Hillestad","kommunenummer":"3903"}},{"type":"Polygon","arcs":[[1610,-1557,1611,1612,1613,1614,-1539,1615,1616,1617]],"properties":{"grunnkretsnummer":"39030103","grunnkretsnavn":"Holmestrand 3","delomradenummer":"390301","delomradenavn":"Holmestrand","kommunenummer":"3903"}},{"type":"Polygon","arcs":[[1618,-1620,-1566,-1600,1620]],"properties":{"grunnkretsnummer":"39030807","grunnkretsnavn":"Klevjer","delomradenummer":"390308","delomradenavn":"Nordre Sande","kommunenummer":"3903"}},{"type":"Polygon","arcs":[[-1571,1621,1622,1623]],"properties":{"grunnkretsnummer":"39030707","grunnkretsnavn":"Tangbergåsen","delomradenummer":"390307","delomradenavn":"Sande","kommunenummer":"3903"}},{"type":"Polygon","arcs":[[-1625,-1619,1625,-1572,-1624,1626,1627,1628,1629,1630]],"properties":{"grunnkretsnummer":"39030708","grunnkretsnavn":"Skog","delomradenummer":"390307","delomradenavn":"Sande","kommunenummer":"3903"}},{"type":"Polygon","arcs":[[1631,-1604,1632]],"properties":{"grunnkretsnummer":"39030308","grunnkretsnavn":"Island","delomradenummer":"390303","delomradenavn":"Gullhaug - Hillestad","kommunenummer":"3903"}},{"type":"Polygon","arcs":[[1633,1634,1635,-281,-411,-1576,1636]],"properties":{"grunnkretsnummer":"39030309","grunnkretsnavn":"Skarrebo","delomradenummer":"390303","delomradenavn":"Gullhaug - Hillestad","kommunenummer":"3903"}},{"type":"Polygon","arcs":[[1637,1638,1639,1640]],"properties":{"grunnkretsnummer":"39030209","grunnkretsnavn":"Kleivan","delomradenummer":"390302","delomradenavn":"Ekeberg - Borgen","kommunenummer":"3903"}},{"type":"Polygon","arcs":[[1641,-1590,1642,1643,1644,1645,1646]],"properties":{"grunnkretsnummer":"39030201","grunnkretsnavn":"Gunnerud","delomradenummer":"390302","delomradenavn":"Ekeberg - Borgen","kommunenummer":"3903"}},{"type":"Polygon","arcs":[[-1546,1647,-1542,1648,1649,1650]],"properties":{"grunnkretsnummer":"39030203","grunnkretsnavn":"Rove","delomradenummer":"390302","delomradenavn":"Ekeberg - Borgen","kommunenummer":"3903"}},{"type":"Polygon","arcs":[[1651,1652,-1586,-1601,-1632,1653,1654]],"properties":{"grunnkretsnummer":"39030311","grunnkretsnavn":"Odderud","delomradenummer":"390303","delomradenavn":"Gullhaug - Hillestad","kommunenummer":"3903"}},{"type":"Polygon","arcs":[[1655,-1628,1656,-1577,-1653]],"properties":{"grunnkretsnummer":"39030706","grunnkretsnavn":"Hanekleiva","delomradenummer":"390307","delomradenavn":"Sande","kommunenummer":"3903"}},{"type":"Polygon","arcs":[[-1645,1657,1658,1659,1660,1661,-1553,-420,1662]],"properties":{"grunnkretsnummer":"39030216","grunnkretsnavn":"Bentsrud","delomradenummer":"390302","delomradenavn":"Ekeberg - Borgen","kommunenummer":"3903"}},{"type":"Polygon","arcs":[[-1664,1664,1665,1666,1667]],"properties":{"grunnkretsnummer":"39030406","grunnkretsnavn":"Lindset-Voll-Haugestad","delomradenummer":"390304","delomradenavn":"Hof - Eidsfoss","kommunenummer":"3903"}},{"type":"Polygon","arcs":[[1668,-1587,1669,-1607]],"properties":{"grunnkretsnummer":"39030304","grunnkretsnavn":"Godakerlia","delomradenummer":"390303","delomradenavn":"Gullhaug - Hillestad","kommunenummer":"3903"}},{"type":"Polygon","arcs":[[-1670,-1591,-1642,1670,-1608]],"properties":{"grunnkretsnummer":"39030305","grunnkretsnavn":"Berg","delomradenummer":"390303","delomradenavn":"Gullhaug - Hillestad","kommunenummer":"3903"}},{"type":"Polygon","arcs":[[-1672,1672,-1637,-1575,-1674]],"properties":{"grunnkretsnummer":"39030503","grunnkretsnavn":"Hulebak-Eikenes-Gran","delomradenummer":"390305","delomradenavn":"Kårby - Vassås","kommunenummer":"3903"}},{"type":"Polygon","arcs":[[-1621,-1599,1674,-1573,-1626]],"properties":{"grunnkretsnummer":"39030801","grunnkretsnavn":"Bølum","delomradenummer":"390308","delomradenavn":"Nordre Sande","kommunenummer":"3903"}},{"type":"Polygon","arcs":[[-1675,-1598,-1676,1676,1677,1678,1679,1680,-1570]],"properties":{"grunnkretsnummer":"39030803","grunnkretsnavn":"Galleberg øst","delomradenummer":"390308","delomradenavn":"Nordre Sande","kommunenummer":"3903"}},{"type":"Polygon","arcs":[[1681,-1650,1682,1683,1684,1685,-1658,-1644]],"properties":{"grunnkretsnummer":"39030210","grunnkretsnavn":"Hvitstein","delomradenummer":"390302","delomradenavn":"Ekeberg - Borgen","kommunenummer":"3903"}},{"type":"Polygon","arcs":[[-1556,1686,1687,1688,-1613,-1612]],"properties":{"grunnkretsnummer":"39030101","grunnkretsnavn":"Holmestrand 1","delomradenummer":"390301","delomradenavn":"Holmestrand","kommunenummer":"3903"}},{"type":"Polygon","arcs":[[-1631,1689,1690,-1692,-1693,-1694,-1695,-1696]],"properties":{"grunnkretsnummer":"39030401","grunnkretsnavn":"Engerud-Eidsfoss","delomradenummer":"390304","delomradenavn":"Hof - Eidsfoss","kommunenummer":"3903"}},{"type":"Polygon","arcs":[[-1678,1696,1697,-1581,1698,1699]],"properties":{"grunnkretsnummer":"39030603","grunnkretsnavn":"Selvik-Bekke","delomradenummer":"390306","delomradenavn":"Bekkestranda","kommunenummer":"3903"}},{"type":"Polygon","arcs":[[-1640,1700,1701,1702]],"properties":{"grunnkretsnummer":"39030208","grunnkretsnavn":"Kleiverud","delomradenummer":"390302","delomradenavn":"Ekeberg - Borgen","kommunenummer":"3903"}},{"type":"Polygon","arcs":[[1703,-1688,-1687,-1555,-1554,-1662]],"properties":{"grunnkretsnummer":"39030107","grunnkretsnavn":"Blekvollen","delomradenummer":"390301","delomradenavn":"Holmestrand","kommunenummer":"3903"}},{"type":"Polygon","arcs":[[1704,-1638,1705,-1588,-1669,-1606]],"properties":{"grunnkretsnummer":"39030306","grunnkretsnavn":"Sollifeltet","delomradenummer":"390303","delomradenavn":"Gullhaug - Hillestad","kommunenummer":"3903"}},{"type":"Polygon","arcs":[[-1698,-1697,-1677,-1707,-1708,1708,1709,-1558,-1611,1710,1711]],"properties":{"grunnkretsnummer":"39030602","grunnkretsnavn":"Sando","delomradenummer":"390306","delomradenavn":"Bekkestranda","kommunenummer":"3903"}},{"type":"Polygon","arcs":[[-1667,1712,-1655,1713,-1635,1714]],"properties":{"grunnkretsnummer":"39030501","grunnkretsnavn":"Sundbyfoss","delomradenummer":"390305","delomradenavn":"Kårby - Vassås","kommunenummer":"3903"}},{"type":"Polygon","arcs":[[1715,1716,-1543,1717,-1702]],"properties":{"grunnkretsnummer":"39030207","grunnkretsnavn":"Ramberg","delomradenummer":"390302","delomradenavn":"Ekeberg - Borgen","kommunenummer":"3903"}},{"type":"Polygon","arcs":[[-1614,-1689,-1704,-1661,1718]],"properties":{"grunnkretsnummer":"39030102","grunnkretsnavn":"Holmestrand 2","delomradenummer":"390301","delomradenavn":"Holmestrand","kommunenummer":"3903"}},{"type":"Polygon","arcs":[[-1720,1720,1721,-1665]],"properties":{"grunnkretsnummer":"39030404","grunnkretsnavn":"Hem","delomradenummer":"390304","delomradenavn":"Hof - Eidsfoss","kommunenummer":"3903"}},{"type":"Polygon","arcs":[[-1691,1722,-1721,-1724,-1725]],"properties":{"grunnkretsnummer":"39030402","grunnkretsnavn":"Sjulerud-Eidsfoss-Stubben","delomradenummer":"390304","delomradenavn":"Hof - Eidsfoss","kommunenummer":"3903"}},{"type":"Polygon","arcs":[[-1627,-1623,1725,-1551,-1578,-1657]],"properties":{"grunnkretsnummer":"39030705","grunnkretsnavn":"Sande syd","delomradenummer":"390307","delomradenavn":"Sande","kommunenummer":"3903"}},{"type":"Polygon","arcs":[[-1654,-1633,-1603,-1610,-282,-1636,-1714]],"properties":{"grunnkretsnummer":"39030310","grunnkretsnavn":"Hillestad","delomradenummer":"390303","delomradenavn":"Gullhaug - Hillestad","kommunenummer":"3903"}},{"type":"Polygon","arcs":[[-1727,-1728,-1668,-1715,-1634,-1673]],"properties":{"grunnkretsnummer":"39030502","grunnkretsnavn":"Haslestad","delomradenummer":"390305","delomradenavn":"Kårby - Vassås","kommunenummer":"3903"}},{"type":"Polygon","arcs":[[-1690,-1630,1728,-1723]],"properties":{"grunnkretsnummer":"39030403","grunnkretsnavn":"Heierstad-Rød-Herstad","delomradenummer":"390304","delomradenavn":"Hof - Eidsfoss","kommunenummer":"3903"}},{"type":"Polygon","arcs":[[1729,-1684,1730]],"properties":{"grunnkretsnummer":"39030212","grunnkretsnavn":"Barlin","delomradenummer":"390302","delomradenavn":"Ekeberg - Borgen","kommunenummer":"3903"}},{"type":"Polygon","arcs":[[-1686,1731,-1659]],"properties":{"grunnkretsnummer":"39030214","grunnkretsnavn":"Neperud","delomradenummer":"390302","delomradenavn":"Ekeberg - Borgen","kommunenummer":"3903"}},{"type":"Polygon","arcs":[[1732,-1540,-1615,-1719,-1660,-1732,-1685,-1730]],"properties":{"grunnkretsnummer":"39030213","grunnkretsnavn":"Gausen","delomradenummer":"390302","delomradenavn":"Ekeberg - Borgen","kommunenummer":"3903"}},{"type":"Polygon","arcs":[[1733,1734,-1544,-1717]],"properties":{"grunnkretsnummer":"39030206","grunnkretsnavn":"Solbergskogen","delomradenummer":"390302","delomradenavn":"Ekeberg - Borgen","kommunenummer":"3903"}},{"type":"Polygon","arcs":[[-1735,1735,1736,-1537,-1648,-1545]],"properties":{"grunnkretsnummer":"39030204","grunnkretsnavn":"Nordjordet","delomradenummer":"390302","delomradenavn":"Ekeberg - Borgen","kommunenummer":"3903"}},{"type":"Polygon","arcs":[[-1649,-1541,-1733,-1731,-1683]],"properties":{"grunnkretsnummer":"39030211","grunnkretsnavn":"Solhøy","delomradenummer":"390302","delomradenavn":"Ekeberg - Borgen","kommunenummer":"3903"}},{"type":"Polygon","arcs":[[-1594,-1738,-1739,-1740]],"properties":{"grunnkretsnummer":"39030805","grunnkretsnavn":"Skoger","delomradenummer":"390308","delomradenavn":"Nordre Sande","kommunenummer":"3903"}},{"type":"Polygon","arcs":[[-1680,1740,-1548,1741]],"properties":{"grunnkretsnummer":"39030703","grunnkretsnavn":"Sjøl","delomradenummer":"390307","delomradenavn":"Sande","kommunenummer":"3903"}},{"type":"Polygon","arcs":[[1742,1743,1744,1745,1746,1747,1748,1749,1750]],"properties":{"grunnkretsnummer":"39010504","grunnkretsnavn":"Apenes","delomradenummer":"390105","delomradenavn":"Nordbyen","kommunenummer":"3901"}},{"type":"Polygon","arcs":[[1751,1752,-424,-399,1753,-406]],"properties":{"grunnkretsnummer":"39010401","grunnkretsnavn":"Adal","delomradenummer":"390104","delomradenavn":"Åsgårdstrand","kommunenummer":"3901"}},{"type":"Polygon","arcs":[[-1741,-1679,-1700,-1699,-1580,-1579,-1549]],"properties":{"grunnkretsnummer":"39030604","grunnkretsnavn":"Selvik","delomradenummer":"390306","delomradenavn":"Bekkestranda","kommunenummer":"3903"}},{"type":"Polygon","arcs":[[-1737,1754,-1711,-1618,-1617,-1616,-1538]],"properties":{"grunnkretsnummer":"39030104","grunnkretsnavn":"Holmestrand 4","delomradenummer":"390301","delomradenavn":"Holmestrand","kommunenummer":"3903"}},{"type":"Polygon","arcs":[[-1705,-1605,-1583,-1582,-1712,-1755,-1736,-1734,-1716,-1701,-1639]],"properties":{"grunnkretsnummer":"39030106","grunnkretsnavn":"Smørstein","delomradenummer":"390301","delomradenavn":"Holmestrand","kommunenummer":"3903"}},{"type":"Polygon","arcs":[[-1641,-1703,-1718,-1547,-1651,-1682,-1643,-1589,-1706]],"properties":{"grunnkretsnummer":"39030215","grunnkretsnavn":"Gudum","delomradenummer":"390302","delomradenavn":"Ekeberg - Borgen","kommunenummer":"3903"}},{"type":"Polygon","arcs":[[1755,1756,1757,1758,1759,1760,1761]],"properties":{"grunnkretsnummer":"39010704","grunnkretsnavn":"Brårudåsen","delomradenummer":"390107","delomradenavn":"Sentrum","kommunenummer":"3901"}},{"type":"Polygon","arcs":[[-418,-417,1762,1763,-402,-247,-328]],"properties":{"grunnkretsnummer":"39010105","grunnkretsnavn":"Kopstad","delomradenummer":"390101","delomradenavn":"Nykirke","kommunenummer":"3901"}},{"type":"Polygon","arcs":[[1764,1765,-465,1766,1767,1768]],"properties":{"grunnkretsnummer":"39010203","grunnkretsnavn":"Tveiten","delomradenummer":"390102","delomradenavn":"Granly","kommunenummer":"3901"}},{"type":"Polygon","arcs":[[-1609,-1671,-1647,1769,-36,-284]],"properties":{"grunnkretsnummer":"39030301","grunnkretsnavn":"Korsgården","delomradenummer":"390303","delomradenavn":"Gullhaug - Hillestad","kommunenummer":"3903"}},{"type":"Polygon","arcs":[[-1729,-1629,-1656,-1652,-1713,-1666,-1722]],"properties":{"grunnkretsnummer":"39030405","grunnkretsnavn":"Vike","delomradenummer":"390304","delomradenavn":"Hof - Eidsfoss","kommunenummer":"3903"}},{"type":"Polygon","arcs":[[-1771,-1772,-1773,-1774,-1775,-1710,-1709]],"properties":{"grunnkretsnummer":"39030601","grunnkretsnavn":"Mørkassel","delomradenummer":"390306","delomradenavn":"Bekkestranda","kommunenummer":"3903"}},{"type":"Polygon","arcs":[[-1770,-1646,-1663,-419,-102,-37]],"properties":{"grunnkretsnummer":"39030202","grunnkretsnavn":"Kårjord","delomradenummer":"390302","delomradenavn":"Ekeberg - Borgen","kommunenummer":"3903"}},{"type":"Polygon","arcs":[[-1681,-1742,-1552,-1726,-1622]],"properties":{"grunnkretsnummer":"39030704","grunnkretsnavn":"Sande nord","delomradenummer":"390307","delomradenavn":"Sande","kommunenummer":"3903"}},{"type":"Polygon","arcs":[[1775,1776,1777,1778,1779]],"properties":{"grunnkretsnummer":"39010603","grunnkretsnavn":"Nordskogen","delomradenummer":"390106","delomradenavn":"Holtandalen","kommunenummer":"3901"}},{"type":"Polygon","arcs":[[1780,1781,1782,1783,1784,1785]],"properties":{"grunnkretsnummer":"39010302","grunnkretsnavn":"Sande","delomradenummer":"390103","delomradenavn":"Borre","kommunenummer":"3901"}},{"type":"Polygon","arcs":[[1786,1787,1788,1789,-1746,1790,1791,-1793,-1794]],"properties":{"grunnkretsnummer":"39010707","grunnkretsnavn":"Karl Johansvern - Øyene","delomradenummer":"390107","delomradenavn":"Sentrum","kommunenummer":"3901"}},{"type":"Polygon","arcs":[[1794,1795,1796]],"properties":{"grunnkretsnummer":"39010605","grunnkretsnavn":"Holtan syd","delomradenummer":"390106","delomradenavn":"Holtandalen","kommunenummer":"3901"}},{"type":"Polygon","arcs":[[-1754,-404,1797,1798,1799,1800,-407]],"properties":{"grunnkretsnummer":"39010304","grunnkretsnavn":"Gusland","delomradenummer":"390103","delomradenavn":"Borre","kommunenummer":"3901"}},{"type":"Polygon","arcs":[[1801,1802,1803,1804,-1759]],"properties":{"grunnkretsnummer":"39010801","grunnkretsnavn":"Sentrum syd","delomradenummer":"390108","delomradenavn":"Sydbyen","kommunenummer":"3901"}},{"type":"Polygon","arcs":[[-405,-1801,1805,-1785,1806,-1752]],"properties":{"grunnkretsnummer":"39010306","grunnkretsnavn":"Borge","delomradenummer":"390103","delomradenavn":"Borre","kommunenummer":"3901"}},{"type":"Polygon","arcs":[[1807,1808,-1791,-1745,-1744,1809,1810]],"properties":{"grunnkretsnummer":"39010503","grunnkretsnavn":"Kjølhalskogen","delomradenummer":"390105","delomradenavn":"Nordbyen","kommunenummer":"3901"}},{"type":"Polygon","arcs":[[1811,1812,-1769,1813]],"properties":{"grunnkretsnummer":"39010202","grunnkretsnavn":"Baggerød","delomradenummer":"390102","delomradenavn":"Granly","kommunenummer":"3901"}},{"type":"Polygon","arcs":[[1814,1815,1816]],"properties":{"grunnkretsnummer":"39010307","grunnkretsnavn":"Guttulsrød","delomradenummer":"390103","delomradenavn":"Borre","kommunenummer":"3901"}},{"type":"Polygon","arcs":[[1817,1818,-1780,1819,-1797,-1814,-1768,1820,1821,1822,-1782,1823]],"properties":{"grunnkretsnummer":"39010201","grunnkretsnavn":"Semb","delomradenummer":"390102","delomradenavn":"Granly","kommunenummer":"3901"}},{"type":"Polygon","arcs":[[1824,-1751,1825,1826,-1777,1827]],"properties":{"grunnkretsnummer":"39010601","grunnkretsnavn":"Lillås","delomradenummer":"390106","delomradenavn":"Holtandalen","kommunenummer":"3901"}},{"type":"Polygon","arcs":[[1828,-1828,-1776,-1819]],"properties":{"grunnkretsnummer":"39010602","grunnkretsnavn":"Kongstien","delomradenummer":"390106","delomradenavn":"Holtandalen","kommunenummer":"3901"}},{"type":"Polygon","arcs":[[-426,1829,1830,1831,-318,-354]],"properties":{"grunnkretsnummer":"39010404","grunnkretsnavn":"Breidablikk","delomradenummer":"390104","delomradenavn":"Åsgårdstrand","kommunenummer":"3901"}},{"type":"Polygon","arcs":[[-1767,-464,-463,1832,1833,1834,-1821]],"properties":{"grunnkretsnummer":"39010205","grunnkretsnavn":"Røre","delomradenummer":"390102","delomradenavn":"Granly","kommunenummer":"3901"}},{"type":"Polygon","arcs":[[1835,1836,1837,-1757]],"properties":{"grunnkretsnummer":"39010702","grunnkretsnavn":"Åsen","delomradenummer":"390107","delomradenavn":"Sentrum","kommunenummer":"3901"}},{"type":"Polygon","arcs":[[-1750,1838,-1836,-1756,1839,-1826]],"properties":{"grunnkretsnummer":"39010701","grunnkretsnavn":"Keisemarka","delomradenummer":"390107","delomradenavn":"Sentrum","kommunenummer":"3901"}},{"type":"Polygon","arcs":[[1840,1841,1842,-459,-1766]],"properties":{"grunnkretsnummer":"39010803","grunnkretsnavn":"Bryggerijordet","delomradenummer":"390108","delomradenavn":"Sydbyen","kommunenummer":"3901"}},{"type":"Polygon","arcs":[[-1811,1843,1844]],"properties":{"grunnkretsnummer":"39010501","grunnkretsnavn":"Orerønningen","delomradenummer":"390105","delomradenavn":"Nordbyen","kommunenummer":"3901"}},{"type":"Polygon","arcs":[[-1563,1845,1846,1847,-1763,-416,-1564]],"properties":{"grunnkretsnummer":"39010103","grunnkretsnavn":"Freberg","delomradenummer":"390101","delomradenavn":"Nykirke","kommunenummer":"3901"}},{"type":"Polygon","arcs":[[-1847,-1846,-1562,1848,1849,-1824,1850,-1815,1851]],"properties":{"grunnkretsnummer":"39010102","grunnkretsnavn":"Vegge","delomradenummer":"390101","delomradenavn":"Nykirke","kommunenummer":"3901"}},{"type":"Polygon","arcs":[[-403,-1764,-1848,-1852,-1817,1852,-1798]],"properties":{"grunnkretsnummer":"39010104","grunnkretsnavn":"Nykirke","delomradenummer":"390101","delomradenavn":"Nykirke","kommunenummer":"3901"}},{"type":"Polygon","arcs":[[-1778,-1827,-1840,-1762,1853,1854]],"properties":{"grunnkretsnummer":"39010606","grunnkretsnavn":"Nordre Baggerød","delomradenummer":"390106","delomradenavn":"Holtandalen","kommunenummer":"3901"}},{"type":"Polygon","arcs":[[-435,1855,1856,1857,1858,-1833,-462,1859,1860,1861,1862,1863,-457]],"properties":{"grunnkretsnummer":"39010207","grunnkretsnavn":"Bastøy","delomradenummer":"390102","delomradenavn":"Granly","kommunenummer":"3901"}},{"type":"Polygon","arcs":[[-1823,1864,1865,-1858,1866,1867,1868,-1783]],"properties":{"grunnkretsnummer":"39010301","grunnkretsnavn":"Kirkebakken","delomradenummer":"390103","delomradenavn":"Borre","kommunenummer":"3901"}},{"type":"Polygon","arcs":[[-1868,-1867,-1857,1869,1870,-1831,1871]],"properties":{"grunnkretsnummer":"39010403","grunnkretsnavn":"Fjukstad","delomradenummer":"390104","delomradenavn":"Åsgårdstrand","kommunenummer":"3901"}},{"type":"Polygon","arcs":[[-1835,-1834,-1859,-1866,-1865,-1822]],"properties":{"grunnkretsnummer":"39010206","grunnkretsnavn":"Vold","delomradenummer":"390102","delomradenavn":"Granly","kommunenummer":"3901"}},{"type":"Polygon","arcs":[[-1844,-1810,-1743,-1825,-1829,1872]],"properties":{"grunnkretsnummer":"39010502","grunnkretsnavn":"Laskenlia","delomradenummer":"390105","delomradenavn":"Nordbyen","kommunenummer":"3901"}},{"type":"Polygon","arcs":[[-1792,-1809,-1808,-1845,-1873,-1818,-1850,-1849,-1561,-1874]],"properties":{"grunnkretsnummer":"39010101","grunnkretsnavn":"Falkensten","delomradenummer":"390101","delomradenavn":"Nykirke","kommunenummer":"3901"}},{"type":"Polygon","arcs":[[-1807,-1784,-1869,-1872,-1830,-425,-1753]],"properties":{"grunnkretsnummer":"39010402","grunnkretsnavn":"Ra","delomradenummer":"390104","delomradenavn":"Åsgårdstrand","kommunenummer":"3901"}},{"type":"Polygon","arcs":[[1874,-1786,-1806,-1800]],"properties":{"grunnkretsnummer":"39010305","grunnkretsnavn":"Skoppum","delomradenummer":"390103","delomradenavn":"Borre","kommunenummer":"3901"}},{"type":"Polygon","arcs":[[-1804,1875,-1842,1876]],"properties":{"grunnkretsnummer":"39010802","grunnkretsnavn":"Sollistrand","delomradenummer":"390108","delomradenavn":"Sydbyen","kommunenummer":"3901"}},{"type":"Polygon","arcs":[[-1838,1877,1878,-1802,-1758]],"properties":{"grunnkretsnummer":"39010705","grunnkretsnavn":"Sentrum","delomradenummer":"390107","delomradenavn":"Sentrum","kommunenummer":"3901"}},{"type":"Polygon","arcs":[[-1853,-1816,-1851,-1781,-1875,-1799]],"properties":{"grunnkretsnummer":"39010303","grunnkretsnavn":"Solberg","delomradenummer":"390103","delomradenavn":"Borre","kommunenummer":"3901"}},{"type":"Polygon","arcs":[[-1779,-1855,-1795,-1820]],"properties":{"grunnkretsnummer":"39010604","grunnkretsnavn":"Holtan nord","delomradenummer":"390106","delomradenavn":"Holtandalen","kommunenummer":"3901"}},{"type":"Polygon","arcs":[[-319,-1832,-1871,-1870,-1856,-434,-439]],"properties":{"grunnkretsnummer":"39010405","grunnkretsnavn":"Åsgårdstrand","delomradenummer":"390104","delomradenavn":"Åsgårdstrand","kommunenummer":"3901"}},{"type":"Polygon","arcs":[[-1760,-1805,-1877,-1841,-1765,-1813,1879]],"properties":{"grunnkretsnummer":"39010804","grunnkretsnavn":"Jota","delomradenummer":"390108","delomradenavn":"Sydbyen","kommunenummer":"3901"}},{"type":"Polygon","arcs":[[-1879,1880,-1748,-1747,-1790,-1789,-1788,1881,-1860,-461,-460,-1843,-1876,-1803]],"properties":{"grunnkretsnummer":"39010706","grunnkretsnavn":"Havneområdet-Lystlunden","delomradenummer":"390107","delomradenavn":"Sentrum","kommunenummer":"3901"}},{"type":"Polygon","arcs":[[-1854,-1761,-1880,-1812,-1796]],"properties":{"grunnkretsnummer":"39010805","grunnkretsnavn":"Søndre Baggerød","delomradenummer":"390108","delomradenavn":"Sydbyen","kommunenummer":"3901"}},{"type":"Polygon","arcs":[[-1749,-1881,-1878,-1837,-1839]],"properties":{"grunnkretsnummer":"39010703","grunnkretsnavn":"Ollebakken","delomradenummer":"390107","delomradenavn":"Sentrum","kommunenummer":"3901"}}]},"grunnkretserUtenHavgrense":{"type":"GeometryCollection","geometries":[{"type":"Polygon","arcs":[[0,1,2,3,4,5]],"properties":{"grunnkretsnummer":"39071709","grunnkretsnavn":"Kværne","delomradenummer":"390717","delomradenavn":"Skjee","kommunenummer":"3907"}},{"type":"Polygon","arcs":[[6,7,1882,1883,1884,10]],"properties":{"grunnkretsnummer":"39090303","grunnkretsnavn":"Torstrand nord","delomradenummer":"390903","delomradenavn":"Torstrand","kommunenummer":"3909"}},{"type":"Polygon","arcs":[[11,12,13,14,15,16,17]],"properties":{"grunnkretsnummer":"39091609","grunnkretsnavn":"Hvatum-Linnom","delomradenummer":"390916","delomradenavn":"Brunlanes Østre","kommunenummer":"3909"}},{"type":"Polygon","arcs":[[18,1885,1886,1887,21,22,23]],"properties":{"grunnkretsnummer":"39051103","grunnkretsnavn":"Engene 2","delomradenummer":"390511","delomradenavn":"Stensarmen - Træleborg","kommunenummer":"3905"}},{"type":"Polygon","arcs":[[-22,-1888,1888,1889,26,27,28]],"properties":{"grunnkretsnummer":"39051105","grunnkretsnavn":"Træleborg 2","delomradenummer":"390511","delomradenavn":"Stensarmen - Træleborg","kommunenummer":"3905"}},{"type":"Polygon","arcs":[[29,30,31,32,33]],"properties":{"grunnkretsnummer":"39051305","grunnkretsnavn":"Kilen syd","delomradenummer":"390513","delomradenavn":"Solvang - Kilen - Byskogen","kommunenummer":"3905"}},{"type":"Polygon","arcs":[[34,35,36,37,38,39]],"properties":{"grunnkretsnummer":"39051405","grunnkretsnavn":"Gjelstad","delomradenummer":"390514","delomradenavn":"Våle","kommunenummer":"3905"}},{"type":"Polygon","arcs":[[40,1890,1891,45]],"properties":{"grunnkretsnummer":"39071117","grunnkretsnavn":"Tangen","delomradenummer":"390711","delomradenavn":"Vesterøy","kommunenummer":"3907"}},{"type":"Polygon","arcs":[[46,47,48,49]],"properties":{"grunnkretsnummer":"39051203","grunnkretsnavn":"Teie","delomradenummer":"390512","delomradenavn":"Kaldnes - Tei","kommunenummer":"3905"}},{"type":"Polygon","arcs":[[50,51,52,53,54,55,56,57,58,59]],"properties":{"grunnkretsnummer":"39051705","grunnkretsnavn":"Valmestad","delomradenummer":"390517","delomradenavn":"Fon - Vivestad","kommunenummer":"3905"}},{"type":"Polygon","arcs":[[1892,61,62,63,64,65,1893,1894]],"properties":{"grunnkretsnummer":"39050904","grunnkretsnavn":"Nordbyen","delomradenummer":"390509","delomradenavn":"Sentrum - Slottsfjellet","kommunenummer":"3905"}},{"type":"Polygon","arcs":[[69,70,71,72,73,74,1895,1896]],"properties":{"grunnkretsnummer":"39051101","grunnkretsnavn":"Gunnarsbø","delomradenummer":"390511","delomradenavn":"Stensarmen - Træleborg","kommunenummer":"3905"}},{"type":"Polygon","arcs":[[77,78,79,80,81]],"properties":{"grunnkretsnummer":"39051308","grunnkretsnavn":"Solvang 2","delomradenummer":"390513","delomradenavn":"Solvang - Kilen - Byskogen","kommunenummer":"3905"}},{"type":"Polygon","arcs":[[-1894,-66,82,83,-70,1897]],"properties":{"grunnkretsnummer":"39050908","grunnkretsnavn":"Sentrum syd","delomradenummer":"390509","delomradenavn":"Sentrum - Slottsfjellet","kommunenummer":"3905"}},{"type":"Polygon","arcs":[[85,86,87,88,89]],"properties":{"grunnkretsnummer":"39051609","grunnkretsnavn":"Kile","delomradenummer":"390516","delomradenavn":"Ramnes","kommunenummer":"3905"}},{"type":"Polygon","arcs":[[90,91,92,93,94,95,96,97,98,99,100]],"properties":{"grunnkretsnummer":"39050201","grunnkretsnavn":"Nauen","delomradenummer":"390502","delomradenavn":"Barkåker","kommunenummer":"3905"}},{"type":"Polygon","arcs":[[101,102,103,104,105,106,-38]],"properties":{"grunnkretsnummer":"39051409","grunnkretsnavn":"Sørby","delomradenummer":"390514","delomradenavn":"Våle","kommunenummer":"3905"}},{"type":"Polygon","arcs":[[107,-32,108,1898,1899,-1886,-19,110,111]],"properties":{"grunnkretsnummer":"39051310","grunnkretsnavn":"Heimdal syd","delomradenummer":"390513","delomradenavn":"Solvang - Kilen - Byskogen","kommunenummer":"3905"}},{"type":"Polygon","arcs":[[112,113,-63,114]],"properties":{"grunnkretsnummer":"39050902","grunnkretsnavn":"Teglhagen","delomradenummer":"390509","delomradenavn":"Sentrum - Slottsfjellet","kommunenummer":"3905"}},{"type":"Polygon","arcs":[[115,116,117,118]],"properties":{"grunnkretsnummer":"39050302","grunnkretsnavn":"Kjelle","delomradenummer":"390503","delomradenavn":"Eik","kommunenummer":"3905"}},{"type":"Polygon","arcs":[[119,120,121,122,123,1900,1901,1902,126]],"properties":{"grunnkretsnummer":"39090203","grunnkretsnavn":"Sentrum","delomradenummer":"390902","delomradenavn":"Hovedbyen","kommunenummer":"3909"}},{"type":"Polygon","arcs":[[127,128,129,130,131,132,133]],"properties":{"grunnkretsnummer":"39091703","grunnkretsnavn":"Torsås","delomradenummer":"390917","delomradenavn":"Lardal","kommunenummer":"3909"}},{"type":"Polygon","arcs":[[134,135,136,137,138,-72,139]],"properties":{"grunnkretsnummer":"39050905","grunnkretsnavn":"Byfogdløkken","delomradenummer":"390509","delomradenavn":"Sentrum - Slottsfjellet","kommunenummer":"3905"}},{"type":"Polygon","arcs":[[140,141,142,143]],"properties":{"grunnkretsnummer":"39050306","grunnkretsnavn":"Eik","delomradenummer":"390503","delomradenavn":"Eik","kommunenummer":"3905"}},{"type":"Polygon","arcs":[[144,145,146,147,-87,148,-56,149]],"properties":{"grunnkretsnummer":"39051702","grunnkretsnavn":"Fon","delomradenummer":"390517","delomradenavn":"Fon - Vivestad","kommunenummer":"3905"}},{"type":"Polygon","arcs":[[150,151,152,153,-137,154,-113]],"properties":{"grunnkretsnummer":"39051001","grunnkretsnavn":"Frodeløkken","delomradenummer":"390510","delomradenavn":"Banesløyfen","kommunenummer":"3905"}},{"type":"Polygon","arcs":[[155,-140,-71,-84]],"properties":{"grunnkretsnummer":"39050907","grunnkretsnavn":"Møllebakken","delomradenummer":"390509","delomradenavn":"Sentrum - Slottsfjellet","kommunenummer":"3905"}},{"type":"Polygon","arcs":[[-114,-155,-136,156,-64]],"properties":{"grunnkretsnummer":"39050903","grunnkretsnavn":"Fjerdingen","delomradenummer":"390509","delomradenavn":"Sentrum - Slottsfjellet","kommunenummer":"3905"}},{"type":"Polygon","arcs":[[-39,-107,157,158,-147,159]],"properties":{"grunnkretsnummer":"39051406","grunnkretsnavn":"Kirkevoll","delomradenummer":"390514","delomradenavn":"Våle","kommunenummer":"3905"}},{"type":"Polygon","arcs":[[160,-48,161,1903,1904]],"properties":{"grunnkretsnummer":"39051204","grunnkretsnavn":"Ørsnes","delomradenummer":"390512","delomradenavn":"Kaldnes - Tei","kommunenummer":"3905"}},{"type":"Polygon","arcs":[[165,166,-33,-108,167,-81]],"properties":{"grunnkretsnummer":"39051309","grunnkretsnavn":"Heimdal nord","delomradenummer":"390513","delomradenavn":"Solvang - Kilen - Byskogen","kommunenummer":"3905"}},{"type":"Polygon","arcs":[[168,169]],"properties":{"grunnkretsnummer":"39051202","grunnkretsnavn":"Fagerheim","delomradenummer":"390512","delomradenavn":"Kaldnes - Tei","kommunenummer":"3905"}},{"type":"Polygon","arcs":[[170,171,1905,1906,1907,175]],"properties":{"grunnkretsnummer":"39050701","grunnkretsnavn":"Teigen","delomradenummer":"390507","delomradenavn":"Husvik","kommunenummer":"3905"}},{"type":"Polygon","arcs":[[176,177,178]],"properties":{"grunnkretsnummer":"39050110","grunnkretsnavn":"Hogsnes","delomradenummer":"390501","delomradenavn":"Sem","kommunenummer":"3905"}},{"type":"Polygon","arcs":[[179,1908,1909,1910,184,185]],"properties":{"grunnkretsnummer":"39050603","grunnkretsnavn":"Ringshaug øst","delomradenummer":"390506","delomradenavn":"Ringshaug","kommunenummer":"3905"}},{"type":"Polygon","arcs":[[-58,186,-90,187,188,189,190]],"properties":{"grunnkretsnummer":"39051607","grunnkretsnavn":"Vestre Jerpetjønn","delomradenummer":"390516","delomradenavn":"Ramnes","kommunenummer":"3905"}},{"type":"Polygon","arcs":[[191,192,-40,-160,-146]],"properties":{"grunnkretsnummer":"39051407","grunnkretsnavn":"Svinevoll","delomradenummer":"390514","delomradenavn":"Våle","kommunenummer":"3905"}},{"type":"Polygon","arcs":[[193,194,195,196,-31]],"properties":{"grunnkretsnummer":"39050501","grunnkretsnavn":"Presterød","delomradenummer":"390505","delomradenavn":"Presterød","kommunenummer":"3905"}},{"type":"Polygon","arcs":[[197,198,199,200]],"properties":{"grunnkretsnummer":"39051602","grunnkretsnavn":"Klopp","delomradenummer":"390516","delomradenavn":"Ramnes","kommunenummer":"3905"}},{"type":"Polygon","arcs":[[201,202,203]],"properties":{"grunnkretsnummer":"39050606","grunnkretsnavn":"Ilebrekke","delomradenummer":"390506","delomradenavn":"Ringshaug","kommunenummer":"3905"}},{"type":"Polygon","arcs":[[204,205,206,207,208,209]],"properties":{"grunnkretsnummer":"39050507","grunnkretsnavn":"Tolvsrød","delomradenummer":"390505","delomradenavn":"Presterød","kommunenummer":"3905"}},{"type":"Polygon","arcs":[[210,211,212,213,-95,214,215]],"properties":{"grunnkretsnummer":"39050206","grunnkretsnavn":"Rakkås","delomradenummer":"390502","delomradenavn":"Barkåker","kommunenummer":"3905"}},{"type":"Polygon","arcs":[[216,-79,217]],"properties":{"grunnkretsnummer":"39051306","grunnkretsnavn":"Stenmalen","delomradenummer":"390513","delomradenavn":"Solvang - Kilen - Byskogen","kommunenummer":"3905"}},{"type":"Polygon","arcs":[[218,219,220,221,-91,222,223,-199,224]],"properties":{"grunnkretsnummer":"39051601","grunnkretsnavn":"Bjune","delomradenummer":"390516","delomradenavn":"Ramnes","kommunenummer":"3905"}},{"type":"Polygon","arcs":[[225,-203,226,227,228,-206,229,230]],"properties":{"grunnkretsnummer":"39050604","grunnkretsnavn":"Åsmundrød","delomradenummer":"390506","delomradenavn":"Ringshaug","kommunenummer":"3905"}},{"type":"Polygon","arcs":[[231,232,-209,233,1911,1912,1913,236,237,-171]],"properties":{"grunnkretsnummer":"39050702","grunnkretsnavn":"Ulviken","delomradenummer":"390507","delomradenavn":"Husvik","kommunenummer":"3905"}},{"type":"Polygon","arcs":[[-188,-89,238,239,240]],"properties":{"grunnkretsnummer":"39051608","grunnkretsnavn":"Brår","delomradenummer":"390516","delomradenavn":"Ramnes","kommunenummer":"3905"}},{"type":"Polygon","arcs":[[241,242,243,-141,244]],"properties":{"grunnkretsnummer":"39050304","grunnkretsnavn":"Eik vestre","delomradenummer":"390503","delomradenavn":"Eik","kommunenummer":"3905"}},{"type":"Polygon","arcs":[[-105,245,246,247,248,249]],"properties":{"grunnkretsnummer":"39051404","grunnkretsnavn":"Grøtås","delomradenummer":"390514","delomradenavn":"Våle","kommunenummer":"3905"}},{"type":"Polygon","arcs":[[1914,251,252,253,1915,1916]],"properties":{"grunnkretsnummer":"39050408","grunnkretsnavn":"Volden","delomradenummer":"390504","delomradenavn":"Klokkeråsen","kommunenummer":"3905"}},{"type":"Polygon","arcs":[[255,256,257,258]],"properties":{"grunnkretsnummer":"39050104","grunnkretsnavn":"Semsbyen","delomradenummer":"390501","delomradenavn":"Sem","kommunenummer":"3905"}},{"type":"Polygon","arcs":[[-149,-86,-187,-57]],"properties":{"grunnkretsnummer":"39051701","grunnkretsnavn":"Østre Jerpetjønn","delomradenummer":"390517","delomradenavn":"Fon - Vivestad","kommunenummer":"3905"}},{"type":"Polygon","arcs":[[-258,259,260]],"properties":{"grunnkretsnummer":"39050107","grunnkretsnavn":"Vik","delomradenummer":"390501","delomradenavn":"Sem","kommunenummer":"3905"}},{"type":"MultiPolygon","arcs":[[[-1912,-234,-208,263,1917,1918]],[[1919]]],"properties":{"grunnkretsnummer":"39050703","grunnkretsnavn":"Vallø","delomradenummer":"390507","delomradenavn":"Husvik","kommunenummer":"3905"}},{"type":"Polygon","arcs":[[265,-23,-29,266,267,-73,-139]],"properties":{"grunnkretsnummer":"39051102","grunnkretsnavn":"Engene 1","delomradenummer":"390511","delomradenavn":"Stensarmen - Træleborg","kommunenummer":"3905"}},{"type":"Polygon","arcs":[[268,269,-223,-101,270,271,272,273,274,275]],"properties":{"grunnkretsnummer":"39050102","grunnkretsnavn":"Grette","delomradenummer":"390501","delomradenavn":"Sem","kommunenummer":"3905"}},{"type":"Polygon","arcs":[[1920]],"properties":{"grunnkretsnummer":"39050801","grunnkretsnavn":"Husøy","delomradenummer":"390508","delomradenavn":"Husøy","kommunenummer":"3905"}},{"type":"Polygon","arcs":[[280,281,282,283,-35,-193,284]],"properties":{"grunnkretsnummer":"39051408","grunnkretsnavn":"Kleven","delomradenummer":"390514","delomradenavn":"Våle","kommunenummer":"3905"}},{"type":"Polygon","arcs":[[285,286,1921,1922,-1909,-180,288,-227,-202]],"properties":{"grunnkretsnummer":"39050605","grunnkretsnavn":"Skallevold","delomradenummer":"390506","delomradenavn":"Ringshaug","kommunenummer":"3905"}},{"type":"Polygon","arcs":[[289,290,291,292,293,294,295,-260,-257]],"properties":{"grunnkretsnummer":"39050108","grunnkretsnavn":"Manum","delomradenummer":"390501","delomradenavn":"Sem","kommunenummer":"3905"}},{"type":"Polygon","arcs":[[-47,296,-169,297,298,1923,1924,-1904,-162]],"properties":{"grunnkretsnummer":"39051201","grunnkretsnavn":"Kaldnes","delomradenummer":"390512","delomradenavn":"Kaldnes - Tei","kommunenummer":"3905"}},{"type":"Polygon","arcs":[[-96,-214,300,-242,301]],"properties":{"grunnkretsnummer":"39050303","grunnkretsnavn":"Bruserød","delomradenummer":"390503","delomradenavn":"Eik","kommunenummer":"3905"}},{"type":"Polygon","arcs":[[302,-225,-198,303,304,-240]],"properties":{"grunnkretsnummer":"39051604","grunnkretsnavn":"Bø","delomradenummer":"390516","delomradenavn":"Ramnes","kommunenummer":"3905"}},{"type":"Polygon","arcs":[[305,-210,-233,306]],"properties":{"grunnkretsnummer":"39050508","grunnkretsnavn":"Fyllpå","delomradenummer":"390505","delomradenavn":"Presterød","kommunenummer":"3905"}},{"type":"Polygon","arcs":[[307,308,309,310,-218,-78,-152,311,-116,312]],"properties":{"grunnkretsnummer":"39051301","grunnkretsnavn":"Byskogen","delomradenummer":"390513","delomradenavn":"Solvang - Kilen - Byskogen","kommunenummer":"3905"}},{"type":"Polygon","arcs":[[313,-231,314,315,316]],"properties":{"grunnkretsnummer":"39050505","grunnkretsnavn":"Linnom","delomradenummer":"390505","delomradenavn":"Presterød","kommunenummer":"3905"}},{"type":"Polygon","arcs":[[317,318,319,320,321]],"properties":{"grunnkretsnummer":"39050405","grunnkretsnavn":"Rom","delomradenummer":"390504","delomradenavn":"Klokkeråsen","kommunenummer":"3905"}},{"type":"Polygon","arcs":[[-1906,-172,-238,323,1925,1926]],"properties":{"grunnkretsnummer":"39050705","grunnkretsnavn":"Nes","delomradenummer":"390507","delomradenavn":"Husvik","kommunenummer":"3905"}},{"type":"Polygon","arcs":[[326,327,-246,-104]],"properties":{"grunnkretsnummer":"39051403","grunnkretsnavn":"Haugan","delomradenummer":"390514","delomradenavn":"Våle","kommunenummer":"3905"}},{"type":"Polygon","arcs":[[328,329,330,331,-54,332]],"properties":{"grunnkretsnummer":"39051706","grunnkretsnavn":"Stokke","delomradenummer":"390517","delomradenavn":"Fon - Vivestad","kommunenummer":"3905"}},{"type":"Polygon","arcs":[[-200,-224,-270,333,-1,334,335,336]],"properties":{"grunnkretsnummer":"39051603","grunnkretsnavn":"Jarberg","delomradenummer":"390516","delomradenavn":"Ramnes","kommunenummer":"3905"}},{"type":"Polygon","arcs":[[337,338,339,340,-92,-222]],"properties":{"grunnkretsnummer":"39050202","grunnkretsnavn":"Tveiten","delomradenummer":"390502","delomradenavn":"Barkåker","kommunenummer":"3905"}},{"type":"Polygon","arcs":[[-82,341,342,-153]],"properties":{"grunnkretsnummer":"39051002","grunnkretsnavn":"Gamle Idretten","delomradenummer":"390510","delomradenavn":"Banesløyfen","kommunenummer":"3905"}},{"type":"Polygon","arcs":[[-195,343]],"properties":{"grunnkretsnummer":"39050502","grunnkretsnavn":"Presterødåsen","delomradenummer":"390505","delomradenavn":"Presterød","kommunenummer":"3905"}},{"type":"Polygon","arcs":[[-159,344,-219,-303,-239,-88,-148]],"properties":{"grunnkretsnummer":"39051501","grunnkretsnavn":"Revetal","delomradenummer":"390515","delomradenavn":"Undrumsdal","kommunenummer":"3905"}},{"type":"Polygon","arcs":[[-289,-186,345,-228]],"properties":{"grunnkretsnummer":"39050602","grunnkretsnavn":"Ringshaug vest","delomradenummer":"390506","delomradenavn":"Ringshaug","kommunenummer":"3905"}},{"type":"Polygon","arcs":[[346,347,348,349]],"properties":{"grunnkretsnummer":"39050308","grunnkretsnavn":"Velleskogen","delomradenummer":"390503","delomradenavn":"Eik","kommunenummer":"3905"}},{"type":"Polygon","arcs":[[-322,350,351,-211,352,353]],"properties":{"grunnkretsnummer":"39050207","grunnkretsnavn":"Skibrek","delomradenummer":"390502","delomradenavn":"Barkåker","kommunenummer":"3905"}},{"type":"Polygon","arcs":[[354,-253,355,356,-286,357]],"properties":{"grunnkretsnummer":"39050407","grunnkretsnavn":"Tverved","delomradenummer":"390504","delomradenavn":"Klokkeråsen","kommunenummer":"3905"}},{"type":"Polygon","arcs":[[358,-293,359,360,1927,1928,1929,364]],"properties":{"grunnkretsnummer":"39050118","grunnkretsnavn":"Vearåsen","delomradenummer":"390501","delomradenavn":"Sem","kommunenummer":"3905"}},{"type":"Polygon","arcs":[[-178,365,366,367]],"properties":{"grunnkretsnummer":"39050116","grunnkretsnavn":"Vear","delomradenummer":"390501","delomradenavn":"Sem","kommunenummer":"3905"}},{"type":"Polygon","arcs":[[-168,-112,368,-342]],"properties":{"grunnkretsnummer":"39051003","grunnkretsnavn":"Tyttebærløkka","delomradenummer":"390510","delomradenavn":"Banesløyfen","kommunenummer":"3905"}},{"type":"Polygon","arcs":[[369,-272,370,371,1930,1931,1932,374,375,-291]],"properties":{"grunnkretsnummer":"39050113","grunnkretsnavn":"Auli","delomradenummer":"390501","delomradenavn":"Sem","kommunenummer":"3905"}},{"type":"Polygon","arcs":[[-28,376,-267]],"properties":{"grunnkretsnummer":"39051104","grunnkretsnavn":"Træleborg 1","delomradenummer":"390511","delomradenavn":"Stensarmen - Træleborg","kommunenummer":"3905"}},{"type":"Polygon","arcs":[[-197,377,378,-307,-232,-176,-1908,1933,-1899,-109]],"properties":{"grunnkretsnummer":"39050509","grunnkretsnavn":"Råel","delomradenummer":"390505","delomradenavn":"Presterød","kommunenummer":"3905"}},{"type":"Polygon","arcs":[[-194,380,381,382,-317,383,-378,-196,-344]],"properties":{"grunnkretsnummer":"39050503","grunnkretsnavn":"Sande","delomradenummer":"390505","delomradenavn":"Presterød","kommunenummer":"3905"}},{"type":"Polygon","arcs":[[-154,-343,-369,-111,-24,-266,-138]],"properties":{"grunnkretsnummer":"39051004","grunnkretsnavn":"Banesløyfen","delomradenummer":"390510","delomradenavn":"Banesløyfen","kommunenummer":"3905"}},{"type":"Polygon","arcs":[[-74,-268,-377,-27,384]],"properties":{"grunnkretsnummer":"39051106","grunnkretsnavn":"Træleborg 3","delomradenummer":"390511","delomradenavn":"Stensarmen - Træleborg","kommunenummer":"3905"}},{"type":"Polygon","arcs":[[-304,-201,-337,385]],"properties":{"grunnkretsnummer":"39051605","grunnkretsnavn":"Jare","delomradenummer":"390516","delomradenavn":"Ramnes","kommunenummer":"3905"}},{"type":"Polygon","arcs":[[-336,386,387,-189,-241,-305,-386]],"properties":{"grunnkretsnummer":"39051606","grunnkretsnavn":"Stange","delomradenummer":"390516","delomradenavn":"Ramnes","kommunenummer":"3905"}},{"type":"Polygon","arcs":[[-367,388,1934,-1928,-361]],"properties":{"grunnkretsnummer":"39050117","grunnkretsnavn":"Rakkevik","delomradenummer":"390501","delomradenavn":"Sem","kommunenummer":"3905"}},{"type":"Polygon","arcs":[[391,392,393,-358,-204,-226,-314,-383,394,-348]],"properties":{"grunnkretsnummer":"39050403","grunnkretsnavn":"Basberg","delomradenummer":"390504","delomradenavn":"Klokkeråsen","kommunenummer":"3905"}},{"type":"Polygon","arcs":[[-310,395,396,397]],"properties":{"grunnkretsnummer":"39051303","grunnkretsnavn":"Solvanglia","delomradenummer":"390513","delomradenavn":"Solvang - Kilen - Byskogen","kommunenummer":"3905"}},{"type":"MultiPolygon","arcs":[[[398,399,-339,400,-248,401,402,403]],[[404,405,406]]],"properties":{"grunnkretsnummer":"39051504","grunnkretsnavn":"Østre Undrumsdal","delomradenummer":"390515","delomradenavn":"Undrumsdal","kommunenummer":"3905"}},{"type":"Polygon","arcs":[[407,-215,-94,408]],"properties":{"grunnkretsnummer":"39050203","grunnkretsnavn":"Fritsø","delomradenummer":"390502","delomradenavn":"Barkåker","kommunenummer":"3905"}},{"type":"Polygon","arcs":[[409,410,-285,-192,-145,411,-331]],"properties":{"grunnkretsnummer":"39051703","grunnkretsnavn":"Revå","delomradenummer":"390517","delomradenavn":"Fon - Vivestad","kommunenummer":"3905"}},{"type":"Polygon","arcs":[[412,-409,-93,-341]],"properties":{"grunnkretsnummer":"39050204","grunnkretsnavn":"Barkåker","delomradenummer":"390502","delomradenavn":"Barkåker","kommunenummer":"3905"}},{"type":"Polygon","arcs":[[-397,413,-34,-167,414]],"properties":{"grunnkretsnummer":"39051304","grunnkretsnavn":"Trudvanglia","delomradenummer":"390513","delomradenavn":"Solvang - Kilen - Byskogen","kommunenummer":"3905"}},{"type":"Polygon","arcs":[[415,416,417,-327,-103,418,419,420]],"properties":{"grunnkretsnummer":"39051402","grunnkretsnavn":"Grettebygd","delomradenummer":"390514","delomradenavn":"Våle","kommunenummer":"3905"}},{"type":"Polygon","arcs":[[-315,-230,-205,-306,-379,421]],"properties":{"grunnkretsnummer":"39050506","grunnkretsnavn":"Gauterød","delomradenummer":"390505","delomradenavn":"Presterød","kommunenummer":"3905"}},{"type":"Polygon","arcs":[[422,-249,-401,-338,-221]],"properties":{"grunnkretsnummer":"39051503","grunnkretsnavn":"Vestre Undrumsdal","delomradenummer":"390515","delomradenavn":"Undrumsdal","kommunenummer":"3905"}},{"type":"Polygon","arcs":[[-316,-422,-384]],"properties":{"grunnkretsnummer":"39050504","grunnkretsnavn":"Sandeåsen","delomradenummer":"390505","delomradenavn":"Presterød","kommunenummer":"3905"}},{"type":"Polygon","arcs":[[-400,423,424,425,-353,-216,-408,-413,-340]],"properties":{"grunnkretsnummer":"39050205","grunnkretsnavn":"Jareteigen","delomradenummer":"390502","delomradenavn":"Barkåker","kommunenummer":"3905"}},{"type":"Polygon","arcs":[[-100,426,-271]],"properties":{"grunnkretsnummer":"39050114","grunnkretsnavn":"Åskollen","delomradenummer":"390501","delomradenavn":"Sem","kommunenummer":"3905"}},{"type":"Polygon","arcs":[[-97,-302,-245,-144,427,-313,-119,428]],"properties":{"grunnkretsnummer":"39050301","grunnkretsnavn":"Berg","delomradenummer":"390503","delomradenavn":"Eik","kommunenummer":"3905"}},{"type":"Polygon","arcs":[[-157,-135,-156,-83,-65]],"properties":{"grunnkretsnummer":"39050906","grunnkretsnavn":"Sentrum nord","delomradenummer":"390509","delomradenavn":"Sentrum - Slottsfjellet","kommunenummer":"3905"}},{"type":"Polygon","arcs":[[-213,429,-392,-347,430,-243,-301]],"properties":{"grunnkretsnummer":"39050401","grunnkretsnavn":"Roberg","delomradenummer":"390504","delomradenavn":"Klokkeråsen","kommunenummer":"3905"}},{"type":"Polygon","arcs":[[-370,-290,-256,431,-273]],"properties":{"grunnkretsnummer":"39050103","grunnkretsnavn":"Aulerød","delomradenummer":"390501","delomradenavn":"Sem","kommunenummer":"3905"}},{"type":"Polygon","arcs":[[-334,-269,432,-3,-2]],"properties":{"grunnkretsnummer":"39050101","grunnkretsnavn":"Hesbu","delomradenummer":"390501","delomradenavn":"Sem","kommunenummer":"3905"}},{"type":"Polygon","arcs":[[1935,1936,437,-320,438]],"properties":{"grunnkretsnummer":"39050404","grunnkretsnavn":"Stang","delomradenummer":"390504","delomradenavn":"Klokkeråsen","kommunenummer":"3905"}},{"type":"Polygon","arcs":[[-99,439,-371,-427]],"properties":{"grunnkretsnummer":"39050112","grunnkretsnavn":"Aas","delomradenummer":"390501","delomradenavn":"Sem","kommunenummer":"3905"}},{"type":"Polygon","arcs":[[-244,-431,-350,440,-142]],"properties":{"grunnkretsnummer":"39050305","grunnkretsnavn":"Lofseik","delomradenummer":"390503","delomradenavn":"Eik","kommunenummer":"3905"}},{"type":"Polygon","arcs":[[-428,-143,-441,-349,-395,-382,441,-308]],"properties":{"grunnkretsnummer":"39050307","grunnkretsnavn":"Eik søndre","delomradenummer":"390503","delomradenavn":"Eik","kommunenummer":"3905"}},{"type":"Polygon","arcs":[[-311,-398,-415,-166,-80,-217]],"properties":{"grunnkretsnummer":"39051307","grunnkretsnavn":"Solvang 1","delomradenummer":"390513","delomradenavn":"Solvang - Kilen - Byskogen","kommunenummer":"3905"}},{"type":"Polygon","arcs":[[-442,-381,-30,-414,-396,-309]],"properties":{"grunnkretsnummer":"39051302","grunnkretsnavn":"Kilen nord","delomradenummer":"390513","delomradenavn":"Solvang - Kilen - Byskogen","kommunenummer":"3905"}},{"type":"Polygon","arcs":[[-117,-312,-151,-115,-62,-1893,1937,1938,443]],"properties":{"grunnkretsnummer":"39050901","grunnkretsnavn":"Korten","delomradenummer":"390509","delomradenavn":"Sentrum - Slottsfjellet","kommunenummer":"3905"}},{"type":"Polygon","arcs":[[-412,-150,-55,-332]],"properties":{"grunnkretsnummer":"39051704","grunnkretsnavn":"Vallumrød","delomradenummer":"390517","delomradenavn":"Fon - Vivestad","kommunenummer":"3905"}},{"type":"Polygon","arcs":[[-440,-98,-429,-118,-444,-1939,1939,-1931,-372]],"properties":{"grunnkretsnummer":"39050115","grunnkretsnavn":"Jarlsberg","delomradenummer":"390501","delomradenavn":"Sem","kommunenummer":"3905"}},{"type":"Polygon","arcs":[[-385,-1890,1940,-1896,-75]],"properties":{"grunnkretsnummer":"39051107","grunnkretsnavn":"Stensarmen","delomradenummer":"390511","delomradenavn":"Stensarmen - Træleborg","kommunenummer":"3905"}},{"type":"Polygon","arcs":[[-351,-321,-438,-1937,1941,-1916,-254,-355,-394,446]],"properties":{"grunnkretsnummer":"39050406","grunnkretsnavn":"Studsrød","delomradenummer":"390504","delomradenavn":"Klokkeråsen","kommunenummer":"3905"}},{"type":"Polygon","arcs":[[-229,-346,-185,-1911,1942,-1918,-264,-207]],"properties":{"grunnkretsnummer":"39050601","grunnkretsnavn":"Gårdbo","delomradenummer":"390506","delomradenavn":"Ringshaug","kommunenummer":"3905"}},{"type":"MultiPolygon","arcs":[[[-237,-1914,1943,-1926,-324]],[[1944]]],"properties":{"grunnkretsnummer":"39050704","grunnkretsnavn":"Husvik","delomradenummer":"390507","delomradenavn":"Husvik","kommunenummer":"3905"}},{"type":"Polygon","arcs":[[448,449,-275,450,-295]],"properties":{"grunnkretsnummer":"39050106","grunnkretsnavn":"Brendsrød","delomradenummer":"390501","delomradenavn":"Sem","kommunenummer":"3905"}},{"type":"Polygon","arcs":[[-375,-1933,1945,-389,-366,-177]],"properties":{"grunnkretsnummer":"39050111","grunnkretsnavn":"Smørberg","delomradenummer":"390501","delomradenavn":"Sem","kommunenummer":"3905"}},{"type":"Polygon","arcs":[[-1922,-287,-357,452,1946,1947]],"properties":{"grunnkretsnummer":"39050410","grunnkretsnavn":"Karlsvik","delomradenummer":"390504","delomradenavn":"Klokkeråsen","kommunenummer":"3905"}},{"type":"Polygon","arcs":[[-1947,-453,-356,-252,-1915,1948]],"properties":{"grunnkretsnummer":"39050409","grunnkretsnavn":"Slagentangen","delomradenummer":"390504","delomradenavn":"Klokkeråsen","kommunenummer":"3905"}},{"type":"Polygon","arcs":[[-212,-352,-447,-393,-430]],"properties":{"grunnkretsnummer":"39050402","grunnkretsnavn":"Oseberg","delomradenummer":"390504","delomradenavn":"Klokkeråsen","kommunenummer":"3905"}},{"type":"Polygon","arcs":[[-158,-106,-250,-423,-220,-345]],"properties":{"grunnkretsnummer":"39051502","grunnkretsnavn":"Hengsrød","delomradenummer":"390515","delomradenavn":"Undrumsdal","kommunenummer":"3905"}},{"type":"Polygon","arcs":[[-432,-259,-261,-296,-451,-274]],"properties":{"grunnkretsnummer":"39050105","grunnkretsnavn":"Lasken","delomradenummer":"390501","delomradenavn":"Sem","kommunenummer":"3905"}},{"type":"Polygon","arcs":[[-376,-179,-368,-360,-292]],"properties":{"grunnkretsnummer":"39050109","grunnkretsnavn":"Bjelland","delomradenummer":"390501","delomradenavn":"Sem","kommunenummer":"3905"}},{"type":"Polygon","arcs":[[458,459,1949,1950,1951,463,464]],"properties":{"grunnkretsnummer":"39010204","grunnkretsnavn":"Steinsnes","delomradenummer":"390102","delomradenavn":"Granly","kommunenummer":"3901"}},{"type":"Polygon","arcs":[[465,466,467,468,469]],"properties":{"grunnkretsnummer":"39090404","grunnkretsnavn":"Byskogen nord","delomradenummer":"390904","delomradenavn":"Byskogen","kommunenummer":"3909"}},{"type":"Polygon","arcs":[[470,471,472,473]],"properties":{"grunnkretsnummer":"39090503","grunnkretsnavn":"Tagtvedt nord","delomradenummer":"390905","delomradenavn":"Tagtvedt","kommunenummer":"3909"}},{"type":"Polygon","arcs":[[474,475,476,477]],"properties":{"grunnkretsnummer":"39090904","grunnkretsnavn":"Hagalia","delomradenummer":"390909","delomradenavn":"Nanset Vest","kommunenummer":"3909"}},{"type":"Polygon","arcs":[[1952,479,480,481,1953,1954]],"properties":{"grunnkretsnummer":"39090601","grunnkretsnavn":"Gon","delomradenummer":"390906","delomradenavn":"Østre Halsen","kommunenummer":"3909"}},{"type":"Polygon","arcs":[[485,486,487,488,489]],"properties":{"grunnkretsnummer":"39091307","grunnkretsnavn":"Torsrød","delomradenummer":"390913","delomradenavn":"Stavern","kommunenummer":"3909"}},{"type":"Polygon","arcs":[[490,491,492,493,494,495,496]],"properties":{"grunnkretsnummer":"39091502","grunnkretsnavn":"Farriseidet","delomradenummer":"390915","delomradenavn":"Brunlanes Nordre","kommunenummer":"3909"}},{"type":"Polygon","arcs":[[-474,497,498,499]],"properties":{"grunnkretsnummer":"39090502","grunnkretsnavn":"Tagtvedt vest","delomradenummer":"390905","delomradenavn":"Tagtvedt","kommunenummer":"3909"}},{"type":"MultiPolygon","arcs":[[[1955]],[[1956]],[[1957]],[[1958]],[[1959]]],"properties":{"grunnkretsnummer":"39091401","grunnkretsnavn":"Arøya","delomradenummer":"390914","delomradenavn":"Brunlanes Vestre","kommunenummer":"3909"}},{"type":"Polygon","arcs":[[1960,507,1961,1962,1963,510,1964,1965,1966,514,1967,1968]],"properties":{"grunnkretsnummer":"39090709","grunnkretsnavn":"Spetalen","delomradenummer":"390907","delomradenavn":"Tjodalyng","kommunenummer":"3909"}},{"type":"Polygon","arcs":[[516,517,518,519,520,521]],"properties":{"grunnkretsnummer":"39090609","grunnkretsnavn":"Skurvemyra","delomradenummer":"390906","delomradenavn":"Østre Halsen","kommunenummer":"3909"}},{"type":"Polygon","arcs":[[-520,522,1969,1970,1971,525]],"properties":{"grunnkretsnummer":"39090611","grunnkretsnavn":"Kaupang","delomradenummer":"390906","delomradenavn":"Østre Halsen","kommunenummer":"3909"}},{"type":"MultiPolygon","arcs":[[[526,527,528,529,1972,1973,533]],[[1974]]],"properties":{"grunnkretsnummer":"39090707","grunnkretsnavn":"Varild","delomradenummer":"390907","delomradenavn":"Tjodalyng","kommunenummer":"3909"}},{"type":"Polygon","arcs":[[534,535,536]],"properties":{"grunnkretsnummer":"39091002","grunnkretsnavn":"Ødegården","delomradenummer":"390910","delomradenavn":"Hedrum Øst","kommunenummer":"3909"}},{"type":"Polygon","arcs":[[537,-499,538,539,540,-467]],"properties":{"grunnkretsnummer":"39090501","grunnkretsnavn":"Svaleveien","delomradenummer":"390905","delomradenavn":"Tagtvedt","kommunenummer":"3909"}},{"type":"Polygon","arcs":[[1975,542,543,-480,-1953,1976]],"properties":{"grunnkretsnummer":"39090602","grunnkretsnavn":"Rekkevik","delomradenummer":"390906","delomradenavn":"Østre Halsen","kommunenummer":"3909"}},{"type":"Polygon","arcs":[[546,1977,1978,1979,550,551,552]],"properties":{"grunnkretsnummer":"39091409","grunnkretsnavn":"Eidsten","delomradenummer":"390914","delomradenavn":"Brunlanes Vestre","kommunenummer":"3909"}},{"type":"Polygon","arcs":[[553,554,555]],"properties":{"grunnkretsnummer":"39091106","grunnkretsnavn":"Kvelde sentrum","delomradenummer":"390911","delomradenavn":"Kvelde","kommunenummer":"3909"}},{"type":"Polygon","arcs":[[556,557,-537,558,559,560,561,562,563]],"properties":{"grunnkretsnummer":"39091001","grunnkretsnavn":"Bommestad","delomradenummer":"390910","delomradenavn":"Hedrum Øst","kommunenummer":"3909"}},{"type":"Polygon","arcs":[[564,565,-496,566,567,-12,568]],"properties":{"grunnkretsnummer":"39091601","grunnkretsnavn":"Tanum","delomradenummer":"390916","delomradenavn":"Brunlanes Østre","kommunenummer":"3909"}},{"type":"Polygon","arcs":[[1980,571,572,573,574,1981,1982]],"properties":{"grunnkretsnummer":"39091304","grunnkretsnavn":"Nordre Bydel","delomradenummer":"390913","delomradenavn":"Stavern","kommunenummer":"3909"}},{"type":"Polygon","arcs":[[-577,577,578,-580,-581]],"properties":{"grunnkretsnummer":"39091505","grunnkretsnavn":"Omsland","delomradenummer":"390915","delomradenavn":"Brunlanes Nordre","kommunenummer":"3909"}},{"type":"Polygon","arcs":[[-1883,-8,582,1983,1984]],"properties":{"grunnkretsnummer":"39090305","grunnkretsnavn":"Vestre Halsen","delomradenummer":"390903","delomradenavn":"Torstrand","kommunenummer":"3909"}},{"type":"Polygon","arcs":[[586,587,588,589,590,-123]],"properties":{"grunnkretsnummer":"39090205","grunnkretsnavn":"Herregården","delomradenummer":"390902","delomradenavn":"Hovedbyen","kommunenummer":"3909"}},{"type":"Polygon","arcs":[[591,592,593,594,595]],"properties":{"grunnkretsnummer":"39091201","grunnkretsnavn":"Rimstad","delomradenummer":"390912","delomradenavn":"Hvarnes","kommunenummer":"3909"}},{"type":"Polygon","arcs":[[596,597,598,599,600,601]],"properties":{"grunnkretsnummer":"39090908","grunnkretsnavn":"Gopledal","delomradenummer":"390909","delomradenavn":"Nanset Vest","kommunenummer":"3909"}},{"type":"Polygon","arcs":[[-603,-604,604,605,606,607,-131,-609]],"properties":{"grunnkretsnummer":"39091702","grunnkretsnavn":"Tanum-Lardal","delomradenummer":"390917","delomradenavn":"Lardal","kommunenummer":"3909"}},{"type":"Polygon","arcs":[[612,613,614,1985,1986]],"properties":{"grunnkretsnummer":"39071109","grunnkretsnavn":"Framnes","delomradenummer":"390711","delomradenavn":"Vesterøy","kommunenummer":"3907"}},{"type":"Polygon","arcs":[[619,-569,-18,620,621]],"properties":{"grunnkretsnummer":"39091406","grunnkretsnavn":"Halle øst","delomradenummer":"390914","delomradenavn":"Brunlanes Vestre","kommunenummer":"3909"}},{"type":"Polygon","arcs":[[622,-574,623,624]],"properties":{"grunnkretsnummer":"39091306","grunnkretsnavn":"Varden","delomradenummer":"390913","delomradenavn":"Stavern","kommunenummer":"3909"}},{"type":"Polygon","arcs":[[625,626,627,628,629,630,631]],"properties":{"grunnkretsnummer":"39091101","grunnkretsnavn":"Lysebo","delomradenummer":"390911","delomradenavn":"Kvelde","kommunenummer":"3909"}},{"type":"Polygon","arcs":[[632,633,634,1987,1988,1989,637]],"properties":{"grunnkretsnummer":"39091301","grunnkretsnavn":"Fredriksvern verft","delomradenummer":"390913","delomradenavn":"Stavern","kommunenummer":"3909"}},{"type":"Polygon","arcs":[[638,639,-587,-122,640]],"properties":{"grunnkretsnummer":"39090204","grunnkretsnavn":"Sentrum nord","delomradenummer":"390902","delomradenavn":"Hovedbyen","kommunenummer":"3909"}},{"type":"Polygon","arcs":[[641,642,643,-592,644,-646,646]],"properties":{"grunnkretsnummer":"39091202","grunnkretsnavn":"Odberg","delomradenummer":"390912","delomradenavn":"Hvarnes","kommunenummer":"3909"}},{"type":"Polygon","arcs":[[-598,-478,647,648,649]],"properties":{"grunnkretsnummer":"39090903","grunnkretsnavn":"Torstvet","delomradenummer":"390909","delomradenavn":"Nanset Vest","kommunenummer":"3909"}},{"type":"MultiPolygon","arcs":[[[650,651,-551,-1980,1990,654]],[[1991]],[[1992]]],"properties":{"grunnkretsnummer":"39091410","grunnkretsnavn":"Holhjem","delomradenummer":"390914","delomradenavn":"Brunlanes Vestre","kommunenummer":"3909"}},{"type":"Polygon","arcs":[[655,656,657,658,659,660,661,662,663,-559,-536]],"properties":{"grunnkretsnummer":"39090704","grunnkretsnavn":"Lindhjem","delomradenummer":"390907","delomradenavn":"Tjodalyng","kommunenummer":"3909"}},{"type":"Polygon","arcs":[[-487,664,-633,665]],"properties":{"grunnkretsnummer":"39091302","grunnkretsnavn":"Auserød","delomradenummer":"390913","delomradenavn":"Stavern","kommunenummer":"3909"}},{"type":"Polygon","arcs":[[666,667,668,669,1993,1994,-1984,-583,-7,671,672]],"properties":{"grunnkretsnummer":"39090304","grunnkretsnavn":"Løkka","delomradenummer":"390903","delomradenavn":"Torstrand","kommunenummer":"3909"}},{"type":"Polygon","arcs":[[-595,673,674]],"properties":{"grunnkretsnummer":"39091108","grunnkretsnavn":"Nordkveldemoen","delomradenummer":"390911","delomradenavn":"Kvelde","kommunenummer":"3909"}},{"type":"Polygon","arcs":[[-1901,-124,-591,675,-672,-11,-1885,1995]],"properties":{"grunnkretsnummer":"39090301","grunnkretsnavn":"Tollerodden","delomradenummer":"390903","delomradenavn":"Torstrand","kommunenummer":"3909"}},{"type":"MultiPolygon","arcs":[[[677,678,679,680,-521,-526,-1972,1996,-1954,-482]],[[1997]]],"properties":{"grunnkretsnummer":"39090610","grunnkretsnavn":"Dreng","delomradenummer":"390906","delomradenavn":"Østre Halsen","kommunenummer":"3909"}},{"type":"Polygon","arcs":[[684,-601,-497,-566,685,686]],"properties":{"grunnkretsnummer":"39091503","grunnkretsnavn":"Sky","delomradenummer":"390915","delomradenavn":"Brunlanes Nordre","kommunenummer":"3909"}},{"type":"Polygon","arcs":[[-16,687,1998,1999,-1978,-547,691]],"properties":{"grunnkretsnummer":"39091408","grunnkretsnavn":"Anvik","delomradenummer":"390914","delomradenavn":"Brunlanes Vestre","kommunenummer":"3909"}},{"type":"Polygon","arcs":[[692,693,694,695,696,697,-629]],"properties":{"grunnkretsnummer":"39090911","grunnkretsnavn":"Bjerke","delomradenummer":"390909","delomradenavn":"Nanset Vest","kommunenummer":"3909"}},{"type":"Polygon","arcs":[[698,699,-476,700]],"properties":{"grunnkretsnummer":"39090905","grunnkretsnavn":"Nordbyveien","delomradenummer":"390909","delomradenavn":"Nanset Vest","kommunenummer":"3909"}},{"type":"Polygon","arcs":[[-624,-573,701,-634,-665,-486,702]],"properties":{"grunnkretsnummer":"39091303","grunnkretsnavn":"Fjerdingen","delomradenummer":"390913","delomradenavn":"Stavern","kommunenummer":"3909"}},{"type":"Polygon","arcs":[[-696,703,704,705,-557,706,707]],"properties":{"grunnkretsnummer":"39091005","grunnkretsnavn":"Seierstad","delomradenummer":"390910","delomradenavn":"Hedrum Øst","kommunenummer":"3909"}},{"type":"Polygon","arcs":[[-650,708,709,710,-599]],"properties":{"grunnkretsnummer":"39090902","grunnkretsnavn":"Nanset vest 2","delomradenummer":"390909","delomradenavn":"Nanset Vest","kommunenummer":"3909"}},{"type":"Polygon","arcs":[[-656,-535,-558,-706,711]],"properties":{"grunnkretsnummer":"39091003","grunnkretsnavn":"Verningen","delomradenummer":"390910","delomradenavn":"Hedrum Øst","kommunenummer":"3909"}},{"type":"Polygon","arcs":[[712,713,2000,2001,-1999,-688,-15]],"properties":{"grunnkretsnummer":"39091608","grunnkretsnavn":"Nalum","delomradenummer":"390916","delomradenavn":"Brunlanes Østre","kommunenummer":"3909"}},{"type":"Polygon","arcs":[[716,717,-527,718,-518,719]],"properties":{"grunnkretsnummer":"39090702","grunnkretsnavn":"Tjøllingvollen","delomradenummer":"390907","delomradenavn":"Tjodalyng","kommunenummer":"3909"}},{"type":"Polygon","arcs":[[-495,720,2002,2003,2004,723,-567]],"properties":{"grunnkretsnummer":"39091602","grunnkretsnavn":"Tenvik-Rødberg","delomradenummer":"390916","delomradenavn":"Brunlanes Østre","kommunenummer":"3909"}},{"type":"Polygon","arcs":[[724,725,-668,726]],"properties":{"grunnkretsnummer":"39090405","grunnkretsnavn":"Skrenten øst","delomradenummer":"390904","delomradenavn":"Byskogen","kommunenummer":"3909"}},{"type":"Polygon","arcs":[[727,2005,2006,-1982,-575,-623,729]],"properties":{"grunnkretsnummer":"39091605","grunnkretsnavn":"Solstad","delomradenummer":"390916","delomradenavn":"Brunlanes Østre","kommunenummer":"3909"}},{"type":"Polygon","arcs":[[730,731,732,733,734,735,-642,736,737]],"properties":{"grunnkretsnummer":"39091205","grunnkretsnavn":"Bårnes","delomradenummer":"390912","delomradenavn":"Hvarnes","kommunenummer":"3909"}},{"type":"MultiPolygon","arcs":[[[2007,739,740,2008,2009]],[[2010]]],"properties":{"grunnkretsnummer":"39090605","grunnkretsnavn":"Nordlyløkka","delomradenummer":"390906","delomradenavn":"Østre Halsen","kommunenummer":"3909"}},{"type":"Polygon","arcs":[[-607,743,744]],"properties":{"grunnkretsnummer":"39091705","grunnkretsnavn":"Svarstad aust","delomradenummer":"390917","delomradenavn":"Lardal","kommunenummer":"3909"}},{"type":"Polygon","arcs":[[-746,746,-333,-53,747,-605]],"properties":{"grunnkretsnummer":"39091701","grunnkretsnavn":"Hem-Lardal","delomradenummer":"390917","delomradenavn":"Lardal","kommunenummer":"3909"}},{"type":"Polygon","arcs":[[748,749,750,751,-471,-500,-538,-466,752,753]],"properties":{"grunnkretsnummer":"39090803","grunnkretsnavn":"Frostvet","delomradenummer":"390908","delomradenavn":"Nanset Øst","kommunenummer":"3909"}},{"type":"Polygon","arcs":[[-663,754,-528,-718,755]],"properties":{"grunnkretsnummer":"39090706","grunnkretsnavn":"Løve","delomradenummer":"390907","delomradenavn":"Tjodalyng","kommunenummer":"3909"}},{"type":"Polygon","arcs":[[756,-750,757]],"properties":{"grunnkretsnummer":"39090804","grunnkretsnavn":"Hovland","delomradenummer":"390908","delomradenavn":"Nanset Øst","kommunenummer":"3909"}},{"type":"Polygon","arcs":[[-491,-600,-711,758,-641,-121,759]],"properties":{"grunnkretsnummer":"39090202","grunnkretsnavn":"Bøkeskogen","delomradenummer":"390902","delomradenavn":"Hovedbyen","kommunenummer":"3909"}},{"type":"Polygon","arcs":[[760,-621,-17,-692,-553]],"properties":{"grunnkretsnummer":"39091407","grunnkretsnavn":"Manvik","delomradenummer":"390914","delomradenavn":"Brunlanes Vestre","kommunenummer":"3909"}},{"type":"Polygon","arcs":[[-1994,-670,761,762,-680,763,-740,-2008,2011]],"properties":{"grunnkretsnummer":"39090606","grunnkretsnavn":"Gloppe","delomradenummer":"390906","delomradenavn":"Østre Halsen","kommunenummer":"3909"}},{"type":"Polygon","arcs":[[-554,764,-674,-594,765,766,767,768,769,770]],"properties":{"grunnkretsnummer":"39091107","grunnkretsnavn":"Nes","delomradenummer":"390911","delomradenavn":"Kvelde","kommunenummer":"3909"}},{"type":"Polygon","arcs":[[771,-686,-565,-620,772,773,-775]],"properties":{"grunnkretsnummer":"39091501","grunnkretsnavn":"Hobek","delomradenummer":"390915","delomradenavn":"Brunlanes Nordre","kommunenummer":"3909"}},{"type":"Polygon","arcs":[[-659,775,-657,-712,-705,776,777,778,779]],"properties":{"grunnkretsnummer":"39091004","grunnkretsnavn":"Rødbøl","delomradenummer":"390910","delomradenavn":"Hedrum Øst","kommunenummer":"3909"}},{"type":"Polygon","arcs":[[-498,-473,780,-539]],"properties":{"grunnkretsnummer":"39090504","grunnkretsnavn":"Tagtvedt sør","delomradenummer":"390905","delomradenavn":"Tagtvedt","kommunenummer":"3909"}},{"type":"Polygon","arcs":[[-608,-745,781,782,-132]],"properties":{"grunnkretsnummer":"39091704","grunnkretsnavn":"Svarstad vest","delomradenummer":"390917","delomradenavn":"Lardal","kommunenummer":"3909"}},{"type":"Polygon","arcs":[[783,-753,784,785,-639,786]],"properties":{"grunnkretsnummer":"39090801","grunnkretsnavn":"Nanset øst 1","delomradenummer":"390908","delomradenavn":"Nanset Øst","kommunenummer":"3909"}},{"type":"Polygon","arcs":[[-736,787,-643]],"properties":{"grunnkretsnummer":"39091204","grunnkretsnavn":"Haugen","delomradenummer":"390912","delomradenavn":"Hvarnes","kommunenummer":"3909"}},{"type":"Polygon","arcs":[[788,-754,-784,789]],"properties":{"grunnkretsnummer":"39090802","grunnkretsnavn":"Nanset øst 2","delomradenummer":"390908","delomradenavn":"Nanset Øst","kommunenummer":"3909"}},{"type":"Polygon","arcs":[[-468,-541,790,791,-725]],"properties":{"grunnkretsnummer":"39090406","grunnkretsnavn":"Byskogen øst","delomradenummer":"390904","delomradenavn":"Byskogen","kommunenummer":"3909"}},{"type":"Polygon","arcs":[[-707,-564,792,793,794]],"properties":{"grunnkretsnummer":"39090907","grunnkretsnavn":"Kverken","delomradenummer":"390909","delomradenavn":"Nanset Vest","kommunenummer":"3909"}},{"type":"Polygon","arcs":[[795,796,797,2012,2013,2014,800]],"properties":{"grunnkretsnummer":"39071009","grunnkretsnavn":"Kastet","delomradenummer":"390710","delomradenavn":"Østerøy","kommunenummer":"3907"}},{"type":"Polygon","arcs":[[801,802,803,804,805]],"properties":{"grunnkretsnummer":"39071604","grunnkretsnavn":"Rørkoll","delomradenummer":"390716","delomradenavn":"Stokke","kommunenummer":"3907"}},{"type":"MultiPolygon","arcs":[[[-1962,-508,-1961,2015]],[[2016]],[[2017]]],"properties":{"grunnkretsnummer":"39090710","grunnkretsnavn":"Kjerringvik","delomradenummer":"390907","delomradenavn":"Tjodalyng","kommunenummer":"3909"}},{"type":"Polygon","arcs":[[-644,-788,-735,809,-766,-593]],"properties":{"grunnkretsnummer":"39091203","grunnkretsnavn":"Hellenes","delomradenummer":"390912","delomradenavn":"Hvarnes","kommunenummer":"3909"}},{"type":"Polygon","arcs":[[-773,-622,-761,-552,-652,810,811]],"properties":{"grunnkretsnummer":"39091405","grunnkretsnavn":"Halle vest","delomradenummer":"390914","delomradenavn":"Brunlanes Vestre","kommunenummer":"3909"}},{"type":"Polygon","arcs":[[812,813,814,2018,2019,-1968,-515,-1967,2020,-530]],"properties":{"grunnkretsnummer":"39090708","grunnkretsnavn":"Hem","delomradenummer":"390907","delomradenavn":"Tjodalyng","kommunenummer":"3909"}},{"type":"MultiPolygon","arcs":[[[-1965,-511,-1964,2021]],[[2022]],[[2023]],[[2024]],[[2025]]],"properties":{"grunnkretsnummer":"39090711","grunnkretsnavn":"Eftang","delomradenummer":"390907","delomradenavn":"Tjodalyng","kommunenummer":"3909"}},{"type":"Polygon","arcs":[[818,819,-127,-1903,2026,-2003,-721,-494]],"properties":{"grunnkretsnummer":"39090102","grunnkretsnavn":"Langestrand nedre","delomradenummer":"390901","delomradenavn":"Langestrand","kommunenummer":"3909"}},{"type":"Polygon","arcs":[[-726,-792,820,-560,821,-720,-517,822,-762,-669]],"properties":{"grunnkretsnummer":"39090607","grunnkretsnavn":"Grønneberg","delomradenummer":"390906","delomradenavn":"Østre Halsen","kommunenummer":"3909"}},{"type":"Polygon","arcs":[[-645,-596,-675,-765,-556,823,-626,824,-826,-827]],"properties":{"grunnkretsnummer":"39091105","grunnkretsnavn":"Nordkvelde","delomradenummer":"390911","delomradenavn":"Kvelde","kommunenummer":"3909"}},{"type":"Polygon","arcs":[[827,-778,828,829,830,831,832,833,834]],"properties":{"grunnkretsnummer":"39091007","grunnkretsnavn":"Holt","delomradenummer":"390910","delomradenavn":"Hedrum Øst","kommunenummer":"3909"}},{"type":"Polygon","arcs":[[835,836,837,-839]],"properties":{"grunnkretsnummer":"39091709","grunnkretsnavn":"Gåserud","delomradenummer":"390917","delomradenavn":"Lardal","kommunenummer":"3909"}},{"type":"Polygon","arcs":[[839,840,841,-731,842,-837]],"properties":{"grunnkretsnummer":"39091708","grunnkretsnavn":"Grini","delomradenummer":"390917","delomradenavn":"Lardal","kommunenummer":"3909"}},{"type":"Polygon","arcs":[[843,-831,844,-768,845,846]],"properties":{"grunnkretsnummer":"39091009","grunnkretsnavn":"Tutvet","delomradenummer":"390910","delomradenavn":"Hedrum Øst","kommunenummer":"3909"}},{"type":"Polygon","arcs":[[-687,-772,-848,-579,-631,848]],"properties":{"grunnkretsnummer":"39091504","grunnkretsnavn":"Kroken","delomradenummer":"390915","delomradenavn":"Brunlanes Nordre","kommunenummer":"3909"}},{"type":"Polygon","arcs":[[849,-819,-493]],"properties":{"grunnkretsnummer":"39090101","grunnkretsnavn":"Langestrand øvre","delomradenummer":"390901","delomradenavn":"Langestrand","kommunenummer":"3909"}},{"type":"MultiPolygon","arcs":[[[-1988,-635,-702,-572,-1981,2027]],[[2028]],[[2029]]],"properties":{"grunnkretsnummer":"39091305","grunnkretsnavn":"Østre bydel med øyene","delomradenummer":"390913","delomradenavn":"Stavern","kommunenummer":"3909"}},{"type":"Polygon","arcs":[[-519,-719,-534,-1974,2030,-1970,-523]],"properties":{"grunnkretsnummer":"39090701","grunnkretsnavn":"Bjønnes","delomradenummer":"390907","delomradenavn":"Tjodalyng","kommunenummer":"3909"}},{"type":"Polygon","arcs":[[-555,-771,852,-627,-824]],"properties":{"grunnkretsnummer":"39091104","grunnkretsnavn":"Gjone","delomradenummer":"390911","delomradenavn":"Kvelde","kommunenummer":"3909"}},{"type":"Polygon","arcs":[[853,-562,854,-751,-757,855]],"properties":{"grunnkretsnummer":"39090805","grunnkretsnavn":"Hovland sentrum","delomradenummer":"390908","delomradenavn":"Nanset Øst","kommunenummer":"3909"}},{"type":"Polygon","arcs":[[-695,856,-829,-777,-704]],"properties":{"grunnkretsnummer":"39091006","grunnkretsnavn":"Hagtvet","delomradenummer":"390910","delomradenavn":"Hedrum Øst","kommunenummer":"3909"}},{"type":"Polygon","arcs":[[-752,-855,-561,-821,-791,-540,-781,-472]],"properties":{"grunnkretsnummer":"39090505","grunnkretsnavn":"Tagtvedt øst","delomradenummer":"390905","delomradenavn":"Tagtvedt","kommunenummer":"3909"}},{"type":"MultiPolygon","arcs":[[[-774,-812,857,2031,-2033,-864]],[[-862,-2034,2034]]],"properties":{"grunnkretsnummer":"39091404","grunnkretsnavn":"Tvedalen","delomradenummer":"390914","delomradenavn":"Brunlanes Vestre","kommunenummer":"3909"}},{"type":"Polygon","arcs":[[-786,864,865,-588,-640]],"properties":{"grunnkretsnummer":"39090206","grunnkretsnavn":"Øvre Jegersborg","delomradenummer":"390902","delomradenavn":"Hovedbyen","kommunenummer":"3909"}},{"type":"MultiPolygon","arcs":[[[-2019,-815,866,867,868,2035,2036]],[[2037]],[[2038]]],"properties":{"grunnkretsnummer":"39070212","grunnkretsnavn":"Enga","delomradenummer":"390702","delomradenavn":"Hystad","kommunenummer":"3907"}},{"type":"MultiPolygon","arcs":[[[-858,-811,-651,871,2039,2040]],[[2041]]],"properties":{"grunnkretsnummer":"39091403","grunnkretsnavn":"Helgeroa","delomradenummer":"390914","delomradenavn":"Brunlanes Vestre","kommunenummer":"3909"}},{"type":"Polygon","arcs":[[-700,874,-793,-563,-854,875,-648,-477]],"properties":{"grunnkretsnummer":"39090807","grunnkretsnavn":"Nordby","delomradenummer":"390908","delomradenavn":"Nanset Øst","kommunenummer":"3909"}},{"type":"Polygon","arcs":[[-877,-838,-843,-738,877,-879]],"properties":{"grunnkretsnummer":"39091710","grunnkretsnavn":"Steinsholt","delomradenummer":"390917","delomradenavn":"Lardal","kommunenummer":"3909"}},{"type":"Polygon","arcs":[[879,-794,-875,-699]],"properties":{"grunnkretsnummer":"39090906","grunnkretsnavn":"Nordbyåsen","delomradenummer":"390909","delomradenavn":"Nanset Vest","kommunenummer":"3909"}},{"type":"Polygon","arcs":[[880,881,882,-589,-866]],"properties":{"grunnkretsnummer":"39090401","grunnkretsnavn":"Mesterfjellet","delomradenummer":"390904","delomradenavn":"Byskogen","kommunenummer":"3909"}},{"type":"Polygon","arcs":[[-785,-470,-881,-865]],"properties":{"grunnkretsnummer":"39090402","grunnkretsnavn":"Byskogen vest","delomradenummer":"390904","delomradenavn":"Byskogen","kommunenummer":"3909"}},{"type":"Polygon","arcs":[[-883,-673,-676,-590]],"properties":{"grunnkretsnummer":"39090302","grunnkretsnavn":"Farrishallen","delomradenummer":"390903","delomradenavn":"Torstrand","kommunenummer":"3909"}},{"type":"Polygon","arcs":[[-823,-522,-681,-763]],"properties":{"grunnkretsnummer":"39090608","grunnkretsnavn":"Sjølyst","delomradenummer":"390906","delomradenavn":"Østre Halsen","kommunenummer":"3909"}},{"type":"Polygon","arcs":[[-14,883,-730,-625,-703,-490,884,-713]],"properties":{"grunnkretsnummer":"39091604","grunnkretsnavn":"Torsrød - Brunlanes","delomradenummer":"390916","delomradenavn":"Brunlanes Østre","kommunenummer":"3909"}},{"type":"Polygon","arcs":[[-849,-630,-698,885,-602,-685]],"properties":{"grunnkretsnummer":"39090910","grunnkretsnavn":"Vestmarka","delomradenummer":"390909","delomradenavn":"Nanset Vest","kommunenummer":"3909"}},{"type":"Polygon","arcs":[[886,887,888,-813,-529,-755,-662]],"properties":{"grunnkretsnummer":"39090705","grunnkretsnavn":"Skalleberg","delomradenummer":"390907","delomradenavn":"Tjodalyng","kommunenummer":"3909"}},{"type":"Polygon","arcs":[[-664,-756,-717,-822]],"properties":{"grunnkretsnummer":"39090703","grunnkretsnavn":"Gjerstad","delomradenummer":"390907","delomradenavn":"Tjodalyng","kommunenummer":"3909"}},{"type":"Polygon","arcs":[[-709,-649,-876,-856,-758,-749,-789]],"properties":{"grunnkretsnummer":"39090806","grunnkretsnavn":"Hovlandbanen","delomradenummer":"390908","delomradenavn":"Nanset Øst","kommunenummer":"3909"}},{"type":"Polygon","arcs":[[889,-678,-481,-544]],"properties":{"grunnkretsnummer":"39090603","grunnkretsnavn":"Drengsskogen","delomradenummer":"390906","delomradenavn":"Østre Halsen","kommunenummer":"3909"}},{"type":"Polygon","arcs":[[-782,-744,-606,-748,-52,890,-841,891]],"properties":{"grunnkretsnummer":"39091706","grunnkretsnavn":"Berg","delomradenummer":"390917","delomradenavn":"Lardal","kommunenummer":"3909"}},{"type":"Polygon","arcs":[[-469,-727,-667,-882]],"properties":{"grunnkretsnummer":"39090403","grunnkretsnavn":"Skrenten vest","delomradenummer":"390904","delomradenavn":"Byskogen","kommunenummer":"3909"}},{"type":"Polygon","arcs":[[2042,893,-488,-666,-638,-1990,2043]],"properties":{"grunnkretsnummer":"39091606","grunnkretsnavn":"Grevle-Enigheten","delomradenummer":"390916","delomradenavn":"Brunlanes Østre","kommunenummer":"3909"}},{"type":"Polygon","arcs":[[-825,-632,-578,-896]],"properties":{"grunnkretsnummer":"39091102","grunnkretsnavn":"Bonnegolt","delomradenummer":"390911","delomradenavn":"Kvelde","kommunenummer":"3909"}},{"type":"Polygon","arcs":[[-764,-679,-890,-543,-1976,2044,-2009,-741]],"properties":{"grunnkretsnummer":"39090604","grunnkretsnavn":"Bergeskogen","delomradenummer":"390906","delomradenavn":"Østre Halsen","kommunenummer":"3909"}},{"type":"Polygon","arcs":[[-13,-568,-724,-2005,2045,-2006,-728,-884]],"properties":{"grunnkretsnummer":"39091603","grunnkretsnavn":"Agnes-Brunla","delomradenummer":"390916","delomradenavn":"Brunlanes Østre","kommunenummer":"3909"}},{"type":"MultiPolygon","arcs":[[[-655,2046,-2040,-872]],[[2047]],[[2048]]],"properties":{"grunnkretsnummer":"39091402","grunnkretsnavn":"Nevlunghamn","delomradenummer":"390914","delomradenavn":"Brunlanes Vestre","kommunenummer":"3909"}},{"type":"Polygon","arcs":[[-901,-133,-783,-892,-840,-836]],"properties":{"grunnkretsnummer":"39091707","grunnkretsnavn":"Smukkestad","delomradenummer":"390917","delomradenavn":"Lardal","kommunenummer":"3909"}},{"type":"Polygon","arcs":[[-790,-787,-759,-710]],"properties":{"grunnkretsnummer":"39090901","grunnkretsnavn":"Nanset vest 1","delomradenummer":"390909","delomradenavn":"Nanset Vest","kommunenummer":"3909"}},{"type":"Polygon","arcs":[[-769,-845,-830,-857,-694,901]],"properties":{"grunnkretsnummer":"39091008","grunnkretsnavn":"Melø","delomradenummer":"390910","delomradenavn":"Hedrum Øst","kommunenummer":"3909"}},{"type":"Polygon","arcs":[[-894,-2043,2049,-2051,2051,-2001,-714,-885,-489]],"properties":{"grunnkretsnummer":"39091607","grunnkretsnavn":"Raugland-Røvika","delomradenummer":"390916","delomradenavn":"Brunlanes Østre","kommunenummer":"3909"}},{"type":"Polygon","arcs":[[903,904,905]],"properties":{"grunnkretsnummer":"39070713","grunnkretsnavn":"Kråkås","delomradenummer":"390707","delomradenavn":"Breidablikk","kommunenummer":"3907"}},{"type":"Polygon","arcs":[[-697,-708,-795,-880,-701,-475,-597,-886]],"properties":{"grunnkretsnummer":"39090909","grunnkretsnavn":"Danmark","delomradenummer":"390909","delomradenavn":"Nanset Vest","kommunenummer":"3909"}},{"type":"Polygon","arcs":[[-907,-878,-737,-647,-908]],"properties":{"grunnkretsnummer":"39091711","grunnkretsnavn":"Bø","delomradenummer":"390917","delomradenavn":"Lardal","kommunenummer":"3909"}},{"type":"Polygon","arcs":[[-760,-120,-820,-850,-492]],"properties":{"grunnkretsnummer":"39090201","grunnkretsnavn":"Bøkelia","delomradenummer":"390902","delomradenavn":"Hovedbyen","kommunenummer":"3909"}},{"type":"Polygon","arcs":[[-770,-902,-693,-628,-853]],"properties":{"grunnkretsnummer":"39091103","grunnkretsnavn":"Gjønnes","delomradenummer":"390911","delomradenavn":"Kvelde","kommunenummer":"3909"}},{"type":"Polygon","arcs":[[908,909,-2015,2052,2053,911,912]],"properties":{"grunnkretsnummer":"39071104","grunnkretsnavn":"Varden 3","delomradenummer":"390711","delomradenavn":"Vesterøy","kommunenummer":"3907"}},{"type":"Polygon","arcs":[[913,914,915,916,917,918,919,920]],"properties":{"grunnkretsnummer":"39070802","grunnkretsnavn":"Herre-Unneberg","delomradenummer":"390708","delomradenavn":"From","kommunenummer":"3907"}},{"type":"Polygon","arcs":[[921,922,923,924,925]],"properties":{"grunnkretsnummer":"39070415","grunnkretsnavn":"Krokemoa 3","delomradenummer":"390704","delomradenavn":"Bugården","kommunenummer":"3907"}},{"type":"Polygon","arcs":[[926,927,928,929,930]],"properties":{"grunnkretsnummer":"39071204","grunnkretsnavn":"Rismyr","delomradenummer":"390712","delomradenavn":"Kodal","kommunenummer":"3907"}},{"type":"Polygon","arcs":[[931,932,933,934,935]],"properties":{"grunnkretsnummer":"39070503","grunnkretsnavn":"Hem","delomradenummer":"390705","delomradenavn":"Haukerød","kommunenummer":"3907"}},{"type":"Polygon","arcs":[[936,937,-796,938]],"properties":{"grunnkretsnummer":"39071008","grunnkretsnavn":"Myhre","delomradenummer":"390710","delomradenavn":"Østerøy","kommunenummer":"3907"}},{"type":"Polygon","arcs":[[939,940,941,942,943,944,945,946,947]],"properties":{"grunnkretsnummer":"39071301","grunnkretsnavn":"Skjelland","delomradenummer":"390713","delomradenavn":"Andebu","kommunenummer":"3907"}},{"type":"Polygon","arcs":[[948,2054,2055,953]],"properties":{"grunnkretsnummer":"39070903","grunnkretsnavn":"Solløkka","delomradenummer":"390709","delomradenavn":"Helgerød","kommunenummer":"3907"}},{"type":"Polygon","arcs":[[954,955,956,-942]],"properties":{"grunnkretsnummer":"39071304","grunnkretsnavn":"Askjem","delomradenummer":"390713","delomradenavn":"Andebu","kommunenummer":"3907"}},{"type":"Polygon","arcs":[[-276,-450,957,958,959,960,961,-4,-433]],"properties":{"grunnkretsnummer":"39071710","grunnkretsnavn":"Tori","delomradenummer":"390717","delomradenavn":"Skjee","kommunenummer":"3907"}},{"type":"Polygon","arcs":[[962,-919,963,-904,964,965,966]],"properties":{"grunnkretsnummer":"39070711","grunnkretsnavn":"Hasleskogen","delomradenummer":"390707","delomradenavn":"Breidablikk","kommunenummer":"3907"}},{"type":"Polygon","arcs":[[967,968,969,970,-60]],"properties":{"grunnkretsnummer":"39071407","grunnkretsnavn":"Skjelbred Andebu","delomradenummer":"390714","delomradenavn":"Høyjord - Vestre Andebu","kommunenummer":"3907"}},{"type":"Polygon","arcs":[[-810,-734,971,972,973,974,-846,-767]],"properties":{"grunnkretsnummer":"39071201","grunnkretsnavn":"Gjerstad","delomradenummer":"390712","delomradenavn":"Kodal","kommunenummer":"3907"}},{"type":"Polygon","arcs":[[975,976,977,-966,978,979,980,981]],"properties":{"grunnkretsnummer":"39070710","grunnkretsnavn":"Breidablikk","delomradenummer":"390707","delomradenavn":"Breidablikk","kommunenummer":"3907"}},{"type":"Polygon","arcs":[[-938,982,983,984,985,-797]],"properties":{"grunnkretsnummer":"39071010","grunnkretsnavn":"Busk","delomradenummer":"390710","delomradenavn":"Østerøy","kommunenummer":"3907"}},{"type":"Polygon","arcs":[[-5,-962,986,987]],"properties":{"grunnkretsnummer":"39071708","grunnkretsnavn":"Fossnes","delomradenummer":"390717","delomradenavn":"Skjee","kommunenummer":"3907"}},{"type":"Polygon","arcs":[[988,989,990,-914,991,992]],"properties":{"grunnkretsnummer":"39070804","grunnkretsnavn":"Lingelem","delomradenummer":"390708","delomradenavn":"From","kommunenummer":"3907"}},{"type":"Polygon","arcs":[[993,994,995,996,-660,-780,997]],"properties":{"grunnkretsnummer":"39070507","grunnkretsnavn":"Elgesem","delomradenummer":"390705","delomradenavn":"Haukerød","kommunenummer":"3907"}},{"type":"Polygon","arcs":[[998,999,1000,1001]],"properties":{"grunnkretsnummer":"39070203","grunnkretsnavn":"Virikskogen","delomradenummer":"390702","delomradenavn":"Hystad","kommunenummer":"3907"}},{"type":"Polygon","arcs":[[1002,1003,-967,-978]],"properties":{"grunnkretsnummer":"39070709","grunnkretsnavn":"Pina","delomradenummer":"390707","delomradenavn":"Breidablikk","kommunenummer":"3907"}},{"type":"Polygon","arcs":[[1004,-913,1005,1006,1007]],"properties":{"grunnkretsnummer":"39071103","grunnkretsnavn":"Kamfjordåsen","delomradenummer":"390711","delomradenavn":"Vesterøy","kommunenummer":"3907"}},{"type":"Polygon","arcs":[[-975,1008,1009,-847]],"properties":{"grunnkretsnummer":"39071202","grunnkretsnavn":"Hvitstein","delomradenummer":"390712","delomradenavn":"Kodal","kommunenummer":"3907"}},{"type":"Polygon","arcs":[[1010,-1003,-977,1011]],"properties":{"grunnkretsnummer":"39070708","grunnkretsnavn":"Nybakken","delomradenummer":"390707","delomradenavn":"Breidablikk","kommunenummer":"3907"}},{"type":"Polygon","arcs":[[1012,1013,1014,2056,2057,1017,1018,1019,1020,1021,-1000]],"properties":{"grunnkretsnummer":"39070204","grunnkretsnavn":"Ranvik","delomradenummer":"390702","delomradenavn":"Hystad","kommunenummer":"3907"}},{"type":"MultiPolygon","arcs":[[[1026,2058,2059]],[[2060]],[[2061]],[[2062]]],"properties":{"grunnkretsnummer":"39071014","grunnkretsnavn":"Yxnøy","delomradenummer":"390710","delomradenavn":"Østerøy","kommunenummer":"3907"}},{"type":"Polygon","arcs":[[2063,1032,1033,1034,1035,-1008,1036,1037,2064]],"properties":{"grunnkretsnummer":"39071101","grunnkretsnavn":"Kilen","delomradenummer":"390711","delomradenavn":"Vesterøy","kommunenummer":"3907"}},{"type":"Polygon","arcs":[[1038,1039,1040,1041,1042]],"properties":{"grunnkretsnummer":"39071111","grunnkretsnavn":"Vindal","delomradenummer":"390711","delomradenavn":"Vesterøy","kommunenummer":"3907"}},{"type":"Polygon","arcs":[[-294,-359,1043,1044,1045,1046,-958,-449]],"properties":{"grunnkretsnummer":"39071701","grunnkretsnavn":"Stein","delomradenummer":"390717","delomradenavn":"Skjee","kommunenummer":"3907"}},{"type":"Polygon","arcs":[[1047,-920,-963,-1004,-1011,1048]],"properties":{"grunnkretsnummer":"39070707","grunnkretsnavn":"Hovland","delomradenummer":"390707","delomradenavn":"Breidablikk","kommunenummer":"3907"}},{"type":"Polygon","arcs":[[1049,1050,1051,1052]],"properties":{"grunnkretsnummer":"39070109","grunnkretsnavn":"Øvre Bjerggata","delomradenummer":"390701","delomradenavn":"Sentrum","kommunenummer":"3907"}},{"type":"Polygon","arcs":[[1053,1054,-948,1055,1056]],"properties":{"grunnkretsnummer":"39071401","grunnkretsnavn":"Bråvold","delomradenummer":"390714","delomradenavn":"Høyjord - Vestre Andebu","kommunenummer":"3907"}},{"type":"Polygon","arcs":[[1057,1058,1059,1060,1061,1062,1063]],"properties":{"grunnkretsnummer":"39071602","grunnkretsnavn":"Stavnum","delomradenummer":"390716","delomradenavn":"Stokke","kommunenummer":"3907"}},{"type":"Polygon","arcs":[[1064,1065,1066,1067,1068,1069,1070,1071]],"properties":{"grunnkretsnummer":"39070701","grunnkretsnavn":"Mo","delomradenummer":"390707","delomradenavn":"Breidablikk","kommunenummer":"3907"}},{"type":"Polygon","arcs":[[-51,-971,1072,1073,-732,-842,-891]],"properties":{"grunnkretsnummer":"39071404","grunnkretsnavn":"Dalsroa","delomradenummer":"390714","delomradenavn":"Høyjord - Vestre Andebu","kommunenummer":"3907"}},{"type":"Polygon","arcs":[[1074,1075,1076,1077]],"properties":{"grunnkretsnummer":"39070412","grunnkretsnavn":"Bugården 1","delomradenummer":"390704","delomradenavn":"Bugården","kommunenummer":"3907"}},{"type":"Polygon","arcs":[[-945,1078,1079,-928,1080]],"properties":{"grunnkretsnummer":"39071705","grunnkretsnavn":"Horntvedt","delomradenummer":"390717","delomradenavn":"Skjee","kommunenummer":"3907"}},{"type":"Polygon","arcs":[[1081,1082,1083,1084]],"properties":{"grunnkretsnummer":"39070604","grunnkretsnavn":"Hotvedt","delomradenummer":"390706","delomradenavn":"Fevang","kommunenummer":"3907"}},{"type":"Polygon","arcs":[[1085,1086,1087,-1013,-999,1088]],"properties":{"grunnkretsnummer":"39070201","grunnkretsnavn":"Virik","delomradenummer":"390702","delomradenavn":"Hystad","kommunenummer":"3907"}},{"type":"Polygon","arcs":[[1089,1090,1091,1092,1093]],"properties":{"grunnkretsnummer":"39070106","grunnkretsnavn":"Aagaard","delomradenummer":"390701","delomradenavn":"Sentrum","kommunenummer":"3907"}},{"type":"Polygon","arcs":[[1094,1095,1096,1097,-1041]],"properties":{"grunnkretsnummer":"39071113","grunnkretsnavn":"Huseby","delomradenummer":"390711","delomradenavn":"Vesterøy","kommunenummer":"3907"}},{"type":"Polygon","arcs":[[1098,1099,-940,-1055]],"properties":{"grunnkretsnummer":"39071302","grunnkretsnavn":"Døvle","delomradenummer":"390713","delomradenavn":"Andebu","kommunenummer":"3907"}},{"type":"Polygon","arcs":[[1100,-960,1101,-806,1102,1103,-929,-1080]],"properties":{"grunnkretsnummer":"39071704","grunnkretsnavn":"Skjelbred Stokke","delomradenummer":"390717","delomradenavn":"Skjee","kommunenummer":"3907"}},{"type":"Polygon","arcs":[[1104,-998,-779,-828]],"properties":{"grunnkretsnummer":"39070506","grunnkretsnavn":"Solberg","delomradenummer":"390705","delomradenavn":"Haukerød","kommunenummer":"3907"}},{"type":"Polygon","arcs":[[1105,1106,-1058,1107,1108]],"properties":{"grunnkretsnummer":"39071606","grunnkretsnavn":"Jevnaker","delomradenummer":"390716","delomradenavn":"Stokke","kommunenummer":"3907"}},{"type":"Polygon","arcs":[[-925,1109,1110,1111]],"properties":{"grunnkretsnummer":"39070304","grunnkretsnavn":"Kroken","delomradenummer":"390703","delomradenavn":"Førstad","kommunenummer":"3907"}},{"type":"Polygon","arcs":[[1112,-1043,1113,-614]],"properties":{"grunnkretsnummer":"39071110","grunnkretsnavn":"Vestre Rød","delomradenummer":"390711","delomradenavn":"Vesterøy","kommunenummer":"3907"}},{"type":"Polygon","arcs":[[1114,1115,-1014,-1088]],"properties":{"grunnkretsnummer":"39070202","grunnkretsnavn":"Ranvikåsen","delomradenummer":"390702","delomradenavn":"Hystad","kommunenummer":"3907"}},{"type":"Polygon","arcs":[[1116,1117,1118,1119,1120]],"properties":{"grunnkretsnummer":"39071004","grunnkretsnavn":"Gokstad","delomradenummer":"390710","delomradenavn":"Østerøy","kommunenummer":"3907"}},{"type":"Polygon","arcs":[[1121,1122,1123,-1093,1124,1125,2065,2066,2067,1128,-1115,-1087]],"properties":{"grunnkretsnummer":"39070112","grunnkretsnavn":"Hjertnes","delomradenummer":"390701","delomradenavn":"Sentrum","kommunenummer":"3907"}},{"type":"Polygon","arcs":[[1129,1130,1131,1132,-1066,1133]],"properties":{"grunnkretsnummer":"39070702","grunnkretsnavn":"Husly","delomradenummer":"390707","delomradenavn":"Breidablikk","kommunenummer":"3907"}},{"type":"MultiPolygon","arcs":[[[1134,-1006,-912,-2054,2068,2069,1139]],[[2070]],[[2071]]],"properties":{"grunnkretsnummer":"39071105","grunnkretsnavn":"Varden 2","delomradenummer":"390711","delomradenavn":"Vesterøy","kommunenummer":"3907"}},{"type":"Polygon","arcs":[[1140,-1001,-1022,1141,1142,1143,1144,-888,1145]],"properties":{"grunnkretsnummer":"39070205","grunnkretsnavn":"Store Bergan","delomradenummer":"390702","delomradenavn":"Hystad","kommunenummer":"3907"}},{"type":"Polygon","arcs":[[-1129,-2068,2072,-1015,-1116]],"properties":{"grunnkretsnummer":"39070113","grunnkretsnavn":"Stub","delomradenummer":"390701","delomradenavn":"Sentrum","kommunenummer":"3907"}},{"type":"Polygon","arcs":[[-1145,1146,1147,1148,1149,-867,-814,-889]],"properties":{"grunnkretsnummer":"39070214","grunnkretsnavn":"Belgau","delomradenummer":"390702","delomradenavn":"Hystad","kommunenummer":"3907"}},{"type":"Polygon","arcs":[[-970,1150,1151,1152,-1099,-1054,1153,-1073]],"properties":{"grunnkretsnummer":"39071405","grunnkretsnavn":"Bøen","delomradenummer":"390714","delomradenavn":"Høyjord - Vestre Andebu","kommunenummer":"3907"}},{"type":"Polygon","arcs":[[-991,1154,-1063,1155,1156,-915]],"properties":{"grunnkretsnummer":"39070803","grunnkretsnavn":"Råstad","delomradenummer":"390708","delomradenavn":"From","kommunenummer":"3907"}},{"type":"Polygon","arcs":[[1157,-868,-1150]],"properties":{"grunnkretsnummer":"39070213","grunnkretsnavn":"Åsane","delomradenummer":"390702","delomradenavn":"Hystad","kommunenummer":"3907"}},{"type":"Polygon","arcs":[[1158,1159,-1067,-1133]],"properties":{"grunnkretsnummer":"39070703","grunnkretsnavn":"Mosserød","delomradenummer":"390707","delomradenavn":"Breidablikk","kommunenummer":"3907"}},{"type":"Polygon","arcs":[[1160,-1018,-2058,2073,2074,2075,1164,-1147,-1144,1165]],"properties":{"grunnkretsnummer":"39070209","grunnkretsnavn":"Hystadstranda","delomradenummer":"390702","delomradenavn":"Hystad","kommunenummer":"3907"}},{"type":"Polygon","arcs":[[1166,1167,1168,-1069]],"properties":{"grunnkretsnummer":"39070717","grunnkretsnavn":"Øvre Lunden","delomradenummer":"390707","delomradenavn":"Breidablikk","kommunenummer":"3907"}},{"type":"Polygon","arcs":[[-776,-658]],"properties":{"grunnkretsnummer":"39070306","grunnkretsnavn":"Himberg","delomradenummer":"390703","delomradenavn":"Førstad","kommunenummer":"3907"}},{"type":"Polygon","arcs":[[1169,1170,-1071,1171,1172,1173]],"properties":{"grunnkretsnummer":"39070408","grunnkretsnavn":"Mo vest","delomradenummer":"390704","delomradenavn":"Bugården","kommunenummer":"3907"}},{"type":"Polygon","arcs":[[1174,-1094,-1124,1175]],"properties":{"grunnkretsnummer":"39070105","grunnkretsnavn":"Rukla","delomradenummer":"390701","delomradenavn":"Sentrum","kommunenummer":"3907"}},{"type":"Polygon","arcs":[[2076,1177,-1098,1178,-46,2077]],"properties":{"grunnkretsnummer":"39071116","grunnkretsnavn":"Asnes","delomradenummer":"390711","delomradenavn":"Vesterøy","kommunenummer":"3907"}},{"type":"Polygon","arcs":[[1180,-917,1181,1182,1183,-1118]],"properties":{"grunnkretsnummer":"39071005","grunnkretsnavn":"Freberg","delomradenummer":"390710","delomradenavn":"Østerøy","kommunenummer":"3907"}},{"type":"Polygon","arcs":[[-964,-918,-1181,-1117,1184,1185,-905]],"properties":{"grunnkretsnummer":"39070801","grunnkretsnavn":"Unneberg","delomradenummer":"390708","delomradenavn":"From","kommunenummer":"3907"}},{"type":"Polygon","arcs":[[1186,1187,1188,1189,1190,-1076]],"properties":{"grunnkretsnummer":"39070402","grunnkretsnavn":"Bugården 3","delomradenummer":"390704","delomradenavn":"Bugården","kommunenummer":"3907"}},{"type":"Polygon","arcs":[[1191,2078,2079,2080,1194,-984,1195]],"properties":{"grunnkretsnummer":"39071011","grunnkretsnavn":"Sjuvenga","delomradenummer":"390710","delomradenavn":"Østerøy","kommunenummer":"3907"}},{"type":"Polygon","arcs":[[1196,-1119,-1184,1197,-1196,-983,-937]],"properties":{"grunnkretsnummer":"39071007","grunnkretsnavn":"Høgenhall","delomradenummer":"390710","delomradenavn":"Østerøy","kommunenummer":"3907"}},{"type":"Polygon","arcs":[[1198,-1020]],"properties":{"grunnkretsnummer":"39070206","grunnkretsnavn":"Sjøstrand","delomradenummer":"390702","delomradenavn":"Hystad","kommunenummer":"3907"}},{"type":"Polygon","arcs":[[1199,1200,1201,-923]],"properties":{"grunnkretsnummer":"39070414","grunnkretsnavn":"Krokemoa 1","delomradenummer":"390704","delomradenavn":"Bugården","kommunenummer":"3907"}},{"type":"MultiPolygon","arcs":[[[1204,2081,2082]],[[2083]]],"properties":{"grunnkretsnummer":"39071119","grunnkretsnavn":"Langeby","delomradenummer":"390711","delomradenavn":"Vesterøy","kommunenummer":"3907"}},{"type":"Polygon","arcs":[[-1169,1206,1207,1208,1209,1210,1211,-1189,1212]],"properties":{"grunnkretsnummer":"39070101","grunnkretsnavn":"Solbakken","delomradenummer":"390701","delomradenavn":"Sentrum","kommunenummer":"3907"}},{"type":"Polygon","arcs":[[-980,1213,-1185,-1121,1214,1215,1216]],"properties":{"grunnkretsnummer":"39071001","grunnkretsnavn":"Øvre Gokstad","delomradenummer":"390710","delomradenavn":"Østerøy","kommunenummer":"3907"}},{"type":"Polygon","arcs":[[1217,-993,1218,1219,-1083,1220]],"properties":{"grunnkretsnummer":"39070603","grunnkretsnavn":"Fokserød","delomradenummer":"390706","delomradenavn":"Fevang","kommunenummer":"3907"}},{"type":"Polygon","arcs":[[-930,-1104,1221,-1221,-1082,1222,-833,1223]],"properties":{"grunnkretsnummer":"39070601","grunnkretsnavn":"Vaggestad","delomradenummer":"390706","delomradenavn":"Fevang","kommunenummer":"3907"}},{"type":"Polygon","arcs":[[2084,1225,2085,2086,-2082,-1205,2087]],"properties":{"grunnkretsnummer":"39071118","grunnkretsnavn":"Buer","delomradenummer":"390711","delomradenavn":"Vesterøy","kommunenummer":"3907"}},{"type":"MultiPolygon","arcs":[[[-365,-1930,2088,1236,1237,1238,-1044]],[[2089]]],"properties":{"grunnkretsnummer":"39071503","grunnkretsnavn":"Gile","delomradenummer":"390715","delomradenavn":"Melsom","kommunenummer":"3907"}},{"type":"Polygon","arcs":[[1239,1240,1241,1242,1243,-1059,-1107]],"properties":{"grunnkretsnummer":"39071608","grunnkretsnavn":"Sole","delomradenummer":"390716","delomradenavn":"Stokke","kommunenummer":"3907"}},{"type":"Polygon","arcs":[[-832,-844,-1010,1244,-931,-1224]],"properties":{"grunnkretsnummer":"39071203","grunnkretsnavn":"Trevland","delomradenummer":"390712","delomradenavn":"Kodal","kommunenummer":"3907"}},{"type":"Polygon","arcs":[[1245,2090,-2079,-1192,-1198,-1183]],"properties":{"grunnkretsnummer":"39071006","grunnkretsnavn":"Lahelle","delomradenummer":"390710","delomradenavn":"Østerøy","kommunenummer":"3907"}},{"type":"Polygon","arcs":[[-916,-1157,1247,1248,-954,-2056,2091,-1246,-1182]],"properties":{"grunnkretsnummer":"39070901","grunnkretsnavn":"Helgerød","delomradenummer":"390709","delomradenavn":"Helgerød","kommunenummer":"3907"}},{"type":"Polygon","arcs":[[1249,-1065,1250,1251,1252,-933]],"properties":{"grunnkretsnummer":"39070501","grunnkretsnavn":"Haukerød","delomradenummer":"390705","delomradenavn":"Haukerød","kommunenummer":"3907"}},{"type":"Polygon","arcs":[[-1160,1253,-1012,-976,1254,-1167,-1068]],"properties":{"grunnkretsnummer":"39070716","grunnkretsnavn":"Rosenlund","delomradenummer":"390707","delomradenavn":"Breidablikk","kommunenummer":"3907"}},{"type":"Polygon","arcs":[[-1175,1255,1256]],"properties":{"grunnkretsnummer":"39070104","grunnkretsnavn":"Nybyen","delomradenummer":"390701","delomradenavn":"Sentrum","kommunenummer":"3907"}},{"type":"Polygon","arcs":[[-968,-59,-191,1257,1258,-1152,1259]],"properties":{"grunnkretsnummer":"39071408","grunnkretsnavn":"Heimdal Andebu","delomradenummer":"390714","delomradenavn":"Høyjord - Vestre Andebu","kommunenummer":"3907"}},{"type":"Polygon","arcs":[[1260,-935,1261,-994,-1105,-835]],"properties":{"grunnkretsnummer":"39070505","grunnkretsnavn":"Bø","delomradenummer":"390705","delomradenavn":"Haukerød","kommunenummer":"3907"}},{"type":"Polygon","arcs":[[1262,-1046,1263,1264,1265,-803]],"properties":{"grunnkretsnummer":"39071702","grunnkretsnavn":"Gjennestad","delomradenummer":"390717","delomradenavn":"Skjee","kommunenummer":"3907"}},{"type":"Polygon","arcs":[[1266,-1166,-1143]],"properties":{"grunnkretsnummer":"39070208","grunnkretsnavn":"Hystad","delomradenummer":"390702","delomradenavn":"Hystad","kommunenummer":"3907"}},{"type":"Polygon","arcs":[[1267,-909,-1005,-1036]],"properties":{"grunnkretsnummer":"39071102","grunnkretsnavn":"Kamfjord","delomradenummer":"390711","delomradenavn":"Vesterøy","kommunenummer":"3907"}},{"type":"Polygon","arcs":[[-1074,-1154,-1057,1268,-972,-733]],"properties":{"grunnkretsnummer":"39071403","grunnkretsnavn":"Torp","delomradenummer":"390714","delomradenavn":"Høyjord - Vestre Andebu","kommunenummer":"3907"}},{"type":"Polygon","arcs":[[1269,1270,1271,-1258,-190,-388]],"properties":{"grunnkretsnummer":"39071306","grunnkretsnavn":"Gran","delomradenummer":"390713","delomradenavn":"Andebu","kommunenummer":"3907"}},{"type":"Polygon","arcs":[[1272,-1053,1273,-1125,-1092]],"properties":{"grunnkretsnummer":"39070108","grunnkretsnavn":"Sentrum","delomradenummer":"390701","delomradenavn":"Sentrum","kommunenummer":"3907"}},{"type":"Polygon","arcs":[[-1208,1274,1275,-1050,-1273,-1091,1276]],"properties":{"grunnkretsnummer":"39070107","grunnkretsnavn":"Prestejordet","delomradenummer":"390701","delomradenavn":"Sentrum","kommunenummer":"3907"}},{"type":"Polygon","arcs":[[1277,1278,2092,2093,2094,1281,-1096]],"properties":{"grunnkretsnummer":"39071114","grunnkretsnavn":"Ormestadvika","delomradenummer":"390711","delomradenavn":"Vesterøy","kommunenummer":"3907"}},{"type":"Polygon","arcs":[[-2013,-798,-986,1282,2095,2096]],"properties":{"grunnkretsnummer":"39071012","grunnkretsnavn":"Hafallen","delomradenummer":"390710","delomradenavn":"Østerøy","kommunenummer":"3907"}},{"type":"Polygon","arcs":[[-1097,-1282,-2095,2097,-2086,-1226,-2085,2098,-1891,-41,-1179]],"properties":{"grunnkretsnummer":"39071115","grunnkretsnavn":"Holtan Sandefjord","delomradenummer":"390711","delomradenavn":"Vesterøy","kommunenummer":"3907"}},{"type":"Polygon","arcs":[[1285,1286,-1075,1287,1288]],"properties":{"grunnkretsnummer":"39070406","grunnkretsnavn":"Nygård 1","delomradenummer":"390704","delomradenavn":"Bugården","kommunenummer":"3907"}},{"type":"Polygon","arcs":[[1289,-1210,1290,-1256,-1176,-1123,1291]],"properties":{"grunnkretsnummer":"39070102","grunnkretsnavn":"Ekeberg","delomradenummer":"390701","delomradenavn":"Sentrum","kommunenummer":"3907"}},{"type":"Polygon","arcs":[[-1238,1292,-1241,1293]],"properties":{"grunnkretsnummer":"39071505","grunnkretsnavn":"Vadum","delomradenummer":"390715","delomradenavn":"Melsom","kommunenummer":"3907"}},{"type":"Polygon","arcs":[[1294,-1049,-1254,-1159,-1132]],"properties":{"grunnkretsnummer":"39070704","grunnkretsnavn":"Legdås","delomradenummer":"390707","delomradenavn":"Breidablikk","kommunenummer":"3907"}},{"type":"MultiPolygon","arcs":[[[2099,1297,2100,2101]],[[2102]]],"properties":{"grunnkretsnummer":"39070906","grunnkretsnavn":"Årø","delomradenummer":"390709","delomradenavn":"Helgerød","kommunenummer":"3907"}},{"type":"Polygon","arcs":[[1301,-1140,-2070,2103,2104,-2093,-1279]],"properties":{"grunnkretsnummer":"39071106","grunnkretsnavn":"Varden 1","delomradenummer":"390711","delomradenavn":"Vesterøy","kommunenummer":"3907"}},{"type":"Polygon","arcs":[[-1190,-1212,1302]],"properties":{"grunnkretsnummer":"39070403","grunnkretsnavn":"Kapteinløkka","delomradenummer":"390704","delomradenavn":"Bugården","kommunenummer":"3907"}},{"type":"MultiPolygon","arcs":[[[-1158,-1149,1303,2105,2106,-2036,-869]],[[2107]]],"properties":{"grunnkretsnummer":"39070211","grunnkretsnavn":"Granholmen","delomradenummer":"390702","delomradenavn":"Hystad","kommunenummer":"3907"}},{"type":"Polygon","arcs":[[-1021,-1199,-1019,-1161,-1267,-1142]],"properties":{"grunnkretsnummer":"39070207","grunnkretsnavn":"Lystad","delomradenummer":"390702","delomradenavn":"Hystad","kommunenummer":"3907"}},{"type":"Polygon","arcs":[[-1255,-982,1305,-1275,-1207,-1168]],"properties":{"grunnkretsnummer":"39070715","grunnkretsnavn":"Åsen","delomradenummer":"390707","delomradenavn":"Breidablikk","kommunenummer":"3907"}},{"type":"Polygon","arcs":[[-934,-1253,1306,1307,-995,-1262]],"properties":{"grunnkretsnummer":"39070502","grunnkretsnavn":"Lasken","delomradenummer":"390705","delomradenavn":"Haukerød","kommunenummer":"3907"}},{"type":"Polygon","arcs":[[1308,-1173,-1187,-1287]],"properties":{"grunnkretsnummer":"39070405","grunnkretsnavn":"Bugården 2","delomradenummer":"390704","delomradenavn":"Bugården","kommunenummer":"3907"}},{"type":"Polygon","arcs":[[-1070,-1213,-1188,-1172]],"properties":{"grunnkretsnummer":"39070401","grunnkretsnavn":"Frydenlund","delomradenummer":"390704","delomradenavn":"Bugården","kommunenummer":"3907"}},{"type":"Polygon","arcs":[[-959,-1047,-1263,-802,-1102]],"properties":{"grunnkretsnummer":"39071703","grunnkretsnavn":"Balsborge","delomradenummer":"390717","delomradenavn":"Skjee","kommunenummer":"3907"}},{"type":"Polygon","arcs":[[-1111,1309,1310,-1089,-1002,-1141,1311]],"properties":{"grunnkretsnummer":"39070303","grunnkretsnavn":"Skiringssal","delomradenummer":"390703","delomradenavn":"Førstad","kommunenummer":"3907"}},{"type":"MultiPolygon","arcs":[[[-1156,-1062,1312,2108,2109,1318,-1248]],[[2110,1314,2111,2112]]],"properties":{"grunnkretsnummer":"39070902","grunnkretsnavn":"Skåren","delomradenummer":"390709","delomradenavn":"Helgerød","kommunenummer":"3907"}},{"type":"Polygon","arcs":[[-804,-1266,1319,-1108,-1064,-1155,-990,1320]],"properties":{"grunnkretsnummer":"39071603","grunnkretsnavn":"Bredholt","delomradenummer":"390716","delomradenavn":"Stokke","kommunenummer":"3907"}},{"type":"MultiPolygon","arcs":[[[1324,-1243,1325,2113,2114]],[[2115]]],"properties":{"grunnkretsnummer":"39071506","grunnkretsnavn":"Solnes","delomradenummer":"390715","delomradenavn":"Melsom","kommunenummer":"3907"}},{"type":"Polygon","arcs":[[1328,-1037,-1007,-1135,-1302,-1278,-1095,-1040]],"properties":{"grunnkretsnummer":"39071107","grunnkretsnavn":"Ormestad","delomradenummer":"390711","delomradenavn":"Vesterøy","kommunenummer":"3907"}},{"type":"Polygon","arcs":[[-1274,-1052,1329,1330,2116,2117,-2066,-1126]],"properties":{"grunnkretsnummer":"39070110","grunnkretsnavn":"Gamlebyen","delomradenummer":"390701","delomradenavn":"Sentrum","kommunenummer":"3907"}},{"type":"MultiPolygon","arcs":[[[2118,1334,2119,2120,-2101,-1298,-2100,2121]],[[2122]]],"properties":{"grunnkretsnummer":"39070905","grunnkretsnavn":"Enge","delomradenummer":"390709","delomradenavn":"Helgerød","kommunenummer":"3907"}},{"type":"Polygon","arcs":[[-924,-1202,1337,1338,-1310,-1110]],"properties":{"grunnkretsnummer":"39070302","grunnkretsnavn":"Kjellberg","delomradenummer":"390703","delomradenavn":"Førstad","kommunenummer":"3907"}},{"type":"Polygon","arcs":[[-1148,-1165,-2076,2123,-2106,-1304]],"properties":{"grunnkretsnummer":"39070210","grunnkretsnavn":"Lofterød","delomradenummer":"390702","delomradenavn":"Hystad","kommunenummer":"3907"}},{"type":"Polygon","arcs":[[-1295,-1131,1339]],"properties":{"grunnkretsnummer":"39070705","grunnkretsnavn":"Åbol","delomradenummer":"390707","delomradenavn":"Breidablikk","kommunenummer":"3907"}},{"type":"Polygon","arcs":[[1340,1341,-926,1342,-996]],"properties":{"grunnkretsnummer":"39070416","grunnkretsnavn":"Krokemoa 4","delomradenummer":"390704","delomradenavn":"Bugården","kommunenummer":"3907"}},{"type":"Polygon","arcs":[[-1306,-981,-1217,1343,1344,-1330,-1051,-1276]],"properties":{"grunnkretsnummer":"39070714","grunnkretsnavn":"Prestehagen","delomradenummer":"390707","delomradenavn":"Breidablikk","kommunenummer":"3907"}},{"type":"Polygon","arcs":[[-1244,-1325,2124,2125,1346,-1060]],"properties":{"grunnkretsnummer":"39071609","grunnkretsnavn":"Storevahr","delomradenummer":"390716","delomradenavn":"Stokke","kommunenummer":"3907"}},{"type":"Polygon","arcs":[[-2114,-1326,-1242,-1293,-1237,2126]],"properties":{"grunnkretsnummer":"39071504","grunnkretsnavn":"Melsomvik","delomradenummer":"390715","delomradenavn":"Melsom","kommunenummer":"3907"}},{"type":"Polygon","arcs":[[1349,-1292,-1122,-1086,-1311,-1339]],"properties":{"grunnkretsnummer":"39070301","grunnkretsnavn":"Hauan","delomradenummer":"390703","delomradenavn":"Førstad","kommunenummer":"3907"}},{"type":"Polygon","arcs":[[1350,-1271,1351,-956]],"properties":{"grunnkretsnummer":"39071305","grunnkretsnavn":"Gravdal","delomradenummer":"390713","delomradenavn":"Andebu","kommunenummer":"3907"}},{"type":"Polygon","arcs":[[-1153,-1259,-1272,-1351,-955,-941,-1100]],"properties":{"grunnkretsnummer":"39071303","grunnkretsnavn":"Prestegården","delomradenummer":"390713","delomradenavn":"Andebu","kommunenummer":"3907"}},{"type":"Polygon","arcs":[[1352,-1077,-1191,-1303,-1211,-1290,-1350,-1338,-1201]],"properties":{"grunnkretsnummer":"39070404","grunnkretsnavn":"Bugårdsparken","delomradenummer":"390704","delomradenavn":"Bugården","kommunenummer":"3907"}},{"type":"Polygon","arcs":[[-1252,1353,-1170,1354,1355,-1307]],"properties":{"grunnkretsnummer":"39070410","grunnkretsnavn":"Skjelberg-Lasken","delomradenummer":"390704","delomradenavn":"Bugården","kommunenummer":"3907"}},{"type":"Polygon","arcs":[[1356,-1034,1357,-1344,-1216]],"properties":{"grunnkretsnummer":"39071002","grunnkretsnavn":"Breili","delomradenummer":"390710","delomradenavn":"Østerøy","kommunenummer":"3907"}},{"type":"Polygon","arcs":[[-1130,1358,-1219,-992,-921,-1048,-1340]],"properties":{"grunnkretsnummer":"39070706","grunnkretsnavn":"Hjertås","delomradenummer":"390707","delomradenavn":"Breidablikk","kommunenummer":"3907"}},{"type":"Polygon","arcs":[[-1038,-1329,-1039,-1113,-613]],"properties":{"grunnkretsnummer":"39071108","grunnkretsnavn":"Huvik","delomradenummer":"390711","delomradenavn":"Vesterøy","kommunenummer":"3907"}},{"type":"Polygon","arcs":[[-1249,-1319,-2110,2127,-2120,-1335,-2119,2128,-949]],"properties":{"grunnkretsnummer":"39070904","grunnkretsnavn":"Østre Nes","delomradenummer":"390709","delomradenavn":"Helgerød","kommunenummer":"3907"}},{"type":"Polygon","arcs":[[-1035,-1357,-1215,-1120,-1197,-939,-801,-910,-1268]],"properties":{"grunnkretsnummer":"39071003","grunnkretsnavn":"Heimdal Sandefjord","delomradenummer":"390710","delomradenavn":"Østerøy","kommunenummer":"3907"}},{"type":"Polygon","arcs":[[-1355,-1174,-1309,-1286,1360]],"properties":{"grunnkretsnummer":"39070407","grunnkretsnavn":"Nygård 2","delomradenummer":"390704","delomradenavn":"Bugården","kommunenummer":"3907"}},{"type":"Polygon","arcs":[[-969,-1260,-1151]],"properties":{"grunnkretsnummer":"39071406","grunnkretsnavn":"Moa","delomradenummer":"390714","delomradenavn":"Høyjord - Vestre Andebu","kommunenummer":"3907"}},{"type":"Polygon","arcs":[[-1045,-1239,-1294,-1240,-1106,1361,-1264]],"properties":{"grunnkretsnummer":"39071607","grunnkretsnavn":"Holtan Stokke","delomradenummer":"390716","delomradenavn":"Stokke","kommunenummer":"3907"}},{"type":"Polygon","arcs":[[-1209,-1277,-1090,-1257,-1291]],"properties":{"grunnkretsnummer":"39070103","grunnkretsnavn":"Myra","delomradenummer":"390701","delomradenavn":"Sentrum","kommunenummer":"3907"}},{"type":"Polygon","arcs":[[-1352,-1270,-387,-335,-6,-988,1362,-943,-957]],"properties":{"grunnkretsnummer":"39071707","grunnkretsnavn":"Borgen","delomradenummer":"390717","delomradenavn":"Skjee","kommunenummer":"3907"}},{"type":"Polygon","arcs":[[-1362,-1109,-1320,-1265]],"properties":{"grunnkretsnummer":"39071605","grunnkretsnavn":"Bokemoa","delomradenummer":"390716","delomradenavn":"Stokke","kommunenummer":"3907"}},{"type":"MultiPolygon","arcs":[[[-1313,-1061,-1347,-2126,2129]],[[-2112,-1315,-2111,2130]],[[2131]]],"properties":{"grunnkretsnummer":"39071601","grunnkretsnavn":"Feen","delomradenummer":"390716","delomradenavn":"Stokke","kommunenummer":"3907"}},{"type":"Polygon","arcs":[[-1986,-615,-1114,-1042,-1178,-2077,2132]],"properties":{"grunnkretsnummer":"39071112","grunnkretsnavn":"Vera","delomradenummer":"390711","delomradenavn":"Vesterøy","kommunenummer":"3907"}},{"type":"Polygon","arcs":[[1366,-946,-1081,-927,-1245,-1009,-974]],"properties":{"grunnkretsnummer":"39071205","grunnkretsnavn":"Prestbøen","delomradenummer":"390712","delomradenavn":"Kodal","kommunenummer":"3907"}},{"type":"Polygon","arcs":[[-965,-906,-1186,-1214,-979]],"properties":{"grunnkretsnummer":"39070712","grunnkretsnavn":"Hasle","delomradenummer":"390707","delomradenavn":"Breidablikk","kommunenummer":"3907"}},{"type":"Polygon","arcs":[[-1356,-1361,-1289,1367,-1341,-1308]],"properties":{"grunnkretsnummer":"39070411","grunnkretsnavn":"Pindsle","delomradenummer":"390704","delomradenavn":"Bugården","kommunenummer":"3907"}},{"type":"Polygon","arcs":[[-661,-997,-1343,-1112,-1312,-1146,-887]],"properties":{"grunnkretsnummer":"39070305","grunnkretsnavn":"Førstad","delomradenummer":"390703","delomradenavn":"Førstad","kommunenummer":"3907"}},{"type":"Polygon","arcs":[[-1220,-1359,-1134,-1250,-932,-1084]],"properties":{"grunnkretsnummer":"39070605","grunnkretsnavn":"Klinestad","delomradenummer":"390706","delomradenavn":"Fevang","kommunenummer":"3907"}},{"type":"Polygon","arcs":[[-834,-1223,-1085,-936,-1261]],"properties":{"grunnkretsnummer":"39070504","grunnkretsnavn":"Klavenes","delomradenummer":"390705","delomradenavn":"Haukerød","kommunenummer":"3907"}},{"type":"Polygon","arcs":[[-1251,-1072,-1171,-1354]],"properties":{"grunnkretsnummer":"39070409","grunnkretsnavn":"Moveien","delomradenummer":"390704","delomradenavn":"Bugården","kommunenummer":"3907"}},{"type":"Polygon","arcs":[[-1363,-987,-961,-1101,-1079,-944]],"properties":{"grunnkretsnummer":"39071706","grunnkretsnavn":"Vennerød","delomradenummer":"390717","delomradenavn":"Skjee","kommunenummer":"3907"}},{"type":"Polygon","arcs":[[-1269,-1056,-947,-1367,-973]],"properties":{"grunnkretsnummer":"39071402","grunnkretsnavn":"Skarsholt","delomradenummer":"390714","delomradenavn":"Høyjord - Vestre Andebu","kommunenummer":"3907"}},{"type":"Polygon","arcs":[[1368,1369,1370,2133,2134,2135,1373,1374,1375,1376]],"properties":{"grunnkretsnummer":"39110301","grunnkretsnavn":"Vestskogen","delomradenummer":"391103","delomradenavn":"Borgheim","kommunenummer":"3911"}},{"type":"Polygon","arcs":[[-1345,-1358,-1033,-2064,2136,-2117,-1331]],"properties":{"grunnkretsnummer":"39070111","grunnkretsnavn":"Grønli","delomradenummer":"390701","delomradenavn":"Sentrum","kommunenummer":"3907"}},{"type":"MultiPolygon","arcs":[[[-985,-1195,-2081,2137,-2059,-1027,2138,-2096,-1283]],[[2139]],[[2140]],[[2141]]],"properties":{"grunnkretsnummer":"39071013","grunnkretsnavn":"Strand","delomradenummer":"390710","delomradenavn":"Østerøy","kommunenummer":"3907"}},{"type":"Polygon","arcs":[[-1222,-1103,-805,-1321,-989,-1218]],"properties":{"grunnkretsnummer":"39070602","grunnkretsnavn":"Fevang","delomradenummer":"390706","delomradenavn":"Fevang","kommunenummer":"3907"}},{"type":"Polygon","arcs":[[-1368,-1288,-1078,-1353,-1200,-922,-1342]],"properties":{"grunnkretsnummer":"39070413","grunnkretsnavn":"Krokemoa 2","delomradenummer":"390704","delomradenavn":"Bugården","kommunenummer":"3907"}},{"type":"MultiPolygon","arcs":[[[1378,1379,2142,2143,2144,1384]],[[2145]]],"properties":{"grunnkretsnummer":"39110503","grunnkretsnavn":"Duken","delomradenummer":"391105","delomradenavn":"Bergan","kommunenummer":"3911"}},{"type":"MultiPolygon","arcs":[[[2146,1386,2147,2148]],[[2149,1391,2150,2151]],[[2152]],[[2153]]],"properties":{"grunnkretsnummer":"39110812","grunnkretsnavn":"Hvasser vest","delomradenummer":"391108","delomradenavn":"Tjøme","kommunenummer":"3911"}},{"type":"Polygon","arcs":[[2154,1394,1395,1396,-1374,-2136,2155]],"properties":{"grunnkretsnummer":"39110104","grunnkretsnavn":"Munkerekken syd","delomradenummer":"391101","delomradenavn":"Teie","kommunenummer":"3911"}},{"type":"MultiPolygon","arcs":[[[2156,1402,2157,2158]],[[2159]],[[2160]],[[2161]],[[2162]],[[2163]],[[2164]],[[2165]],[[2166]],[[2167]]],"properties":{"grunnkretsnummer":"39110402","grunnkretsnavn":"Føynland","delomradenummer":"391104","delomradenavn":"Føynland","kommunenummer":"3911"}},{"type":"MultiPolygon","arcs":[[[1404,1405,1406,2168,2169,1411]],[[2170]]],"properties":{"grunnkretsnummer":"39110604","grunnkretsnavn":"Torød","delomradenummer":"391106","delomradenavn":"Torød","kommunenummer":"3911"}},{"type":"Polygon","arcs":[[1412,1413,1414,1415,1416]],"properties":{"grunnkretsnummer":"39110305","grunnkretsnavn":"Borgheim","delomradenummer":"391103","delomradenavn":"Borgheim","kommunenummer":"3911"}},{"type":"Polygon","arcs":[[1417,1418,1419,-1405,1420,2171,1425,1426]],"properties":{"grunnkretsnummer":"39110601","grunnkretsnavn":"Strengsdal","delomradenummer":"391106","delomradenavn":"Torød","kommunenummer":"3911"}},{"type":"MultiPolygon","arcs":[[[1427,1428,2172,2173,2174,1433,1434,-1414]],[[2175,1431,2176,2177]]],"properties":{"grunnkretsnummer":"39110401","grunnkretsnavn":"Ekenes","delomradenummer":"391104","delomradenavn":"Føynland","kommunenummer":"3911"}},{"type":"Polygon","arcs":[[1435,-1427,1436]],"properties":{"grunnkretsnummer":"39110704","grunnkretsnavn":"Kjærgrav","delomradenummer":"391107","delomradenavn":"Brattås","kommunenummer":"3911"}},{"type":"Polygon","arcs":[[1437,1438,1439,2178,2179,-2173,-1429,1441,-1376]],"properties":{"grunnkretsnummer":"39110202","grunnkretsnavn":"Smidsrød","delomradenummer":"391102","delomradenavn":"Rosanes","kommunenummer":"3911"}},{"type":"Polygon","arcs":[[1442,-1369,1443,-1417,1444,2180,2181,-2134,-1371]],"properties":{"grunnkretsnummer":"39110303","grunnkretsnavn":"Labakken","delomradenummer":"391103","delomradenavn":"Borgheim","kommunenummer":"3911"}},{"type":"Polygon","arcs":[[1446,2182,2183,2184,1450,1451]],"properties":{"grunnkretsnummer":"39110804","grunnkretsnavn":"Grimestad","delomradenummer":"391108","delomradenavn":"Tjøme","kommunenummer":"3911"}},{"type":"Polygon","arcs":[[-1924,-299,1452,-1395,-2155,2185]],"properties":{"grunnkretsnummer":"39110101","grunnkretsnavn":"Munkerekken nord","delomradenummer":"391101","delomradenavn":"Teie","kommunenummer":"3911"}},{"type":"Polygon","arcs":[[-1377,-1442,-1428,-1413,-1444]],"properties":{"grunnkretsnummer":"39110304","grunnkretsnavn":"Herstad","delomradenummer":"391103","delomradenavn":"Borgheim","kommunenummer":"3911"}},{"type":"Polygon","arcs":[[-1415,-1435,1453,-1379,1454,1455,1456,1457]],"properties":{"grunnkretsnummer":"39110501","grunnkretsnavn":"Vollen","delomradenummer":"391105","delomradenavn":"Bergan","kommunenummer":"3911"}},{"type":"Polygon","arcs":[[1458,2186,2187,2188,1462,-1406,-1420]],"properties":{"grunnkretsnummer":"39110602","grunnkretsnavn":"Oterbekk","delomradenummer":"391106","delomradenavn":"Torød","kommunenummer":"3911"}},{"type":"Polygon","arcs":[[1463,1464,1465]],"properties":{"grunnkretsnummer":"39110809","grunnkretsnavn":"Solvang","delomradenummer":"391108","delomradenavn":"Tjøme","kommunenummer":"3911"}},{"type":"Polygon","arcs":[[1466,-1457,1467,-1418,-1436,1468,1469]],"properties":{"grunnkretsnummer":"39110703","grunnkretsnavn":"Anildrød","delomradenummer":"391107","delomradenavn":"Brattås","kommunenummer":"3911"}},{"type":"Polygon","arcs":[[2189,1472,1473,2190,2191]],"properties":{"grunnkretsnummer":"39110801","grunnkretsnavn":"Sundene","delomradenummer":"391108","delomradenavn":"Tjøme","kommunenummer":"3911"}},{"type":"MultiPolygon","arcs":[[[-2151,-1392,-2150,2192]],[[-1465,1476,2193,2194,2195,1481,2196,2197,2198,1484]],[[2199]],[[2200]],[[2201]]],"properties":{"grunnkretsnummer":"39110810","grunnkretsnavn":"Ormelet","delomradenummer":"391108","delomradenavn":"Tjøme","kommunenummer":"3911"}},{"type":"MultiPolygon","arcs":[[[-2158,-1403,-2157,2202]],[[2203]],[[2204]],[[2205]]],"properties":{"grunnkretsnummer":"39110403","grunnkretsnavn":"Myra","delomradenummer":"391104","delomradenavn":"Føynland","kommunenummer":"3911"}},{"type":"MultiPolygon","arcs":[[[-2194,-1477,-1464,1489,1490,-1451,-2185,2206]],[[2207]],[[2208]],[[2209]],[[2210]],[[2211]],[[2212]]],"properties":{"grunnkretsnummer":"39110805","grunnkretsnavn":"Hulebakk","delomradenummer":"391108","delomradenavn":"Tjøme","kommunenummer":"3911"}},{"type":"Polygon","arcs":[[1491,2213,2214,2215,1494]],"properties":{"grunnkretsnummer":"39110701","grunnkretsnavn":"Øra","delomradenummer":"391107","delomradenavn":"Brattås","kommunenummer":"3911"}},{"type":"Polygon","arcs":[[-1466,-1485,-2199,2216,2217,1497,1498,1499,-1490]],"properties":{"grunnkretsnummer":"39110808","grunnkretsnavn":"Gon","delomradenummer":"391108","delomradenavn":"Tjøme","kommunenummer":"3911"}},{"type":"Polygon","arcs":[[-1443,-1370]],"properties":{"grunnkretsnummer":"39110302","grunnkretsnavn":"Vestskogen sentrum","delomradenummer":"391103","delomradenavn":"Borgheim","kommunenummer":"3911"}},{"type":"MultiPolygon","arcs":[[[2218]],[[2219]],[[2220]]],"properties":{"grunnkretsnummer":"39110708","grunnkretsnavn":"Veierland","delomradenummer":"391107","delomradenavn":"Brattås","kommunenummer":"3911"}},{"type":"MultiPolygon","arcs":[[[-2143,-1380,-1454,-1434,-2175,-2177,-1432,-2176,2221]],[[2222]],[[2223]],[[2224]],[[2225]],[[2226]],[[2227]],[[2228]],[[2229]],[[2230]],[[2231]],[[2232]],[[2233]],[[2234]],[[2235]],[[2236]],[[2237]],[[2238]]],"properties":{"grunnkretsnummer":"39110502","grunnkretsnavn":"Nesbryggen","delomradenummer":"391105","delomradenavn":"Bergan","kommunenummer":"3911"}},{"type":"Polygon","arcs":[[-297,-50,1508,-1439,1509,-1396,-1453,-298,-170]],"properties":{"grunnkretsnummer":"39110102","grunnkretsnavn":"Teie","delomradenummer":"391101","delomradenavn":"Teie","kommunenummer":"3911"}},{"type":"Polygon","arcs":[[2239,-2179,-1440,-1509,-49,-161]],"properties":{"grunnkretsnummer":"39110201","grunnkretsnavn":"Rosanes","delomradenummer":"391102","delomradenavn":"Rosanes","kommunenummer":"3911"}},{"type":"MultiPolygon","arcs":[[[-2148,-1387,-2147,2240]],[[2241]],[[2242]],[[2243]],[[2244]],[[2245]],[[2246]],[[2247]],[[2248]],[[2249]]],"properties":{"grunnkretsnummer":"39110813","grunnkretsnavn":"Hvasser øst","delomradenummer":"391108","delomradenavn":"Tjøme","kommunenummer":"3911"}},{"type":"Polygon","arcs":[[2250,1517,2251,2252,-2183,-1447,1519,-1473,-2190,2253,2254]],"properties":{"grunnkretsnummer":"39110802","grunnkretsnavn":"Holtane","delomradenummer":"391108","delomradenavn":"Tjøme","kommunenummer":"3911"}},{"type":"MultiPolygon","arcs":[[[-1463,-2189,2255,-1407]],[[2256]],[[2257]],[[2258]],[[2259]],[[2260]]],"properties":{"grunnkretsnummer":"39110603","grunnkretsnavn":"Årøysund","delomradenummer":"391106","delomradenavn":"Torød","kommunenummer":"3911"}},{"type":"Polygon","arcs":[[-2214,-1492,1520,-1470,1521,1522,2261,2262]],"properties":{"grunnkretsnummer":"39110702","grunnkretsnavn":"Skjerve","delomradenummer":"391107","delomradenavn":"Brattås","kommunenummer":"3911"}},{"type":"Polygon","arcs":[[1524,-1499]],"properties":{"grunnkretsnummer":"39110807","grunnkretsnavn":"Kirkely","delomradenummer":"391108","delomradenavn":"Tjøme","kommunenummer":"3911"}},{"type":"Polygon","arcs":[[-2264,2264,-2181,-1445,-1416,-1458,-1467,-1521,-1495,-2216,2265]],"properties":{"grunnkretsnummer":"39110306","grunnkretsnavn":"Stangeby","delomradenummer":"391103","delomradenavn":"Borgheim","kommunenummer":"3911"}},{"type":"Polygon","arcs":[[-1455,-1385,-2145,2266,2267,1526]],"properties":{"grunnkretsnummer":"39110504","grunnkretsnavn":"Skallestad","delomradenummer":"391105","delomradenavn":"Bergan","kommunenummer":"3911"}},{"type":"Polygon","arcs":[[-1527,-2268,2268,-2187,-1459,-1419,-1468,-1456]],"properties":{"grunnkretsnummer":"39110505","grunnkretsnavn":"Hårkollen","delomradenummer":"391105","delomradenavn":"Bergan","kommunenummer":"3911"}},{"type":"Polygon","arcs":[[-1412,-2170,2269,-1421]],"properties":{"grunnkretsnummer":"39110605","grunnkretsnavn":"Buerstad","delomradenummer":"391106","delomradenavn":"Torød","kommunenummer":"3911"}},{"type":"Polygon","arcs":[[1528,-1522,-1469,-1437,-1426,2270,1530,2271,2272,1532]],"properties":{"grunnkretsnummer":"39110705","grunnkretsnavn":"Kjøpmannskjær","delomradenummer":"391107","delomradenavn":"Brattås","kommunenummer":"3911"}},{"type":"Polygon","arcs":[[-2262,-1523,-1529,1533,2273,2274]],"properties":{"grunnkretsnummer":"39110707","grunnkretsnavn":"Brattås","delomradenummer":"391107","delomradenavn":"Brattås","kommunenummer":"3911"}},{"type":"MultiPolygon","arcs":[[[-2274,-1534,-1533,-2273,2275]],[[2276]]],"properties":{"grunnkretsnummer":"39110706","grunnkretsnavn":"Tenvik","delomradenummer":"391107","delomradenavn":"Brattås","kommunenummer":"3911"}},{"type":"Polygon","arcs":[[-2197,-1482,-2196,2277]],"properties":{"grunnkretsnummer":"39110811","grunnkretsnavn":"Bjørnevåg","delomradenummer":"391108","delomradenavn":"Tjøme","kommunenummer":"3911"}},{"type":"Polygon","arcs":[[-1397,-1510,-1438,-1375]],"properties":{"grunnkretsnummer":"39110103","grunnkretsnavn":"Fjellveien","delomradenummer":"391101","delomradenavn":"Teie","kommunenummer":"3911"}},{"type":"MultiPolygon","arcs":[[[-2191,-1474,-1520,-1452,-1491,-1500,-1525,-1498,-2218,2278]],[[2279]],[[2280]],[[2281]],[[2282]],[[2283]],[[2284]]],"properties":{"grunnkretsnummer":"39110806","grunnkretsnavn":"Svelvik","delomradenummer":"391108","delomradenavn":"Tjøme","kommunenummer":"3911"}},{"type":"Polygon","arcs":[[-2252,-1518,-2251,2285]],"properties":{"grunnkretsnummer":"39110803","grunnkretsnavn":"Måkerøy","delomradenummer":"391108","delomradenavn":"Tjøme","kommunenummer":"3911"}},{"type":"Polygon","arcs":[[1536,1537,1538,1539,1540,1541]],"properties":{"grunnkretsnummer":"39030105","grunnkretsnavn":"Holmestrand 5","delomradenummer":"390301","delomradenavn":"Holmestrand","kommunenummer":"3903"}},{"type":"Polygon","arcs":[[1542,1543,1544,1545,1546]],"properties":{"grunnkretsnummer":"39030205","grunnkretsnavn":"Sommerro","delomradenummer":"390302","delomradenavn":"Ekeberg - Borgen","kommunenummer":"3903"}},{"type":"Polygon","arcs":[[1547,1548,1549,1550,1551]],"properties":{"grunnkretsnummer":"39030702","grunnkretsnavn":"Duni","delomradenummer":"390307","delomradenavn":"Sande","kommunenummer":"3903"}},{"type":"MultiPolygon","arcs":[[[-421,1552,1553,2286,2287,1563]],[[2288]]],"properties":{"grunnkretsnummer":"39030108","grunnkretsnavn":"Mulvika","delomradenummer":"390301","delomradenavn":"Holmestrand","kommunenummer":"3903"}},{"type":"Polygon","arcs":[[1564,1565,-1567,-1568,-1569]],"properties":{"grunnkretsnummer":"39030806","grunnkretsnavn":"Flåten","delomradenummer":"390308","delomradenavn":"Nordre Sande","kommunenummer":"3903"}},{"type":"Polygon","arcs":[[1569,1570,1571,1572]],"properties":{"grunnkretsnummer":"39030802","grunnkretsnavn":"Galleberg vest","delomradenummer":"390308","delomradenavn":"Nordre Sande","kommunenummer":"3903"}},{"type":"Polygon","arcs":[[-1574,1574,1575,-410,-330,-329,-747]],"properties":{"grunnkretsnummer":"39030504","grunnkretsnavn":"Åkerholt","delomradenummer":"390305","delomradenavn":"Kårby - Vassås","kommunenummer":"3903"}},{"type":"Polygon","arcs":[[1576,1577,-1550,1578,2289,2290,2291,1582,1583,1584,1585]],"properties":{"grunnkretsnummer":"39030701","grunnkretsnavn":"Holm","delomradenummer":"390307","delomradenavn":"Sande","kommunenummer":"3903"}},{"type":"Polygon","arcs":[[1586,1587,1588,1589,1590]],"properties":{"grunnkretsnummer":"39030307","grunnkretsnavn":"Fosskogen","delomradenummer":"390303","delomradenavn":"Gullhaug - Hillestad","kommunenummer":"3903"}},{"type":"Polygon","arcs":[[-1565,-1592,-1593,1593,-1595,-1596,-1597,1597,1598,1599]],"properties":{"grunnkretsnummer":"39030804","grunnkretsnavn":"Kjeldås","delomradenummer":"390308","delomradenavn":"Nordre Sande","kommunenummer":"3903"}},{"type":"Polygon","arcs":[[1600,-1585,1601,1602,1603]],"properties":{"grunnkretsnummer":"39030302","grunnkretsnavn":"Solberg","delomradenummer":"390303","delomradenavn":"Gullhaug - Hillestad","kommunenummer":"3903"}},{"type":"Polygon","arcs":[[-1584,1604,1605,1606,1607,1608,-283,1609,-1602]],"properties":{"grunnkretsnummer":"39030303","grunnkretsnavn":"Bringaker","delomradenummer":"390303","delomradenavn":"Gullhaug - Hillestad","kommunenummer":"3903"}},{"type":"Polygon","arcs":[[2292,1612,1613,1614,-1539,1615,2293,2294]],"properties":{"grunnkretsnummer":"39030103","grunnkretsnavn":"Holmestrand 3","delomradenummer":"390301","delomradenavn":"Holmestrand","kommunenummer":"3903"}},{"type":"Polygon","arcs":[[1618,-1620,-1566,-1600,1620]],"properties":{"grunnkretsnummer":"39030807","grunnkretsnavn":"Klevjer","delomradenummer":"390308","delomradenavn":"Nordre Sande","kommunenummer":"3903"}},{"type":"Polygon","arcs":[[-1571,1621,1622,1623]],"properties":{"grunnkretsnummer":"39030707","grunnkretsnavn":"Tangbergåsen","delomradenummer":"390307","delomradenavn":"Sande","kommunenummer":"3903"}},{"type":"Polygon","arcs":[[-1625,-1619,1625,-1572,-1624,1626,1627,1628,1629,1630]],"properties":{"grunnkretsnummer":"39030708","grunnkretsnavn":"Skog","delomradenummer":"390307","delomradenavn":"Sande","kommunenummer":"3903"}},{"type":"Polygon","arcs":[[1631,-1604,1632]],"properties":{"grunnkretsnummer":"39030308","grunnkretsnavn":"Island","delomradenummer":"390303","delomradenavn":"Gullhaug - Hillestad","kommunenummer":"3903"}},{"type":"Polygon","arcs":[[1633,1634,1635,-281,-411,-1576,1636]],"properties":{"grunnkretsnummer":"39030309","grunnkretsnavn":"Skarrebo","delomradenummer":"390303","delomradenavn":"Gullhaug - Hillestad","kommunenummer":"3903"}},{"type":"Polygon","arcs":[[1637,1638,1639,1640]],"properties":{"grunnkretsnummer":"39030209","grunnkretsnavn":"Kleivan","delomradenummer":"390302","delomradenavn":"Ekeberg - Borgen","kommunenummer":"3903"}},{"type":"Polygon","arcs":[[1641,-1590,1642,1643,1644,1645,1646]],"properties":{"grunnkretsnummer":"39030201","grunnkretsnavn":"Gunnerud","delomradenummer":"390302","delomradenavn":"Ekeberg - Borgen","kommunenummer":"3903"}},{"type":"Polygon","arcs":[[-1546,1647,-1542,1648,1649,1650]],"properties":{"grunnkretsnummer":"39030203","grunnkretsnavn":"Rove","delomradenummer":"390302","delomradenavn":"Ekeberg - Borgen","kommunenummer":"3903"}},{"type":"Polygon","arcs":[[1651,1652,-1586,-1601,-1632,1653,1654]],"properties":{"grunnkretsnummer":"39030311","grunnkretsnavn":"Odderud","delomradenummer":"390303","delomradenavn":"Gullhaug - Hillestad","kommunenummer":"3903"}},{"type":"Polygon","arcs":[[1655,-1628,1656,-1577,-1653]],"properties":{"grunnkretsnummer":"39030706","grunnkretsnavn":"Hanekleiva","delomradenummer":"390307","delomradenavn":"Sande","kommunenummer":"3903"}},{"type":"Polygon","arcs":[[-1645,1657,1658,1659,1660,1661,-1553,-420,1662]],"properties":{"grunnkretsnummer":"39030216","grunnkretsnavn":"Bentsrud","delomradenummer":"390302","delomradenavn":"Ekeberg - Borgen","kommunenummer":"3903"}},{"type":"Polygon","arcs":[[-1664,1664,1665,1666,1667]],"properties":{"grunnkretsnummer":"39030406","grunnkretsnavn":"Lindset-Voll-Haugestad","delomradenummer":"390304","delomradenavn":"Hof - Eidsfoss","kommunenummer":"3903"}},{"type":"Polygon","arcs":[[1668,-1587,1669,-1607]],"properties":{"grunnkretsnummer":"39030304","grunnkretsnavn":"Godakerlia","delomradenummer":"390303","delomradenavn":"Gullhaug - Hillestad","kommunenummer":"3903"}},{"type":"Polygon","arcs":[[-1670,-1591,-1642,1670,-1608]],"properties":{"grunnkretsnummer":"39030305","grunnkretsnavn":"Berg","delomradenummer":"390303","delomradenavn":"Gullhaug - Hillestad","kommunenummer":"3903"}},{"type":"Polygon","arcs":[[-1672,1672,-1637,-1575,-1674]],"properties":{"grunnkretsnummer":"39030503","grunnkretsnavn":"Hulebak-Eikenes-Gran","delomradenummer":"390305","delomradenavn":"Kårby - Vassås","kommunenummer":"3903"}},{"type":"Polygon","arcs":[[-1621,-1599,1674,-1573,-1626]],"properties":{"grunnkretsnummer":"39030801","grunnkretsnavn":"Bølum","delomradenummer":"390308","delomradenavn":"Nordre Sande","kommunenummer":"3903"}},{"type":"Polygon","arcs":[[-1675,-1598,-1676,1676,1677,1678,1679,1680,-1570]],"properties":{"grunnkretsnummer":"39030803","grunnkretsnavn":"Galleberg øst","delomradenummer":"390308","delomradenavn":"Nordre Sande","kommunenummer":"3903"}},{"type":"Polygon","arcs":[[1681,-1650,1682,1683,1684,1685,-1658,-1644]],"properties":{"grunnkretsnummer":"39030210","grunnkretsnavn":"Hvitstein","delomradenummer":"390302","delomradenavn":"Ekeberg - Borgen","kommunenummer":"3903"}},{"type":"Polygon","arcs":[[2295,1687,1688,-1613,-2293,2296]],"properties":{"grunnkretsnummer":"39030101","grunnkretsnavn":"Holmestrand 1","delomradenummer":"390301","delomradenavn":"Holmestrand","kommunenummer":"3903"}},{"type":"Polygon","arcs":[[-1631,1689,1690,-1692,-1693,-1694,-1695,-1696]],"properties":{"grunnkretsnummer":"39030401","grunnkretsnavn":"Engerud-Eidsfoss","delomradenummer":"390304","delomradenavn":"Hof - Eidsfoss","kommunenummer":"3903"}},{"type":"Polygon","arcs":[[-1678,1696,2297,2298,2299,1699]],"properties":{"grunnkretsnummer":"39030603","grunnkretsnavn":"Selvik-Bekke","delomradenummer":"390306","delomradenavn":"Bekkestranda","kommunenummer":"3903"}},{"type":"Polygon","arcs":[[-1640,1700,1701,1702]],"properties":{"grunnkretsnummer":"39030208","grunnkretsnavn":"Kleiverud","delomradenummer":"390302","delomradenavn":"Ekeberg - Borgen","kommunenummer":"3903"}},{"type":"Polygon","arcs":[[1703,-1688,-2296,2300,-2287,-1554,-1662]],"properties":{"grunnkretsnummer":"39030107","grunnkretsnavn":"Blekvollen","delomradenummer":"390301","delomradenavn":"Holmestrand","kommunenummer":"3903"}},{"type":"Polygon","arcs":[[1704,-1638,1705,-1588,-1669,-1606]],"properties":{"grunnkretsnummer":"39030306","grunnkretsnavn":"Sollifeltet","delomradenummer":"390303","delomradenavn":"Gullhaug - Hillestad","kommunenummer":"3903"}},{"type":"MultiPolygon","arcs":[[[-2298,-1697,-1677,-1707,-1708,1708,2301,2302]],[[2303]],[[2304]],[[2305]],[[2306]]],"properties":{"grunnkretsnummer":"39030602","grunnkretsnavn":"Sando","delomradenummer":"390306","delomradenavn":"Bekkestranda","kommunenummer":"3903"}},{"type":"Polygon","arcs":[[-1667,1712,-1655,1713,-1635,1714]],"properties":{"grunnkretsnummer":"39030501","grunnkretsnavn":"Sundbyfoss","delomradenummer":"390305","delomradenavn":"Kårby - Vassås","kommunenummer":"3903"}},{"type":"Polygon","arcs":[[1715,1716,-1543,1717,-1702]],"properties":{"grunnkretsnummer":"39030207","grunnkretsnavn":"Ramberg","delomradenummer":"390302","delomradenavn":"Ekeberg - Borgen","kommunenummer":"3903"}},{"type":"Polygon","arcs":[[-1614,-1689,-1704,-1661,1718]],"properties":{"grunnkretsnummer":"39030102","grunnkretsnavn":"Holmestrand 2","delomradenummer":"390301","delomradenavn":"Holmestrand","kommunenummer":"3903"}},{"type":"Polygon","arcs":[[-1720,1720,1721,-1665]],"properties":{"grunnkretsnummer":"39030404","grunnkretsnavn":"Hem","delomradenummer":"390304","delomradenavn":"Hof - Eidsfoss","kommunenummer":"3903"}},{"type":"Polygon","arcs":[[-1691,1722,-1721,-1724,-1725]],"properties":{"grunnkretsnummer":"39030402","grunnkretsnavn":"Sjulerud-Eidsfoss-Stubben","delomradenummer":"390304","delomradenavn":"Hof - Eidsfoss","kommunenummer":"3903"}},{"type":"Polygon","arcs":[[-1627,-1623,1725,-1551,-1578,-1657]],"properties":{"grunnkretsnummer":"39030705","grunnkretsnavn":"Sande syd","delomradenummer":"390307","delomradenavn":"Sande","kommunenummer":"3903"}},{"type":"Polygon","arcs":[[-1654,-1633,-1603,-1610,-282,-1636,-1714]],"properties":{"grunnkretsnummer":"39030310","grunnkretsnavn":"Hillestad","delomradenummer":"390303","delomradenavn":"Gullhaug - Hillestad","kommunenummer":"3903"}},{"type":"Polygon","arcs":[[-1727,-1728,-1668,-1715,-1634,-1673]],"properties":{"grunnkretsnummer":"39030502","grunnkretsnavn":"Haslestad","delomradenummer":"390305","delomradenavn":"Kårby - Vassås","kommunenummer":"3903"}},{"type":"Polygon","arcs":[[-1690,-1630,1728,-1723]],"properties":{"grunnkretsnummer":"39030403","grunnkretsnavn":"Heierstad-Rød-Herstad","delomradenummer":"390304","delomradenavn":"Hof - Eidsfoss","kommunenummer":"3903"}},{"type":"Polygon","arcs":[[1729,-1684,1730]],"properties":{"grunnkretsnummer":"39030212","grunnkretsnavn":"Barlin","delomradenummer":"390302","delomradenavn":"Ekeberg - Borgen","kommunenummer":"3903"}},{"type":"Polygon","arcs":[[-1686,1731,-1659]],"properties":{"grunnkretsnummer":"39030214","grunnkretsnavn":"Neperud","delomradenummer":"390302","delomradenavn":"Ekeberg - Borgen","kommunenummer":"3903"}},{"type":"Polygon","arcs":[[1732,-1540,-1615,-1719,-1660,-1732,-1685,-1730]],"properties":{"grunnkretsnummer":"39030213","grunnkretsnavn":"Gausen","delomradenummer":"390302","delomradenavn":"Ekeberg - Borgen","kommunenummer":"3903"}},{"type":"Polygon","arcs":[[1733,1734,-1544,-1717]],"properties":{"grunnkretsnummer":"39030206","grunnkretsnavn":"Solbergskogen","delomradenummer":"390302","delomradenavn":"Ekeberg - Borgen","kommunenummer":"3903"}},{"type":"Polygon","arcs":[[-1735,1735,1736,-1537,-1648,-1545]],"properties":{"grunnkretsnummer":"39030204","grunnkretsnavn":"Nordjordet","delomradenummer":"390302","delomradenavn":"Ekeberg - Borgen","kommunenummer":"3903"}},{"type":"Polygon","arcs":[[-1649,-1541,-1733,-1731,-1683]],"properties":{"grunnkretsnummer":"39030211","grunnkretsnavn":"Solhøy","delomradenummer":"390302","delomradenavn":"Ekeberg - Borgen","kommunenummer":"3903"}},{"type":"Polygon","arcs":[[-1594,-1738,-1739,-1740]],"properties":{"grunnkretsnummer":"39030805","grunnkretsnavn":"Skoger","delomradenummer":"390308","delomradenavn":"Nordre Sande","kommunenummer":"3903"}},{"type":"Polygon","arcs":[[-1680,1740,-1548,1741]],"properties":{"grunnkretsnummer":"39030703","grunnkretsnavn":"Sjøl","delomradenummer":"390307","delomradenavn":"Sande","kommunenummer":"3903"}},{"type":"Polygon","arcs":[[1742,1743,2307,2308,2309,1747,1748,1749,1750]],"properties":{"grunnkretsnummer":"39010504","grunnkretsnavn":"Apenes","delomradenummer":"390105","delomradenavn":"Nordbyen","kommunenummer":"3901"}},{"type":"Polygon","arcs":[[1751,1752,-424,-399,1753,-406]],"properties":{"grunnkretsnummer":"39010401","grunnkretsnavn":"Adal","delomradenummer":"390104","delomradenavn":"Åsgårdstrand","kommunenummer":"3901"}},{"type":"Polygon","arcs":[[-1741,-1679,-1700,-2300,2310,-2290,-1579,-1549]],"properties":{"grunnkretsnummer":"39030604","grunnkretsnavn":"Selvik","delomradenummer":"390306","delomradenavn":"Bekkestranda","kommunenummer":"3903"}},{"type":"Polygon","arcs":[[-1737,2311,2312,-2314,2314,-2294,-1616,-1538]],"properties":{"grunnkretsnummer":"39030104","grunnkretsnavn":"Holmestrand 4","delomradenummer":"390301","delomradenavn":"Holmestrand","kommunenummer":"3903"}},{"type":"Polygon","arcs":[[-1705,-1605,-1583,-2292,2315,-2312,-1736,-1734,-1716,-1701,-1639]],"properties":{"grunnkretsnummer":"39030106","grunnkretsnavn":"Smørstein","delomradenummer":"390301","delomradenavn":"Holmestrand","kommunenummer":"3903"}},{"type":"Polygon","arcs":[[-1641,-1703,-1718,-1547,-1651,-1682,-1643,-1589,-1706]],"properties":{"grunnkretsnummer":"39030215","grunnkretsnavn":"Gudum","delomradenummer":"390302","delomradenavn":"Ekeberg - Borgen","kommunenummer":"3903"}},{"type":"Polygon","arcs":[[1755,1756,1757,1758,1759,1760,1761]],"properties":{"grunnkretsnummer":"39010704","grunnkretsnavn":"Brårudåsen","delomradenummer":"390107","delomradenavn":"Sentrum","kommunenummer":"3901"}},{"type":"Polygon","arcs":[[-418,-417,1762,1763,-402,-247,-328]],"properties":{"grunnkretsnummer":"39010105","grunnkretsnavn":"Kopstad","delomradenummer":"390101","delomradenavn":"Nykirke","kommunenummer":"3901"}},{"type":"Polygon","arcs":[[1764,1765,-465,1766,1767,1768]],"properties":{"grunnkretsnummer":"39010203","grunnkretsnavn":"Tveiten","delomradenummer":"390102","delomradenavn":"Granly","kommunenummer":"3901"}},{"type":"Polygon","arcs":[[-1609,-1671,-1647,1769,-36,-284]],"properties":{"grunnkretsnummer":"39030301","grunnkretsnavn":"Korsgården","delomradenummer":"390303","delomradenavn":"Gullhaug - Hillestad","kommunenummer":"3903"}},{"type":"Polygon","arcs":[[-1729,-1629,-1656,-1652,-1713,-1666,-1722]],"properties":{"grunnkretsnummer":"39030405","grunnkretsnavn":"Vike","delomradenummer":"390304","delomradenavn":"Hof - Eidsfoss","kommunenummer":"3903"}},{"type":"Polygon","arcs":[[-1771,-1772,-1773,2316,-2302,-1709]],"properties":{"grunnkretsnummer":"39030601","grunnkretsnavn":"Mørkassel","delomradenummer":"390306","delomradenavn":"Bekkestranda","kommunenummer":"3903"}},{"type":"Polygon","arcs":[[-1770,-1646,-1663,-419,-102,-37]],"properties":{"grunnkretsnummer":"39030202","grunnkretsnavn":"Kårjord","delomradenummer":"390302","delomradenavn":"Ekeberg - Borgen","kommunenummer":"3903"}},{"type":"Polygon","arcs":[[-1681,-1742,-1552,-1726,-1622]],"properties":{"grunnkretsnummer":"39030704","grunnkretsnavn":"Sande nord","delomradenummer":"390307","delomradenavn":"Sande","kommunenummer":"3903"}},{"type":"Polygon","arcs":[[1775,1776,1777,1778,1779]],"properties":{"grunnkretsnummer":"39010603","grunnkretsnavn":"Nordskogen","delomradenummer":"390106","delomradenavn":"Holtandalen","kommunenummer":"3901"}},{"type":"Polygon","arcs":[[1780,1781,1782,1783,1784,1785]],"properties":{"grunnkretsnummer":"39010302","grunnkretsnavn":"Sande","delomradenummer":"390103","delomradenavn":"Borre","kommunenummer":"3901"}},{"type":"MultiPolygon","arcs":[[[2317,1788,2318,2319]],[[2320]],[[2321]]],"properties":{"grunnkretsnummer":"39010707","grunnkretsnavn":"Karl Johansvern - Øyene","delomradenummer":"390107","delomradenavn":"Sentrum","kommunenummer":"3901"}},{"type":"Polygon","arcs":[[1794,1795,1796]],"properties":{"grunnkretsnummer":"39010605","grunnkretsnavn":"Holtan syd","delomradenummer":"390106","delomradenavn":"Holtandalen","kommunenummer":"3901"}},{"type":"Polygon","arcs":[[-1754,-404,1797,1798,1799,1800,-407]],"properties":{"grunnkretsnummer":"39010304","grunnkretsnavn":"Gusland","delomradenummer":"390103","delomradenavn":"Borre","kommunenummer":"3901"}},{"type":"Polygon","arcs":[[1801,1802,1803,1804,-1759]],"properties":{"grunnkretsnummer":"39010801","grunnkretsnavn":"Sentrum syd","delomradenummer":"390108","delomradenavn":"Sydbyen","kommunenummer":"3901"}},{"type":"Polygon","arcs":[[-405,-1801,1805,-1785,1806,-1752]],"properties":{"grunnkretsnummer":"39010306","grunnkretsnavn":"Borge","delomradenummer":"390103","delomradenavn":"Borre","kommunenummer":"3901"}},{"type":"Polygon","arcs":[[1807,2322,-2308,-1744,1809,1810]],"properties":{"grunnkretsnummer":"39010503","grunnkretsnavn":"Kjølhalskogen","delomradenummer":"390105","delomradenavn":"Nordbyen","kommunenummer":"3901"}},{"type":"Polygon","arcs":[[1811,1812,-1769,1813]],"properties":{"grunnkretsnummer":"39010202","grunnkretsnavn":"Baggerød","delomradenummer":"390102","delomradenavn":"Granly","kommunenummer":"3901"}},{"type":"Polygon","arcs":[[1814,1815,1816]],"properties":{"grunnkretsnummer":"39010307","grunnkretsnavn":"Guttulsrød","delomradenummer":"390103","delomradenavn":"Borre","kommunenummer":"3901"}},{"type":"Polygon","arcs":[[1817,1818,-1780,1819,-1797,-1814,-1768,1820,1821,1822,-1782,1823]],"properties":{"grunnkretsnummer":"39010201","grunnkretsnavn":"Semb","delomradenummer":"390102","delomradenavn":"Granly","kommunenummer":"3901"}},{"type":"Polygon","arcs":[[1824,-1751,1825,1826,-1777,1827]],"properties":{"grunnkretsnummer":"39010601","grunnkretsnavn":"Lillås","delomradenummer":"390106","delomradenavn":"Holtandalen","kommunenummer":"3901"}},{"type":"Polygon","arcs":[[1828,-1828,-1776,-1819]],"properties":{"grunnkretsnummer":"39010602","grunnkretsnavn":"Kongstien","delomradenummer":"390106","delomradenavn":"Holtandalen","kommunenummer":"3901"}},{"type":"Polygon","arcs":[[-426,1829,1830,1831,-318,-354]],"properties":{"grunnkretsnummer":"39010404","grunnkretsnavn":"Breidablikk","delomradenummer":"390104","delomradenavn":"Åsgårdstrand","kommunenummer":"3901"}},{"type":"Polygon","arcs":[[-1767,-464,-1952,2323,2324,1834,-1821]],"properties":{"grunnkretsnummer":"39010205","grunnkretsnavn":"Røre","delomradenummer":"390102","delomradenavn":"Granly","kommunenummer":"3901"}},{"type":"Polygon","arcs":[[1835,1836,1837,-1757]],"properties":{"grunnkretsnummer":"39010702","grunnkretsnavn":"Åsen","delomradenummer":"390107","delomradenavn":"Sentrum","kommunenummer":"3901"}},{"type":"Polygon","arcs":[[-1750,1838,-1836,-1756,1839,-1826]],"properties":{"grunnkretsnummer":"39010701","grunnkretsnavn":"Keisemarka","delomradenummer":"390107","delomradenavn":"Sentrum","kommunenummer":"3901"}},{"type":"Polygon","arcs":[[1840,1841,1842,-459,-1766]],"properties":{"grunnkretsnummer":"39010803","grunnkretsnavn":"Bryggerijordet","delomradenummer":"390108","delomradenavn":"Sydbyen","kommunenummer":"3901"}},{"type":"Polygon","arcs":[[-1811,1843,1844]],"properties":{"grunnkretsnummer":"39010501","grunnkretsnavn":"Orerønningen","delomradenummer":"390105","delomradenavn":"Nordbyen","kommunenummer":"3901"}},{"type":"Polygon","arcs":[[-1564,2325,1846,1847,-1763,-416]],"properties":{"grunnkretsnummer":"39010103","grunnkretsnavn":"Freberg","delomradenummer":"390101","delomradenavn":"Nykirke","kommunenummer":"3901"}},{"type":"Polygon","arcs":[[-1847,2326,2327,1849,-1824,1850,-1815,1851]],"properties":{"grunnkretsnummer":"39010102","grunnkretsnavn":"Vegge","delomradenummer":"390101","delomradenavn":"Nykirke","kommunenummer":"3901"}},{"type":"Polygon","arcs":[[-403,-1764,-1848,-1852,-1817,1852,-1798]],"properties":{"grunnkretsnummer":"39010104","grunnkretsnavn":"Nykirke","delomradenummer":"390101","delomradenavn":"Nykirke","kommunenummer":"3901"}},{"type":"Polygon","arcs":[[-1778,-1827,-1840,-1762,1853,1854]],"properties":{"grunnkretsnummer":"39010606","grunnkretsnavn":"Nordre Baggerød","delomradenummer":"390106","delomradenavn":"Holtandalen","kommunenummer":"3901"}},{"type":"Polygon","arcs":[[2328]],"properties":{"grunnkretsnummer":"39010207","grunnkretsnavn":"Bastøy","delomradenummer":"390102","delomradenavn":"Granly","kommunenummer":"3901"}},{"type":"Polygon","arcs":[[-1823,1864,2329,2330,2331,1867,1868,-1783]],"properties":{"grunnkretsnummer":"39010301","grunnkretsnavn":"Kirkebakken","delomradenummer":"390103","delomradenavn":"Borre","kommunenummer":"3901"}},{"type":"Polygon","arcs":[[-1868,-2332,2332,2333,1870,-1831,1871]],"properties":{"grunnkretsnummer":"39010403","grunnkretsnavn":"Fjukstad","delomradenummer":"390104","delomradenavn":"Åsgårdstrand","kommunenummer":"3901"}},{"type":"Polygon","arcs":[[-1835,-2325,2334,-2330,-1865,-1822]],"properties":{"grunnkretsnummer":"39010206","grunnkretsnavn":"Vold","delomradenummer":"390102","delomradenavn":"Granly","kommunenummer":"3901"}},{"type":"Polygon","arcs":[[-1844,-1810,-1743,-1825,-1829,1872]],"properties":{"grunnkretsnummer":"39010502","grunnkretsnavn":"Laskenlia","delomradenummer":"390105","delomradenavn":"Nordbyen","kommunenummer":"3901"}},{"type":"Polygon","arcs":[[-1808,-1845,-1873,-1818,-1850,-2328,2335]],"properties":{"grunnkretsnummer":"39010101","grunnkretsnavn":"Falkensten","delomradenummer":"390101","delomradenavn":"Nykirke","kommunenummer":"3901"}},{"type":"Polygon","arcs":[[-1807,-1784,-1869,-1872,-1830,-425,-1753]],"properties":{"grunnkretsnummer":"39010402","grunnkretsnavn":"Ra","delomradenummer":"390104","delomradenavn":"Åsgårdstrand","kommunenummer":"3901"}},{"type":"Polygon","arcs":[[1874,-1786,-1806,-1800]],"properties":{"grunnkretsnummer":"39010305","grunnkretsnavn":"Skoppum","delomradenummer":"390103","delomradenavn":"Borre","kommunenummer":"3901"}},{"type":"Polygon","arcs":[[-1804,1875,-1842,1876]],"properties":{"grunnkretsnummer":"39010802","grunnkretsnavn":"Sollistrand","delomradenummer":"390108","delomradenavn":"Sydbyen","kommunenummer":"3901"}},{"type":"Polygon","arcs":[[-1838,1877,1878,-1802,-1758]],"properties":{"grunnkretsnummer":"39010705","grunnkretsnavn":"Sentrum","delomradenummer":"390107","delomradenavn":"Sentrum","kommunenummer":"3901"}},{"type":"Polygon","arcs":[[-1853,-1816,-1851,-1781,-1875,-1799]],"properties":{"grunnkretsnummer":"39010303","grunnkretsnavn":"Solberg","delomradenummer":"390103","delomradenavn":"Borre","kommunenummer":"3901"}},{"type":"Polygon","arcs":[[-1779,-1855,-1795,-1820]],"properties":{"grunnkretsnummer":"39010604","grunnkretsnavn":"Holtan nord","delomradenummer":"390106","delomradenavn":"Holtandalen","kommunenummer":"3901"}},{"type":"Polygon","arcs":[[-319,-1832,-1871,-2334,2336,-439]],"properties":{"grunnkretsnummer":"39010405","grunnkretsnavn":"Åsgårdstrand","delomradenummer":"390104","delomradenavn":"Åsgårdstrand","kommunenummer":"3901"}},{"type":"Polygon","arcs":[[-1760,-1805,-1877,-1841,-1765,-1813,1879]],"properties":{"grunnkretsnummer":"39010804","grunnkretsnavn":"Jota","delomradenummer":"390108","delomradenavn":"Sydbyen","kommunenummer":"3901"}},{"type":"Polygon","arcs":[[-1879,1880,-1748,-2310,2337,-2319,-1789,-2318,2338,-1950,-460,-1843,-1876,-1803]],"properties":{"grunnkretsnummer":"39010706","grunnkretsnavn":"Havneområdet-Lystlunden","delomradenummer":"390107","delomradenavn":"Sentrum","kommunenummer":"3901"}},{"type":"Polygon","arcs":[[-1854,-1761,-1880,-1812,-1796]],"properties":{"grunnkretsnummer":"39010805","grunnkretsnavn":"Søndre Baggerød","delomradenummer":"390108","delomradenavn":"Sydbyen","kommunenummer":"3901"}},{"type":"Polygon","arcs":[[-1749,-1881,-1878,-1837,-1839]],"properties":{"grunnkretsnummer":"39010703","grunnkretsnavn":"Ollebakken","delomradenummer":"390107","delomradenavn":"Sentrum","kommunenummer":"3901"}}]},"delomrader":{"type":"GeometryCollection","geometries":[{"type":"MultiPolygon","arcs":[[[-1563,-1562,-1561,-1874,-1792,-1809,-1808,-1845,-1873,-1818,-1824,1850,-1815,-1817,1852,-1798,-403,-402,-247,-328,-418,-417,-416,-1564]]],"properties":{"delomradenummer":"390101","delomradenavn":"Nykirke","kommunenummer":"3901"}},{"type":"MultiPolygon","arcs":[[[-435,1855,1856,1857,-1866,-1865,1822,-1782,1823,1817,1818,-1780,1819,-1797,1811,1812,1764,1765,458,459,460,1859,1860,1861,1862,1863,-457]]],"properties":{"delomradenummer":"390102","delomradenavn":"Granly","kommunenummer":"3901"}},{"type":"MultiPolygon","arcs":[[[1814,-1851,1781,-1823,1864,1865,-1858,1866,1867,1868,1783,1806,-1752,-405,-407,-1754,-404,1797,-1853,1816]]],"properties":{"delomradenummer":"390103","delomradenavn":"Borre","kommunenummer":"3901"}},{"type":"MultiPolygon","arcs":[[[-1856,-434,-439,-319,-318,-354,-426,-425,-424,-399,1753,-406,1751,-1807,-1784,-1869,-1868,-1867,-1857]]],"properties":{"delomradenummer":"390104","delomradenavn":"Åsgårdstrand","kommunenummer":"3901"}},{"type":"MultiPolygon","arcs":[[[1844,1807,1808,-1791,1745,1746,1747,1748,1749,1750,-1825,-1829,1872]]],"properties":{"delomradenummer":"390105","delomradenavn":"Nordbyen","kommunenummer":"3901"}},{"type":"MultiPolygon","arcs":[[[1828,1824,-1751,1825,-1840,-1762,1853,1795,1796,-1820,1779,-1819]]],"properties":{"delomradenummer":"390106","delomradenavn":"Holtandalen","kommunenummer":"3901"}},{"type":"MultiPolygon","arcs":[[[-1750,-1749,-1748,-1747,-1746,1790,1791,-1793,-1794,1786,1881,-1860,-461,-460,-1843,-1876,-1803,-1802,1758,1759,1760,1761,1839,-1826]]],"properties":{"delomradenummer":"390107","delomradenavn":"Sentrum","kommunenummer":"3901"}},{"type":"MultiPolygon","arcs":[[[1842,-459,-1766,-1765,-1813,-1812,-1796,-1854,-1761,-1760,-1759,1801,1802,1875]]],"properties":{"delomradenummer":"390108","delomradenavn":"Sydbyen","kommunenummer":"3901"}},{"type":"MultiPolygon","arcs":[[[-1705,-1605,-1583,-1582,-1712,-1711,1610,1557,-1559,-1560,1560,1561,1562,1563,-421,1552,-1662,-1661,1718,1614,1539,1540,1541,1536,-1737,-1736,-1734,-1716,-1701,-1639]]],"properties":{"delomradenummer":"390301","delomradenavn":"Holmestrand","kommunenummer":"3903"}},{"type":"MultiPolygon","arcs":[[[1733,1735,1736,-1537,-1542,-1541,-1540,-1615,-1719,1660,1661,-1553,-420,-419,-102,-37,-1770,1646,1641,-1590,-1589,-1706,1637,1638,1700,1715]]],"properties":{"delomradenummer":"390302","delomradenavn":"Ekeberg - Borgen","kommunenummer":"3903"}},{"type":"MultiPolygon","arcs":[[[1588,1589,-1642,-1647,1769,-36,-284,-283,-282,-281,-411,-1576,1636,1633,1634,-1714,1654,1651,1652,-1586,-1585,-1584,1604,1704,-1638,1705]]],"properties":{"delomradenummer":"390303","delomradenavn":"Gullhaug - Hillestad","kommunenummer":"3903"}},{"type":"MultiPolygon","arcs":[[[-1724,-1725,-1692,-1693,-1694,-1695,-1696,-1631,-1630,-1629,-1656,-1652,-1713,1666,1667,-1664,-1720]]],"properties":{"delomradenummer":"390304","delomradenavn":"Hof - Eidsfoss","kommunenummer":"3903"}},{"type":"MultiPolygon","arcs":[[[-1634,-1637,1575,-410,-330,-329,-747,-1574,-1674,-1672,-1727,-1728,-1668,-1667,1712,-1655,1713,-1635]]],"properties":{"delomradenummer":"390305","delomradenavn":"Kårby - Vassås","kommunenummer":"3903"}},{"type":"MultiPolygon","arcs":[[[-1558,-1611,1710,1711,-1581,-1580,-1579,-1549,-1741,-1679,-1678,-1677,-1707,-1708,-1771,-1772,-1773,-1774,-1775]]],"properties":{"delomradenummer":"390306","delomradenavn":"Bekkestranda","kommunenummer":"3903"}},{"type":"MultiPolygon","arcs":[[[1548,1578,1579,1580,1581,1582,1583,1584,1585,-1653,1655,1628,1629,1630,-1625,-1619,1625,-1572,-1571,-1681,-1680,1740]]],"properties":{"delomradenummer":"390307","delomradenavn":"Sande","kommunenummer":"3903"}},{"type":"MultiPolygon","arcs":[[[-1595,-1596,-1597,-1676,1676,1677,1678,1679,1680,1570,1571,-1626,1618,-1620,-1567,-1568,-1569,-1592,-1593,-1738,-1739,-1740]]],"properties":{"delomradenummer":"390308","delomradenavn":"Nordre Sande","kommunenummer":"3903"}},{"type":"MultiPolygon","arcs":[[[390,362,363,364,358,293,448,449,275,432,-3,-2,-334,269,-223,-101,-100,-99,-98,-429,-118,-444,-443,444,451]]],"properties":{"delomradenummer":"390501","delomradenavn":"Sem","kommunenummer":"3905"}},{"type":"MultiPolygon","arcs":[[[337,338,-400,423,424,425,353,-322,350,351,211,212,213,95,96,97,98,99,100,90,-222]]],"properties":{"delomradenummer":"390502","delomradenavn":"Barkåker","kommunenummer":"3905"}},{"type":"MultiPolygon","arcs":[[[242,-431,346,347,-395,-382,441,-308,-313,115,116,117,428,-97,-96,-214,300]]],"properties":{"delomradenummer":"390503","delomradenavn":"Eik","kommunenummer":"3905"}},{"type":"MultiPolygon","arcs":[[[454,455,-182,-288,-287,-286,-204,-226,-314,-383,394,-348,-347,430,-243,-301,-213,-212,-352,-351,321,317,318,438,433,434,456,457]]],"properties":{"delomradenummer":"390504","delomradenavn":"Klokkeråsen","kommunenummer":"3905"}},{"type":"MultiPolygon","arcs":[[[313,-231,-230,205,206,207,208,-233,-232,-176,-175,379,-25,-110,-109,-31,380,381,382]]],"properties":{"delomradenummer":"390505","delomradenavn":"Presterød","kommunenummer":"3905"}},{"type":"MultiPolygon","arcs":[[[181,182,-265,-264,-207,-206,229,230,225,203,285,286,287]]],"properties":{"delomradenummer":"390506","delomradenavn":"Ringshaug","kommunenummer":"3905"}},{"type":"MultiPolygon","arcs":[[[-208,263,264,-183,261,447,-277,-280,325,322,173,174,175,231,232,-209]]],"properties":{"delomradenummer":"390507","delomradenavn":"Husvik","kommunenummer":"3905"}},{"type":"MultiPolygon","arcs":[[[276,277,278,279]]],"properties":{"delomradenummer":"390508","delomradenavn":"Husøy","kommunenummer":"3905"}},{"type":"MultiPolygon","arcs":[[[-117,-312,-151,112,-155,136,137,138,-72,-71,-70,-69,84,67,442,443]]],"properties":{"delomradenummer":"390509","delomradenavn":"Sentrum - Slottsfjellet","kommunenummer":"3905"}},{"type":"MultiPolygon","arcs":[[[-168,-112,-111,-24,-266,-138,-137,154,-113,150,151,-82]]],"properties":{"delomradenummer":"390510","delomradenavn":"Banesløyfen","kommunenummer":"3905"}},{"type":"MultiPolygon","arcs":[[[-380,445,-164,76,68,69,70,71,-139,265,23,18,19,24]]],"properties":{"delomradenummer":"390511","delomradenavn":"Stensarmen - Træleborg","kommunenummer":"3905"}},{"type":"MultiPolygon","arcs":[[[297,298,299,-68,-85,-77,163,164,160,48,49,296,169]]],"properties":{"delomradenummer":"390512","delomradenavn":"Kaldnes - Tei","kommunenummer":"3905"}},{"type":"MultiPolygon","arcs":[[[30,108,109,-20,-19,110,111,167,81,-152,311,-116,312,307,-442,-381]]],"properties":{"delomradenummer":"390513","delomradenavn":"Solvang - Kilen - Byskogen","kommunenummer":"3905"}},{"type":"MultiPolygon","arcs":[[[280,281,282,283,35,36,101,418,419,420,415,416,417,327,246,247,248,249,105,157,158,-147,-146,191,284]]],"properties":{"delomradenummer":"390514","delomradenavn":"Våle","kommunenummer":"3905"}},{"type":"MultiPolygon","arcs":[[[398,399,-339,-338,-221,-220,-219,-303,-239,-88,-148,-159,-158,-106,-250,-249,-248,401,402,403]],[[404,405,406]]],"properties":{"delomradenummer":"390515","delomradenavn":"Undrumsdal","kommunenummer":"3905"}},{"type":"MultiPolygon","arcs":[[[302,218,219,220,221,-91,222,-270,333,-1,334,386,387,189,190,-58,186,85,86,87,238]]],"properties":{"delomradenummer":"390516","delomradenavn":"Ramnes","kommunenummer":"3905"}},{"type":"MultiPolygon","arcs":[[[328,329,409,410,-285,-192,145,146,147,-87,-86,-187,57,58,59,50,51,52,332]]],"properties":{"delomradenummer":"390517","delomradenavn":"Fon - Vivestad","kommunenummer":"3905"}},{"type":"MultiPolygon","arcs":[[[1050,1329,-1345,-1358,-1033,-1032,-611,-610,-619,-1016,-1015,-1116,-1115,-1087,1121,1291,1289,1210,1211,-1189,1212,-1169,1206,1274,1275]]],"properties":{"delomradenummer":"390701","delomradenavn":"Sentrum","kommunenummer":"3907"}},{"type":"MultiPolygon","arcs":[[[-888,1145,1140,1001,1088,1085,1086,1114,1115,1014,1015,-618,-617,1161,1162,-1180,-44,-1229,870,-505,-816,-815,-814,-889]]],"properties":{"delomradenummer":"390702","delomradenavn":"Hystad","kommunenummer":"3907"}},{"type":"MultiPolygon","arcs":[[[1349,-1292,-1122,-1086,-1089,-1002,-1141,-1146,-887,-661,-997,-1343,-925,-924,-1202,1337]],[[-776,-658]]],"properties":{"delomradenummer":"390703","delomradenavn":"Førstad","kommunenummer":"3907"}},{"type":"MultiPolygon","arcs":[[[923,924,1342,-996,-1308,-1307,-1252,-1251,-1072,-1071,-1070,-1213,1188,-1212,-1211,-1290,-1350,-1338,1201]]],"properties":{"delomradenummer":"390704","delomradenavn":"Bugården","kommunenummer":"3907"}},{"type":"MultiPolygon","arcs":[[[1306,1307,995,996,-660,-780,-779,-828,-835,-834,-1223,-1085,931,1249,-1065,1250,1251]]],"properties":{"delomradenummer":"390705","delomradenavn":"Haukerød","kommunenummer":"3907"}},{"type":"MultiPolygon","arcs":[[[-930,-1104,-1103,-805,-1321,-989,-993,1218,-1359,-1134,-1250,-932,1084,1222,-833,1223]]],"properties":{"delomradenummer":"390706","delomradenavn":"Fevang","kommunenummer":"3907"}},{"type":"MultiPolygon","arcs":[[[904,-1186,-1214,979,-1217,1343,1344,-1330,-1051,-1276,-1275,-1207,1168,1069,1070,1071,1064,1133,1358,-1219,-992,-921,-920,-919,963]]],"properties":{"delomradenummer":"390707","delomradenavn":"Breidablikk","kommunenummer":"3907"}},{"type":"MultiPolygon","arcs":[[[988,989,1154,-1063,1155,1156,915,916,-1181,-1117,1184,1185,-905,-964,918,919,920,991,992]]],"properties":{"delomradenummer":"390708","delomradenavn":"From","kommunenummer":"3907"}},{"type":"MultiPolygon","arcs":[[[950,951,-1247,-1246,-1182,-916,-1157,-1156,-1062,1312,1313,1314,1315,1336,1299,1300,1295,1332,1359]]],"properties":{"delomradenummer":"390709","delomradenavn":"Helgerød","kommunenummer":"3907"}},{"type":"MultiPolygon","arcs":[[[799,-910,-1268,-1035,-1034,1357,-1344,1216,-980,1213,-1185,1116,1180,-917,1181,1245,1246,-952,-951,-1360,-1333,-1296,1377,1028,1029,1030,1022,1023,1024,-1228,-1285,-1137,-1136]]],"properties":{"delomradenummer":"390710","delomradenavn":"Østerøy","kommunenummer":"3907"}},{"type":"MultiPolygon","arcs":[[[1227,-1025,-1024,1202,-809,-506,-871,1228,43,1179,-1163,-1162,616,617,618,609,610,1031,1032,1033,1034,1267,909,-800,1135,1136,1284]]],"properties":{"delomradenummer":"390711","delomradenavn":"Vesterøy","kommunenummer":"3907"}},{"type":"MultiPolygon","arcs":[[[927,928,929,-1224,-832,-844,-847,-846,-767,-810,-734,971,972,1366,-946,-1081]]],"properties":{"delomradenummer":"390712","delomradenavn":"Kodal","kommunenummer":"3907"}},{"type":"MultiPolygon","arcs":[[[1098,-1153,-1259,-1258,-190,-388,1269,1351,956,942,943,944,945,946,947,-1055]]],"properties":{"delomradenummer":"390713","delomradenavn":"Andebu","kommunenummer":"3907"}},{"type":"MultiPolygon","arcs":[[[1152,-1099,1054,-948,-947,-1367,-973,-972,-733,-732,-842,-891,-51,-60,-59,-191,1257,1258]]],"properties":{"delomradenummer":"390714","delomradenavn":"Høyjord - Vestre Andebu","kommunenummer":"3907"}},{"type":"MultiPolygon","arcs":[[[1321,1322,1323,1324,-1243,-1242,-1241,1293,1238,-1044,-365,-364,1229,1230,1231,1232,1233,1234,1347,1348,1327]]],"properties":{"delomradenummer":"390715","delomradenavn":"Melsom","kommunenummer":"3907"}},{"type":"MultiPolygon","arcs":[[[-1264,-1045,-1239,-1294,1240,1241,1242,-1325,-1324,-1323,1363,1364,1365,-1316,-1315,-1314,-1313,1061,1062,-1155,-990,1320,804,805,801,802,-1266,-1265]]],"properties":{"delomradenummer":"390716","delomradenavn":"Stokke","kommunenummer":"3907"}},{"type":"MultiPolygon","arcs":[[[-276,-450,-449,-294,-359,1043,1044,1263,1264,1265,-803,-802,-806,1102,1103,-929,-928,1080,-945,-944,-943,-957,-1352,-1270,-387,-335,0,1,2,-433]]],"properties":{"delomradenummer":"390717","delomradenavn":"Skjee","kommunenummer":"3907"}},{"type":"MultiPolygon","arcs":[[[849,819,-127,-126,-722,-721,-494,-493]]],"properties":{"delomradenummer":"390901","delomradenavn":"Langestrand","kommunenummer":"3909"}},{"type":"MultiPolygon","arcs":[[[-491,-600,-711,758,638,-786,864,865,588,589,590,123,124,125,126,-820,-850,-492]]],"properties":{"delomradenummer":"390902","delomradenavn":"Hovedbyen","kommunenummer":"3909"}},{"type":"MultiPolygon","arcs":[[[584,585,676,-125,-124,-591,-590,-883,666,667,668,669,670]]],"properties":{"delomradenummer":"390903","delomradenavn":"Torstrand","kommunenummer":"3909"}},{"type":"MultiPolygon","arcs":[[[725,-668,-667,882,-589,-866,-865,-785,465,466,-541,790,791]]],"properties":{"delomradenummer":"390904","delomradenavn":"Byskogen","kommunenummer":"3909"}},{"type":"MultiPolygon","arcs":[[[540,-467,537,499,470,-752,-855,-561,-821,-791]]],"properties":{"delomradenummer":"390905","delomradenavn":"Tagtvedt","kommunenummer":"3909"}},{"type":"MultiPolygon","arcs":[[[742,-585,-671,-670,-669,-726,-792,820,-560,821,-720,517,518,522,523,681,682,683,483,484,544]]],"properties":{"delomradenummer":"390906","delomradenavn":"Østre Halsen","kommunenummer":"3909"}},{"type":"MultiPolygon","arcs":[[[806,817,-683,-682,-524,-523,-519,-518,719,-822,-559,-536,655,656,657,658,659,660,886,887,888,813,814,815,504,505,808]]],"properties":{"delomradenummer":"390907","delomradenavn":"Tjodalyng","kommunenummer":"3909"}},{"type":"MultiPolygon","arcs":[[[-648,-477,-700,874,-793,-563,-562,854,751,-471,-500,-538,-466,784,785,-639,786,789,-709,-649]]],"properties":{"delomradenummer":"390908","delomradenavn":"Nanset Øst","kommunenummer":"3909"}},{"type":"MultiPolygon","arcs":[[[-707,-564,792,-875,699,476,647,648,708,-790,-787,-759,710,599,600,-685,-849,-630,-629,692,693,694,695,-708]]],"properties":{"delomradenummer":"390909","delomradenavn":"Nanset Vest","kommunenummer":"3909"}},{"type":"MultiPolygon","arcs":[[[535,558,559,560,561,562,563,706,707,-696,-695,-694,901,-769,-768,845,846,843,831,832,833,834,827,778,779,-659,775,-657,-656]]],"properties":{"delomradenummer":"390910","delomradenavn":"Hedrum Øst","kommunenummer":"3909"}},{"type":"MultiPolygon","arcs":[[[-902,-693,628,629,630,-578,-896,-826,-827,-645,-596,-595,-594,765,766,767,768]]],"properties":{"delomradenummer":"390911","delomradenavn":"Kvelde","kommunenummer":"3909"}},{"type":"MultiPolygon","arcs":[[[736,737,730,731,732,733,809,-766,593,594,595,644,-646,646]]],"properties":{"delomradenummer":"390912","delomradenavn":"Hvarnes","kommunenummer":"3909"}},{"type":"MultiPolygon","arcs":[[[624,622,574,575,569,-484,-684,-818,850,851,636,637,665,487,488,489,702]]],"properties":{"delomradenummer":"390913","delomradenavn":"Stavern","kommunenummer":"3909"}},{"type":"MultiPolygon","arcs":[[[-860,-861,-862,-863,-864,-774,-773,619,-569,-18,-17,-16,687,688,689,690,548,652,896,-898,-899,-900,-501,-502,-874]]],"properties":{"delomradenummer":"390914","delomradenavn":"Brunlanes Vestre","kommunenummer":"3909"}},{"type":"MultiPolygon","arcs":[[[-848,-580,-581,-577,577,-631,848,684,-601,490,491,492,493,494,495,-566,-565,-620,772,773,-775]]],"properties":{"delomradenummer":"390915","delomradenavn":"Brunlanes Nordre","kommunenummer":"3909"}},{"type":"MultiPolygon","arcs":[[[564,565,-496,-495,720,721,-677,-586,-743,-545,-485,-570,-576,-575,-623,-625,-703,-490,-489,-488,-666,-638,-637,-852,894,902,-690,-689,-688,15,16,17,568]]],"properties":{"delomradenummer":"390916","delomradenavn":"Brunlanes Østre","kommunenummer":"3909"}},{"type":"MultiPolygon","arcs":[[[-603,-604,-746,746,-333,-53,-52,890,841,-731,-738,-737,-647,-908,-907,-879,-877,-839,-901,133,127,128,129,-609]]],"properties":{"delomradenummer":"390917","delomradenavn":"Lardal","kommunenummer":"3909"}},{"type":"MultiPolygon","arcs":[[[-299,-298,-170,-297,-50,1508,-1439,-1438,-1375,-1374,-1373,-1230,-363,-391,-452,-445,-300]]],"properties":{"delomradenummer":"391101","delomradenavn":"Teie","kommunenummer":"3911"}},{"type":"MultiPolygon","arcs":[[[-165,-446,-174,-323,-1401,-1430,-1429,1441,-1376,1437,1438,-1509,-49,-161]]],"properties":{"delomradenummer":"391102","delomradenavn":"Rosanes","kommunenummer":"3911"}},{"type":"MultiPolygon","arcs":[[[-1231,1372,1373,1374,1375,-1442,-1428,1413,1414,-1458,-1467,-1521,-1495,-1494,-1234,-1233,-1232]]],"properties":{"delomradenummer":"391103","delomradenavn":"Borgheim","kommunenummer":"3911"}},{"type":"MultiPolygon","arcs":[[[1427,1428,1429,1400,-326,-279,-278,-448,-262,-456,-1486,-1487,-1398,1398,1430,1431,1432,1433,1434,-1414]]],"properties":{"delomradenummer":"391104","delomradenavn":"Føynland","kommunenummer":"3911"}},{"type":"MultiPolygon","arcs":[[[-1415,-1435,-1434,-1433,-1432,-1431,-1399,-1505,-1506,-1507,1507,-1479,1503,1381,1382,-1461,-1460,-1459,-1419,-1468,1456,1457]]],"properties":{"delomradenummer":"391105","delomradenavn":"Bergan","kommunenummer":"3911"}},{"type":"MultiPolygon","arcs":[[[1417,1418,1458,1459,1460,-1383,-1382,-1504,-1489,1408,1409,1527,-1516,1422,1423,1424,1425,1426]]],"properties":{"delomradenummer":"391106","delomradenavn":"Torød","kommunenummer":"3911"}},{"type":"MultiPolygon","arcs":[[[-1427,-1426,-1425,-1471,-1476,1502,-1300,-1337,-1366,-1365,-1364,-1322,-1328,-1349,-1348,-1235,1493,1494,1520,1466,-1457,1467,-1418]]],"properties":{"delomradenummer":"391107","delomradenavn":"Brattås","kommunenummer":"3911"}},{"type":"MultiPolygon","arcs":[[[1388,1535,-1031,-1030,-1029,-1378,-1301,-1503,1475,1470,-1424,-1423,1515,-1528,-1410,-1409,1488,1478,-1508,-1511,-1512,-1513,1513,1514]]],"properties":{"delomradenummer":"391108","delomradenavn":"Tjøme","kommunenummer":"3911"}}]},"delomraderUtenHavgrense":{"type":"GeometryCollection","geometries":[{"type":"MultiPolygon","arcs":[[[-1564,2325,2326,2335,-1808,-1845,-1873,-1818,-1824,1850,-1815,-1817,1852,-1798,-403,-402,-247,-328,-418,-417,-416]]],"properties":{"delomradenummer":"390101","delomradenavn":"Nykirke","kommunenummer":"3901"}},{"type":"MultiPolygon","arcs":[[[2334,-2330,-1865,1822,-1782,1823,1817,1818,-1780,1819,-1797,1811,1812,1764,1765,458,459,1949,1950,2323]],[[2328]]],"properties":{"delomradenummer":"390102","delomradenavn":"Granly","kommunenummer":"3901"}},{"type":"MultiPolygon","arcs":[[[1814,-1851,1781,-1823,1864,2329,2330,2331,1867,1868,1783,1806,-1752,-405,-407,-1754,-404,1797,-1853,1816]]],"properties":{"delomradenummer":"390103","delomradenavn":"Borre","kommunenummer":"3901"}},{"type":"MultiPolygon","arcs":[[[2336,-439,-319,-318,-354,-426,-425,-424,-399,1753,-406,1751,-1807,-1784,-1869,-1868,-2332,2332]]],"properties":{"delomradenummer":"390104","delomradenavn":"Åsgårdstrand","kommunenummer":"3901"}},{"type":"MultiPolygon","arcs":[[[1844,1807,2322,2308,2309,1747,1748,1749,1750,-1825,-1829,1872]]],"properties":{"delomradenummer":"390105","delomradenavn":"Nordbyen","kommunenummer":"3901"}},{"type":"MultiPolygon","arcs":[[[1828,1824,-1751,1825,-1840,-1762,1853,1795,1796,-1820,1779,-1819]]],"properties":{"delomradenummer":"390106","delomradenavn":"Holtandalen","kommunenummer":"3901"}},{"type":"MultiPolygon","arcs":[[[-1750,-1749,-1748,-2310,2337,2319,2338,-1950,-460,-1843,-1876,-1803,-1802,1758,1759,1760,1761,1839,-1826]],[[2320]],[[2321]]],"properties":{"delomradenummer":"390107","delomradenavn":"Sentrum","kommunenummer":"3901"}},{"type":"MultiPolygon","arcs":[[[1842,-459,-1766,-1765,-1813,-1812,-1796,-1854,-1761,-1760,-1759,1801,1802,1875]]],"properties":{"delomradenummer":"390108","delomradenavn":"Sydbyen","kommunenummer":"3901"}},{"type":"MultiPolygon","arcs":[[[-1705,-1605,-1583,-2292,2315,2312,-2314,2314,2294,2296,2300,2287,1563,-421,1552,-1662,-1661,1718,1614,1539,1540,1541,1536,-1737,-1736,-1734,-1716,-1701,-1639]],[[2288]]],"properties":{"delomradenummer":"390301","delomradenavn":"Holmestrand","kommunenummer":"3903"}},{"type":"MultiPolygon","arcs":[[[1733,1735,1736,-1537,-1542,-1541,-1540,-1615,-1719,1660,1661,-1553,-420,-419,-102,-37,-1770,1646,1641,-1590,-1589,-1706,1637,1638,1700,1715]]],"properties":{"delomradenummer":"390302","delomradenavn":"Ekeberg - Borgen","kommunenummer":"3903"}},{"type":"MultiPolygon","arcs":[[[1588,1589,-1642,-1647,1769,-36,-284,-283,-282,-281,-411,-1576,1636,1633,1634,-1714,1654,1651,1652,-1586,-1585,-1584,1604,1704,-1638,1705]]],"properties":{"delomradenummer":"390303","delomradenavn":"Gullhaug - Hillestad","kommunenummer":"3903"}},{"type":"MultiPolygon","arcs":[[[-1724,-1725,-1692,-1693,-1694,-1695,-1696,-1631,-1630,-1629,-1656,-1652,-1713,1666,1667,-1664,-1720]]],"properties":{"delomradenummer":"390304","delomradenavn":"Hof - Eidsfoss","kommunenummer":"3903"}},{"type":"MultiPolygon","arcs":[[[-1634,-1637,1575,-410,-330,-329,-747,-1574,-1674,-1672,-1727,-1728,-1668,-1667,1712,-1655,1713,-1635]]],"properties":{"delomradenummer":"390305","delomradenavn":"Kårby - Vassås","kommunenummer":"3903"}},{"type":"MultiPolygon","arcs":[[[2302,2298,2310,-2290,-1579,-1549,-1741,-1679,-1678,-1677,-1707,-1708,-1771,-1772,-1773,2316]],[[2303]],[[2304]],[[2305]],[[2306]]],"properties":{"delomradenummer":"390306","delomradenavn":"Bekkestranda","kommunenummer":"3903"}},{"type":"MultiPolygon","arcs":[[[1548,1578,2289,2290,2291,1582,1583,1584,1585,-1653,1655,1628,1629,1630,-1625,-1619,1625,-1572,-1571,-1681,-1680,1740]]],"properties":{"delomradenummer":"390307","delomradenavn":"Sande","kommunenummer":"3903"}},{"type":"MultiPolygon","arcs":[[[-1595,-1596,-1597,-1676,1676,1677,1678,1679,1680,1570,1571,-1626,1618,-1620,-1567,-1568,-1569,-1592,-1593,-1738,-1739,-1740]]],"properties":{"delomradenummer":"390308","delomradenavn":"Nordre Sande","kommunenummer":"3903"}},{"type":"MultiPolygon","arcs":[[[1934,1928,1929,364,358,293,448,449,275,432,-3,-2,-334,269,-223,-101,-100,-99,-98,-429,-118,-444,-1939,1939,1931,1945]]],"properties":{"delomradenummer":"390501","delomradenavn":"Sem","kommunenummer":"3905"}},{"type":"MultiPolygon","arcs":[[[337,338,-400,423,424,425,353,-322,350,351,211,212,213,95,96,97,98,99,100,90,-222]]],"properties":{"delomradenummer":"390502","delomradenavn":"Barkåker","kommunenummer":"3905"}},{"type":"MultiPolygon","arcs":[[[242,-431,346,347,-395,-382,441,-308,-313,115,116,117,428,-97,-96,-214,300]]],"properties":{"delomradenummer":"390503","delomradenavn":"Eik","kommunenummer":"3905"}},{"type":"MultiPolygon","arcs":[[[1947,-1922,-287,-286,-204,-226,-314,-383,394,-348,-347,430,-243,-301,-213,-212,-352,-351,321,317,318,438,1935,1941,1916,1948]]],"properties":{"delomradenummer":"390504","delomradenavn":"Klokkeråsen","kommunenummer":"3905"}},{"type":"MultiPolygon","arcs":[[[313,-231,-230,205,206,207,208,-233,-232,-176,-1908,1933,-1899,-109,-31,380,381,382]]],"properties":{"delomradenummer":"390505","delomradenavn":"Presterød","kommunenummer":"3905"}},{"type":"MultiPolygon","arcs":[[[1909,1942,-1918,-264,-207,-206,229,230,225,203,285,286,1921,1922]]],"properties":{"delomradenummer":"390506","delomradenavn":"Ringshaug","kommunenummer":"3905"}},{"type":"MultiPolygon","arcs":[[[1912,1943,1926,1906,1907,175,231,232,-209,-208,263,1917,1918]],[[1919]],[[1944]]],"properties":{"delomradenummer":"390507","delomradenavn":"Husvik","kommunenummer":"3905"}},{"type":"MultiPolygon","arcs":[[[1920]]],"properties":{"delomradenummer":"390508","delomradenavn":"Husøy","kommunenummer":"3905"}},{"type":"MultiPolygon","arcs":[[[-117,-312,-151,112,-155,136,137,138,-72,-71,-70,1897,1894,1937,1938,443]]],"properties":{"delomradenummer":"390509","delomradenavn":"Sentrum - Slottsfjellet","kommunenummer":"3905"}},{"type":"MultiPolygon","arcs":[[[-168,-112,-111,-24,-266,-138,-137,154,-113,150,151,-82]]],"properties":{"delomradenummer":"390510","delomradenavn":"Banesløyfen","kommunenummer":"3905"}},{"type":"MultiPolygon","arcs":[[[1940,1896,69,70,71,-139,265,23,18,1885,1886,1888]]],"properties":{"delomradenummer":"390511","delomradenavn":"Stensarmen - Træleborg","kommunenummer":"3905"}},{"type":"MultiPolygon","arcs":[[[297,298,1923,1924,1904,160,48,49,296,169]]],"properties":{"delomradenummer":"390512","delomradenavn":"Kaldnes - Tei","kommunenummer":"3905"}},{"type":"MultiPolygon","arcs":[[[30,108,1898,1899,-1886,-19,110,111,167,81,-152,311,-116,312,307,-442,-381]]],"properties":{"delomradenummer":"390513","delomradenavn":"Solvang - Kilen - Byskogen","kommunenummer":"3905"}},{"type":"MultiPolygon","arcs":[[[280,281,282,283,35,36,101,418,419,420,415,416,417,327,246,247,248,249,105,157,158,-147,-146,191,284]]],"properties":{"delomradenummer":"390514","delomradenavn":"Våle","kommunenummer":"3905"}},{"type":"MultiPolygon","arcs":[[[398,399,-339,-338,-221,-220,-219,-303,-239,-88,-148,-159,-158,-106,-250,-249,-248,401,402,403]],[[404,405,406]]],"properties":{"delomradenummer":"390515","delomradenavn":"Undrumsdal","kommunenummer":"3905"}},{"type":"MultiPolygon","arcs":[[[302,218,219,220,221,-91,222,-270,333,-1,334,386,387,189,190,-58,186,85,86,87,238]]],"properties":{"delomradenummer":"390516","delomradenavn":"Ramnes","kommunenummer":"3905"}},{"type":"MultiPolygon","arcs":[[[328,329,409,410,-285,-192,145,146,147,-87,-86,-187,57,58,59,50,51,52,332]]],"properties":{"delomradenummer":"390517","delomradenavn":"Fon - Vivestad","kommunenummer":"3905"}},{"type":"MultiPolygon","arcs":[[[1050,1329,-1345,-1358,-1033,-2064,2136,2117,2066,2072,-1015,-1116,-1115,-1087,1121,1291,1289,1210,1211,-1189,1212,-1169,1206,1274,1275]]],"properties":{"delomradenummer":"390701","delomradenavn":"Sentrum","kommunenummer":"3907"}},{"type":"MultiPolygon","arcs":[[[-888,1145,1140,1001,1088,1085,1086,1114,1115,1014,2056,2073,2074,2123,2106,2036,-2019,-815,-814,-889]],[[2037]],[[2038]],[[2107]]],"properties":{"delomradenummer":"390702","delomradenavn":"Hystad","kommunenummer":"3907"}},{"type":"MultiPolygon","arcs":[[[1349,-1292,-1122,-1086,-1089,-1002,-1141,-1146,-887,-661,-997,-1343,-925,-924,-1202,1337]],[[-776,-658]]],"properties":{"delomradenummer":"390703","delomradenavn":"Førstad","kommunenummer":"3907"}},{"type":"MultiPolygon","arcs":[[[923,924,1342,-996,-1308,-1307,-1252,-1251,-1072,-1071,-1070,-1213,1188,-1212,-1211,-1290,-1350,-1338,1201]]],"properties":{"delomradenummer":"390704","delomradenavn":"Bugården","kommunenummer":"3907"}},{"type":"MultiPolygon","arcs":[[[1306,1307,995,996,-660,-780,-779,-828,-835,-834,-1223,-1085,931,1249,-1065,1250,1251]]],"properties":{"delomradenummer":"390705","delomradenavn":"Haukerød","kommunenummer":"3907"}},{"type":"MultiPolygon","arcs":[[[-930,-1104,-1103,-805,-1321,-989,-993,1218,-1359,-1134,-1250,-932,1084,1222,-833,1223]]],"properties":{"delomradenummer":"390706","delomradenavn":"Fevang","kommunenummer":"3907"}},{"type":"MultiPolygon","arcs":[[[904,-1186,-1214,979,-1217,1343,1344,-1330,-1051,-1276,-1275,-1207,1168,1069,1070,1071,1064,1133,1358,-1219,-992,-921,-920,-919,963]]],"properties":{"delomradenummer":"390707","delomradenavn":"Breidablikk","kommunenummer":"3907"}},{"type":"MultiPolygon","arcs":[[[988,989,1154,-1063,1155,1156,915,916,-1181,-1117,1184,1185,-905,-964,918,919,920,991,992]]],"properties":{"delomradenummer":"390708","delomradenavn":"From","kommunenummer":"3907"}},{"type":"MultiPolygon","arcs":[[[2121,2128,2054,2091,-1246,-1182,-916,-1157,-1156,-1062,1312,2108,2127,2120,2101]],[[2102]],[[2110,1314,2111,2112]],[[2122]]],"properties":{"delomradenummer":"390709","delomradenavn":"Helgerød","kommunenummer":"3907"}},{"type":"MultiPolygon","arcs":[[[2013,2014,-910,-1268,-1035,-1034,1357,-1344,1216,-980,1213,-1185,1116,1180,-917,1181,1245,2090,2079,2137,2059,2138,2096]],[[2060]],[[2061]],[[2062]],[[2139]],[[2140]],[[2141]]],"properties":{"delomradenummer":"390710","delomradenavn":"Østerøy","kommunenummer":"3907"}},{"type":"MultiPolygon","arcs":[[[2087,2098,1891,2077,2132,1986,2064,2063,1032,1033,1034,1267,909,-2015,2052,2068,2103,2104,2093,2097,2086,2082]],[[2070]],[[2071]],[[2083]]],"properties":{"delomradenummer":"390711","delomradenavn":"Vesterøy","kommunenummer":"3907"}},{"type":"MultiPolygon","arcs":[[[927,928,929,-1224,-832,-844,-847,-846,-767,-810,-734,971,972,1366,-946,-1081]]],"properties":{"delomradenummer":"390712","delomradenavn":"Kodal","kommunenummer":"3907"}},{"type":"MultiPolygon","arcs":[[[1098,-1153,-1259,-1258,-190,-388,1269,1351,956,942,943,944,945,946,947,-1055]]],"properties":{"delomradenummer":"390713","delomradenavn":"Andebu","kommunenummer":"3907"}},{"type":"MultiPolygon","arcs":[[[1152,-1099,1054,-948,-947,-1367,-973,-972,-733,-732,-842,-891,-51,-60,-59,-191,1257,1258]]],"properties":{"delomradenummer":"390714","delomradenavn":"Høyjord - Vestre Andebu","kommunenummer":"3907"}},{"type":"MultiPolygon","arcs":[[[1324,-1243,-1242,-1241,1293,1238,-1044,-365,-1930,2088,2126,2114]],[[2089]],[[2115]]],"properties":{"delomradenummer":"390715","delomradenavn":"Melsom","kommunenummer":"3907"}},{"type":"MultiPolygon","arcs":[[[-1264,-1045,-1239,-1294,1240,1241,1242,-1325,2124,2129,-1313,1061,1062,-1155,-990,1320,804,805,801,802,-1266,-1265]],[[-2112,-1315,-2111,2130]],[[2131]]],"properties":{"delomradenummer":"390716","delomradenavn":"Stokke","kommunenummer":"3907"}},{"type":"MultiPolygon","arcs":[[[-276,-450,-449,-294,-359,1043,1044,1263,1264,1265,-803,-802,-806,1102,1103,-929,-928,1080,-945,-944,-943,-957,-1352,-1270,-387,-335,0,1,2,-433]]],"properties":{"delomradenummer":"390717","delomradenavn":"Skjee","kommunenummer":"3907"}},{"type":"MultiPolygon","arcs":[[[849,819,-127,-1903,2026,-2003,-721,-494,-493]]],"properties":{"delomradenummer":"390901","delomradenavn":"Langestrand","kommunenummer":"3909"}},{"type":"MultiPolygon","arcs":[[[-491,-600,-711,758,638,-786,864,865,588,589,590,123,1900,1901,1902,126,-820,-850,-492]]],"properties":{"delomradenummer":"390902","delomradenavn":"Hovedbyen","kommunenummer":"3909"}},{"type":"MultiPolygon","arcs":[[[1984,1883,1995,-1901,-124,-591,-590,-883,666,667,668,669,1993,1994]]],"properties":{"delomradenummer":"390903","delomradenavn":"Torstrand","kommunenummer":"3909"}},{"type":"MultiPolygon","arcs":[[[725,-668,-667,882,-589,-866,-865,-785,465,466,-541,790,791]]],"properties":{"delomradenummer":"390904","delomradenavn":"Byskogen","kommunenummer":"3909"}},{"type":"MultiPolygon","arcs":[[[540,-467,537,499,470,-752,-855,-561,-821,-791]]],"properties":{"delomradenummer":"390905","delomradenavn":"Tagtvedt","kommunenummer":"3909"}},{"type":"MultiPolygon","arcs":[[[2044,2009,2011,-1994,-670,-669,-726,-792,820,-560,821,-720,517,518,522,1969,1970,1996,1954,1976]],[[1997]],[[2010]]],"properties":{"delomradenummer":"390906","delomradenavn":"Østre Halsen","kommunenummer":"3909"}},{"type":"MultiPolygon","arcs":[[[1962,2021,1965,2020,1972,2030,-1970,-523,-519,-518,719,-822,-559,-536,655,656,657,658,659,660,886,887,888,813,814,2018,2019,1968,2015]],[[1974]],[[2016]],[[2017]],[[2022]],[[2023]],[[2024]],[[2025]]],"properties":{"delomradenummer":"390907","delomradenavn":"Tjodalyng","kommunenummer":"3909"}},{"type":"MultiPolygon","arcs":[[[-648,-477,-700,874,-793,-563,-562,854,751,-471,-500,-538,-466,784,785,-639,786,789,-709,-649]]],"properties":{"delomradenummer":"390908","delomradenavn":"Nanset Øst","kommunenummer":"3909"}},{"type":"MultiPolygon","arcs":[[[-707,-564,792,-875,699,476,647,648,708,-790,-787,-759,710,599,600,-685,-849,-630,-629,692,693,694,695,-708]]],"properties":{"delomradenummer":"390909","delomradenavn":"Nanset Vest","kommunenummer":"3909"}},{"type":"MultiPolygon","arcs":[[[535,558,559,560,561,562,563,706,707,-696,-695,-694,901,-769,-768,845,846,843,831,832,833,834,827,778,779,-659,775,-657,-656]]],"properties":{"delomradenummer":"390910","delomradenavn":"Hedrum Øst","kommunenummer":"3909"}},{"type":"MultiPolygon","arcs":[[[-902,-693,628,629,630,-578,-896,-826,-827,-645,-596,-595,-594,765,766,767,768]]],"properties":{"delomradenummer":"390911","delomradenavn":"Kvelde","kommunenummer":"3909"}},{"type":"MultiPolygon","arcs":[[[736,737,730,731,732,733,809,-766,593,594,595,644,-646,646]]],"properties":{"delomradenummer":"390912","delomradenavn":"Hvarnes","kommunenummer":"3909"}},{"type":"MultiPolygon","arcs":[[[624,622,574,1981,1982,2027,1988,1989,637,665,487,488,489,702]],[[2028]],[[2029]]],"properties":{"delomradenummer":"390913","delomradenavn":"Stavern","kommunenummer":"3909"}},{"type":"MultiPolygon","arcs":[[[1955]],[[1956]],[[1957]],[[1958]],[[1959]],[[1978,1990,2046,2040,2031,-2033,-864,-774,-773,619,-569,-18,-17,-16,687,1998,1999]],[[1991]],[[1992]],[[-862,-2034,2034]],[[2041]],[[2047]],[[2048]]],"properties":{"delomradenummer":"390914","delomradenavn":"Brunlanes Vestre","kommunenummer":"3909"}},{"type":"MultiPolygon","arcs":[[[-848,-580,-581,-577,577,-631,848,684,-601,490,491,492,493,494,495,-566,-565,-620,772,773,-775]]],"properties":{"delomradenummer":"390915","delomradenavn":"Brunlanes Nordre","kommunenummer":"3909"}},{"type":"MultiPolygon","arcs":[[[564,565,-496,-495,720,2002,2003,2045,2006,-1982,-575,-623,-625,-703,-490,-489,-488,-666,-638,-1990,2043,2049,-2051,2051,2001,-1999,-688,15,16,17,568]]],"properties":{"delomradenummer":"390916","delomradenavn":"Brunlanes Østre","kommunenummer":"3909"}},{"type":"MultiPolygon","arcs":[[[-603,-604,-746,746,-333,-53,-52,890,841,-731,-738,-737,-647,-908,-907,-879,-877,-839,-901,133,127,128,129,-609]]],"properties":{"delomradenummer":"390917","delomradenavn":"Lardal","kommunenummer":"3909"}},{"type":"MultiPolygon","arcs":[[[-1924,-299,-298,-170,-297,-50,1508,-1439,-1438,-1375,-1374,-2136,2155,2185]]],"properties":{"delomradenummer":"391101","delomradenavn":"Teie","kommunenummer":"3911"}},{"type":"MultiPolygon","arcs":[[[2239,2179,-2173,-1429,1441,-1376,1437,1438,-1509,-49,-161]]],"properties":{"delomradenummer":"391102","delomradenavn":"Rosanes","kommunenummer":"3911"}},{"type":"MultiPolygon","arcs":[[[2134,2135,1373,1374,1375,-1442,-1428,1413,1414,-1458,-1467,-1521,-1495,-2216,2265,-2264,2264,2181]]],"properties":{"delomradenummer":"391103","delomradenavn":"Borgheim","kommunenummer":"3911"}},{"type":"MultiPolygon","arcs":[[[2158,2202]],[[2159]],[[2160]],[[2161]],[[2162]],[[2163]],[[2164]],[[2165]],[[2166]],[[2167]],[[1427,1428,2172,2173,2174,1433,1434,-1414]],[[2175,1431,2176,2177]],[[2203]],[[2204]],[[2205]]],"properties":{"delomradenummer":"391104","delomradenavn":"Føynland","kommunenummer":"3911"}},{"type":"MultiPolygon","arcs":[[[-1415,-1435,-1434,-2175,-2177,-1432,-2176,2221,2143,2266,2268,-2187,-1459,-1419,-1468,1456,1457]],[[2145]],[[2222]],[[2223]],[[2224]],[[2225]],[[2226]],[[2227]],[[2228]],[[2229]],[[2230]],[[2231]],[[2232]],[[2233]],[[2234]],[[2235]],[[2236]],[[2237]],[[2238]]],"properties":{"delomradenummer":"391105","delomradenavn":"Bergan","kommunenummer":"3911"}},{"type":"MultiPolygon","arcs":[[[1417,1418,1458,2186,2187,2255,2168,2269,2171,1425,1426]],[[2170]],[[2256]],[[2257]],[[2258]],[[2259]],[[2260]]],"properties":{"delomradenummer":"391106","delomradenavn":"Torød","kommunenummer":"3911"}},{"type":"MultiPolygon","arcs":[[[-1427,-1426,2270,1530,2271,2275,2274,2262,2214,2215,1494,1520,1466,-1457,1467,-1418]],[[2218]],[[2219]],[[2220]],[[2276]]],"properties":{"delomradenummer":"391107","delomradenavn":"Brattås","kommunenummer":"3911"}},{"type":"MultiPolygon","arcs":[[[2148,2240]],[[2151,2192]],[[2152]],[[2153]],[[2252,2183,2206,2194,2277,2197,2216,2278,2191,2253,2254,2285]],[[2199]],[[2200]],[[2201]],[[2207]],[[2208]],[[2209]],[[2210]],[[2211]],[[2212]],[[2241]],[[2242]],[[2243]],[[2244]],[[2245]],[[2246]],[[2247]],[[2248]],[[2249]],[[2279]],[[2280]],[[2281]],[[2282]],[[2283]],[[2284]]],"properties":{"delomradenummer":"391108","delomradenavn":"Tjøme","kommunenummer":"3911"}}]}}}