{"type":"Topology","arcs":[[[74144,94628,0],[-84,-183,46920],[-9,-14,0]],[[74051,94431,0],[-7,-3,48794],[-319,-77,105304],[-197,-57,1064270],[48,-159,425457],[-154,-376,0]],[[73422,93759,0],[-381,19,0]],[[73041,93778,0],[-306,322,0]],[[72735,94100,0],[-130,61,48274],[-96,41,0]],[[72509,94202,0],[86,174,387916],[-19,367,0]],[[72576,94743,0],[-14,424,0]],[[72562,95167,0],[775,-13,762336],[375,-184,0]],[[73712,94970,0],[67,-32,192176],[365,-310,0]],[[93785,87812,0],[7,6,9126],[21,10,7460],[1,1,0]],[[93814,87829,0],[10,-6,0]],[[93824,87823,0],[35,-21,0]],[[93859,87802,0],[-21,-2,10869],[-12,-3,31877],[-20,-11,20113],[-12,-1,0]],[[93794,87785,0],[1,7,8596],[-1,4,22644],[-9,16,0]],[[70874,94695,0],[3,3,9318],[13,5,0]],[[70890,94703,0],[8,-4,0]],[[70898,94699,0],[13,-9,8925],[2,-3,0]],[[70913,94687,0],[-8,-9,41475],[17,-13,18184],[7,-10,0]],[[70929,94655,0],[-6,2,7082],[-18,2,11154],[-14,1,35962],[-5,4,9960],[0,5,0]],[[70886,94669,0],[3,3,21642],[-15,23,0]],[[70810,94621,0],[88,-45,0]],[[70898,94576,0],[-4,-1,13348],[-99,-35,17566],[-12,-4,7791],[-8,-2,48700],[-9,0,7308],[-1,1,0]],[[70765,94535,0],[-14,-2,6973],[-27,-5,0]],[[70724,94528,0],[-28,8,0]],[[70696,94536,0],[68,38,0]],[[70764,94574,0],[6,3,12359],[7,-2,35793],[3,6,15353],[15,10,15353],[7,9,50442],[8,21,0]],[[70898,94576,0],[-34,-44,103365],[-50,-26,7840],[-4,-1,7840],[-4,-4,53832],[1,-7,26444],[-9,2,10373],[-6,4,13771],[-4,-1,8613],[-5,2,0]],[[70783,94501,0],[0,0,6973],[-4,0,8679],[-14,-6,0]],[[70765,94495,0],[-41,33,0]],[[70318,94645,0],[369,41,0]],[[70687,94686,0],[48,-26,0]],[[70735,94660,0],[43,-22,0]],[[70778,94638,0],[32,-17,0]],[[70696,94536,0],[-220,-125,0]],[[70476,94411,0],[-209,166,312248],[51,68,0]],[[92725,90401,0],[21,6,15356],[10,0,0]],[[92756,90407,0],[-11,-10,30590],[1,-18,0]],[[92746,90379,0],[-22,3,0]],[[92724,90382,0],[-2,8,10783],[3,1,10783],[0,10,0]],[[92824,90423,0],[20,-4,22094],[7,-1,7207],[20,0,41390],[-6,-7,0]],[[92865,90411,0],[-3,-3,7235],[-10,-9,31022],[-18,2,0]],[[92834,90401,0],[-10,22,0]],[[92677,90413,0],[8,-7,10753],[7,-3,0]],[[92692,90403,0],[-8,-13,0]],[[92684,90390,0],[-10,-22,0]],[[92674,90368,0],[-38,13,0]],[[92636,90381,0],[9,18,0]],[[92645,90399,0],[3,8,8981],[5,5,36743],[5,0,7698],[1,2,14201],[18,-1,0]],[[92746,90379,0],[3,-1,7578],[12,3,9164],[0,-1,0]],[[92761,90380,0],[-3,-38,0]],[[92758,90342,0],[-28,1,0]],[[92730,90343,0],[-39,17,0]],[[92691,90360,0],[21,18,28512],[7,0,6973],[5,0,0]],[[92724,90378,0],[0,4,0]],[[74344,97147,0],[3,8,19992],[6,2,8723],[10,8,0]],[[74363,97165,0],[16,24,22085],[8,20,0]],[[74387,97209,0],[36,-25,6973],[3,-2,0]],[[74426,97182,0],[21,-22,0]],[[74447,97160,0],[10,-6,6973],[92,-61,0]],[[74549,97093,0],[-139,-36,24246],[-36,-11,0]],[[74374,97046,0],[-22,26,23361],[-20,28,60367],[0,22,0]],[[74332,97122,0],[10,21,0]],[[74342,97143,0],[-2,3,7771],[4,1,0]],[[71508,96106,0],[-213,517,1142027],[-885,678,1142027],[-1176,1240,0]],[[69234,98541,0],[379,156,0]],[[69613,98697,0],[1174,-1242,1586311],[587,-298,446363],[184,-13,0]],[[71558,97144,0],[93,-36,38127],[28,-7,204488],[55,2,41855],[79,10,67806],[36,11,562401],[12,12,11404],[64,60,94190],[10,12,22628],[40,59,74059],[60,60,176524],[3,43,0]],[[72038,97370,0],[-10,111,0]],[[72028,97481,0],[421,-97,674494],[809,69,0]],[[73258,97453,0],[198,-346,0]],[[73456,97107,0],[-404,-502,0]],[[73052,96605,0],[-915,-387,0]],[[72137,96218,0],[-629,-112,0]],[[92654,90508,0],[20,-6,13372],[24,-5,0]],[[92698,90497,0],[-8,-10,9297],[-3,-8,9253],[-3,-3,43445],[5,-4,8678],[10,-3,60116],[-5,-9,11185],[-1,-10,38415],[-13,0,10734],[-12,-3,28322],[3,-7,0]],[[92671,90440,0],[-43,10,0]],[[92628,90450,0],[1,8,22892],[8,10,9681],[10,8,41636],[-2,13,23360],[9,19,0]],[[87101,91213,0],[7,33,12593],[4,12,40160],[14,23,25094],[4,16,0]],[[87130,91297,0],[12,0,37696],[161,26,292555],[313,-66,0]],[[87616,91257,0],[-28,-58,0],[-2,-46,0],[-5,-112,0],[-17,-129,0]],[[87564,90912,0],[-17,-131,11164],[-39,-294,0]],[[87508,90487,0],[31,-230,0]],[[87539,90257,0],[-56,-24,24100],[-46,-22,293237],[-234,86,595426],[-210,175,113259],[-57,67,76299],[-23,16,9943],[-25,18,0]],[[86888,90573,0],[72,40,35969],[21,16,91245],[20,23,14706],[15,19,396340],[39,77,45392],[40,89,148766],[11,73,119446],[22,52,61995],[36,44,106433],[15,41,48488],[2,11,16527],[-5,15,584829],[-10,16,11492],[-24,39,27531],[-28,37,88121],[-12,32,28277],[-1,16,0]],[[70959,94810,0],[44,-29,145890],[-56,-61,13055],[-5,-6,80694],[7,-6,12583],[8,0,24215],[-5,-8,0]],[[70952,94700,0],[-9,-1,12532],[-10,-6,12532],[-20,-6,0]],[[70898,94699,0],[13,6,68359],[17,33,16594],[22,38,52527],[5,13,17138],[4,21,0]],[[70871,94716,0],[19,-13,0]],[[70874,94695,0],[-6,-3,12212],[-4,4,12212],[-14,-2,0]],[[70850,94694,0],[-7,9,0]],[[70843,94703,0],[1,3,9334],[7,5,23070],[1,4,11217],[7,-2,11217],[12,3,0]],[[73041,93778,0],[-199,-197,0]],[[72842,93581,0],[-129,-69,0]],[[72713,93512,0],[-516,173,0]],[[72197,93685,0],[-75,134,588346],[305,265,250208],[82,118,0]],[[71498,94159,0],[213,142,0]],[[71711,94301,0],[237,158,100905],[163,118,0]],[[72111,94577,0],[340,121,24843],[125,45,0]],[[72197,93685,0],[-418,-86,198701],[-181,-73,194665],[-181,-24,0]],[[71417,93502,0],[-456,-82,989447],[-366,432,0]],[[70595,93852,0],[58,176,0]],[[70653,94028,0],[0,0,6973],[202,-29,0]],[[70855,93999,0],[26,-7,31541],[-8,11,40291],[463,98,8811],[110,23,246985],[52,35,0]],[[70886,94669,0],[-14,-9,18779],[-7,-6,9650],[-2,-5,0]],[[70863,94649,0],[-12,-1,7093],[-8,-2,7093],[-4,1,22048],[0,5,0]],[[70839,94652,0],[13,11,17445],[4,6,7710],[2,4,49016],[-4,7,15989],[-14,6,34226],[10,8,0]],[[70871,94716,0],[-8,4,11868],[-4,6,0]],[[70859,94726,0],[6,4,13471],[8,-1,31253],[28,18,22404],[1,5,64822],[57,58,0]],[[67950,94362,0],[-5,9,12628],[-10,8,63513],[5,15,16576],[3,15,9803],[5,16,107191],[-1,6,21317],[-6,4,10990],[-11,4,46856],[-20,32,23177],[-8,19,289569],[-35,13,13489],[-48,19,113238],[-9,2,23379],[-21,-2,13100],[-28,-5,27708],[-23,1,468912],[10,17,15845],[12,15,38635],[15,5,70451],[3,4,8270],[5,14,15117],[2,12,8226],[3,10,15117],[5,9,137015],[36,-2,44218],[7,1,7335],[9,3,17652],[9,7,101662],[25,33,35165],[-1,11,468912],[-55,104,12159],[-7,15,167676],[-53,-4,107737],[-7,2,15147],[-12,12,33640],[-10,20,43650],[-6,4,9447],[-18,10,167676],[-2,62,703103],[35,1,10588],[12,1,29613],[19,5,106237],[11,5,9313],[12,7,22271],[18,15,40730],[15,19,199774],[2,8,15891],[-3,12,26900],[-9,12,90885],[44,59,972287],[-62,11,14210],[-14,3,107950],[-10,6,17894],[-8,7,8506],[-10,12,10685],[-4,2,64926],[-8,1,7141],[-13,0,11968],[-8,3,49826],[-8,7,8586],[-9,5,22055],[-28,14,278496],[-7,9,8984],[-4,9,29128],[-4,14,12753],[0,11,7890],[-2,2,132275],[-28,13,11381],[-31,16,60708],[-2,-2,9885],[-8,-1,7036],[-9,-2,39065],[-14,3,21106],[-8,5,9010],[-5,5,157350],[0,5,16546],[11,6,20733],[0,10,51144],[-13,29,157350],[-3,3,7722],[-8,2,26494],[-28,5,16706],[-14,-1,97654],[-7,8,10323],[-7,9,28117],[5,6,12912],[-2,5,70603],[-16,3,9845],[-10,3,37296],[-17,10,15264],[-11,10,577231],[9,16,12599],[14,22,68535],[11,-4,10651],[8,-1,22665],[10,3,52174],[3,5,7660],[2,8,15539],[6,3,11270],[2,6,194672],[-2,2,7426],[-13,7,17729],[0,5,17729],[-14,6,53894],[19,9,7990],[1,1,53894],[-3,35,16902],[-3,8,15006],[4,9,82244],[-11,14,7700],[-5,8,19759],[-7,3,0]],[[67471,95457,0],[-1,1,6973],[-422,420,161200],[-1243,1206,0]],[[65805,97084,0],[602,271,33384],[41,18,274390],[1339,567,13487],[28,11,0]],[[67815,97951,0],[1183,-1235,1962726],[346,-1174,550576],[62,-58,64126],[15,2,0]],[[69421,95486,0],[24,10,19081],[18,10,14747],[10,5,8058],[5,1,96499],[10,-1,9756],[9,-3,14898],[8,0,7029],[7,-1,25290],[13,-7,10163],[8,-2,168565],[14,-16,26592],[2,-6,8929],[1,-11,25711],[13,-13,9694],[0,-2,75927],[-10,-8,16271],[-7,0,7351],[-5,-2,0]],[[69541,95440,0],[-8,-1,12379],[-30,-8,54590],[-12,-5,8163],[-5,-4,21139],[-3,-8,21139],[-8,-2,8552],[-4,-4,7276],[-4,-1,49581],[-4,4,7256],[-6,3,41285],[-10,-4,19754],[-9,-6,9840],[-15,-10,172591],[-8,-9,17660],[-12,-6,17660],[-64,-48,49724],[-2,-3,13566],[-22,-11,10831],[-7,-3,49724],[-28,-33,210933],[-16,-10,23165],[-9,-2,9889],[-11,-6,9516],[-9,-2,29300],[2,-4,29300],[-10,-4,11490],[-17,-11,11490],[-25,-14,107319],[-12,-3,22139],[-17,-2,13502],[-15,1,70074],[-18,-8,8143],[-47,-20,10309],[-7,-4,356947],[-11,-10,12157],[-6,-10,35924],[3,-4,8218],[0,-4,26885],[-9,-12,9849],[0,-3,7141],[-4,-7,107867],[0,-2,6977],[6,-8,12229],[6,-4,33974],[2,-6,9021],[-3,-4,9021],[1,-11,49968],[17,-6,10736],[2,-2,356947],[-134,-60,12077],[-70,-32,75964],[-40,-22,33369],[-24,-5,33369],[-10,-13,151602],[-37,2,895853],[-40,-66,64641],[-8,-11,20202],[-79,-118,32942],[-61,-94,10474],[-5,-7,347950],[3,-58,21962],[2,-82,800927],[-304,-46,52142],[-63,-8,418617],[4,-3,13640],[7,-14,32316],[6,-4,10440],[16,-7,91271],[1,-10,10435],[3,-3,8502],[1,-6,15918],[-4,-6,15918],[8,-4,36087],[-1,-4,8391],[-6,-7,57795],[11,-12,16313],[9,-5,8229],[5,-4,46207],[0,-4,8629],[-4,-13,228007],[-73,-7,32771],[-26,-4,11124],[-8,-2,0]],[[68152,94360,0],[-136,1,8858],[-66,1,0]],[[92269,90054,0],[46,-12,0]],[[92315,90042,0],[61,-15,0]],[[92376,90027,0],[119,-30,0]],[[92495,89997,0],[152,-39,0]],[[92647,89958,0],[43,-11,0]],[[92690,89947,0],[59,-15,0],[68,-18,0]],[[92817,89914,0],[209,-53,0]],[[93026,89861,0],[128,-33,0],[51,-13,0],[137,-36,0]],[[93342,89779,0],[-899,-422,0]],[[92443,89357,0],[-368,-71,354721],[-6,76,0]],[[92069,89362,0],[0,6,9983],[-2,9,21388],[-9,11,79756],[-20,3,8204],[-7,2,16653],[-16,1,14639],[-14,4,7588],[-4,0,79756],[-9,7,32658],[-97,53,299488],[-295,45,299488],[-297,122,477238],[-39,-14,19497],[-54,-22,0]],[[91206,89589,0],[4,178,214421],[-28,135,21476],[-7,37,84037],[-19,46,0]],[[91156,89985,0],[10,8,6973],[6,5,9316],[33,29,0]],[[91205,90027,0],[4,11,0]],[[91209,90038,0],[57,269,0]],[[91266,90307,0],[134,-33,0]],[[91400,90274,0],[200,-51,0],[669,-169,0]],[[70237,95212,0],[433,-66,0]],[[70670,95146,0],[292,-45,341564],[-26,-90,0]],[[70936,95011,0],[-17,-13,23974],[-5,-11,23974],[-33,-28,39324],[-16,-22,146700],[5,-5,26919],[-5,-14,11423],[2,-1,11682],[-2,-12,9258],[-2,-2,57681],[22,-16,0]],[[70885,94887,0],[-42,-23,78151],[19,-16,24141],[0,-7,0]],[[70862,94841,0],[-16,-10,8233],[-12,-9,0]],[[70834,94822,0],[-23,17,20024],[-10,3,0]],[[70801,94842,0],[-14,9,24996],[-19,2,80525],[-23,-6,13642],[-8,0,17856],[-21,-6,37997],[-20,-11,0]],[[70696,94830,0],[-31,5,0]],[[70665,94835,0],[-34,5,187050],[-313,-195,0]],[[70318,94645,0],[-299,386,0]],[[70019,95031,0],[218,181,0]],[[70415,94254,0],[255,164,230900],[33,-12,34457],[4,-10,10055],[3,-1,0]],[[70710,94395,0],[5,-2,7168],[5,-4,10134],[8,-2,15476],[0,-3,25111],[11,-5,11130],[15,-7,12327],[14,-5,20417],[8,-6,135985],[64,-4,12730],[33,-2,42990],[55,-7,0]],[[70928,94348,0],[331,-88,23009],[75,-21,251604],[111,-42,93249],[53,-38,0]],[[70653,94028,0],[-108,142,200220],[-130,84,0]],[[70476,94411,0],[-118,-91,234289],[-9,-25,93901],[66,-41,0]],[[70595,93852,0],[-40,-121,7165],[-58,-176,189242],[-42,-43,0]],[[70455,93512,0],[-7,-6,8281],[-166,-172,265314],[-141,-51,0]],[[70141,93283,0],[-31,49,151472],[-167,95,215683],[-86,76,121794],[-9,48,301256],[-66,25,75762],[-106,60,0]],[[69676,93636,0],[-91,126,182709],[-48,151,762253],[-598,216,0]],[[68939,94129,0],[1080,902,0]],[[70879,94803,0],[80,7,0]],[[70859,94726,0],[-12,6,0]],[[70847,94732,0],[-31,2,0]],[[70816,94734,0],[3,22,9742],[2,1,0]],[[70821,94757,0],[3,4,7893],[7,2,7893],[10,7,26108],[14,6,11674],[11,2,60295],[4,7,14119],[-1,6,9122],[2,7,23159],[8,5,0]],[[92619,90513,0],[35,-5,0]],[[92628,90450,0],[-3,-6,9734],[1,-6,18283],[-9,-24,46618],[-13,3,0]],[[92604,90417,0],[4,14,25430],[-5,15,16677],[2,10,0]],[[92605,90456,0],[0,8,15261],[-4,7,10445],[-1,7,50717],[3,4,9363],[8,3,11270],[5,6,35542],[3,22,0]],[[69301,89444,0],[11,7,0]],[[69312,89451,0],[17,4,29739],[21,1,16395],[25,-1,52995],[14,-5,24707],[33,-2,195432],[11,4,21733],[13,14,62421],[4,26,32750],[7,14,10402],[7,10,69280],[11,8,16444],[10,2,0]],[[69485,89526,0],[14,-4,0]],[[69499,89522,0],[-6,-9,16480],[-1,-11,43460],[3,-13,12654],[8,-15,93268],[23,3,37594],[-1,13,30231],[5,-9,10114],[4,-3,8956],[2,-6,17255],[7,-1,11188],[1,-5,99013],[50,-111,0]],[[69594,89355,0],[-17,-13,47046],[-29,-49,154509],[-28,-9,37646],[-10,11,37646],[-13,-18,37646],[-35,-15,53512],[-2,0,13286],[-4,-10,7222],[-2,-10,14632],[-3,-4,53512],[-5,4,9933],[0,6,26291],[-12,3,9638],[-5,0,0]],[[69429,89251,0],[-2,4,12795],[-20,24,41513],[-25,15,102690],[-29,11,16573],[-58,19,120660],[-15,7,22432],[-11,12,46828],[-6,13,12978],[-3,12,278715],[3,9,19808],[5,5,7722],[9,6,42758],[24,56,0]],[[68205,89129,0],[1,-4,7653],[5,-3,20669],[12,3,40482],[8,6,8410],[4,5,19145],[1,8,48406],[9,5,14716],[10,0,17235],[8,6,21909],[3,-1,8534],[7,3,6988],[4,0,30052],[8,10,30052],[5,2,8858],[3,-2,9669],[9,2,9902],[3,4,9902],[3,-3,30052],[5,6,12193],[6,0,12987],[10,3,8388],[10,4,21953],[4,-1,8198],[9,2,21953],[11,4,13758],[3,5,28444],[6,1,8783],[6,5,8220],[1,-1,8783],[11,2,177825],[3,4,8565],[2,8,27116],[7,4,8913],[12,6,43767],[-3,3,10256],[0,10,15321],[3,6,66913],[19,10,17870],[1,4,17870],[13,6,8018],[5,1,0]],[[68452,89262,0],[30,-19,50931],[27,-37,113945],[14,-42,44698],[5,-6,10640],[7,-3,40822],[-12,-13,14306],[-4,0,8165],[-3,-4,44698],[16,-7,648641],[-24,-27,13406],[-18,-21,47575],[-41,-35,24084],[-6,-8,198282],[11,-13,12763],[2,-6,7409],[2,-1,34879],[-1,-10,26290],[4,-2,12102],[0,-9,14644],[4,-5,7317],[4,-2,14644],[-2,-3,7611],[3,-4,46243],[7,-2,9334],[4,-4,257175],[-48,-99,167788],[-123,-124,336311],[-101,-285,0]],[[68209,88471,0],[-409,104,33966],[-106,28,1226600],[101,109,192772],[16,-1,9737],[4,-1,18891],[23,1,20545],[5,-3,9904],[8,-1,20545],[3,5,108337],[7,46,102308],[51,-1,306767],[0,97,443672],[5,0,14316],[6,8,7471],[6,4,36978],[15,5,18580],[18,1,76273],[5,3,7378],[5,6,17502],[7,12,8720],[3,4,40742],[14,10,9313],[6,6,20390],[12,4,190410],[133,3,581797],[-7,158,216994],[67,2,120961],[-2,49,0]],[[69046,89740,0],[11,47,0]],[[69057,89787,0],[227,-99,0]],[[69284,89688,0],[20,-10,30918],[-3,-3,15934],[5,-5,8073],[5,-2,19784],[-6,-11,19784],[8,-2,17823],[4,8,27426],[18,-9,50550],[13,-18,12777],[0,-2,0]],[[69348,89634,0],[-47,6,42475],[-7,0,13841],[-9,-3,8549],[-4,-3,0]],[[69281,89634,0],[-23,13,55413],[-212,93,0]],[[68647,89735,0],[40,88,70742],[-1,11,35528],[10,4,7538],[7,1,10584],[6,4,0]],[[68709,89843,0],[1,-1,6973],[0,0,6973],[0,0,33112],[353,122,0]],[[69063,89964,0],[-6,-177,0]],[[69046,89740,0],[-13,-57,0]],[[69033,89683,0],[-12,-51,0]],[[69021,89632,0],[-38,-27,0]],[[68983,89605,0],[-41,-29,0]],[[68942,89576,0],[-71,-52,165636],[-181,-43,165636],[-169,-82,440925],[-63,-82,125323],[2,-33,26889],[6,-13,0]],[[68466,89271,0],[0,-3,13745],[-14,-6,0]],[[68205,89129,0],[-5,108,182471],[76,2,182471],[-3,53,115270],[-58,46,617211],[11,21,41400],[28,18,41400],[29,38,32206],[10,5,117228],[5,-7,14779],[0,-6,9377],[4,-9,70469],[14,0,26547],[0,11,26547],[24,20,196363],[33,51,28804],[12,23,70800],[4,32,266925],[88,80,114950],[170,120,0]],[[70160,92579,0],[101,-51,0]],[[70261,92528,0],[238,-124,258102],[356,-116,8093],[118,-38,258102],[1,-33,0]],[[70974,92217,0],[-132,-42,78553],[-113,-46,222032],[-9,1,26699],[-18,22,50177],[-33,6,222032],[-59,-25,30171],[-95,-46,103621],[-60,-12,428206],[-69,12,43570],[-76,6,149438],[-151,-18,0]],[[70159,92075,0],[-97,-23,153530],[-351,-31,0]],[[69711,92021,0],[69,194,458316],[380,364,0]],[[69508,89723,0],[76,166,0]],[[69584,89889,0],[254,-37,0]],[[69838,89852,0],[-31,-209,0]],[[69807,89643,0],[-67,-26,32396],[-35,-8,32396],[-22,-11,0]],[[69683,89598,0],[-5,3,19020],[-12,-4,12329],[-9,0,0]],[[69657,89597,0],[-5,1,7477],[-25,6,27569],[1,2,13454],[-7,2,6993],[-19,8,0]],[[69602,89616,0],[7,12,12720],[7,3,12720],[0,6,34510],[13,-1,51233],[2,6,11869],[-9,1,10338],[1,3,11869],[9,0,13459],[4,14,10932],[-1,3,146066],[-31,2,9460],[-11,1,74573],[-23,12,38770],[7,6,16983],[1,3,7033],[-3,4,35144],[-18,8,0]],[[69557,89699,0],[-49,24,0]],[[70253,90422,0],[-28,-70,70539],[-40,-61,208365],[-55,-45,16306],[-55,-48,12313],[-26,-21,403541],[-2,-33,90741],[20,-40,28805],[9,-26,43339],[7,-8,12870],[0,-6,15340],[14,-20,120825],[-16,-10,14815],[-3,-5,0]],[[70078,90029,0],[-136,-143,0]],[[69942,89886,0],[-104,-34,0]],[[69584,89889,0],[-315,45,0]],[[69269,89934,0],[-206,30,0]],[[69063,89964,0],[343,124,60003],[8,5,0]],[[69414,90093,0],[18,15,21548],[69,50,28185],[36,29,50962],[27,19,8672],[19,11,7204],[18,13,29642],[32,25,527263],[15,5,11393],[29,9,21609],[38,14,36773],[45,15,11428],[91,29,55721],[290,99,305940],[112,-4,0]],[[68574,91393,0],[193,184,0]],[[68767,91577,0],[251,30,0]],[[69018,91607,0],[339,-71,0]],[[69357,91536,0],[6,-35,22656],[21,-106,0]],[[69384,91395,0],[6,-16,18416],[13,-28,219873],[18,-10,10608],[17,-11,32869],[18,-5,84487],[17,0,15621],[40,4,84487],[34,-7,25179],[25,-7,15650],[43,-10,27838],[66,-13,248853],[51,-16,30415],[53,-21,59256],[31,-17,28442],[36,-14,166232],[55,-59,0]],[[69907,91165,0],[1,-95,479591],[-55,-11,58620],[-74,-10,19218],[-86,-10,97548],[-102,-9,31594],[-117,-12,133905],[-80,-13,40528],[-37,-11,0]],[[69357,90994,0],[-38,-44,0]],[[69319,90950,0],[-313,169,406079],[-333,58,0]],[[68673,91177,0],[-99,216,0]],[[90564,90473,0],[148,208,8287],[1,1,6973],[0,0,0]],[[90713,90682,0],[7,9,20433],[61,66,197553],[24,158,478972],[-114,116,310960],[3,103,36873],[8,75,36873],[-3,8,0]],[[90699,91217,0],[84,-17,114330],[73,-6,19558],[62,-3,45720],[45,1,76216],[28,-3,15551],[57,-9,266908],[485,-81,44439],[242,-43,0]],[[91775,91056,0],[-23,-60,54916],[-36,-64,59435],[-32,-81,75570],[-111,-239,0]],[[91573,90612,0],[-41,10,40319],[-25,11,14276],[-34,13,65303],[-58,11,0]],[[91415,90657,0],[-176,85,121215],[3,10,27275],[-14,14,342218],[-13,1,19715],[-3,-6,23080],[-11,0,13832],[4,-4,13832],[-9,-9,11834],[-6,-2,55409],[2,-10,13081],[-3,-9,72894],[-3,-3,9250],[-17,-11,9350],[-10,-7,35742],[-11,-5,12162],[-4,2,12162],[-9,-2,8601],[-12,-5,34742],[-5,-9,0]],[[91118,90687,0],[-224,-329,0]],[[90894,90358,0],[-330,115,0]],[[93831,89652,0],[-489,127,0]],[[93026,89861,0],[226,420,0]],[[93252,90281,0],[3,5,6991],[0,5,13686],[-3,4,13686],[7,2,8593],[1,3,50544],[-5,6,13968],[-13,8,11291],[-5,6,86083],[-5,1,9842],[-17,-1,30123],[-8,-2,9815],[2,4,9815],[-7,4,8071],[-8,1,8071],[-4,3,196507],[-1,5,10966],[0,8,7508],[-3,11,7298],[1,3,25640],[-7,4,21925],[-2,8,11359],[1,9,87269],[6,2,9517],[9,1,41068],[-2,3,10509],[-10,4,16563],[-11,2,17774],[2,6,17774],[-4,2,8185],[-5,0,15058],[-4,-5,18204],[-9,6,42718],[-3,-5,11855],[-8,-1,18034],[-5,3,19754],[8,6,13493],[10,2,19754],[-1,3,7722],[-4,-1,8466],[0,4,12559],[-7,0,19754],[-6,18,17408],[-4,1,93246],[13,6,11789],[4,5,11789],[8,1,40109],[0,11,21507],[9,4,12279],[1,5,68064],[-8,2,13532],[-22,0,93246],[-2,2,10088],[4,7,18567],[-9,5,18567],[-1,7,11864],[-6,8,58454],[-14,6,15415],[-5,-2,28638],[-6,4,8695],[-11,10,117686],[-1,4,7353],[3,3,13769],[6,0,19497],[-3,8,16224],[4,3,7035],[2,3,34037],[-13,0,31269],[6,5,13988],[-3,5,13988],[1,4,7784],[5,4,66659],[-4,5,7060],[0,2,20130],[-7,1,12130],[-6,3,7026],[-6,4,15121],[0,2,0]],[[93070,90566,0],[-2,4,8222],[2,3,17373],[-5,1,10790],[-2,3,7658],[3,2,10790],[-3,8,7151],[-4,5,37098],[-8,2,10948],[-7,5,33880],[-8,10,18553],[-3,8,9621],[1,4,86499],[9,5,15917],[-2,6,24590],[5,1,7360],[6,-1,12230],[4,3,86499],[-2,9,10142],[1,6,31907],[-11,19,18333],[-1,7,12532],[-5,10,24276],[3,8,20237],[-8,11,53405],[1,10,9053],[3,5,8822],[-1,3,374950],[-13,6,16353],[-28,9,42367],[-9,7,10791],[-7,9,97020],[-6,1,8572],[-5,-2,17078],[-13,5,10746],[-9,1,30776],[-13,5,11413],[-6,4,43432],[-12,-2,8381],[-13,0,39767],[-3,6,10588],[-4,0,8627],[-2,4,17418],[-4,-3,21225],[-13,3,9007],[-3,-2,9007],[-7,3,176985],[0,8,11174],[-3,7,11174],[-1,15,82280],[-7,5,11777],[-3,7,10797],[-6,3,40586],[-17,5,9335],[-17,5,23958],[-6,6,0]],[[92806,90838,0],[256,49,0]],[[93062,90887,0],[6,-8,9663],[2,-5,14681],[8,-8,8726],[3,-5,47817],[0,-6,9193],[3,-8,11622],[0,-9,13423],[4,-14,76422],[5,-5,8693],[2,-5,8868],[11,-14,28937],[15,-9,15043],[2,-7,7751],[2,0,344729],[7,7,21281],[13,-3,36768],[3,3,9456],[9,4,16145],[-4,3,16145],[8,3,10735],[8,0,24178],[2,6,49247],[4,2,8033],[9,2,18255],[4,-5,20186],[7,3,12329],[5,-1,9130],[8,2,49247],[0,5,25427],[6,0,10237],[1,3,8175],[6,1,16323],[4,6,15152],[10,2,96770],[1,-6,24497],[11,3,11020],[0,6,11020],[4,0,8092],[1,-4,13973],[5,2,8576],[5,-3,8576],[2,2,13973],[-6,3,25754],[5,2,8683],[3,-2,7896],[4,2,18592],[-2,-4,7083],[2,-2,66663],[7,3,9026],[5,0,9026],[7,4,11009],[5,-2,11009],[1,5,12971],[8,-1,12971],[3,5,30683],[7,-3,14055],[4,3,8229],[4,-1,21726],[4,7,21726],[8,-2,13767],[1,5,13767],[15,3,344729],[4,-3,11474],[-2,-6,19562],[12,-3,45455],[10,2,10123],[12,0,24179],[11,-5,16741],[11,1,52572],[4,-5,12171],[8,-2,16880],[2,-7,76651],[10,-3,12569],[4,3,24424],[13,-4,8844],[16,-6,30756],[15,2,46366],[9,-3,10169],[12,-6,15771],[4,-4,35767],[9,-1,10238],[10,2,18014],[8,-4,238344],[15,3,9492],[9,2,21108],[10,7,49439],[6,-1,9786],[6,-5,21108],[18,-1,49439],[27,3,7246],[6,0,7246],[14,2,33145],[18,-2,19269],[28,2,65492],[10,6,23049],[22,2,711593],[2,-1,9284],[-1,-11,23548],[8,-4,13062],[7,-7,23548],[-3,-3,8409],[1,-4,49070],[13,-4,13145],[9,-6,74282],[1,-5,14422],[9,-6,20573],[7,-17,37093],[-3,-10,30212],[2,-1,10464],[3,-10,10464],[8,-15,178367],[-11,-4,33557],[6,-13,23415],[-5,-4,11495],[0,-7,62841],[-7,-3,8166],[-8,-2,26760],[-7,-7,12768],[2,-3,12768],[-6,-2,7959],[-2,-2,21775],[5,-6,21473],[-2,-2,8219],[-5,2,8219],[-11,0,178367],[1,-6,15780],[11,-6,22522],[8,1,22522],[6,-2,9728],[7,-7,16003],[14,-5,70875],[6,0,9586],[14,-5,9638],[8,0,35295],[14,3,16443],[5,5,35295],[5,0,7521],[5,-3,15351],[2,-6,0]],[[93838,90630,0],[-80,-63,290931],[104,-158,0]],[[93862,90409,0],[-31,-757,0]],[[91415,90657,0],[-22,-9,21152],[-29,-5,58195],[-6,-5,12770],[-6,-8,12770],[-8,-7,35274],[-22,-7,0]],[[91322,90616,0],[-49,-45,142467],[-164,-243,0]],[[91109,90328,0],[-215,30,0]],[[92698,90497,0],[4,-1,8493],[8,2,0]],[[92710,90498,0],[6,-27,26470],[7,-9,56044],[1,-34,8854],[0,-22,0]],[[92724,90406,0],[-27,0,21261],[-5,-3,0]],[[92677,90413,0],[-8,10,9481],[-1,5,25936],[4,9,7068],[-1,3,0]],[[87526,93805,0],[339,-223,0]],[[87865,93582,0],[-13,-77,258705],[-146,-90,125309],[-87,-79,0]],[[87619,93336,0],[-95,-192,24746],[-17,-35,415013],[-32,-45,62236],[-44,-50,24928],[-53,-58,210173],[-60,-48,54713],[-89,-61,83329],[-15,-11,17731],[-16,-14,10793],[-10,-10,27436],[-8,-12,0]],[[87180,92800,0],[-49,14,11070],[-5,1,7951],[-17,5,48020],[-45,20,98291],[-7,-6,16514],[-5,4,19200],[-11,3,12154],[-15,0,24766],[-20,-3,98291],[-7,11,10478],[1,2,24973],[-9,8,8009],[-14,17,165952],[-101,6,0]],[[86876,92882,0],[-50,57,373729],[99,136,189624],[45,43,34117],[58,62,88300],[49,37,37203],[39,36,681200],[141,20,184695],[144,77,331574],[35,110,235422],[128,36,0]],[[87564,93496,0],[-7,55,8653],[-31,254,0]],[[87002,91400,0],[12,-15,20510],[18,-15,76963],[29,-14,13766],[16,-7,37286],[16,-3,8513],[12,-3,120257],[10,-9,20743],[6,-13,11088],[6,-8,34580],[2,-6,8801],[1,-10,0]],[[87101,91213,0],[-43,-5,101148],[-23,7,19593],[-46,17,46734],[-3,5,9348],[-8,5,24623],[-22,9,0]],[[86956,91251,0],[-37,113,215992],[83,36,0]],[[77043,93779,0],[354,-249,0]],[[77397,93530,0],[-630,-1106,0]],[[76767,92424,0],[-758,278,0]],[[76009,92702,0],[-16,8,30090],[-12,3,8318],[-5,0,10175],[-11,4,15289],[-19,2,34356],[-8,5,9902],[-14,5,129725],[-116,78,21777],[-15,9,251990],[-30,1,36548],[-10,-10,58387],[-19,-2,18231],[-28,0,33553],[-31,5,0]],[[75675,92810,0],[0,21,10409],[1,31,38531],[-6,42,41286],[0,77,214157],[21,91,76518],[12,36,36076],[18,29,36076],[6,26,810055],[63,6,74861],[87,18,42399],[53,16,225755],[54,-7,45018],[37,1,9987],[16,1,77873],[37,-8,15186],[44,-8,496196],[9,2,14907],[10,9,53477],[2,16,21765],[-4,19,81278],[27,36,26725],[4,10,19196],[16,23,43022],[8,5,13571],[11,11,20305],[2,7,124848],[-14,7,9602],[-5,4,0]],[[76184,93331,0],[-5,6,23202],[-20,54,274254],[272,47,287659],[612,341,0]],[[75374,90200,0],[1,2,7077],[-1,5,14026],[2,3,7065],[4,1,76556],[24,0,16415],[42,1,10670],[48,1,0]],[[75494,90213,0],[-15,-72,0]],[[75479,90141,0],[-21,3,14529],[-18,-1,14529],[-2,3,78987],[0,22,13802],[-2,12,82844],[2,2,7036],[2,8,27617],[-18,1,27617],[-4,-2,8918],[0,5,8918],[-12,9,60721],[-10,-4,9493],[-7,-1,20147],[-15,2,0]],[[79052,97294,0],[286,225,0]],[[79338,97519,0],[30,-230,286447],[-16,-43,82313],[-57,-50,0]],[[79295,97196,0],[-30,-21,74885],[-18,-56,0]],[[79247,97119,0],[-6,-6,7502],[-3,-1,10974],[-4,-6,24298],[2,-10,54196],[-6,-4,14219],[-9,-3,7770],[-8,-2,29125],[-11,-6,13690],[-5,-9,9538],[-4,-1,93573],[0,-39,0]],[[79193,97032,0],[-2,2,10289],[-53,48,0]],[[79138,97082,0],[31,14,115460],[-3,42,48914],[-17,52,162864],[-16,-1,27979],[-11,11,27979],[-10,3,13336],[-21,2,0]],[[79091,97205,0],[-32,1,0]],[[79059,97206,0],[-3,5,12475],[2,8,16744],[5,0,18497],[1,22,0]],[[79064,97241,0],[-12,53,0]],[[92604,90417,0],[-19,3,24863],[-3,-6,0]],[[92582,90414,0],[-7,-14,0]],[[92575,90400,0],[-199,-373,0]],[[92315,90042,0],[207,390,0]],[[92522,90432,0],[15,11,21721],[6,-3,28158],[11,9,12667],[1,5,0]],[[92555,90454,0],[19,0,8822],[6,1,19783],[6,-3,14407],[4,7,30176],[15,-3,0]],[[65510,90119,0],[-1,22,21589],[-11,83,22769],[-3,42,148781],[-13,10,23063],[-5,8,7614],[-5,4,13420],[-4,9,28647],[2,10,9519],[-1,3,28647],[-14,4,318148],[-8,0,7421],[-19,-1,9492],[-8,1,7026],[-17,0,34467],[-24,-2,7853],[-37,-3,101371],[-10,20,0]],[[65332,90329,0],[-41,89,0]],[[65291,90418,0],[205,103,234483],[47,33,80285],[105,105,432394],[1,85,149931],[40,49,32354],[12,3,32354],[5,8,14554],[5,16,0]],[[65711,90820,0],[4,3,30457],[41,77,0]],[[65756,90900,0],[128,56,116596],[49,46,0]],[[65933,91002,0],[11,5,44097],[123,20,123088],[73,-10,96923],[38,4,31518],[55,12,435206],[65,41,74626],[98,42,157195],[105,88,0]],[[66501,91204,0],[45,-100,239416],[68,-24,71524],[78,-10,539420],[42,-36,92225],[-6,-31,15005],[0,-10,196891],[12,-158,10697],[11,-139,385953],[25,-21,8485],[80,-69,0]],[[66856,90606,0],[52,-44,238914],[-137,-22,8831],[-108,-18,402286],[-157,123,552917],[-278,-100,223164],[-232,-43,0]],[[65996,90502,0],[-177,10,76478],[-87,-2,678358],[-44,-96,147443],[1,-113,360551],[-113,-55,217449],[-7,-23,52712],[-27,-47,7842],[-32,-57,0]],[[64715,92880,0],[-642,-887,377610],[-264,-242,377610],[-30,-152,0]],[[63779,91599,0],[-113,-13,263173],[-95,131,0]],[[63571,91717,0],[-223,302,654983],[49,375,760686],[-250,199,0]],[[63147,92593,0],[-21,1283,0]],[[63126,93876,0],[557,-347,39209],[459,-288,0]],[[64142,93241,0],[573,-361,0]],[[64715,92880,0],[351,-223,0]],[[65066,92657,0],[-421,-402,183574],[-1,-19,0]],[[64644,92236,0],[-29,-28,104047],[-52,-131,108505],[-53,-71,259954],[-125,-57,259954],[-41,-76,49436],[-16,-16,124665],[4,-57,782227],[70,-74,96066],[127,-102,0]],[[64529,91624,0],[-55,-110,133595],[-60,-45,526509],[-237,40,189914],[-105,53,0]],[[64072,91562,0],[-128,-7,9635],[-127,-6,240176],[-38,50,0]],[[66530,91966,0],[10,-6,7746],[14,-8,16045],[10,-9,49207],[19,-6,9930],[12,-3,9930],[16,-6,44028],[15,-9,11455],[15,-11,166234],[31,9,23544],[15,1,11049],[13,3,110419],[10,-4,17446],[15,-4,10214],[11,-2,31657],[48,-19,402214],[1,47,167215],[138,59,292045],[133,-39,1005245],[45,48,160379],[-1,16,44922],[26,65,93247],[-6,38,35467],[3,34,253653],[-39,17,23164],[-11,6,7006],[-7,5,187073],[-1,6,11703],[1,13,52285],[12,13,14051],[14,10,13651],[6,8,100170],[-5,5,20637],[0,6,11099],[6,7,34027],[-4,9,14907],[-11,17,71155],[-1,8,11709],[2,10,34491],[3,4,9265],[12,9,368602],[27,11,23781],[28,6,18587],[24,9,134215],[8,5,10885],[14,11,31180],[-1,10,20987],[9,6,69391],[-13,6,7285],[-5,3,42503],[-1,3,11821],[10,16,0],[4,8,16446],[0,16,0],[2,7,10223],[5,10,56752],[-7,6,12815],[-4,8,21931],[0,10,21931],[-13,19,13812],[-1,5,91396],[6,18,31744],[-6,21,31744],[-1,15,8919],[1,6,13551],[-1,16,18766],[0,9,7168],[1,12,66090],[-2,14,8031],[-2,12,21831],[-5,2,9413],[-3,6,21831],[2,11,0]],[[67176,92630,0],[26,87,192149],[22,406,0]],[[67224,93123,0],[554,-503,592318],[6,-160,592318],[517,-218,1134773],[122,-295,494737],[344,-370,0]],[[68574,91393,0],[-1830,260,974804],[-397,174,0]],[[66347,91827,0],[97,84,28206],[0,2,0]],[[66444,91913,0],[26,12,43692],[17,12,19897],[17,15,11154],[5,7,16990],[9,7,43692],[12,0,0]],[[65996,90502,0],[152,-159,0]],[[66148,90343,0],[45,-48,472802],[683,78,334311],[248,65,0]],[[67124,90438,0],[30,-49,19383],[1,-1,6973],[1,0,0]],[[67156,90388,0],[11,-10,42246],[-1,-6,8647],[3,-5,18367],[-6,-10,12421],[2,-3,32933],[-11,-2,129411],[95,-220,0]],[[67249,90132,0],[-885,-296,456910],[-486,-212,204165],[-251,-91,0]],[[65627,89533,0],[-21,15,107933],[15,112,338593],[-52,42,102676],[-29,69,102676],[-75,89,61894],[0,6,17528],[-5,7,9021],[-6,10,222495],[-8,3,8584],[-5,-1,33897],[-10,5,11194],[0,3,14571],[-10,3,17263],[-14,11,7994],[-5,3,161037],[-3,7,7629],[-1,5,30691],[5,11,15459],[7,6,65819],[1,17,26567],[-3,8,7483],[-1,6,14687],[-4,3,34258],[2,19,7759],[2,2,7759],[-2,6,29257],[-4,5,17151],[1,6,8330],[-2,12,577693],[3,6,11199],[6,4,7302],[3,4,24987],[20,11,15620],[4,5,59891],[8,3,8472],[3,-1,8472],[15,2,16282],[10,4,109589],[3,3,7128],[2,6,10986],[5,2,8977],[5,6,23025],[9,3,16340],[7,8,56683],[0,4,7839],[-4,1,7839],[-2,5,16275],[-6,0,11028],[-4,5,50670],[23,15,0]],[[69711,92021,0],[118,-101,34405],[21,-16,0]],[[69850,91904,0],[32,-27,44574],[42,-22,83488],[43,-7,200095],[94,-124,0]],[[70061,91724,0],[-203,-16,54732],[-48,-1,129384],[-65,-12,26889],[-37,-10,223701],[-264,8,223701],[-18,0,24705],[-15,-4,14957],[-30,-4,34353],[-28,0,81170],[-36,-6,20349],[-19,-6,20349],[-68,-17,0]],[[69230,91656,0],[-212,-49,0]],[[68767,91577,0],[944,444,0]],[[61803,91459,0],[-46,10,6973],[-11,2,6973],[-2,1,73411],[-607,107,0]],[[61137,91579,0],[-95,175,0]],[[61042,91754,0],[-309,566,58160],[-315,571,0]],[[60418,92891,0],[1708,-952,1556240],[528,30,0]],[[62654,91969,0],[-33,-124,79902],[-28,-62,0]],[[62593,91783,0],[-16,-48,53743],[-43,-91,63850],[-28,-80,201549],[-63,-54,504622],[41,-129,21785],[37,-117,0]],[[62521,91264,0],[-75,16,21605],[-27,7,7907],[-5,1,86870],[-10,7,7460],[-4,3,7460],[-17,12,13378],[-8,7,86870],[-22,-1,32715],[-5,2,7564],[-8,-1,9590],[-4,3,16825],[-7,0,7056],[-13,0,19879],[-10,4,202502],[-5,-1,8543],[-17,-4,11741],[-5,0,44705],[-4,6,11126],[1,6,11126],[-4,4,44705],[-36,22,35019],[-21,5,73801],[-41,30,106545],[-55,25,46636],[-77,25,384179],[-82,11,9547],[-20,3,9232],[-72,10,109627],[-48,-10,38886],[-17,3,0]],[[65352,92475,0],[377,-74,12990],[244,-48,49314],[189,-36,0]],[[66162,92317,0],[-2,-14,45167],[8,-7,22652],[2,-17,27290],[17,-22,83537],[24,11,55201],[-15,-32,42711],[-19,-13,55201],[-2,-9,21768],[9,-13,161889],[51,-28,137044],[0,-17,19961],[5,-15,43853],[-9,-28,92660],[30,-40,489269],[27,-10,20690],[14,-9,43881],[67,-21,137618],[17,2,37415],[51,-14,75024],[28,10,21813],[17,1,235788],[3,-6,13891],[13,-35,64397],[32,-25,0]],[[66347,91827,0],[-124,-108,29449],[-5,-2,9024],[0,-3,6973],[0,-1,6973],[-1,-1,0]],[[66217,91712,0],[-2,-4,14585],[-29,-37,114889],[5,-20,9104],[2,-12,60835],[-10,-67,412730],[44,-37,95317],[51,4,179270],[57,-50,90025],[23,-54,311815],[-80,-76,254009],[113,-78,0]],[[66391,91281,0],[-38,-5,78641],[-152,12,23489],[-39,2,404362],[-51,56,33549],[-86,99,219311],[-62,13,13414],[-24,4,0]],[[65939,91462,0],[-122,21,0]],[[65817,91483,0],[42,232,323008],[140,206,1291287],[-647,554,0]],[[65124,92620,0],[228,-145,0]],[[65352,92475,0],[213,-523,210080],[36,-40,0]],[[65601,91912,0],[54,-67,293501],[-58,-105,125961],[5,-40,30042],[-1,-28,125961],[-12,-36,62806],[-36,-34,568186],[-156,-35,139236],[-97,-51,568186],[-30,-135,74177],[-28,-85,168612],[-53,-101,105672],[-32,-108,0]],[[65157,91087,0],[-88,7,14886],[-30,2,200238],[-18,-1,16661],[-11,-2,7720],[-13,-3,47456],[-15,-7,11949],[-15,-9,47456],[-21,-8,11881],[-22,-6,25621],[-39,-10,116180],[-99,-10,22462],[-10,-2,0]],[[64776,91038,0],[-82,208,366294],[49,96,229267],[-8,94,108039],[-33,42,155034],[20,69,641585],[-193,77,0]],[[65066,92657,0],[58,-37,0]],[[63316,91153,0],[0,1,0],[1,3,7928],[7,3,10298],[3,-1,10298],[10,7,21479],[10,1,76811],[12,8,12932],[11,12,31825],[7,10,7494],[8,14,51259],[-2,7,11942],[1,8,0]],[[63384,91226,0],[36,67,35482],[52,106,114530],[16,20,58290],[3,52,198668],[62,57,76059],[15,36,0]],[[63568,91564,0],[-15,87,107063],[18,66,0]],[[64776,91038,0],[-27,-6,24773],[-9,-4,7197],[-9,-5,89348],[-15,-15,23248],[-20,-27,32635],[-10,-8,8643],[-9,-9,103882],[-17,-6,21248],[-35,-6,58419],[-6,-2,6994],[-14,-7,28012],[-3,-3,8917],[-3,-9,371189],[-185,66,783445],[-2,-119,284607],[-137,-76,23678],[-13,-9,7466],[-7,-4,332802],[4,-13,16799],[4,-29,16799],[14,-77,11439],[3,-17,332802],[-6,-2,8951],[-30,-15,17553],[-135,-61,1125909],[-7,6,8303],[-12,10,25017],[-7,13,46921],[-17,2,11854],[-4,3,74214],[-9,18,23431],[0,6,8852],[-1,10,107471],[-22,13,22572],[-30,22,8858],[-15,11,35738],[-14,6,8655],[-7,4,328071],[-8,1,7094],[-9,2,19829],[-9,3,10045],[-21,6,19829],[-14,1,16197],[-17,6,79953],[-33,2,16175],[-16,-1,40709],[-6,1,7351],[-22,6,9981],[-7,1,40709],[-31,0,26550],[-19,2,11575],[-21,3,59931],[-11,7,0]],[[63720,90739,0],[-19,20,11393],[-11,14,57778],[-4,11,16113],[1,17,136015],[11,30,27799],[11,22,11166],[9,15,0]],[[63718,90868,0],[-42,4,30383],[-14,3,11322],[-17,5,102370],[-16,7,7130],[-11,6,7130],[-3,1,33342],[-21,13,16407],[-6,5,9143],[-16,12,102625],[-2,3,8987],[3,5,23875],[11,11,11487],[7,4,102625],[-10,0,9765],[-22,2,10593],[-24,1,59312],[-21,5,26739],[-6,4,9174],[-4,6,312230],[-3,13,9481],[0,5,23211],[-5,4,7578],[-3,6,32130],[1,19,142772],[-22,19,46531],[-21,6,31787],[-12,5,8488],[-10,6,18467],[-11,9,86097],[-13,3,22895],[-21,-5,158199],[-5,1,8299],[-2,4,9144],[-6,5,7363],[-6,7,30073],[-1,4,7793],[-8,16,55185],[-1,7,10907],[3,8,10038],[0,6,78153],[-7,1,9819],[-14,6,37827],[-25,23,49998],[1,7,9063],[3,3,0]],[[63384,91226,0],[-38,8,10936],[-11,3,38868],[-90,17,14632],[-18,4,14632],[-45,9,9520],[-11,1,0]],[[63171,91268,0],[29,53,291406],[-208,152,157392],[-65,20,964995],[71,132,161805],[89,81,472193],[-93,112,90190],[-26,51,472193],[18,82,93568],[23,55,40816],[33,91,249755],[67,61,23181],[23,23,0]],[[63132,92181,0],[21,32,189978],[-6,380,0]],[[63171,91268,0],[-17,-2,10049],[-24,-6,10049],[-41,-7,7433],[-15,-3,18623],[-10,-2,168924],[-14,-27,13551],[-5,-14,53449],[-15,-15,9416],[-14,-14,347904],[-16,-2,14866],[-14,-2,7985],[-13,0,27006],[-18,5,27006],[-7,-8,86333],[-8,0,15831],[-28,6,40345],[-8,13,25677],[-13,0,130773],[-3,4,9412],[0,6,9412],[-4,10,28669],[-16,23,13421],[-5,4,128580],[-11,6,6975],[-8,2,45766],[-13,-8,20907],[-4,-9,48071],[-10,0,13556],[-9,-3,29520],[-13,3,8497],[-9,4,277150],[-14,-7,31261],[-7,-7,15281],[-22,-15,15281],[-14,-13,32570],[-14,-7,12657],[-13,-8,506878],[-13,-2,23394],[-25,2,13496],[-15,2,58565],[-15,6,18168],[-15,10,150017],[-3,12,10015],[0,8,43573],[4,8,19024],[15,11,44965],[-4,11,7731],[-1,6,14874],[2,4,184830],[-66,1,49064],[-7,2,7372],[-11,1,7412],[-3,2,7412],[-10,1,15592],[-14,4,0]],[[62654,91969,0],[41,149,396020],[296,199,412080],[156,276,0]],[[66391,91281,0],[110,-77,0]],[[65756,90900,0],[-64,138,445609],[119,252,306263],[6,193,0]],[[60418,92891,0],[-412,742,68479],[-257,457,0]],[[59749,94090,0],[-516,909,0]],[[59233,94999,0],[2516,634,0]],[[61749,95633,0],[753,-1371,1563688],[624,-386,0]],[[65291,90418,0],[-44,98,9628],[-32,70,7196],[-58,126,29462],[-2,3,0]],[[65155,90715,0],[-1,2,8111],[-10,4,12116],[-7,5,7052],[-8,7,44847],[-19,22,23898],[-2,10,192802],[4,5,8901],[9,7,37180],[26,15,22160],[10,3,9521],[18,8,110186],[17,51,242396],[-35,233,0]],[[69325,89610,0],[12,1,9900],[1,-2,14556],[14,3,25159],[4,-1,8510],[10,1,10278],[0,-1,8206],[11,-1,7332],[0,1,16141],[17,2,16141],[2,-3,0]],[[69396,89610,0],[-5,-2,12710],[-23,-13,38669],[8,-8,41365],[-14,-5,18515],[-8,-9,16477],[-13,-5,53455],[-7,-17,148504],[-14,5,20265],[-8,-2,15125],[-12,3,44763],[-18,9,18749],[-8,8,0]],[[69274,89574,0],[10,7,13745],[18,8,13060],[8,5,34388],[7,9,7306],[8,7,0]],[[67249,90132,0],[84,-152,57790],[26,-37,57790],[35,-79,719065],[276,-187,349643],[326,-123,0]],[[67996,89554,0],[-144,-191,934034],[-204,-46,218572],[-340,-131,218572],[-262,-68,650633],[-416,-9,0]],[[66630,89109,0],[-107,130,516759],[-65,22,62884],[-147,36,219292],[-129,-16,293964],[-227,85,0]],[[65955,89366,0],[-59,17,52087],[-150,53,228518],[-39,39,62084],[-80,58,0]],[[67224,93123,0],[384,-229,7984],[65,-39,75816],[1,0,6973],[14,-6,0]],[[67688,92849,0],[6,-7,18600],[16,-10,7036],[12,-8,43635],[16,-1,13553],[16,-3,43635],[7,-6,15424],[1,-9,45018],[4,-6,12213],[10,-7,20761],[11,-3,20761],[11,-6,11777],[9,-8,18041],[23,-12,35994],[2,-8,23492],[19,-13,35994],[12,0,27817],[11,-7,13013],[5,-7,539102],[32,2,10789],[33,1,54693],[6,0,14494],[15,-9,81468],[39,9,18399],[22,4,81468],[45,-5,23369],[19,-1,11860],[11,1,43155],[14,3,8071],[13,2,35039],[11,0,13332],[23,-3,135807],[11,2,8032],[18,6,20329],[13,7,135807],[4,0,8531],[5,-4,27489],[21,-2,15190],[26,1,37886],[21,2,8450],[8,1,46188],[14,-6,13136],[12,-3,27884],[18,1,78956],[15,-8,12965],[11,-8,78956],[10,-3,13144],[16,-1,31233],[20,7,23936],[13,-2,47212],[12,7,7912],[0,1,1089397],[255,380,1086339],[563,-138,7514],[56,-14,0]],[[69304,92958,0],[153,-90,132667],[174,-77,318244],[11,-2,13573],[28,-5,8638],[16,-3,23122],[12,-1,15495],[27,-4,8636],[14,-2,38627],[11,-5,14884],[10,-1,7614],[13,-3,20082],[11,-5,38627],[14,2,19434],[17,-4,75657],[12,-8,9552],[9,-7,17416],[10,-4,46672],[16,4,16456],[6,-2,0]],[[69868,92741,0],[176,-103,85013],[116,-59,0]],[[69461,89634,0],[20,2,0]],[[69481,89636,0],[69,-2,9471],[5,-1,72666],[-1,-11,49086],[22,-3,9523],[12,-1,9523],[14,-2,0]],[[69683,89598,0],[-42,-36,18342],[-4,-5,0]],[[69637,89557,0],[-5,-7,20435],[0,-20,43748],[-18,-9,0]],[[69614,89521,0],[-55,-4,47462],[-60,5,0]],[[69485,89526,0],[-10,16,7085],[-6,10,29896],[-1,7,14434],[-4,9,7165],[1,1,7165],[-4,8,79093],[0,5,8971],[3,6,19132],[10,12,35356],[4,18,15363],[-2,5,61421],[-15,11,0]],[[69319,90950,0],[151,-100,262196],[9,-110,965133],[-882,-170,0]],[[68597,90570,0],[81,132,414290],[-5,475,0]],[[71497,87568,0],[-179,23,24554],[-1017,130,1398054],[-197,8,211706],[-253,-12,28626],[-338,-16,689344],[-275,-78,13221],[-322,-90,371708],[-140,12,0]],[[68776,87545,0],[5,456,243891],[6,110,81442],[27,264,0]],[[68814,88375,0],[389,13,494426],[4,1,8012],[5,4,8012],[16,6,20432],[39,13,53863],[2,5,14490],[6,5,7262],[5,1,33619],[6,-1,9945],[9,-5,33619],[14,0,12468],[0,2,12468],[18,5,53863],[11,7,17073],[26,11,63271],[25,5,7531],[41,7,63271],[76,29,153284],[7,5,20369],[-1,8,9358],[1,5,20369],[8,10,52703],[37,24,25908],[1,5,153284],[29,-1,12001],[7,1,25447],[7,6,25447],[2,-5,13020],[12,-5,54858],[5,0,10143],[7,5,8805],[7,1,21544],[20,2,1204699],[3,-42,27480],[5,-34,8527],[4,-28,321904],[31,-16,110120],[72,8,49960],[78,1,110120],[45,-16,321904],[78,-94,216104],[193,-101,1204699],[41,33,59294],[68,62,30273],[97,92,158531],[193,201,0]],[[70563,88610,0],[20,-6,17311],[29,-5,34019],[38,-11,16611],[25,-8,204849],[60,-28,30798],[76,-39,111168],[38,-24,14865],[33,-23,14096],[33,-21,66048],[35,-17,14980],[29,-16,1048024],[22,-24,27834],[37,-32,31703],[29,-32,178327],[31,-50,15653],[8,-17,11773],[4,-4,27306],[35,-55,82372],[23,-56,149148],[22,-22,12199],[21,-20,24469],[15,-10,24469],[6,-13,342154],[1,-21,10337],[2,-19,33042],[-4,-36,33042],[3,-45,142968],[12,-37,53145],[26,-27,342154],[87,-42,97143],[40,-28,39051],[38,-35,529670],[24,-45,44192],[16,-49,117931],[2,-48,53937],[18,-77,0]],[[66856,90606,0],[10,-4,11357],[8,-5,13971],[12,-4,45037],[4,2,7103],[4,4,13182],[-3,3,8513],[4,3,54282],[7,0,8133],[16,2,9578],[4,-1,35573],[19,12,35573],[16,0,7329],[9,0,122360],[9,-2,13860],[18,-8,30650],[8,-2,9845],[12,0,8066],[9,-1,30650],[10,-5,7297],[9,-5,289488],[1,-12,49806],[52,-90,30817],[0,-4,0]],[[67094,90489,0],[30,-51,0]],[[70253,90422,0],[1560,122,0]],[[71813,90544,0],[-148,-556,19280],[-32,-120,0]],[[71633,89868,0],[-487,-30,39642],[-70,-5,488811],[-101,-17,25163],[-127,-20,97689],[-106,-22,12639],[-99,-21,199084],[-89,-23,31388],[-128,-37,0]],[[70426,89693,0],[-362,145,25269],[-122,48,0]],[[66726,88000,0],[-62,144,391568],[-123,73,117923],[-183,82,979447],[133,210,204233],[86,84,73840],[56,68,0]],[[66633,88661,0],[22,28,63408],[47,17,209108],[-54,108,457685],[-103,18,90806],[-93,-1,240483],[-105,75,750742],[283,203,0]],[[67996,89554,0],[142,93,392006],[139,34,63775],[46,15,22930],[6,4,9451],[14,5,43011],[18,2,11147],[15,3,19494],[6,4,7028],[6,1,96308],[1,5,15435],[8,4,9415],[5,6,96308],[12,3,8908],[4,2,12453],[15,3,30999],[41,4,30999],[55,10,9694],[42,6,286816],[76,-23,0]],[[68209,88471,0],[527,-117,301028],[78,21,0]],[[68776,87545,0],[-180,16,0]],[[68596,87561,0],[-176,9,19739],[-455,24,774138],[-222,-201,0]],[[67743,87393,0],[-113,-69,93206],[-175,-90,977437],[-163,91,8116],[-113,64,16010],[-285,160,47903],[-87,49,11289],[-14,8,1270436],[-36,65,14319],[-84,155,381476],[60,157,95969],[-7,17,0]],[[69021,89632,0],[107,-103,0]],[[69128,89529,0],[7,-8,23517],[-8,-9,44451],[4,-8,10659],[7,-8,10659],[3,-6,17390],[8,-5,13528],[3,-7,77781],[-4,-5,13788],[-1,-9,7487],[-2,-5,17640],[-7,-9,120905],[7,-9,20526],[9,1,11747],[3,-3,28543],[5,-12,34966],[20,-8,13519],[2,-2,0]],[[69184,89417,0],[7,-8,30248],[-12,-19,35885],[0,-12,19019],[5,-6,14320],[1,-12,143096],[-4,-5,22384],[-25,-4,22384],[-6,-3,8858],[-6,0,9596],[-11,-6,60615],[-18,9,26552],[-5,-1,7614],[-7,-2,0]],[[69103,89348,0],[-2,22,34036],[9,26,66720],[-17,47,39029],[9,9,15827],[-5,1,114395],[-10,20,14838],[-1,7,29409],[-11,5,23503],[0,6,7300],[1,5,23503],[-3,2,12263],[-8,16,0]],[[69065,89514,0],[-82,91,0]],[[68597,90570,0],[-297,-13,0]],[[68300,90557,0],[-10,0,10617],[-43,-5,70585],[-50,-14,37096],[-37,-17,276778],[-46,-26,17143],[-69,-36,51627],[-48,-34,51627],[-53,-25,152039],[-56,-20,22796],[-83,-28,63468],[-46,-23,152039],[-78,-58,411411],[-432,-139,0]],[[68597,90570,0],[42,-285,686806],[424,-321,0]],[[69281,89634,0],[-6,-8,9988],[-14,-17,46901],[-4,2,19181],[-6,-3,8713],[-15,-6,0]],[[69236,89602,0],[-10,1,26900],[-2,10,20600],[-11,5,44842],[-8,0,8180],[-16,-2,0]],[[69189,89616,0],[-1,-1,6973],[-1,0,28992],[-154,68,0]],[[70974,92217,0],[1,-139,0]],[[70975,92078,0],[1,-203,0]],[[70976,91875,0],[-81,-5,68043],[-56,-16,221241],[-33,-21,49375],[-31,-14,10712],[-82,-38,121586],[-68,-3,20392],[-18,-3,121586],[5,-29,48152],[-16,-11,556184],[-63,-9,51056],[-50,2,179973],[-99,50,64523],[-35,8,359500],[-34,-21,62161],[-22,-40,169608],[-87,-42,100152],[-40,-9,38308],[-27,3,284505],[-21,30,26334],[-18,17,90196],[-39,0,0]],[[69348,89634,0],[11,-1,0]],[[69359,89633,0],[-25,-16,9585],[-9,-7,0]],[[69274,89574,0],[-4,1,8707],[-23,3,21896],[-6,2,7861],[-6,4,55976],[2,9,9930],[-1,9,0]],[[70426,89693,0],[-160,-166,566068],[-183,0,51440],[-98,-3,128725],[-98,-21,12029],[-22,-4,128725],[0,-2,17522],[-31,12,12360],[-7,3,36091],[1,6,11350],[-4,3,0]],[[69824,89521,0],[-5,8,12891],[0,9,11710],[-3,5,30530],[-12,5,46324],[-4,0,8692],[-6,-4,17210],[2,-6,12742],[-2,-3,7666],[-4,1,35774],[-3,5,10000],[-3,11,0]],[[69784,89552,0],[3,7,12120],[3,3,7179],[4,5,58048],[-6,5,11160],[-3,7,8941],[-4,4,39370],[-7,0,13537],[-6,-6,9620],[-6,-1,30901],[-5,4,11736],[0,6,0]],[[69757,89586,0],[2,4,34895],[69,23,108783],[-21,30,0]],[[69396,89610,0],[16,8,8295],[2,2,27254],[9,2,8833],[2,2,9375],[14,6,7271],[17,7,37214],[5,-3,0]],[[69312,89451,0],[-2,1,10755],[-3,18,34979],[-18,14,73664],[-25,5,19300],[-8,-4,19300],[-5,6,10209],[-4,0,168549],[9,32,42585],[-12,5,42585],[-5,5,9110],[0,5,17556],[3,5,15566],[-5,9,31819],[3,4,8220],[3,8,100244],[7,4,11240],[13,2,11240],[11,4,0]],[[69357,91536,0],[557,63,118355],[7,-5,0]],[[69921,91594,0],[18,-13,43142],[26,-31,18041],[15,-20,29547],[12,-10,223765],[32,-18,7689],[37,-20,91446],[57,-19,41489],[45,-9,120633],[96,-56,0]],[[70259,91398,0],[-12,-2,9100],[-9,-1,10950],[-8,-3,61590],[-8,-5,9133],[-4,0,9133],[-8,-5,7724],[-19,-9,32494],[-11,-1,13865],[-5,-5,14406],[-11,-3,11394],[-7,-4,11394],[-15,-6,9379],[-4,-3,9379],[-10,-3,51337],[-5,-5,22768],[-5,-1,7337],[-16,-2,11535],[-7,0,28353],[-4,-3,8777],[-18,-7,288494],[-4,-5,10940],[1,-5,16134],[-7,-9,7650],[-3,-3,35799],[-13,1,35799],[-8,-7,9700],[-4,-7,10908],[-7,-4,10908],[-3,-6,50735],[-6,-2,7546],[-5,-5,7546],[-12,-8,17377],[-4,-5,11012],[-13,-9,26123],[-7,-2,116408],[-8,-12,12139],[0,-4,7768],[-4,-6,21013],[1,-9,18432],[-5,-4,13181],[-1,-6,7127],[-2,-3,81383],[-13,-8,13962],[-6,-7,17888],[-4,-3,7288],[-9,-3,17888],[0,-5,17888],[-13,-9,16688],[-7,-10,0]],[[71094,91538,0],[-52,-24,143077],[-53,-2,25673],[-22,1,69272],[-27,-5,23976],[-20,-8,14466],[-12,-2,77526],[-22,1,19542],[-13,-2,10491],[-12,1,8816],[-5,-1,44106],[-6,3,10376],[1,5,13574],[-7,1,44106],[-10,-7,9980],[-8,-3,29067],[-12,2,11684],[-6,-2,236211],[-9,2,7359],[-4,3,7826],[-15,4,12957],[-3,3,28539],[-17,3,9887],[-10,0,80889],[-11,-2,14110],[-30,-1,24581],[-26,-6,80260],[-7,3,16118],[-6,7,7760],[-3,6,51575],[-18,2,19681],[-20,-3,218734],[-16,-7,32336],[-21,-2,12783],[-6,-2,12783],[-33,-6,32336],[-13,-6,20746],[-14,-1,12755],[-16,-5,94041],[-11,0,8308],[-17,-2,18840],[-13,1,12663],[-25,-1,32061],[-14,-4,16015],[-17,-1,455972],[-24,-11,49056],[2,-10,14758],[8,-9,93586],[-5,-5,12920],[-17,-9,21108],[-4,0,7395],[-9,-4,28614],[-6,-5,8732],[-13,-10,29293],[-8,-3,9327],[-12,-8,12955],[-14,-6,130669],[-7,0,7066],[-8,1,11746],[-31,-2,18435],[-6,-2,0]],[[70976,91875,0],[1,-70,143549],[69,-106,143549],[10,-28,31177],[38,-133,0]],[[69420,89715,0],[8,3,0]],[[69428,89718,0],[1,0,8629],[79,5,0]],[[69481,89636,0],[0,12,57569],[-16,4,18219],[-22,1,7495],[-8,1,18219],[-10,3,48323],[2,5,15998],[-9,5,0]],[[69418,89667,0],[2,2,9126],[-2,10,16400],[5,6,29400],[0,18,14465],[9,6,14465],[-8,0,20390],[-4,6,0]],[[69637,89557,0],[11,0,0]],[[69648,89557,0],[0,-4,16554],[19,0,14655],[1,3,31571],[24,-8,12716],[8,-4,81303],[18,-1,9343],[13,1,20867],[8,2,12456],[20,1,28608],[6,4,9769],[3,5,28608],[7,-2,7055],[0,-1,10753],[9,-1,0]],[[69824,89521,0],[-20,-2,24502],[-33,0,7914],[-14,0,182873],[-9,-12,37571],[6,-7,18022],[3,-15,87534],[-51,-81,182873],[-112,-49,0]],[[68936,89335,0],[167,13,0]],[[69184,89417,0],[25,14,37911],[5,0,15399],[-3,-12,37911],[1,-1,7150],[4,4,13297],[12,2,8801],[6,0,29148],[7,-7,47175],[9,2,13465],[14,2,8176],[3,-1,20107],[15,5,85062],[13,16,16462],[6,3,0]],[[69429,89251,0],[2,-17,28565],[-10,-19,104469],[-14,-7,19114],[-25,-9,10454],[-15,-4,36069],[-14,-7,13528],[-8,-7,179320],[-2,-8,13204],[4,-8,36492],[12,-9,12321],[11,-12,51337],[3,-14,12083],[-1,-12,0]],[[69372,89118,0],[-6,-8,26641],[-7,-5,11364],[-23,-10,81602],[-20,-4,7745],[-6,0,40068],[-12,6,9787],[-5,1,26263],[-21,-1,245720],[-5,6,15653],[-24,14,52308],[-2,-7,24223],[-12,2,9241],[-9,-1,52308],[-130,40,88329],[-109,23,0]],[[68981,89174,0],[1,64,115463],[-46,97,0]],[[71094,91538,0],[22,-76,281354],[243,-278,13019],[109,-126,334123],[128,-190,17861],[217,-324,0]],[[69269,89934,0],[52,-173,0]],[[69321,89761,0],[32,-22,56554],[67,-24,0]],[[69418,89667,0],[-5,2,7692],[-7,0,16446],[-9,-3,53600],[-3,-3,7209],[-10,-11,20456],[-25,-19,0]],[[68936,89335,0],[9,155,0]],[[68945,89490,0],[-3,86,0]],[[69372,89118,0],[4,-1,10978],[59,1,33081],[68,-4,172384],[57,-24,61231],[35,-30,372626],[37,-78,86551],[66,-90,681867],[76,-68,147939],[159,-76,283449],[22,-8,33605],[21,0,9682],[11,1,82113],[12,5,13021],[9,0,11175],[8,3,32437],[6,8,16641],[13,6,283449],[33,-7,68868],[39,-16,30224],[35,-13,10204],[37,-14,10204],[81,-31,193295],[36,-10,21225],[46,-10,34508],[38,-6,60006],[31,-9,18689],[26,-5,18689],[48,-12,12990],[41,-10,17037],[37,-10,0]],[[68814,88375,0],[6,135,26462],[10,191,179514],[-13,181,605897],[10,11,21516],[20,32,34016],[30,33,106693],[108,178,177452],[-4,38,0]],[[71633,89868,0],[106,-29,34314],[211,-57,62282],[265,-75,468732],[155,42,2032799],[160,-568,68047],[212,-765,0]],[[72742,88416,0],[-9,-66,8553],[-46,-349,20376],[-26,-200,540574],[0,-31,43017],[15,-86,136422],[-3,-25,39618],[-6,-23,8109],[-5,-17,18062],[-7,-18,79742],[-1,-10,8464],[0,-24,25641],[2,-9,9070],[2,-13,259764],[2,-8,9844],[9,-31,18900],[11,-28,18238],[3,-14,70449],[8,-18,8160],[5,-11,25897],[19,-30,0]],[[72715,87405,0],[-765,103,32741],[-216,28,0]],[[71734,87536,0],[-237,32,0]],[[87526,93805,0],[-186,138,0]],[[87340,93943,0],[391,415,800757],[184,576,0]],[[87915,94934,0],[317,-79,29683],[1,-1,0],[1,0,8748],[170,-105,0]],[[88404,94749,0],[135,-117,285308],[52,-185,550062],[422,-309,757064],[-1,-187,465912],[167,-254,12477],[100,-152,757064],[87,3,25095],[133,7,0]],[[89499,93555,0],[565,27,540104],[129,-76,18884],[62,-35,0],[214,-124,0],[312,-12,113304],[57,7,0]],[[90838,93342,0],[-103,-61,161118],[-139,-24,0],[-17,-3,9012],[-12,-4,19950],[-14,-6,107939],[-120,-83,29352],[-14,-6,12371],[-19,-12,29352],[-14,-13,0],[-51,-63,130824],[-28,-112,0],[-98,-123,363101],[-194,-23,122844],[-63,10,0]],[[89952,92819,0],[-47,-7,0],[-89,-78,115396],[-81,-104,0],[-92,-24,52603],[-69,-12,399008],[-104,-110,88969],[-63,-48,176412],[-35,-52,14892],[-7,-10,14892],[-45,-64,0]],[[89320,92310,0],[-1,-2,44389],[-278,48,396379],[-149,-5,10767],[-498,-18,0]],[[88394,92333,0],[-418,8,659419],[-108,198,374351],[-190,48,0]],[[87678,92587,0],[254,190,226730],[156,163,991820],[-83,155,66904],[-41,89,136539],[-46,55,542517],[12,90,182887],[35,41,31882],[49,47,62564],[16,28,0]],[[88030,93445,0],[-1,15,15947],[-5,15,65443],[-13,15,30545],[-16,10,7203],[-11,6,0]],[[87984,93506,0],[-119,76,0]],[[88686,91081,0],[188,13,0]],[[88874,91094,0],[157,-8,0]],[[89031,91086,0],[-16,-50,0]],[[89015,91036,0],[-11,-33,173552],[-257,-138,486161],[-451,-129,72183],[-59,-12,36649],[-23,1,72183],[-16,-7,10591],[-6,-4,22151],[-6,-7,738150],[-3,-60,106237],[39,-64,324956],[-171,-81,0]],[[88051,90502,0],[-131,-6,133368],[-106,26,270287],[-54,-48,87327],[-56,-19,270287],[-196,32,0]],[[87564,90912,0],[119,42,190123],[287,48,77792],[55,4,449714],[368,-68,354383],[11,-3,26135],[8,7,12069],[0,-3,10595],[8,6,51331],[11,20,11940],[6,6,51331],[17,10,12929],[4,5,12929],[21,13,21206],[4,0,0]],[[88483,90999,0],[18,0,27617],[16,10,41436],[3,8,20086],[-5,1,6973],[-5,0,0]],[[88510,91018,0],[-5,3,0]],[[88505,91021,0],[-3,7,11757],[3,5,19706],[8,0,85396],[173,48,0]],[[88623,89996,0],[74,136,259485],[142,55,259485],[84,109,51551],[43,50,0]],[[88966,90346,0],[21,-49,195969],[232,-130,608588],[274,35,91612],[131,10,622519],[115,-33,202359],[115,-76,50455],[113,-70,254893],[217,-71,1782328],[-1,-109,446580],[-107,-21,214093],[-308,-158,789668],[107,-152,65255],[58,-74,0]],[[89933,89448,0],[-260,-38,162246],[-645,-73,0],[-241,-116,0]],[[88787,89221,0],[-8,53,98675],[21,133,374063],[191,268,1012983],[-65,80,37424],[-78,103,306721],[-225,138,0]],[[89365,91541,0],[-97,214,163727],[-66,84,0]],[[89202,91839,0],[265,204,661424],[-147,267,0]],[[89952,92819,0],[10,-14,26688],[5,-3,7071],[7,-9,7071],[10,-9,13743],[13,-11,47054],[10,-3,15091],[15,-9,32479],[10,-12,7671],[3,-4,0],[4,-8,0],[6,-8,28949],[14,-6,8330],[4,-3,17868],[11,-4,9015],[7,-1,0],[11,-2,0],[8,-3,7373],[8,-1,8951],[14,-4,19254],[14,-2,7091],[13,-2,84509],[17,-6,8796],[20,-9,31467],[14,-8,8232],[10,-6,9637],[18,-10,69276],[18,-6,11420],[8,-4,28267],[27,-7,15711],[10,-1,0],[13,-5,0],[4,-3,7133],[6,-1,7821],[5,-3,0],[10,-6,0],[9,-5,9999],[6,-1,0],[9,-3,0],[13,-4,29022],[11,4,13794],[21,3,29022],[46,2,24600],[12,-2,0],[8,-2,0],[15,0,7705],[19,0,7705],[32,0,65016],[12,-1,9644],[13,-3,25282],[16,0,10086],[18,-1,31372],[19,-5,21937],[16,1,21937],[12,-3,15311],[16,0,15311],[6,-2,8849],[11,-1,0],[16,2,0],[14,0,15008],[5,-1,7145],[13,-2,23633],[13,3,0],[6,-8,8201],[9,-11,0],[12,-2,11886],[18,-7,26850],[12,-9,0],[6,-6,0],[5,-4,9784],[20,-12,13492],[5,-5,24330],[0,-7,24330],[8,-1,12858],[5,-2,7528],[1,-3,10611],[5,0,0],[4,1,0],[4,0,0]],[[90850,92529,0],[3,0,0]],[[90853,92529,0],[4,0,7493],[5,3,7493],[11,2,21923],[2,6,14483],[9,3,0],[12,1,0],[3,4,14965],[-5,6,7843],[0,4,0],[12,9,0],[3,4,0],[-3,4,0],[3,5,10080],[5,0,25205],[4,-3,7274],[3,-5,13926],[9,-3,52139],[3,4,8541],[4,9,28980],[5,0,7860],[10,-3,25965],[3,4,8556],[2,6,0],[2,6,0],[6,2,18846],[4,-3,9518],[3,-8,38617],[0,-27,38617],[3,-10,11979],[5,-8,24868],[8,0,0],[6,4,0],[-4,10,11548],[1,6,45150],[8,7,21639],[11,3,12293],[9,0,45150],[3,-6,26417],[-9,-14,9888],[-5,-5,52660],[2,-3,14096],[14,-6,41987],[1,-5,7394],[0,-7,19727],[-6,-11,42574],[3,-6,17133],[13,-3,76664],[2,-5,14200],[-6,-7,19929],[1,-10,7285],[2,-10,0],[-4,-7,0],[0,-5,12916],[8,-3,0],[7,-6,0],[2,-3,11144],[-1,-11,0],[-1,-9,0],[-7,-18,27614],[7,-15,19305],[-4,-4,0],[-9,-5,0],[-3,-2,8026],[-1,-6,21316],[8,-10,24434],[-5,-10,11706],[0,-6,0],[5,-9,0],[4,-5,7216],[4,-9,14227],[7,-9,10097],[6,-10,80744],[0,-4,9928],[-7,-12,16157],[-2,-11,21188],[-2,-7,8630],[-5,-7,54486],[2,-12,15815],[6,-8,0],[5,-5,0],[2,-5,8659],[6,-7,20458],[3,-9,9063],[0,-6,0],[1,-15,10440],[-2,-4,0],[-6,-7,26065],[3,-17,12325],[-1,-10,76087],[-8,-9,12149],[-2,-5,7597],[-7,-8,33281],[-15,-10,19357],[-14,-14,0],[-8,-11,0],[-4,-9,0],[0,-8,0],[-5,-9,30116],[0,-7,8214],[3,-9,13396],[0,-15,0],[4,-11,14441],[6,-5,0],[2,-4,9090],[0,-8,0]],[[91012,92023,0],[-4,-7,9435],[-7,-6,0],[-8,-11,0],[-2,-11,25277],[-17,-11,56841],[-5,-9,14302],[-1,-9,14302],[-2,-8,7193],[-4,-9,11822],[-3,-16,24676],[-6,-6,13148],[-2,-9,121686],[4,-9,11144],[6,-8,14421],[1,-7,46378],[-3,-8,12234],[-9,-10,46630],[-4,-7,9426],[-1,-8,20844],[2,-12,7124],[0,-5,20844],[-6,-15,19546],[0,-17,37121],[-6,-8,0],[-10,-6,0],[-6,-7,18282],[-3,-16,0],[0,-15,0],[-1,-7,10877],[-5,-8,27986],[-15,-12,18696],[-4,-8,50245],[2,-14,13325],[-2,-9,77893],[-16,-14,15754],[-18,-11,23255],[-12,-13,67724],[-3,-10,11595],[-2,-17,0]],[[90840,91630,0],[-150,52,306482],[-323,-31,457701],[-23,-101,0]],[[90344,91550,0],[-383,-187,161098],[-91,-29,623255],[-267,-17,131196],[-171,4,0]],[[89432,91321,0],[-9,85,127344],[-58,135,0]],[[90840,91630,0],[-4,-9,24143],[-11,-4,9721],[-7,-5,37137],[-6,-6,15659],[-5,-17,0],[-3,-18,15617],[2,-8,0],[0,-8,27223],[-8,-6,12503],[-11,-4,63272],[-16,3,11978],[-11,0,44925],[-13,-7,9903],[-12,-5,20075],[-11,-2,0],[-13,-1,0],[-9,-6,28754],[-5,-8,8920],[-2,-8,15619],[-9,-15,47173],[-1,-7,11976],[3,-10,0],[1,-6,0],[-7,-14,15016],[0,-8,55713],[9,-4,11276],[10,-3,12338],[10,-5,55713],[3,-7,18130],[1,-18,11406],[-1,-7,109211],[-5,-6,9061],[-13,-13,49304],[-4,-14,22597],[0,-15,8970],[1,-7,0],[8,-12,0],[6,-6,28439],[-3,-8,11791],[-4,-16,28439],[3,-16,23669],[0,-9,9068],[-2,-25,0],[-3,-17,0],[-2,-11,10303],[1,-10,0],[2,-5,0]],[[90564,90473,0],[-856,232,0]],[[89708,90705,0],[113,147,47487],[0,5,0]],[[89821,90857,0],[-5,4,14427],[2,1,7250],[7,1,14427],[4,8,38605],[3,1,9997],[5,-4,10076],[13,-2,38605],[15,2,15898],[6,-1,8690],[3,2,8690],[12,0,11447],[4,2,8317],[7,0,60813],[7,6,21602],[18,0,25963],[11,5,8081],[2,3,8081],[5,0,14145],[11,7,202092],[11,-4,23868],[5,2,12237],[14,-2,18234],[4,-4,18234],[16,-4,12764],[5,2,12764],[3,-2,7610],[5,0,7610],[6,-2,124912],[8,2,8124],[3,-2,12107],[9,4,12107],[4,-2,21176],[10,5,56081],[9,-1,9313],[0,-2,14629],[10,2,18448],[12,-5,34273],[7,3,8158],[5,4,34273],[10,-2,8072],[2,-2,11022],[10,0,19857],[0,2,6987],[6,0,6987],[5,1,9043],[3,-2,7974],[4,3,19857],[7,-4,60993],[4,3,9036],[-1,4,10082],[5,4,18311],[7,0,43158],[3,-2,7506],[5,0,7506],[9,-4,13941],[7,3,13941],[2,-6,43158],[4,-1,8355],[4,3,10745],[8,-2,8031],[4,0,25008],[4,5,9837],[7,2,462495],[-2,9,9799],[2,3,9839],[-2,9,9653],[5,2,9653],[-5,3,13350],[1,4,50228],[15,-1,12182],[5,-2,87024],[12,8,16922],[13,3,27522],[8,7,8368],[1,3,48306],[12,1,11582],[3,3,11582],[7,-1,9007],[7,3,39845],[14,10,20297],[9,5,8467],[9,1,8467],[2,3,148038],[-1,8,10263],[-4,4,24276],[9,5,24956],[-3,4,10572],[1,10,12964],[-4,2,12964],[2,8,79828],[13,3,19361],[5,-2,11782],[11,0,53580],[6,2,9990],[2,3,7518],[6,4,32705],[-2,5,10299],[-8,7,10299],[2,1,1123865],[-25,195,193174],[2,327,0]],[[87616,91257,0],[653,53,141447],[431,42,0]],[[88700,91352,0],[-29,-187,134517],[5,-16,23838],[4,-2,13185],[8,-12,0]],[[88688,91135,0],[1,-2,13864],[-3,-52,0]],[[88051,90502,0],[3,-129,390754],[101,-83,165117],[172,-81,0]],[[88327,90209,0],[296,-213,0]],[[88787,89221,0],[-142,-68,116590],[-83,-44,9880],[-443,-233,598312],[-517,-147,0]],[[87602,88729,0],[53,232,25761],[0,0,0]],[[87655,88961,0],[116,407,933024],[-166,469,43468],[-12,33,428411],[-26,193,10533],[-28,194,0]],[[93787,87881,0],[66,30,0]],[[93853,87911,0],[31,-34,0]],[[93884,87877,0],[-2,-30,40782],[12,-7,0]],[[93894,87840,0],[5,-1,9246],[9,-6,0]],[[93908,87833,0],[10,-5,44025],[0,-45,0]],[[93918,87783,0],[-11,0,6973],[-7,0,0]],[[93900,87783,0],[-8,3,11876],[0,3,7454],[-5,3,28142],[-23,3,0]],[[93864,87795,0],[-3,6,0]],[[93861,87801,0],[5,0,17990],[5,4,8293],[3,5,11907],[-3,3,11907],[7,4,63039],[0,3,7980],[-5,2,9778],[-15,9,23667],[-16,4,0]],[[93842,87835,0],[-11,14,47930],[-10,1,7501],[-2,2,7501],[-6,-2,25294],[-3,-2,10092],[-13,-4,0]],[[93797,87844,0],[0,4,0]],[[93797,87848,0],[-1,3,6973],[-9,30,0]],[[89031,91086,0],[121,-30,199358],[127,-107,0]],[[89279,90949,0],[230,-190,0]],[[89509,90759,0],[-551,-60,454011],[-220,-110,0]],[[88738,90589,0],[-84,-45,225196],[-50,-70,39544],[-114,-156,274251],[-163,-109,0]],[[89509,90759,0],[199,-54,0]],[[89708,90705,0],[-203,-263,733202],[-205,20,364543],[-117,-45,80932],[-217,-71,0]],[[93842,87835,0],[-10,0,9345],[-5,-2,25379],[-1,-8,7217],[-2,-2,0]],[[93814,87829,0],[-11,8,7066],[-3,1,15684],[-3,6,0]],[[93783,87780,0],[1,-2,0]],[[93784,87778,0],[7,-2,11034],[7,-7,29162],[29,-5,0],[32,6,52940],[2,1,9608],[-1,9,17507],[-6,8,0]],[[93854,87788,0],[10,5,9673],[0,2,0]],[[93918,87783,0],[79,-55,0]],[[93997,87728,0],[-55,-7,0]],[[93942,87721,0],[-31,-3,19729],[-13,2,53241],[-91,-17,70561],[-24,0,18344],[-48,-2,0]],[[93735,87701,0],[6,23,22704],[9,14,31892],[6,15,16273],[3,20,82709],[3,4,9185],[6,2,19506],[15,1,0]],[[93861,87801,0],[-2,1,0]],[[93560,87503,0],[13,14,0]],[[93573,87517,0],[73,-50,0]],[[93646,87467,0],[-47,-51,6983],[-7,-7,48000],[-1,-6,8474],[-3,-4,8474],[0,-4,101136],[-3,-1,7416],[-12,-6,12608],[-14,-4,19256],[-9,-7,11415],[-10,-4,0]],[[93540,87373,0],[-17,6,10673],[-25,6,0]],[[93498,87385,0],[10,14,14823],[17,16,28121],[-4,1,11658],[1,7,28121],[5,4,7278],[14,10,91301],[3,11,14338],[12,24,37069],[-1,4,14777],[5,27,0]],[[93784,87778,0],[15,1,26634],[15,5,12656],[13,6,41959],[6,1,8665],[4,-3,10583],[6,2,12539],[0,-4,7306],[4,0,12539],[3,4,8906],[4,-2,0]],[[92443,89357,0],[-93,-227,0]],[[92350,89130,0],[1,-6,13788],[7,-6,13788],[15,-23,64530],[6,-6,17331],[-2,-9,20091],[1,-12,10633],[0,-21,243743],[-4,-16,8791],[-5,-18,31627],[-7,-12,9418],[-5,-7,103470],[-25,-24,25971],[-44,-35,95767],[-17,-46,327830],[16,-117,68000],[20,-78,1200115],[-58,-88,80875],[-66,-73,168709],[-71,-40,248042],[-80,-105,123887],[-26,-76,636911],[-360,-202,119254],[-150,-93,340420],[2,-49,0]],[[91498,87968,0],[-35,-76,184537],[-88,28,461213],[-189,131,134963],[-150,126,461213],[-200,37,287132],[-302,148,881474],[-539,38,2004177],[-130,-72,276336],[-289,-293,439875],[-185,-48,101389],[-3,-13,0]],[[89388,87974,0],[-84,30,7157],[-131,48,12456],[-277,100,0]],[[88896,88152,0],[-160,55,9548],[-147,51,0]],[[88589,88258,0],[-320,110,43131],[-257,87,0]],[[88012,88455,0],[-144,48,153975],[-73,62,0],[-193,164,0]],[[89933,89448,0],[414,60,275994],[524,50,19876],[335,31,0]],[[70781,94737,0],[35,-3,0]],[[70816,94734,0],[9,-25,14637],[3,-1,0]],[[70828,94708,0],[5,-3,9513],[5,2,11633],[5,-4,0]],[[70839,94652,0],[-13,-1,0]],[[70826,94651,0],[-24,38,22641],[-6,21,19682],[-6,2,0]],[[70790,94712,0],[-2,3,10206],[-7,22,0]],[[71417,93502,0],[15,-35,8116],[12,-29,0]],[[71444,93438,0],[150,-33,0]],[[71594,93405,0],[-148,-217,305824],[-67,-47,149429],[-120,-159,168836],[-114,-90,482176],[-28,-153,1463480],[122,0,51157],[209,-6,464916],[237,-66,275728],[59,-90,0]],[[71744,92577,0],[-389,-303,411161],[-380,-196,0]],[[69304,92958,0],[368,153,284816],[146,17,36844],[12,1,8594],[7,-1,369308],[5,2,12676],[9,12,27591],[75,63,204032],[215,78,0]],[[70952,94700,0],[13,-3,9187],[11,-1,22584],[23,-10,34559],[1,-7,16970],[6,-2,7618],[4,-3,34559],[20,2,0]],[[71030,94676,0],[-36,-27,0]],[[70994,94649,0],[-9,6,15916],[-12,4,7372],[-5,1,49120],[-9,-3,13712],[-6,-7,36998],[-8,0,8182],[-11,2,12975],[-5,3,0]],[[70763,94765,0],[5,1,12677],[20,9,41613],[17,-10,82992],[38,28,51633],[36,10,0]],[[70781,94737,0],[-5,14,19381],[-10,7,14505],[1,3,6973],[-1,1,6973],[-1,1,0]],[[70765,94763,0],[-2,2,0]],[[70994,94649,0],[-96,-73,0]],[[70898,94576,0],[-28,49,12106],[-5,10,38575],[1,4,9938],[-3,10,0]],[[70728,94777,0],[8,2,12451],[11,10,0]],[[70747,94789,0],[17,-4,0]],[[70764,94785,0],[-9,-6,7617],[-1,-2,27665],[9,-12,0]],[[70781,94737,0],[-33,-26,0]],[[70748,94711,0],[-61,-25,0]],[[70318,94645,0],[402,110,80069],[5,8,26657],[22,3,0]],[[70747,94766,0],[-4,5,7535],[-7,4,15133],[-8,2,0]],[[70826,94651,0],[-32,-1,0]],[[70794,94650,0],[6,4,36322],[-17,29,23953],[-10,9,0]],[[70773,94692,0],[-25,19,0]],[[70778,94638,0],[16,12,0]],[[79215,91870,0],[402,9,189098],[174,-16,297330],[234,1,91611],[324,10,169381],[127,14,0]],[[80476,91888,0],[216,-217,55277],[115,-112,1226888],[67,-380,641873],[-4,-25,59393],[-44,-65,111897],[-78,-92,30258],[-13,-18,485632],[-14,-98,153491],[11,-294,0]],[[80732,90587,0],[-40,-10,7040],[-245,-66,84253],[-162,-49,138744],[-221,-52,1336197],[36,-284,18992],[36,-290,54033],[3,-16,1856867],[-178,-64,10380],[-328,-118,776437],[-257,66,352508],[-356,-18,0]],[[79020,89686,0],[-20,141,129857],[1,187,373270],[-74,161,7404],[-61,133,355048],[8,195,1444874],[269,450,545298],[-54,164,545298],[138,161,195912],[178,144,1343413],[-108,249,68012],[-80,191,26779],[-2,8,0]],[[71744,92577,0],[381,168,0]],[[72125,92745,0],[110,-10,151925],[611,-5,697570],[131,31,204090],[185,118,1322030],[233,-105,365213],[144,-141,87524],[3,-5,9781],[-2,-6,10009],[3,-5,34751],[8,0,12866],[2,-5,12866],[6,-1,7485],[8,-4,32116],[-2,-9,63831],[13,-5,12724],[16,-4,30270],[4,-3,7684],[3,-5,12629],[7,-4,157972],[0,-8,16303],[3,-8,7944],[-1,-4,9872],[4,-3,9872],[-1,-5,23632],[6,-10,1154467],[12,1,13701],[4,2,7816],[9,1,20727],[23,0,66105],[45,25,68214],[248,88,481970],[425,-13,0]],[[74385,92643,0],[-130,-144,468678],[-68,-26,48767],[-452,-165,1437518],[-85,-128,15443],[-247,-373,20814],[-89,-136,305326],[-296,-410,16916],[-74,-103,0]],[[72944,91158,0],[-58,-80,41279],[-195,-277,12885],[-97,-139,1233634],[-645,-98,44108],[-3,-1,15296],[-131,-19,11526],[-2,0,0]],[[70959,94810,0],[94,52,27512],[20,13,0]],[[71073,94875,0],[116,-92,0]],[[71189,94783,0],[-45,-20,84876],[-73,-55,10544],[-41,-32,0]],[[67224,93123,0],[972,435,1007862],[743,571,0]],[[70862,94841,0],[4,-7,15725],[3,0,7590],[10,-6,41042],[0,-25,0]],[[70764,94785,0],[8,6,10171],[5,6,16812],[7,6,7417],[8,4,45306],[9,1,10448],[18,7,17695],[15,7,0]],[[67815,97951,0],[1419,590,0]],[[71508,96106,0],[76,-184,0]],[[71584,95922,0],[-757,-139,1214371],[-590,-571,0]],[[70237,95212,0],[-459,127,113350],[-86,31,0]],[[69692,95370,0],[-117,49,57567],[-34,21,0]],[[70885,94887,0],[48,-3,118674],[21,16,9872],[32,21,21874],[12,10,7454],[10,8,36840],[12,6,7829],[7,3,0]],[[71027,94948,0],[46,-73,0]],[[74144,94628,0],[176,36,0]],[[74320,94664,0],[6,-1,19606],[62,-19,147733],[318,-16,546918],[318,-104,19014],[461,-151,0]],[[75485,94373,0],[-344,-479,70234],[-15,-25,0],[-3,-5,0],[-9,-6,0],[-9,-7,0]],[[75105,93851,0],[-156,-116,0],[-77,-56,165384],[-165,-173,10700],[-104,-108,0]],[[74603,93398,0],[-67,-9,0]],[[74536,93389,0],[-98,16,184847],[-148,-13,38402],[-198,-14,323328],[-157,-59,596156],[-291,56,181897],[-17,-3,15529],[-8,2,66950],[-13,9,7860],[-17,12,32583],[-14,19,1188039],[-8,18,10126],[-7,21,21130],[-8,27,21130],[-11,25,91917],[-11,91,111510],[-27,64,32810],[-19,56,252122],[-62,43,0]],[[70936,95011,0],[3,-10,46215],[50,6,113431],[38,-59,0]],[[70747,94789,0],[-2,1,7445],[0,7,17918],[7,8,31464],[-12,10,87177],[23,10,8380],[30,14,8380],[8,3,0]],[[71189,94783,0],[237,-89,535015],[187,-175,317167],[98,-218,0]],[[70928,94348,0],[-15,9,9195],[-6,3,24575],[-8,11,77435],[4,5,11411],[-2,8,15887],[6,6,29120],[2,8,7571],[-2,5,7571],[2,3,16353],[-3,9,165560],[-9,8,11464],[-8,3,25965],[-2,3,9145],[-7,5,11267],[0,4,8042],[-4,2,18305],[-9,1,18235],[-1,6,8285],[-3,3,70310],[-9,2,15094],[-7,-4,15094],[-11,1,36070],[-23,11,70310],[0,4,12290],[-10,5,12290],[-10,9,23533],[-2,9,8745],[-2,1,0]],[[70789,94488,0],[-8,4,10697],[-16,3,0]],[[68939,94129,0],[-252,89,36349],[-3,0,0]],[[68684,94218,0],[-2,1,7108],[-13,1,33483],[-3,-2,7341],[-6,1,9452],[-6,-3,13809],[-5,0,7772],[-24,-5,23429],[-4,-3,63569],[-7,-1,7452],[-2,2,7452],[-11,2,12482],[-9,0,19290],[-14,5,252389],[-11,8,10952],[-2,4,14504],[-4,2,8192],[-6,5,41164],[0,4,12329],[-8,15,11437],[-1,6,41164],[-25,30,12892],[-9,8,12892],[-3,7,20799],[-13,13,84291],[-24,10,22087],[-23,4,65824],[2,22,408469],[-75,-1,41346],[-40,3,19991],[-33,0,19501],[-26,1,10972],[-5,1,41346],[-120,2,0]],[[74603,93398,0],[-42,-45,0]],[[74561,93353,0],[-120,-125,218872],[-50,-146,595601],[213,-194,439360],[-104,-116,0]],[[74500,92772,0],[-115,-129,0]],[[72125,92745,0],[347,244,762675],[-103,188,476498],[42,165,254897],[97,52,63019],[13,17,0]],[[72521,93411,0],[192,101,0]],[[93721,87845,0],[29,-12,0]],[[93750,87833,0],[4,2,8355],[2,4,8532],[6,3,49487],[1,-4,12548],[12,-2,16571],[6,-8,33459],[4,-16,0]],[[93785,87812,0],[-5,-1,12781],[-3,-8,32937],[0,-5,9324],[6,-18,0]],[[93735,87701,0],[-4,-12,85094],[-26,9,20351],[-29,14,20351],[-40,17,11943],[-24,11,0]],[[93612,87740,0],[-15,6,17025],[-14,11,0]],[[93583,87757,0],[107,63,57402],[31,25,0]],[[72197,93685,0],[-73,-92,6973],[-1,0,0]],[[72123,93593,0],[-4,-4,7820],[-10,-15,11505],[-10,-12,16313],[-48,-56,178775],[-29,-138,410502],[-42,-6,121175],[-8,-6,10876],[-25,-13,17858],[-20,-9,30053],[-7,-8,31919],[-8,-4,8993],[-9,-6,8993],[-17,-10,17103],[-2,-4,17103],[-17,-5,23922],[-6,-3,8576],[-10,-10,23922],[-14,-5,8039],[-6,-3,53375],[-5,-5,12913],[-13,-8,13451],[-4,-5,22339],[-8,-2,9953],[-6,-5,716465],[-7,1,14469],[-5,7,14469],[-6,3,10219],[-12,10,23711],[-3,5,8443],[-5,4,58200],[-7,1,11895],[-30,8,80161],[-3,7,10049],[-7,8,18958],[-1,10,80161],[-115,90,0]],[[70696,94830,0],[-2,-9,7724],[-3,-19,70017],[3,-7,17641],[16,-8,17641],[0,-4,32122],[11,-2,11498],[3,-4,7304],[4,0,0]],[[71584,95922,0],[141,-344,989626],[837,-411,0]],[[67224,93123,0],[30,410,53450],[3,70,0]],[[67257,93603,0],[3,27,14994],[4,25,8955],[3,14,44326],[0,26,12361],[-1,18,85176],[11,16,14100],[7,13,47962],[3,18,7593],[1,8,17270],[-1,10,117792],[-6,27,11983],[-5,13,11983],[-2,11,57157],[1,13,8771],[1,7,20687],[6,8,280980],[31,35,7093],[15,15,7093],[2,2,70277],[18,5,10706],[13,5,0],[5,3,0],[15,14,29741],[13,18,13923],[7,14,61524],[18,12,18895],[18,14,10013],[14,13,156677],[33,-1,74457],[7,10,18629],[7,5,7460],[8,4,46584],[12,4,8513],[18,4,29361],[10,5,7221],[11,7,252438],[12,11,13103],[13,16,22964],[5,8,19505],[14,13,9224],[8,9,19505],[3,6,124715],[-6,9,11970],[-11,13,15419],[-1,5,37636],[-14,3,0],[-5,2,0],[-8,8,0]],[[67567,94148,0],[13,10,10148],[21,14,87898],[14,1,8179],[13,2,15356],[6,2,11003],[13,2,35457],[15,11,35457],[9,-2,13058],[7,-6,43868],[5,1,10623],[22,8,188586],[-8,-61,18364],[1,-2,188586],[43,11,69007],[8,3,10251],[8,7,29904],[9,11,10742],[10,14,69007],[4,2,9440],[56,22,405783],[-1,15,8226],[0,7,56189],[4,6,13285],[12,11,26282],[13,7,8296],[5,2,67393],[-1,32,188802],[109,8,235703],[-1,58,78145],[-4,6,19811],[-15,11,13523],[-7,1,0]],[[92595,87253,0],[134,52,147216],[167,28,0]],[[92896,87333,0],[250,-125,89822],[4,-1,7235],[6,-6,19102],[2,-5,8858],[-2,-4,83858],[10,-4,10910],[6,0,17279],[4,-5,17279],[11,-3,13673],[6,-6,13280],[6,0,43125],[7,-10,15544],[5,0,18299],[3,-9,9470],[3,-1,43125],[16,-1,9706],[4,1,43125],[11,-7,7375],[6,-3,12012],[5,-4,7674],[7,-4,36198],[8,-3,7202],[32,-13,228556],[38,9,0]],[[93344,87129,0],[110,25,0]],[[93454,87154,0],[139,31,0]],[[93593,87185,0],[1,-99,212259],[46,-20,73034],[55,2,0]],[[93695,87068,0],[13,-20,17759],[8,-17,35054],[5,-8,11137],[16,-16,70794],[37,-29,175759],[25,-64,26945],[9,-22,12257],[7,-12,37338],[3,-17,23379],[14,-34,68668],[17,-24,436739],[-24,-16,12264],[-14,-12,17895],[-11,-11,16836],[-10,-6,87756],[-10,-14,16444],[-23,-26,40498],[-4,-7,11257],[0,-5,8767],[-3,-4,7350],[-1,-5,436739],[14,-44,81853],[-13,-66,167534],[33,-50,52428],[24,-56,189075],[11,-71,75169],[-2,-99,378358],[-72,-59,0]],[[93744,86254,0],[-111,-34,126460],[-23,-21,19381],[-10,-4,57254],[9,-6,13286],[3,-8,279266],[-72,7,29215],[-5,3,99136],[-33,-3,22557],[-125,-6,364538],[-291,-139,0]],[[93086,86043,0],[-600,6,1005637],[-369,179,224462],[-478,200,0]],[[91639,86428,0],[258,132,463971],[280,247,113097],[74,55,330145],[218,116,229935],[163,139,848808],[-37,136,0]],[[93794,87785,0],[-11,-5,0]],[[93721,87845,0],[66,36,0]],[[93646,87467,0],[34,-2,37787],[92,4,0]],[[93772,87469,0],[34,-28,24356],[31,-29,46876],[106,-86,0]],[[93943,87326,0],[2,-11,0],[19,-101,0]],[[93964,87214,0],[-27,-9,0]],[[93937,87205,0],[-27,-8,71134],[-6,-4,8549],[-4,-4,18046],[-4,-11,38612],[-7,-5,8725],[-15,-8,18224],[-18,-15,34894],[-10,-14,137963],[-7,-5,11417],[-15,-7,28179],[-21,-7,8206],[-7,-1,8206],[-3,-3,7434],[-8,-2,51416],[-31,-22,60548],[-59,-21,0]],[[93593,87185,0],[-6,4,14140],[-2,9,16089],[-3,5,9236],[-9,8,104019],[0,28,30093],[-7,27,58940],[-20,38,72849],[-6,69,0]],[[93498,87385,0],[-13,7,39629],[-3,5,10231],[-2,12,10231],[-4,12,8168],[-1,6,0],[4,7,20265],[28,24,34139],[13,7,9011],[9,6,39519],[14,17,17941],[17,15,0]],[[95843,89730,0],[1162,314,0]],[[97005,90044,0],[690,-82,21748],[270,-33,0]],[[97965,89929,0],[-340,-245,986373],[-778,-1014,71684],[-258,-340,541820],[14,-26,31694],[0,-15,8057],[1,-3,0],[1,-1,0],[0,-1,0],[-1,-2,0],[0,-2,0],[0,-1,0],[1,0,0]],[[96605,88279,0],[0,-1,0],[2,-1,0],[0,-1,0]],[[96607,88276,0],[1,-1,0],[0,-2,0]],[[96608,88273,0],[3,-3,0],[12,-15,0],[12,-18,47244],[24,-13,27854],[18,-14,10618],[4,-4,0],[0,-1,0],[0,-1,0],[0,-1,0],[-1,-2,0],[-1,-1,0],[-1,0,0],[-1,-1,0],[-3,-2,0],[-1,0,0],[-1,-1,0],[-1,0,0],[-2,-1,0],[-1,-3,0],[0,-2,0],[0,-3,0],[0,-1,0],[0,-1,0],[0,-2,0],[1,-1,0]],[[96669,88182,0],[1,-1,0],[0,-1,0]],[[96670,88180,0],[0,-1,0],[0,-1,0],[-1,-7,0]],[[96669,88171,0],[0,-2,0],[0,-3,0],[1,-1,0]],[[96670,88165,0],[0,0,6973],[4,-2,0]],[[96674,88163,0],[2,-1,0],[5,-2,0],[2,0,0]],[[96683,88160,0],[10,-3,8169],[1,-2,0],[0,-2,0],[-1,-3,0]],[[96693,88150,0],[-1,0,0],[0,-2,0]],[[96692,88148,0],[0,-1,0],[0,-1,0],[1,-1,0],[1,-2,0]],[[96694,88143,0],[1,-1,0]],[[96695,88142,0],[8,1,0]],[[96703,88143,0],[3,0,0],[4,2,0],[1,0,0],[2,0,0],[1,0,0],[2,-1,0],[1,-1,0],[-2,-9,0],[-1,-2,0],[-4,-5,6973],[-1,-2,6973],[-2,-2,0]],[[96707,88123,0],[0,-1,0],[-1,0,0],[0,-1,0]],[[96706,88121,0],[1,-2,0]],[[96707,88119,0],[3,-2,0],[3,-1,0],[2,-1,0],[5,-3,0],[1,-1,0],[1,-2,0],[0,-1,0],[0,-1,0],[0,-1,0],[-1,-2,0],[0,-1,0],[-5,-7,0]],[[96716,88096,0],[-1,-1,0],[-2,-2,0],[-1,0,0],[-1,-1,0],[-2,-1,0]],[[96709,88091,0],[-3,-2,0]],[[96706,88089,0],[-1,-1,0],[0,-1,0]],[[96705,88087,0],[1,-2,0]],[[96706,88085,0],[1,-2,0],[2,-1,0],[4,-3,0],[1,0,0],[2,-1,0],[1,0,0],[2,-1,0],[1,0,0],[1,0,0]],[[96721,88077,0],[1,1,0]],[[96722,88078,0],[1,0,0]],[[96723,88078,0],[1,1,0]],[[96724,88079,0],[1,1,0],[1,1,0]],[[96726,88081,0],[0,1,0]],[[96726,88082,0],[0,1,0],[0,1,0],[-2,8,0],[0,2,0],[1,1,0],[1,1,0],[3,3,0],[1,1,0],[2,0,0],[1,0,0],[11,-3,0],[1,0,0]],[[96745,88097,0],[2,-4,0],[1,-1,0]],[[96748,88092,0],[0,-3,0],[1,-2,0],[3,-7,0],[1,-2,0],[2,-2,0],[6,-6,0],[2,-1,0],[2,-1,0]],[[96765,88068,0],[2,-1,0],[1,-2,0],[1,-1,0],[0,-2,0],[0,-1,0],[-2,-3,0],[-2,-1,6973],[-10,-5,0]],[[96755,88052,0],[-5,-8,0],[0,-1,0]],[[96750,88043,0],[-1,-2,0],[-1,-2,0],[0,-2,0]],[[96748,88037,0],[-1,-2,0],[0,-3,0]],[[96747,88032,0],[-1,-1,0],[0,-4,0],[1,-5,0],[0,-1,0]],[[96747,88021,0],[1,0,0]],[[96748,88021,0],[2,-2,0],[4,0,0],[2,0,0]],[[96756,88019,0],[2,0,0]],[[96758,88019,0],[8,2,0]],[[96766,88021,0],[2,1,0]],[[96768,88022,0],[1,1,0]],[[96769,88023,0],[1,3,0]],[[96770,88026,0],[0,1,0]],[[96770,88027,0],[0,1,0]],[[96770,88028,0],[-2,7,0]],[[96768,88035,0],[-2,3,0]],[[96766,88038,0],[-1,2,0]],[[96765,88040,0],[0,1,0],[0,2,0],[4,5,0],[2,0,0],[10,-1,0],[3,-1,0],[3,-3,6973],[0,-1,6973],[1,-2,0],[-1,-2,0]],[[96787,88038,0],[-2,-2,0],[-1,-1,0],[-4,-2,0],[-1,-1,0]],[[96779,88032,0],[-1,-1,0]],[[96778,88031,0],[0,-1,0]],[[96778,88030,0],[-1,-1,0]],[[96777,88029,0],[0,-3,0],[0,-1,0],[0,-1,0],[1,-1,0],[0,-1,0],[1,0,0],[0,-1,0]],[[96779,88021,0],[1,0,0]],[[96780,88021,0],[2,-2,0],[2,-1,0],[1,-1,0]],[[96785,88017,0],[1,0,0],[5,0,0],[1,0,0],[2,0,0],[1,-1,0],[1,0,0],[1,-1,0],[0,-1,0],[1,0,0],[1,-1,0],[3,-2,0],[0,-1,0],[1,-2,0]],[[96803,88008,0],[0,-1,0],[1,0,0],[1,-1,0]],[[96805,88006,0],[0,-1,0],[0,-1,0]],[[96805,88004,0],[-1,-2,0],[-1,-1,0],[-2,-1,0],[-2,1,0],[-1,0,0],[-3,2,0],[-2,2,0],[-3,5,0],[0,1,0],[-1,1,0],[-1,1,0],[-2,1,0]],[[96786,88014,0],[-1,0,0]],[[96785,88014,0],[-2,0,0]],[[96783,88014,0],[-1,0,0]],[[96782,88014,0],[-2,0,0],[-2,0,0],[-6,-2,0],[0,-1,0],[-1,0,0]],[[96771,88011,0],[0,-1,0],[0,-2,0]],[[96771,88008,0],[1,-1,0],[1,-1,0],[1,-1,0],[1,0,0],[2,-2,0],[1,-2,0],[1,-1,0],[1,-2,0],[0,-1,0],[2,-4,0],[1,-2,0],[1,-4,0],[0,-1,0],[0,-2,0],[-1,-1,0],[-5,-5,0]],[[96778,87978,0],[0,-1,0],[-1,-1,0]],[[96777,87976,0],[0,-1,0],[5,-3,0],[1,0,0],[4,-4,0],[1,-2,0],[0,-1,0],[1,-2,0]],[[96789,87963,0],[1,-2,0],[1,-1,0],[0,-8,0],[-1,-1,0],[0,-1,0],[-1,-2,0]],[[96789,87948,0],[-2,-5,0],[0,-1,0],[3,-4,0]],[[96790,87938,0],[0,-1,0]],[[96790,87937,0],[1,0,0],[1,1,0],[1,0,0],[1,1,0]],[[96794,87939,0],[1,1,0],[2,2,0],[1,0,0],[1,1,0]],[[96799,87943,0],[1,0,0],[1,0,0],[4,-2,0],[1,-1,0],[7,-5,0]],[[96813,87935,0],[1,-2,0],[-1,-1,0],[0,-1,0]],[[96813,87931,0],[-1,-1,0],[-1,-1,0]],[[96811,87929,0],[0,-1,0]],[[96811,87928,0],[0,-2,0],[-1,-1,0],[-1,-10,0]],[[96809,87915,0],[1,-1,0],[0,-1,0],[1,-2,0],[1,0,0],[2,-1,0],[1,0,0]],[[96815,87910,0],[1,0,6973],[1,1,0]],[[96817,87911,0],[2,0,0]],[[96819,87911,0],[1,0,0]],[[96820,87911,0],[0,1,0]],[[96820,87912,0],[6,5,0],[2,3,0],[1,1,0],[1,0,0],[0,1,0],[1,0,0],[1,0,0],[1,1,0]],[[96833,87923,0],[5,0,0],[2,-1,0],[2,-2,0],[0,-1,0],[0,-1,0]],[[96842,87918,0],[0,-1,0]],[[96842,87917,0],[0,-1,0],[1,0,0],[1,-1,0],[3,-3,0]],[[96847,87912,0],[1,0,0],[1,-1,0],[1,-1,0],[1,-1,0],[1,-1,0],[1,-1,0],[0,-1,0],[-1,0,0],[0,-1,0],[-7,-9,0],[-1,0,0]],[[96844,87896,0],[0,-1,0]],[[96844,87895,0],[0,-1,0],[1,0,0]],[[96845,87894,0],[4,0,0],[2,-1,0],[1,0,0],[1,-1,0],[1,-3,0],[2,-5,0],[1,-3,0]],[[96857,87881,0],[0,-1,0],[-3,-6,0],[0,-1,0],[-1,0,0],[0,-5,0],[-1,0,0],[-1,-2,0],[-1,0,0],[-1,-1,0],[-2,0,0],[-1,-1,6973],[-1,0,0]],[[96845,87864,0],[-1,0,0],[-5,0,0],[-4,0,0],[-2,-1,0],[0,-1,0],[0,-1,0],[1,-3,0],[1,-2,0],[1,0,0],[2,-1,0]],[[96838,87855,0],[10,-3,0],[2,0,0],[2,0,0],[1,0,0]],[[96853,87852,0],[1,0,0],[1,0,0]],[[96855,87852,0],[1,0,0]],[[96856,87852,0],[1,0,0],[0,-1,0],[5,-5,0]],[[96862,87846,0],[-3,-3,0],[-1,0,0],[-1,-1,0]],[[96857,87842,0],[-2,0,0],[-1,-1,0],[-1,0,0],[0,-1,0]],[[96853,87840,0],[0,-3,0],[0,-1,0],[-1,0,0],[0,-1,0],[-1,0,0],[-2,-2,0],[-1,-2,0],[-1,-3,0],[-2,-3,0]],[[96845,87825,0],[-3,-7,0],[0,-2,0]],[[96842,87816,0],[0,-2,0],[0,-1,0]],[[96842,87813,0],[0,-1,0],[1,-2,0],[0,-1,0],[1,-1,0],[0,-1,0],[1,-2,0],[1,-1,0],[4,-5,0]],[[96850,87799,0],[1,-2,0],[0,-1,0],[1,-4,0]],[[96852,87792,0],[-1,0,0],[0,-1,0],[-2,0,0]],[[96849,87791,0],[-1,0,0]],[[96848,87791,0],[0,-1,0],[0,-1,0]],[[96848,87789,0],[1,-1,0]],[[96849,87788,0],[1,-1,0],[2,-1,0],[1,-1,0]],[[96853,87785,0],[1,-2,0]],[[96854,87783,0],[0,-1,0]],[[96854,87782,0],[0,-1,0],[-1,-1,0],[0,-1,0],[-1,-1,0]],[[96852,87778,0],[-7,-2,0]],[[96845,87776,0],[-3,0,0],[-1,0,0],[-2,-1,0],[-1,-1,0],[-4,-4,0],[-1,-1,0],[-1,-1,0]],[[96832,87768,0],[1,-1,0]],[[96833,87767,0],[0,-1,0],[-3,-3,0],[-1,0,0],[-1,-1,0],[-1,0,0],[-1,0,0],[-1,0,0],[-1,1,0],[-1,1,0]],[[96823,87764,0],[0,1,0],[-1,0,0]],[[96822,87765,0],[-4,3,0]],[[96818,87768,0],[-1,1,0]],[[96817,87769,0],[-5,2,0]],[[96812,87771,0],[-2,0,0]],[[96810,87771,0],[-1,0,0]],[[96809,87771,0],[-1,0,0]],[[96808,87771,0],[-2,0,0]],[[96806,87771,0],[1,-7,0],[0,-1,0]],[[96807,87763,0],[0,-1,0],[-1,-1,0],[-1,-1,0],[-2,-1,0],[-4,-2,0],[-1,-1,0],[-3,-1,0]],[[96795,87755,0],[-2,-2,0],[-2,-6,0]],[[96791,87747,0],[0,-1,0]],[[96791,87746,0],[0,-1,0],[0,-2,0],[1,0,0],[1,-1,0],[12,-8,0]],[[96805,87734,0],[5,-1,0],[4,-2,0],[1,-1,0],[4,-5,7566],[-1,-4,0]],[[96818,87721,0],[0,-1,0],[-1,-2,0],[0,-1,0],[0,-2,0],[1,-2,0],[0,-2,0],[1,-1,0]],[[96819,87710,0],[0,-1,0],[0,-2,0]],[[96819,87707,0],[0,-1,0]],[[96819,87706,0],[1,-1,0],[0,-1,0],[1,-1,0]],[[96821,87703,0],[5,-3,0],[7,-5,0],[1,-8,0],[0,-1,0]],[[96834,87686,0],[1,-1,0],[1,-1,0]],[[96836,87684,0],[2,-1,0]],[[96838,87683,0],[5,-1,0],[1,0,0]],[[96844,87682,0],[1,0,0],[8,-1,11611],[2,-4,0]],[[96855,87677,0],[7,-9,0],[1,-1,0]],[[96863,87667,0],[1,0,0],[1,-1,0],[1,0,0],[3,-1,0],[2,0,0],[1,0,0],[2,0,0],[2,1,0],[1,0,0],[1,0,0],[1,-1,0],[1,0,0],[1,-1,0],[2,-1,0],[1,-2,6973],[0,-2,10359],[-5,-3,0],[-3,-1,0],[-2,-1,0],[-1,0,0],[-2,0,0],[-5,1,0],[-1,0,0],[-3,2,0],[-1,1,0],[-2,0,0]],[[96859,87658,0],[-6,-4,0],[0,-1,0],[-1,-5,0]],[[96852,87648,0],[1,-2,0]],[[96853,87646,0],[2,-2,0],[3,-4,0],[12,-9,0]],[[96870,87631,0],[1,0,0],[1,0,0]],[[96872,87631,0],[2,0,0]],[[96874,87631,0],[2,2,0]],[[96876,87633,0],[2,5,0]],[[96878,87638,0],[1,3,0],[1,2,0],[0,1,0],[1,1,0],[2,1,0],[1,0,0],[5,0,0],[2,0,0],[4,-1,0],[5,-2,0],[1,-1,0]],[[96901,87642,0],[1,-1,0],[2,0,6973],[2,0,0]],[[96906,87641,0],[2,0,0],[4,0,10251],[6,-3,6973],[2,-3,20913],[-1,-7,0]],[[96919,87628,0],[0,-7,0],[1,-1,0]],[[96920,87620,0],[0,-1,0]],[[96920,87619,0],[4,-3,0]],[[96924,87616,0],[2,-1,0]],[[96926,87615,0],[3,-2,0],[2,-1,0],[2,0,0],[1,-1,0],[1,0,0],[3,0,0],[4,-3,0]],[[96942,87608,0],[1,-1,0],[0,-1,0],[1,-1,0],[1,0,0],[3,-5,0]],[[96948,87600,0],[1,0,0]],[[96949,87600,0],[1,-1,0],[3,-1,0],[2,-2,0],[3,-2,0],[0,-1,0]],[[96958,87593,0],[1,0,0],[0,-1,0],[0,-1,0],[0,-1,0]],[[96959,87590,0],[-1,-1,0],[-4,-4,0],[-3,-2,0]],[[96951,87583,0],[-2,-2,0],[-2,-2,0],[0,-1,0],[-1,0,0],[0,-2,0]],[[96946,87576,0],[-1,-1,0],[-1,-2,0]],[[96944,87573,0],[0,-1,0]],[[96944,87572,0],[1,-2,0],[1,-1,0],[1,-1,0]],[[96947,87568,0],[1,0,0]],[[96948,87568,0],[1,-1,0]],[[96949,87567,0],[1,0,0]],[[96950,87567,0],[1,0,0]],[[96951,87567,0],[1,0,0]],[[96952,87567,0],[1,0,0]],[[96953,87567,0],[1,1,0]],[[96954,87568,0],[3,0,0]],[[96957,87568,0],[0,1,0]],[[96957,87569,0],[1,0,0]],[[96958,87569,0],[2,2,0]],[[96960,87571,0],[4,1,0],[1,0,0],[1,0,0]],[[96966,87572,0],[6,-4,0],[1,-1,0],[1,-2,0],[0,-1,0],[0,-1,0],[1,-2,0]],[[96975,87561,0],[5,-8,0],[1,-1,0]],[[96981,87552,0],[3,-4,0],[4,-4,0],[0,-7,0]],[[96988,87537,0],[0,-3,0],[0,-1,0],[5,-8,0],[1,-2,0]],[[96994,87523,0],[1,0,0],[0,-1,0]],[[96995,87522,0],[1,-1,0],[5,3,0]],[[97001,87524,0],[1,0,0]],[[97002,87524,0],[1,1,0]],[[97003,87525,0],[2,4,0]],[[97005,87529,0],[1,2,0]],[[97006,87531,0],[0,1,0],[2,2,0],[1,1,0],[0,1,0],[1,0,0],[1,1,0]],[[97011,87537,0],[2,1,0],[0,1,0],[4,1,0],[1,0,0]],[[97018,87540,0],[1,0,0],[0,-1,0]],[[97019,87539,0],[1,0,0],[0,-1,0]],[[97020,87538,0],[0,-1,0],[0,-1,0]],[[97020,87536,0],[0,-1,0]],[[97020,87535,0],[-1,-2,0],[-1,0,0],[-1,-1,0]],[[97017,87532,0],[-1,0,0],[-1,-1,0]],[[97015,87531,0],[-1,-1,0]],[[97014,87530,0],[0,-1,0]],[[97014,87529,0],[1,-1,0],[1,0,0],[1,0,0]],[[97017,87528,0],[1,0,0]],[[97018,87528,0],[5,0,0]],[[97023,87528,0],[1,-1,0],[7,-1,7022],[4,-2,0],[4,-4,0],[3,-2,0],[2,-2,0],[1,0,0],[0,-1,0],[1,-2,0],[0,-1,0],[1,-2,0]],[[97047,87510,0],[0,-1,0]],[[97047,87509,0],[-1,-1,0]],[[97046,87508,0],[-6,-4,7627],[0,-2,0],[0,-2,0],[2,-4,0]],[[97042,87496,0],[0,-1,0],[1,-1,0],[0,-2,0],[0,-2,0],[1,-2,0],[0,-1,0],[1,0,0],[3,-2,0]],[[97048,87485,0],[1,-1,0],[2,-7,8896],[3,-4,0],[0,-1,0]],[[97054,87472,0],[0,-1,0],[-2,-3,0]],[[97052,87468,0],[-1,0,0]],[[97051,87468,0],[-7,-3,0],[-3,-1,0],[-3,-3,0]],[[97038,87461,0],[-1,-1,0]],[[97037,87460,0],[0,-1,0],[0,-1,0],[3,-4,0],[1,-1,0],[3,-1,0],[4,0,0]],[[97048,87452,0],[1,0,0],[4,-1,0],[1,-2,0],[1,-1,0],[-1,-4,0],[-3,-1,0],[-4,-1,0],[-7,0,0],[-2,0,0],[-3,0,0]],[[97035,87442,0],[-5,3,0],[-1,1,0],[0,1,0],[-1,2,0]],[[97028,87449,0],[-1,2,0]],[[97027,87451,0],[-1,1,0]],[[97026,87452,0],[0,1,0]],[[97026,87453,0],[0,1,0]],[[97026,87454,0],[0,1,0]],[[97026,87455,0],[-1,0,0]],[[97025,87455,0],[0,1,0]],[[97025,87456,0],[-1,1,0]],[[97024,87457,0],[-3,1,0]],[[97021,87458,0],[-3,2,0]],[[97018,87460,0],[-1,0,0]],[[97017,87460,0],[-1,1,0]],[[97016,87461,0],[-1,0,0]],[[97015,87461,0],[-1,0,0]],[[97014,87461,0],[-2,0,0],[-1,0,0],[-1,-1,0],[-1,-1,0],[-1,-1,0],[0,-1,0]],[[97008,87457,0],[0,-2,0],[7,-4,0]],[[97015,87451,0],[2,-1,0],[1,-1,0],[1,-2,0],[-1,-2,0],[-1,-2,0],[-2,-2,0],[-1,0,6973],[0,-1,6973],[-3,0,12096],[-7,1,7232],[-5,3,0],[-5,3,0],[-3,2,0]],[[96991,87449,0],[-1,0,0],[-1,0,0],[-1,-4,0]],[[96988,87445,0],[0,-3,6973],[0,-2,0],[0,-2,0],[-2,-2,0],[-3,-1,0],[-2,-2,0],[-3,-4,0],[-2,-2,0]],[[96976,87427,0],[-1,-1,0]],[[96975,87426,0],[-3,-12,0]],[[96972,87414,0],[-1,-1,0],[0,-1,0],[0,-1,0]],[[96971,87411,0],[0,-1,0],[2,-3,0],[0,-2,0],[0,-6,0],[0,-2,0],[0,-1,6973],[0,0,0]],[[96973,87396,0],[0,-1,0],[0,-1,0],[0,-1,0],[1,-1,0]],[[96974,87392,0],[3,-3,0],[0,-1,0],[2,-6,0],[1,-1,0],[0,-1,0],[0,-2,0]],[[96980,87378,0],[0,-2,0],[-1,-1,0],[-1,-4,0]],[[96978,87371,0],[1,-1,0],[1,0,0],[3,1,0]],[[96983,87371,0],[1,0,0]],[[96984,87371,0],[1,0,0],[2,0,0]],[[96987,87371,0],[2,0,0],[5,-3,0],[2,-2,0],[0,-3,0],[5,-4,11644],[-2,-4,0],[-1,0,0],[0,-1,0]],[[96998,87354,0],[-1,-2,0],[3,-6,0],[0,-2,0],[-4,-9,0],[-1,-2,0]],[[96995,87333,0],[-1,-1,0],[0,-2,0]],[[96994,87330,0],[-1,-3,0],[0,-4,0],[0,-1,0]],[[96993,87322,0],[3,-4,0],[2,-3,0],[1,-3,0],[0,-2,0]],[[96999,87310,0],[0,-1,0],[1,-1,0]],[[97000,87308,0],[2,-2,6973],[6,-6,0],[2,-2,0],[2,-5,0],[-1,-1,0],[-1,-3,0]],[[97010,87289,0],[-2,-3,0],[0,-1,0],[0,-2,0],[1,0,0]],[[97009,87283,0],[0,-1,0]],[[97009,87282,0],[-1,-1,0],[1,-1,0]],[[97009,87280,0],[-1,-4,6973],[0,-1,6973],[-1,0,0]],[[97007,87275,0],[0,-2,0],[-1,-2,0],[0,-2,0],[-1,-2,0]],[[97005,87267,0],[1,-3,0],[0,-1,0],[0,-1,0]],[[97006,87262,0],[2,-3,0]],[[97008,87259,0],[0,-1,6973],[0,-1,0],[1,-1,0]],[[97009,87256,0],[0,-2,0],[1,-5,0],[2,-2,0]],[[97012,87247,0],[1,-2,6973],[1,-1,0],[2,-1,0]],[[97016,87243,0],[6,-1,0]],[[97022,87242,0],[6,1,0],[1,0,0],[1,-1,0],[0,-4,0],[-1,-1,0],[2,-9,0],[0,-1,0],[-3,-5,0]],[[97028,87222,0],[0,-1,0]],[[97028,87221,0],[6,-5,0],[2,-1,0],[6,-4,0],[0,-1,0],[0,-1,0],[0,-1,0],[-1,0,0],[0,-2,0]],[[97041,87206,0],[0,-1,0],[1,-1,0],[2,-2,0],[3,-2,0]],[[97047,87200,0],[1,-1,0],[2,-1,0],[0,-1,0],[1,-2,0]],[[97051,87195,0],[6,-1,0],[3,0,0],[3,-3,0]],[[97063,87191,0],[-1,-4,0]],[[97062,87187,0],[0,-1,0],[1,0,0],[4,-1,0],[1,0,0]],[[97068,87185,0],[2,-1,0],[2,0,0],[2,-3,0]],[[97074,87181,0],[0,-1,0],[1,0,0],[2,-2,0],[0,-1,0],[0,-1,0]],[[97077,87176,0],[0,-1,0]],[[97077,87175,0],[-1,-1,0]],[[97076,87174,0],[0,-1,0],[-1,-1,0],[-2,-8,0],[-1,-2,0]],[[97072,87162,0],[0,-2,0]],[[97072,87160,0],[0,-1,0]],[[97072,87159,0],[0,-2,0],[1,-2,0],[4,-6,0]],[[97077,87149,0],[1,-2,0],[1,-1,0],[1,-2,0],[1,-1,0],[0,-1,0],[1,-2,0],[1,-2,6973],[0,-2,0],[-1,-1,0]],[[97082,87135,0],[-1,-4,0],[0,-1,0],[0,-1,0],[-1,-1,0],[1,-9,0]],[[97081,87119,0],[2,-4,0],[0,-1,0],[-2,-3,0]],[[97081,87111,0],[-4,-1,0],[-1,-1,0],[-1,0,0],[-1,-1,0]],[[97074,87108,0],[0,-1,0]],[[97074,87107,0],[-1,-2,0],[0,-3,0],[1,-1,0]],[[97074,87101,0],[0,-1,0],[0,-1,0],[1,-1,0],[2,-5,0],[-1,-1,0],[-2,-3,0]],[[97074,87089,0],[-1,-1,0],[-1,0,0],[-1,-1,0],[0,-1,0]],[[97071,87086,0],[0,-2,0],[3,-5,0]],[[97074,87079,0],[1,-4,0],[0,-1,0],[-1,-1,0]],[[97074,87073,0],[-6,-4,0]],[[97068,87069,0],[-1,0,0],[1,-1,0],[1,-1,0],[0,-1,0],[0,-5,0],[-2,-7,0],[0,-6,0]],[[97067,87048,0],[-1,-2,0],[0,-2,0],[-1,-2,0],[0,-1,0]],[[97065,87041,0],[-1,-1,6973],[0,-1,0]],[[97064,87039,0],[0,-1,0]],[[97064,87038,0],[0,-3,0],[2,-7,0],[3,-3,0]],[[97069,87025,0],[1,-2,0]],[[97070,87023,0],[0,-3,0],[1,-1,0],[1,-1,0],[1,-1,0]],[[97073,87017,0],[0,-1,0],[1,-1,0],[1,0,0],[0,-1,0],[0,-2,0]],[[97075,87012,0],[0,-1,0]],[[97075,87011,0],[3,-3,0],[0,-1,0],[0,-3,0],[0,-1,0]],[[97078,87003,0],[-1,-2,0],[-1,-3,0],[0,-1,0],[-1,-7,0],[0,-2,0]],[[97075,86988,0],[0,-1,6973],[0,-1,0]],[[97075,86986,0],[0,-1,0],[0,-4,0],[-1,-1,6973],[0,0,0]],[[97074,86980,0],[-2,-1,0],[-2,-1,0],[-3,-3,0],[-1,-2,0],[-3,-4,0],[0,-2,0],[-1,-1,0],[-1,-2,0],[-1,-2,0]],[[97060,86962,0],[0,-1,0]],[[97060,86961,0],[-1,-2,0]],[[97059,86959,0],[0,-2,0],[0,-1,0],[0,-2,0],[1,-1,0]],[[97060,86953,0],[1,0,6973],[0,-1,0],[1,-1,0],[0,-1,0]],[[97062,86950,0],[0,-1,0],[-1,-1,0]],[[97061,86948,0],[0,-1,0],[-2,-3,0],[0,-2,0],[4,-9,0]],[[97063,86933,0],[1,-4,0]],[[97064,86929,0],[-1,-3,0]],[[97063,86926,0],[1,-3,0]],[[97064,86923,0],[1,-1,6973],[-1,-7,0],[0,-1,0]],[[97064,86914,0],[0,-1,0],[0,-1,0],[-1,0,0],[0,-1,0],[-1,-1,0]],[[97062,86910,0],[0,-1,0],[0,-1,0],[0,-1,0],[0,-1,6973],[-1,0,0]],[[97061,86906,0],[-3,-2,0],[-2,-2,0],[-8,-5,0],[-1,0,0],[-1,0,0],[-1,-1,0],[-4,-2,0],[-1,-1,0],[-1,0,0],[0,-1,0],[-4,0,0]],[[97035,86892,0],[-1,0,0],[0,-1,0],[-1,0,0],[0,-1,0],[-1,0,0],[0,-1,0]],[[97032,86889,0],[1,0,0]],[[97033,86889,0],[1,-1,0]],[[97034,86888,0],[0,-1,0]],[[97034,86887,0],[-3,-5,0],[0,-1,0],[-4,-3,0]],[[97027,86878,0],[0,-1,0],[-1,-2,0],[0,-1,0]],[[97026,86874,0],[3,-7,0],[0,-3,0],[1,-3,0]],[[97030,86861,0],[0,-1,0],[1,-3,0]],[[97031,86857,0],[2,-1,0],[1,-1,0],[1,0,0],[1,-1,0],[1,0,0]],[[97037,86854,0],[0,-1,0],[1,-1,0],[2,-2,0],[1,-1,0],[2,0,0],[1,0,0],[2,-1,0],[1,0,0]],[[97047,86848,0],[1,0,0],[3,-1,0],[2,0,0],[1,-1,0],[1,-4,0]],[[97055,86842,0],[0,-4,0],[1,-2,0]],[[97056,86836,0],[1,-1,6973],[0,0,0],[1,-1,0],[0,-1,0]],[[97058,86833,0],[-1,-1,0]],[[97057,86832,0],[0,-1,0],[-1,-2,0],[-1,-2,0],[-1,-7,0],[0,-2,0],[-1,-3,0],[0,-1,0]],[[97053,86814,0],[-1,0,0],[-1,0,0],[0,-1,0],[1,0,0],[0,-6,0],[0,-1,0],[0,-2,0],[0,-1,0],[0,-1,0],[1,-1,0],[0,-1,0],[0,-1,0]],[[97053,86799,0],[0,-3,0],[-2,-2,0]],[[97051,86794,0],[0,-1,0],[-1,-2,0],[0,-1,0],[0,-1,0],[0,-1,0],[-1,-1,0],[0,-2,0]],[[97049,86785,0],[0,-3,6973],[0,-1,6973],[-3,-7,0],[0,-1,6973],[-2,-3,0]],[[97044,86770,0],[-1,-1,0],[-1,-2,0],[0,-1,0],[0,-2,0]],[[97042,86764,0],[1,-1,0],[0,-1,0],[1,0,0]],[[97044,86762,0],[1,0,0],[2,-1,0]],[[97047,86761,0],[1,-1,0]],[[97048,86760,0],[0,-2,0],[0,-1,0],[-1,-10,0]],[[97047,86747,0],[0,-4,0],[0,-1,0],[1,-2,0],[2,-2,0]],[[97050,86738,0],[3,-1,0],[1,-1,0],[0,-1,0],[1,-2,0],[0,-8,0],[-1,-1,0],[-3,-3,0],[-2,-2,0],[-5,-2,0]],[[97044,86717,0],[-9,-7,0]],[[97035,86710,0],[-4,-5,0]],[[97031,86705,0],[-3,-6,0],[-1,-3,0]],[[97027,86696,0],[-1,-2,0],[0,-2,0],[-1,-2,0]],[[97025,86690,0],[0,-1,0]],[[97025,86689,0],[1,-2,0],[0,-2,0],[0,-1,0],[0,-1,0],[1,-1,0],[1,-3,0]],[[97028,86679,0],[2,-4,0],[-2,-8,0],[-3,-8,0],[-2,-4,0],[0,-2,0],[0,-1,0]],[[97023,86652,0],[0,-2,0]],[[97023,86650,0],[1,-7,0]],[[97024,86643,0],[1,-5,0],[3,-8,0],[1,-8,0],[0,-2,0],[-1,-2,0],[0,-2,0],[-1,-2,0]],[[97027,86614,0],[0,-1,6973],[-1,0,0],[-1,0,0]],[[97025,86613,0],[-1,0,0]],[[97024,86613,0],[-3,-1,0],[-6,-2,0],[-2,0,6973],[-4,-1,6973],[-2,-1,0]],[[97007,86608,0],[-3,-1,0]],[[97004,86607,0],[-2,-4,0],[-1,-1,0],[-1,0,0],[-1,-1,0]],[[96999,86601,0],[-2,1,0]],[[96997,86602,0],[-1,0,0],[-1,-1,0],[-3,-2,0],[-1,-1,0],[0,-3,0],[-1,-2,0],[-1,-1,0],[0,-2,0]],[[96989,86590,0],[-1,-1,0],[-2,-2,0],[0,-1,0]],[[96986,86586,0],[-1,0,0]],[[96985,86586,0],[-1,-1,0],[-4,-1,0],[0,-1,0]],[[96980,86583,0],[-2,-2,0],[-1,0,6973],[0,0,6973],[-3,0,6973],[-2,0,0]],[[96972,86581,0],[-1,0,0]],[[96971,86581,0],[-4,-1,0],[-1,-1,0]],[[96966,86579,0],[0,-1,0],[0,-1,0],[0,-1,0]],[[96966,86576,0],[-1,-1,0],[-1,-1,0]],[[96964,86574,0],[-1,1,0],[-3,1,0]],[[96960,86576,0],[-1,0,0]],[[96959,86576,0],[-1,0,0],[-2,-1,0],[-2,-1,0]],[[96954,86574,0],[-1,-1,0],[-2,0,0],[0,-1,0]],[[96951,86572,0],[-1,0,6973],[-1,-1,0],[-2,0,0]],[[96947,86571,0],[0,-2,0],[0,-1,0],[1,-1,0],[-1,-1,0],[-1,-3,0],[-2,-1,0],[-2,-1,0],[-1,-1,6973],[-3,-1,0],[-20,-5,0],[-8,-1,0],[-14,-1,0],[-1,0,0]],[[96895,86552,0],[-1,0,6973],[0,0,0]],[[96894,86552,0],[-1,0,0]],[[96893,86552,0],[-3,0,0]],[[96890,86552,0],[-1,0,0],[-1,-1,0]],[[96888,86551,0],[-1,0,0],[0,-1,0],[-1,0,0],[0,-1,0],[-1,0,0],[-1,-2,0],[-1,0,0],[-1,-1,0],[-13,-7,0],[-5,-2,0],[-11,-5,0]],[[96853,86532,0],[-4,-3,0],[0,-1,0],[-4,-7,0],[0,-2,0]],[[96845,86519,0],[-1,-1,0],[-2,-3,0],[-2,-3,0]],[[96840,86512,0],[-1,-2,0],[-2,-2,0],[-2,-2,0],[-2,-2,0],[-5,-5,0],[-3,-2,0],[-6,-3,0]],[[96819,86494,0],[-2,-2,0],[-11,-7,0],[0,-1,0],[-1,-3,0]],[[96805,86481,0],[-2,-2,0]],[[96803,86479,0],[-5,1,9331],[-8,-2,0],[-2,-1,0],[-1,0,0],[-2,-1,0]],[[96785,86476,0],[-2,-3,0]],[[96783,86473,0],[-1,0,0],[-1,0,0],[0,-2,0],[-1,0,0]],[[96780,86471,0],[0,-1,0],[-1,-2,0]],[[96779,86468,0],[-1,0,0]],[[96778,86468,0],[-1,-1,0]],[[96777,86467,0],[0,-1,0],[0,-1,6973],[-1,0,0]],[[96776,86465,0],[-3,-2,0],[-1,-1,0],[0,-1,0],[0,-1,0]],[[96772,86460,0],[-1,-1,6973],[-1,0,6973],[-1,0,0],[0,0,6973],[-1,1,0]],[[96768,86460,0],[1,1,0]],[[96769,86461,0],[-1,1,0]],[[96768,86462,0],[-1,0,0]],[[96767,86462,0],[-1,0,6973],[0,0,6973],[0,0,6973],[-1,0,0]],[[96765,86462,0],[-1,0,0],[-1,0,0],[-4,-2,0]],[[96759,86460,0],[0,-1,0],[-1,-1,0],[-2,-4,0],[-3,-8,0],[-2,-2,0],[0,0,6973],[-1,0,0]],[[96750,86444,0],[-1,-1,0]],[[96749,86443,0],[-1,0,0],[-1,0,0]],[[96747,86443,0],[-1,0,0],[-1,0,0],[-1,0,0]],[[96744,86443,0],[-1,-1,0]],[[96743,86442,0],[-1,-1,6973],[0,0,0],[-3,-2,0]],[[96739,86439,0],[-4,0,0],[-2,-1,0],[-2,0,0],[0,0,6973],[-1,0,0]],[[96730,86438,0],[-2,0,0]],[[96728,86438,0],[-3,0,0]],[[96725,86438,0],[-1,0,0],[-5,-2,0],[-2,0,0],[-6,-3,9048],[-5,1,0]],[[96706,86434,0],[-2,0,0]],[[96704,86434,0],[-5,-2,0],[-1,-1,0],[0,-1,0],[-2,-1,0],[-2,0,0],[-2,-1,0],[-4,-1,0],[-3,0,0]],[[96685,86427,0],[-4,0,0]],[[96681,86427,0],[-5,-1,0],[-2,-1,0],[-1,0,0]],[[96673,86425,0],[-4,0,0]],[[96669,86425,0],[-4,-3,0]],[[96665,86422,0],[-1,-1,0]],[[96664,86421,0],[-1,0,0],[-1,-1,0],[-1,-2,0]],[[96661,86418,0],[-1,-1,0],[0,-1,0]],[[96660,86416,0],[0,-1,0]],[[96660,86415,0],[-2,0,0],[-1,0,0]],[[96657,86415,0],[-1,0,0]],[[96656,86415,0],[0,-1,0]],[[96656,86414,0],[-1,-1,6973],[0,-1,0],[-2,-2,0],[-1,-1,0],[-1,-1,0],[-1,0,0],[0,-1,0],[-2,0,0],[-3,-2,0],[0,-1,0]],[[96645,86404,0],[0,-1,0],[-1,0,0],[-2,-1,0],[-1,0,0]],[[96641,86402,0],[-1,-1,0]],[[96640,86401,0],[0,0,6973],[0,-1,6973],[-2,-2,6973],[-2,-1,0],[-1,0,6973],[-1,0,0],[-2,0,0],[-1,0,0],[0,-1,0],[-1,1,6973],[0,0,6973],[-1,0,0]],[[96629,86397,0],[-2,0,0]],[[96627,86397,0],[-3,-1,0]],[[96624,86396,0],[-1,-1,0],[0,-1,0],[-1,-1,0],[-1,0,0],[-2,1,0],[-1,0,0],[-3,0,0],[-2,0,0],[-1,1,0],[-1,0,6973],[0,1,0]],[[96611,86396,0],[-2,1,0],[-1,0,0],[0,-1,0]],[[96608,86396,0],[-1,-2,0],[1,-1,0],[0,-1,0],[1,0,0],[-1,-2,0],[-2,-1,0],[-2,0,0],[-2,-1,0],[-2,0,0],[-2,0,0]],[[96598,86388,0],[-1,-1,0]],[[96597,86387,0],[-1,-1,6973],[0,0,0],[0,-1,0],[-2,0,0],[0,-1,6973],[0,0,6973],[-1,0,0]],[[96593,86384,0],[-1,0,0],[0,-1,0]],[[96592,86383,0],[-3,-2,0]],[[96589,86381,0],[0,-1,0]],[[96589,86380,0],[1,0,0],[1,-1,0]],[[96591,86379,0],[0,-1,0],[-1,0,0],[-1,0,0]],[[96589,86378,0],[-1,0,0],[-1,-1,0],[-1,0,0]],[[96586,86377,0],[-1,0,6973],[0,0,6973],[-1,1,0]],[[96584,86378,0],[-1,1,0]],[[96583,86379,0],[-1,0,0]],[[96582,86379,0],[-1,0,0]],[[96581,86379,0],[-7,-1,0]],[[96574,86378,0],[-3,-1,0],[-1,0,0],[-2,0,0],[-2,0,0],[-5,1,0]],[[96561,86378,0],[-1,0,0]],[[96560,86378,0],[-1,0,0]],[[96559,86378,0],[-5,1,0]],[[96554,86379,0],[-1,0,0]],[[96553,86379,0],[-1,0,0]],[[96552,86379,0],[-1,0,0]],[[96551,86379,0],[-4,2,8009],[-3,-2,0]],[[96544,86379,0],[0,-1,0]],[[96544,86378,0],[-1,0,6973],[0,0,6973],[-1,0,0],[-1,0,0],[-5,1,0],[-1,0,0]],[[96535,86379,0],[0,0,6973],[-1,0,0]],[[96534,86379,0],[-1,0,0]],[[96533,86379,0],[0,0,6973],[-1,0,0]],[[96532,86379,0],[-1,1,0]],[[96531,86380,0],[-2,1,0]],[[96529,86381,0],[-1,1,0]],[[96528,86382,0],[-2,1,0],[-1,0,0],[-3,2,0],[-1,0,0],[0,1,0],[-1,0,0],[-1,0,0],[-2,1,0],[0,1,0],[-5,5,0]],[[96512,86393,0],[-1,1,0]],[[96511,86394,0],[-4,2,0]],[[96507,86396,0],[-1,1,0]],[[96506,86397,0],[-4,1,0]],[[96502,86398,0],[-1,0,0],[-1,0,0],[-3,1,0],[-4,1,0],[-2,0,0]],[[96491,86400,0],[-4,1,0],[-1,0,0],[-1,1,0],[-1,0,0],[-1,0,0],[-2,2,0]],[[96481,86404,0],[-1,0,0]],[[96480,86404,0],[-2,0,0],[-1,0,0],[-1,0,0],[-1,0,0]],[[96475,86404,0],[-1,-1,0]],[[96474,86403,0],[-1,0,6973],[0,0,0]],[[96473,86403,0],[-2,-1,0],[-1,0,0],[-6,0,6983],[-3,-2,0],[-1,0,0],[-2,0,0],[-1,1,0]],[[96457,86401,0],[-1,0,0],[-3,0,0],[-3,0,0]],[[96450,86401,0],[-2,1,0]],[[96448,86402,0],[-1,0,0]],[[96447,86402,0],[-3,0,0],[-4,-1,0],[-3,0,0],[-2,-1,0],[-1,0,0],[-1,0,0]],[[96433,86400,0],[-2,-1,0],[-1,0,0],[-8,0,0],[-1,0,0]],[[96421,86399,0],[-2,1,0]],[[96419,86400,0],[-2,1,0]],[[96417,86401,0],[-1,0,0]],[[96416,86401,0],[-1,0,0]],[[96415,86401,0],[-1,1,0]],[[96414,86402,0],[-1,0,0]],[[96413,86402,0],[-1,0,0]],[[96412,86402,0],[0,1,0]],[[96412,86403,0],[-1,0,0]],[[96411,86403,0],[-1,0,0]],[[96410,86403,0],[-1,1,0]],[[96409,86404,0],[-1,0,0]],[[96408,86404,0],[-1,0,0]],[[96407,86404,0],[-2,0,0],[-1,0,0]],[[96404,86404,0],[-1,0,0],[-1,0,0],[-1,0,0],[-2,1,0],[-2,1,0],[-1,0,0],[-1,0,0]],[[96395,86406,0],[-1,0,0],[-1,0,0],[-2,0,0],[0,1,0]],[[96391,86407,0],[-1,4,0]],[[96390,86411,0],[-3,1,0]],[[96387,86412,0],[-1,0,0]],[[96386,86412,0],[-1,1,0]],[[96385,86413,0],[-1,0,0]],[[96384,86413,0],[-1,0,0]],[[96383,86413,0],[-1,1,0]],[[96382,86414,0],[-1,0,0]],[[96381,86414,0],[0,-1,0],[-1,0,0],[-1,-1,0]],[[96379,86412,0],[-1,0,0],[-1,0,0],[-2,0,0]],[[96375,86412,0],[-1,0,0],[-1,-1,0],[-2,0,0],[-3,-1,0],[-2,0,0],[-1,0,0],[-1,0,0]],[[96364,86410,0],[-1,0,0],[-5,1,0]],[[96358,86411,0],[-1,0,0]],[[96357,86411,0],[-3,1,0],[0,-1,0],[-2,0,0],[0,-1,0],[-1,1,0]],[[96351,86411,0],[-1,0,0]],[[96350,86411,0],[-1,1,0]],[[96349,86412,0],[-1,0,0]],[[96348,86412,0],[-1,0,0]],[[96347,86412,0],[-1,0,0],[-4,-1,0]],[[96342,86411,0],[-1,0,0]],[[96341,86411,0],[0,-1,0],[-1,0,0],[-1,0,0]],[[96339,86410,0],[-1,1,0]],[[96338,86411,0],[-2,0,0],[-1,0,0]],[[96335,86411,0],[-1,0,0]],[[96334,86411,0],[-1,0,0],[0,-1,0],[-1,0,0]],[[96332,86410,0],[-1,0,0]],[[96331,86410,0],[-3,1,0]],[[96328,86411,0],[-1,0,6973],[0,0,0]],[[96327,86411,0],[-1,-1,0]],[[96326,86410,0],[0,-1,0]],[[96326,86409,0],[-2,-2,0]],[[96324,86407,0],[-2,1,0]],[[96322,86408,0],[-126,27,0]],[[96196,86435,0],[-158,29,0]],[[96038,86464,0],[83,127,666044],[-134,377,187402],[-22,114,56448],[-2,5,15136],[-14,18,16511],[-4,9,48238],[0,8,11281],[4,10,236494],[-6,3,12738],[-4,8,12738],[-5,2,9577],[-4,6,21664],[2,3,13407],[-7,7,51153],[-16,3,21817],[-1,-3,7315],[-6,-3,51153],[-4,2,8369],[1,4,10065],[-5,4,7935],[-3,6,18040],[0,8,122049],[6,11,14899],[9,5,14313],[2,6,87194],[-14,14,11473],[-10,11,37560],[-7,12,13265],[-5,13,236494],[-1,10,9381],[0,14,29601],[2,11,12547],[5,11,38992],[-3,36,38992],[5,68,1236206],[4,10,11845],[9,15,46624],[8,8,10709],[15,10,20291],[13,14,58476],[9,21,32006],[13,21,15599],[12,14,115022],[11,7,11417],[22,12,39031],[18,16,13273],[8,10,509075],[2,10,15852],[-3,11,44973],[-9,15,13232],[-10,12,20649],[-3,10,111232],[7,16,33984],[7,7,9775],[8,5,10175],[10,9,229869],[2,12,25036],[-4,10,10530],[-6,12,51746],[-12,17,8527],[-14,18,34074],[-3,15,76583],[-26,21,98913],[-41,103,604878],[146,120,198763],[56,107,0]],[[96129,88092,0],[225,309,1424963],[-511,1329,0]],[[93455,87683,0],[17,-11,0]],[[93472,87672,0],[34,-23,34581],[15,-16,24897],[5,-5,7306],[18,-12,107782],[17,-29,49901],[12,-6,7652],[9,-3,40056],[3,-4,11664],[-1,-6,7419],[1,-6,32160],[9,-7,9782],[7,-3,72059],[-9,-9,0]],[[93592,87543,0],[-9,-6,7452],[-3,-3,24322],[-7,-17,0]],[[93573,87517,0],[-71,32,135902],[-137,4,0]],[[93365,87553,0],[-56,-13,0]],[[93309,87540,0],[-7,47,186618],[59,46,80783],[14,3,22222],[10,9,22222],[70,38,0]],[[93455,87683,0],[128,74,0]],[[93997,87728,0],[23,-108,0]],[[94020,87620,0],[-33,-3,0]],[[93987,87617,0],[-5,1,14748],[-8,-2,8143],[-14,-2,48381],[-3,-7,19933],[-14,-8,15285],[-5,-6,51652],[-6,-2,9064],[-9,1,9311],[-11,-2,10202],[-1,-3,9498],[-7,1,54320],[-29,-13,11334],[-32,-16,54320],[-40,-8,0]],[[93803,87551,0],[-151,-10,64310],[-36,-5,41157],[-12,1,14793],[-12,6,0]],[[93879,88334,0],[148,-182,331461],[-80,-68,0]],[[93947,88084,0],[-94,-173,0]],[[93309,87540,0],[-49,-11,0]],[[93260,87529,0],[-117,-30,80198],[-83,-34,264447],[-57,-68,127827],[-107,-64,0]],[[92595,87253,0],[-160,114,358153],[-45,62,32294],[-26,32,10332],[-7,8,163002],[0,15,42310],[-26,29,50905],[-6,12,14383],[-20,47,26145],[-5,0,9852],[-4,4,26145],[0,6,8061],[4,3,8061],[-4,1,8446],[2,5,65877],[-6,0,14247],[-5,7,11433],[-4,1,25871],[-5,12,11817],[-3,1,65877],[-3,13,9538],[-2,2,9538],[1,9,10355],[-3,2,10355],[1,6,20852],[-5,4,20852],[8,13,18536],[-4,2,0]],[[92268,87663,0],[-61,47,0]],[[92207,87710,0],[145,207,263638],[133,83,938345],[700,19,938345],[345,215,421972],[349,100,0]],[[93744,86254,0],[25,-2,90120],[10,-11,17412],[14,-22,28232],[17,-16,9686],[16,-18,22036],[7,-11,161362],[81,-138,335298],[112,-4,15891],[5,1,0]],[[94031,86033,0],[17,-2,0]],[[94048,86031,0],[-2,-3,6973],[-4,-6,0]],[[94042,86022,0],[-2,-4,0],[-1,-3,0]],[[94039,86015,0],[0,-3,0]],[[94039,86012,0],[2,-14,0],[2,-8,0],[1,-2,0]],[[94044,85988,0],[3,-7,0],[6,-10,0],[4,-8,10037],[2,-7,6973],[1,-5,16040],[-1,-6,43334],[-7,-12,7292],[-5,-5,0],[-5,-5,0],[-11,-9,0]],[[94031,85914,0],[-11,-8,8121],[-17,-11,16506],[-43,-27,16506],[-10,-7,0]],[[93950,85861,0],[-24,-22,0],[-13,-14,0],[-4,-4,0]],[[93909,85821,0],[-4,-5,0]],[[93905,85816,0],[-9,-13,0],[-3,-8,0]],[[93893,85795,0],[-2,-4,0],[-2,-3,0],[-3,-3,0]],[[93886,85785,0],[-11,-12,0],[-9,-11,9457],[-12,-17,0]],[[93854,85745,0],[-12,-20,11847],[-13,-22,0]],[[93829,85703,0],[-109,53,0]],[[93720,85756,0],[-11,48,108660],[-28,21,15679],[-6,8,15679],[-12,5,26621],[2,2,10369],[-6,6,8530],[1,2,26621],[-18,7,232844],[-191,88,431179],[-365,100,0]],[[93964,87214,0],[115,4,0],[7,0,0],[14,0,0],[33,1,0],[0,-6,0]],[[94133,87213,0],[0,-1,0],[1,-3,0],[6,-21,0]],[[94140,87188,0],[4,-11,0],[3,-5,0],[10,-22,13811],[5,-15,0],[0,-2,6973],[0,-2,0]],[[94162,87131,0],[2,-7,0]],[[94164,87124,0],[5,-8,6973],[2,-3,6973],[2,-5,0],[1,-2,0],[0,-6,6973],[0,-13,0]],[[94174,87087,0],[0,-4,0],[3,-10,0]],[[94177,87073,0],[2,-8,6973],[2,-9,11281],[2,-13,26909],[0,-24,0]],[[94183,87019,0],[0,-2,0]],[[94183,87017,0],[2,-4,0],[7,-13,0],[0,-2,0],[1,-2,0],[0,-1,0],[0,-2,0],[-1,-5,8177],[-1,-2,6973],[-1,-1,6973],[-3,-5,0]],[[94187,86980,0],[-1,-2,0],[0,-2,0],[1,-10,0],[1,-3,0],[0,-1,0]],[[94188,86962,0],[1,-1,0]],[[94189,86961,0],[0,-1,0]],[[94189,86960,0],[1,0,0],[1,-1,0],[1,-1,0]],[[94192,86958,0],[14,-7,0],[1,-1,0],[1,-2,0],[1,-3,0],[1,-4,0],[1,-6,0],[0,-2,0],[1,-16,0],[1,-15,0]],[[94213,86902,0],[3,-7,7396],[6,-16,18145],[12,-27,0]],[[94234,86852,0],[8,-16,0],[2,-4,0]],[[94244,86832,0],[1,-1,0],[3,-3,0],[7,-5,8290],[16,-11,0]],[[94271,86812,0],[6,-4,10193],[8,-10,0],[2,-9,0],[1,-7,7685],[-2,-7,0]],[[94286,86775,0],[-2,-6,0],[-1,-5,0],[-2,-11,0]],[[94281,86753,0],[1,-6,0]],[[94282,86747,0],[2,-6,0],[2,-6,7212],[8,-15,0]],[[94294,86720,0],[10,-20,14281],[9,-21,0],[1,-5,0],[1,-2,0],[0,-11,0],[-1,-12,8792],[-2,-12,0],[-2,-7,0],[-1,-3,0],[-3,-5,0],[-3,-4,0],[-8,-6,0],[-3,-3,0],[-1,-2,0]],[[94291,86607,0],[-1,-1,0],[-3,-11,10255],[0,-6,0]],[[94287,86589,0],[2,-4,0]],[[94289,86585,0],[3,-8,0],[1,-3,0]],[[94293,86574,0],[8,-16,0],[4,-10,0],[0,-5,0],[0,-6,0],[-1,-5,0],[-7,-12,11477],[-9,-12,0],[-2,-4,0],[-1,-1,0]],[[94285,86503,0],[-2,-8,0],[-1,-3,0],[0,-12,0],[0,-7,0]],[[94282,86473,0],[-1,-4,0]],[[94281,86469,0],[-1,-8,0],[-2,-6,0],[-3,-9,6973],[-3,-7,6973],[-4,-6,26784],[-10,-16,13759],[-6,-6,0],[-2,-1,0],[-3,-1,6973],[-1,0,6973],[-1,0,0],[-4,0,0],[-2,0,6973],[-3,1,0]],[[94236,86410,0],[-6,2,0]],[[94230,86412,0],[-6,1,0],[-2,0,0],[-4,-1,0],[-1,0,0],[-2,0,0],[-2,-1,0],[-30,-13,0],[-7,-5,0],[-1,0,0]],[[94175,86393,0],[0,-1,0],[-1,0,0]],[[94174,86392,0],[-22,-32,9180],[-1,-2,0],[-1,0,0],[-3,-2,0],[-3,-2,0],[-8,-3,0],[-8,-2,0],[-6,-2,0]],[[94122,86347,0],[-10,-5,8045],[-6,-5,23222],[-7,-8,7399],[-5,-7,0]],[[94094,86322,0],[-4,-6,0]],[[94090,86316,0],[-4,-8,0],[-12,-26,0],[-2,-5,0]],[[94072,86277,0],[-1,-4,0],[-2,-6,0],[-2,-8,0],[-3,-16,8255],[-2,-19,0]],[[94062,86224,0],[-1,-10,0]],[[94061,86214,0],[-1,-9,0],[-1,-30,0],[-2,-5,0],[-1,-5,0]],[[94056,86165,0],[0,-2,0]],[[94056,86163,0],[1,-14,8346],[1,-18,16380],[0,-20,0]],[[94058,86111,0],[0,-5,0],[1,-7,0]],[[94059,86099,0],[1,-4,0],[3,-17,0],[-2,-8,16282],[-2,-7,7974],[-6,-10,0]],[[94053,86053,0],[-2,-2,0],[-1,-3,0],[0,-3,0]],[[94050,86045,0],[0,-2,6973],[-1,-6,6973],[-1,-6,0]],[[93831,89652,0],[240,10,0]],[[94071,89662,0],[53,-655,495928],[-127,-307,495928],[89,-223,1048390],[-207,-143,0]],[[92207,87710,0],[-71,56,0]],[[92136,87766,0],[-10,3,8120],[-7,1,8794],[-16,4,31573],[-7,0,11809],[-40,4,112382],[-361,87,339557],[-148,92,115007],[-49,11,0]],[[94395,89675,0],[244,10,0]],[[94639,89685,0],[1204,45,0]],[[96038,86464,0],[-3,1,26197],[-231,7,17901],[-90,2,0]],[[95714,86474,0],[-34,1,0]],[[95680,86475,0],[-34,-2,0],[-76,-6,0],[-46,-3,0],[-25,-1,79984],[-30,55,79984],[-94,87,40425],[-26,27,19499],[-31,30,0]],[[95318,86662,0],[-49,45,0]],[[95269,86707,0],[-56,54,0]],[[95213,86761,0],[-69,65,69810],[-64,44,0]],[[95080,86870,0],[-46,33,0]],[[95034,86903,0],[-19,13,0]],[[95015,86916,0],[-46,32,0]],[[94969,86948,0],[-113,78,0]],[[94856,87026,0],[-77,54,0]],[[94779,87080,0],[-28,19,0]],[[94751,87099,0],[-23,16,0]],[[94728,87115,0],[-240,148,0]],[[94488,87263,0],[27,24,35157],[38,42,182542],[5,21,24619],[-1,24,49142],[-12,7,56442],[6,61,250689],[-74,108,214772],[8,4,9975],[5,5,7703],[3,1,20707],[0,7,34357],[6,1,7064],[6,-1,11887],[7,3,67968],[19,41,0]],[[94531,87611,0],[179,54,415014],[148,260,1411766],[-60,167,406774],[-336,314,928113],[-32,106,109943],[-34,203,367199],[57,190,0]],[[94453,88905,0],[-58,770,0]],[[94071,89662,0],[324,13,0]],[[94531,87611,0],[-49,105,138653],[-7,95,117446],[-39,88,686038],[-62,24,95760],[-41,-18,247043],[-32,15,49323],[-111,68,143443],[-79,28,43288],[-93,39,0]],[[94018,88055,0],[-71,29,0]],[[89318,83312,0],[17,86,8135],[55,274,0]],[[89390,83672,0],[18,86,170832],[1,131,9834],[3,254,0]],[[89412,84143,0],[215,194,12349],[144,129,81201],[225,205,0]],[[89996,84671,0],[234,213,28674],[180,164,0]],[[90410,85048,0],[182,167,0],[222,200,292103],[170,238,0]],[[90984,85653,0],[63,89,0]],[[91047,85742,0],[3,-11,0]],[[91050,85731,0],[10,-7,27743],[24,2,27743],[41,-11,41264],[48,-6,7458],[18,-3,41264],[10,-7,16652],[15,-6,39147],[23,2,390495],[246,60,255191],[294,13,1260570],[287,-238,197848],[53,-74,707205],[291,-128,110464],[39,-8,335687],[6,1,8656],[6,4,9508],[8,-1,9168],[1,3,13435],[13,5,7466],[4,3,7466],[6,2,24202],[10,6,7771],[3,-1,7771],[4,5,38581],[-3,6,38581],[20,10,12484],[8,1,12484],[4,4,29251],[5,-1,8139],[4,3,8139],[3,-1,180773],[6,-7,10370],[7,-3,10370],[2,-5,26479],[-1,-8,61502],[23,-12,22286],[24,-7,0]],[[92612,85327,0],[-5,-6,0]],[[92607,85321,0],[-3,-4,0],[-2,-2,0],[-3,-6,0],[-1,-2,0],[-1,-13,0],[0,-2,13509],[-16,-30,0]],[[92581,85262,0],[-19,-11,0]],[[92562,85251,0],[-8,-11,0]],[[92554,85240,0],[-10,-14,10650],[-2,-5,0]],[[92542,85221,0],[-4,-13,0]],[[92538,85208,0],[1,-5,0]],[[92539,85203,0],[0,-3,0],[2,-6,0],[1,-7,6973],[0,-4,0],[-1,-5,0],[-4,-9,9684],[-4,-5,24442],[-8,-6,6973],[-9,-8,0],[-15,-11,0]],[[92501,85139,0],[-10,-8,0]],[[92491,85131,0],[-19,-13,9213],[-23,-15,0]],[[92449,85103,0],[-28,-20,0]],[[92421,85083,0],[-21,-12,19756],[-24,-12,11377],[-12,-5,0]],[[92364,85054,0],[-13,-6,0]],[[92351,85048,0],[-6,-4,0]],[[92345,85044,0],[-13,-10,7046],[-11,-8,15583],[-9,-9,0]],[[92312,85017,0],[-3,-4,0]],[[92309,85013,0],[-5,-9,0]],[[92304,85004,0],[-3,-7,6973],[-6,-8,0]],[[92295,84989,0],[-2,-2,6973],[-2,-3,7179],[-12,-11,25150],[-14,-11,11442],[-13,-9,6973],[-5,-3,0]],[[92247,84950,0],[-30,-17,20511],[-14,-9,8746],[-16,-11,0],[-4,-3,0],[-14,-13,0]],[[92169,84897,0],[-6,-7,6973],[-5,-4,6973],[-4,-3,15202],[-41,-33,48322],[-19,-15,20027],[-3,-1,6973],[-2,-1,6973],[-4,-2,7273],[-10,-4,0],[-9,-3,0],[-6,-2,0]],[[92060,84822,0],[-11,-1,0],[-19,-2,8819],[-24,-2,24966],[-7,0,6973],[-6,1,8526],[-11,1,54434],[-15,4,11668],[-4,2,6973],[-5,3,0]],[[91958,84828,0],[-9,7,0],[-10,12,0],[-9,18,0]],[[91930,84865,0],[-2,7,14251],[-3,28,0]],[[91925,84900,0],[0,5,0]],[[91925,84905,0],[-4,5,0]],[[91921,84910,0],[-3,2,0]],[[91918,84912,0],[-12,0,0],[-3,-1,0]],[[91903,84911,0],[-2,-2,0],[-13,-8,0],[-4,-3,0],[-7,-1,0],[-2,0,0],[-3,1,0]],[[91872,84898,0],[-1,0,6973],[0,0,0],[-4,2,0],[-8,7,0]],[[91859,84907,0],[-4,2,0]],[[91855,84909,0],[-3,1,0]],[[91852,84910,0],[-6,-1,10835],[-7,-5,0]],[[91839,84904,0],[-13,-18,10826],[-5,-5,0]],[[91821,84881,0],[-1,-1,6973],[-1,0,6973],[-3,-1,0],[-35,-17,0],[-4,-2,6973],[-2,-1,6973],[-1,0,14367],[-6,0,6999],[-5,0,6973],[-5,1,0]],[[91758,84860,0],[-13,1,0],[-9,-1,0],[-20,-1,0]],[[91716,84859,0],[-4,1,0]],[[91712,84860,0],[-4,-1,0],[-3,0,0],[-5,-1,0],[-3,-1,0]],[[91697,84857,0],[-7,-2,0],[-3,-1,0],[-3,-1,6973],[-2,-1,0]],[[91682,84852,0],[-4,0,6973],[-5,-1,0],[-11,0,10741],[-9,1,6973],[-3,1,6973],[-4,1,0]],[[91646,84854,0],[-12,2,16458],[-12,0,7343],[-20,-1,30366],[-26,-4,0],[-13,-3,0],[-5,-2,0],[-6,-2,0]],[[91552,84844,0],[-4,-2,6973],[-9,-4,6973],[-4,-2,0],[-8,-2,0],[-8,-1,0],[-9,2,8219],[-11,4,17900],[-2,0,6973],[-2,2,6973],[-1,2,0],[-1,3,0],[-6,6,0],[-14,4,0],[-5,1,0]],[[91468,84857,0],[-5,6,0]],[[91463,84863,0],[-1,6,0]],[[91462,84869,0],[-1,1,0]],[[91461,84870,0],[-4,2,0]],[[91457,84872,0],[-1,0,0]],[[91456,84872,0],[-1,0,0],[-2,0,0]],[[91453,84872,0],[-13,-9,12395],[-11,-5,0],[-6,-2,0],[-8,-2,0],[-1,-1,0]],[[91414,84853,0],[-2,-2,0]],[[91412,84851,0],[-9,-14,0],[-3,-2,0],[-4,-1,0]],[[91396,84834,0],[-6,-1,7080],[-6,-3,0]],[[91384,84830,0],[-7,-6,6973],[-4,-2,7232],[-3,-1,0],[-3,0,0],[-5,-1,0]],[[91362,84820,0],[-1,0,0],[-2,-1,0],[-1,-3,0]],[[91358,84816,0],[-1,-5,10538],[-5,-4,0]],[[91352,84807,0],[-5,-6,0]],[[91347,84801,0],[-2,-3,0]],[[91345,84798,0],[-8,-4,0],[-5,-1,0],[-11,-2,0],[-10,-3,0]],[[91311,84788,0],[-8,-4,9205],[-13,-9,0]],[[91290,84775,0],[-17,-10,14050],[-8,-4,6973],[-6,-3,35528],[-8,-1,8890],[-12,0,0]],[[91239,84757,0],[-8,-2,0]],[[91231,84755,0],[-10,-11,17624],[-5,-2,6973],[-7,-3,0]],[[91209,84739,0],[-6,-5,7644],[-9,-9,0]],[[91194,84725,0],[-9,-8,0],[-3,-2,6973],[-9,-5,9620],[-5,-1,0]],[[91168,84709,0],[-8,-2,6973],[-10,-2,0],[-16,-3,0]],[[91134,84702,0],[-9,-1,0],[-13,-4,0],[-13,-4,0],[-17,-7,17336],[-14,-10,0]],[[91068,84676,0],[-3,-4,0]],[[91065,84672,0],[-8,-13,13971],[-5,-13,0]],[[91052,84646,0],[-2,-10,0],[-1,-17,0],[-2,-23,15237],[-7,-41,0],[-2,-4,0],[-9,-10,0]],[[91029,84541,0],[0,-2,0]],[[91029,84539,0],[-3,-4,0],[-3,-8,0],[-3,-12,0]],[[91020,84515,0],[-2,-11,9291],[-1,-16,0]],[[91017,84488,0],[1,-19,0]],[[91018,84469,0],[2,-14,0]],[[91020,84455,0],[3,-25,0],[1,-6,0],[-1,-5,6973],[-1,-11,0]],[[91022,84408,0],[0,-5,0],[0,-5,0],[-1,-30,0],[0,-21,0]],[[91021,84347,0],[0,-7,0]],[[91021,84340,0],[2,-8,8189],[4,-8,16026],[6,-8,0]],[[91033,84316,0],[3,-4,0]],[[91036,84312,0],[11,-7,0],[4,-2,0]],[[91051,84303,0],[3,-2,0]],[[91054,84301,0],[13,-3,0],[3,0,0],[1,-1,0]],[[91071,84297,0],[6,-1,0],[2,0,0],[20,-9,17554],[13,-8,8315],[10,-6,79057],[15,-14,15088],[6,-6,6973],[4,-6,40111],[6,-11,11865],[3,-13,125459],[0,-6,8081],[0,-23,25654],[-1,-3,6973],[-1,-2,7007],[-3,-5,0],[-2,-2,0],[-3,-2,0]],[[91146,84180,0],[-3,-3,8386],[-12,-14,0]],[[91131,84163,0],[-1,-2,0]],[[91130,84161,0],[-11,-25,20074],[-8,-25,0]],[[91111,84111,0],[-1,-2,0]],[[91110,84109,0],[0,-2,0]],[[91110,84107,0],[-1,-2,0],[-1,-12,0]],[[91108,84093,0],[-1,-8,0],[1,-6,0],[1,-6,0],[3,-13,0]],[[91112,84060,0],[1,-3,0]],[[91113,84057,0],[3,-5,0],[4,-4,0],[2,-2,0],[2,-3,0],[2,-2,0],[0,-3,0],[-1,-3,7661],[-4,-4,6973],[-1,0,0],[-4,-2,0],[-1,0,0]],[[91115,84029,0],[-8,-2,7830],[-5,-3,0],[-4,-2,0],[-6,-4,0],[-4,-2,0],[-4,-3,0],[-2,-1,0]],[[91082,84012,0],[-1,-1,0]],[[91081,84011,0],[-3,-10,0],[0,-4,0]],[[91078,83997,0],[2,-10,12379],[12,-35,59847],[0,-8,19882],[-2,-3,7235],[-9,-11,0]],[[91081,83930,0],[-3,-5,0],[0,-2,0]],[[91078,83923,0],[-1,-8,0],[1,-5,0],[5,-24,0],[2,-8,0],[1,-14,0],[-1,-3,6973],[-1,-4,0],[-9,-23,21738],[-2,-10,7602],[-3,-19,0],[-1,-1,0],[-1,-3,0],[0,-2,0],[-8,-10,0],[-1,-1,0],[-2,0,6973],[-1,-1,6973],[-1,0,0]],[[91055,83787,0],[-4,0,0],[-5,-2,0],[-1,0,0],[-2,-1,0],[0,-1,0],[-1,-1,0],[0,-1,0],[1,-8,0],[0,-2,0]],[[91043,83771,0],[0,-3,0],[2,-6,0],[2,-7,10821],[8,-11,0],[0,-2,0],[1,-1,0],[0,-3,0],[-1,-1,0],[-6,-2,0],[-10,-4,0],[-19,-7,18222],[-10,-4,8683],[-8,-6,0]],[[91002,83714,0],[-2,-1,0],[-1,-1,0],[-2,-1,0],[-2,-2,0],[-5,-4,0],[-2,-2,0],[-10,-6,12627],[-15,-4,33119],[-34,-5,0]],[[90929,83688,0],[-7,-3,15192],[-2,-8,0],[0,-1,0]],[[90920,83676,0],[1,-2,0]],[[90921,83674,0],[14,-16,13977],[6,-8,7321],[7,-9,0],[2,-3,0],[1,-2,6973],[1,-1,0],[0,-8,0],[-2,-4,0],[-9,-8,0],[-4,-3,0],[-3,-4,0],[-9,-17,13871],[-5,-6,6973],[-6,-7,0]],[[90914,83578,0],[-2,-4,0]],[[90912,83574,0],[-2,-10,0],[-2,-6,0],[-18,-38,0]],[[90890,83520,0],[-3,-7,0]],[[90887,83513,0],[-2,-4,0]],[[90885,83509,0],[0,-4,0],[3,-11,0]],[[90888,83494,0],[6,-12,6973],[2,-6,0],[6,-16,0],[2,-11,0],[-1,-5,0],[-4,-12,0],[-1,-2,6973],[-1,-2,0],[-9,-9,11406],[-6,-4,0]],[[90882,83415,0],[-12,0,18160],[-8,-3,7594],[-2,-2,0]],[[90860,83410,0],[0,-2,0]],[[90860,83408,0],[0,-10,10236],[-2,-4,0]],[[90858,83394,0],[-2,-4,0],[1,-4,0]],[[90857,83386,0],[3,-2,0]],[[90860,83384,0],[4,-2,0],[5,-2,0],[3,-2,6973],[2,-2,18002],[8,-22,0]],[[90882,83354,0],[14,-28,264346],[-298,-337,239599],[-63,-29,0]],[[90535,82960,0],[-173,-173,0]],[[90362,82787,0],[-136,-179,158059],[-55,-32,410820],[-78,105,0],[-69,42,0]],[[90024,82723,0],[-258,155,155338],[-270,181,585961],[-178,253,0]],[[94020,87620,0],[4,-20,45966],[26,-13,20387],[1,-4,0]],[[94051,87583,0],[17,-11,20137],[7,-8,8223],[1,-4,8223],[5,-3,105568],[27,-3,14454],[23,-2,31218],[10,-2,13748],[24,-3,13748],[11,-2,8424],[4,-3,8424],[5,1,8424],[11,-1,326526],[64,4,75151],[17,4,10892],[21,4,10892],[129,25,126296],[104,32,0]],[[94488,87263,0],[-44,27,90425],[-261,119,245990],[-58,-17,0],[-35,-9,0],[-51,-15,55829],[-96,-42,0]],[[93772,87469,0],[26,40,65852],[5,42,0]],[[91639,86428,0],[-234,-163,249502],[-242,-111,0]],[[91163,86154,0],[-96,190,31377],[-66,129,7999],[-59,115,53565],[-78,154,8581],[-48,95,18376],[-60,117,8320],[-35,69,0]],[[90721,87023,0],[-84,163,0]],[[90637,87186,0],[-88,275,0]],[[90549,87461,0],[-44,139,224988],[-91,29,0],[-273,88,0]],[[90141,87717,0],[-156,51,8621],[-264,84,167194],[-82,30,13565],[-251,92,0]],[[93884,87877,0],[91,-4,159881],[62,-64,259206],[-40,-81,0]],[[93044,85559,0],[-9,-6,0],[-14,-8,0]],[[93021,85545,0],[-5,-3,0]],[[93016,85542,0],[-5,-4,6973],[-4,-3,6973],[-4,-2,22829],[-10,-4,9792],[-3,-1,6973],[-3,-1,6973],[-12,-3,0]],[[92975,85524,0],[-2,-1,0],[-4,-1,0],[-1,-1,0],[-4,-2,0],[-8,-6,0]],[[92956,85513,0],[-9,-9,7639],[-8,-6,0]],[[92939,85498,0],[-1,-1,6973],[-2,-1,6973],[-9,-4,0],[-3,-2,6973],[-8,-3,0]],[[92916,85487,0],[-3,-1,0],[-7,-4,0]],[[92906,85482,0],[-6,-5,0]],[[92900,85477,0],[-1,-4,0],[1,-2,0],[0,-2,0]],[[92900,85469,0],[1,-7,0],[-14,-23,15895],[-15,-20,0],[-4,-4,24458],[-26,4,0]],[[92842,85419,0],[-5,0,7917],[-5,-3,0]],[[92832,85416,0],[-10,-17,26471],[-3,-4,6973],[-3,-2,6973],[-2,-1,10903],[-7,-3,47825],[-5,0,6973],[-8,-1,6973],[-8,0,0]],[[92786,85388,0],[-12,0,7913],[-19,-1,28358],[-4,0,7013],[-8,-6,0],[-2,-1,0]],[[92741,85380,0],[-5,-3,0],[-5,-5,0],[-5,-2,8180],[-2,-1,6973],[-1,0,6973],[-4,-1,6973],[-4,-1,13129],[-10,-1,0],[-7,0,0],[-19,1,0]],[[92679,85367,0],[-7,-1,0],[-3,0,0],[-7,-1,0],[-7,-2,10865],[-19,-9,18232],[-6,-4,0]],[[92630,85350,0],[1,-3,0],[1,-1,0],[0,-3,6973],[-2,-3,0],[-3,-3,0],[-3,-3,0],[-7,-3,0]],[[92617,85331,0],[-2,-2,0],[-3,-2,0]],[[91047,85742,0],[40,56,6990],[150,209,0]],[[91237,86007,0],[-74,147,0]],[[93829,85703,0],[-3,-4,0],[-12,-22,0],[-11,-17,9064],[-4,-5,6973],[-6,-8,0],[-5,-6,0],[-9,-9,0],[-20,-19,0],[-4,-3,0],[-7,-7,0],[-5,-3,0],[-11,-9,0],[-6,-4,6973],[-5,-4,6973],[-6,-4,6973],[-6,-5,0],[-14,-9,0],[-11,-7,0],[-8,-4,0],[-7,-4,6973],[-7,-3,0],[-31,-15,0],[-17,-8,10467],[-37,-16,16458],[-18,-7,31809],[-17,-10,0],[-6,-4,0],[-5,-3,0],[-9,-5,0],[-6,-3,0],[-2,-1,0],[-4,-1,0],[-2,0,0],[-6,0,0],[-7,0,0],[-4,1,0],[-6,3,0],[-3,0,0]],[[93482,85478,0],[-2,1,0]],[[93480,85479,0],[-2,0,0]],[[93478,85479,0],[-8,-1,0],[-1,0,0],[-6,-3,0],[-1,-1,0],[-1,-1,0],[-1,0,0]],[[93460,85473,0],[0,-1,0],[-9,-3,0],[-1,0,0],[-1,0,0],[-2,0,0],[-6,0,0],[-3,0,6973],[-3,1,6973],[-4,1,0]],[[93431,85471,0],[-3,1,6973],[-2,0,0],[-7,2,0],[-6,2,0],[-2,0,0],[-2,1,6973],[-4,1,6973],[-1,1,11895],[-9,8,0],[0,0,6973],[0,1,6973],[0,1,0]],[[93395,85489,0],[-1,3,0],[0,1,0],[-1,1,0],[-6,8,0],[-1,2,0],[-1,3,0],[0,2,0]],[[93385,85509,0],[0,1,0],[1,3,0],[3,4,0],[0,1,0],[0,1,0],[1,2,0],[0,2,0],[-1,5,0]],[[93389,85528,0],[-8,9,0],[-3,2,0],[-2,1,0]],[[93376,85540,0],[-20,11,0],[-6,3,0],[-4,3,0],[-3,2,0],[-2,1,0],[-1,1,6973],[-3,3,0]],[[93337,85564,0],[-7,4,7549],[-5,2,0]],[[93325,85570,0],[-1,0,0]],[[93324,85570,0],[-2,0,0]],[[93322,85570,0],[-3,0,0],[-2,0,0],[-10,-2,0]],[[93307,85568,0],[-12,-4,6973],[-2,0,0],[-3,-1,0],[-4,0,0],[-1,0,6973],[-1,0,0],[-5,1,0],[-2,0,0],[-2,0,0],[-1,1,0],[-9,4,0],[-3,2,0],[-13,7,0],[-8,4,0]],[[93241,85582,0],[-3,1,0]],[[93238,85583,0],[-4,2,0],[-4,1,0],[-5,2,0],[-4,2,6973],[-19,9,0]],[[93202,85599,0],[-5,2,0]],[[93197,85601,0],[-5,1,0]],[[93192,85602,0],[-7,3,0]],[[93185,85605,0],[-5,1,0]],[[93180,85606,0],[-7,1,0]],[[93173,85607,0],[-6,1,0]],[[93167,85608,0],[-9,1,0]],[[93158,85609,0],[-11,0,8437],[-17,-1,0],[-4,0,0],[-11,-2,10646],[-21,-6,15366],[-6,-4,0]],[[93088,85596,0],[-3,-2,0],[-4,-2,0],[-18,-14,20079],[-12,-12,6973],[-4,-5,6973],[-3,-2,0]],[[77521,97656,0],[52,-37,64974],[5,-4,10999],[4,-11,14193],[13,-17,24424],[11,-10,93720],[11,-5,11406],[35,-13,0]],[[77652,97559,0],[-11,-9,34931],[4,-24,110064],[-48,-36,70822],[-26,-35,35867],[-37,-37,0]],[[77534,97418,0],[-46,-46,206948],[-265,-44,0]],[[77223,97328,0],[-508,-156,0]],[[76715,97172,0],[-543,-119,0]],[[76172,97053,0],[-241,708,0]],[[75931,97761,0],[635,96,0]],[[76566,97857,0],[31,-5,47169],[135,-38,136109],[60,-25,30961],[57,-27,62784],[67,-22,419299],[81,-17,31870],[139,-25,165747],[385,-42,0]],[[76182,85675,0],[13,-6,53993],[50,-69,73653],[109,-113,505299],[65,-54,62797],[82,-54,147931],[233,-140,255683],[276,-143,0]],[[77010,85096,0],[-201,-165,565001],[-70,-187,43059],[-46,-128,375510],[-213,-309,0]],[[76480,84307,0],[-122,-83,142202],[-163,-73,1053246],[-1371,-1580,331997],[-25,-47,0]],[[74799,82524,0],[-255,131,938964],[-28,104,23315],[-197,757,1266008],[-131,87,42615],[-77,51,8085],[-313,204,0]],[[73798,83858,0],[15,34,125277],[343,578,1006527],[348,364,376755],[54,39,123350],[409,354,2258157],[960,333,345489],[90,55,129832],[62,23,36537],[7,3,9189],[29,7,18553],[25,9,50791],[42,18,0]],[[66949,94184,0],[165,-45,164163],[299,-43,403276],[154,52,0]],[[67224,93123,0],[-1593,-132,0]],[[65631,92991,0],[184,416,135322],[3,29,0]],[[65818,93436,0],[0,2,14552],[20,13,25102],[4,10,59458],[69,106,91020],[69,77,62493],[42,59,170801],[14,52,504209],[112,99,74066],[85,66,224287],[144,60,0]],[[66377,93980,0],[113,74,130064],[231,186,0]],[[66721,94240,0],[228,-56,0]],[[65807,94472,0],[8,17,22287],[35,60,0]],[[65850,94549,0],[19,20,16257],[72,73,1142933],[-302,395,474521],[-52,59,14159],[-440,508,88861],[-739,843,0]],[[64408,96447,0],[945,432,0]],[[65353,96879,0],[1245,-1204,974105],[685,-855,1612119],[-100,-154,45563],[-20,-36,0]],[[67163,94630,0],[-61,-44,81010],[-25,-43,207498],[35,-83,242304],[-61,-62,168188],[-102,-214,0]],[[66721,94240,0],[-395,38,182376],[-270,45,581419],[-36,23,42503],[-106,56,79045],[-2,0,7503],[-50,18,142521],[-55,52,0]],[[65505,94220,0],[274,-29,200654],[-24,-19,33238],[-3,-13,0]],[[65752,94159,0],[4,-3,21498],[18,0,11702],[12,2,11702],[5,-2,88835],[-7,-7,10690],[-1,-5,21068],[3,-8,50462],[-10,-7,9393],[-6,-6,20085],[-14,-6,12317],[-5,-5,88835],[9,-3,15667],[-3,-3,7660],[2,-2,25926],[19,-1,31575],[3,-2,10107],[-1,-7,75908],[-28,-29,75908],[9,-26,10573],[5,-11,48838],[-1,-37,0]],[[65765,93991,0],[-21,-32,41621],[-19,-11,109299],[-63,0,0]],[[65662,93948,0],[-632,-56,0]],[[65030,93892,0],[475,328,0]],[[65941,94010,0],[165,15,57712],[131,16,311767],[140,-61,0]],[[65631,92991,0],[-197,344,367035],[-105,30,81496],[-12,16,6973],[0,1,6973],[-1,2,0]],[[65316,93384,0],[-1,5,7060],[-2,10,38730],[-4,5,8107],[-4,3,20382],[-18,6,176463],[4,9,10344],[0,5,12319],[5,11,35728],[31,59,35728],[40,89,634877],[60,38,36029],[314,206,280921],[123,101,94538],[77,79,0]],[[65765,93991,0],[41,5,20156],[135,14,0]],[[65631,92991,0],[-507,-371,0]],[[64142,93241,0],[888,651,0]],[[65505,94220,0],[99,71,21936],[68,48,0]],[[65672,94339,0],[135,133,0]],[[65353,96879,0],[242,110,9499],[210,95,0]],[[65030,93892,0],[-110,289,185271],[25,7,0]],[[64945,94188,0],[14,4,34648],[-1,19,34648],[26,65,57990],[0,29,30644],[7,10,326911],[51,28,38784],[4,5,17216],[5,1,8908],[6,-3,17216],[16,5,38784],[9,12,30560],[17,7,13235],[9,2,104493],[16,-3,21833],[13,2,10283],[5,3,19383],[7,-3,8848],[5,0,58141],[4,6,8770],[-1,4,15158],[8,6,35594],[21,1,232353],[6,7,12254],[3,9,12254],[7,10,8550],[0,3,8550],[6,6,30405],[-2,3,7025],[1,5,18766],[4,0,8352],[7,-2,38945],[1,4,8705],[5,4,14279],[-3,3,8456],[5,1,8456],[3,4,7721],[-2,3,8905],[4,7,21635],[6,4,8609],[5,7,17664],[-6,3,17664],[1,3,10409],[8,2,7405],[1,2,0]],[[65246,94476,0],[83,191,1330186],[-1541,1494,0]],[[63788,96161,0],[620,286,0]],[[61749,95633,0],[1898,462,505032],[141,66,0]],[[92993,90432,0],[-23,-40,137823],[51,-99,50790],[-4,-1,7216],[0,-4,0]],[[93017,90288,0],[-200,-374,0]],[[92690,89947,0],[214,399,6973],[2,4,0]],[[92906,90350,0],[7,13,7339],[2,2,33085],[-8,4,7635],[-5,1,33085],[2,6,7877],[-2,0,7877],[1,8,7489],[3,2,7489],[-1,4,0]],[[92905,90390,0],[19,11,60184],[1,8,10260],[-2,11,16198],[2,5,13802],[1,18,7043],[-1,1,0]],[[92925,90444,0],[7,-3,19737],[3,-4,7397],[-1,-3,7397],[2,-8,13004],[4,-3,73396],[12,3,7796],[6,2,21485],[12,10,47098],[12,1,7056],[4,0,23137],[7,-7,0]],[[92724,90406,0],[1,-5,0]],[[92691,90360,0],[-17,8,0]],[[87180,92800,0],[-6,-7,7443],[-5,-10,27560],[-6,-16,14615],[-6,-20,105120],[-4,-33,19467],[-1,-29,54683],[6,-52,0]],[[87158,92633,0],[-60,-28,80779],[-14,-11,12147],[-6,-8,30845],[-10,-20,43951],[-5,-4,13138],[-15,-6,218512],[-8,2,8660],[-2,-1,9463],[-14,3,33755],[-7,-3,13723],[-20,-4,73338],[-6,5,7038],[-5,5,41610],[-55,11,218512],[-374,-86,0]],[[86557,92488,0],[31,92,51083],[27,59,120118],[8,49,30792],[1,33,454307],[252,161,0]],[[86557,92488,0],[-113,-10,148044],[-153,32,0]],[[86291,92510,0],[-55,198,98751],[-20,111,298782],[14,194,49767],[-1,27,924498],[27,36,52789],[26,60,89314],[49,54,227791],[101,68,164431],[101,116,31640],[27,33,0]],[[86560,93407,0],[106,95,199779],[-14,75,599121],[688,366,0]],[[86295,90500,0],[81,-72,53258],[47,-38,24868],[21,-15,253234],[19,-10,10070],[15,-6,30876],[25,-5,92016],[25,-1,13260],[24,1,29293],[29,4,678840],[16,6,18731],[26,15,22301],[35,14,159561],[33,26,51290],[18,17,16355],[17,19,17130],[45,44,134211],[35,26,45645],[82,48,0]],[[87655,88961,0],[-176,78,8187],[-172,76,17873],[-319,141,789292],[-194,205,14356],[-147,155,0]],[[86647,89616,0],[-122,129,13824],[-53,56,0]],[[86472,89801,0],[-19,21,7705],[-102,116,377231],[-7,105,57527],[-20,191,0]],[[86324,90234,0],[-44,194,0],[-13,58,0]],[[86267,90486,0],[-3,12,0]],[[86264,90498,0],[31,2,0]],[[86291,92510,0],[-104,-109,92413],[-167,-154,325284],[-24,-45,70713],[-28,-96,987116],[57,-31,114013],[90,-101,655948],[-4,-191,196878],[-47,-42,196878],[-21,-108,103109],[-65,-211,0]],[[85978,91422,0],[-381,129,421485],[-147,106,96142],[-162,103,1017812],[-259,68,331062],[-481,27,483886],[-425,126,0]],[[84123,91981,0],[8,281,207649],[35,124,144389],[8,164,600510],[33,63,118665],[133,154,0]],[[84340,92767,0],[244,110,638851],[81,109,9670],[173,234,86853],[135,189,202846],[59,55,0]],[[85032,93464,0],[20,30,99522],[186,162,373171],[376,191,752551],[319,101,273941],[191,6,1082296],[337,239,28205],[434,306,424053],[302,168,28486],[74,42,1747552],[43,126,48737],[76,232,25414],[10,29,0]],[[87400,95096,0],[11,29,54305],[88,171,0],[45,87,0]],[[87544,95383,0],[256,42,0]],[[87800,95425,0],[115,-491,0]],[[87678,92587,0],[61,-186,690000],[-249,-87,412850],[-96,-4,34777],[-9,-2,11662],[-10,0,8987],[-10,-2,180815],[-39,12,30732],[-12,0,8687],[-11,2,48565],[-7,6,10247],[1,4,72855],[-9,0,14254],[-4,-2,7758],[-8,-2,31732],[-7,1,10783],[-9,4,25805],[-11,-1,10254],[-8,2,10254],[-4,-2,72855],[-5,20,102015],[-23,4,24801],[-48,1,0]],[[87161,92355,0],[24,62,62760],[9,39,22980],[3,28,211930],[-2,26,20280],[-5,25,62776],[-18,52,18606],[-14,46,0]],[[92567,90841,0],[239,-3,0]],[[93070,90566,0],[0,0,16059],[-77,-134,0]],[[92925,90444,0],[-1,0,7237],[6,4,7237],[0,3,25462],[-7,11,12453],[0,6,65584],[-4,3,8747],[-11,3,8866],[-26,11,65584],[-8,7,22443],[3,12,28260],[-3,2,7994],[-3,8,14164],[-10,11,246009],[-13,-7,17014],[-26,-10,9217],[-6,-3,33645],[-21,-3,94421],[-19,1,8368],[-7,0,8368],[-12,1,18604],[-17,-1,9891],[-6,2,9891],[-8,-2,19319],[-6,5,19319],[-10,-1,12056],[-2,-4,0]],[[92708,90503,0],[-5,15,15691],[-1,16,129310],[-92,49,104343],[-54,55,377123],[-4,73,84655],[15,130,0]],[[95843,89730,0],[-1003,1102,0]],[[94840,90832,0],[-145,47,84300],[-345,122,660867],[-363,328,0]],[[93987,91329,0],[190,128,222008],[126,130,172775],[122,83,79982],[78,67,0]],[[94503,91737,0],[144,-66,49463],[444,-209,110482],[207,-92,220457],[-5,-13,0]],[[95293,91357,0],[-2,-6,28833],[-2,-88,857233],[1716,-1219,0]],[[91573,90612,0],[-13,-16,20552],[-21,-18,0]],[[91539,90578,0],[-8,-51,140486],[-131,-253,0]],[[91266,90307,0],[-157,21,0]],[[94639,89685,0],[-239,720,909833],[-314,155,100795],[0,1,6973],[-2,7,0]],[[94084,90568,0],[-8,2,21133],[-4,-4,12060],[-8,-2,9388],[-5,-3,21133],[-20,-2,129904],[-14,5,37625],[-3,5,10546],[-11,11,20657],[-2,5,8384],[3,3,16462],[-7,5,61652],[-8,1,9705],[-14,-1,13428],[-5,2,76705],[0,8,8522],[-3,5,26841],[-9,7,16288],[0,9,16288],[-8,5,176085],[-24,0,40720],[-4,-3,7833],[-9,-4,18079],[-5,-8,89978],[-5,0,9380],[-8,5,19080],[-6,9,23336],[-13,2,16932],[-1,4,8964],[-5,2,71419],[-6,-4,8357],[-9,-3,28446],[-17,0,8678],[-8,1,0]],[[93062,90887,0],[398,112,305784],[101,59,75712],[90,38,47832],[5,-1,10896],[8,5,20253],[0,2,8290],[6,4,8290],[3,5,128196],[23,8,15611],[8,0,15611],[7,2,7591],[5,4,23379],[12,1,23379],[9,5,16590],[21,6,578276],[7,6,8898],[2,5,24515],[14,10,13332],[7,3,11232],[12,10,66127],[3,11,15581],[-3,6,12505],[2,8,66127],[10,5,31547],[9,14,15527],[3,8,7693],[5,9,33350],[7,8,12957],[10,5,184104],[18,4,8460],[13,4,14283],[7,0,92939],[103,76,0]],[[92269,90054,0],[205,386,0]],[[92474,90440,0],[2,5,15255],[-7,8,29622],[-13,1,14549],[5,3,14549],[-11,5,58161],[-2,3,8845],[0,9,13808],[-4,4,18505],[1,4,7656],[-1,6,10346],[-4,4,9651],[2,3,9651],[-1,7,58161],[-5,4,11463],[-4,8,11463],[-7,7,27186],[1,5,10524],[-4,8,33887],[-5,3,15101],[-4,11,17890],[-6,5,7788],[-3,4,8911],[-7,6,69316],[3,4,25404],[-5,4,11325],[0,5,13187],[-5,6,8663],[1,3,8663],[-6,12,33981],[-6,8,12014],[-5,10,12014],[-6,4,10534],[-3,7,33981],[1,12,69316],[-5,3,10080],[-2,6,10080],[-9,10,6984],[-4,5,21317],[-6,3,136089],[-5,39,40282],[-13,29,136089],[-8,11,9213],[-5,3,9213],[-1,6,11774],[-6,6,17077],[0,7,17077],[-4,5,10116],[-6,2,35613],[-6,11,10092],[0,3,15667],[-12,18,82102],[-4,-2,7930],[1,4,7930],[-6,3,17097],[-13,13,29358],[-11,4,9573],[-8,1,9441],[-3,2,82102],[-1,11,7133],[-2,3,7133],[3,2,20700],[-6,10,20700],[0,7,7693],[2,4,0]],[[92226,90867,0],[341,-26,0]],[[92708,90503,0],[2,-5,0]],[[92619,90513,0],[-63,9,138000],[5,-21,38021],[-5,-29,8184],[-1,-8,8184],[-3,-10,22951],[3,0,0]],[[92758,90342,0],[33,15,0]],[[92791,90357,0],[39,-2,0]],[[92830,90355,0],[20,-19,226602],[-203,-378,0]],[[92495,89997,0],[176,328,41174],[4,5,0]],[[92675,90330,0],[-9,3,12262],[2,3,0]],[[92668,90336,0],[26,-10,51275],[14,-1,21243],[22,5,12688],[3,2,0]],[[92733,90332,0],[25,10,0]],[[92905,90390,0],[-29,17,18960],[-11,4,0]],[[92824,90423,0],[-5,1,13185],[5,8,35240],[-20,3,25587],[-13,-6,0]],[[92791,90429,0],[-28,-4,12117],[-10,-1,54510],[-3,-2,8175],[0,-5,17474],[5,-6,7714],[1,-4,0]],[[92575,90400,0],[61,-19,0]],[[92730,90343,0],[-3,-3,6973],[-4,-4,0]],[[92723,90336,0],[-5,-2,18868],[-23,4,28762],[-21,8,48823],[-6,-10,0]],[[92834,90401,0],[2,-6,7677],[-2,-1,7677],[0,-9,10379],[-3,-2,7711],[1,-5,0]],[[92832,90378,0],[-1,0,6973],[0,-2,7916],[-1,-21,0]],[[92791,90357,0],[2,24,11270],[-1,13,0]],[[92792,90394,0],[-1,19,10334],[0,16,0]],[[90838,93342,0],[80,-32,103128],[26,-42,106436],[58,-27,13311],[54,-26,180765],[105,-96,438649],[117,-41,99881],[38,7,156171],[184,-72,10711],[33,-13,0],[24,-10,24744],[41,-11,0],[20,-6,13190],[32,-7,10645],[2,-1,241776],[94,-82,27586],[96,-82,28605],[194,-169,178379],[72,-43,0],[134,-35,0],[193,-50,0]],[[92435,92504,0],[-68,-58,0]],[[92367,92446,0],[-195,-120,0]],[[92172,92326,0],[-202,-38,113975],[-7,-8,9258],[0,-2,7212],[-7,-8,115103],[-11,-2,10025],[-10,-5,12523],[-7,0,37052],[-25,-10,7586],[-14,-6,13329],[-12,-3,13329],[-2,-4,13329],[-13,-4,9593],[-6,-4,9593],[-7,-2,47910],[-6,2,23511],[-20,-6,16989],[-15,-2,41711],[-20,-9,14712],[-4,-4,91599],[-6,0,8770],[-6,-3,8770],[-23,-4,17910],[-15,-1,10571],[-15,-3,56025],[-7,-4,11767],[-18,-7,11767],[-5,-3,30256],[-15,-5,9967],[-14,-2,561619],[-16,3,28331],[-27,-5,36176],[-14,1,15564],[-15,4,103726],[-30,23,21245],[-14,14,173731],[-11,2,17801],[-16,-4,20044],[-11,0,8212],[-16,1,12801],[-13,-2,42708],[-13,-4,26589],[-25,-2,10843],[-11,-2,9746],[-9,0,103792],[-12,3,9251],[-12,5,24045],[-12,3,10846],[-20,3,284961],[-20,-1,19363],[-23,-6,17673],[-16,-1,57700],[-51,-15,29138],[-10,-2,7011],[-17,-2,22965],[-17,-6,15219],[-20,-4,760228],[-8,-4,12663],[-14,-11,25882],[-9,-11,9167],[-9,-8,76082],[-13,-7,16298],[-13,-2,38270],[-14,-9,10600],[-11,-9,22170],[-10,-4,8796],[-7,-4,58197],[-3,-10,24494],[-8,-7,7948],[-11,-7,50135],[-15,-3,30581],[-3,-6,10816],[-12,-11,33447],[-14,-1,183696],[-3,-2,7176],[-2,-5,18914],[4,-4,7104],[1,-4,18914],[-5,-8,10542],[0,-3,37284],[10,-2,8499],[6,-3,37284],[0,-4,9794],[-4,-7,19677],[-10,-6,0]],[[92172,92326,0],[217,-27,0],[133,-26,44448],[153,-33,0],[175,-19,132964],[50,16,11961],[6,1,0],[226,-15,180304],[144,-43,0],[110,-32,135933],[7,-1,12482],[185,-19,16964],[8,-1,285492],[45,-19,54776],[272,-97,0]],[[93903,92011,0],[600,-274,0]],[[92806,90838,0],[-6,3,13415],[-8,11,33271],[-10,5,12203],[-10,1,23966],[-12,8,8120],[-6,5,70800],[-9,0,12932],[-12,4,26245],[-16,11,26245],[-9,1,14610],[-7,3,8566],[-5,0,8672],[-9,5,54738],[0,3,19450],[-21,9,7724],[-4,1,19450],[-5,6,9965],[-5,0,10795],[-17,9,110305],[-14,16,38903],[-15,8,13199],[-4,5,13199],[-18,10,27181],[-15,13,110305],[-4,2,8652],[-15,4,13300],[-11,2,13871],[-7,4,11226],[-13,3,25641],[-6,3,7420],[-6,4,9402],[-6,2,25641],[-11,-1,8489],[-4,1,160954],[-7,-5,10134],[-8,-9,14911],[-9,-5,74906],[-13,0,11976],[-3,2,14197],[-23,5,16469],[-11,-2,15699],[-8,3,136027],[-8,9,9084],[-7,11,16791],[-7,5,8210],[-4,5,39704],[-4,18,672429],[112,48,158546],[101,94,702713],[-66,171,268716],[-10,185,92186],[-17,138,650539],[-116,271,218223],[-206,383,0]],[[91775,91056,0],[212,-83,286073],[-3,-5,11408],[-2,-12,7358],[-4,-3,7358],[3,-1,12795],[-7,-4,12795],[6,-2,22967],[0,-12,70597],[-6,-3,13030],[-2,-7,21981],[-9,-6,10275],[-10,-3,31061],[-3,-6,8775],[1,-3,11576],[-5,-4,405412],[195,-28,62545],[85,-7,0]],[[68624,82702,0],[23,25,50386],[41,20,103518],[17,20,40587],[1,14,29804],[15,26,180044],[23,13,49078],[28,8,9670],[47,13,0]],[[68819,82841,0],[12,5,32334],[5,7,10718],[5,12,20118],[10,9,150644],[13,-4,28454],[13,-17,67854],[23,-45,14896],[7,-16,109875],[-3,-15,22759],[-10,-13,0]],[[68894,82764,0],[-69,-65,53996],[-40,-47,200803],[-44,-96,105984],[-42,-59,15223],[-30,-43,0]],[[68669,82454,0],[-35,4,24767],[-25,4,7868],[-17,4,37414],[-18,6,182438],[-22,21,15290],[-9,4,15290],[-7,11,99906],[-2,15,34333],[12,24,15236],[1,7,0]],[[68547,82554,0],[7,5,29053],[5,12,17096],[0,16,31111],[12,16,14404],[7,15,0]],[[68578,82618,0],[13,35,53441],[22,10,61500],[6,11,24533],[3,11,8861],[2,17,0]],[[91853,97453,0],[83,-41,0]],[[91936,97412,0],[-1308,-1176,846161],[-245,-92,0]],[[90383,96144,0],[-2,2,6973],[-5,5,0]],[[90376,96151,0],[-8,-3,9374],[-2,3,9374],[-11,0,0]],[[90355,96151,0],[3,13,7339],[0,5,18244],[-3,18,13538],[2,1,57584],[-7,7,7744],[-10,11,19444],[-3,9,0]],[[90337,96215,0],[0,7,17517],[10,1,0]],[[90347,96223,0],[198,53,836187],[1308,1177,0]],[[84576,90368,0],[164,211,786959],[326,43,30230],[147,19,495919],[169,-96,827159],[120,38,34894],[122,42,360591],[146,170,529014],[261,80,121403],[79,18,19326],[110,26,0]],[[86220,90919,0],[78,-148,60265],[63,-130,409768],[7,-110,189397],[-73,-31,0]],[[86264,90498,0],[-3,13,48204],[-14,2,18706],[-26,-3,0]],[[86221,90510,0],[-11,-3,0]],[[86210,90507,0],[-16,-7,0]],[[86194,90500,0],[-9,-2,9678],[-16,0,0]],[[86169,90498,0],[-12,-2,7816],[-11,-3,24722],[-14,-5,8383],[-12,-5,0],[-11,-6,0]],[[86109,90477,0],[-14,-3,0],[-14,-3,25575],[-58,-4,13503],[-44,-3,0]],[[85979,90464,0],[-9,-1,0]],[[85970,90463,0],[-11,-4,11015],[-18,-2,0]],[[85941,90457,0],[-7,-4,8646],[-12,-6,19879],[-23,-7,0]],[[85899,90440,0],[-14,-2,7141],[-12,-1,0]],[[85873,90437,0],[-10,-2,10061],[-18,-6,0]],[[85845,90429,0],[-12,-6,17190],[-18,-4,0]],[[85815,90419,0],[-15,0,11268],[-16,1,0]],[[85784,90420,0],[-13,0,8690],[-13,-1,0]],[[85758,90419,0],[-23,-5,16304],[-39,-7,0]],[[85696,90407,0],[-20,-4,8889],[-12,-4,29095],[-20,-8,12845],[-12,-7,0]],[[85632,90384,0],[-7,-7,8670],[-9,-8,0],[-11,-5,7674],[-14,-5,16999],[-9,-7,0]],[[85582,90352,0],[-7,-6,0]],[[85575,90346,0],[-6,-6,26959],[-10,-5,10274],[-12,-3,10274],[-12,-5,9966],[-16,-6,0],[-12,-4,0],[-11,-7,9331],[-6,-2,25863],[-18,-2,0]],[[85472,90306,0],[-15,5,14730],[-9,4,6973],[-8,4,0]],[[85440,90319,0],[-8,2,0]],[[85432,90321,0],[-14,8,9817],[-4,4,0]],[[85414,90333,0],[-8,8,0],[-5,4,8278],[-12,4,0],[-3,1,0]],[[85386,90350,0],[-8,-2,8984],[-4,2,0]],[[85374,90350,0],[-15,17,16193],[-13,11,58108],[-8,5,8670],[-15,7,23650],[-15,5,7983],[-10,3,176424],[-33,4,20832],[-20,0,7173],[-22,2,75981],[-24,-2,29415],[-10,-2,10447],[-31,-9,0]],[[85158,90391,0],[-10,-1,8120],[-22,-1,21230],[-9,0,6973],[-10,1,0]],[[85107,90390,0],[-10,0,13577],[-22,-6,0]],[[85075,90384,0],[-15,0,0]],[[85060,90384,0],[-12,2,15235],[-14,0,7936],[-14,0,0],[-13,-3,0]],[[85007,90383,0],[-11,-6,0]],[[84996,90377,0],[-21,-12,13140],[-18,-9,0]],[[84957,90356,0],[-12,-8,0]],[[84945,90348,0],[-7,-5,10335],[-10,-4,26511],[-10,-2,9236],[-10,0,0]],[[84908,90337,0],[-12,-1,9352],[-9,-2,26510],[-10,-5,7572],[-7,-6,0]],[[84870,90323,0],[-3,-5,9097],[-3,-12,50873],[-11,-10,25180],[-9,-5,6973],[-8,-4,13505],[-12,-4,0]],[[84824,90283,0],[-8,-3,0]],[[84816,90280,0],[-12,13,15890],[-5,11,15890],[-9,8,115393],[-10,2,19352],[-7,-3,8025],[-6,-4,53583],[-4,2,10647],[-2,8,22332],[-4,1,6981],[-8,-1,22332],[-13,8,12520],[-7,3,66174],[-32,-5,8104],[-4,-2,8104],[-6,1,115393],[-17,11,18217],[-6,7,60240],[-12,5,16161],[-22,4,35885],[-11,-5,10997],[-5,0,63461],[-17,6,8357],[-3,2,27716],[-18,16,0]],[[87161,92355,0],[-41,-106,21653],[-21,-58,110615],[-33,-62,32176],[-35,-72,578460],[-11,-52,25094],[-3,-28,62510],[-5,-92,62510],[-4,-20,21060],[-7,-8,94613],[12,-14,29893],[0,-17,54093],[-4,-11,15930],[-9,-9,54093],[-2,-24,16728],[-5,-46,257734],[5,-20,38829],[16,-12,13895],[6,-7,194044],[0,-18,8575],[-3,-78,30693],[-6,-75,61329],[2,-35,50696],[-6,-29,25615],[-8,-14,61329],[-4,-17,12613],[0,-14,35085],[7,-17,0]],[[86956,91251,0],[-7,0,11365],[-19,-2,33843],[-14,-3,11474],[-11,-5,14778],[-5,-6,14778],[-7,2,66815],[-6,-1,8248],[-12,1,8492],[-8,-2,17167],[-19,1,12442],[-11,-1,18991],[-8,3,18991],[-8,-3,13074],[-16,0,156513],[-28,3,15044],[-30,5,60327],[-9,5,7292],[-5,2,7292],[-3,3,7637],[-12,8,19083],[-7,2,319625],[-152,-53,107175],[-132,-29,0]],[[86427,91181,0],[-449,241,0]],[[82269,90927,0],[428,42,0],[139,14,508182],[-7,424,0],[31,15,17795],[220,97,0]],[[83080,91519,0],[343,152,48960],[247,110,17928],[453,200,0]],[[86427,91181,0],[-60,-82,70790],[-147,-180,0]],[[84576,90368,0],[-116,-18,108138],[-500,-98,698781],[-135,45,230706],[-384,37,1193040],[-146,-60,161331],[-380,-137,84119],[-330,-116,2900366],[-231,445,212502],[-57,65,664948],[-28,396,0]],[[88394,92333,0],[-49,-65,10408],[-188,-247,115210],[-137,-187,73803],[-118,-159,15222],[-157,-211,308395],[-128,-198,67817],[-1,-9,0]],[[78340,89125,0],[184,240,110687],[81,98,44204],[9,6,0]],[[78614,89469,0],[258,161,198886],[148,56,0]],[[80732,90587,0],[234,63,24845],[820,215,0]],[[81786,90865,0],[80,21,150124],[403,41,0]],[[84816,90280,0],[-10,-5,8798],[-9,-7,0]],[[84797,90268,0],[-6,-9,0]],[[84791,90259,0],[-4,-10,7303],[-3,-10,0]],[[84784,90239,0],[-3,-9,11884],[-12,-25,0]],[[84769,90205,0],[-4,-9,15858],[-6,-7,7707],[-8,-12,0]],[[84751,90177,0],[-3,-7,8152],[-2,-7,0]],[[84746,90163,0],[0,-6,0]],[[84746,90157,0],[1,-7,10006],[4,-10,0]],[[84751,90140,0],[2,-6,0]],[[84753,90134,0],[5,-11,39667],[-1,-7,7366],[-5,-17,7366],[-2,-10,15143],[-4,-9,69035],[-8,-10,9283],[-13,-12,13446],[-3,-6,0]],[[84722,90052,0],[0,-5,6973],[-2,-10,22185],[-4,-8,9967],[-6,-8,0]],[[84710,90021,0],[-7,-7,7302],[-8,-6,39382],[-9,-5,9269],[-9,-2,21101],[-20,-3,0]],[[84657,89998,0],[-19,1,0]],[[84638,89999,0],[-11,0,0]],[[84627,89999,0],[-11,-1,0],[-8,-2,0]],[[84608,89996,0],[-22,-4,0]],[[84586,89992,0],[-10,0,11067],[-24,2,0]],[[84552,89994,0],[-21,2,27329],[-14,1,9419],[-13,-1,18079],[-10,-3,0]],[[84494,89993,0],[-20,-6,10478],[-13,-4,0]],[[84461,89983,0],[-7,0,7145],[-10,2,0]],[[84444,89985,0],[-10,0,10271],[-20,-1,11847],[-19,1,0],[-21,-1,0],[-21,-4,11652],[-10,-3,0]],[[84343,89977,0],[-8,-5,6973],[-8,-5,16333],[-20,-9,0],[-9,-4,0]],[[84298,89954,0],[-7,-5,0],[-10,-7,18977],[-23,-9,0]],[[84258,89933,0],[-8,-8,12127],[-3,-7,0]],[[84247,89918,0],[-3,-8,12876],[-8,-10,12876],[-1,-4,9961],[-8,-8,9961],[-4,-7,7644],[-13,-18,0]],[[84210,89863,0],[-6,-7,6973],[-8,-8,0],[-6,-7,14296],[-8,-6,8084],[-8,-6,0]],[[84174,89829,0],[-13,-4,0]],[[84161,89825,0],[-13,-7,10484],[-9,-5,0]],[[84139,89813,0],[-20,-15,0]],[[84119,89798,0],[-9,-8,10727],[-15,-12,0]],[[84095,89778,0],[-7,-5,0]],[[84088,89773,0],[-17,-7,0],[-12,-4,0]],[[84059,89762,0],[-10,-4,0]],[[84049,89758,0],[-10,-3,13720],[-32,-4,0]],[[84007,89751,0],[-20,1,10208],[-7,-1,0]],[[83980,89751,0],[-7,-2,7650],[-5,1,0]],[[83968,89750,0],[-5,5,13251],[-10,8,8544],[-7,3,57016],[-15,0,7673],[-10,-1,22978],[-10,-2,7592],[-5,-3,0]],[[83906,89760,0],[-10,-8,14883],[-16,-10,0]],[[83880,89742,0],[-13,-4,0]],[[83867,89738,0],[-5,-2,8090],[-16,-8,15544],[-8,-6,0]],[[83838,89722,0],[-7,-7,7245],[-7,-7,22652],[-20,-16,8117],[-7,-5,0]],[[83797,89687,0],[-5,-7,0]],[[83792,89680,0],[0,-3,7083],[-5,-14,12774],[0,-9,0]],[[83787,89654,0],[3,-4,0]],[[83790,89650,0],[16,-9,15746],[15,-6,0]],[[83821,89635,0],[12,-4,18827],[8,-5,10242],[4,-6,36804],[2,-9,6973],[2,-6,0]],[[83849,89605,0],[2,-7,8572],[6,-13,14553],[4,-5,0]],[[83861,89580,0],[17,-7,12701],[5,-4,57696],[6,-10,8976],[4,-12,20674],[5,-19,135639],[-2,-9,6995],[-2,-3,17391],[-8,-9,47412],[-26,-16,12861],[-12,-6,0]],[[83848,89485,0],[-6,-1,0],[-16,-3,0],[-18,-3,0]],[[83808,89478,0],[-28,-6,0]],[[83780,89472,0],[-22,-2,8046],[-26,-2,26368],[-14,-3,9955],[-16,-4,0]],[[83702,89461,0],[-33,-3,0]],[[83669,89458,0],[-13,0,8216],[-12,-2,0]],[[83644,89456,0],[-6,-2,0]],[[83638,89454,0],[-19,-6,15795],[-16,-7,30031],[-20,-13,0]],[[83583,89428,0],[-7,-4,8569],[-15,-4,0]],[[83561,89420,0],[-7,-2,11319],[-14,-6,7012],[-9,-4,0]],[[83531,89408,0],[-8,-5,10169],[-16,-6,19426],[-9,-3,6973],[-9,-2,0]],[[83489,89392,0],[-9,-2,0]],[[83480,89390,0],[-24,-6,0]],[[83456,89384,0],[-8,-3,0]],[[83448,89381,0],[-13,-8,0]],[[83435,89373,0],[-13,-8,12044],[-12,-5,0]],[[83410,89360,0],[-12,-4,10019],[-16,-4,0]],[[83382,89352,0],[-21,-5,0],[-14,-5,0]],[[83347,89342,0],[-16,-2,23317],[-48,1,0]],[[83283,89341,0],[-8,-1,0]],[[83275,89340,0],[-14,-5,13773],[-11,-6,0]],[[83250,89329,0],[-2,-3,7619],[-6,-10,12534],[-2,-3,6973],[-3,-3,6973],[-3,-4,6973],[-4,-4,0]],[[83230,89302,0],[-9,-11,17675],[-10,-19,0]],[[83211,89272,0],[-8,-9,10331],[-9,-8,34601],[-20,-15,18362],[-10,-5,6973],[-9,-5,107310],[-8,-2,9774],[-16,-2,37429],[-10,1,6973],[-11,2,11915],[-6,1,6973],[-8,2,0]],[[83096,89232,0],[-17,3,19134],[-33,0,30612],[-27,-3,67220],[-5,-2,11084],[-12,-11,0]],[[83002,89219,0],[-3,-4,7737],[-11,-8,0]],[[82988,89207,0],[-8,-6,0]],[[82980,89201,0],[-14,-12,0]],[[82966,89189,0],[-14,-6,17022],[-14,-4,7987],[-8,-1,0]],[[82930,89178,0],[-12,0,17682],[-10,3,9016],[-4,3,0]],[[82904,89184,0],[-16,16,16873],[-14,10,0]],[[82874,89210,0],[-6,2,6973],[-4,3,13734],[-7,7,0]],[[82857,89222,0],[-20,16,0]],[[82837,89238,0],[-8,10,0]],[[82829,89248,0],[-3,7,10553],[-11,13,0]],[[82815,89268,0],[-3,5,7862],[-3,11,0]],[[82809,89284,0],[-2,4,7472],[-7,8,0]],[[82800,89296,0],[-3,2,6973],[-7,8,6973],[-3,4,13540],[-6,9,0]],[[82781,89319,0],[-7,9,0]],[[82774,89328,0],[-18,16,17371],[-4,4,6973],[-2,4,6973],[-3,4,0]],[[82747,89356,0],[-4,3,14081],[-12,6,8135],[-17,8,0]],[[82714,89373,0],[-7,2,6973],[-7,2,8813],[-11,6,0]],[[82689,89383,0],[-10,2,11826],[-13,3,8260],[-21,5,0]],[[82645,89393,0],[-11,1,0]],[[82634,89394,0],[-25,-2,8476],[-34,-2,24345],[-25,1,0]],[[82550,89391,0],[-8,0,8340],[-9,-2,26792],[-8,-6,7953],[-7,-6,0]],[[82518,89377,0],[-5,-4,6973],[-5,-4,10056],[-10,-5,47760],[-32,-13,26496],[-25,-7,9903],[-16,-4,0]],[[82425,89340,0],[-14,-2,9310],[-13,-1,19260],[-17,2,0]],[[82381,89339,0],[-14,3,10446],[-13,5,23303],[-17,10,0]],[[82337,89357,0],[-17,14,10849],[-29,24,0]],[[82291,89395,0],[-5,4,9793],[-3,10,0]],[[82283,89409,0],[-8,14,0]],[[82275,89423,0],[-4,15,13925],[0,7,0]],[[82271,89445,0],[8,14,8746],[3,9,22607],[2,16,0]],[[82284,89484,0],[-4,8,11940],[-1,9,0]],[[82279,89501,0],[5,17,0]],[[82284,89518,0],[-1,9,14015],[-6,7,35089],[-13,8,13046],[-7,1,97243],[-38,1,13188],[-17,0,33556],[-27,-5,0]],[[82175,89539,0],[-14,-3,10566],[-24,-4,0]],[[82137,89532,0],[-32,2,0]],[[82105,89534,0],[-15,1,18924],[-21,-1,7878],[-17,-1,15507],[-19,1,0]],[[82033,89534,0],[-17,-3,0]],[[82016,89531,0],[-18,-6,0]],[[81998,89525,0],[-25,-10,10803],[-10,-3,0]],[[81963,89512,0],[-9,-3,0]],[[81954,89509,0],[-9,-4,0]],[[81945,89505,0],[-34,-23,9364],[-9,-5,0]],[[81902,89477,0],[-18,-9,0],[-16,-5,0],[-13,-5,0]],[[81855,89458,0],[-7,-4,0]],[[81848,89454,0],[-10,-6,8690],[-11,-6,0]],[[81827,89442,0],[-24,-7,22610],[-19,-3,10840],[-9,0,0]],[[81775,89432,0],[-9,2,12622],[-18,8,26262],[-15,8,8975],[-13,7,56520],[-10,8,15491],[-10,15,0]],[[81700,89480,0],[-8,14,0]],[[81692,89494,0],[-7,13,12702],[-10,13,0]],[[81675,89520,0],[-12,15,0]],[[81663,89535,0],[-4,5,7530],[-3,7,0]],[[81656,89547,0],[-6,17,30947],[-5,7,8027],[-5,4,15007],[-7,2,0]],[[81633,89577,0],[-9,-1,20585],[-15,-9,11636],[-12,-4,0]],[[81597,89563,0],[-9,-2,9220],[-15,1,20562],[-10,-2,8244],[-12,-3,0]],[[81551,89557,0],[-6,-2,17208],[-11,-2,7722],[-27,-2,11232],[-8,-1,0],[-18,-4,0],[-34,-4,0]],[[81447,89542,0],[-13,-2,7352],[-23,-4,29369],[-9,-3,7890],[-12,-6,0]],[[81390,89527,0],[-7,-4,10127],[-7,-2,0]],[[81376,89521,0],[-21,-4,7829],[-11,-3,32641],[-40,-12,10930],[-25,-9,0]],[[81279,89493,0],[-23,-6,0]],[[81256,89487,0],[-15,-4,13883],[-21,-8,34616],[-41,-22,0]],[[81179,89453,0],[-6,-2,7836],[-13,-3,0]],[[81160,89448,0],[-20,-2,8318],[-13,-2,0]],[[81127,89444,0],[-30,-4,13851],[-31,-3,49669],[-22,0,12522],[-38,1,0]],[[81006,89438,0],[-18,0,9994],[-18,-2,40319],[-17,-4,15893],[-14,-5,7624],[-5,-3,0]],[[80934,89424,0],[-9,-9,12196],[-9,-6,25798],[-6,-2,6973],[-9,-2,0]],[[80901,89405,0],[-22,-5,11560],[-12,-3,0]],[[80867,89397,0],[-5,-3,0]],[[80862,89394,0],[-6,-7,10826],[-2,-6,0]],[[80854,89381,0],[-1,-4,7612],[-6,-7,0]],[[80847,89370,0],[-4,-8,0]],[[80843,89362,0],[-5,-13,9871],[-3,-12,0]],[[80835,89337,0],[0,-22,7091],[-1,-5,0]],[[80834,89310,0],[-1,-8,0],[1,-9,0],[1,-10,0]],[[80835,89283,0],[1,-18,0]],[[80836,89265,0],[-5,-12,0]],[[80831,89253,0],[-3,-6,0]],[[80828,89247,0],[-1,-4,6973],[-2,-4,28642],[-13,-12,16335],[-18,-13,10369],[-4,-4,0]],[[80790,89210,0],[-16,-17,0]],[[80774,89193,0],[-2,-4,6973],[-4,-4,0],[-4,-4,6973],[-4,-4,0],[-13,-10,14073],[-19,-11,0]],[[80728,89156,0],[-4,-3,0]],[[80724,89153,0],[-8,-7,8417],[-13,-9,0],[-5,-3,6973],[-7,-2,0]],[[80691,89132,0],[-21,-8,16552],[-14,-8,0]],[[80656,89116,0],[-3,-7,0]],[[80653,89109,0],[0,-4,0]],[[80653,89105,0],[1,-8,0]],[[80654,89097,0],[1,-18,24743],[2,-8,10699],[6,-8,0]],[[80663,89063,0],[13,-15,7206],[6,-6,10308],[8,-9,71599],[2,-8,10748],[-1,-7,25001],[-5,-12,6973],[-4,-7,0]],[[80682,88999,0],[-2,-10,0]],[[80680,88989,0],[-1,-8,6973],[-1,-6,10938],[-3,-9,0]],[[80675,88966,0],[-2,-12,12388],[-4,-9,0],[-4,-6,6973],[-6,-8,0],[-7,-8,0]],[[80652,88923,0],[-11,-10,10045],[-7,-10,36867],[-3,-10,13428],[0,-11,0]],[[80631,88882,0],[1,-4,6973],[1,-5,17387],[-5,-18,37699],[-7,-9,10057],[-6,-3,0]],[[80615,88843,0],[-4,-4,11065],[-12,-17,0]],[[80599,88822,0],[-9,-13,0]],[[80590,88809,0],[-6,-17,0]],[[80584,88792,0],[-5,-13,0]],[[80579,88779,0],[-4,-5,7179],[-8,-9,13605],[-12,-10,0],[-5,-3,6973],[-6,-3,0]],[[80544,88749,0],[-16,-8,8358],[-12,-7,16285],[-3,-4,0],[-1,-4,0]],[[80512,88726,0],[-1,-4,0],[-3,-5,10892],[-9,-11,22419],[-15,-9,0]],[[80484,88697,0],[-6,-1,0],[-10,1,0],[-8,6,14690],[-10,0,0]],[[80450,88703,0],[-5,-2,10164],[-17,-9,15561],[-9,-8,0]],[[80419,88684,0],[-6,-9,13577],[-10,-7,0]],[[80403,88668,0],[-7,-8,0]],[[80396,88660,0],[-3,-8,9983],[-5,-9,18977],[-9,-9,52264],[-6,-4,6973],[-7,-3,14026],[-18,-5,0]],[[80348,88622,0],[-18,-8,26409],[-11,-6,11694],[-15,-13,0]],[[80304,88595,0],[-7,-4,7102],[-8,-3,0]],[[80289,88588,0],[-10,-4,9854],[-25,-15,0]],[[80254,88569,0],[-15,-5,21122],[-18,-3,9301],[-8,0,0]],[[80213,88561,0],[-8,-2,0]],[[80205,88559,0],[-6,-3,13946],[-11,-11,8400],[-6,-6,19857],[-16,-10,7706],[-6,-5,51579],[-10,-6,7346],[-6,-3,6973],[-8,-3,18606],[-15,-4,0]],[[80121,88508,0],[-13,-1,0]],[[80108,88507,0],[-166,-6,40020],[-147,-8,143206],[-234,5,760244],[-101,235,821806],[-352,-37,134394],[-97,-22,663145],[-265,174,455647],[-238,-20,1371421],[68,204,491978],[-236,93,0]],[[89432,91321,0],[-83,-187,167474],[-27,-82,85442],[7,-19,23341],[-6,-13,23341],[9,-2,0]],[[89332,91018,0],[-14,-18,11099],[-39,-51,0]],[[88874,91094,0],[-14,36,25078],[3,3,0]],[[88863,91133,0],[-6,5,38604],[4,10,12361],[7,8,14824],[-3,5,13543],[8,2,13543],[5,8,9410],[-1,2,9410],[6,6,45420],[-6,9,10153],[-5,3,45420],[1,4,8615],[6,4,25144],[10,4,12400],[7,-2,9915],[4,3,45420],[1,12,21821],[3,7,10518],[6,6,101576],[18,4,23107],[2,2,7137],[-3,5,30874],[9,6,15259],[2,8,16594],[5,3,9391],[6,8,8496],[5,4,366101],[140,95,69730],[271,177,0]],[[89202,91839,0],[-297,-51,719174],[-204,-202,453750],[-1,-234,0]],[[75145,90573,0],[14,23,0]],[[75159,90596,0],[114,0,24014],[109,-1,0]],[[75382,90595,0],[229,-165,338597],[-5,-110,0]],[[75606,90320,0],[-59,-65,0]],[[75547,90255,0],[0,-21,6973],[0,-4,0]],[[75547,90230,0],[1,-16,61961],[-54,-1,0]],[[75374,90200,0],[-6,-3,14114],[-2,-8,14553],[-11,-9,36741],[1,-6,20403],[-7,-11,10142],[-7,-13,71909],[-6,1,7379],[-16,1,0]],[[75320,90152,0],[7,16,23091],[-3,11,65876],[-2,2,6983],[-7,1,18107],[-13,-1,12899],[-14,2,65876],[-3,2,7116],[-1,4,19146],[2,15,55327],[-8,7,16030],[-18,6,16030],[-9,7,244700],[1,7,12706],[7,8,12706],[6,14,93796],[-4,12,16360],[-7,8,28277],[0,5,7039],[3,5,28277],[-19,59,96633],[-2,20,25499],[6,13,25499],[5,51,272759],[5,15,30454],[-14,2,40532],[-24,15,22196],[-1,9,18999],[-10,3,48842],[-4,14,15974],[-9,13,48842],[-21,2,132244],[-24,74,0]],[[76766,89487,0],[-60,181,385888],[39,167,155486],[58,107,0]],[[76803,89942,0],[198,242,403640],[232,97,0]],[[77233,90281,0],[75,-55,174928],[140,-11,174928],[86,-22,95339],[64,-40,674963],[58,-60,67151],[161,-187,160885],[114,-155,860804],[44,-17,133098],[86,25,42709],[55,12,537828],[84,-70,130114],[209,-128,211022],[205,-104,0]],[[78340,89125,0],[-561,-647,65587],[-418,-487,0]],[[77361,87991,0],[-266,-39,0]],[[77095,87952,0],[-34,50,189645],[-377,781,0]],[[76684,88783,0],[562,180,1299507],[-25,612,1113404],[-455,-88,0]],[[84093,93777,0],[-9,-2,10421],[-7,-3,22620],[-6,-6,7006],[-9,-6,50108],[-10,-13,14477],[-5,-10,7100],[-2,-3,24611],[-12,-9,90866],[-5,-1,8510],[-15,-1,11705],[-7,-2,30267],[-3,-10,13332],[-4,-2,30267],[-13,7,375240],[-26,2,19320],[-27,0,38413],[-6,4,8823],[-10,3,34373],[-26,-1,19040],[-8,0,7460],[-3,2,78514],[-8,10,8295],[-3,6,56301],[-4,0,9297],[-12,-3,29066],[-10,5,20542],[-14,2,10259],[-10,0,127393],[-12,-6,8016],[-10,-4,17644],[-3,-4,8921],[-6,-4,127393],[-8,2,8084],[-11,-1,14379],[-12,4,13777],[-13,0,28166],[-8,3,9348],[-1,3,68726],[5,7,15311],[1,12,68726],[-26,11,32798],[-22,13,19932],[-9,10,127393],[-10,-2,14518],[-12,2,7207],[-4,-1,27357],[-10,-4,15052],[-16,-3,68731],[-15,6,8777],[-10,3,20377],[-10,8,0]],[[83597,93801,0],[5,4,17550],[0,11,9653],[-1,4,17550],[3,8,11783],[0,9,47720],[-6,3,16400],[-4,5,8734],[-3,8,42743],[2,12,11409],[5,10,133489],[11,15,22143],[9,7,7951],[12,11,31840],[2,8,9865],[3,6,31840],[19,3,229400],[3,6,15814],[-4,3,9194],[0,5,45268],[-7,5,11297],[-9,4,19934],[-4,6,16884],[-15,9,49756],[-14,-5,49756],[-5,6,8844],[-1,6,18080],[3,6,32594],[-6,2,10339],[-6,6,18245],[-3,9,671326],[-14,1,20802],[-16,-3,12986],[-19,-1,49694],[-9,3,15155],[-6,8,104295],[-4,0,9335],[-7,-5,15485],[-13,-1,25895],[-5,-4,9604],[-4,1,11213],[-5,-6,14656],[-16,-5,53796],[-27,-5,16875],[-22,-1,149165],[-28,19,55118],[-13,4,20463],[-14,0,7473],[-2,1,9793],[-13,-1,149165],[-11,-3,11057],[-10,-5,7686],[-10,-4,48517],[-28,-6,26243],[-26,0,10231],[-8,-1,121278],[-16,3,8670],[0,2,8670],[-14,1,31364],[-5,4,15555],[-11,3,9512],[-5,-1,15555],[-7,4,8482],[-14,4,11033],[-2,2,121278],[-8,1,7235],[-5,-1,9922],[-7,2,14213],[-19,-1,39211],[-8,-3,11314],[-26,-5,39211],[-26,-2,15580],[-25,-4,24048],[-11,-1,8040],[-9,1,913152],[-1,4,15560],[4,11,9214],[5,6,9214],[2,8,25515],[11,19,16495],[2,11,10475],[4,4,74340],[-3,36,49239],[5,7,7125],[2,6,21936],[1,10,7426],[-2,7,21017],[6,5,294508],[13,4,8079],[13,2,72616],[9,5,18219],[11,11,8174],[4,6,41335],[4,11,19379],[6,6,7961],[6,4,20738],[1,7,11672],[5,7,117887],[17,10,27701],[13,0,16704],[13,3,10122],[8,4,35464],[9,11,19052],[11,4,35464],[6,-5,12374],[8,1,54800],[7,7,19026],[13,4,10858],[6,5,117887],[1,10,14148],[3,8,9803],[-1,6,9803],[3,7,0]],[[83263,94260,0],[2,3,8748],[26,58,215353],[-126,113,647255],[-739,306,0]],[[82426,94740,0],[111,807,0]],[[82537,95547,0],[1387,-145,428947],[145,-47,0]],[[84069,95355,0],[32,1,16783],[21,-2,126420],[38,-12,22535],[51,-19,54767],[63,-15,68276],[29,-20,68276],[17,-5,26006],[50,-5,662654],[10,-9,21277],[1,-5,7755],[-2,-4,21277],[4,-8,12953],[5,-2,9642],[5,-8,86401],[-4,-3,7059],[-10,-4,8975],[-11,-7,63747],[0,-5,14206],[8,-3,10022],[2,-4,32100],[-5,-2,8914],[-1,-4,22795],[5,-3,12143],[2,-8,17651],[-3,-5,146565],[26,-14,22383],[21,-15,80178],[18,-25,38526],[1,-19,235432],[-16,-18,11502],[-18,-22,40500],[-6,-19,112058],[7,-40,11876],[4,-19,446784],[31,-36,29487],[21,-17,23274],[4,-7,7180],[2,-6,9118],[4,-4,23224],[8,-3,9692],[4,-5,148908],[7,-1,12130],[4,4,12307],[21,2,96946],[14,-5,13861],[8,-6,26649],[6,-2,8831],[18,-3,42705],[11,-6,8877],[7,-2,21213],[16,-12,9640],[2,-2,75196],[-8,-7,25188],[2,-4,9312],[8,-6,0]],[[84603,94875,0],[-205,-229,15068],[-175,-195,924300],[-56,-163,7733],[-50,-146,148595],[-35,-148,390640],[10,-53,29415],[2,-4,10440],[9,-1,22499],[0,-7,12282],[-5,-2,105935],[-13,3,18073],[-5,3,7882],[-5,6,48723],[-6,-3,19664],[-5,-16,92389],[2,-5,9544],[6,-5,9544],[16,-22,23477],[3,-10,13914],[7,-10,92389],[1,-3,8720],[-3,-9,16982],[4,-8,12932],[-1,-6,44618],[-9,-7,29040],[0,-4,9690],[-6,-11,11827],[-2,-12,71243],[2,-11,20101],[6,-6,8551],[5,-8,20101],[-2,-6,0]],[[81710,92310,0],[193,47,176580],[92,60,176580],[193,66,108294],[120,55,0]],[[82308,92538,0],[32,-18,21369],[26,-11,64620],[6,-19,100323],[8,-6,22700],[26,-2,27351],[11,-4,12331],[20,-5,14021],[11,-5,100323],[7,-18,65530],[19,-5,9424],[39,-12,65530],[32,-16,40056],[15,-19,698256],[4,-21,25651],[-3,-23,42444],[3,-16,7959],[0,-7,17902],[-4,-7,17902],[6,-10,23170],[6,-26,84192],[-1,-12,12128],[-5,-18,37653],[1,-34,17324],[-1,-14,286559],[-17,-19,29983],[-20,-33,17650],[-9,-12,128869],[-1,-10,8172],[-2,-13,36346],[-6,-15,12389],[-3,-12,18600],[-8,-16,44881],[0,-5,8688],[3,-6,8180],[0,-4,76123],[-14,-37,28743],[-12,-14,23375],[-4,-14,1040372],[7,-17,43500],[66,-94,131047],[48,-52,16158],[5,-7,60067],[25,-15,25156],[8,-9,7984],[10,-8,143034],[1,-8,8445],[1,-16,71118],[6,-7,10530],[22,-20,12221],[7,-5,12221],[7,-9,58149],[5,-11,8196],[2,-9,10617],[5,-10,559576],[7,-6,11880],[12,-5,37353],[11,-2,8880],[14,-2,18091],[12,-2,7716],[8,-3,45131],[12,-9,20549],[20,-7,9515],[6,-4,148355],[1,-4,9077],[-2,-19,20057],[4,-5,31179],[-6,-20,159374],[2,-2,14217],[14,3,10906],[4,-1,41164],[23,-10,24205],[13,-1,18029],[7,-2,7186],[8,-4,58803],[8,11,8510],[2,1,58803],[19,-1,12474],[10,-3,38837],[10,-11,22195],[5,-3,6993],[7,0,159374],[7,-8,7411],[3,-5,20789],[1,-8,10611],[4,-8,46898],[-9,-17,266091],[13,-4,9841],[10,-1,30887],[23,-13,12760],[7,-3,84885],[18,1,30026],[26,13,80965],[7,0,13966],[18,-6,30020],[23,-14,0]],[[81786,90865,0],[-14,209,224403],[-26,77,39576],[-33,86,107032],[-14,83,630369],[15,52,45009],[20,103,205259],[-14,89,106455],[4,85,25720],[7,5,11825],[0,5,25720],[-7,12,25720],[1,19,9439],[2,6,9132],[-1,8,15775],[4,8,15775],[-4,8,310444],[-12,8,9130],[-6,6,51780],[-2,8,19729],[1,11,10399],[4,13,62750],[-8,8,14713],[-12,8,9640],[-8,7,235331],[1,7,19601],[8,9,14914],[4,10,89498],[-2,13,7699],[-2,6,26438],[0,11,7665],[1,21,43185],[-5,13,11472],[0,8,11472],[-3,8,27974],[1,7,8073],[0,11,23112],[-1,3,8787],[-2,12,10093],[-2,5,143052],[2,8,15597],[9,10,40737],[7,4,8305],[7,1,11467],[13,7,143052],[3,3,11166],[1,16,42052],[-6,9,10835],[-11,9,45726],[-3,12,14264],[1,10,24057],[-9,14,11047],[0,4,38546],[10,11,32581],[-3,8,10021],[-4,3,8790],[-2,5,258459],[8,8,9200],[6,4,20576],[11,3,67772],[7,7,12391],[8,14,16403],[4,3,9782],[14,18,44474],[6,10,14554],[0,7,10151],[4,10,258459],[-4,11,10279],[-1,10,19207],[2,3,10677],[-1,10,64220],[-7,7,10803],[-6,10,26290],[-10,3,7265],[-5,2,26290],[-5,12,99981],[2,7,15008],[10,10,11591],[2,5,55458],[-3,5,10071],[-10,6,11544],[-7,8,55458],[-1,10,15763],[-10,40,0]],[[79598,93405,0],[23,10,25430],[29,9,15077],[24,6,31099],[11,5,9625],[11,6,208541],[1,4,9469],[-1,7,12388],[-5,5,12388],[2,7,20448],[-3,11,10243],[-3,5,121636],[7,6,7508],[13,9,12785],[12,11,12785],[6,2,76266],[3,8,14506],[10,11,28808],[4,12,9917],[1,11,28138],[9,5,18207],[3,10,224070],[31,7,62666],[13,5,10451],[12,7,23281],[15,12,36844],[7,0,10000],[13,3,40122],[7,7,7522],[13,9,10257],[2,5,10257],[7,3,31798],[9,0,398035],[2,-7,9452],[5,-8,15994],[-1,-5,9030],[2,-9,55693],[-10,-9,28447],[1,-4,8050],[6,-8,28447],[0,-11,7905],[-1,-4,20002],[-8,-12,20002],[3,-7,107049],[9,-5,7900],[10,-4,25147],[12,-13,398035],[199,4,61987],[16,-3,28967],[10,1,7644],[7,3,15321],[5,4,7207],[4,1,36168],[17,0,12394],[13,2,21334],[13,-3,8032],[6,1,260027],[1,3,7956],[7,3,29515],[9,2,13148],[12,-2,22164],[12,3,8643],[4,2,52695],[-2,4,13980],[10,3,13980],[0,4,8350],[5,7,88210],[10,3,11250],[13,2,24349],[4,-2,8090],[8,1,8090],[5,-1,61062],[12,3,9538],[8,4,9538],[8,1,20583],[13,7,28190],[15,5,11805],[29,8,702989],[13,1,14108],[14,-2,14108],[7,1,9143],[11,-1,51218],[7,2,7435],[16,3,21461],[20,0,21461],[13,2,7162],[8,0,11257],[33,5,91305],[20,-1,12910],[21,1,18601],[26,-1,18601],[14,1,39590],[17,-2,15396],[10,0,10687],[21,-2,175372],[8,1,7636],[7,2,16882],[5,5,43136],[27,4,25813],[9,0,9986],[19,-3,43136],[23,3,10415],[8,2,21168],[27,0,25450],[22,3,9510],[9,1,7199],[14,2,34501],[13,-1,11245],[14,1,91126],[7,-1,7638],[3,-3,16114],[28,-5,12893],[8,-3,28309],[7,1,9001],[9,-1,91126],[14,4,11933],[5,3,17170],[18,4,20570],[16,9,91126],[6,0,8277],[14,0,15556],[7,3,27032],[12,-4,17092],[13,0,53058],[13,6,19102],[10,1,9598],[9,2,43915],[29,0,10543],[5,3,10543],[7,-2,19308],[11,1,7475],[11,1,240366],[8,-3,11510],[14,-1,14928],[10,-5,27697],[5,-6,0]],[[81162,93618,0],[413,-43,0]],[[81575,93575,0],[-87,-512,661090],[-115,-49,198725],[-9,-83,198725],[-179,-120,499125],[37,-159,0]],[[81222,92652,0],[58,-164,204917],[24,-154,77210],[6,-99,0]],[[81310,92235,0],[-29,-4,9695],[-49,-6,91684],[-110,-5,36502],[-121,-2,226197],[-139,-47,664577],[-170,-135,25436],[-40,-33,24187],[-72,-57,172114],[-67,-45,61049],[-37,-13,0]],[[79215,91870,0],[-63,198,356605],[48,158,175825],[1,155,0]],[[79201,92381,0],[0,14,0],[4,308,0],[95,137,14893],[147,211,9489],[87,124,446350],[64,230,0]],[[85250,96398,0],[117,-222,227272],[94,-282,470160],[-29,-181,0]],[[85432,95713,0],[-12,-76,176143],[-114,-116,474149],[-535,-460,276790],[-137,-152,0]],[[84634,94909,0],[-31,-34,0]],[[82537,95547,0],[93,654,0]],[[82630,96201,0],[1173,-18,1004814],[107,202,0]],[[83910,96385,0],[39,79,74689],[43,55,0]],[[83992,96519,0],[87,65,74429],[103,63,0]],[[84182,96647,0],[73,54,29782],[0,9,29782],[16,3,14981],[5,4,296194],[5,-2,8356],[5,2,8356],[18,0,27260],[16,-4,11147],[4,-3,27260],[22,-2,13462],[9,2,13462],[10,-3,61852],[9,0,9252],[4,3,24285],[57,0,98464],[38,-4,30194],[3,-3,7206],[9,-4,30194],[19,-3,14219],[13,-4,23518],[16,1,12145],[7,-2,404364],[6,-15,22399],[8,-6,12270],[6,-9,60558],[15,-9,10787],[37,-24,62961],[7,-7,11692],[12,-15,10572],[6,-5,20020],[13,-19,243855],[59,-11,28355],[33,-2,22663],[27,-6,52218],[10,2,13057],[19,-1,404364],[30,37,9164],[3,2,9164],[7,11,16501],[1,5,14236],[9,2,16501],[-2,5,16501],[12,13,68872],[-6,6,13530],[2,5,45904],[9,7,8082],[8,4,25424],[23,6,560593],[10,0,12956],[15,4,14413],[20,0,12765],[10,2,69034],[9,-3,20188],[-8,-9,20188],[7,-8,69034],[6,-3,11160],[21,-4,40083],[18,-2,8762],[17,-3,10259],[21,-1,9465],[15,-2,22243],[25,-8,22243],[7,3,163809],[20,-5,19393],[6,-4,10290],[18,-7,28971],[40,-11,23515],[13,-4,8464],[13,-6,61079],[4,-7,27987],[4,-3,7197],[10,-5,7197],[6,-3,12778],[2,-4,12778],[12,-3,36551],[11,1,0]],[[85246,96572,0],[3,-173,22264],[1,-1,0]],[[82489,97140,0],[-79,508,0]],[[82410,97648,0],[1239,-580,711656],[231,-224,318540],[114,-21,128038],[74,-42,57706],[-11,-1,11094],[-1,-2,0]],[[84056,96778,0],[3,-3,15716],[-3,-21,112954],[10,-11,18744],[23,-14,37847],[41,-42,48032],[52,-40,0]],[[83992,96519,0],[-401,162,23787],[-175,71,198073],[-86,50,74911],[-95,39,0]],[[83235,96841,0],[-746,299,0]],[[84272,92919,0],[-271,2,85694],[-526,11,748528],[-228,65,79539],[-311,96,79539],[-6,0,17683],[-40,9,12899],[-7,2,0]],[[82883,93104,0],[-17,9,21535],[-6,7,13401],[-13,10,45389],[-12,20,11765],[-4,5,119809],[-10,3,8769],[-21,6,14494],[-11,6,25153],[-8,2,7220],[-17,3,45394],[-10,4,12377],[-16,8,8332],[-15,8,144590],[-10,23,17155],[-9,17,0]],[[82704,93235,0],[-107,394,0]],[[82597,93629,0],[180,-37,12729],[7,-2,0]],[[82784,93590,0],[4,-6,9694],[6,-3,27412],[12,-1,10279],[13,-3,47820],[11,0,9359],[18,3,14682],[10,-1,53374],[30,-8,10302],[14,-4,24481],[6,-5,144396],[4,3,11497],[15,1,11497],[9,4,43542],[4,6,7522],[5,4,9945],[-1,2,9945],[7,3,12027],[4,6,144396],[10,-1,13273],[11,4,15147],[12,-1,7111],[8,1,50652],[4,-2,9982],[14,-2,16771],[6,1,13105],[4,-1,7052],[11,-2,24200],[2,-2,7334],[5,0,7334],[6,-3,67881],[5,3,10858],[10,0,16164],[6,2,7487],[4,3,53220],[4,-6,15640],[5,1,7573],[1,3,17737],[4,-4,11883],[8,2,11883],[9,0,8889],[3,2,8889],[4,-3,9834],[5,2,9834],[5,-2,25494],[12,4,15418],[4,-3,575405],[16,7,15152],[3,-1,15152],[8,2,8627],[6,0,8627],[-1,3,10055],[7,-1,9786],[2,3,33943],[7,-2,7185],[7,-1,33943],[3,2,8731],[-2,4,18268],[16,11,104432],[3,5,9349],[-1,4,7924],[2,3,18762],[-3,7,15430],[3,10,63312],[11,8,12992],[6,2,12992],[12,6,10591],[6,5,224252],[19,6,8554],[11,2,8554],[9,4,15353],[15,3,15353],[11,5,7602],[5,1,45401],[19,11,11243],[6,5,45401],[6,0,8581],[1,-4,14908],[7,1,8267],[11,-1,45401],[9,2,11467],[14,8,16811],[16,5,8151],[14,5,38521],[25,4,9503],[17,5,183846],[9,11,12799],[8,7,50411],[35,16,15053],[3,3,9311],[13,3,42600],[20,17,70591],[10,4,11226],[19,4,8114],[5,1,29714],[12,9,0]],[[84093,93777,0],[2,-8,11496],[0,-19,43151],[4,-8,8951],[5,-4,16551],[9,-22,53654],[7,-6,12901],[17,-13,53654],[-4,-9,7873],[-1,-5,21141],[3,-7,7142],[1,-6,117352],[9,0,15487],[9,-5,30235],[-3,-7,11641],[4,-5,31031],[12,-7,12379],[9,-2,164321],[3,-8,10230],[2,-12,24429],[10,-10,24429],[16,-42,82505],[-8,-33,53919],[8,-15,10682],[5,-14,0],[9,-6,0],[-5,-32,40063],[10,-10,57059],[0,-7,13369],[-6,-9,13369],[-3,-7,8255],[1,-4,33370],[5,-7,29889],[-1,-10,14594],[-5,-9,11855],[-1,-9,135056],[15,-12,17401],[4,-7,74576],[-1,-12,13238],[2,-7,8470],[0,-10,42069],[4,-6,9872],[8,-7,7686],[3,-4,47946],[1,-37,180169],[-5,-15,19698],[-9,-10,9022],[-1,-3,55421],[12,-26,64233],[8,-201,118624],[15,-124,0]],[[81944,94133,0],[482,607,0]],[[82597,93629,0],[-653,504,0]],[[82410,97648,0],[-100,680,0]],[[82310,98328,0],[233,477,75333],[470,951,0]],[[83013,99756,0],[2375,-143,0],[100,-8,36188],[104,-11,0]],[[85592,99594,0],[-422,-1436,199822],[-6,-5,6973],[-2,-2,0]],[[85162,98151,0],[-34,-26,177683],[104,-145,177683],[26,-139,122247],[32,-37,725283],[-163,-173,185332],[-84,-140,895720],[87,-124,300037],[107,-289,219038],[2,-113,0]],[[85239,96965,0],[3,-184,10687],[4,-209,0]],[[82308,92538,0],[75,35,71633],[92,26,155323],[106,10,33870],[5,0,11743],[8,5,16197],[14,0,740161],[40,18,43991],[50,34,189840],[-59,58,189840],[-9,19,28163],[-1,22,89504],[16,14,58556],[0,9,8036],[-1,32,10319],[0,6,50047],[8,5,9268],[4,6,93429],[-1,12,16251],[-5,7,34070],[1,10,11739],[0,28,24655],[-3,9,507621],[7,3,11450],[15,10,36885],[1,10,10258],[2,6,36885],[9,10,7262],[3,5,14025],[6,5,12167],[10,12,100066],[14,5,13365],[7,4,7123],[6,4,23679],[0,6,12906],[7,3,32711],[10,-3,14636],[9,3,25715],[-1,8,25715],[12,8,14489],[10,3,100066],[5,3,7481],[5,6,17423],[2,8,32934],[3,3,7053],[5,2,11811],[6,7,11811],[11,8,19641],[11,12,65853],[13,7,15325],[7,0,17707],[6,4,7119],[5,5,17707],[4,-3,65853],[2,10,9158],[0,5,15047],[4,4,33672],[8,1,7483],[9,2,32506],[2,6,12983],[-5,7,16296],[5,2,0]],[[84272,92919,0],[1,-7,14094],[18,-89,126418],[49,-56,0]],[[81575,93575,0],[369,558,0]],[[81710,92310,0],[-400,-75,0]],[[82630,96201,0],[-141,939,0]],[[79582,94652,0],[430,158,1685639],[-8,206,447165],[223,133,447165],[144,192,10170],[113,148,30031],[156,207,12166],[113,149,1074678],[277,184,15590],[260,173,1074678],[351,739,0]],[[81641,96941,0],[446,928,71912],[223,459,0]],[[79598,93405,0],[28,101,33049],[12,45,8280],[79,276,642216],[-50,303,15583],[-34,206,0]],[[79633,94336,0],[-22,136,7782],[-29,180,0]],[[75485,94373,0],[269,199,30351],[298,220,17760],[255,188,0]],[[76307,94980,0],[48,35,13296],[223,165,349505],[100,160,7630],[24,37,0]],[[76702,95377,0],[162,-47,0]],[[76864,95330,0],[96,-28,7086],[375,-108,21612],[56,-17,487938],[33,-30,8903],[138,-126,0]],[[77562,95021,0],[2,-3,32156],[297,-166,0]],[[77861,94852,0],[-464,-1322,0]],[[77043,93779,0],[-615,-158,0]],[[76428,93621,0],[-72,-17,26337],[-56,-16,42443],[-78,-17,191313],[-143,-18,59770],[-147,-12,0]],[[75932,93541,0],[-110,-11,54130],[-75,-13,35590],[-29,-2,9488],[-12,-2,0]],[[75706,93513,0],[-6,-2,8238],[-8,1,17247],[-14,3,19453],[-12,-2,96270],[-11,3,10939],[-25,10,32219],[-3,9,32219],[-8,2,8870],[-9,0,12924],[-14,5,60226],[-10,-2,10820],[-2,-4,10820],[-7,0,60226],[-7,6,20385],[-19,6,9977],[-9,1,7891],[-3,2,38129],[0,7,21064],[-12,5,7044],[-4,3,107804],[-9,-1,9236],[-20,1,25506],[-4,5,25506],[-12,0,8239],[-12,0,20441],[-14,1,10754],[-10,3,475562],[-12,7,14958],[-2,6,21182],[-9,5,8530],[-6,2,8530],[-1,3,8530],[-11,7,43603],[-12,1,8897],[-6,2,23604],[-3,3,7723],[-9,6,151335],[-25,36,65167],[-49,31,83368],[-31,39,8864],[-26,31,37718],[-33,34,170849],[-45,35,55777],[-56,28,0]],[[75106,93851,0],[-1,0,0]],[[76248,91693,0],[100,-91,211772],[110,2,231920],[123,-111,0]],[[76581,91493,0],[-237,-619,763950],[-404,-504,126433],[-10,-22,0]],[[75930,90348,0],[-17,-2,35000],[7,-16,35000],[-19,-9,84657],[2,-18,24592],[-4,-41,0]],[[75899,90262,0],[-20,-1,27108],[-3,8,36689],[-31,-5,60261],[-2,16,8026],[-1,8,60261],[-35,-9,106535],[0,-4,7428],[-2,32,139486],[-38,2,14769],[-38,2,23461],[-21,4,18933],[0,-1,8458],[-14,2,10249],[-1,-2,0]],[[75693,90314,0],[-17,1,6973],[-70,5,0]],[[75382,90595,0],[96,410,1041624],[770,688,0]],[[76581,91493,0],[244,-223,0]],[[76825,91270,0],[119,-87,34746],[54,-38,141423],[68,-36,46546],[37,-13,340331],[26,-28,53996],[29,-57,125903],[67,-73,54168],[55,-49,543210],[91,-47,148984],[113,-34,69668],[87,-15,0]],[[77571,90793,0],[1,-69,29106],[3,-57,197119],[-25,-60,56710],[-40,-67,488848],[-62,-62,67116],[-86,-70,93291],[-129,-127,0]],[[76803,89942,0],[-115,39,122122],[-134,15,345794],[-24,35,28511],[-24,41,51832],[-16,18,20712],[-26,35,486121],[-108,11,102805],[-73,14,15001],[-92,16,61196],[-34,12,21931],[-20,3,155392],[-62,-6,0]],[[76075,90175,0],[-31,11,40721],[-62,34,42560],[-3,-2,14986],[-5,3,7485],[-7,7,14986],[-14,6,24213],[-2,7,24213],[-3,-1,9007],[-14,-2,71332],[-2,3,9985],[6,4,9985],[3,8,23835],[-3,15,71332],[-39,-6,0]],[[72944,91158,0],[6,0,26662],[20,18,8450],[5,4,8172],[3,5,167803],[51,-2,7624],[22,-1,94646],[31,6,39336],[85,9,15428],[74,7,312180],[82,37,35230],[88,35,123354],[35,4,39551],[13,4,13397],[10,5,30404],[7,2,7590],[8,-1,19145],[14,5,13444],[9,3,6979],[4,-1,88551],[16,9,7127],[8,5,24392],[16,3,24392],[11,4,11711],[27,14,754220],[8,2,12818],[10,-2,49709],[6,-6,8397],[2,-3,8397],[5,-2,20738],[-3,-6,20738],[4,-2,10420],[12,-14,137240],[6,-3,13629],[14,-1,13629],[7,-3,7538],[10,-1,7538],[17,-3,36840],[5,-4,11216],[9,-3,16998],[7,1,16998],[14,-7,89261],[30,-2,22579],[45,2,389339],[31,5,34646],[12,10,34979],[13,4,9192],[33,11,29683],[27,5,87852],[42,-3,87852],[47,7,39419],[65,16,39419],[15,3,17366],[3,2,8395],[4,-2,8395],[12,-2,34138],[6,6,20964],[5,0,7685],[7,2,7685],[9,1,284622],[7,-1,8543],[8,0,12303],[9,-1,7217],[4,-3,31042],[7,-9,31042],[8,-3,14317],[14,0,24193],[5,-7,15546],[9,-1,84516],[8,3,9071],[10,2,37531],[12,-6,12092],[18,-5,37531],[24,3,0]],[[74271,91312,0],[-82,-433,784236],[-502,-964,1585743],[61,-78,16619],[205,-264,0]],[[73953,89573,0],[-2,-50,39028],[2,-26,14506],[4,-18,79050],[7,-27,14893],[10,-26,219146],[19,-24,29557],[19,-19,9513],[18,-17,51387],[13,-16,16375],[11,-19,136017],[16,-49,34560],[2,-26,324830],[-5,-28,11474],[-4,-25,25401],[-1,-15,54139],[-3,-20,12444],[-6,-19,24834],[-8,-19,0]],[[74045,89130,0],[-12,-14,20532],[-26,-23,42315],[-38,-27,161455],[-66,-32,36296],[-19,-13,80083],[-19,-9,18536],[-25,-7,18536],[-27,-10,7321],[-31,-11,345547],[-16,-10,12384],[-14,-10,28577],[-8,-12,28577],[-19,-18,13579],[-24,-21,143923],[-9,-15,28969],[2,-20,37223],[-5,-8,15738],[-7,-26,21265],[-7,-10,287836],[-11,-11,7705],[-11,-8,71052],[-197,-116,801367],[19,-233,0]],[[73475,88466,0],[-733,-50,0]],[[74271,91312,0],[50,6,136882],[28,19,43967],[23,21,16818],[18,19,9832],[0,3,9832],[8,5,50609],[8,-4,36776],[5,1,8727],[-3,4,8727],[4,2,8727],[4,7,18133],[-3,2,16826],[17,9,127254],[13,3,9172],[12,3,17228],[10,4,23540],[10,-2,10236],[5,1,23540],[12,7,221888],[528,209,599071],[43,40,94777],[66,25,60807],[45,31,219880],[90,126,387354],[45,22,23536],[85,39,108369],[50,15,33449],[18,11,52332],[39,6,30183],[33,12,0]],[[75534,91958,0],[61,-73,100475],[23,-49,17199],[18,-37,147127],[22,-16,15172],[10,-6,24864],[6,-8,17372],[5,-4,8748],[5,0,17372],[13,-11,0]],[[75697,91754,0],[101,-108,531586],[302,140,236074],[143,24,0]],[[76243,91810,0],[5,-117,0]],[[75145,90573,0],[-45,-11,121416],[-147,-113,261680],[-256,-248,807217],[-204,-325,281475],[-16,-40,20380],[-96,-230,1310793],[-194,-23,125932],[-234,-10,0]],[[76075,90175,0],[-45,-48,21469],[-27,-32,180453],[-44,-4,38094],[-15,5,14836],[-8,0,44222],[-3,-6,9213],[-4,-1,9510],[-2,-4,7706],[-7,-6,44222],[-5,1,13339],[5,7,16418],[-6,12,447355],[2,3,13298],[-4,3,8533],[-7,0,20050],[-3,-5,8393],[-3,-1,34799],[-7,4,14595],[-4,9,12209],[-6,5,36987],[4,1,9076],[12,-1,7339],[7,1,27041],[1,2,10710],[-8,4,36987],[-12,1,8400],[-7,2,17407],[-3,6,17407],[-9,-4,36987],[-19,7,24272],[-3,6,8351],[0,5,24272],[-3,2,10601],[-10,0,68196],[-2,9,20197],[-5,5,9501],[-9,13,68196],[-10,0,10304],[-4,-3,10304],[-6,2,43228],[-6,6,7635],[-8,5,14647],[-9,2,14647],[-6,7,209028],[-7,-2,13430],[-10,2,35906],[-12,-5,15258],[-7,-7,17268],[-10,-4,141183],[-7,7,23221],[-12,-5,26699],[-4,7,17137],[-5,3,7639],[-5,0,49028],[-25,-7,9386],[-9,-2,40155],[-18,0,15866],[-13,3,49028],[1,7,23248],[17,-2,23248],[9,6,92028],[-5,9,10414],[1,3,7743],[-3,5,20275],[-6,4,11839],[1,5,11252],[-5,3,35471],[4,12,16360],[-4,5,81278],[-6,-1,9548],[-24,-6,0]],[[75603,90235,0],[-26,-2,51709],[-30,22,0]],[[75935,89411,0],[120,-6,23590],[232,-14,435508],[74,17,52560],[405,79,0]],[[76684,88783,0],[-125,-42,77522],[-136,-56,309097],[-72,-12,52044],[-265,-34,767738],[-234,55,56416],[10,1,46950],[-14,5,13287],[-10,1,7597],[-12,2,15453],[-109,26,310073],[-31,-3,38685],[-177,-5,1217958],[-148,102,346331],[11,175,0]],[[75372,88998,0],[16,243,215162],[-38,85,925599],[118,34,150538],[-20,37,384313],[226,29,219028],[261,-15,0]],[[75675,92810,0],[-7,0,8370],[-6,-2,9458],[-1,-3,9458],[-7,1,25494],[-13,5,62002],[-2,-3,7441],[-7,-6,7441],[-9,-8,35586],[-9,-5,11821],[-15,-3,129093],[-7,-6,15069],[-1,-9,15069],[-10,-11,31018],[-1,-9,12203],[-3,-5,7720],[-1,-5,62318],[-15,-8,10092],[-9,-3,28697],[-2,-7,8383],[-5,-5,667029],[-12,-4,18806],[-12,1,9036],[-2,-1,7521],[-10,0,32179],[-12,3,9092],[-2,2,9092],[-9,1,25279],[-6,-3,7891],[-4,0,84315],[-8,3,9024],[-3,4,20264],[8,1,14901],[-2,4,7220],[-3,2,48879],[-10,-1,11920],[-7,-5,21081],[-2,3,9078],[-10,2,20295],[-7,-5,48879],[-13,4,10201],[-10,1,9419],[-8,2,21876],[-10,-2,21876],[-7,2,11310],[-3,3,8001],[-6,3,124996],[-15,0,13860],[-12,0,7599],[-5,-2,21329],[-82,-5,13457],[-5,-1,232810],[-23,-13,44973],[-39,-13,24097],[-12,-3,15463],[-11,-3,7771],[-16,-5,9089],[-7,-2,259533],[-25,-1,21884],[-17,2,11405],[-14,0,48581],[-20,-2,11614],[-5,1,13942],[-19,-3,16201],[-4,0,7887],[-8,-2,7887],[-18,0,44252],[-12,3,27986],[-10,0,10766],[-15,-3,18091],[-9,1,7416],[-1,1,13716],[-13,-2,114090],[-9,4,11181],[-9,0,11181],[-7,2,8361],[-7,1,27388],[0,3,15883],[-21,7,36969],[-22,1,114090],[-29,-12,14785],[-10,-2,32776],[-16,1,17309],[-5,-2,10030],[-6,1,8360],[-3,-2,32776],[0,-5,7140],[-3,-3,176628],[-12,-1,18743],[-3,3,7461],[-5,1,15430],[-14,0,24192],[-7,6,21378],[-11,0,15804],[-7,5,9540],[-7,1,24192],[-2,-3,8427],[4,-2,38687],[-5,-2,10048],[-4,3,10271],[-11,-2,13172],[-2,3,13172],[-12,-4,38687],[-5,1,8462],[-5,4,8462],[-8,2,20000],[-17,2,547886],[-4,2,9355],[-15,11,20695],[-4,8,55437],[-2,12,11365],[0,16,20782],[-4,7,79108],[-9,0,12922],[-1,4,12922],[-4,3,7052],[-13,7,12418],[-7,2,186294],[-22,0,15514],[-27,-2,45546],[-15,-4,10601],[-12,-4,19313],[-18,-3,87770],[-8,1,9824],[-5,3,24480],[-8,12,0]],[[75320,90152,0],[-1,-5,8715],[-2,-16,20083],[3,-7,20083],[-2,-9,7127],[-2,-8,41056],[-8,-11,8798],[-2,-5,210213],[2,-5,17022],[15,-10,9580],[10,-5,48737],[4,-6,17546],[3,-23,45879],[19,-10,127599],[17,0,24767],[20,9,91669],[6,-1,8738],[4,-4,31788],[0,-16,21008],[-6,-5,57816],[8,-13,26938],[4,-1,8407],[10,0,29702],[6,-9,9730],[3,-1,9730],[2,-6,81905],[5,-2,13544],[10,6,29242],[0,9,7292],[1,4,0]],[[75449,90002,0],[17,-7,8212],[13,-7,18887],[49,-19,69952],[12,-2,18594],[10,5,22830],[13,-4,142195],[32,-24,58928],[3,-27,199153],[62,-34,59253],[62,-20,124232],[87,-17,28023],[38,-10,440442],[151,-174,837160],[-63,-251,0]],[[75372,88998,0],[-309,3,359864],[-464,-91,988042],[-411,156,139341],[-143,64,0]],[[76413,87868,0],[-553,68,0],[-72,4,50872],[-341,31,879960],[-76,31,92811],[-458,176,39020],[-726,278,144812],[-120,49,1340759],[-498,-33,8552],[-94,-6,0]],[[77095,87952,0],[-383,-56,12659],[-240,-36,211999],[-59,8,0]],[[76767,92424,0],[-12,-220,447422],[-216,-126,0]],[[76539,92078,0],[-285,263,684341],[-323,-53,290052],[-82,46,0]],[[75849,92334,0],[-60,-15,135657],[-112,-74,44672],[-81,-48,135657],[-90,-33,572808],[-26,-52,89562],[0,-70,195036],[17,-41,55138],[37,-43,0]],[[75449,90002,0],[10,17,8282],[4,8,45735],[1,8,11379],[-2,19,9873],[0,6,45735],[13,56,14018],[4,25,0]],[[77571,90793,0],[13,82,40354],[15,62,194939],[38,83,93886],[50,57,532238],[79,66,51280],[93,69,173132],[66,35,17771],[76,38,1177355],[25,29,39795],[7,23,143727],[-11,19,23723],[-21,26,37849],[-21,18,307732],[15,14,34855],[53,68,101015],[82,134,505230],[-6,55,57891],[0,40,19362],[-3,118,80962],[-7,102,28603],[-8,79,626538],[18,47,45387],[46,95,132786],[57,100,45826],[51,80,2449466],[47,21,187686],[68,10,34334],[131,15,70964],[223,23,112001],[73,13,29118],[66,9,483926],[83,-4,93490],[64,-10,8520],[80,-12,42527],[88,-16,0]],[[76243,91810,0],[296,268,0]],[[76767,92424,0],[271,-102,18812],[7,-3,0]],[[77045,92319,0],[44,-19,33796],[83,-31,16562],[35,-12,570065],[40,4,20999],[18,5,20999],[23,1,61965],[5,-2,9264],[9,-7,127164],[5,-2,10163],[0,5,11208],[12,15,30641],[17,9,20155],[13,12,127164],[16,5,9892],[21,6,24277],[16,1,8570],[13,3,24277],[14,6,24277],[130,35,34319],[44,13,99552],[54,5,372172],[54,22,59325],[59,38,114258],[52,53,1292276],[37,69,72962],[64,100,38130],[29,40,72962],[26,52,306529],[-3,41,41860],[-12,39,63311],[4,40,479816],[28,30,80809],[78,30,179404],[106,129,0]],[[78179,93054,0],[64,44,116462],[93,115,143408],[40,35,55030],[65,41,356345],[132,65,36966],[59,26,36966],[63,33,196016],[56,39,52738],[42,36,22166],[19,18,826222],[88,116,21378],[161,212,63720],[162,209,651015],[147,136,231390],[164,107,101708],[99,50,0]],[[77397,93530,0],[453,-325,0]],[[77850,93205,0],[17,-11,24554],[9,-8,11040],[9,-12,35570],[18,-7,66423],[4,-11,13516],[0,-10,33312],[15,-12,209200],[119,2,17478],[23,0,209200],[30,-20,49690],[53,-16,106366],[16,-22,12199],[16,-24,0]],[[77861,94852,0],[14,-8,193102],[530,337,795497],[564,68,0]],[[78969,95249,0],[-5,-519,777831],[274,-30,0]],[[79238,94700,0],[6,-2,9878],[12,1,9878],[14,-1,29469],[42,0,17254],[17,2,117787],[11,-3,16308],[10,-8,16308],[21,-10,24991],[14,-10,11455],[2,-4,10572],[7,0,141035],[188,-13,0]],[[90602,98060,0],[736,-356,0]],[[91338,97704,0],[-1305,-1179,1239321],[-30,-299,91704],[6,-4,0]],[[90009,96222,0],[-2,-4,11848],[-12,-5,27684],[-12,-3,7009],[-6,0,12895],[-3,2,27725],[-7,-4,9353],[-6,-5,16215],[-12,-4,74910],[4,-2,7092],[10,-2,23728],[20,-2,12236],[12,1,75556],[1,-10,34092],[31,-23,204929],[-125,-130,449251],[-116,-75,140743],[-276,-220,340047],[-86,-87,124367],[-22,-65,1185365],[62,-90,160270],[41,-130,9682],[15,-47,475785],[-90,-133,212278],[1,-116,0]],[[89431,95068,0],[-191,-4,230278],[-295,58,587311],[-190,-41,154059],[-228,-79,0]],[[88527,95002,0],[-139,-29,6973],[-26,-5,203427],[-447,-34,0]],[[87800,95425,0],[1316,1278,66286],[183,176,0]],[[89299,96879,0],[1303,1181,0]],[[91439,93986,0],[-205,153,528468],[-49,214,328664],[-195,155,328664],[28,102,47189],[-3,9,0]],[[91015,94619,0],[-13,46,175221],[85,6,124542],[56,48,193506],[5,72,252780],[90,79,118532],[97,49,0]],[[91335,94919,0],[53,29,171878],[139,204,557030],[718,485,1396044],[84,108,42492],[937,1186,0]],[[93266,96931,0],[461,-162,9065],[96,-34,0]],[[93823,96735,0],[-988,-1305,697630],[-45,-204,167739],[-37,-23,0]],[[92753,95203,0],[-420,-356,0]],[[92333,94847,0],[-54,-46,9065],[-36,-31,0]],[[92243,94770,0],[-254,-219,7462],[-68,-59,266312],[-20,-69,0]],[[91901,94423,0],[-46,-159,446680],[-320,-213,19965],[-44,-30,0]],[[91491,94021,0],[-36,-24,0],[-16,-11,0]],[[91335,94919,0],[-215,4,0]],[[91120,94923,0],[-398,-5,307655],[-142,-55,171566],[-136,-5,982652],[-7,-74,41483],[-18,-145,128544],[-30,-105,926585],[-66,-21,101310],[-31,-21,14594],[-75,-50,101310],[-5,-15,42507],[-16,0,11568],[-12,3,42507],[-4,-3,8936],[-8,1,14025],[-9,-6,25826],[-7,-9,32292],[-21,-4,503359],[-2,-4,14536],[5,-9,18249],[-5,-3,60704],[-6,3,10821],[-17,11,29080],[-28,7,60704],[-13,1,13980],[-37,-1,35827],[-7,1,7767],[-12,3,7774],[-18,3,82289],[-27,0,22861],[-19,-3,16103],[-16,1,16103],[-17,-2,10709],[-17,0,184272],[-20,2,26423],[-18,9,7620],[-6,2,26423],[-19,2,8365],[-9,2,32904],[-29,12,32904],[-43,9,0]],[[89755,94455,0],[-40,161,285603],[-196,310,0]],[[89519,94926,0],[257,107,482397],[208,216,329720],[120,83,77165],[212,137,1439135],[223,30,196045],[252,-6,372370],[413,48,225472],[163,34,83187],[38,18,0]],[[91405,95593,0],[45,6,133555],[458,155,1441229],[84,108,42520],[935,1187,0]],[[92927,97049,0],[339,-118,0]],[[90355,96151,0],[-10,1,28293],[-2,-3,10506],[-12,-4,10506],[3,-2,18633],[-19,-7,0]],[[90315,96136,0],[-40,39,130029],[49,21,50340],[-11,7,34272],[18,10,13793],[0,5,8033],[4,1,11689],[2,-4,0]],[[89499,93555,0],[-30,71,251065],[49,67,25720],[82,108,251065],[96,199,152956],[109,281,619037],[-50,174,0]],[[91439,93986,0],[-147,-100,0],[-104,-71,176608],[-116,-100,9922],[-238,-207,55661],[-26,-22,592750],[58,-86,157965],[-28,-58,0]],[[90383,96144,0],[-37,-12,30704],[-2,-6,7861],[0,-1,6973],[-3,-1,0]],[[90341,96124,0],[-4,-3,14113],[-15,-6,8938],[-4,-3,39710],[-15,9,39710],[-10,-4,10568],[-8,-6,20940],[-7,3,16716],[-8,-6,0]],[[90270,96108,0],[-8,5,40622],[29,14,20034],[24,9,0]],[[91990,97385,0],[-1308,-1176,756088],[-202,-106,114807],[-30,0,0]],[[90450,96103,0],[-3,-3,12233],[-19,-8,55464],[4,-3,11556],[-9,-2,12737],[5,-3,12737],[3,-7,7368],[2,-10,16003],[-2,-6,179738],[-23,1,39750],[-10,4,12305],[2,2,12305],[-13,12,41012],[-7,0,7334],[-4,2,19641],[-12,-4,16579],[-7,2,7766],[-6,0,41012],[-9,7,11006],[0,4,72706],[-9,-5,12183],[-7,0,8512],[-6,-3,20099],[1,5,21331],[-7,0,7242],[-18,3,21130],[-5,3,15505],[-9,-6,72706],[-16,10,28978],[13,6,21472],[-9,4,0]],[[91936,97412,0],[54,-27,0]],[[89431,95068,0],[9,-14,33208],[31,-74,96021],[48,-54,0]],[[91990,97385,0],[77,-37,201743],[860,-299,0]],[[91338,97704,0],[515,-251,0]],[[74550,95199,0],[-11,-27,19197],[-12,-22,114094],[-19,-16,26676],[-31,-17,46476],[-32,-10,481614],[-40,3,55916],[-51,13,20170],[-55,15,117845],[-51,20,34839],[-31,16,13082],[-14,7,202098],[-15,-2,38446],[-142,10,417980],[-52,-15,20506],[-62,-20,85863],[-56,-33,0]],[[73876,95121,0],[-164,-151,0]],[[72137,96218,0],[314,-210,533704],[359,-27,0]],[[72810,95981,0],[33,-4,166018],[407,-205,77628],[60,-40,77628],[78,-29,166018],[39,-41,135373],[76,-17,35633],[65,-19,153911],[84,-46,65425],[78,-55,153911],[68,-27,24950],[71,-26,612383],[268,23,612383],[50,-29,12586],[29,-16,80478],[30,-23,32660],[17,-22,198134],[5,-45,15085],[1,-19,75699],[10,-19,27094],[15,-13,359278],[41,-10,23061],[40,-8,32836],[36,-11,150017],[30,-18,34356],[21,-21,32073],[30,-18,77830],[31,-14,15937],[27,-10,0]],[[76172,97053,0],[-407,20,0]],[[75765,97073,0],[-672,0,701914],[-84,175,0]],[[75009,97248,0],[260,563,865257],[506,402,0]],[[75775,98213,0],[156,-452,0]],[[74550,95199,0],[31,-12,36899],[20,-19,53626],[38,-21,34854],[49,-20,331277],[69,-18,47736],[87,-17,33751],[75,-17,68619],[57,-8,219712],[120,-1,47807],[54,4,620261],[53,24,59472],[44,36,68055],[60,33,28667],[35,16,0]],[[75342,95179,0],[965,-199,0]],[[73258,97453,0],[176,528,0]],[[73434,97981,0],[230,-400,1021344],[769,-262,0]],[[74433,97319,0],[-46,-110,0]],[[74344,97147,0],[-27,23,131000],[-7,-3,8379],[0,-3,8379],[-11,-7,49973],[-25,-3,10510],[-19,-4,21270],[-5,0,8708],[-2,4,16148],[-11,-2,21270],[2,-6,99140],[-54,-1,41079],[-14,10,24789],[9,3,10455],[-3,2,10455],[-15,-8,0]],[[74162,97152,0],[-64,-40,232105],[-322,-2,0]],[[73776,97110,0],[-320,-3,0]],[[76715,97172,0],[101,-52,7815],[323,-166,398901],[236,-210,0]],[[77375,96744,0],[-52,-29,117341],[0,-64,0]],[[77323,96651,0],[0,-70,222284],[-78,-130,148992],[-53,-29,82841],[-28,-31,38253],[-5,-17,357557],[2,-9,11932],[9,-20,39111],[26,-34,69426],[2,-15,19166],[-5,-10,232921],[-11,-4,22015],[-50,-6,63023],[-22,6,14657],[-18,2,48852],[-14,-1,10456],[-10,-1,7872],[-12,-1,17725],[-7,-3,232921],[-72,-48,124439],[-70,-98,0]],[[76907,96132,0],[-23,19,0]],[[76884,96151,0],[-579,473,0]],[[76305,96624,0],[-133,429,0]],[[74278,97021,0],[96,25,0]],[[74549,97093,0],[180,153,0]],[[74729,97246,0],[280,2,0]],[[75765,97073,0],[-145,-140,0]],[[75620,96933,0],[-35,-41,40999],[-61,-82,73255],[-42,-69,309945],[38,-16,28140],[44,-14,162473],[-2,-28,32070],[-12,-42,309945],[-68,-77,118942],[-41,-32,59455],[-38,-8,847038],[-118,-41,35442],[-83,-25,34776],[-70,-24,131184],[-31,-21,43849],[-16,-26,131184],[-38,-6,39674],[-42,4,65452],[-24,-13,274743],[-3,-28,9544],[-3,-27,157940],[-29,-13,49758],[-38,-9,20778],[-44,-8,0]],[[74864,96287,0],[-37,47,21297],[-31,36,200098],[-30,13,42160],[-121,34,348280],[-23,37,32952],[-45,62,171368],[-37,37,10193],[-35,37,28514],[-28,32,92503],[-35,27,26997],[-40,27,86444],[-15,1,13800],[-13,-1,10373],[-15,0,26406],[-13,4,86444],[2,9,13878],[5,5,11792],[2,10,40320],[18,6,688233],[1,3,7262],[-2,9,27669],[-6,5,11063],[-5,1,7411],[-5,3,35463],[3,11,20162],[-7,11,59007],[10,9,10150],[2,6,62910],[-6,28,38020],[-24,57,86214],[3,26,60880],[-10,59,40218],[-13,33,167042],[-36,50,0]],[[76305,96624,0],[-223,-67,170029],[-37,-41,0]],[[76045,96516,0],[-21,-38,30557],[-20,-24,79940],[-39,-23,193199],[-40,-70,82631],[-60,-145,415320],[-18,-85,69722],[-22,-161,137253],[-36,-108,1120569],[-94,-74,36603],[-55,-39,191344],[-42,-69,58064],[-48,-58,468679],[-66,-39,100103],[-110,-30,132111],[-53,-33,32310],[-34,-26,132111],[-58,-13,22368],[-43,-8,0]],[[75186,95473,0],[-59,31,54612],[-35,31,140727],[-19,51,45019],[-16,21,264411],[-44,23,68839],[-93,28,58285],[-62,27,598640],[-11,42,68025],[12,59,153328],[38,42,99178],[17,78,0]],[[74914,95906,0],[-16,38,142553],[8,51,28614],[3,53,57666],[-6,15,63692],[16,113,52172],[-2,26,260914],[-23,33,28641],[-20,32,17434],[-10,20,0]],[[69613,98697,0],[381,155,0]],[[69994,98852,0],[1171,-1243,1969995],[589,-146,460112],[274,18,0]],[[76907,96132,0],[40,-57,122336],[75,-200,769740],[-141,-289,307388],[-119,-117,128374],[-60,-92,0]],[[75342,95179,0],[24,13,23786],[16,14,104101],[5,24,34589],[-4,40,175993],[-17,36,22773],[-19,34,22773],[-6,17,342328],[-33,42,52231],[-53,46,125106],[-27,15,34244],[-42,13,0]],[[74729,97246,0],[-296,73,0]],[[73434,97981,0],[-148,1459,0]],[[73286,99440,0],[941,39,675896],[1050,159,0]],[[75277,99638,0],[274,-780,76954],[224,-645,0]],[[74278,97021,0],[-92,-20,0]],[[74186,97001,0],[-248,-11,363717],[-162,120,0]],[[73052,96605,0],[1030,-401,0]],[[74082,96204,0],[18,-19,52089],[86,-54,100277],[32,-8,11835],[19,-5,258660],[4,-24,50741],[-5,-37,9960],[-4,-32,29382],[1,-19,258660],[27,-7,56325],[55,-2,14302],[37,0,11307],[23,-1,258660],[12,-17,25872],[13,-31,70047],[-2,-42,218279],[16,-19,39152],[28,-9,95238],[90,-8,781745],[112,5,50121],[102,9,100730],[76,10,8402],[92,12,0]],[[69994,98852,0],[675,274,213461],[87,34,61719],[76,26,12374],[30,10,34280],[91,28,1638428],[93,26,35125],[94,23,99263],[96,20,35071],[98,17,356553],[98,15,27825],[72,8,75679],[309,34,124314],[100,9,34890],[100,6,746115],[1177,54,17396],[96,4,0]],[[86369,99497,0],[-424,-1436,226702],[-172,-563,0]],[[85773,97498,0],[-41,-63,11610],[-2,-2,0]],[[85730,97433,0],[-9,-15,26266],[-3,-12,8999],[-1,-10,8999],[-3,-8,58673],[-9,-5,14876],[-11,-1,72894],[-5,-7,9517],[2,-3,9402],[-5,-4,9402],[-6,-10,34210],[-11,-6,10350],[-5,-1,34510],[-7,-9,7142],[-4,-3,7142],[-2,-4,18326],[4,-5,7042],[4,-3,11654],[-1,-3,18326],[-9,2,53672],[-4,-3,8474],[0,-3,14609],[-11,-5,20112],[-6,-6,7554],[-16,-16,13980],[-9,-7,49523],[-4,-7,8845],[-10,-15,17723],[-11,-12,0]],[[85578,97252,0],[-11,-11,22199],[1,-11,31289],[-8,-9,13770],[-9,-5,36055],[-2,-10,7793],[1,-7,29660],[-6,-8,11576],[-7,-4,82009],[2,-4,12101],[13,-10,40047],[-1,-6,14377],[-9,-11,305957],[-9,-3,13513],[-4,-6,13763],[-11,-4,23717],[-10,-8,10268],[-3,-4,41932],[-24,-11,11394],[-27,-13,94034],[-4,-9,19188],[-7,-4,11704],[-6,1,19188],[-3,-8,12201],[-5,-2,34874],[5,-5,12267],[-1,-7,34874],[-8,-6,7022],[-5,-1,7022],[-2,-3,9750],[-6,-4,135308],[-8,3,9914],[-9,0,7435],[-9,1,19090],[-3,4,77359],[-10,-5,7161],[-5,-1,16798],[-16,-9,13641],[-13,-6,30332],[-10,-6,8813],[-1,-4,8550],[-6,0,8550],[0,-3,129156],[13,-9,60418],[-7,-13,10169],[-4,-5,7416],[-3,-6,27334],[-8,-5,10975],[-7,-2,27334],[1,-4,8592],[-3,-9,115387],[-9,-3,11205],[-11,-1,20474],[-9,3,39517],[-6,-3,8618],[-9,-2,15049],[-17,-7,7469],[-4,-2,0]],[[85592,99594,0],[728,-91,7857],[49,-6,0]],[[87544,95383,0],[-155,342,557401],[-283,151,0]],[[87106,95876,0],[-371,238,0]],[[86735,96114,0],[49,43,57559],[75,51,101836],[479,343,1078769],[166,58,215962],[49,-9,19605],[16,0,19605],[6,-6,50337],[15,0,15166],[43,5,50337],[4,-10,321859],[17,4,13442],[14,6,34575],[18,1,8646],[12,1,34575],[15,4,11152],[6,4,11152],[13,2,33330],[36,4,103623],[7,2,9131],[10,7,15984],[26,9,26601],[19,5,37426],[9,4,8529],[17,10,202836],[2,3,12049],[-2,14,22038],[4,7,7360],[2,7,18714],[-1,4,9118],[3,7,7724],[-1,5,345104],[154,33,132663],[238,23,0]],[[88255,96755,0],[74,-5,241464],[970,129,0]],[[86850,97710,0],[-5,12,21806],[-85,235,988405],[432,1434,0]],[[87192,99391,0],[298,-38,82687],[66,-9,13515],[65,-10,33129],[98,-17,509082],[97,-19,35105],[95,-22,99310],[93,-25,35067],[92,-27,264066],[89,-30,35117],[88,-33,87935],[85,-35,27001],[57,-27,892040],[690,-324,0]],[[89105,98775,0],[-1297,-1188,1677352],[-318,8,211940],[-196,39,0]],[[87294,97634,0],[-7,-2,8833],[2,-2,23681],[-10,0,7678],[-7,2,8236],[-10,1,50855],[0,10,11358],[2,9,87656],[-4,4,17486],[-16,-1,17486],[-29,2,23027],[-64,9,51595],[-3,-5,87656],[-29,5,13460],[-37,5,32089],[-232,39,0]],[[85032,93464,0],[-145,42,240037],[-201,109,51219],[-60,36,139846],[-21,17,30762],[-1,12,1175659],[19,49,63720],[50,81,141721],[115,145,190399],[152,266,16250],[18,32,0]],[[84958,94253,0],[74,-23,96091],[102,-3,326488],[13,17,17908],[12,11,25588],[3,4,8675],[2,9,25588],[7,7,9045],[9,6,83639],[5,10,18653],[0,17,21700],[3,9,8296],[3,4,15476],[1,10,10494],[3,8,61122],[6,3,14160],[6,11,17677],[2,2,7356],[6,2,0]],[[85215,94357,0],[2,3,6973],[2,1,6973],[0,3,127908],[586,148,1030767],[1073,476,684972],[666,395,0]],[[86606,95530,0],[938,-147,0]],[[84958,94253,0],[-44,22,14782],[-29,16,88634],[0,11,39708],[-11,9,12109],[-14,9,25770],[-11,15,122750],[-22,7,32299],[-30,0,586922],[-8,3,11797],[4,2,19256],[-10,33,50960],[4,20,17359],[-1,17,81144],[-4,11,19845],[-13,9,19845],[-8,15,130360],[9,29,51062],[-7,12,18646],[0,13,39565],[11,14,38216],[-6,7,19558],[-1,14,304932],[8,10,19837],[11,26,36223],[21,22,106488],[-7,58,106488],[13,66,28476],[7,55,66333],[15,43,0]],[[84835,94821,0],[145,14,175599],[125,-30,113935],[95,1,874516],[117,66,145860],[286,118,400904],[383,87,142202],[147,45,400904],[103,92,180153],[123,36,0]],[[86359,95250,0],[52,36,64179],[98,86,224671],[97,158,0]],[[77344,85869,0],[11,9,16632],[9,10,54078],[5,36,11309],[2,7,47619],[13,9,0]],[[77384,85940,0],[18,-5,12179],[25,-10,26882],[19,-10,71272],[12,-15,20973],[20,-18,38081],[15,-5,0]],[[77493,85877,0],[-7,-24,24665],[-8,-11,30956],[-3,-19,15364],[-4,-10,95512],[-20,-13,39374],[-27,-34,0]],[[77424,85766,0],[-16,0,12969],[-21,4,88943],[-3,3,18527],[7,7,10454],[3,8,30617],[0,12,11743],[2,10,11743],[-2,6,88943],[-6,12,9188],[-4,6,45264],[-14,7,9728],[-4,3,9728],[-6,1,9841],[-5,4,9003],[-8,3,56629],[-5,-1,14281],[4,10,14281],[-2,8,0]],[[86755,97309,0],[387,-16,15133],[38,-1,299662],[34,49,449835],[784,156,2280070],[1298,1187,0]],[[89296,98684,0],[1306,-624,0]],[[86735,96114,0],[-399,160,180599],[-184,55,0]],[[86152,96329,0],[229,341,261237],[28,28,70527],[5,48,70527],[60,132,261237],[72,102,102163],[209,329,0]],[[85250,96398,0],[902,-69,0]],[[86606,95530,0],[-828,131,209926],[-138,-9,209926],[-208,61,0]],[[84634,94909,0],[114,-45,67057],[87,-43,0]],[[86369,99497,0],[200,-26,0]],[[86569,99471,0],[-426,-1435,753546],[-78,-468,568060],[-128,-75,71185],[-53,-22,0]],[[85884,97471,0],[-5,2,7276],[-8,6,28779],[-6,-2,9502],[-4,-5,13940],[2,-3,0]],[[85863,97469,0],[-15,-4,0]],[[85848,97465,0],[-75,33,0]],[[80121,88508,0],[-14,-4,8621],[-21,-5,0]],[[80086,88499,0],[-6,0,8463],[-11,-4,15006],[-8,-5,0]],[[80061,88490,0],[-6,-8,0]],[[80055,88482,0],[-3,-8,7910],[-2,-10,0]],[[80050,88464,0],[0,-10,0]],[[80050,88454,0],[0,-5,0],[1,-8,0],[0,-9,0]],[[80051,88432,0],[1,-4,0]],[[80052,88428,0],[7,-11,0],[5,-7,0],[3,-4,0]],[[80067,88406,0],[5,-10,0]],[[80072,88396,0],[5,-9,11192],[3,-13,0]],[[80080,88374,0],[-2,-6,0]],[[80078,88368,0],[-1,-15,13779],[-2,-12,7242],[-3,-10,0]],[[80072,88331,0],[-8,-8,31911],[-7,-2,7760],[-8,0,16760],[-18,0,0]],[[80031,88321,0],[-15,0,23840],[-8,-5,9883],[-4,-4,0]],[[80004,88312,0],[-5,-28,11024],[-2,-10,0]],[[79997,88274,0],[-6,-9,20971],[-5,-4,8270],[-12,-5,0]],[[79974,88256,0],[-3,-4,0]],[[79971,88252,0],[-4,-10,9898],[-1,-7,0]],[[79966,88235,0],[-1,-6,12643],[-8,-9,26192],[-13,-5,52491],[-24,1,7454],[-5,0,0]],[[79915,88216,0],[-11,-3,8529],[-12,-4,0]],[[79892,88209,0],[-11,-6,0]],[[79881,88203,0],[-9,-9,0]],[[79872,88194,0],[-8,-9,11292],[-5,-9,11292],[-9,-10,8233],[0,-3,0]],[[79850,88163,0],[0,-4,18393],[-2,-4,6999],[-4,-3,6999],[-9,-11,0]],[[79835,88141,0],[0,-5,9945],[4,-4,19151],[12,-6,0]],[[79851,88126,0],[0,-8,0]],[[79851,88118,0],[0,-5,0]],[[79851,88113,0],[1,-6,11993],[0,-7,6973],[-1,-7,34456],[-4,-12,18854],[-4,-5,7694],[-6,-4,0]],[[79837,88072,0],[-9,-5,13091],[-10,-3,7066],[-11,-2,0]],[[79807,88062,0],[-19,-1,13754],[-9,1,0]],[[79779,88062,0],[-12,0,15449],[-12,-3,6980],[-11,-4,0]],[[79744,88055,0],[-9,-4,9862],[-8,-6,0]],[[79727,88045,0],[-4,-5,9441],[-5,-11,19377],[-2,-14,0]],[[79716,88015,0],[1,-15,13820],[-2,-19,0]],[[79715,87981,0],[-5,-17,37338],[-6,-9,6973],[-7,-9,17256],[-14,-14,0]],[[79683,87932,0],[-12,-15,34026],[-25,-18,10956],[-14,-9,0]],[[79632,87890,0],[-11,-11,19266],[-17,-8,0]],[[79604,87871,0],[-21,-11,0]],[[79583,87860,0],[-6,-5,10734],[-8,-3,6973],[-6,-2,25964],[-7,-1,6973],[-9,-2,6973],[-8,-2,0]],[[79539,87845,0],[-16,-4,10125],[-16,-3,0]],[[79507,87838,0],[-17,1,0]],[[79490,87839,0],[-12,-1,10407],[-9,-3,0]],[[79469,87835,0],[-7,-3,0]],[[79462,87832,0],[-2,-4,9032],[-6,-4,9032],[-9,-9,6973],[-5,-3,59161],[-12,-1,13665],[-6,2,7051],[-9,0,20413],[-12,-3,0]],[[79401,87810,0],[-8,-3,10518],[-6,-5,0]],[[79387,87802,0],[-4,-6,7843],[-6,-7,46240],[-8,-5,13217],[-13,-2,27097],[-20,1,0]],[[79336,87783,0],[-12,0,0]],[[79324,87783,0],[-13,5,12453],[-11,2,0]],[[79300,87790,0],[-13,0,13989],[-10,0,8213],[-8,2,37142],[-16,6,7885],[-11,3,13648],[-4,3,0]],[[79238,87804,0],[-6,1,14598],[-13,-3,8588],[-7,0,0],[-6,0,0]],[[79206,87802,0],[-4,-3,0]],[[79202,87799,0],[-3,-10,19402],[-4,-4,8148],[-8,-4,0]],[[79187,87781,0],[-9,-5,14325],[-12,-9,8456],[-4,-4,0]],[[79162,87763,0],[-3,-10,0]],[[79159,87753,0],[-14,-11,0]],[[79145,87742,0],[-14,-11,18906],[-6,-7,8428],[-3,-6,0]],[[79122,87718,0],[-9,-9,8086],[-8,-6,0]],[[79105,87703,0],[-15,-12,0]],[[79090,87691,0],[-16,-6,21421],[-9,-6,8791],[-7,-6,0]],[[79058,87673,0],[-2,-6,0]],[[79056,87667,0],[2,-5,8860],[-2,-5,25990],[-15,-24,35557],[-4,-5,9535],[-8,-4,0]],[[79029,87624,0],[-8,-3,11200],[-11,-7,0]],[[79010,87614,0],[-8,-5,9072],[-3,-5,0]],[[78999,87604,0],[1,-6,9083],[4,-5,0]],[[79004,87593,0],[4,-5,20123],[-2,-11,12261],[-5,-7,29580],[-9,-5,0]],[[78992,87565,0],[-7,-5,10091],[-3,-6,0]],[[78982,87554,0],[-2,-10,7244],[-3,-17,17015],[-4,-6,0]],[[78973,87521,0],[-5,-5,7362],[-9,-5,0]],[[78959,87511,0],[-9,-8,0]],[[78950,87503,0],[-7,-6,7297],[-11,-8,0]],[[78932,87489,0],[-9,-4,15601],[-8,-1,8187],[-7,0,0]],[[78908,87484,0],[-16,-2,10378],[-6,-2,0]],[[78886,87480,0],[-6,-4,0]],[[78880,87476,0],[-6,-11,0],[-9,-10,0],[-6,-6,7696],[-18,-12,14665],[-12,-7,0]],[[78829,87430,0],[-8,-6,0]],[[78821,87424,0],[-7,-6,9889],[-7,-4,0]],[[78807,87414,0],[-4,-4,11236],[-5,-12,8483],[-3,-5,0]],[[78795,87393,0],[-7,-12,19123],[0,-15,0]],[[78788,87366,0],[5,-11,11707],[7,-11,0]],[[78800,87344,0],[9,-10,23401],[13,-9,13773],[13,-5,0]],[[78835,87320,0],[12,-3,20724],[14,1,8287],[17,0,0]],[[78878,87318,0],[20,-5,0]],[[78898,87313,0],[19,-3,10061],[8,-2,39021],[22,-11,11509],[14,-9,0]],[[78961,87288,0],[8,-4,0]],[[78969,87284,0],[19,-11,35527],[14,-12,18193],[17,-20,80464],[2,-11,16934],[0,-6,7898],[-2,-11,0]],[[79019,87213,0],[4,-10,8164],[3,-5,0]],[[79026,87198,0],[6,-10,8811],[3,-7,0]],[[79035,87181,0],[5,-10,14925],[2,-4,6973],[2,-8,6973],[3,-8,0],[1,-7,0],[0,-6,8034],[-3,-8,0]],[[79045,87130,0],[-5,-13,7216],[-2,-6,15454],[2,-5,0],[3,-7,0],[5,-8,0]],[[79048,87091,0],[2,-3,6973],[2,-6,22925],[-5,-11,9851],[-3,-3,0]],[[79044,87068,0],[-10,-7,13195],[-2,-5,0]],[[79032,87056,0],[2,-6,0]],[[79034,87050,0],[17,-20,10759],[8,-7,0]],[[79059,87023,0],[15,-9,29954],[11,-11,16463],[4,-10,0]],[[79089,86993,0],[1,-4,7251],[6,-8,0]],[[79096,86981,0],[0,-6,7567],[-2,-5,19797],[-11,-13,17806],[-2,-9,0]],[[79081,86948,0],[0,-6,0]],[[79081,86942,0],[-1,-8,11296],[-4,-4,0]],[[79076,86930,0],[-5,-5,9124],[-2,-7,0]],[[79069,86918,0],[-5,-12,10022],[-2,-8,0]],[[79062,86898,0],[0,-3,6973],[-2,-4,16008],[-10,-9,36668],[-29,-12,0]],[[79021,86870,0],[-5,-3,9545],[-8,-8,0]],[[79008,86859,0],[-1,-3,0]],[[79007,86856,0],[-1,-2,0]],[[79006,86854,0],[2,-11,22348],[-1,-6,8179],[-6,-15,0]],[[79001,86822,0],[-5,-8,10756],[-6,-5,0]],[[78990,86809,0],[-3,-3,0]],[[78987,86806,0],[-3,-9,0]],[[78984,86797,0],[6,-12,0]],[[78990,86785,0],[3,-4,7517],[1,-2,6973],[1,-3,23428],[-1,-3,6973],[-3,-5,6973],[-3,-5,0]],[[78988,86763,0],[0,-6,6973],[-1,-4,10344],[-4,-9,27700],[-3,-4,7244],[-9,-5,0]],[[78971,86735,0],[0,-8,15671],[-4,-5,7177],[-5,-6,0]],[[78962,86716,0],[-3,-9,7168],[-3,-4,0]],[[78956,86703,0],[-1,-5,7936],[-5,-3,31587],[-23,-11,20679],[-19,-6,38075],[-9,-8,19056],[-5,-4,7499],[-9,-5,11079],[-11,-7,0]],[[78874,86654,0],[-6,-5,0]],[[78868,86649,0],[-9,-11,14795],[-17,-15,0]],[[78842,86623,0],[-17,-12,7683],[-11,-6,0]],[[78814,86605,0],[-4,-5,9181],[-7,-4,0]],[[78803,86596,0],[-10,-1,0]],[[78793,86595,0],[-6,-2,0]],[[78787,86593,0],[-13,-10,18347],[-6,-1,6973],[-4,-1,0]],[[78764,86581,0],[-11,-6,0]],[[78753,86575,0],[-4,-3,6973],[-5,-4,14388],[-18,-9,32565],[-8,-2,8425],[-14,-2,0]],[[78704,86555,0],[-14,1,0]],[[78690,86556,0],[-20,2,13987],[-17,-1,0]],[[78653,86557,0],[-26,-4,14439],[-10,-3,0]],[[78617,86550,0],[-5,-5,0]],[[78612,86545,0],[-4,-5,8565],[-1,-4,0]],[[78607,86536,0],[1,-5,6973],[1,-5,19320],[0,-18,14439],[-3,-4,0]],[[78606,86504,0],[-6,-11,12133],[0,-7,30267],[7,-11,0]],[[78607,86475,0],[7,-5,0]],[[78614,86470,0],[8,-2,11823],[11,-7,0]],[[78633,86461,0],[5,-4,10942],[23,-12,0]],[[78661,86445,0],[8,-4,13377],[10,-7,7781],[6,-5,0]],[[78685,86429,0],[14,-12,0]],[[78699,86417,0],[7,-5,12966],[16,-18,19286],[5,-8,0]],[[78727,86386,0],[3,-4,0]],[[78730,86382,0],[3,-3,6973],[0,-3,11853],[-2,-5,0]],[[78731,86371,0],[0,-6,8446],[3,-13,14768],[-1,-11,12259],[2,-7,0],[1,-2,0]],[[78736,86332,0],[0,-3,6973],[0,-2,0],[-3,-2,6973],[-2,-2,0]],[[78731,86323,0],[-4,-5,0]],[[78727,86318,0],[-4,-7,8536],[-8,-9,13688],[-6,-5,0]],[[78709,86297,0],[-18,-16,8050],[-16,-16,44497],[-2,-9,7423],[1,-4,0]],[[78674,86252,0],[0,-7,0]],[[78674,86245,0],[-4,-11,12007],[-6,-5,0]],[[78664,86229,0],[-1,-7,0]],[[78663,86222,0],[0,-6,11827],[6,-8,0]],[[78669,86208,0],[5,-11,0]],[[78674,86197,0],[-6,-5,14231],[-5,-11,0]],[[78663,86181,0],[-1,-4,9771],[-10,-14,14891],[-11,-14,0]],[[78641,86149,0],[-6,-11,0],[-8,-20,9081],[-2,-7,0]],[[78625,86111,0],[4,-4,14343],[1,-8,8500],[-1,-4,0]],[[78629,86095,0],[-3,-4,11158],[3,-6,0]],[[78629,86085,0],[6,-6,0]],[[78635,86079,0],[8,-4,7187],[4,-1,0]],[[78647,86074,0],[9,-5,0]],[[78656,86069,0],[10,-5,0]],[[78666,86064,0],[6,-3,6973],[5,-4,19903],[5,-5,8788],[8,-10,33816],[0,-2,6973],[0,-6,6973],[-1,-2,0]],[[78689,86032,0],[0,-11,0],[-2,-7,0],[-3,-9,0]],[[78684,86005,0],[4,-11,9823],[3,-5,21937],[0,-4,6973],[-3,-4,98031],[-7,-3,11758],[-35,-15,24955],[-13,-4,7258],[-29,-11,0]],[[78604,85948,0],[-11,-6,12712],[-9,-9,0]],[[78584,85933,0],[-4,-7,0]],[[78580,85926,0],[-3,-7,9602],[-3,-18,10647],[-4,-12,0]],[[78570,85889,0],[-3,-36,14577],[-2,-7,0]],[[78565,85846,0],[-1,-6,0]],[[78564,85840,0],[1,-10,6973],[0,-4,9633],[-1,-5,0]],[[78564,85821,0],[-6,-9,0]],[[78558,85812,0],[-41,4,42889],[-148,26,286265],[-124,61,138408],[-273,98,0]],[[77972,86001,0],[9,18,37681],[80,126,589724],[-1,2,12209],[-35,24,152865],[-3,22,21599],[1,34,20658],[-3,7,64697],[2,10,11561],[7,14,22134],[1,12,8791],[3,10,64697],[-5,8,10726],[-6,13,29518],[0,5,7137],[-1,4,11688],[2,6,224651],[7,2,14145],[2,8,14601],[6,1,11390],[1,5,11390],[6,4,7066],[3,3,9327],[5,3,19698],[1,4,9356],[6,4,62163],[-1,4,7733],[2,6,7886],[0,8,20475],[-5,9,46871],[3,2,7508],[11,1,17708],[3,6,238352],[-39,85,122531],[-4,94,358827],[37,55,70015],[35,78,358827],[-29,179,160244],[-45,81,1762252],[-100,56,119963],[-53,62,287472],[-18,103,214316],[-57,66,61157],[-65,60,459283],[-103,46,152316],[-118,77,77458],[-67,56,1058179],[-75,130,211479],[-12,56,98136],[27,51,369397],[51,20,33066],[65,30,487927],[7,52,154843],[-87,144,213680],[-62,24,0]],[[77327,86022,0],[-1,-8,22312],[7,-10,9009],[6,-4,9009],[0,-4,45790],[7,-5,14556],[6,1,21714],[15,-12,33974],[3,-11,57747],[-3,-2,7397],[-4,2,14354],[-16,-4,57747],[4,-7,7575],[7,-9,13271],[-3,-1,9857],[6,-6,47292],[7,2,8955],[8,0,17103],[8,-4,0]],[[77344,85869,0],[-19,1,7506],[-30,3,25463],[-26,-1,152390],[-15,-7,40448],[-18,-20,22773],[-25,-22,91648],[-20,-10,31559],[-18,-4,13004],[-19,-3,287127],[-12,3,25354],[-54,21,37337],[-19,7,16292],[-21,3,199194],[-10,-2,13675],[-7,-6,56943],[-13,-31,15369],[-8,-14,33370],[-12,-14,199194],[-14,-3,21585],[-26,1,44287],[-56,8,142434],[-41,-9,65178],[-32,-27,35224],[-17,-6,142434],[-42,2,29130],[-35,5,84102],[-35,-6,16337],[-32,-8,171418],[-61,-22,53411],[-22,-19,115267],[-37,-5,42857],[-30,7,462948],[-19,32,81930],[-22,12,37308],[-21,5,19004],[-14,0,136479],[-22,-13,21217],[-24,-11,122197],[-19,4,46627],[-18,13,20512],[-17,19,17425],[-7,3,332398],[-8,-1,9891],[-6,-3,24681],[-10,-10,13044],[-9,-5,47689],[-19,-4,23519],[-34,-12,82577],[-38,-20,41112],[-29,-25,0]],[[76182,85675,0],[-7,18,22379],[-10,11,120022],[-37,2,51786],[-86,21,205944],[-47,84,0]],[[75995,85811,0],[142,72,169979],[225,69,247602],[6,-1,15671],[8,-8,8548],[6,-4,20503],[5,2,9359],[4,-2,47966],[4,-9,10471],[4,-4,26755],[-4,-12,47966],[4,-4,13443],[9,3,13860],[8,-3,122578],[12,6,7366],[6,2,22608],[7,0,9001],[4,3,9696],[11,0,18617],[9,5,52829],[5,-1,8318],[6,-5,11840],[8,-1,247602],[11,14,11642],[1,6,11642],[5,4,22851],[-2,5,8851],[3,3,90363],[10,4,12422],[0,4,14752],[8,5,10188],[7,1,14752],[2,4,9543],[5,0,9543],[7,6,13890],[9,3,13890],[7,6,10863],[14,7,20878],[7,1,17607],[11,11,763722],[9,-5,8082],[7,-3,7010],[11,-5,20567],[3,-3,11532],[12,-5,7754],[4,-4,39512],[-4,-6,14980],[3,-7,28154],[13,0,58615],[46,-23,21335],[1,-1,9099],[22,-8,154785],[44,-1,18499],[38,-2,511875],[383,105,306236],[39,-21,46923],[57,-20,145783],[17,10,12036],[4,0,21084],[20,15,19994],[9,3,0]],[[85848,97465,0],[-11,-15,40289],[14,-9,8303],[4,-1,0]],[[85855,97440,0],[10,-4,17583],[2,-8,14668],[8,-4,38286],[8,3,15289],[4,-3,11642],[8,1,84696],[38,-32,29894],[-1,-5,11099],[4,-6,29894],[10,-7,15324],[5,0,6987],[6,-2,29894],[8,-6,9187],[3,-5,19586],[8,-7,9784],[12,-7,0]],[[85988,97348,0],[-13,-38,15909],[-2,-10,120038],[-18,-14,29908],[-32,-16,11570],[-6,-4,83514],[-2,-7,8872],[0,-8,23363],[6,-4,7811],[3,-5,23363],[0,-7,9070],[-3,-6,83514],[-7,-5,12798],[-12,-3,29363],[-2,2,8504],[-13,2,20147],[-6,-4,7294],[-4,0,416891],[-7,3,7003],[-3,4,10029],[-6,1,10029],[-4,5,22506],[0,6,18316],[-6,5,8893],[-7,3,44664],[-20,3,149356],[-124,-33,161212],[-122,34,0]],[[99095,93922,0],[136,-85,34370],[70,-45,220003],[67,-48,60782],[64,-50,35101],[60,-51,104798],[29,-27,12747],[59,-56,0],[55,-54,35108],[51,-56,0],[47,-57,0],[29,-38,0],[42,-60,35108],[39,-60,0],[34,-61,35105],[30,-63,0],[26,-63,60822],[22,-64,35114],[17,-65,294509],[14,-65,35136],[8,-66,81939],[4,-37,22387],[2,-66,154830],[-2,-66,35134],[-6,-66,0],[-11,-65,0],[-15,-65,0],[-19,-64,35114],[-23,-64,0],[-28,-63,61320],[-30,-59,28612],[-48,-90,0]],[[99818,92083,0],[-2008,501,583986],[-88,-9,38309],[-12,-5,0]],[[97710,92570,0],[-12,-11,57320],[-15,1,23859],[-3,10,23859],[-13,8,18735],[-14,2,0]],[[97653,92580,0],[-7,2,6973],[-10,2,0]],[[97636,92584,0],[-1,10,0]],[[97635,92594,0],[-8,187,0]],[[97627,92781,0],[17,61,544465],[1451,1080,0]],[[85988,97348,0],[38,25,66964],[77,78,280663],[41,52,40368],[34,53,95454],[27,54,29170],[36,65,135178],[52,27,135178],[8,89,0]],[[86301,97791,0],[40,220,380713],[428,1435,0]],[[86769,99446,0],[423,-55,0]],[[86850,97710,0],[-8,-147,213125],[-57,-182,73815],[-30,-72,0]],[[97634,92551,0],[26,0,13096],[12,-2,32145],[1,-3,9503],[8,1,9503],[18,-5,65553],[8,-17,0]],[[97707,92525,0],[-20,-2,15058],[-13,1,20890],[-5,4,20890],[-19,-3,0]],[[97650,92525,0],[-16,-3,0]],[[97634,92522,0],[0,26,0]],[[97634,92548,0],[0,3,0]],[[86569,99471,0],[200,-25,0]],[[89105,98775,0],[191,-91,0]],[[80687,99880,0],[955,-49,31334],[372,-20,0]],[[82014,99811,0],[-183,-1457,3436629],[-2153,-1876,0]],[[79678,96478,0],[-358,558,131135],[1,11,0]],[[79321,97047,0],[-1,14,0]],[[79320,97061,0],[-1,19,21609],[4,37,134545],[-21,3,27687],[-21,0,10490],[-10,2,10490],[-5,-1,17800],[-8,3,17800],[-11,-5,0]],[[79338,97519,0],[69,169,0]],[[79407,97688,0],[348,231,56497],[762,503,2500869],[170,1458,0]],[[79047,97125,0],[16,20,0]],[[79063,97145,0],[8,3,7275],[3,2,0]],[[79074,97150,0],[16,-5,15816],[3,-5,12122],[9,-3,97889],[-9,-7,18331],[-2,-12,25627],[-5,-4,8376],[-8,-3,25627],[3,-11,51925],[-6,-11,16296],[-2,-10,8824],[0,-7,28941],[5,-7,0]],[[79078,97065,0],[-18,1,0]],[[79060,97066,0],[-57,-4,0]],[[79003,97062,0],[44,63,0]],[[79074,97150,0],[7,12,18043],[-4,1,11196],[2,7,23934],[10,14,30472],[3,9,12977],[-1,12,0]],[[79138,97082,0],[-60,-17,0]],[[78256,97281,0],[58,33,123589],[8,11,25455],[3,8,9370],[6,20,43608],[27,31,41967],[7,22,0]],[[78365,97406,0],[15,2,21552],[48,1,21552],[16,3,102479],[10,-4,17861],[-1,-7,12234],[6,-4,43453],[3,1,7233],[8,-1,14847],[2,-5,18070],[20,-4,11286],[11,-3,204722],[-3,-4,10292],[3,-4,10292],[-1,-8,8890],[1,-6,8785],[-3,-2,7805],[1,-5,35714],[-9,-6,9873],[-3,-4,35714],[-3,-14,22310],[1,-5,9489],[6,-4,177989],[18,-5,21619],[19,-3,13269],[6,1,27445],[6,-1,8510],[10,-6,27445],[5,1,8028],[4,-2,11426],[12,3,54108],[7,-6,23142],[9,-3,7530],[12,-4,12037],[10,-2,320472],[1,-11,19441],[-2,-6,8055],[-5,-8,34361],[1,-3,8359],[2,-14,16727],[-2,-4,11953],[2,-12,42936],[-9,-14,21449],[-2,-10,8920],[-3,-9,42936],[11,-8,320472],[32,11,14975],[26,7,60742],[16,-1,17959],[15,-6,38525],[18,7,168820],[139,-41,0]],[[78851,97174,0],[6,-17,9327],[7,-18,42106],[10,-20,9191],[9,-16,23218],[11,-13,89407],[17,-12,9027],[18,-12,0]],[[78929,97066,0],[17,-7,44584],[57,3,0]],[[79003,97062,0],[-8,-34,0]],[[78995,97028,0],[-16,-93,0]],[[78979,96935,0],[95,-274,0]],[[79074,96661,0],[-1383,-75,612623],[-173,54,0]],[[77518,96640,0],[32,41,6973],[2,2,0]],[[77552,96683,0],[65,79,113682],[60,37,98586],[76,83,171646],[30,64,0]],[[77783,96946,0],[12,23,22690],[62,132,208157],[15,13,32014],[90,67,462223],[109,19,149334],[185,81,0]],[[97634,92551,0],[2,12,0]],[[97636,92563,0],[0,21,0]],[[99818,92083,0],[-52,-97,0]],[[99766,91986,0],[-2007,502,466735],[-40,23,33570],[-12,14,0]],[[77652,97559,0],[10,-7,13558],[9,-11,13904],[10,-7,68433],[20,-7,12336],[13,-7,27131],[9,-2,8295],[28,-7,68433],[19,-12,12307],[23,-17,57213],[8,-3,12455],[35,-13,7970],[19,-7,45016],[12,-5,16752],[10,-10,189596],[2,-7,7734],[6,-22,14276],[4,-7,65887],[11,-13,7610],[14,-18,33211],[5,-3,9560],[11,-5,189596],[27,-4,25154],[9,-1,10033],[14,2,57489],[58,13,189596],[13,-1,28971],[11,-3,7598],[34,-14,49145],[73,-35,49145],[9,-3,12288],[15,-1,108623],[63,-41,0]],[[77783,96946,0],[-57,14,39445],[-54,19,199804],[-31,20,36833],[-16,21,99250],[-8,32,15220],[-9,31,199804],[-24,28,57575],[-54,27,65904],[-33,37,142062],[-160,89,0]],[[77337,97264,0],[-114,64,0]],[[79320,97061,0],[-20,1,22901],[-1,2,8585],[-10,2,11616],[-2,3,0]],[[79287,97069,0],[0,0,6973],[-21,1,79064],[-12,-69,359610],[224,-462,0]],[[79478,96539,0],[-203,61,0]],[[79275,96600,0],[-43,382,76416],[-4,3,0]],[[79228,96985,0],[-21,13,48506],[-14,34,0]],[[79047,97125,0],[-5,25,6973],[-1,1,0]],[[79041,97151,0],[3,6,11027],[-4,2,11027],[-1,8,23912],[3,11,10467],[3,4,36031],[12,6,11965],[3,4,29832],[-1,14,0]],[[75277,99638,0],[1342,197,0]],[[76619,99835,0],[485,-1427,611192],[116,-158,0]],[[77220,98250,0],[22,-228,0]],[[77242,98022,0],[6,-87,88679],[27,-64,189169],[44,-59,20728],[38,-54,363629],[31,-2,25028],[10,-2,8982],[5,-3,122011],[81,-57,65797],[7,-7,12280],[10,-15,27176],[6,-7,10060],[14,-9,0]],[[79678,96478,0],[-200,61,0]],[[77375,96744,0],[143,-104,0]],[[79074,96661,0],[201,-61,0]],[[79678,96478,0],[-453,-768,0]],[[79225,95710,0],[-836,207,0]],[[78389,95917,0],[-8,3,7904],[-3,3,37992],[-7,0,9289],[-6,-4,10584],[-6,1,9663],[-8,-2,16780],[-1,-4,15730],[-15,-1,85514],[-6,6,7761],[-4,2,20211],[-13,0,43056],[-1,9,11638],[-5,12,85514],[-4,3,13294],[-15,2,9702],[-11,2,22927],[-6,-3,14144],[-5,2,7097],[-2,2,14144],[-11,1,9385],[-9,2,66781],[-16,7,15800],[-10,5,7856],[-25,14,190472],[-9,-2,7075],[-14,-5,13420],[-10,-1,13420],[-5,-5,13420],[-24,-7,102881],[-18,-2,15501],[-16,2,45212],[-7,2,7043],[-8,4,24745],[-20,1,17665],[-15,4,8494],[-6,2,190472],[-16,11,26773],[-7,7,7246],[0,2,7246],[-7,6,16258],[-2,7,28959],[-11,8,7441],[-2,0,7441],[-5,5,12241],[1,2,9924],[-9,6,1307815],[-14,-9,20885],[2,-6,20885],[-16,-14,92123],[-17,-10,13152],[-9,-3,9576],[-11,-7,23146],[-15,-2,16826],[-5,-5,58152],[1,-5,8037],[4,-4,34252],[-2,-2,6984],[-6,2,16227],[-3,-3,7381],[-8,-4,14504],[-8,-1,36965],[-7,-8,9632],[1,-2,9632],[-7,-6,30451],[-7,-1,9724],[-4,-3,12237],[-5,1,30451],[-8,-6,8986],[-6,-2,9748],[-11,-8,22044],[-8,-3,7358],[-6,-4,9791],[-10,-3,8582],[-5,-3,79862],[-4,-14,29179],[-9,-6,11723],[-8,-1,235637],[-11,1,10001],[-21,4,44785],[-17,-2,11841],[-5,1,8210],[-14,-1,18746],[-12,-5,18746],[-8,1,7105],[-2,2,295046],[-14,-5,13037],[-3,-4,13097],[-13,-4,13097],[4,-2,13097],[-15,-7,20222],[-7,0,20222],[-5,-6,10999],[-10,-7,61762],[-3,-11,7087],[-1,-6,80733],[-12,-7,13680],[-6,-6,21780],[-4,-2,7055],[-10,-3,17186],[-11,-8,34739],[-7,-3,7490],[-12,-2,49706],[-19,-11,21379],[-4,-9,31281],[-9,-6,12529],[-24,-11,198083],[-16,-4,23709],[-14,3,9516],[-7,0,31650],[-8,-2,7764],[-7,-1,11184],[-10,-4,25648],[-6,2,13492],[-7,-2,8372],[-10,0,63545],[-27,-11,28098],[-15,0,18738],[-19,-7,198083],[8,-8,22442],[1,-15,9731],[2,-2,57988],[16,-11,14403],[19,-10,22389],[7,-7,534475],[1,-7,9294],[-1,-10,16744],[3,-10,65250],[-8,-8,16973],[-1,-3,7714],[-9,-10,7714],[-15,-18,65250],[-11,-29,24696],[-1,-11,12330],[-4,-16,54978],[-4,-4,9922],[-5,-14,20693],[-6,-8,7251],[-8,-8,153839],[-8,-3,16364],[-7,-5,7931],[-7,-9,22059],[-4,-11,8052],[-3,-2,22059],[-9,-3,29742],[0,-7,14325],[-6,-7,29742],[-16,-7,534475],[-30,-4,19386],[-28,-7,40289],[-26,-12,38361],[-31,-6,8726],[-19,-3,86493],[-7,-3,12294],[-11,-9,23084],[-15,-6,9061],[-10,-5,128701],[-7,-1,7347],[-5,1,11047],[-8,-2,27205],[-9,5,10016],[-9,2,57416],[-11,-2,11283],[-5,-3,20191],[-45,-8,247410],[-4,-5,11371],[-10,-6,17518],[-7,0,19708],[-17,-13,14381],[-12,-6,40321],[-12,-1,12989],[-9,-4,71830],[-12,-9,7352],[-9,-9,21504],[-34,-22,19104],[-8,-8,0]],[[94333,93798,0],[-149,108,0]],[[94184,93906,0],[-139,165,134387],[-190,257,678482],[-281,82,295077],[-124,109,0]],[[93450,94519,0],[192,155,131059],[215,152,573888],[9,12,35448],[4,26,12960],[5,21,44094],[19,29,44094],[3,13,14413],[0,15,165151],[-40,60,13217],[-3,6,90657],[1,2,7246],[8,4,7246],[6,5,17245],[2,6,0]],[[93871,95025,0],[3,36,374364],[1032,1289,0]],[[94906,96350,0],[106,-38,27419],[85,-32,132779],[84,-35,58389],[81,-38,32562],[71,-36,327319],[428,-227,70298],[76,-42,12210],[15,-9,638164],[936,-561,0]],[[96788,95332,0],[-1447,-1090,1416380],[-341,-179,356324],[-667,-265,0]],[[78389,97833,0],[5,11,53684],[-18,3,20780],[-13,6,7807],[-7,2,35206],[-4,5,9738],[-5,2,8982],[-5,5,79662],[-12,27,22654],[-2,17,22654],[-3,3,7045],[-5,2,266962],[-13,-1,8420],[-27,-3,35279],[-11,0,12067],[-18,4,109201],[-6,3,7939],[-3,5,20449],[-1,11,8703],[-2,3,38066],[-22,16,8404],[-4,3,140182],[-10,1,16992],[-14,-4,14922],[-12,0,55779],[-13,6,25995],[-6,2,7809],[-15,0,11620],[-14,2,43364],[-44,-3,34420],[-8,2,9323],[-4,4,874954],[3,10,23236],[6,2,7019],[4,4,16936],[1,8,16936],[10,11,12380],[4,7,49392],[-1,4,8612],[-5,11,45639],[3,5,8822],[18,25,205574],[31,31,7108],[64,67,11358],[34,34,147478],[9,5,22670],[31,8,8660],[6,2,44357],[19,12,10641],[6,6,363593],[31,40,9186],[21,26,80242],[7,15,22074],[7,21,7862],[5,18,159989],[-1,5,7088],[-4,6,17212],[-2,14,13317],[-4,11,51095],[1,4,9984],[14,27,8345],[1,3,44817],[-11,7,0]],[[78381,98416,0],[-2,22,171052],[155,1542,0]],[[78534,99980,0],[515,-23,61372],[1638,-77,0]],[[79407,97688,0],[-553,-33,429189],[-136,72,0]],[[78718,97727,0],[-41,16,14993],[-30,14,22892],[-27,9,261913],[-26,-5,29508],[-40,-16,36608],[-42,-9,52835],[-7,-10,22732],[-17,-7,52835],[-38,0,54725],[-27,-16,45694],[-42,-7,0]],[[78381,97696,0],[-13,6,16741],[-6,8,61975],[-1,23,26251],[-9,21,26251],[-1,5,7877],[3,8,134247],[3,3,7252],[21,21,55054],[5,7,8115],[2,6,24656],[4,29,0]],[[78995,97028,0],[56,1,45953],[13,-8,23076],[7,2,11806],[1,-2,6973],[4,0,6973],[0,0,6973],[2,0,6973],[1,-1,0]],[[79079,97020,0],[-2,-2,9257],[4,-5,23229],[8,-2,8928],[11,0,0]],[[79100,97011,0],[9,-7,0]],[[79109,97004,0],[2,-3,12210],[-10,-2,14296],[-8,-9,0]],[[79093,96990,0],[-114,-55,0]],[[79109,97004,0],[4,4,8819],[3,-3,8819],[7,4,0]],[[79123,97009,0],[10,-4,8444],[5,-1,33988],[8,-10,21165],[2,-7,11780],[-4,-3,46507],[6,0,8482],[5,-3,14366],[12,2,0]],[[79167,96983,0],[0,-2,30285],[-93,-320,0]],[[79078,97065,0],[4,-7,0]],[[79082,97058,0],[-14,-5,45446],[7,-9,23858],[12,-1,8139],[-1,-1,11692],[12,-6,17672],[4,-5,45446],[-2,-11,9656],[-3,-4,17549],[3,-5,0]],[[79123,97009,0],[-6,5,11557],[2,2,8909],[-4,4,25756],[3,3,7794],[0,7,9329],[3,3,61166],[-29,14,28822],[-1,5,13497],[-9,6,0]],[[76619,99835,0],[912,131,689965],[99,12,60820],[101,10,35077],[100,7,135881],[102,3,35122],[101,1,326795],[101,-2,56324],[16,-1,7884],[383,-16,0]],[[78389,97833,0],[-4,-2,9805],[-3,-5,11748],[-8,-4,11748],[-21,-16,60044],[-25,-10,18378],[-11,-8,28353],[-18,-6,16156],[-30,-13,103105],[-18,-1,12375],[-11,-3,7050],[-9,-1,18210],[-7,2,0]],[[78224,97766,0],[-22,2,6973],[-87,9,204367],[-122,104,204367],[-773,369,0]],[[79225,95710,0],[-256,-461,0]],[[79052,97294,0],[-90,-10,149667],[-24,-24,6973],[-41,-43,0]],[[78897,97217,0],[-46,-43,0]],[[78365,97406,0],[4,15,33273],[25,26,33273],[22,37,238167],[-15,67,7870],[-4,16,52789],[-8,8,19370],[-10,21,44608],[-8,29,24592],[3,7,124895],[14,11,14735],[21,12,32497],[7,7,10050],[3,6,103923],[-3,11,17936],[-9,9,42289],[-11,4,11530],[-15,4,0]],[[82014,99811,0],[999,-55,0]],[[71734,87536,0],[-213,-319,790538],[156,-147,585325],[-88,-407,912479],[-270,-38,139123],[-22,-19,912479],[10,-240,353521],[9,-22,94265],[41,-21,45648],[32,-10,9454],[36,-12,381032],[11,-136,53030],[8,-163,0]],[[71444,86002,0],[-314,16,193874],[-170,28,109056],[-122,6,60131],[-70,10,441434],[-29,15,29298],[-18,16,66197],[-12,29,226023],[-22,12,39476],[-41,8,106355],[-154,8,1149687],[-22,-102,45410],[-43,-171,880443],[-135,4,50127],[-117,8,456838],[-31,10,80801],[-73,43,28973],[-98,60,118408],[-124,85,880443],[-28,0,11082],[-38,-1,64076],[-85,-16,111750],[-75,-27,232684],[-61,-38,57014],[-39,-36,134357],[-31,-13,48595],[-39,1,678232],[-41,18,29763],[-120,50,237934],[-284,41,0]],[[69008,86066,0],[-224,101,484947],[-16,36,19680],[-15,39,81322],[-41,51,205517],[-53,24,48370],[-56,35,256824],[-34,49,80343],[-52,119,1570966],[-73,276,119935],[-22,90,52920],[-10,72,801145],[3,71,72481],[19,56,189884],[30,61,12231],[35,70,28602],[29,56,236425],[25,89,28293],[25,84,107858],[18,116,0]],[[78448,85116,0],[-2,2,0]],[[78446,85118,0],[-5,8,13753],[0,7,13753],[-5,12,64440],[-10,4,12377],[-6,5,7573],[-5,3,36049],[-3,5,9395],[-6,4,9395],[-4,5,7493],[-6,7,12084],[-7,3,11782],[-3,6,192987],[-13,7,22009],[-14,1,19228],[-7,3,8046],[-9,3,45285],[-19,2,8407],[-9,0,8407],[-9,2,26473],[-14,5,12319],[-12,1,45494],[-10,7,12708],[-7,8,45494],[-4,2,7793],[-5,0,18734],[-18,-6,373576],[-7,-4,12123],[-1,-4,7655],[-6,-5,22068],[-5,-13,64213],[-10,-5,17803],[-7,3,17803],[-8,-2,10833],[-2,-4,14073],[-9,-1,41255],[-2,-3,7957],[-6,-3,10050],[-7,-8,170490],[-7,0,17345],[-20,8,19991],[-7,2,8988],[-9,0,71952],[-15,-5,34232],[-14,1,9565],[-7,-1,6992],[-9,0,6992],[-13,0,22471],[-14,-3,11224],[-15,0,513471],[-17,2,18482],[-15,5,9128],[-8,2,61863],[-2,5,7891],[-7,8,15848],[-10,6,15848],[-2,7,90171],[-3,2,7348],[-9,2,8910],[-10,6,38701],[-25,7,19218],[-35,7,8389],[-19,5,245371],[-6,4,17482],[-6,8,7398],[-4,3,7398],[-2,5,8443],[-6,5,8443],[-2,5,45218],[1,12,24918],[-9,15,89100],[2,5,15287],[7,4,9450],[3,5,10001],[8,5,89100],[-56,33,819903],[-370,-99,0]],[[77434,85249,0],[-11,110,213062],[10,57,70488],[39,100,80853],[17,83,378346],[-11,43,70965],[-47,86,77986],[-7,38,0]],[[77493,85877,0],[41,0,71617],[36,13,27847],[24,13,328408],[14,1,21760],[14,-7,48134],[27,-25,90496],[14,-30,17930],[7,-21,90496],[20,-16,39997],[12,-1,12354],[10,2,210200],[28,13,17655],[21,12,67882],[20,2,21204],[18,-3,209037],[18,-11,25339],[33,-28,64830],[15,-33,52091],[10,-9,17513],[14,-6,525447],[21,-1,25651],[22,5,48715],[11,10,14327],[10,5,145078],[10,-1,18513],[20,-8,37559],[18,-15,58191],[1,-16,13207],[3,-10,58191],[8,-4,21637],[12,1,10980],[9,3,183332],[20,19,7675],[13,11,68408],[12,4,18994],[27,1,255819],[59,-9,47357],[29,-13,102068],[12,-13,13440],[14,-18,64358],[16,-7,20758],[23,-4,283876],[22,2,32586],[34,12,26574],[20,2,129522],[19,-5,17408],[22,-8,46439],[15,-16,13315],[7,-5,29645],[10,0,162892],[30,17,16134],[13,8,8460],[5,1,54215],[30,3,0]],[[78486,85694,0],[-4,-3,0]],[[78482,85691,0],[-1,-4,0]],[[78481,85687,0],[-2,-11,0]],[[78479,85676,0],[1,-6,0]],[[78480,85670,0],[11,-4,9627],[3,-4,34151],[3,-12,11586],[0,-8,80185],[-3,-9,6973],[-2,-7,20231],[-8,-7,46566],[-11,-2,11754],[-11,0,0]],[[78462,85617,0],[-6,-2,8275],[-8,-4,17309],[-9,-9,0]],[[78439,85602,0],[-6,-13,0]],[[78433,85589,0],[0,-3,7592],[3,-5,0]],[[78436,85581,0],[10,-8,0]],[[78446,85573,0],[4,-1,12116],[20,2,14168],[20,0,85210],[17,-8,11800],[15,-5,24807],[7,-6,8238],[8,-5,46861],[2,-3,6973],[2,-9,0]],[[78541,85538,0],[1,-4,0]],[[78542,85534,0],[3,-4,6973],[0,-2,20120],[-7,-5,8047],[-5,-2,0]],[[78533,85521,0],[-16,-1,8088],[-13,-3,0]],[[78504,85517,0],[-5,-1,0]],[[78499,85516,0],[-6,-5,10829],[-2,-6,19765],[1,-9,0]],[[78492,85496,0],[5,-1,6973],[2,-2,14778],[2,-7,0]],[[78501,85486,0],[-1,-6,7538],[2,-8,12416],[2,-1,0]],[[78504,85471,0],[10,0,0]],[[78514,85471,0],[14,5,9390],[8,4,0]],[[78536,85480,0],[10,4,9160],[11,3,0]],[[78557,85487,0],[10,-2,10738],[6,-3,0]],[[78573,85482,0],[4,-5,7722],[7,-11,23039],[0,-2,6973],[-3,-4,0]],[[78581,85460,0],[3,-5,0]],[[78584,85455,0],[16,-16,15455],[9,-12,0]],[[78609,85427,0],[6,-7,0]],[[78615,85420,0],[5,-16,10753],[3,-8,0]],[[78623,85396,0],[3,-4,0]],[[78626,85392,0],[1,-3,0]],[[78627,85389,0],[-1,-2,0],[-4,-7,0],[-3,-2,0]],[[78619,85378,0],[-4,0,0]],[[78615,85378,0],[-3,1,0]],[[78612,85379,0],[-9,-2,0]],[[78603,85377,0],[-7,-2,0]],[[78596,85375,0],[-5,-5,9010],[-7,-3,9010],[-2,-3,0]],[[78582,85364,0],[-1,-4,0],[-7,-7,0],[-6,-5,0]],[[78568,85348,0],[0,-7,0]],[[78568,85341,0],[2,-8,20199],[-2,-8,8171],[1,-9,13135],[-3,-11,0]],[[78566,85305,0],[-7,-9,29345],[-10,-7,8274],[-9,-3,16900],[-3,-1,6973],[-5,-1,0]],[[78532,85284,0],[-5,-3,0]],[[78527,85281,0],[-2,-6,10916],[-5,-7,20958],[-13,-8,0]],[[78507,85260,0],[-4,-5,11182],[-2,-9,19605],[4,-6,0]],[[78505,85240,0],[17,-4,26540],[3,-4,11417],[-2,-6,0]],[[78523,85226,0],[-1,-2,8169],[-2,-16,10428],[-4,-14,9109],[0,-7,0]],[[78516,85187,0],[1,-10,0]],[[78517,85177,0],[1,-4,0]],[[78518,85173,0],[5,-11,18334],[2,-10,9096],[0,-4,6973],[0,-4,41864],[-6,-8,9303],[-5,-3,0]],[[78514,85133,0],[-9,-3,8744],[-9,-2,0]],[[78496,85128,0],[-10,-2,10184],[-12,-5,0]],[[78474,85121,0],[-7,-3,0]],[[78467,85118,0],[-13,-2,0],[-6,0,0]],[[78448,85116,0],[-5,0,6973],[-4,1,0]],[[78439,85117,0],[-5,-1,0]],[[78434,85116,0],[-10,-3,7533],[-6,0,0]],[[78418,85113,0],[-6,-2,0]],[[78412,85111,0],[-5,-1,0]],[[78407,85110,0],[-4,-1,12224],[-5,-6,7386],[-2,-5,0]],[[78396,85098,0],[-1,-6,6973],[-1,-3,16111],[-8,-8,0]],[[78386,85081,0],[-3,-6,0]],[[78383,85075,0],[-2,-9,0]],[[78381,85066,0],[1,-6,0]],[[78382,85060,0],[-3,-6,11854],[3,-4,0]],[[78382,85050,0],[3,-2,6973],[1,-3,10633],[-1,-7,27831],[-1,-3,6973],[-3,-6,10084],[-6,-8,47312],[-5,-2,9125],[-13,-2,0]],[[78357,85017,0],[-6,-2,0]],[[78351,85015,0],[-6,-4,14344],[-13,-6,6973],[-5,-1,0]],[[78327,85004,0],[-10,-3,15163],[-4,-2,7216],[-2,-4,0]],[[78311,84995,0],[0,-5,0]],[[78311,84990,0],[3,-20,11406],[3,-6,0]],[[78317,84964,0],[5,-7,6973],[1,-3,20065],[1,-7,10668],[-1,-2,6973],[-2,-2,0]],[[78321,84943,0],[-6,-1,20780],[-2,-6,7424],[-5,-11,0]],[[78308,84925,0],[0,-3,0]],[[78308,84922,0],[0,-5,0]],[[78308,84917,0],[1,-4,0],[1,-10,8693],[0,-4,6973],[-2,-2,0]],[[78308,84897,0],[-4,-3,8041],[-4,-7,14432],[-1,-6,0]],[[78299,84881,0],[-2,-4,11314],[-8,-3,0]],[[78289,84874,0],[-4,-3,10527],[-12,-12,12577],[-11,-8,0]],[[78262,84851,0],[-10,-8,0]],[[78252,84843,0],[-7,-10,0]],[[78245,84833,0],[-4,-14,14455],[-2,-17,7057],[-3,-13,7057],[0,-8,21555],[-3,-5,66073],[4,-15,14487],[7,-11,0]],[[78244,84750,0],[3,-3,0]],[[78247,84747,0],[9,-3,8016],[9,-6,0]],[[78265,84738,0],[5,-7,18775],[-1,-18,0]],[[78269,84713,0],[-3,-4,8824],[-6,-3,0]],[[78260,84706,0],[-11,-5,20308],[-3,-9,0]],[[78246,84692,0],[-11,-2,0]],[[78235,84690,0],[-6,-1,21934],[-3,-6,10763],[-1,-13,0]],[[78225,84670,0],[2,-7,0]],[[78227,84663,0],[5,-3,0]],[[78232,84660,0],[4,-1,6973],[6,-4,7302],[13,-7,20754],[4,-6,0]],[[78259,84642,0],[0,-5,9195],[4,-15,0]],[[78263,84622,0],[1,-2,9855],[5,-23,57783],[-6,-7,20176],[-4,-3,6973],[-15,-7,0]],[[78244,84580,0],[-5,-4,0]],[[78239,84576,0],[-3,-4,0]],[[78236,84572,0],[-1,-9,0]],[[78235,84563,0],[3,-7,0]],[[78238,84556,0],[8,-10,10957],[7,-12,0]],[[78253,84534,0],[-1,-5,13906],[-9,-14,0]],[[78243,84515,0],[-7,-2,10129],[-12,-1,0]],[[78224,84512,0],[-10,-4,0]],[[78214,84508,0],[-9,-9,14088],[-5,-10,60709],[-1,-5,7211],[1,-7,24432],[13,-27,0]],[[78213,84450,0],[0,-10,17857],[-8,-10,0]],[[78205,84430,0],[-1,-5,0]],[[78204,84425,0],[-2,-4,9559],[-5,-2,0]],[[78197,84419,0],[-10,-6,14951],[-11,-11,0]],[[78176,84402,0],[-5,-8,0]],[[78171,84394,0],[0,-5,0]],[[78171,84389,0],[1,-3,8476],[-5,-3,24095],[-12,-3,13760],[-7,0,6973],[-4,1,0]],[[78144,84381,0],[-13,-2,13867],[-17,-6,33434],[-7,-6,8938],[-2,-4,0]],[[78105,84363,0],[-1,-5,9341],[2,-8,20682],[-1,-9,7387],[-4,-10,0]],[[78101,84331,0],[2,-6,9287],[3,-3,0]],[[78106,84322,0],[3,-2,6973],[2,-3,6973],[3,-5,13399],[8,-15,0]],[[78122,84297,0],[2,-3,0]],[[78124,84294,0],[1,-2,6973],[1,-2,12079],[0,-2,6973],[-3,-7,0]],[[78123,84281,0],[0,-3,0]],[[78123,84278,0],[0,-6,0]],[[78123,84272,0],[-2,-3,0]],[[78121,84269,0],[-14,-10,0]],[[78107,84259,0],[-2,-7,0]],[[78105,84252,0],[1,-9,0]],[[78106,84243,0],[5,-12,21472],[1,-4,8346],[-2,-11,0]],[[78110,84216,0],[-4,-7,0]],[[78106,84209,0],[-6,-9,16116],[0,-9,0],[6,-7,0],[11,-9,9778],[12,-8,19128],[12,-5,0]],[[78141,84162,0],[5,-6,9751],[1,-4,40189],[-3,-8,7538],[-6,-9,24470],[-3,-3,6973],[-4,-2,6973],[-5,-3,0]],[[78126,84127,0],[-5,-4,12314],[-4,-11,21239],[1,-9,0]],[[78118,84103,0],[3,-3,6973],[1,-3,9230],[0,-6,0]],[[78122,84091,0],[0,-5,8840],[4,-11,0]],[[78126,84075,0],[6,-10,9746],[9,-9,9480],[4,-7,63332],[-1,-3,6973],[-2,-3,20062],[-18,-13,0]],[[78124,84030,0],[-12,-14,16611],[0,-6,0]],[[78112,84010,0],[-1,-2,10135],[-14,-9,28199],[-2,0,6973],[-4,0,8860],[-2,0,6973],[-3,1,6973],[-2,1,0]],[[78084,84001,0],[-7,-3,12770],[-3,-7,0]],[[78074,83991,0],[0,-3,0]],[[78074,83988,0],[6,-8,12526],[1,-6,0],[0,-7,0],[-4,-8,11602],[-6,-5,0]],[[78071,83954,0],[0,-7,0]],[[78071,83947,0],[2,-12,0]],[[78073,83935,0],[5,-9,0]],[[78078,83926,0],[5,-9,11663],[8,-6,11663],[20,-25,9896],[5,-7,0]],[[78116,83879,0],[3,-1,6973],[3,-2,10822],[4,-6,23541],[-1,-3,7051],[-5,-5,0]],[[78120,83862,0],[2,-4,0]],[[78122,83858,0],[4,-2,6973],[3,-2,19968],[3,-4,8530],[4,-9,6973],[1,-4,0]],[[78137,83837,0],[2,-8,7410],[4,-13,0]],[[78143,83816,0],[7,-10,21986],[1,-12,16233],[3,-4,9275],[4,-11,0]],[[78158,83779,0],[4,-9,0]],[[78162,83770,0],[2,-5,0]],[[78164,83765,0],[3,-10,9261],[1,-11,0]],[[78168,83744,0],[2,-3,7296],[5,0,0]],[[78175,83741,0],[3,-4,0]],[[78178,83737,0],[4,-14,15057],[3,-4,10776],[1,-6,8663],[3,-5,0]],[[78189,83708,0],[2,-2,9090],[1,-2,6973],[0,-4,6973],[-1,-2,18616],[-6,-7,0]],[[78185,83691,0],[-1,-4,0]],[[78184,83687,0],[-12,-4,55786],[-4,-28,13116],[-4,-13,22888],[-6,-10,19770],[0,-9,8257],[-1,-5,363778],[-7,-5,17700],[-14,1,31413],[-21,-8,15636],[-14,-8,29494],[-9,-3,10324],[-9,0,100182],[-11,8,12886],[-13,6,27241],[-16,3,177844],[-60,-12,54532],[-25,-10,21860],[-14,-4,10188],[-30,-10,89125],[-31,-5,31536],[-11,2,13388],[-19,-1,89125],[-55,-16,13623],[-11,-3,8180],[-12,-4,45115],[-18,-2,16113],[-26,-1,44903],[-8,-1,8774],[-9,-4,20223],[-3,-6,372000],[1,-6,8869],[2,-8,7052],[1,-9,73798],[-3,-6,12139],[-8,-4,26108],[-15,0,31982],[-16,-9,19107],[-4,-7,125885],[0,-11,9809],[3,-5,24807],[11,-12,27325],[1,-4,7898],[-1,-7,19050],[8,-16,372000],[-3,-6,11286],[-7,-6,40419],[-9,-2,8355],[-7,0,21654],[-14,4,40845],[-7,-1,10538],[-23,-4,19012],[-13,-4,32194],[-16,-2,13389],[-19,0,174378],[-8,2,7724],[-2,3,24210],[-30,4,17342],[-14,5,63748],[-21,1,15189],[-46,4,27827],[-24,4,10086],[-25,3,2044844],[-13,11,24764],[-3,13,24764],[-4,3,8379],[-1,5,8379],[-6,7,18053],[-1,9,16789],[-6,6,7804],[-2,4,52259],[0,12,20999],[-10,9,20999],[4,6,31660],[-1,6,10939],[-7,8,12418],[-7,1,12418],[3,5,103407],[-9,0,18203],[-15,6,8296],[-5,3,7294],[-5,2,62464],[-2,4,8691],[1,4,8969],[-4,9,11628],[2,4,11628],[-3,5,7203],[-3,2,412903],[-8,1,16969],[-5,3,7816],[-21,9,19513],[-21,7,12843],[-2,3,12843],[-15,3,44257],[-20,9,8626],[-3,2,15864],[-9,1,14640],[-9,6,26381],[-7,-3,19071],[-10,4,15121],[1,4,19071],[-5,3,8689],[-8,1,26381],[-5,4,14645],[-7,2,10785],[-10,5,170996],[-2,5,7679],[0,7,32625],[-4,3,8028],[-5,2,8028],[-15,8,61650],[-8,10,23288],[-9,-3,23288],[-6,0,9893],[-10,4,14550],[-1,4,21662],[-10,2,10268],[-6,-1,61650],[-8,5,12617],[4,2,21132],[-5,1,8106],[-4,4,14158],[-7,-1,21132],[-14,7,15446],[-3,-2,10276],[-9,4,15446],[0,4,18921],[-5,2,8341],[-2,3,10941],[-5,1,7486],[0,3,7486],[-8,3,13276],[-3,5,13276],[-11,3,61309],[1,6,8991],[-3,3,8991],[4,1,28211],[-5,3,7341],[-1,-3,7341],[-3,3,7960],[-6,0,7960],[-2,2,28211],[-5,-1,13838],[2,9,20538],[-11,8,9838],[-9,4,61309],[-5,-2,15234],[-6,2,9178],[-1,3,15234],[-12,2,8057],[-8,3,727405],[-8,4,11883],[0,4,7592],[-5,3,16795],[4,2,21249],[-4,4,8521],[-4,0,8521],[0,4,9198],[-7,5,11346],[-4,7,11270],[-5,1,8920],[-2,4,40613],[4,5,18407],[-3,2,9152],[2,4,9152],[-3,2,7588],[0,4,40613],[-21,11,104119],[-2,5,8320],[-3,2,17318],[-1,9,10387],[2,3,22747],[-7,8,54546],[1,7,14135],[8,13,17570],[2,10,104119],[-5,8,12996],[-6,3,7395],[-2,2,39174],[-5,-1,10139],[-11,3,14058],[-4,3,14058],[-5,0,8082],[-3,-3,154079],[-4,2,10406],[-2,8,24819],[-7,5,10956],[0,3,10956],[-8,5,8348],[-3,4,19632],[-6,0,25522],[-4,8,6979],[0,2,6979],[-3,4,15825],[-5,0,9205],[-1,4,65542],[2,8,10717],[-3,3,19862],[8,6,65542],[-7,4,11642],[-6,-1,14052],[-6,4,9702],[-12,3,28900],[-2,5,15154],[-6,1,10261],[-1,3,8538],[-7,2,65542],[-4,13,8073],[-4,3,8073],[0,4,51448],[-10,11,9538],[-7,5,9538],[-5,6,28327],[-5,2,12634],[-19,15,298251],[-2,9,13884],[0,11,7141],[-1,15,8713],[-1,2,8713],[1,8,86203],[-2,5,10913],[-8,12,8173],[-4,4,8173],[-1,4,27084],[-6,7,8249],[-8,7,16853],[-2,9,16184],[-8,5,86203],[-20,5,14665],[-6,3,51567],[1,8,24693],[8,5,13198],[8,1,7973],[3,2,51567],[0,7,15289],[-4,15,10095],[-3,5,18718],[3,8,18718],[-5,7,9782],[0,4,298251],[-11,2,12395],[-9,6,14978],[-16,3,48058],[-8,5,11479],[-10,3,14136],[-19,11,18077],[-12,9,18077],[-15,6,98096],[-3,7,20931],[-8,5,9849],[-10,3,30417],[-8,10,7386],[-6,6,7386],[-2,3,13187],[-8,8,0]],[[77010,85096,0],[279,110,128092],[145,43,0]],[[77327,86022,0],[-30,70,319912],[50,47,132053],[71,-11,132053],[67,24,67487],[100,20,678839],[136,-72,146520],[251,-99,0]],[[78558,85812,0],[-5,-6,14894],[-2,-5,7659],[0,-7,0]],[[78551,85794,0],[1,-4,11560],[-6,-9,21087],[-5,-4,6973],[-6,-4,0]],[[78535,85773,0],[-9,-13,13682],[-2,-6,0]],[[78524,85754,0],[0,-7,8673],[-4,-21,0]],[[78520,85726,0],[-9,-12,10462],[-9,-9,25620],[-16,-11,0]],[[75995,85811,0],[-138,92,258109],[10,44,89726],[36,12,42218],[10,14,327992],[-19,19,67466],[-54,19,38563],[-34,19,152581],[-3,19,22872],[-11,36,159394],[-115,61,327992],[-22,50,14618],[-15,36,241618],[-89,102,99374],[-127,131,26784],[-61,61,505684],[-61,25,15476],[-58,24,205387],[-38,48,59499],[-44,45,22964],[-37,36,2633337],[-54,21,93308],[-69,13,39316],[-74,8,171184],[-72,-5,62213],[-81,6,220585],[-79,16,60398],[-80,24,42093],[-86,20,617035],[-75,0,135439],[-76,-15,57703],[-130,-34,80765],[-62,-8,425217],[-191,27,101824],[-228,20,964537],[-116,25,153841],[-41,34,34183],[-47,32,304880],[-67,22,62009],[-168,43,159126],[-228,39,0]],[[73101,86992,0],[-4,6,11443],[-9,5,53090],[-4,-9,12278],[-9,-10,38422],[0,-5,10697],[4,-15,53090],[-4,-12,16058],[-8,-9,34395],[-11,-8,9207],[-6,-2,103351],[-28,-2,14521],[-14,1,311672],[-6,11,13749],[-2,12,42217],[-10,12,11440],[-6,10,15120],[-6,5,10076],[-8,10,121039],[-4,13,19695],[-1,17,9267],[1,10,26749],[-4,28,10608],[-5,23,63811],[-4,9,7128],[-2,7,13566],[-9,22,311672],[-10,12,27036],[-11,8,8422],[-7,6,10568],[-22,16,125661],[-4,8,9077],[-8,16,26054],[-34,78,11878],[-6,15,179998],[-16,17,14186],[-20,17,11784],[-8,9,33150],[-20,18,11018],[-49,45,62455],[-12,19,0]],[[68565,82895,0],[-56,-130,23565],[-5,-15,82388],[1,-22,315136],[11,-2,20451],[19,2,11174],[20,0,38592],[33,-8,12981],[4,1,80316],[5,-9,17215],[8,0,17215],[19,-10,0]],[[68578,82618,0],[-29,4,33657],[-5,9,90679],[-5,1,7815],[-1,-3,11416],[-14,1,26647],[-4,-7,22071],[-16,-1,56273],[-1,8,33522],[-8,-2,8369],[-17,-6,8369],[-5,0,33522],[-29,0,8318],[-13,0,221608],[-11,3,20083],[-10,5,11571],[-8,7,57955],[-15,18,12004],[-18,24,97511],[-10,10,22891],[-13,5,8727],[-6,1,42573],[-21,2,12986],[-9,2,0]],[[68310,82699,0],[48,209,32229],[7,2,13974],[5,7,32066],[-3,8,7589],[-4,6,475115],[1,6,15080],[10,6,28343],[15,-1,80326],[16,-8,17023],[11,-10,37122],[13,-5,12917],[21,-6,126250],[18,-1,16318],[15,2,56620],[11,8,7052],[8,8,42047],[15,4,15979],[16,1,180092],[7,-1,10290],[2,-4,27684],[-3,-13,12389],[2,-4,43713],[11,-10,13682],[13,-8,0]],[[72822,85401,0],[80,0,295616],[22,98,151002],[16,17,11543],[19,19,18303],[13,15,88465],[3,6,8025],[2,12,26821],[13,12,36942],[4,5,9344],[5,13,22112],[3,13,9725],[1,7,253051],[8,9,28050],[10,-1,8367],[8,0,28050],[21,5,15887],[17,0,14686],[7,2,50206],[3,4,6976],[2,5,608511],[-5,13,10348],[-8,16,8634],[-8,19,15175],[-5,9,30859],[-6,21,58127],[-8,14,15493],[-5,14,23569],[-10,18,12451],[-8,11,119112],[-17,6,31837],[-14,11,15826],[-6,9,117326],[-1,9,12502],[3,8,35284],[17,14,67908],[0,5,11614],[-5,8,15428],[-1,12,9945],[-3,8,28325],[2,12,626752],[4,5,11791],[6,2,7582],[6,5,21070],[8,12,49123],[9,-5,7917],[5,-1,20157],[6,3,78988],[11,16,11389],[4,9,17398],[10,11,46026],[21,14,19621],[7,9,181543],[6,20,12289],[2,10,8153],[2,10,68703],[-15,16,22702],[-4,6,8196],[0,5,207439],[25,28,19237],[36,38,19237],[22,25,81989],[9,4,8107],[8,6,38763],[22,19,17043],[7,10,20946],[13,11,8213],[7,4,15726],[8,9,384171],[-4,4,7005],[1,2,18309],[4,7,10822],[0,6,22257],[-4,8,7033],[-1,5,31156],[5,12,120961],[17,15,10768],[6,7,10768],[10,6,38129],[10,16,27331],[18,16,17185],[9,9,8366],[7,9,166804],[3,7,13088],[1,7,7415],[-2,5,30542],[-8,5,7738],[-2,3,18186],[1,7,111331],[2,2,8126],[10,1,26586],[5,14,26586],[8,9,9823],[14,13,58457],[3,5,7198],[7,9,18282],[5,12,7949],[8,16,111331],[-2,17,12212],[1,10,22266],[-5,8,87095],[8,14,10533],[5,13,30989],[14,21,9936],[7,8,9219],[4,7,1658086],[0,7,10489],[-2,24,19496],[-5,34,33518],[2,9,9611],[-1,4,8191],[2,8,18153],[-3,6,15051],[2,9,8005],[0,7,33518],[-4,17,8026],[-1,5,325193],[-7,0,8122],[-9,-1,17784],[-6,-5,11174],[-6,-1,124192],[-9,8,10657],[-9,5,11752],[-14,12,54292],[-8,9,7987],[-6,5,7987],[-29,30,28291],[-15,18,13778],[-11,12,167014],[-8,-6,20772],[-3,-4,7562],[-9,-10,8751],[-5,-8,18686],[-7,-5,89530],[-6,0,10654],[-9,4,35956],[-10,17,9752],[-2,6,367224],[-2,16,9616],[1,6,9616],[-1,21,8526],[-3,85,93804],[-7,26,27706],[-10,16,226820],[-7,0,7540],[-19,0,19747],[-10,-4,36969],[-10,2,13880],[-8,5,144180],[-7,12,17472],[-8,22,47460],[-3,15,11326],[-1,13,8917],[-2,10,21611],[-5,16,0]],[[73798,83858,0],[-474,309,0]],[[73324,84167,0],[-52,33,395439],[-46,132,64785],[-239,705,897723],[-18,24,134295],[-180,94,23404],[-87,44,231778],[-8,5,8193],[-3,3,25785],[-2,14,50605],[8,10,19241],[13,6,19241],[-7,4,0],[-2,2,0],[-1,6,8655],[1,4,28475],[19,11,101298],[-3,94,65990],[-10,14,258952],[81,29,66858],[34,0,0]],[[78184,83687,0],[2,-4,0]],[[78186,83683,0],[18,-20,0]],[[78204,83663,0],[2,-2,6973],[1,-3,13852],[1,-8,7116],[-1,-4,0]],[[78207,83646,0],[1,-8,0]],[[78208,83638,0],[2,-5,9358],[-1,-8,17739],[-3,-9,0]],[[78206,83616,0],[-1,-3,0]],[[78205,83613,0],[-1,-6,0]],[[78204,83607,0],[4,-5,12648],[12,-7,0]],[[78220,83595,0],[3,-1,9870],[12,-12,20149],[1,-7,0]],[[78236,83575,0],[6,-8,7713],[4,-4,0]],[[78246,83563,0],[5,-6,24527],[-1,-12,15594],[-4,-8,0]],[[78246,83537,0],[0,-2,0]],[[78246,83535,0],[1,-7,0]],[[78247,83528,0],[1,-4,0]],[[78248,83524,0],[6,-5,20797],[-3,-11,8578],[1,-4,54572],[-4,-10,13814],[-5,-7,7290],[-5,-5,13814],[0,-4,25461],[-10,-9,0]],[[78228,83469,0],[-3,-6,0]],[[78225,83463,0],[-2,-7,12146],[-7,-13,0]],[[78216,83443,0],[-2,-4,0]],[[78214,83439,0],[-3,-9,0]],[[78211,83430,0],[1,-12,0]],[[78212,83418,0],[0,-8,8525],[-1,-11,0]],[[78211,83399,0],[-1,-5,7766],[-12,-23,0]],[[78198,83371,0],[-2,-3,0]],[[78196,83368,0],[-11,-13,0]],[[78185,83355,0],[-5,-4,10656],[-4,-9,0]],[[78176,83342,0],[0,-9,8725],[-2,-5,0]],[[78174,83328,0],[0,-5,0]],[[78174,83323,0],[0,-6,7764],[-2,-6,0]],[[78172,83311,0],[-3,-9,14600],[1,-7,8320],[2,-2,0]],[[78172,83293,0],[8,-1,14787],[3,-2,6973],[3,-5,0]],[[78186,83285,0],[3,-2,0]],[[78189,83283,0],[4,0,6973],[4,-1,14095],[9,-8,25894],[3,-10,0],[1,-6,0],[-1,-2,0]],[[78209,83256,0],[-2,-6,0]],[[78207,83250,0],[1,-2,6973],[1,-1,10811],[-3,-8,17607],[-3,-3,6973],[-3,-3,0]],[[78200,83233,0],[-2,-2,7000],[-1,-9,0]],[[78197,83222,0],[0,-3,9253],[-6,-15,0]],[[78191,83204,0],[-2,-5,12454],[-2,-16,8567],[1,-5,0]],[[78188,83178,0],[1,-9,0]],[[78189,83169,0],[1,-5,0]],[[78190,83164,0],[3,-3,0]],[[78193,83161,0],[3,-5,0]],[[78196,83156,0],[0,-4,0]],[[78196,83152,0],[3,-7,8291],[3,-12,18951],[0,-12,0]],[[78202,83121,0],[4,-7,10780],[4,-12,50993],[-1,-2,6973],[-4,-3,13340],[-19,-7,0]],[[78186,83090,0],[-2,-5,0]],[[78184,83085,0],[0,-4,9579],[8,-14,9579],[5,-13,9018],[4,-6,9018],[2,-8,42356],[11,-12,16991],[3,-10,16991],[13,-21,9841],[3,-6,0]],[[78233,82991,0],[9,-15,0]],[[78242,82976,0],[10,-11,12168],[6,-9,6973],[2,-4,0]],[[78260,82952,0],[5,-8,0]],[[78265,82944,0],[5,-5,0],[1,-3,0],[2,-1,0]],[[78273,82935,0],[6,-3,0]],[[78279,82932,0],[2,0,6973],[1,-2,8490],[4,-7,26000],[1,-12,16183],[0,-1,6973],[-2,-2,6973],[-2,-1,0]],[[78283,82907,0],[-6,-3,7142],[-1,-3,0]],[[78276,82901,0],[1,-2,0]],[[78277,82899,0],[4,-4,0],[2,-2,0]],[[78283,82893,0],[8,-5,8766],[0,-3,27039],[-4,-5,7288],[-6,-4,0]],[[78281,82876,0],[-5,-5,0]],[[78276,82871,0],[-1,-5,0]],[[78275,82866,0],[2,-14,0]],[[78277,82852,0],[3,-6,13131],[-1,-11,0],[-5,-5,0],[-9,-5,0]],[[78265,82825,0],[-5,-3,0]],[[78260,82822,0],[-2,-3,12822],[5,-8,21598],[0,-7,9099],[-4,-6,13886],[1,-9,30151],[6,-12,0]],[[78266,82777,0],[9,-6,0]],[[78275,82771,0],[4,-2,18079],[1,-6,6973],[0,-7,11992],[-2,-6,0]],[[78278,82750,0],[-1,-5,9826],[1,-10,0]],[[78278,82735,0],[3,-3,0]],[[78281,82732,0],[6,-2,7516],[6,-5,13903],[8,-8,0]],[[78301,82717,0],[5,-2,0]],[[78306,82715,0],[3,0,0]],[[78309,82715,0],[5,2,6973],[4,0,10220],[4,1,6973],[4,-1,19779],[4,-1,6973],[4,-1,6973],[3,-1,0]],[[78337,82714,0],[3,-1,0]],[[78340,82713,0],[4,-1,9929],[2,0,6973],[4,-3,6973],[1,-2,20030],[2,-9,0]],[[78353,82698,0],[1,-3,0]],[[78354,82695,0],[2,-2,6973],[1,-2,0],[1,-3,6973],[1,-3,0]],[[78359,82685,0],[4,-11,11754],[4,-4,0]],[[78367,82670,0],[3,-6,8744],[1,-7,0]],[[78371,82657,0],[1,-8,0]],[[78372,82649,0],[2,-3,11110],[2,-8,7075],[0,-7,18457],[-2,-7,0]],[[78374,82624,0],[-4,-7,9164],[-1,-7,0]],[[78369,82610,0],[0,-3,6973],[-1,-3,9847],[-4,-11,0]],[[78364,82593,0],[-4,-4,8959],[-8,-15,0]],[[78352,82574,0],[-7,-10,0]],[[78345,82564,0],[-3,-6,0]],[[78342,82558,0],[-3,-8,15689],[-10,-11,0]],[[78329,82539,0],[-6,-8,7732],[-2,-6,0]],[[78321,82525,0],[-8,-2,16774],[-14,6,13136],[-2,-2,0]],[[78297,82527,0],[-8,-7,0]],[[78289,82520,0],[-8,-9,16268],[-15,-11,0]],[[78266,82500,0],[-4,-2,9169],[-8,-9,0]],[[78254,82489,0],[-8,-6,0]],[[78246,82483,0],[-3,-2,0]],[[78243,82481,0],[0,-6,15009],[-8,-9,0]],[[78235,82466,0],[-13,-6,0]],[[78222,82460,0],[-10,-5,0]],[[78212,82455,0],[-6,-4,0]],[[78206,82451,0],[-18,-22,12471],[-5,-4,0]],[[78183,82425,0],[-5,-6,12441],[-2,-9,0]],[[78176,82410,0],[0,-6,0]],[[78176,82404,0],[-7,-8,13129],[0,-6,0]],[[78169,82390,0],[-4,-9,7085],[-3,-3,0]],[[78162,82378,0],[-2,-5,0]],[[78160,82373,0],[-7,-4,0]],[[78153,82369,0],[-2,-3,0]],[[78151,82366,0],[-7,-8,0]],[[78144,82358,0],[-3,-4,7205],[-3,-10,0]],[[78138,82344,0],[0,-3,0]],[[78138,82341,0],[1,-2,0]],[[78139,82339,0],[0,-3,0]],[[78139,82336,0],[2,-4,7806],[0,-6,0]],[[78141,82326,0],[4,-5,13204],[1,-4,7443],[-3,-3,0]],[[78143,82314,0],[-4,-5,20720],[2,-7,9559],[5,-7,0]],[[78146,82295,0],[1,-2,6973],[1,-1,14417],[-7,-18,0]],[[78141,82274,0],[-1,-4,0]],[[78140,82270,0],[4,-8,10022],[2,-7,0]],[[78146,82255,0],[-4,-8,11144],[-8,-8,0]],[[78134,82239,0],[-2,-4,0]],[[78132,82235,0],[-1,-6,0]],[[78131,82229,0],[-1,-8,0]],[[78130,82221,0],[-1,-4,6973],[-2,-4,13677],[-6,-3,0]],[[78121,82210,0],[-2,-1,0]],[[78119,82209,0],[-2,-4,7125],[-5,-11,14017],[-9,-15,0]],[[78103,82179,0],[-7,-10,11764],[-1,-5,0]],[[78095,82164,0],[0,-5,8165],[-4,-4,21642],[-11,0,0]],[[78080,82155,0],[-3,-2,0]],[[78077,82153,0],[-9,-13,21743],[-3,-14,7427],[-3,-5,0]],[[78062,82121,0],[2,-4,0]],[[78064,82117,0],[2,-2,0]],[[78066,82115,0],[4,-2,6973],[1,-3,17455],[-4,-9,0]],[[78067,82101,0],[-2,-3,0]],[[78065,82098,0],[-1,-7,0]],[[78064,82091,0],[-5,-7,0]],[[78059,82084,0],[-2,-5,19496],[-24,-30,0]],[[78033,82049,0],[-3,-7,0]],[[78030,82042,0],[-4,-8,0]],[[78026,82034,0],[-1,-4,0]],[[78025,82030,0],[-7,-8,0]],[[78018,82022,0],[-3,-4,9185],[-17,-22,16664],[-3,-7,0]],[[77995,81989,0],[3,-6,21798],[-8,-16,0]],[[77990,81967,0],[-11,-14,8544],[-3,-5,16578],[-6,-4,0]],[[77970,81944,0],[-1,-3,0]],[[77969,81941,0],[0,-2,6973],[-1,-6,7957],[-3,-2,0],[-1,-2,0]],[[77964,81929,0],[-2,-2,0],[-3,-3,9796],[0,-7,9796],[-3,-7,7544],[0,-4,0]],[[77956,81906,0],[-3,-5,8082],[-4,-3,0]],[[77949,81898,0],[-4,-5,8893],[-4,-9,0]],[[77941,81884,0],[0,-7,9549],[-2,-6,0]],[[77939,81871,0],[0,-4,0]],[[77939,81867,0],[-1,-9,0]],[[77938,81858,0],[0,-2,0]],[[77938,81856,0],[0,-2,6973],[0,-3,14737],[-3,-19,9558],[-1,-2,6973],[-1,-2,0]],[[77933,81828,0],[-4,-6,17792],[-1,-5,8490],[2,-7,0]],[[77930,81810,0],[1,-4,8150],[-1,-2,6973],[-2,-1,13150],[-3,0,6973],[-3,0,0]],[[77922,81803,0],[-9,-2,8902],[-4,-3,0]],[[77909,81798,0],[-11,-3,0]],[[77898,81795,0],[-9,-3,0]],[[77889,81792,0],[-1,-2,6973],[-10,-4,10983],[-8,-2,0]],[[77870,81784,0],[-3,-1,0]],[[77867,81783,0],[-5,-3,0]],[[77862,81780,0],[-2,-8,24848],[-17,-22,16432],[-6,-4,0],[-2,-2,0]],[[77835,81744,0],[-2,-2,0],[-1,-4,0]],[[77832,81738,0],[1,-6,0]],[[77833,81732,0],[4,-14,10450],[0,-4,32775],[-5,-5,9479],[-3,-1,6973],[-3,-1,0]],[[77826,81707,0],[-4,-1,7967],[-2,-4,0]],[[77820,81702,0],[-6,-5,0]],[[77814,81697,0],[-8,-2,11422],[-20,-2,0]],[[77786,81693,0],[-9,-4,8804],[-5,-4,8804],[-7,-3,16504],[-15,-11,0]],[[77750,81671,0],[-6,-13,21159],[-5,-5,8990],[-3,-1,6973],[-2,-1,0]],[[77734,81651,0],[-5,-2,0]],[[77729,81649,0],[-3,-1,0],[-3,-1,0]],[[77723,81647,0],[-3,-1,0],[-6,-2,0]],[[77714,81644,0],[-6,-1,0]],[[77708,81643,0],[-11,-3,13759],[-14,0,0]],[[77683,81640,0],[-9,3,0]],[[77674,81643,0],[-17,7,13736],[-12,3,0]],[[77645,81653,0],[-9,2,7214],[-7,2,0]],[[77629,81657,0],[-3,1,0]],[[77626,81658,0],[-6,1,0]],[[77620,81659,0],[-9,0,0]],[[77611,81659,0],[-6,0,0]],[[77605,81659,0],[-8,4,10084],[-6,1,0]],[[77591,81664,0],[-6,1,0]],[[77585,81665,0],[-6,4,20609],[-15,1,14490],[-7,-2,0]],[[77557,81668,0],[-17,-5,25630],[-4,-1,6973],[-4,1,9847],[-14,2,74125],[-10,3,8399],[-8,1,11633],[-16,6,42363],[-6,5,11766],[-9,11,0]],[[77469,81691,0],[-3,2,0]],[[77466,81693,0],[-12,1,18319],[-6,3,9209],[-5,5,0]],[[77443,81702,0],[-12,4,0]],[[77431,81706,0],[-13,13,18488],[-4,11,0]],[[77414,81730,0],[-5,8,0]],[[77409,81738,0],[-6,3,0]],[[77403,81741,0],[-15,3,0]],[[77388,81744,0],[-4,0,7452],[-4,1,6973],[-5,2,23175],[-15,7,11487],[-10,6,35187],[-1,2,6973],[1,3,6973],[1,2,0]],[[77351,81767,0],[4,8,13537],[-1,7,0]],[[77354,81782,0],[-2,4,0]],[[77352,81786,0],[-6,5,14528],[-12,5,0]],[[77334,81796,0],[-4,0,0]],[[77330,81796,0],[-4,-1,7704],[-7,2,0]],[[77319,81797,0],[-10,0,11203],[-2,3,17978],[-13,-3,0]],[[77294,81797,0],[-10,-1,0]],[[77284,81796,0],[-10,-11,0]],[[77274,81785,0],[-23,-8,12493],[-7,-4,0]],[[77244,81773,0],[-11,-5,0]],[[77233,81768,0],[-3,-2,0]],[[77230,81766,0],[-8,-3,0]],[[77222,81763,0],[-3,-1,7617],[-5,-7,0]],[[77214,81755,0],[-3,-4,0]],[[77211,81751,0],[-20,-5,0]],[[77191,81746,0],[-12,-3,0]],[[77179,81743,0],[-13,-6,9589],[-11,-7,0]],[[77155,81730,0],[-8,-5,0]],[[77147,81725,0],[-12,-6,0]],[[77135,81719,0],[-2,-1,6973],[-3,-1,8149],[-10,0,15747],[-3,3,0]],[[77117,81720,0],[-15,-4,9695],[-4,-2,0]],[[77098,81714,0],[-7,-4,0]],[[77091,81710,0],[1,-5,16056],[-3,-6,10844],[-5,-1,27719],[-11,4,0]],[[77073,81702,0],[-9,3,0]],[[77064,81705,0],[-11,4,22299],[-13,-1,7229],[-6,-2,41051],[-14,-7,14923],[-13,-2,10307],[-3,-3,0]],[[77004,81694,0],[-4,-2,0]],[[77000,81692,0],[4,-6,0]],[[77004,81686,0],[-8,-3,10440],[-6,-5,13678],[-6,-4,7039],[-11,-3,7039],[-1,-2,36564],[6,-4,30805],[-7,-5,9050],[-19,-10,168555],[-3,-1,7632],[-11,4,9539],[-8,0,9539],[-4,2,9539],[-11,2,44635],[-22,12,14877],[-6,6,25354],[-14,3,85011],[-10,-1,10503],[-9,1,10503],[-12,-1,9443],[-19,0,0]],[[76823,81677,0],[-11,0,0]],[[76812,81677,0],[-12,-1,0],[-22,-1,7072],[-25,-1,81045],[-18,-8,9633],[-7,-5,26545],[-7,0,7558],[-5,1,29689],[-6,-2,11195],[-12,-7,7641],[-9,-4,18981],[-20,-7,44009],[-10,-1,7441],[-10,-2,134381],[-25,11,17265],[-9,2,7174],[-7,3,73031],[-21,-1,30592],[-7,-6,19446],[-17,-4,0]],[[76563,81644,0],[-4,-1,0]],[[76559,81643,0],[-8,1,0],[-7,4,14421],[-8,-1,14421],[-15,2,11140],[-11,0,40726],[-3,1,7750],[0,5,15348],[-8,-1,13217],[-4,5,117161],[-11,-1,9410],[-9,1,17696],[-15,-3,22136],[-14,0,9692],[-6,-2,9692],[-4,3,57763],[-10,-8,24811],[-4,0,7178],[-5,-3,10959],[-19,-3,100336],[-11,4,16138],[-8,0,7088],[-9,2,7088],[-5,0,26487],[-10,-3,26268],[-13,4,13893],[-13,-1,18695],[-3,4,168731],[-10,-3,10656],[-4,-3,13422],[-11,-2,38934],[-8,-9,9747],[-6,-4,9747],[0,-3,29388],[-18,-7,56026],[-6,0,12957],[-4,6,0],[-6,2,0],[-7,2,15525],[-10,7,10786],[1,2,27227],[-19,2,40093],[-2,3,9052],[3,3,8746],[-2,3,15661],[-6,0,22175],[-7,3,7051],[0,2,8954],[-8,2,12094],[-4,4,91399],[-16,1,22254],[-11,4,9415],[-6,4,24991],[-15,3,12329],[-8,3,14692],[-14,2,10396],[-4,2,7778],[-9,1,14828],[-9,0,14828],[-8,1,9396],[-3,3,248914],[-13,0,6984],[-2,1,6984],[-4,-2,6984],[-10,-1,30024],[-4,1,13664],[-6,-4,7592],[-2,-3,17266],[-7,-2,7526],[-8,-1,63807],[-4,3,12582],[-7,-1,7235],[-7,1,12768],[-4,2,11175],[-9,0,11175],[-11,3,63807],[-11,1,7499],[-11,0,17563],[-11,-2,7477],[-7,0,37789],[-22,-8,17692],[-15,-2,37789],[-8,2,11895],[-17,0,192741],[-1,4,8455],[-5,2,19165],[-15,1,21383],[-5,4,7701],[-5,3,17048],[-8,0,17048],[-14,7,9880],[-10,4,33737],[-18,1,23734],[-3,3,9133],[-7,1,9133],[-7,4,1062337],[0,5,11721],[-6,4,11721],[-6,7,8170],[-5,9,36693],[-4,3,9976],[-12,3,20588],[-3,4,7781],[-5,2,7486],[-3,4,36693],[7,6,36693],[0,2,7040],[-6,6,7040],[-10,12,12043],[-6,9,77086],[-1,10,24617],[-4,4,8628],[-1,5,14609],[-9,20,9580],[-1,4,210602],[10,18,10683],[4,8,23457],[10,16,11654],[5,4,38594],[2,16,16987],[5,7,272438],[-2,4,9784],[-10,11,24920],[-16,8,34438],[-5,9,20011],[-7,6,7374],[-10,10,11519],[0,3,8269],[-5,3,59942],[0,10,14654],[-6,10,75960],[-9,6,16005],[-3,9,26647],[-13,3,7479],[-4,2,26647],[-1,10,31197],[-15,9,8943],[-4,2,8943],[-5,4,200177],[9,21,28376],[0,7,9586],[2,4,14767],[-2,9,30283],[8,2,30283],[-1,5,8617],[3,4,17138],[-6,5,22591],[6,4,12681],[-1,4,107258],[-11,5,26225],[-2,4,10361],[2,2,7098],[0,5,16425],[-5,6,35518],[-16,4,815816],[-462,234,0]],[[75161,82341,0],[-309,156,27379],[-53,27,0]],[[91491,94021,0],[15,-11,14021],[44,-32,21081],[34,-26,96969],[48,-66,96969],[61,-38,0]],[[91693,93848,0],[41,-32,154571],[149,-33,43458],[88,-17,572314],[112,-8,65116],[205,-4,267331],[294,10,130898],[245,21,946638],[180,174,0]],[[93007,93959,0],[108,-118,175828],[133,-78,175828],[40,-58,85660],[39,-22,61117],[37,-45,289712],[73,-47,10847],[24,-15,57177],[87,-48,531114],[166,-255,0]],[[93714,93273,0],[-274,-196,244657],[-93,-117,0]],[[93347,92960,0],[-233,-39,248352],[-459,-139,813260],[-131,-157,84427],[-89,-121,0]],[[73324,84167,0],[-500,-289,431023],[-249,-201,136313],[-199,-145,331850],[-138,-48,36797],[-56,-22,222346],[-43,-44,40103],[-9,-25,40103],[-19,-12,1715030],[-42,-5,57779],[-74,10,110472],[-46,25,274187],[-199,5,119858],[-205,-5,42542],[-132,-2,674243],[-104,-19,89836],[-49,-26,253022],[-34,-31,22367],[-33,-34,40788],[-49,-42,125456],[-79,-42,605571],[-63,-9,49913],[-43,3,205170],[-13,18,27425],[-13,28,31982],[-27,37,205170],[-24,10,37141],[-33,0,71930],[-56,-10,1715030],[-20,-32,100919],[-97,-261,159419],[-56,-92,526104],[-36,-24,50222],[-178,-105,0]],[[70406,82778,0],[-45,48,25056],[-42,47,39038],[-6,11,330756],[-10,60,30393],[-6,59,157189],[10,63,53227],[19,56,559417],[33,60,13665],[19,36,76177],[26,24,132279],[18,46,12993],[13,37,52568],[20,26,42935],[9,31,559417],[-6,29,14963],[-2,22,62313],[2,23,23014],[7,28,166534],[-8,30,23447],[-17,50,45352],[4,10,19973],[-3,14,45352],[-19,23,50671],[-13,53,238868],[-1,52,14453],[-1,56,48926],[3,84,22635],[0,34,0]],[[70410,83890,0],[4,17,24333],[12,21,50381],[23,19,109000],[25,57,51202],[21,62,23410],[5,22,115115],[17,27,20501],[21,27,27654],[11,19,296928],[2,14,13433],[-1,8,29778],[-8,15,82880],[5,9,10584],[2,8,22046],[-1,12,24668],[9,76,18018],[4,18,134424],[8,12,17909],[14,12,54311],[7,20,22408],[0,15,790157],[-20,19,85688],[-9,22,22833],[-15,23,34593],[-7,26,34593],[-19,33,50174],[-3,15,14343],[-6,13,96657],[-10,17,12765],[-13,15,25515],[-14,14,161132],[0,18,21146],[-2,11,7839],[-2,14,43785],[3,16,13320],[5,13,34510],[1,9,13383],[-4,11,150477],[-13,4,12694],[-12,1,23023],[-11,-4,20183],[-7,0,10865],[-6,4,93859],[-1,7,13254],[5,7,13254],[4,14,45523],[-2,4,13025],[-7,4,7314],[-3,4,527731],[3,12,26281],[26,40,68879],[8,29,8519],[8,26,10799],[3,15,92575],[-2,23,10161],[-4,18,92575],[10,10,24702],[32,22,0]],[[70506,84909,0],[148,-9,130291],[221,-38,1163176],[119,226,124544],[109,236,261725],[177,292,0]],[[71280,85616,0],[94,-13,142418],[79,4,34012],[102,7,15376],[45,3,80853],[32,-4,588427],[36,-51,30788],[24,-41,30788],[84,-126,588427],[48,-33,131134],[115,-32,61988],[70,-13,259917],[67,-6,41458],[61,0,88394],[49,11,1085611],[68,31,46430],[90,48,49033],[79,36,107432],[59,17,524262],[90,6,55083],[96,-1,229097],[79,-12,63126],[56,-20,115987],[15,-17,16843],[4,-9,0]],[[75227,79393,0],[-10,-165,363352],[-166,56,0]],[[75051,79284,0],[-103,213,0]],[[74948,79497,0],[-58,117,22232],[-41,85,0]],[[74849,79699,0],[-65,128,0]],[[74784,79827,0],[-242,129,13311],[-162,85,0]],[[74380,80041,0],[-228,121,0]],[[74152,80162,0],[-117,30,9570],[-242,62,8519],[-60,15,0]],[[73733,80269,0],[-90,23,45699],[-127,27,0]],[[73516,80319,0],[-381,84,0]],[[73135,80403,0],[143,259,1069155],[909,269,516394],[101,50,67753],[164,91,2376166],[33,47,56302],[171,265,264607],[56,103,118799],[2,59,771588],[-21,88,19432],[-27,110,151166],[-8,133,289487],[10,88,93785],[25,30,1269859],[165,116,124335],[303,230,0]],[[77004,81686,0],[3,-10,17547],[9,-6,0]],[[77016,81670,0],[2,-1,6973],[0,-2,8269],[-2,-3,19118],[-11,-7,0]],[[77005,81657,0],[-4,-3,10091],[-12,-5,0]],[[76989,81649,0],[-9,-4,0]],[[76980,81645,0],[-14,-5,0]],[[76966,81640,0],[-8,-2,8793],[-10,-5,9236],[-10,-4,0]],[[76938,81629,0],[-7,-4,7754],[-7,-2,0]],[[76924,81623,0],[-1,-1,0]],[[76923,81622,0],[1,-3,11049],[-3,-2,6973],[-3,-1,0]],[[76918,81616,0],[-3,-8,0]],[[76915,81608,0],[-3,-7,12137],[-6,-2,0]],[[76906,81599,0],[-7,-2,8007],[-15,-8,0]],[[76884,81589,0],[-8,-4,9547],[-9,-4,0]],[[76867,81581,0],[-3,-4,7939],[-6,-4,16551],[-6,0,0]],[[76852,81573,0],[-5,-1,12688],[-6,-8,22303],[-14,-6,13608],[-16,-8,9360],[-3,-3,0]],[[76808,81547,0],[-7,-5,0]],[[76801,81542,0],[-5,2,0]],[[76796,81544,0],[-8,-2,0]],[[76788,81542,0],[-7,-4,0]],[[76781,81538,0],[-7,-3,7912],[-7,-6,0]],[[76767,81529,0],[-4,-3,0]],[[76763,81526,0],[-12,-5,15206],[-4,-5,0]],[[76747,81516,0],[-6,-3,0]],[[76741,81513,0],[-11,-4,9754],[-8,-4,0]],[[76722,81505,0],[-7,-3,0]],[[76715,81502,0],[-8,-4,0]],[[76707,81498,0],[-8,-4,10812],[-4,-5,26990],[-4,1,8235],[-6,-2,11672],[-5,3,0]],[[76680,81491,0],[-10,-2,17860],[-24,-10,7084],[-9,-3,0]],[[76637,81476,0],[-12,-8,0]],[[76625,81468,0],[-9,-6,0]],[[76616,81462,0],[-4,-5,7177],[-5,-3,11306],[0,-2,0]],[[76607,81452,0],[2,-3,0],[1,-3,0],[4,-3,0]],[[76614,81443,0],[-1,-2,0]],[[76613,81441,0],[-1,0,0]],[[76612,81441,0],[-8,-8,8911],[-4,-1,0]],[[76600,81432,0],[-5,-5,0]],[[76595,81427,0],[-8,-4,12531],[-7,1,0]],[[76580,81424,0],[-26,-10,11341],[-12,-7,0],[-8,-4,0]],[[76534,81403,0],[-6,-8,0],[-5,-5,0],[-10,-7,0]],[[76513,81383,0],[-1,-2,0],[-5,-4,0],[-3,-2,0]],[[76504,81375,0],[-3,-3,0]],[[76501,81372,0],[-4,-5,8082],[-7,-6,6973],[-4,-3,12388],[-4,-1,0]],[[76482,81357,0],[-5,-2,0]],[[76477,81355,0],[-10,-4,0],[0,-1,0]],[[76467,81350,0],[-1,-1,0]],[[76466,81349,0],[-1,-6,20468],[-8,-2,11927],[-7,-5,0]],[[76450,81336,0],[-4,-3,0]],[[76446,81333,0],[-4,-5,0]],[[76442,81328,0],[-3,-7,7412],[-3,-3,14607],[-6,-1,9174],[-1,-3,34329],[4,-5,14915],[-2,-9,7295],[1,-2,0]],[[76432,81298,0],[-3,-5,0]],[[76429,81293,0],[-6,-5,0]],[[76423,81288,0],[-2,-6,0]],[[76421,81282,0],[-3,-9,7798],[0,-7,0],[0,-1,0]],[[76418,81265,0],[1,-2,0],[0,-1,6973],[-1,-1,6973],[-2,0,0]],[[76416,81261,0],[-8,-10,9224],[1,-1,0]],[[76409,81250,0],[2,0,7109],[-5,-5,0]],[[76406,81245,0],[-1,-3,0]],[[76405,81242,0],[1,-12,9363],[-1,-6,23972],[-3,-4,6973],[-2,-3,6973],[-2,-1,0]],[[76398,81216,0],[-3,-1,7265],[-6,-6,10794],[1,-2,0]],[[76390,81207,0],[-1,-3,0],[-2,-2,6973],[-1,-1,0]],[[76386,81201,0],[-4,1,0]],[[76382,81202,0],[-6,1,0]],[[76376,81203,0],[-2,0,0]],[[76374,81203,0],[-6,-7,0]],[[76368,81196,0],[-2,-3,0]],[[76366,81193,0],[-5,-8,0]],[[76361,81185,0],[-7,-1,9536],[-16,-8,0]],[[76338,81176,0],[-11,-5,0]],[[76327,81171,0],[-3,-3,7365],[-7,-2,0]],[[76317,81166,0],[-3,-4,13078],[2,-3,8096],[-1,-7,0]],[[76315,81152,0],[1,-3,12907],[-5,-8,7577],[-6,-7,25074],[-8,-6,9555],[-5,-7,6973],[-2,-1,6973],[-1,-1,0]],[[76289,81119,0],[-5,-6,0]],[[76284,81113,0],[0,-1,0]],[[76284,81112,0],[-3,-5,0]],[[76281,81107,0],[-1,-4,0]],[[76280,81103,0],[-1,-2,6973],[0,-1,8037],[-5,0,0]],[[76274,81100,0],[-4,0,0]],[[76270,81100,0],[-4,-2,0]],[[76266,81098,0],[-13,-4,10654],[-6,0,0]],[[76247,81094,0],[-11,-3,0]],[[76236,81091,0],[-12,-5,0]],[[76224,81086,0],[-20,-8,0]],[[76204,81078,0],[-5,-4,11196],[-4,-9,0]],[[76195,81065,0],[-2,-3,7562],[-4,-4,0]],[[76189,81058,0],[-5,-4,0]],[[76184,81054,0],[-10,-6,9726],[1,-1,0]],[[76175,81047,0],[-6,-5,0]],[[76169,81042,0],[-5,-4,0]],[[76164,81038,0],[-3,-2,0]],[[76161,81036,0],[-5,2,24003],[-10,-4,8536],[-7,-5,7421],[-4,-1,17768],[-1,-4,0]],[[76134,81024,0],[-2,-8,0]],[[76132,81016,0],[-6,-7,0]],[[76126,81009,0],[-2,-3,0]],[[76124,81006,0],[-6,-7,0]],[[76118,80999,0],[-2,-7,14311],[-8,-5,0]],[[76108,80987,0],[-2,-11,0]],[[76106,80976,0],[1,-1,6973],[3,-1,19454],[-4,-15,12027],[-3,-6,6973],[-1,-1,0]],[[76102,80952,0],[-7,-1,17343],[-3,-7,10812],[-5,-4,0],[-4,-4,0],[-2,-1,0]],[[76081,80935,0],[-3,-13,7694],[0,-6,21895],[-7,-8,0]],[[76071,80908,0],[3,-3,0]],[[76074,80905,0],[6,-4,21407],[0,-6,6973],[-1,-8,0]],[[76079,80887,0],[-3,-8,9423],[1,-5,0]],[[76077,80874,0],[1,-1,0]],[[76078,80873,0],[-9,-5,0]],[[76069,80868,0],[-1,-5,0]],[[76068,80863,0],[1,-7,10297],[4,-1,0]],[[76073,80855,0],[1,-1,6973],[-1,-2,6973],[0,-3,15005],[-6,-13,7281],[-2,-3,7281],[-1,-4,26282],[-7,-6,7699],[-3,-4,0]],[[76054,80819,0],[0,-4,0]],[[76054,80815,0],[-1,-11,16800],[-3,-8,9150],[-3,-5,0]],[[76047,80791,0],[2,-3,7971],[5,-2,0]],[[76054,80786,0],[2,-2,16372],[1,-21,21358],[-4,-10,0]],[[76053,80753,0],[0,-3,0]],[[76053,80750,0],[-8,-8,0]],[[76045,80742,0],[-3,-4,0]],[[76042,80738,0],[-1,-5,16484],[-10,-8,9143],[-3,-6,9143],[-2,2,0]],[[76026,80721,0],[-3,-3,0]],[[76023,80718,0],[-2,-5,9340],[1,-12,27194],[-1,-6,7244],[-2,-3,7852],[-2,-8,15955],[-4,-2,0]],[[76013,80682,0],[0,-8,0]],[[76013,80674,0],[2,-4,7143],[-2,-4,0]],[[76013,80666,0],[0,-7,7863],[2,-4,0]],[[76015,80655,0],[1,-2,0]],[[76016,80653,0],[-2,-3,0]],[[76014,80650,0],[1,-3,7354],[-4,-3,0]],[[76011,80644,0],[0,-2,0]],[[76011,80642,0],[0,-3,7057],[-4,-5,0]],[[76007,80634,0],[-2,-2,8482],[0,-5,15613],[4,-9,0],[4,-4,0],[3,-1,0]],[[76016,80613,0],[3,-3,0],[2,-2,0]],[[76021,80608,0],[1,-2,0],[0,-6,6973],[-1,-4,0]],[[76021,80596,0],[1,-6,0]],[[76022,80590,0],[1,-8,6973],[0,-2,0],[0,-1,6973],[-1,-2,0]],[[76022,80577,0],[1,-7,0]],[[76023,80570,0],[2,-11,15451],[-2,-2,6973],[-2,-1,0]],[[76021,80556,0],[-6,-5,19199],[1,-5,10961],[-4,-11,0]],[[76012,80535,0],[0,-5,0]],[[76012,80530,0],[1,-2,7463],[-1,-6,0]],[[76012,80522,0],[0,-4,0]],[[76012,80518,0],[1,-2,7219],[-1,-6,0]],[[76012,80510,0],[1,-7,0]],[[76013,80503,0],[-3,-10,0]],[[76010,80493,0],[0,-3,0]],[[76010,80490,0],[0,-8,11167],[-2,-6,0]],[[76008,80476,0],[-1,-2,0]],[[76007,80474,0],[6,-17,11093],[0,-3,0]],[[76013,80454,0],[0,-6,9975],[4,-8,0]],[[76017,80440,0],[5,0,8920],[10,-3,0]],[[76032,80437,0],[2,-1,0]],[[76034,80436,0],[4,-3,8431],[1,-5,0]],[[76039,80428,0],[2,-3,0]],[[76041,80425,0],[0,-9,11591],[-1,-2,6973],[-2,-2,0]],[[76038,80412,0],[2,-5,12694],[-2,-8,0]],[[76038,80399,0],[-11,-2,0]],[[76027,80397,0],[-7,0,14195],[-11,-6,36499],[-6,-15,8558],[0,-3,0]],[[76003,80373,0],[-1,-5,0]],[[76002,80368,0],[-4,-11,0]],[[75998,80357,0],[-5,-5,9958],[-4,0,0]],[[75989,80352,0],[-6,-3,15976],[-1,-7,8218],[2,-3,0]],[[75984,80339,0],[2,-1,6973],[-2,-5,10967],[-4,-2,0]],[[75980,80331,0],[-1,-2,0]],[[75979,80329,0],[-4,-11,13646],[-5,-5,0]],[[75970,80313,0],[2,-11,19325],[-4,-7,7346],[-1,-5,0]],[[75967,80290,0],[2,-2,0]],[[75969,80288,0],[4,-1,0]],[[75973,80287,0],[3,-2,0]],[[75976,80285,0],[0,-8,10356],[3,-17,0]],[[75979,80260,0],[1,-18,0]],[[75980,80242,0],[-1,-3,0]],[[75979,80239,0],[-3,-14,7342],[-1,-5,0]],[[75975,80220,0],[-3,-9,0]],[[75972,80211,0],[-4,-19,9586],[-3,-8,16488],[-2,-16,26857],[-6,-7,15657],[-3,-8,9654],[0,-6,0]],[[75954,80147,0],[1,-3,0]],[[75955,80144,0],[1,-2,0]],[[75956,80142,0],[1,-3,0],[2,-4,0],[-1,-4,13950],[6,-5,7699],[4,-1,0]],[[75968,80125,0],[2,-2,6973],[-2,-4,6973],[1,-9,16373],[-1,-6,8148],[-2,-1,0]],[[75966,80103,0],[-1,-2,0]],[[75965,80101,0],[1,-2,0]],[[75966,80099,0],[2,-6,8806],[0,-6,0]],[[75968,80087,0],[1,-6,0]],[[75969,80081,0],[2,-2,8332],[2,-7,0],[1,-1,0],[1,-8,9084],[3,-4,15810],[-3,-5,0]],[[75975,80054,0],[4,-5,0]],[[75979,80049,0],[2,-4,8312],[-1,-4,0]],[[75980,80041,0],[-1,-1,0]],[[75979,80040,0],[0,-7,0]],[[75979,80033,0],[-1,-4,0]],[[75978,80029,0],[2,-11,14840],[-4,-5,0]],[[75976,80013,0],[2,-5,0]],[[75978,80008,0],[2,-3,0]],[[75980,80005,0],[4,-6,0]],[[75984,79999,0],[1,-2,0]],[[75985,79997,0],[-4,-2,16265],[-1,-5,8344],[3,-1,8427],[0,-8,16265],[-3,-11,25619],[-1,-20,13315],[1,-4,0]],[[75980,79946,0],[9,-5,18765],[0,-4,7131],[4,-4,8618],[0,-3,0]],[[75993,79930,0],[1,-10,0]],[[75994,79920,0],[1,-9,0]],[[75995,79911,0],[-2,-11,13018],[-3,-4,6973],[-2,-1,0]],[[75988,79895,0],[-2,-3,8796],[1,-5,0]],[[75987,79887,0],[3,-3,0]],[[75990,79884,0],[6,-6,0]],[[75996,79878,0],[1,0,6973],[1,-1,11358],[0,-1,6973],[0,-1,6973],[-3,-3,6973],[-1,-6,21342],[-3,-2,7001],[-6,0,0]],[[75985,79864,0],[0,-2,0]],[[75985,79862,0],[0,-1,0]],[[75985,79861,0],[2,-5,0]],[[75987,79856,0],[0,-2,0]],[[75987,79854,0],[-2,-4,0]],[[75985,79850,0],[-3,-3,0]],[[75982,79847,0],[-1,-2,0]],[[75981,79845,0],[-3,-4,0]],[[75978,79841,0],[-2,-2,0]],[[75976,79839,0],[0,-2,0]],[[75976,79837,0],[-1,-1,0]],[[75975,79836,0],[-17,-2,23111],[-12,6,0]],[[75946,79840,0],[-5,-2,0]],[[75941,79838,0],[-8,-5,0]],[[75933,79833,0],[-14,-8,0]],[[75919,79825,0],[-4,-2,0]],[[75915,79823,0],[-17,0,19530],[-5,-5,0]],[[75893,79818,0],[-2,-6,0]],[[75891,79812,0],[-3,-2,9982],[0,-7,0]],[[75888,79803,0],[1,-6,11841],[-5,-4,0]],[[75884,79793,0],[-2,-2,0],[-1,-1,0],[1,-3,0]],[[75882,79787,0],[-1,-2,0]],[[75881,79785,0],[-1,0,0]],[[75880,79785,0],[2,-2,7914],[-3,-3,0]],[[75879,79780,0],[2,-3,0],[-1,-1,0]],[[75880,79776,0],[3,-3,0]],[[75883,79773,0],[-4,-6,9228],[-7,-5,13227],[-1,-4,11356],[-4,-2,6973],[-3,-1,6973],[-2,1,0]],[[75862,79756,0],[-2,4,15017],[-7,0,10034],[-3,-3,0]],[[75850,79757,0],[0,-1,0]],[[75850,79756,0],[0,-1,0]],[[75850,79755,0],[7,-9,0],[0,-1,0],[-2,-2,0]],[[75855,79743,0],[-1,-4,8463],[4,-2,0]],[[75858,79737,0],[2,-4,0]],[[75860,79733,0],[-2,-1,0]],[[75858,79732,0],[-6,-4,0]],[[75852,79728,0],[-1,-1,0]],[[75851,79727,0],[-2,0,0]],[[75849,79727,0],[0,-1,6973],[-1,-1,6973],[-5,-1,13549],[-6,1,6973],[-1,1,6973],[0,1,0]],[[75836,79727,0],[-4,-1,0]],[[75832,79726,0],[-5,1,0]],[[75827,79727,0],[-3,-4,10127],[-6,-1,0],[-1,-1,0],[2,-2,7279],[-4,-2,9709],[4,-2,9709],[-1,-7,0]],[[75818,79708,0],[-4,-1,8189],[-7,1,15423],[-1,5,0]],[[75806,79713,0],[-4,3,10124],[-7,1,0]],[[75795,79717,0],[-4,-1,14598],[-5,4,8765],[-4,0,9870],[-6,5,0]],[[75776,79725,0],[-1,0,0]],[[75775,79725,0],[-1,0,0]],[[75774,79725,0],[-1,1,0]],[[75773,79726,0],[-4,5,0],[-1,2,0],[2,2,0]],[[75770,79735,0],[-2,4,0]],[[75768,79739,0],[-4,0,14728],[-13,8,18813],[0,4,0]],[[75751,79751,0],[-3,4,7027],[-5,3,11151],[-4,1,0]],[[75739,79759,0],[-2,0,0]],[[75737,79759,0],[-4,-4,0]],[[75733,79755,0],[-4,-3,0]],[[75729,79752,0],[-1,-1,0]],[[75728,79751,0],[0,-1,6973],[-1,-1,9176],[-11,-3,16427],[-7,0,6973],[-1,1,6973],[-1,0,0]],[[75707,79747,0],[-1,0,0]],[[75706,79747,0],[-4,-2,0]],[[75702,79745,0],[-6,-3,0]],[[75696,79742,0],[-6,-5,0]],[[75690,79737,0],[-3,-2,0]],[[75687,79735,0],[1,-2,6973],[-2,-2,11714],[-5,-2,8736],[-1,0,6973],[0,0,6973],[0,1,6973],[-1,0,6973],[0,1,0]],[[75679,79731,0],[0,4,11174],[-5,3,0]],[[75674,79738,0],[-8,-4,11120],[1,-4,11120],[-7,2,17711],[-3,3,8184],[3,2,0]],[[75660,79737,0],[-5,2,13918],[-12,-4,0]],[[75643,79735,0],[-1,-4,16402],[-9,-4,7422],[-8,-3,0]],[[75625,79724,0],[-1,-1,0]],[[75624,79723,0],[-1,-2,0]],[[75623,79721,0],[-1,-5,9583],[3,-6,0]],[[75625,79710,0],[0,-2,0]],[[75625,79708,0],[-6,-3,17315],[1,-3,7842],[-3,-3,7842],[0,-5,0]],[[75617,79694,0],[-1,-2,0]],[[75616,79692,0],[2,-3,0]],[[75618,79689,0],[1,-2,0]],[[75619,79687,0],[1,-2,0]],[[75620,79685,0],[6,-1,12354],[-3,-5,0]],[[75623,79679,0],[1,-2,0]],[[75624,79677,0],[0,-1,0]],[[75624,79676,0],[-3,-1,0]],[[75621,79675,0],[-1,-1,0]],[[75620,79674,0],[-1,0,0]],[[75619,79674,0],[-3,-2,0]],[[75616,79672,0],[-4,-1,0]],[[75612,79671,0],[-4,-1,0]],[[75608,79670,0],[-6,-2,0]],[[75602,79668,0],[-3,-2,0]],[[75599,79666,0],[-7,2,15205],[-5,-6,0]],[[75587,79662,0],[-2,0,0]],[[75585,79662,0],[-2,1,0]],[[75583,79663,0],[-2,0,0]],[[75581,79663,0],[-1,0,0]],[[75580,79663,0],[-2,1,0]],[[75578,79664,0],[-5,-2,0]],[[75573,79662,0],[-7,-4,0]],[[75566,79658,0],[-2,-1,0]],[[75564,79657,0],[-6,-3,0]],[[75558,79654,0],[-3,0,7122],[-1,-3,0]],[[75554,79651,0],[-7,2,0]],[[75547,79653,0],[-3,0,0]],[[75544,79653,0],[-3,0,0]],[[75541,79653,0],[0,4,10338],[-6,-3,0]],[[75535,79654,0],[-2,0,0]],[[75533,79654,0],[0,1,0]],[[75533,79655,0],[-6,1,0]],[[75527,79656,0],[0,-1,6973],[0,-1,6973],[-2,-2,12299],[-8,4,0],[0,1,6973],[1,1,0]],[[75518,79658,0],[0,2,9498],[-6,7,0]],[[75512,79667,0],[-1,0,0]],[[75511,79667,0],[-4,-2,10345],[1,5,0]],[[75508,79670,0],[-4,6,0]],[[75504,79676,0],[-1,2,0]],[[75503,79678,0],[-4,5,0]],[[75499,79683,0],[-2,2,0]],[[75497,79685,0],[-2,3,0]],[[75495,79688,0],[-2,3,0]],[[75493,79691,0],[-1,0,0]],[[75492,79691,0],[-6,1,9302],[-4,-3,0]],[[75482,79689,0],[1,-1,6973],[-3,-1,6973],[0,-4,29591],[-9,2,15818],[-8,-4,15818],[-9,-1,9353],[-3,1,6973],[0,1,6973],[-1,0,0]],[[75450,79682,0],[-1,0,0]],[[75449,79682,0],[-2,0,0]],[[75447,79682,0],[-2,-1,0]],[[75445,79681,0],[-1,0,0]],[[75444,79681,0],[-5,-1,0]],[[75439,79680,0],[-3,1,0]],[[75436,79681,0],[-4,8,8323],[-3,1,16141],[-3,-3,0]],[[75426,79687,0],[-9,2,0]],[[75417,79689,0],[-3,-5,0]],[[75414,79684,0],[1,-3,8775],[-5,-5,0]],[[75410,79676,0],[-1,-1,0]],[[75409,79675,0],[-1,0,0]],[[75408,79675,0],[0,-2,0]],[[75408,79673,0],[-8,-2,7777],[-1,1,0]],[[75399,79672,0],[-1,0,0]],[[75398,79672,0],[-4,0,0]],[[75394,79672,0],[-6,0,0]],[[75388,79672,0],[-3,0,0]],[[75385,79672,0],[-8,2,10884],[-3,-2,15920],[3,-3,8454],[4,0,7507],[2,-2,0]],[[75383,79667,0],[-2,-3,0]],[[75381,79664,0],[-1,-1,0],[-3,-1,7907],[1,-5,0]],[[75378,79657,0],[0,-1,0]],[[75378,79656,0],[-1,0,0]],[[75377,79656,0],[0,-2,0]],[[75377,79654,0],[-1,-3,9301],[-5,0,0]],[[75371,79651,0],[-1,0,0]],[[75370,79651,0],[-1,-1,0]],[[75369,79650,0],[-2,-1,0],[-2,-1,0],[-1,-1,0]],[[75364,79647,0],[-1,-1,0]],[[75363,79646,0],[-15,6,9520],[-2,0,0]],[[75346,79652,0],[-3,-2,0]],[[75343,79650,0],[-6,-2,9986],[-2,-3,7519],[-5,-1,7519],[0,-2,0]],[[75330,79642,0],[-2,-2,0]],[[75328,79640,0],[-5,-7,12115],[-4,1,0]],[[75319,79634,0],[-1,-1,0],[-6,-7,12600],[0,-6,0]],[[75312,79620,0],[0,-1,6973],[0,0,6973],[-1,0,6973],[-2,-1,6973],[0,0,6973],[-2,-1,6973],[-1,-1,0],[-1,-1,0],[-2,1,6973],[-5,1,0]],[[75298,79617,0],[-4,0,0]],[[75294,79617,0],[-1,0,0]],[[75293,79617,0],[-1,0,0]],[[75292,79617,0],[-2,0,0]],[[75290,79617,0],[-3,-4,8962],[2,-4,27473],[-5,0,11860],[-5,-3,9243],[2,-2,11860],[-8,-4,7549],[-4,0,0]],[[75269,79600,0],[-2,0,37739],[-38,-172,68747],[-2,-35,0]],[[71444,86002,0],[-5,-46,64825],[-30,-84,190634],[-74,-138,73772],[-55,-118,0]],[[70506,84909,0],[-294,52,108397],[-363,73,252244],[-90,6,55493],[-178,20,189037],[-178,28,99349],[-103,28,477376],[-80,35,52937],[-45,28,2275374],[-39,83,21456],[-34,77,221386],[-39,113,48784],[-18,60,13391],[-29,93,105616],[-28,104,29205],[-14,56,602837],[-7,60,78265],[7,52,16353],[5,49,134074],[17,54,20118],[15,39,90224],[4,33,37657],[-7,14,0]],[[70406,82778,0],[60,-49,81693],[67,-42,20583],[56,-34,109699],[53,-48,20788],[26,-22,0]],[[70668,82583,0],[-144,12,35109],[-129,9,208815],[-112,24,80606],[-50,23,312235],[-382,11,506950],[-53,14,96914],[-30,19,26759],[-52,27,35585],[-29,20,35362],[-23,6,710453],[-94,7,69633],[-429,40,355502],[-148,-13,76501],[-99,-18,0]],[[68819,82841,0],[-9,13,25478],[-4,24,27620],[-10,18,80569],[-19,16,22998],[-18,10,283117],[-4,0,10695],[-5,-6,10695],[-11,-7,31221],[-15,-5,13232],[-9,0,75842],[-8,5,8188],[-10,4,22392],[-12,3,9232],[-7,1,135888],[-4,-5,12836],[0,-9,14368],[-9,-17,59372],[-7,-5,21541],[-9,-1,11043],[-9,1,11043],[-3,-2,41910],[-8,-16,190563],[-9,-2,18829],[-14,5,32774],[-7,11,32774],[-11,3,10748],[-15,7,25477],[-8,8,0]],[[68565,82895,0],[43,203,0]],[[68608,83098,0],[397,360,116026],[81,66,763915],[113,61,67635],[290,166,290428],[362,258,290428],[40,22,18659],[28,15,97364],[27,5,37029],[31,-4,1692045],[30,-15,11078],[36,-17,81099],[32,-21,19958],[65,-44,62089],[63,-35,311921],[92,-15,60914],[53,-4,17397],[62,-6,0]],[[68310,82699,0],[-7,-82,0]],[[68303,82617,0],[-621,198,444300],[-96,48,40954],[-121,58,94225],[-127,71,1354611],[-116,97,109320],[-120,122,109320],[-161,140,291300],[-309,324,0]],[[66613,84309,0],[28,-63,138753],[-13,-36,48570],[0,-3,12407],[-9,-61,142891],[34,-162,294820],[-4,-12,8433],[-57,-171,261340],[44,-85,98367],[2,-34,31062],[-6,-7,0]],[[66613,84309,0],[116,-23,60868],[71,-22,165220],[56,-20,18822],[85,-29,44046],[74,-30,44046],[64,-20,338525],[74,-16,82373],[76,-6,29435],[90,-10,141916],[91,-17,62734],[80,-25,1686360],[58,-30,8442],[61,-32,109237],[37,-28,14343],[24,-19,30820],[14,-13,500215],[924,-871,0]],[[68547,82554,0],[-12,-3,18397],[-25,-1,44263],[-15,-4,15442],[-22,-11,143529],[-13,-17,18951],[-10,-20,55470],[-2,-13,17862],[2,-16,220892],[13,-16,35011],[19,-15,9173],[14,-10,12127],[9,-8,56747],[1,-7,8483],[-1,-6,0]],[[68505,82407,0],[-13,-20,0]],[[68492,82387,0],[-10,4,19588],[-6,-2,12988],[-8,2,9030],[-2,-2,6981],[-5,1,23231],[-9,5,23231],[-15,1,10656],[-13,1,0]],[[68424,82397,0],[-4,15,16954],[-1,15,71948],[-46,44,71948],[-17,26,32624],[-7,14,13624],[-18,31,20083],[-21,40,112021],[-7,35,0]],[[68424,82397,0],[-18,-6,46513],[-111,-12,86929],[-157,-10,151461],[-206,-26,74010],[-250,-37,453468],[-146,-5,98541],[-270,-23,148746],[-342,-9,148746],[-145,-18,1635266],[-143,-41,97342],[-150,-36,39289],[-167,-43,152558],[-165,-55,365651],[-129,-28,74416],[-99,-13,131945],[-64,5,871198],[-346,-259,0]],[[65516,81781,0],[-96,119,159069],[-16,77,0]],[[65404,81977,0],[-42,199,184721],[-51,63,0]],[[65311,82239,0],[-257,316,33275],[-136,168,0]],[[64918,82723,0],[-103,127,9156],[-148,182,0]],[[66632,83675,0],[-119,-128,314052],[23,-126,241199],[-80,-118,899107],[-220,-51,295641],[-17,-5,17660],[-21,-10,22583],[-81,-32,7440],[-118,-48,17292],[-4,-2,177140],[-105,-68,21382],[-11,-6,1776758],[-371,-7,203160],[-386,-21,54158],[-48,-3,8916],[-352,-18,87302],[-55,0,0]],[[68669,82454,0],[-27,-72,0]],[[68642,82382,0],[-27,-2,52270],[-30,4,8781],[-28,4,24654],[-32,6,76122],[-20,13,0]],[[68492,82387,0],[5,-6,14283],[3,-10,14283],[9,-13,46522],[13,1,19389],[6,-6,267768],[-5,-24,30049],[-14,-32,69930],[-26,-33,23336],[-12,-21,125254],[-9,-29,7335],[-14,-48,64707],[-37,-90,28867],[-11,-30,363403],[-137,-152,269167],[-24,-139,989421],[26,-58,88329],[47,-73,51513],[36,-44,254011],[126,-74,989421],[58,-358,356173],[-48,-175,509595],[72,-310,203620],[-17,-71,75971],[-4,-38,35242],[5,-25,203620],[19,-26,31416],[25,-22,26836],[14,-20,770718],[-5,-33,90842],[-38,-88,38594],[-49,-123,0]],[[68506,80217,0],[-128,-2,0]],[[68378,80215,0],[-200,-3,9352],[-291,-4,0]],[[67887,80208,0],[-267,-4,403366],[-200,81,8803],[-109,43,0]],[[67311,80328,0],[-106,43,0]],[[67205,80371,0],[-102,41,0]],[[67103,80412,0],[-80,32,11555],[-107,43,0]],[[66916,80487,0],[-255,135,703299],[-365,-129,8927],[-107,-37,0]],[[66189,80456,0],[-109,-39,526591],[-37,257,17925],[-38,260,0]],[[66005,80934,0],[-21,131,15843],[-26,164,0]],[[65958,81229,0],[-296,369,0]],[[65662,81598,0],[-146,183,0]],[[70668,82583,0],[59,-50,28035],[46,-36,243053],[-2,-53,55420],[-15,-55,692762],[-236,-539,199222],[-12,-32,36783],[-8,-49,841707],[26,-108,114812],[87,-251,0]],[[70613,81410,0],[-98,-23,104856],[-149,-11,209753],[-89,26,868747],[-103,108,135731],[-56,89,42806],[-33,44,231696],[-35,25,41393],[-76,65,149178],[-74,77,70215],[-48,64,1149628],[-43,5,26825],[-58,10,38150],[-103,13,170503],[-96,1,52840],[-111,-4,198102],[-312,40,1372559],[-184,178,281787],[-129,217,498131],[-174,48,0]],[[65736,86036,0],[-2,-7,8391],[-6,-17,21513],[-11,-52,15397],[-3,-11,231759],[22,-25,31792],[81,-105,340034],[-53,-173,449595],[63,-109,8407],[75,-133,345712],[9,-207,1410081],[137,-38,369972],[47,-99,7871],[30,-63,17061],[6,-16,17061],[7,-10,17061],[32,-66,369972],[124,-152,214777],[56,-112,26316],[17,-32,127833],[34,-52,17938],[6,-11,11938],[10,-16,17938],[7,-7,17938],[46,-69,308733],[22,0,37117],[17,-6,12561],[5,-2,7373],[15,-6,69018],[26,-15,22804],[10,-11,190817],[45,-100,16187],[3,-5,0]],[[66586,86266,0],[-14,-2,97954],[-238,-98,57186],[-232,-99,510789],[-366,-31,0]],[[67743,87393,0],[126,-74,99789],[90,-71,751470],[-143,-158,10429],[-30,-33,362713],[-103,-46,51814],[-129,-53,19979],[-19,-9,751470],[-23,-195,254483],[-91,-133,35629],[-6,-12,177522],[-3,-77,422614],[-144,-56,422614],[64,-236,9716],[4,-12,2002852],[-25,7,20908],[-145,48,145198],[-141,22,35756],[-16,0,452737],[-204,-19,8954],[-219,-20,0]],[[70613,81410,0],[321,-143,78869],[78,-27,19270],[35,-11,78869],[38,-25,0]],[[71085,81204,0],[57,-37,0]],[[71142,81167,0],[-78,-243,0]],[[71064,80924,0],[-38,-117,0]],[[71026,80807,0],[-44,-140,257881],[-208,-332,792927],[-304,-35,0]],[[70470,80300,0],[-158,-18,11110],[-380,-45,389818],[-184,-82,0]],[[69748,80155,0],[-94,-42,52216],[-184,-89,0]],[[69470,80024,0],[-280,-136,17315],[-52,-25,0]],[[69138,79863,0],[-192,-93,565903],[-238,241,0]],[[68708,80011,0],[-125,127,7228],[-77,79,0]],[[73135,80403,0],[-89,19,79242],[-89,35,0]],[[72957,80457,0],[-97,37,182683],[-104,90,7211],[-51,43,0]],[[72705,80627,0],[-131,41,0]],[[72574,80668,0],[-68,20,291861],[20,265,0]],[[72526,80953,0],[-299,-71,626822],[-220,228,0]],[[72007,81110,0],[-114,118,237002],[-122,21,0]],[[71771,81249,0],[-282,48,384450],[-208,-78,0]],[[71281,81219,0],[-139,-52,0]],[[98052,94565,0],[269,-165,0]],[[98321,94400,0],[-1449,-1084,1339352],[18,-199,126778],[24,-58,0]],[[96914,93059,0],[24,-50,87722],[21,-118,292977],[-50,-250,1041172],[-141,-169,132026],[-106,-98,405386],[-91,-72,63647],[-111,-79,159599],[-156,-86,0]],[[96304,92137,0],[-347,-26,200485],[-612,-20,0]],[[95345,92091,0],[-210,48,309955],[-628,247,0]],[[94507,92386,0],[456,280,652602],[655,290,24587],[252,112,59915],[387,170,0],[1,1,0]],[[96258,93239,0],[64,28,0],[1,1,20472],[280,212,0],[258,195,14816],[224,168,68989],[911,680,0],[56,42,0]],[[97678,92335,0],[-44,187,0]],[[99766,91986,0],[-83,-152,0]],[[99683,91834,0],[-2005,501,0]],[[93903,92011,0],[131,81,11553],[354,220,0]],[[94388,92312,0],[119,74,0]],[[95345,92091,0],[15,-275,430539],[47,-58,81010],[79,-66,156344],[3,-34,8030],[0,-10,81038],[7,-9,14364],[14,-1,13849],[0,-2,8015],[-7,-1,22781],[10,-18,29783],[-7,-5,17563],[15,1,17563],[5,-5,0]],[[95526,91608,0],[1587,-1122,2402606],[1395,-167,0]],[[98508,90319,0],[-253,-181,17433],[-290,-209,0]],[[99683,91834,0],[-138,-257,249341],[-54,-204,0]],[[99491,91373,0],[-2094,253,1421472],[-249,248,36555],[-5,3,0]],[[97143,91877,0],[-4,3,11626],[-5,10,12812],[-19,22,74097],[-22,74,251987],[-266,283,0]],[[96827,92269,0],[298,64,268695],[37,0,43481],[14,-6,7271],[12,-3,7271],[4,-3,78738],[8,1,10130],[14,5,27504],[0,9,17196],[8,2,102439],[7,-8,7606],[6,-4,48534],[17,1,16631],[10,4,8508],[12,2,56797],[17,-10,10072],[12,-6,152964],[8,9,9227],[5,5,32780],[20,-5,32780],[2,7,17737],[-8,7,51570],[5,2,7065],[3,-1,13974],[14,3,7156],[13,4,94668],[11,-3,12428],[8,-5,25805],[12,-2,7186],[13,-1,0]],[[97409,92337,0],[170,-1,0]],[[97579,92336,0],[99,-1,0]],[[97507,92533,0],[-143,371,328720],[33,90,1839155],[1450,1081,0]],[[98847,94075,0],[248,-153,0]],[[97627,92781,0],[-79,-59,53844],[-3,-11,0]],[[97545,92711,0],[-8,-17,56738],[14,-60,135442],[7,-10,14714],[5,-5,7073],[5,-7,7073],[2,0,30407],[2,-10,7834],[3,-8,69868],[-2,0,7192],[8,-5,18748],[12,3,25128],[1,-1,7272],[16,-9,0]],[[97610,92582,0],[-11,-10,20808],[-5,3,20808],[-16,-9,0]],[[97578,92566,0],[-71,-33,0]],[[99491,91373,0],[-127,-483,720899],[-290,-167,0],[-219,-156,17912],[-347,-248,0]],[[96304,92137,0],[322,81,36260],[199,50,18082],[2,1,0]],[[97507,92533,0],[72,-197,0]],[[98321,94400,0],[526,-325,0]],[[97610,92582,0],[3,4,0]],[[97613,92586,0],[9,7,20778],[13,1,0]],[[92464,94360,0],[19,-10,6973],[5,-3,6973],[12,-6,0]],[[92500,94341,0],[40,-28,67419],[73,-79,343889],[251,-109,112209],[206,-78,0]],[[93070,94047,0],[-63,-88,0]],[[91693,93848,0],[18,16,7295],[16,15,30126],[50,40,12257],[12,11,60375],[30,31,11061],[22,22,139728],[6,8,21624],[7,18,12972],[3,14,7765],[3,7,483250],[19,8,11529],[24,9,9874],[10,4,36834],[17,13,74518],[14,4,14444],[45,7,22632],[9,4,262510],[14,9,9802],[22,17,16785],[28,18,47839],[0,9,101580],[5,2,7653],[1,4,11761],[6,0,11761],[32,14,22784],[6,5,13933],[20,6,13933],[28,12,139812],[16,11,19108],[6,5,8377],[0,4,20880],[10,5,10997],[10,7,28660],[4,9,28660],[5,4,9255],[10,2,10014],[5,3,7032],[7,3,64932],[5,6,10796],[7,7,8489],[6,7,16579],[7,4,9534],[7,7,16579],[5,9,220749],[10,7,11554],[8,2,8260],[7,5,31871],[14,0,7350],[5,1,73883],[12,5,15114],[12,9,19296],[49,26,47191],[30,24,86993],[24,-3,11334],[7,0,47848],[16,16,0]],[[94388,92312,0],[-104,12,134127],[-548,104,227591],[-474,65,477323],[-118,65,1019445],[-284,2,269246],[-425,-56,0]],[[93347,92960,0],[192,-78,216237],[357,-87,871292],[419,194,1482625],[51,94,55747],[112,220,459498],[-44,215,0]],[[94434,93518,0],[265,84,437399],[236,17,148201],[290,38,105652],[247,22,0]],[[95472,93679,0],[403,38,58691],[294,26,1694927],[1449,1087,0]],[[97618,94830,0],[144,-88,0],[290,-177,0]],[[94333,93798,0],[40,-110,0]],[[94373,93688,0],[61,-170,0]],[[93714,93273,0],[68,108,338950],[144,44,97866],[4,8,8799],[6,7,24461],[15,8,167006],[35,5,16717],[11,3,44007],[25,-1,31735],[8,3,16976],[14,2,10237],[19,3,31561],[22,-1,287211],[1,12,34059],[14,1,15551],[9,5,52268],[-3,3,9205],[-2,8,10037],[-6,8,52268],[-1,6,12122],[4,8,22607],[12,7,22607],[-1,10,38703],[8,5,9916],[6,1,0]],[[94126,93536,0],[1,27,6973],[2,47,249673],[204,188,0]],[[92706,94472,0],[-35,29,0]],[[92671,94501,0],[-16,12,10417],[-3,3,6973],[0,2,0]],[[92652,94518,0],[-6,7,16560],[-13,5,25757],[-1,4,8510],[-6,7,10406],[-4,1,8539],[-1,5,41296],[-9,2,15982],[-26,17,125361],[-8,1,7865],[-8,2,16246],[-24,2,53382],[-6,5,7829],[-1,2,21558],[-18,3,21558],[-12,8,12334],[-5,1,7193],[-8,4,42512],[-14,-1,7035],[-9,0,25214],[-9,7,391567],[-8,15,9107],[-4,13,25637],[-35,71,80307],[-32,55,23833],[-52,93,0]],[[93823,96735,0],[511,-181,0]],[[94334,96554,0],[-1028,-1291,710165],[-339,-642,710165],[-261,-149,0]],[[92671,94501,0],[-41,-21,27548],[-18,-14,0]],[[92612,94466,0],[-5,1,11170],[-8,-4,0]],[[92599,94463,0],[-4,-2,6973],[-1,-1,6973],[-4,-2,6973],[-1,0,0]],[[92589,94458,0],[-2,-5,9184],[-4,1,0]],[[92583,94454,0],[-2,-3,9491],[-10,-2,0]],[[92571,94449,0],[-3,5,0]],[[92568,94454,0],[-1,5,9109],[-6,8,16750],[-8,5,10472],[1,4,8181],[-4,2,79411],[-18,4,22095],[-12,6,9074],[-6,0,9074],[-6,4,10019],[-6,0,10019],[-6,4,25065],[-7,3,8482],[-11,1,7092],[-8,2,146541],[-7,4,11103],[-2,5,14174],[-13,7,33144],[-5,9,16616],[-8,7,12690],[-2,7,12690],[-7,5,33144],[-38,35,18216],[-28,27,259215],[-68,92,27723],[-49,70,0]],[[94334,96554,0],[572,-204,0]],[[93450,94519,0],[-71,-207,104243],[-31,-57,472579],[-127,-92,63639],[-151,-116,0]],[[92464,94360,0],[29,30,0]],[[92493,94390,0],[10,0,14131],[49,3,28142],[31,5,0]],[[92583,94398,0],[43,18,62931],[80,56,0]],[[92583,94398,0],[-23,43,0]],[[92560,94441,0],[11,8,0]],[[91901,94423,0],[12,0,38513],[17,-7,19647],[8,-1,7891],[5,1,19647],[24,-5,7058],[11,-2,15763],[25,-7,8682],[6,-3,8682],[8,-1,98253],[22,1,7298],[18,0,17120],[32,-1,37191],[7,-1,7079],[9,0,9303],[8,-2,11727],[20,-2,319513],[26,7,16203],[15,6,23934],[21,4,35048],[14,5,8649],[6,3,8649],[19,7,22855],[15,4,8443],[4,2,8443],[9,1,197688],[27,1,20215],[41,3,12235],[13,1,100775],[26,-3,8284],[3,-2,7288],[6,1,19215],[8,-4,19215],[16,-1,9094],[7,0,54810],[6,-4,9178],[2,-4,26877],[6,-3,9255],[7,0,9702],[5,-4,9702],[7,0,179129],[21,8,27782],[5,6,17557],[21,12,66686],[23,6,28253],[11,-1,11062],[11,2,9509],[6,-2,0]],[[92540,94444,0],[3,0,6973],[17,-3,0]],[[96788,95332,0],[830,-502,0]],[[74060,94445,0],[-9,-14,0]],[[72735,94100,0],[-129,61,0]],[[72606,94161,0],[5,18,79575],[25,23,32493],[19,7,41424],[25,26,55486],[-11,7,33403],[11,16,55486],[31,3,212660],[65,-34,117487],[23,1,52491],[13,29,657844],[-6,31,26449],[-7,5,26449],[-1,27,29169],[-9,18,29169],[0,21,106440],[11,49,66872],[-8,57,75956],[20,18,69328],[-32,28,265361],[25,30,57470],[3,35,42244],[13,16,111477],[-7,11,27653],[9,12,27653],[2,57,493588],[39,15,98863],[35,-2,28142],[26,-6,30234],[56,-5,311020],[10,28,94227],[-26,20,53697],[-1,13,34175],[-24,31,141651],[5,36,55890],[24,8,31760],[-1,10,1866190],[41,13,36549],[31,3,111216],[-15,9,45686],[6,28,106395],[27,2,35063],[24,12,26060],[17,2,192551],[-1,-16,41260],[26,0,66272],[-13,-11,26723],[-7,-19,52877],[16,-9,192551],[35,21,35061],[26,25,54518],[15,-3,38763],[22,19,84016],[-17,13,84016],[43,28,34147],[20,-1,34147],[-8,14,73414],[27,-3,170942],[-17,-24,41197],[-31,-22,67467],[-2,-10,26820],[-22,-36,170942],[6,-8,33485],[29,5,65114],[21,12,27500],[7,13,121837],[17,-11,46497],[39,2,72834],[7,-23,126119],[16,12,32198],[23,1,34351],[16,13,56605],[24,-3,303846],[1,-27,27638],[-6,-10,55765],[19,-8,198395],[62,16,91386],[35,-6,43041],[46,5,60519],[-2,15,60519],[57,-10,1030054],[15,-24,38570],[26,-14,38570],[7,-17,133275],[-24,-20,54912],[10,-20,42425],[-15,-15,391134],[16,-13,40856],[27,1,40856],[70,-16,177218],[3,-16,62271],[29,-3,35611],[31,-14,62271],[79,-49,41579],[20,-2,41579],[16,-20,84162],[14,-1,32251],[33,-17,356316],[21,-30,59411],[-16,-19,67747],[29,-55,0],[41,-34,0]],[[70765,94535,0],[-14,-2,0]],[[70751,94533,0],[-1,0,0],[22,27,0],[-10,13,0]],[[70762,94573,0],[2,1,0]],[[70783,94501,0],[-15,11,28268],[-8,18,0],[-9,3,0]],[[70734,94661,0],[1,-1,0]],[[70762,94573,0],[-4,6,0],[-41,-9,59111],[-39,2,26735],[-22,5,109677],[-22,-10,48761],[10,-21,78002],[-29,-13,49328],[-41,1,78002],[53,30,78002],[0,15,29118],[12,26,183458],[46,21,26620],[23,7,45867],[23,18,0],[3,10,0]],[[92684,90390,0],[-1,-1,0]],[[92683,90389,0],[-39,9,0]],[[92644,90398,0],[1,1,0]],[[92761,90380,0],[0,-1,0]],[[92761,90379,0],[-14,-1,0],[-18,-28,55431],[-18,10,0],[8,18,0]],[[92719,90378,0],[5,0,0]],[[74363,97165,0],[14,21,0]],[[74377,97186,0],[29,-4,0],[17,2,0]],[[74423,97184,0],[3,-2,0]],[[74447,97160,0],[5,-3,0]],[[74452,97157,0],[-1,-13,0],[-18,-6,31946],[-37,0,28312],[-23,-6,68564],[-14,13,0],[-17,-2,0]],[[74408,97056,0],[-34,-10,0]],[[74332,97122,0],[0,1,0]],[[74332,97123,0],[20,-2,0],[70,0,57166],[40,-12,147214],[-16,-13,40646],[-61,-26,0],[23,-14,0]],[[71377,97156,0],[181,-12,0]],[[72038,97370,0],[-6,74,0]],[[72032,97444,0],[16,-9,0],[51,-15,43551],[28,0,164897],[6,-19,27296],[17,-21,67422],[33,-6,67422],[4,-22,51907],[-29,-6,77833],[27,-18,309102],[-12,-15,38062],[-45,-27,80229],[-16,-18,27734],[-14,-1,27734],[1,-14,36632],[-13,-6,30247],[7,-12,502008],[28,-18,51477],[19,14,51477],[8,-27,58967],[33,15,58967],[-7,-13,31640],[13,-9,134855],[44,28,134855],[14,-5,49342],[36,0,28470],[28,6,33311],[31,-1,109703],[18,-16,51288],[19,5,39637],[31,-5,30663],[-1,-7,97674],[77,4,58874],[37,-9,502008],[-12,-8,30010],[6,-13,52818],[-15,-6,32515],[-15,11,52818],[-18,-1,27763],[-26,-11,39758],[23,-16,34197],[-31,9,34197],[-24,-11,121442],[-20,3,40124],[4,-21,47346],[31,-18,47346],[-22,-4,109110],[-10,11,29057],[-29,15,52518],[10,8,27881],[-5,15,52518],[-30,-7,165822],[-30,-34,37733],[23,9,32018],[-9,-14,37733],[-28,-14,165822],[-53,-10,29687],[-23,0,49375],[-31,9,49375],[-20,-1,28026],[-8,-10,891646],[14,-12,26029],[5,-16,26928],[27,-33,208923],[-17,-13,30292],[-50,-27,47773],[-5,-20,47773],[-30,-9,181430],[-8,-22,67970],[15,-32,48767],[20,-5,373436],[-4,23,40709],[16,3,27750],[3,-12,40709],[34,11,46097],[6,-11,46097],[27,33,117558],[9,-6,26345],[28,-2,82491],[51,13,47111],[16,15,421591],[54,1,57213],[4,-8,34572],[37,-5,96079],[17,10,29514],[46,16,96079],[-1,-22,37508],[-17,-20,158608],[17,-7,35393],[20,11,35393],[57,9,62938],[19,-9,47712],[44,7,277619],[33,-8,26191],[44,-7,40222],[23,-9,116450],[17,-31,66315],[29,-1,41586],[12,-15,1592163],[-39,-19,35595],[-29,-7,86125],[-50,7,136270],[-9,-14,34232],[-30,-13,50209],[-3,-17,238368],[47,1,47181],[77,-8,187994],[4,-6,27442],[-14,-27,96895],[-29,-7,35253],[-29,-19,33250],[-19,-4,404693],[-42,6,66813],[-32,-4,29738],[-31,-11,66813],[-49,5,50477],[-53,-6,218646],[0,-19,62424],[50,-5,62424],[12,-17,32223],[22,3,32223],[-7,-12,153468],[-32,-10,54083],[-7,-18,30020],[-15,-10,218646],[-32,5,67579],[-14,10,27137],[-37,13,28064],[-19,1,28064],[-10,11,34466],[-25,4,34466],[-8,13,414551],[-25,1,66505],[-13,-16,38630],[-39,-13,37409],[-5,-11,117019],[42,-20,117019],[-48,-44,92058],[21,-23,232445],[-25,-19,50087],[-30,1,50087],[-24,-12,37222],[-44,-9,0],[-73,14,62021],[-41,-5,140991],[-27,5,29269],[-13,10,29269],[-52,16,65881],[-21,19,188522],[2,15,32486],[20,33,69521],[-17,14,188522],[-63,-11,40591],[-50,-16,59475],[-25,2,457359],[-21,30,37016],[-2,18,106666],[-38,-4,40649],[-33,8,106666],[15,6,36206],[-20,12,57781],[28,9,26368],[10,9,250614],[18,-5,39049],[31,5,27863],[3,7,39049],[71,13,82193],[22,17,426349],[-4,7,27350],[-21,-6,29168],[-8,9,55551],[13,14,46042],[-55,-23,47271],[-24,8,132916],[1,12,27062],[16,21,54178],[-15,12,114929],[-30,-12,43946],[-40,0,114929],[-41,10,30567],[-17,9,61833],[-45,-1,47283],[-30,10,754148],[10,9,26092],[-8,10,60066],[35,0,32060],[13,7,111638],[-14,13,32211],[2,17,59683],[-29,-4,31756],[-3,8,53255],[50,15,53255],[-3,13,140774],[40,22,45851],[42,11,97263],[-11,14,28927],[-15,3,97263],[9,20,53468],[24,9,33817],[26,23,609565],[88,20,43057],[51,6,136415],[22,-6,29283],[40,-1,37895],[25,-8,204198],[3,-15,50202],[35,24,56650],[-1,21,78451],[17,16,30725],[7,-7,30725],[49,10,297700],[-7,13,33439],[21,0,49842],[-25,20,122553],[-41,-18,36002],[-17,-1,49530],[-38,-22,122553],[-25,8,57474],[-23,-3,25903],[-19,4,25903],[-74,3,209423],[-25,-4,27770],[-17,-9,77348],[-45,2,46446],[-91,-9,77348],[-47,-10,35387],[-67,-9,297700],[9,7,32292],[-1,25,49353],[-16,8,72184],[32,17,44862],[-6,11,222348],[-60,11,65372],[-35,-9,36828],[-25,3,133444],[-21,13,30660],[-20,24,0],[3,1,0]],[[72516,97172,0],[13,-7,32238],[14,11,37924],[-13,11,42218],[37,11,159373],[28,-1,35302],[32,-12,74792],[-5,-21,110254],[36,-4,37933],[17,7,56938],[14,-8,27299],[28,-3,174191],[-16,-16,33580],[-28,-11,136504],[-43,-1,34074],[-32,5,34074],[-11,-7,63660],[-34,6,27782],[-5,6,27782],[-27,-2,174191],[17,12,54003],[-22,24,0]],[[72842,93581,0],[-1,0,0]],[[72841,93581,0],[-23,9,0],[-61,33,91373],[-87,15,151951],[-64,44,109474],[-45,12,30267],[-57,11,109474],[-17,9,31236],[-38,32,172748],[-47,7,52555],[-16,-22,52555],[-12,24,52555],[-22,8,36424],[-6,-12,42378],[-41,8,172748],[-14,16,35382],[-11,34,1018280],[18,32,39073],[23,22,53749],[10,31,137930],[35,33,39914],[16,25,76618],[34,19,31524],[27,23,199576],[29,8,37646],[27,19,44126],[38,11,199576],[6,34,54815],[13,10,37875],[5,30,37875],[14,14,87517],[-11,22,0],[42,19,0]],[[72111,94577,0],[2,-4,0],[95,1,88434],[23,10,41274],[37,-3,42045],[26,12,39942],[35,2,649008],[8,-22,43477],[17,-10,30480],[-4,-12,30480],[17,-2,63851],[-4,-21,162738],[-18,-22,26264],[-27,-23,26942],[6,-4,26942],[-22,-11,256895],[-2,-11,35434],[22,-16,84183],[58,2,109123],[10,-6,26844],[0,-18,32524],[18,-21,369919],[-55,-24,114931],[6,-21,68570],[25,-1,28305],[28,-8,114931],[2,-15,27043],[13,-15,70132],[-14,-37,44584],[5,-21,215465],[-22,-28,34031],[-6,-20,43822],[-24,-27,60027],[-17,-40,1193934],[-23,-12,26628],[-14,0,77886],[-37,-29,43402],[-36,-19,29523],[-35,-24,94494],[-48,-50,94494],[-28,-11,28489],[-29,-4,258513],[-21,-24,29008],[-17,-11,57388],[-7,-27,112745],[-22,-13,29457],[-31,-29,64518],[-36,-11,101738],[-31,-46,486715],[18,-30,34324],[15,-9,51562],[6,-26,232498],[-12,-42,47476],[-21,-32,139990],[-52,-24,54585],[-33,-29,0],[-36,-8,27470],[-91,-26,90138],[-44,-15,33990],[-44,-22,67356],[-32,-7,28682],[-45,-14,456077],[-35,8,33465],[-29,14,80058],[-48,-2,54583],[-26,11,33116],[-29,2,199864],[-52,-5,30968],[-24,2,42202],[-39,-8,101391],[-35,5,34778],[-60,1,35721],[-17,-5,35721],[-33,7,1169724],[-21,16,42884],[-34,47,121449],[-31,12,33228],[-12,12,40562],[-43,15,209939],[-13,27,75691],[22,6,44225],[13,24,209939],[-29,30,35347],[-21,11,35347],[-15,21,117415],[18,6,40471],[3,23,117415],[-34,30,64729],[0,27,65287],[-28,23,31719],[-17,23,145117],[-39,19,58606],[-22,-10,65862],[-34,9,44179],[-1,14,145117],[15,7,26906],[28,3,59955],[13,22,0],[1,5,0]],[[67471,95457,0],[0,1,0]],[[67471,95458,0],[-1,0,7824],[37,-12,45584],[11,10,45584],[53,2,96194],[13,22,72882],[23,7,39100],[32,-7,334709],[16,-15,43107],[3,-31,171777],[-24,-26,39170],[1,-14,66034],[-41,-25,71332],[-37,-57,546411],[10,-9,28648],[20,1,43967],[34,-24,124106],[3,-23,47010],[-20,-20,90876],[9,-12,30924],[28,-11,273996],[12,24,32134],[19,18,78794],[6,18,32788],[-4,30,78833],[33,43,276768],[35,-10,52780],[61,-35,80001],[9,-32,80001],[24,0,26334],[26,-7,376439],[7,-10,39004],[-11,-34,128812],[-15,-10,28033],[-61,-28,38679],[-17,-13,376439],[-20,-48,104916],[21,-12,33771],[28,-2,158226],[39,40,41864],[28,19,158226],[15,-37,46722],[16,-4,121825],[32,21,40298],[20,25,121825],[43,9,49432],[25,-2,28472],[41,4,83694],[23,-10,47393],[45,3,1094628],[-5,-22,31496],[13,-6,31496],[-23,-7,31496],[-6,-26,68128],[24,3,41913],[-23,-20,41913],[-11,-28,38659],[12,-2,130691],[-15,-28,44309],[16,-3,44309],[-38,-21,76489],[-43,-6,76489],[-4,-11,42289],[16,-14,27359],[16,-3,440307],[-36,-22,56363],[-42,-17,28169],[-65,-30,234186],[6,-20,28658],[11,-6,82307],[25,4,36898],[36,-6,143087],[55,20,52891],[47,5,234186],[35,-28,58589],[15,-36,68880],[-11,-31,68880],[11,-8,26082],[22,-1,131907],[-21,-9,30805],[4,-9,35306],[-13,-31,131907],[5,-14,28380],[16,-5,50988],[27,5,73667],[8,-29,2500363],[21,-2,33554],[19,10,40164],[46,1,66959],[64,18,330837],[10,-14,35546],[-4,-22,36587],[13,-29,98422],[36,-33,77936],[4,18,33433],[-8,26,98422],[-27,35,40075],[-10,32,28949],[-9,7,98422],[9,14,27007],[-5,11,40095],[16,7,62584],[-16,18,40017],[7,15,149793],[-32,14,37983],[-4,16,37983],[-21,-4,227915],[-15,35,71193],[8,9,26544],[22,4,67602],[11,-31,71193],[29,16,29261],[27,9,106148],[-25,16,59292],[2,14,36502],[24,3,330837],[44,-19,57217],[32,3,57217],[53,-21,594563],[27,11,33051],[5,12,129636],[-42,21,40411],[-66,24,157278],[-4,13,57581],[49,8,33513],[8,7,157278],[4,30,26501],[-3,16,47534],[13,12,28648],[0,16,122376],[-24,42,34537],[-17,6,34537],[5,15,617317],[27,16,49632],[11,27,137595],[25,-3,36425],[17,11,36425],[9,-11,36425],[17,4,30388],[15,-9,81707],[9,12,27886],[19,4,150021],[29,-34,69886],[25,-17,28949],[9,2,36238],[34,-24,109818],[-21,4,27572],[-9,-7,40609],[11,-12,105841],[72,-21,30216],[27,-4,30216],[32,-13,109818],[20,1,46474],[-15,25,109818],[-39,11,44913],[-27,-4,60797],[-23,17,37913],[-18,0,150021],[-15,16,32418],[9,7,45465],[-29,34,41250],[-7,22,340497],[31,28,35894],[29,36,74060],[1,21,40237],[21,30,74060],[29,7,145818],[35,-26,31827],[14,-17,145818],[22,-7,41675],[15,14,69493],[28,-26,86394],[31,-5,44359],[24,5,26757],[37,0,145818],[-47,51,145818],[-32,4,51176],[-35,-15,51176],[-28,6,145818],[-22,27,58983],[24,12,57435],[-22,21,1194302],[-25,3,27705],[-18,9,42731],[-22,-3,36229],[-39,10,188769],[14,13,64687],[-28,44,118240],[10,8,42939],[55,-3,49710],[-5,-14,31293],[17,1,49710],[24,22,110833],[-4,22,31911],[-13,5,118240],[-80,3,74199],[-25,-15,188769],[-11,9,33485],[-25,-5,33485],[-20,8,53484],[18,8,65171],[-24,22,45755],[6,14,67725],[-30,10,29327],[-12,-3,67725],[-11,27,102935],[-72,20,102935],[4,18,31163],[-9,17,145415],[-87,14,122823],[-27,24,52826],[4,21,801087],[32,5,54841],[27,19,29748],[-2,7,102900],[74,-5,192522],[-4,33,45760],[12,6,38157],[-1,29,336738],[43,-17,34763],[32,-19,82326],[87,-64,128565],[27,7,336738],[2,17,43086],[-23,19,56456],[-47,18,56456],[20,9,66413],[-15,44,66413],[-34,30,150593],[-75,5,79343],[-16,21,150593],[23,22,42283],[28,8,28811],[11,11,1194302],[25,-9,42757],[27,-26,76433],[14,2,34851],[31,-16,34851],[25,-3,74786],[31,-26,107470],[21,-6,35797],[28,6,44099],[26,-10,107470],[35,-35,61325],[12,11,47369],[15,-22,31705],[11,-1,304802],[14,-17,27177],[13,-28,52143],[23,-12,40745],[12,-24,107773],[50,-38,28470],[23,-14,649455],[24,9,84859],[-29,28,52832],[-9,31,114619],[25,2,39915],[17,16,246496],[-22,20,33880],[-5,17,69931],[10,39,40475],[-10,3,123365],[-26,35,32488],[-1,14,32488],[-20,12,54343],[9,10,54343],[-42,32,401960],[1,17,30168],[13,4,39759],[2,30,76595],[31,12,217907],[20,-20,43733],[10,-32,104661],[53,-41,54115],[22,-3,649455],[39,-83,80156],[32,-31,47843],[16,-33,146079],[-7,-34,93441],[37,-2,33851],[24,6,146079],[11,-10,29211],[25,-43,67911],[15,-50,39888],[16,-27,330753],[41,-5,62496],[45,-34,62496],[23,3,0],[-4,7,0]],[[69418,95486,0],[3,0,0]],[[67935,96191,0],[12,9,26269],[6,17,35155],[30,29,90718],[24,2,47328],[-7,-23,90718],[-26,-15,31059],[-30,-27,58804],[-9,8,0]],[[68070,95327,0],[32,17,78729],[-15,38,85501],[36,12,133162],[-12,15,33104],[-10,36,234314],[17,6,30883],[27,21,47418],[24,3,125910],[39,-38,234314],[-10,-23,32070],[1,-25,54494],[-18,-32,32822],[19,-11,32822],[-5,-7,29203],[-20,9,44142],[-3,-23,221615],[-16,-14,32441],[-32,-14,111237],[-31,1,60889],[-23,29,0]],[[68145,94761,0],[19,20,54534],[17,-6,38377],[-6,-19,54534],[-30,5,0]],[[68183,95280,0],[20,23,55249],[12,-4,32928],[-2,-20,55249],[-20,-7,30543],[-10,8,0]],[[68269,96045,0],[52,24,160859],[17,-16,32910],[24,-9,59485],[25,5,60991],[20,-15,32837],[19,-3,46185],[9,-19,46185],[25,3,185742],[6,25,104601],[52,5,48292],[17,-9,42189],[34,4,335688],[37,-35,93587],[-6,-7,26839],[4,-24,33135],[12,-10,33135],[-12,-12,315471],[-42,-16,35474],[-37,-7,163149],[-43,15,54693],[-23,-8,54693],[-25,14,43364],[-27,-3,43364],[-70,8,335688],[-12,12,27357],[0,14,40736],[-16,3,68944],[4,19,35150],[-10,26,90096],[-34,16,0]],[[68519,96152,0],[6,5,29502],[21,-15,31857],[26,1,110634],[4,-15,29489],[20,-21,29489],[12,-25,147660],[-12,-4,32619],[3,-21,46779],[-24,-7,147660],[-17,21,33898],[9,4,50982],[-27,43,35957],[4,8,35957],[-25,26,0]],[[68642,95419,0],[19,7,27968],[2,-9,27968],[-21,2,0]],[[92069,89360,0],[0,2,0]],[[91156,89985,0],[10,8,0]],[[91166,89993,0],[7,-2,26993],[4,-24,69128],[15,-3,34778],[39,-24,133138],[13,16,58201],[37,-13,71245],[-10,-10,33127],[12,-13,71245],[28,0,35926],[32,-10,100899],[27,-18,27027],[10,-12,228361],[30,4,38002],[1,11,38002],[33,6,257715],[17,-14,50093],[37,4,50093],[81,-21,106793],[23,22,106793],[34,-24,60647],[-27,6,36514],[-4,-10,60647],[63,-20,155397],[17,8,38806],[22,-10,50577],[23,6,28131],[15,-4,28131],[14,9,120652],[29,-15,51977],[9,6,27331],[26,-2,63805],[19,-18,546252],[-36,-30,42341],[-10,-20,331432],[22,-19,81825],[23,-6,27520],[35,-2,50893],[19,8,87468],[26,-11,26796],[30,-18,87468],[12,12,26841],[17,4,155192],[34,-30,65988],[17,15,65988],[49,-28,71816],[26,-1,46717],[9,15,35555],[8,-6,27620],[-3,-17,35555],[21,-2,30228],[-2,-10,26868],[17,-1,155192],[20,16,57209],[12,-7,28210],[27,1,331432],[33,-25,31833],[0,-7,61504],[52,-24,95862],[12,11,41995],[-13,21,95862],[46,5,62132],[19,-17,95862],[-26,-16,38080],[-11,-20,95862],[20,-16,50883],[58,-16,1346981],[-4,-14,27691],[8,-15,96691],[-28,-21,58598],[-43,-4,119892],[-8,-20,43864],[17,-11,54636],[-22,-12,36574],[7,-11,285747],[-46,-20,42527],[-10,-14,82813],[-62,-22,45365],[-22,-1,94327],[-10,-15,37229],[-30,-16,69242],[-36,-8,27491],[-16,1,66218],[-20,-21,0],[-11,1,0]],[[91178,90003,0],[27,24,0]],[[91209,90038,0],[0,1,0]],[[91209,90039,0],[1,0,9214],[15,-19,72291],[-24,-8,24869],[-15,-12,24869],[-8,3,0]],[[92248,89714,0],[8,18,65172],[41,-11,37388],[4,-9,65172],[-27,-3,28988],[-26,5,0]],[[92400,89628,0],[12,6,27143],[-1,13,91057],[33,0,41772],[7,12,48384],[26,-6,34176],[-2,11,34176],[26,7,32783],[19,-4,172284],[-3,-18,52726],[-21,-4,30102],[4,-11,30102],[-19,-2,54883],[-5,-19,40648],[-18,-12,26634],[-7,-13,172284],[-40,14,62123],[-11,26,0]],[[70668,95146,0],[2,0,0]],[[70665,94835,0],[-34,5,0]],[[70631,94840,0],[-24,63,0],[18,26,77146],[-21,27,38049],[-13,1,162249],[5,37,77066],[18,7,39605],[-7,18,39605],[27,79,54346],[17,18,28634],[2,14,0],[15,16,0]],[[70453,94860,0],[16,1,42378],[-6,27,61839],[20,25,40439],[26,14,156134],[52,-18,38406],[10,-10,156134],[-24,-16,26699],[-9,0,26699],[-36,-20,80992],[-49,-3,0]],[[70708,94396,0],[2,-1,0]],[[70855,93999,0],[2,21,0],[-21,39,39140],[-6,27,41546],[-10,11,28062],[-4,22,28534],[-14,19,113792],[-6,38,26588],[0,29,242247],[-49,11,29000],[-11,6,95463],[7,14,36270],[29,16,95463],[-84,-11,186294],[-17,7,46797],[0,30,69270],[25,21,52122],[-11,17,295842],[-36,-15,47684],[-26,-20,31612],[-42,-24,56507],[-37,-14,159899],[-31,5,31401],[-21,-5,52821],[-5,13,248294],[28,25,27664],[6,-1,27664],[54,35,62411],[33,17,28929],[8,-2,62411],[33,35,76676],[59,31,0]],[[70570,94237,0],[12,15,53546],[13,-11,31010],[21,-1,53546],[-2,-18,40209],[-20,17,40209],[-24,-2,0]],[[70497,93555,0],[-42,-43,0]],[[69676,93636,0],[-90,125,0]],[[69586,93761,0],[31,17,0],[62,11,156006],[4,-16,50934],[19,-2,33326],[26,-16,55897],[8,-20,96731],[31,-16,40338],[28,-1,314053],[20,14,34434],[4,17,82223],[-46,6,82223],[-3,19,36936],[-17,3,49770],[-6,35,70788],[-13,5,26211],[-6,15,26602],[-13,6,105873],[-36,1,39356],[-24,11,105873],[12,28,40771],[-7,15,335914],[22,9,38717],[30,-4,48149],[18,13,48149],[83,26,67336],[9,9,31943],[40,16,67336],[55,7,614526],[31,-26,59449],[30,1,59449],[35,-20,39613],[23,0,39613],[22,-16,261490],[3,-31,70340],[20,-19,30551],[21,-4,30551],[0,-11,72636],[24,-36,48943],[1,-28,39742],[15,-21,343366],[6,4,26454],[12,-19,26454],[22,-9,124514],[-1,9,26146],[17,21,48279],[25,10,42408],[10,20,387316],[-47,18,109657],[-7,33,78075],[-16,6,26632],[-20,17,47436],[-18,26,143961],[-55,20,92777],[-51,51,65434],[-35,16,305198],[22,7,28577],[9,12,49721],[29,-1,78713],[33,19,30461],[10,13,43580],[35,16,305198],[-13,0,30154],[-22,15,49163],[37,9,49163],[-56,2,94283],[-8,22,27794],[9,8,27794],[-10,12,232996],[-54,1,77451],[-32,-11,48584],[-81,-11,387316],[-8,6,44805],[13,44,102363],[-32,33,28743],[-11,18,289138],[12,21,55845],[48,24,74212],[50,7,74212],[-6,25,74212],[23,12,46577],[0,14,33692],[20,18,1546846],[-15,15,48767],[-44,9,190250],[-30,-19,60325],[-74,-24,36634],[-29,-14,89415],[-42,-11,30605],[-15,1,431725],[-27,18,66788],[27,11,45999],[-8,15,147621],[-53,8,85791],[-70,43,311441],[18,25,41947],[33,24,97845],[52,4,73340],[26,26,484715],[46,-10,36895],[-31,-7,29887],[-14,-10,29887],[36,12,36895],[34,-6,27207],[17,-8,200017],[72,5,48180],[25,-8,29658],[18,3,107903],[29,23,101212],[65,3,30395],[7,-5,26927],[32,3,331527],[17,-14,68946],[-38,-34,92680],[15,-15,29162],[10,-22,295832],[55,-5,56304],[29,-17,154555],[49,13,36685],[27,12,38851],[30,4,31583],[27,10,109433],[20,17,28198],[37,22,86349],[17,-13,73852],[-20,-9,38420],[-29,-30,613811],[10,-8,35260],[-7,-24,57702],[-23,-23,57702],[3,-31,94107],[21,-2,37668],[15,-17,94107],[-19,-21,34587],[-9,-23,302245],[20,-27,55272],[30,-5,107530],[60,16,193111],[25,-21,71170],[-4,-13,33844],[-25,-10,81172],[-1,-15,40691],[26,0,45802],[7,-24,1032028],[-28,-29,36472],[-19,-9,104279],[-18,-27,43986],[10,-10,67324],[-20,-34,31425],[-21,-23,156708],[7,-44,142117],[-16,-19,36391],[-20,-6,84295],[-47,8,51072],[-19,-9,428502],[-2,-18,37008],[23,0,30611],[-6,-9,38755],[15,-10,26210],[-7,-6,26856],[3,-27,74441],[32,20,50184],[-6,24,50184],[23,6,47551],[6,-21,50184],[-15,-21,32320],[-14,-2,74441],[0,-18,29391],[-14,-34,152642],[-17,-5,33204],[-30,8,152642],[7,-17,38791],[-14,-16,80875],[27,-23,44496],[26,-6,55162],[17,-22,80875],[-32,12,29238],[-13,-1,112225],[-28,-30,56802],[2,-26,749554],[22,-29,45674],[19,-5,45674],[46,-35,173278],[33,-2,70922],[56,-25,54176],[66,-16,0],[2,-2,0]],[[69494,94242,0],[36,25,111972],[27,-8,40045],[37,3,45903],[30,-10,111972],[-56,-12,63611],[-48,-1,28956],[-26,3,0]],[[69517,94006,0],[38,9,31327],[12,9,55138],[39,2,26980],[19,5,154059],[-28,16,37774],[-4,12,26509],[-18,11,179667],[72,21,91182],[-1,19,32192],[13,11,112019],[48,17,44321],[54,9,340273],[33,-11,51384],[47,-35,137858],[3,-17,52686],[-35,-19,340273],[-55,-11,39800],[-26,-12,36499],[-49,-10,68873],[-63,-28,59896],[-48,-8,158587],[-51,10,0]],[[69812,94639,0],[26,24,46311],[49,25,134048],[60,13,54255],[40,-3,223096],[26,-39,47303],[-1,-19,223096],[-49,-11,33044],[-51,-7,122362],[-19,5,38955],[-75,3,55441],[-6,9,0]],[[70847,94732,0],[7,9,0],[-27,14,0],[-7,1,0]],[[70820,94756,0],[1,1,0]],[[69283,89688,0],[1,0,0]],[[69281,89634,0],[-22,13,0]],[[69259,89647,0],[-1,9,0],[12,7,40008],[-22,16,64177],[31,-1,28237],[7,5,0],[-3,5,0]],[[68709,89843,0],[1,0,0]],[[68710,89843,0],[0,-7,0],[-11,-21,49825],[-4,-34,35287],[-15,-51,166829],[14,-24,41608],[1,-31,63709],[23,-23,278787],[24,9,39629],[50,33,78544],[37,3,226454],[20,-19,47116],[5,-30,120644],[-37,-61,739077],[32,-31,64251],[4,-12,32505],[-21,9,28797],[-4,11,32505],[-29,11,64251],[-25,-12,38154],[-29,0,115251],[-39,-25,35365],[-27,-25,40092],[-51,-33,151101],[-30,-7,42492],[-26,-20,69838],[-35,3,389999],[-17,-10,38795],[-14,-29,61941],[9,-16,117253],[-41,-2,36638],[3,-7,54538],[-32,-25,117253],[13,-14,50746],[-32,-12,50746],[-22,-26,39841],[-4,-20,109318],[-23,-22,36307],[-46,-29,257303],[39,-29,151521],[23,11,67381],[-7,17,35413],[5,26,106193],[33,21,44938],[22,0,0],[17,-12,0]],[[68463,89278,0],[3,-7,0]],[[70260,92529,0],[1,-1,0]],[[70159,92075,0],[-96,-23,0]],[[70063,92052,0],[-3,0,0],[-29,28,184563],[43,17,53663],[3,17,54243],[27,13,39928],[-1,13,39928],[26,27,121005],[47,15,102950],[14,12,33852],[-5,15,61819],[-21,6,33654],[-4,13,403673],[-32,-9,29090],[-42,-18,95244],[-56,-42,64635],[-69,-34,194243],[-49,-6,60846],[-20,15,645407],[16,26,45906],[26,62,28830],[0,14,27477],[14,27,332636],[71,54,58805],[100,87,100645],[-2,16,100645],[28,17,31518],[13,16,31518],[50,41,56764],[52,35,0]],[[69665,89597,0],[-8,0,0]],[[69557,89699,0],[-2,1,0]],[[69555,89700,0],[17,13,0],[16,-1,35142],[52,-23,43899],[26,13,43899],[56,4,26714],[15,-2,43899],[-47,-9,33246],[-27,1,43899],[-15,-11,43899],[27,-13,34238],[25,-2,96697],[9,-12,32708],[24,-4,32708],[30,-22,191009],[-24,-11,34032],[-36,-7,0],[-38,-17,0]],[[70078,90029,0],[-2,-2,0]],[[70076,90027,0],[-21,4,0],[-33,-9,57385],[-36,12,69038],[-49,-5,41234],[-49,3,49113],[-39,-7,125063],[-74,3,61716],[-13,12,257319],[-41,-15,31151],[-25,-14,31151],[-46,-18,434113],[-16,10,46532],[-43,-2,66090],[-92,31,139693],[-11,23,65570],[-28,10,26532],[-17,1,44365],[-9,12,0],[-26,12,0]],[[69408,90090,0],[6,3,0]],[[69678,89978,0],[23,12,34552],[14,-4,27732],[-15,-8,34552],[-22,0,0]],[[69371,91459,0],[13,-64,0]],[[69357,90994,0],[-2,-2,0]],[[69355,90992,0],[-7,3,0],[-33,18,85370],[47,3,61321],[7,19,133554],[-34,44,49201],[-32,27,344764],[13,7,39843],[76,15,129520],[97,-18,165522],[18,1,29290],[56,14,55750],[27,16,111817],[19,2,26519],[15,-6,26519],[45,-4,80127],[37,15,344764],[-38,18,47764],[-34,2,60699],[-19,18,204220],[-27,-6,34042],[-28,4,35368],[-34,-6,77354],[-88,0,29053],[-63,3,501705],[-81,19,51056],[-31,16,45543],[-48,10,188701],[-92,55,62375],[-38,32,736087],[-7,19,28314],[7,10,29460],[-7,32,100917],[-18,2,36907],[-25,19,47820],[-19,1,28093],[-28,10,100917],[-2,14,36725],[22,3,65151],[43,-13,148401],[21,8,42800],[-2,19,42800],[26,15,72077],[-13,14,428924],[61,-16,49090],[33,-1,42874],[53,-13,171828],[54,14,58211],[73,5,0],[14,4,0]],[[91118,90687,0],[-15,6,0],[-30,-5,62590],[-91,13,62590],[-118,3,175504],[-31,-13,60948],[-100,-16,80744],[-20,7,0]],[[93252,90280,0],[0,1,0]],[[93862,90409,0],[-22,-6,0],[-49,-27,60428],[-29,1,60428],[-53,-23,47898],[-35,-1,47898],[-22,-15,249715],[-80,-9,46668],[-20,4,42838],[-26,-16,88963],[-55,-3,30894],[-41,2,138346],[-41,-16,71859],[-56,-6,41309],[-10,-5,29223],[-56,-9,0],[-15,0,0]],[[91322,90616,0],[-40,-36,0]],[[91282,90580,0],[-51,16,0],[5,11,29816],[-11,16,86608],[-76,51,0],[-31,13,0]],[[87630,93347,0],[-11,-11,0]],[[87564,93496,0],[-6,54,0]],[[87558,93550,0],[18,4,0],[10,17,55761],[48,10,68820],[12,24,77040],[27,7,28328],[31,15,264855],[18,-13,38253],[25,1,73631],[0,-10,26759],[-18,-14,77630],[-2,-23,32511],[10,-10,32511],[4,-38,356405],[-6,-14,37739],[-31,-17,77657],[-50,-4,185770],[-18,-19,42820],[5,-19,42820],[-12,-31,29235],[-1,-17,87158],[-29,-29,0],[31,-23,0]],[[76184,93331,0],[-3,4,0]],[[76181,93335,0],[56,12,0],[50,8,46190],[89,4,403808],[11,-27,58881],[-3,-25,32839],[-11,-9,58881],[10,-35,143480],[39,-7,57825],[6,8,28718],[19,-6,28718],[40,7,87797],[15,28,87797],[15,-5,27814],[0,-12,47239],[33,-5,39809],[11,-13,87797],[-58,4,143480],[7,-6,32678],[-22,-18,60200],[7,-11,37862],[-32,1,37862],[-4,-12,30790],[-18,2,108076],[-17,17,59996],[-36,-12,172178],[-4,-27,48326],[16,8,31861],[6,-12,48326],[-25,-21,68197],[-28,-53,58820],[-3,-34,528332],[-45,-34,48428],[-11,-18,41202],[-40,-31,92452],[-21,-6,28124],[-6,-12,28124],[-18,-4,54281],[-45,-36,634178],[-5,-19,61532],[36,-33,95724],[33,-19,30123],[21,-6,247297],[12,9,30746],[24,1,77977],[39,-8,26737],[54,-7,83246],[27,-26,83246],[14,10,28162],[29,7,419162],[7,-39,67112],[-19,-37,67112],[7,-37,46147],[-9,-26,634178],[-28,-5,51846],[-1,-11,28452],[-16,3,28452],[-21,-19,89841],[-47,5,164181],[-17,43,151363],[-17,-1,27270],[-9,-11,29012],[-19,-1,44216],[-16,-15,95070],[-44,-5,55004],[-10,14,284118],[16,15,40405],[-5,19,40405],[17,24,50143],[22,5,29607],[9,12,50143],[-28,3,50143],[12,31,284118],[-16,7,31719],[-33,0,115058],[-20,-10,27814],[-25,-3,27814],[-49,-19,45571],[-21,-12,189724],[-10,-17,29624],[-37,-44,0],[-12,-19,0]],[[76344,92890,0],[12,3,29414],[-10,-19,29414],[-2,16,0]],[[76435,92935,0],[14,11,43856],[7,39,83850],[28,-7,68262],[-13,-35,83850],[-22,-10,30587],[-14,2,0]],[[76520,93325,0],[12,17,44332],[-10,23,68878],[24,23,44765],[5,25,119500],[49,31,157718],[22,-2,49639],[7,-15,26514],[-5,-11,87994],[-34,-14,31344],[-10,-11,87994],[1,-47,157718],[-18,-12,41920],[-43,-7,0]],[[76713,93448,0],[8,18,31906],[-7,14,37456],[11,16,118004],[38,8,59942],[28,-17,118004],[-1,-19,38806],[-19,-22,103044],[-32,-3,31588],[-26,5,0]],[[76725,92772,0],[13,12,41160],[-12,17,87211],[38,16,28420],[3,9,28420],[19,-3,117864],[4,-27,34020],[-6,-20,68961],[-25,-28,117864],[-34,24,0]],[[79351,97245,0],[-56,-49,0]],[[79064,97241,0],[-1,4,0]],[[79063,97245,0],[26,8,0],[47,-4,44139],[41,10,44139],[-11,-14,44139],[33,-6,187031],[-10,32,40459],[6,19,107974],[30,17,47540],[-4,19,47540],[28,5,107974],[3,-18,37431],[-13,-27,48779],[-24,-3,48779],[10,-22,107974],[20,7,30192],[25,-1,78478],[0,21,50905],[28,15,244686],[6,-17,37466],[22,-6,55340],[-12,-17,55340],[29,-18,0],[8,0,0]],[[92582,90414,0],[0,-1,0]],[[92582,90413,0],[-21,5,0],[-40,12,0]],[[92521,90430,0],[1,2,0]],[[65711,90820,0],[4,3,0]],[[65715,90823,0],[16,-4,0],[18,0,27716],[13,-8,30361],[33,-2,40855],[19,-9,36990],[12,11,59787],[18,-14,27901],[13,0,59787],[23,17,181583],[33,-51,150500],[12,-5,30188],[12,11,56616],[-3,25,46204],[18,9,102096],[5,37,38247],[-6,22,208749],[18,0,31136],[17,-12,53457],[43,-1,28085],[33,-4,135270],[24,12,65847],[60,-9,71795],[17,11,28016],[22,4,499405],[72,-47,76152],[33,-3,52561],[8,-10,27888],[25,-11,170440],[25,-3,34454],[24,-13,46566],[41,-2,63273],[23,-18,63273],[32,3,35039],[25,-7,183895],[36,-22,56091],[14,-25,40153],[27,-20,183895],[12,19,42679],[25,5,99326],[29,-17,29963],[34,-28,99326],[12,3,49300],[-6,19,32571],[-18,23,499405],[-31,11,34214],[-7,15,30454],[-15,2,84353],[-8,16,30687],[7,16,84353],[-18,8,31592],[-6,15,31592],[-35,26,230208],[-28,-3,41200],[1,14,41200],[-26,15,33303],[-19,2,27583],[-22,12,102496],[-1,21,31833],[-11,9,125408],[-29,3,34438],[-27,11,46018],[-46,3,124800],[-24,18,38442],[3,13,30557],[-14,9,499405],[-99,25,89045],[-55,-5,49943],[-1,7,27368],[-28,1,205008],[-37,-6,37349],[-47,2,37349],[-73,-7,68308],[-47,-10,0],[-31,5,0]],[[65884,90957,0],[49,45,0]],[[63562,92053,0],[13,39,47167],[0,44,59744],[13,15,87979],[3,58,46628],[5,14,35203],[8,67,87979],[11,15,47468],[2,42,35254],[8,20,357112],[-12,57,33883],[-8,14,33883],[-1,36,106259],[-31,28,63461],[2,25,32835],[-9,12,501201],[42,12,56948],[0,-6,30736],[38,0,226246],[19,18,60273],[-3,31,26497],[12,6,26497],[-9,9,65764],[21,6,31531],[-1,11,121561],[-30,20,57987],[3,29,52891],[-21,8,121561],[0,19,32247],[13,17,83577],[37,-24,0],[30,-33,43250],[-5,-9,43250],[30,-28,58812],[10,-35,58812],[25,-5,225714],[25,-20,26369],[6,-12,35488],[36,-28,77962],[33,-17,37507],[14,3,72560],[31,-21,42415],[2,-15,95249],[15,-8,27086],[44,-11,85536],[18,-28,40213],[22,-14,0],[8,-25,27750],[3,-32,120202],[-30,-85,47927],[-6,-33,288378],[-22,-31,31043],[-24,-45,31043],[-20,-28,163709],[-2,-24,27417],[-9,-32,33171],[3,-13,33171],[-13,-27,75802],[11,-12,166260],[-7,-25,29839],[-10,-5,29839],[-30,-51,39133],[-10,-10,67600],[-28,-64,890335],[-35,-36,39079],[-59,-52,53030],[-21,-27,200612],[-41,-6,28779],[-42,-11,98140],[-1,12,30978],[16,18,515367],[-3,15,33963],[-30,55,88977],[-58,56,88977],[13,19,196069],[-12,57,61183],[1,38,27263],[-3,43,0]],[[63668,91625,0],[13,12,26342],[17,5,76731],[-11,26,30117],[1,14,81457],[21,23,44156],[-23,14,44156],[17,7,40735],[24,-12,129291],[-8,-37,34604],[5,-16,70977],[-25,-55,129291],[-21,-1,42294],[-10,20,0]],[[64645,92253,0],[-1,-17,0]],[[64072,91562,0],[-125,-7,0]],[[63947,91555,0],[6,5,0],[-14,19,31809],[-16,3,64617],[20,18,64617],[-32,0,46331],[19,16,46331],[-18,25,147785],[15,11,41479],[39,4,147785],[4,13,28727],[-11,14,38509],[-17,4,30309],[0,12,61869],[25,12,61869],[-8,13,29872],[-21,9,127611],[10,35,38588],[17,25,799262],[19,-3,31123],[7,11,44136],[71,35,29201],[13,3,28268],[40,21,86006],[40,29,324190],[45,49,41330],[51,45,41330],[17,22,64453],[35,28,26550],[22,23,137904],[42,66,386128],[33,21,32698],[31,11,108478],[20,16,30332],[13,21,30332],[41,42,76820],[34,17,222580],[64,4,53865],[18,-9,0],[24,8,0]],[[63853,91620,0],[17,16,31516],[4,-9,31516],[-21,-7,0]],[[63868,91602,0],[13,19,31491],[16,5,60543],[18,-15,60543],[-17,-9,32888],[-30,0,0]],[[63875,91664,0],[15,20,55505],[13,-29,55505],[-12,-11,42920],[-16,20,0]],[[67176,92630,0],[26,86,0]],[[67202,92716,0],[26,-18,26833],[27,-14,293423],[-9,-30,39474],[9,-10,39474],[5,-63,55698],[-6,-30,174157],[14,-47,54328],[22,-15,54328],[-5,-27,54812],[20,-36,191174],[3,-57,98474],[-37,-79,98474],[-1,-37,28904],[-6,-26,81821],[22,-15,96561],[11,26,46836],[1,51,504127],[25,33,56850],[35,16,90120],[24,52,323830],[2,33,39960],[-11,16,51184],[5,37,51184],[-8,36,37686],[-3,53,62575],[7,26,60647],[-9,41,37335],[-10,13,504127],[23,24,31861],[26,8,27071],[-2,6,127960],[47,16,31989],[26,1,31989],[13,9,71546],[44,-1,671187],[31,-37,32285],[15,-11,59977],[-7,-20,39892],[14,-12,59977],[25,5,99258],[12,-13,37809],[-2,-20,27813],[8,-14,327954],[-12,-11,26679],[-17,-31,73522],[-4,-47,119568],[11,-9,27580],[11,-23,64283],[-12,-27,42966],[10,-12,119568],[-13,-21,37049],[-24,-13,671187],[19,-21,54094],[-2,-16,33103],[14,-32,104611],[19,-6,34561],[29,-21,156955],[-4,-26,42853],[-18,-16,95713],[2,-27,50394],[8,-14,27357],[16,-6,156955],[25,14,29602],[17,1,55195],[20,24,259389],[-7,48,64719],[14,13,48248],[0,39,259389],[21,1,37287],[0,-15,47618],[54,-12,90097],[32,8,29579],[23,-2,223799],[-10,12,32800],[23,-1,36164],[7,-17,36679],[37,-28,108915],[-14,-8,27286],[4,-11,71678],[27,-10,31843],[21,-16,71678],[-3,-24,657138],[-23,-7,28592],[-26,-16,51421],[-8,-17,38188],[-25,-12,122600],[17,-12,44772],[-5,-22,274800],[43,10,60640],[34,28,112307],[20,-6,31802],[42,-1,179607],[3,14,50158],[50,38,66394],[16,-5,66394],[15,22,30156],[28,29,154760],[27,-15,44762],[20,6,441303],[-7,-31,49624],[-25,-32,59564],[-5,-35,36278],[-12,-24,170396],[-26,-23,31858],[-30,-37,51570],[-28,-18,137305],[-13,-26,29489],[-21,-58,347360],[17,-9,35892],[20,7,71693],[15,31,71693],[22,12,31028],[19,21,58664],[54,22,441303],[7,-10,27173],[22,-9,65753],[-3,-33,106314],[32,-19,48711],[27,1,146576],[12,-16,42334],[-18,-11,52142],[15,-16,38231],[-1,-21,146576],[17,-6,32915],[29,-25,83742],[24,-47,29517],[10,-11,104610],[-13,-22,60017],[2,-17,29448],[13,-20,84134],[28,-5,1101405],[8,-27,35907],[-7,-16,37856],[9,-31,37856],[0,-37,192388],[-13,-28,64191],[-31,-21,32365],[-14,-2,75634],[-11,-31,0],[-15,7,31599],[-38,33,133764],[-35,-3,53846],[-16,-19,36644],[-19,-3,146880],[-25,10,28390],[-39,8,46644],[-54,23,91046],[-51,5,33032],[-34,7,62863],[-9,11,38210],[-38,7,453022],[-57,-12,40953],[-20,6,40953],[-19,-14,97259],[-12,9,33429],[17,5,26944],[-6,9,110190],[-40,-18,41556],[-14,4,44407],[-81,-12,136375],[-46,1,34457],[-37,-5,58707],[-39,8,63762],[-89,-6,482585],[-13,5,33748],[-67,4,85689],[-15,12,36947],[-41,12,60591],[-52,8,128293],[24,33,48740],[-8,11,128293],[-42,-18,42738],[-55,-12,128293],[-20,0,28428],[-30,10,63637],[-1,17,34347],[-16,7,63637],[-29,-14,68783],[-37,-4,39051],[-30,7,214450],[8,16,35545],[-6,24,78627],[-37,-23,78627],[-25,28,60849],[-38,7,214450],[-15,-12,43683],[-42,-8,111770],[-54,6,34624],[-66,1,880781],[-31,14,42415],[17,6,42415],[-16,19,40096],[-3,21,29856],[-12,19,289960],[-30,10,49523],[-30,-9,81744],[-53,11,34884],[-54,16,141760],[-31,19,31475],[-21,5,28765],[-24,15,71614],[-26,1,29887],[-23,9,0]],[[66444,91911,0],[0,2,0]],[[67667,92291,0],[6,37,53127],[19,5,106557],[12,-9,31066],[8,-24,51140],[-9,-10,36806],[11,-23,106557],[-18,-5,54397],[-19,13,27099],[-10,16,0]],[[68037,92282,0],[13,7,33411],[8,-16,33411],[-20,-3,31891],[-1,12,0]],[[66148,90343,0],[2,-2,0]],[[66150,90341,0],[-8,1,0],[-39,-15,35267],[-41,-8,65315],[-42,-24,177362],[20,-26,85862],[-8,-16,31517],[9,-8,30643],[-24,-2,30643],[-12,-13,285652],[-46,-15,32511],[-37,-17,120373],[-24,5,34451],[-9,13,52988],[-28,-3,216447],[-49,-30,40175],[-59,-29,59661],[-22,-24,43859],[-26,-10,551173],[17,-28,28905],[20,-21,59587],[1,-9,27573],[22,-44,51869],[23,-28,551173],[17,9,28564],[1,12,47757],[24,-1,87036],[8,18,41491],[41,46,184798],[51,27,55480],[27,29,55480],[108,69,103113],[56,31,30467],[34,15,652338],[89,-4,130777],[63,11,39470],[39,-1,39470],[16,9,93049],[39,-5,56385],[48,12,56385],[72,2,339289],[16,11,43225],[56,10,43843],[19,11,145672],[18,-4,31990],[39,6,84087],[112,23,64115],[23,1,30349],[65,10,145672],[68,15,33381],[36,15,27063],[14,1,33381],[85,20,229067],[37,-1,29098],[31,-6,0],[16,7,0]],[[69831,91918,0],[19,-14,0]],[[69230,91656,0],[14,30,102850],[9,5,26360],[55,11,67108],[12,14,30677],[25,11,232590],[41,8,40261],[34,-3,72172],[31,8,32082],[107,18,169006],[5,14,65238],[78,29,275961],[32,-6,37865],[38,-18,66325],[45,-7,31240],[21,-8,28367],[44,-7,199949],[7,22,47438],[-18,15,131948],[-79,32,29294],[-44,16,199949],[-5,12,29386],[5,27,56795],[19,16,159931],[72,-3,66255],[38,12,0],[15,14,0]],[[61803,91459,0],[-2,1,0]],[[61801,91460,0],[8,12,45265],[34,-5,82917],[7,24,29317],[13,18,82917],[6,-11,28962],[17,2,48698],[-3,25,48698],[12,14,29691],[13,-2,39934],[-2,22,39934],[18,-13,103897],[17,44,93189],[12,9,39977],[20,-15,54672],[-5,-20,27218],[8,-2,166847],[38,37,47264],[-6,6,27778],[28,2,82255],[18,33,32791],[18,5,31599],[0,13,143933],[21,4,39679],[8,18,53436],[21,-7,82946],[35,27,33938],[-14,7,33938],[18,7,28281],[14,-4,33938],[11,13,529439],[84,-49,243064],[33,9,32481],[1,9,32481],[28,6,135835],[9,13,41719],[-7,15,29797],[3,21,70731],[28,17,43416],[0,16,243064],[28,3,33510],[3,-9,34591],[35,1,155481],[40,15,30427],[3,8,30427],[27,1,46553],[6,9,51345],[47,14,36572],[12,-1,33177],[17,18,35150],[8,-6,31624],[22,13,0],[7,-3,0]],[[62620,91843,0],[-27,-60,0]],[[61744,91477,0],[10,28,34448],[9,-3,31313],[7,23,116560],[27,-2,73177],[0,-20,32402],[12,-26,116560],[-29,11,54990],[-36,-11,0]],[[65973,92353,0],[189,-36,0]],[[66444,91911,0],[-2,0,7366],[-3,11,32276],[-23,8,26632],[-7,10,61313],[-66,30,169446],[-43,12,31798],[-16,-1,31798],[-84,18,58940],[-5,6,28376],[-33,7,579081],[-19,29,31501],[-13,7,59984],[2,24,59984],[-10,20,26524],[-12,8,42839],[-15,37,167713],[-25,33,29413],[-21,19,72422],[-20,5,37766],[-13,16,26856],[-15,7,266076],[-21,53,49793],[4,21,49793],[-14,6,30131],[-9,18,108490],[14,17,36193],[-5,20,16875],[3,1,0]],[[66218,91712,0],[-1,0,0]],[[65939,91462,0],[-6,1,0]],[[65933,91463,0],[5,11,0],[-8,4,33675],[-4,35,61198],[12,35,175715],[30,-3,53869],[8,-13,30100],[24,-11,82629],[35,10,298796],[-61,60,132020],[19,24,79226],[-14,39,36252],[-10,8,250194],[17,14,26981],[18,25,86651],[0,18,33164],[-15,15,86651],[48,10,474609],[33,-9,55340],[21,-21,27139],[15,-8,142720],[33,3,26712],[11,6,54319],[25,-5,33549],[43,2,0]],[[65567,91949,0],[34,-37,0]],[[64645,92253,0],[2,1,0],[19,1,42468],[23,-21,49386],[21,-7,26408],[25,-1,49386],[30,-17,266236],[5,-43,76574],[-11,-9,42094],[-14,-49,90893],[12,-35,485889],[-35,-8,57891],[-30,-29,57891],[-15,-2,32472],[-26,-21,32472],[-39,-21,32288],[-37,-27,262944],[-24,-26,50937],[5,-13,37662],[-16,-22,98023],[13,-7,40361],[2,-32,276229],[20,10,33156],[12,19,33156],[37,27,84969],[40,8,164398],[39,24,34318],[4,9,34318],[45,36,37145],[6,12,37145],[31,15,101624],[31,42,69514],[32,9,36028],[25,18,66308],[5,20,276229],[50,16,28453],[26,2,28453],[15,8,202341],[22,-8,28981],[26,-17,80064],[42,-53,643419],[-7,-29,27942],[-12,-26,120056],[18,-24,56010],[-9,-29,56196],[12,-13,26940],[8,-22,181510],[-24,-31,47526],[-23,-53,220893],[-2,-28,42857],[10,-48,66841],[-13,-27,66841],[24,-30,107648],[-9,-70,41407],[8,-9,28359],[-6,-15,643419],[-44,-39,32309],[-15,-8,114663],[8,-7,27183],[-11,-12,50110],[30,-11,177305],[10,4,27659],[15,21,42174],[47,30,88440],[22,-2,40139],[28,15,265635],[-11,33,28411],[-8,39,100388],[6,27,38509],[-5,34,38509],[4,49,265635],[20,29,34938],[4,19,38101],[-13,18,38101],[-2,16,27240],[11,-2,38101],[8,-24,141159],[20,2,38394],[22,-15,58006],[22,0,28098],[16,7,214985],[-5,37,29683],[4,18,29683],[-7,22,138311],[8,13,37212],[32,13,37212],[13,16,643419],[18,-4,29475],[19,9,29475],[4,-8,29475],[39,-7,105073],[26,12,49361],[65,9,113817],[51,-5,31699],[23,-6,78389],[37,-29,78389],[9,8,27537],[2,22,0],[7,-2,0]],[[63568,91564,0],[-15,87,0]],[[63553,91651,0],[7,-1,0],[38,-22,86484],[29,-35,30854],[4,-12,47355],[37,-38,137626],[13,15,31362],[6,-11,31362],[29,10,88196],[13,-34,272735],[-4,-25,33107],[-16,-39,54026],[-23,-37,54026],[13,-7,272735],[42,14,27162],[43,18,124599],[34,3,51884],[28,-14,31106],[16,-1,526697],[14,-28,38798],[26,-30,160474],[-2,-44,86451],[26,-39,42397],[-4,-16,34797],[13,-14,89739],[4,-56,44665],[10,-46,808573],[32,-38,63084],[34,-3,59880],[16,-17,26781],[0,-9,129856],[28,-15,35648],[37,-8,42425],[15,8,42425],[18,-19,296481],[-3,-66,121397],[17,-21,32711],[-5,-14,32711],[15,-5,58227],[-6,-19,58227],[24,-63,205171],[53,-9,296481],[9,22,45470],[-8,36,88131],[-23,19,36863],[-8,21,88131],[22,29,88131],[-9,61,60616],[11,14,38424],[-3,28,481612],[-31,23,33855],[-7,14,33855],[-24,10,44903],[-27,30,44903],[-37,23,251603],[-4,32,43021],[11,16,106696],[-18,33,48220],[0,30,61570],[-22,29,481612],[1,9,28338],[22,14,34807],[-4,8,48025],[27,19,167748],[47,1,38831],[25,8,58701],[30,2,28992],[41,-4,124522],[17,26,735062],[-66,11,49335],[-46,-2,44284],[-53,8,273210],[-43,37,33438],[-12,16,79333],[-50,29,46049],[0,10,45706],[-48,28,0],[3,1,0]],[[63132,92181,0],[18,27,0]],[[63150,92208,0],[2,2,0],[2,-20,31104],[13,-15,133934],[-15,-44,26824],[-3,-18,44240],[-13,-18,63946],[-19,-81,174639],[14,-24,46566],[8,-53,693665],[34,-15,92165],[17,-33,40823],[17,-9,40823],[40,-48,97348],[31,-12,31539],[14,1,97348],[2,-48,97348],[12,-14,37015],[34,-15,286398],[43,15,70771],[23,-12,30526],[19,-1,185330],[40,-28,53044],[40,-47,48688],[26,-16,0],[22,-4,0]],[[63175,92234,0],[2,11,30281],[26,27,30281],[-1,6,27640],[22,26,71052],[0,-21,51212],[-31,-46,71052],[-18,-3,0]],[[62620,91843,0],[5,-2,0],[24,-45,42784],[1,-22,42784],[10,-19,26327],[10,-5,79492],[16,-40,39865],[2,-28,284223],[-10,-47,65605],[-18,-18,38294],[0,-20,38294],[-18,-39,30668],[-9,-31,610492],[11,-47,105402],[30,-43,60462],[43,-35,240673],[36,-5,89801],[40,-35,27479],[15,-18,27479],[15,-8,136124],[-11,-13,35891],[0,-26,136124],[36,-5,71600],[15,-10,29685],[21,-28,100525],[29,16,351288],[-11,18,40881],[-39,35,42579],[-13,22,159453],[63,18,197121],[-17,41,100809],[-79,54,421868],[7,37,33913],[-2,25,70258],[7,22,26429],[15,27,137119],[46,27,95523],[12,53,923998],[1,58,50527],[-9,52,50527],[8,11,40952],[-10,20,34286],[5,19,121993],[-19,26,96047],[1,27,28232],[-5,37,41305],[6,16,41305],[-18,7,29994],[13,7,29994],[-5,30,208615],[-21,22,37209],[-6,23,37209],[-17,13,76834],[1,28,190070],[14,22,33219],[27,23,47105],[-2,10,32684],[20,23,716927],[28,-1,74025],[41,26,34443],[13,15,129296],[37,-3,29252],[15,5,29252],[19,-6,116704],[31,16,29575],[24,7,42476],[9,14,42476],[29,1,0],[18,11,0]],[[65884,90957,0],[-4,0,0],[-12,17,58341],[-41,-9,122111],[-20,16,56358],[-5,17,29504],[13,10,29504],[-7,9,68515],[-29,4,43616],[2,15,290257],[26,9,31849],[32,2,141180],[9,26,38952],[17,9,50650],[-22,25,50650],[6,13,36694],[18,-13,67050],[31,30,290257],[9,23,36008],[-10,7,54457],[21,42,58008],[12,8,26774],[-6,9,26774],[4,35,34453],[-5,14,34453],[15,16,41649],[0,39,41649],[11,25,202415],[-8,12,30753],[8,16,30753],[-8,14,30753],[-12,58,0],[4,8,0]],[[62353,92124,0],[26,22,32436],[1,-8,32436],[65,33,165133],[10,-10,39345],[30,7,56248],[45,-22,268876],[2,-21,33262],[-10,-20,46965],[10,-38,42702],[-8,-15,268876],[-16,-5,27130],[-69,-10,91620],[-35,3,36780],[-13,11,206654],[7,28,59394],[-26,7,59394],[20,11,38267],[-25,3,38267],[-14,24,0]],[[62493,92442,0],[41,48,49480],[11,26,135181],[30,2,59829],[3,10,28163],[23,10,34743],[7,-7,34743],[19,20,243226],[0,23,42624],[-18,4,55536],[-3,21,26550],[8,14,26550],[-7,8,100126],[8,39,31163],[9,18,179187],[28,16,40831],[29,2,0],[19,-47,88019],[-8,-49,72124],[2,-36,40103],[12,-31,155224],[29,-23,39770],[12,-22,210953],[-4,-36,73348],[-40,-59,210953],[-2,-15,36550],[16,-22,104735],[27,-4,35965],[24,8,63051],[21,-16,0],[-17,-39,70105],[-26,-22,28428],[-16,-6,140925],[-32,3,55444],[-43,-18,119278],[-4,-18,30463],[-15,-18,63621],[-35,-18,504639],[-22,18,43993],[3,18,83719],[44,20,83719],[-13,7,42360],[-56,-1,179986],[-14,7,32737],[17,9,35159],[14,26,30068],[10,3,30068],[3,22,72846],[28,23,292884],[-30,8,50430],[6,10,29644],[-14,11,77723],[-49,0,123630],[-11,9,39652],[29,10,52132],[-15,8,33090],[3,16,89321],[-28,0,35496],[-13,10,0]],[[65567,91949,0],[16,-3,0],[19,-11,34399],[30,-5,34399],[28,-14,65309],[20,9,65309],[12,-21,37788],[24,-13,100419],[17,14,54942],[45,-5,100419],[26,-34,1017653],[-8,-21,35086],[-33,-49,74646],[-2,-11,30463],[-21,-5,39410],[-22,-31,322110],[8,-23,68802],[-8,-15,29175],[7,-8,27550],[-12,-11,27550],[-2,-17,50978],[-13,-2,68802],[0,-53,110461],[26,2,102856],[-3,-42,28495],[4,-6,65270],[-26,-24,57218],[7,-23,211886],[-25,6,37212],[-22,-8,139277],[-39,-34,57640],[-43,-12,57640],[3,-17,75252],[-19,-10,31378],[-25,-2,75252],[1,-16,30416],[14,-9,211886],[39,11,46198],[33,23,106824],[64,13,61110],[15,9,37595],[8,-17,322110],[-4,-23,31992],[6,-22,43804],[-10,-12,54161],[1,-40,27362],[-10,-14,27362],[10,-2,27362],[-2,-40,210428],[-15,-30,31594],[7,-2,33461],[-17,-33,39226],[-6,-28,102554],[-14,-14,30239],[-30,-41,236808],[9,-12,28809],[-4,-17,57298],[-22,-26,61481],[7,-28,76545],[-26,-72,161231],[-41,-36,127410],[5,-17,44570],[30,-11,99674],[29,25,61656],[28,-6,161231],[3,-36,89122],[-47,-41,236808],[-38,-17,41524],[-45,-11,71605],[-37,-27,219748],[3,-14,44953],[33,-2,76490],[8,-15,30630],[-6,-16,53252],[23,-17,854589],[33,9,34377],[32,1,98112],[27,22,60418],[45,20,32825],[29,7,0],[11,-3,0]],[[67679,92853,0],[9,-4,0]],[[69868,92741,0],[3,-1,0]],[[69871,92740,0],[-6,-3,27965],[31,-17,72912],[0,-26,40566],[14,-33,197629],[24,-10,26925],[25,-2,26925],[9,-8,38159],[49,-11,49594],[29,-13,508622],[-2,-21,43921],[-12,-10,29421],[-14,-29,104527],[-70,-58,209832],[-45,-10,71794],[-24,15,30861],[-22,4,71794],[-26,-15,209832],[7,-28,45103],[22,-18,71277],[-1,-39,684925],[-36,-24,71935],[-77,-17,134212],[-22,11,35267],[-19,-2,27598],[-18,7,134212],[-32,-17,56286],[-27,-7,31565],[-21,4,56286],[-124,-29,675118],[-17,3,32260],[-19,16,68575],[-27,-1,28682],[-16,7,28682],[-14,-6,179069],[-26,6,39540],[-11,17,72550],[-5,-30,72550],[61,-9,47130],[-16,-6,72550],[-27,-30,29339],[-12,-20,179069],[20,-10,68767],[22,6,31604],[9,-8,31604],[39,1,50045],[34,7,196737],[24,-1,27938],[28,-9,67521],[-10,-18,67521],[87,-51,166131],[2,-37,39762],[12,-6,27108],[-1,-13,358635],[-16,-8,28018],[-24,-22,31841],[-26,-14,65051],[-10,-18,31021],[-22,-18,1261585],[-34,-7,49258],[-30,-23,69230],[-72,-16,102185],[-30,-28,136751],[-51,22,67258],[-25,2,29387],[-9,-7,136751],[10,-33,42548],[-7,-19,140687],[-36,-17,44391],[-54,-12,47514],[-19,-14,35786],[-25,-1,35786],[-43,-20,54837],[-31,5,54837],[-12,-19,267415],[-41,-17,45877],[-29,0,45877],[-5,-12,35075],[-23,4,35075],[-34,-9,68079],[-28,7,50282],[-27,-14,3014467],[-41,8,43875],[-34,17,92375],[-4,19,39715],[-22,15,132596],[-65,-2,196814],[-18,18,29996],[-18,6,62013],[-22,29,31483],[1,10,128573],[-29,9,38281],[-24,-5,89954],[-23,17,32292],[-9,18,32292],[-16,5,546329],[16,17,35790],[-4,13,40443],[19,17,123754],[-20,20,29349],[-29,19,140543],[5,21,59488],[38,-4,81277],[-8,19,32538],[7,15,249257],[-30,28,60393],[-2,22,49336],[-26,16,49336],[-27,32,28541],[-1,8,706813],[42,8,80729],[13,11,26657],[11,23,26657],[11,8,127089],[4,20,46772],[-21,17,151319],[12,20,53102],[19,5,27057],[13,-5,57186],[16,25,57186],[22,7,30388],[28,18,266404],[12,19,27764],[25,25,67919],[-7,14,45085],[19,28,116646],[-25,14,73978],[20,23,40329],[-1,17,159623],[10,0,26521],[22,17,51820],[4,15,31733],[22,19,494608],[-10,14,57503],[26,42,57503],[-3,27,54836],[10,42,29115],[10,21,132480],[-7,95,561829],[-15,3,39347],[-3,-23,77986],[-26,-68,43282],[-12,-15,43282],[-10,-49,87088],[-24,-17,76637],[-15,-24,31471],[2,-12,31471],[-16,-42,175634],[-16,-20,32640],[-25,-15,48155],[-32,-41,91451],[3,-23,38411],[-14,-14,382398],[-51,-21,78025],[-11,-15,44952],[-61,-41,162079],[19,-17,108913],[-13,-8,26517],[-42,-39,27278],[-22,-14,27278],[-5,-11,561829],[-20,-11,41700],[-27,6,64889],[-9,20,64889],[-34,13,35180],[-31,3,61490],[-19,18,148802],[23,16,42985],[5,22,148802],[-12,44,59679],[-20,27,32632],[-14,31,93833],[-18,-6,148802],[-5,-26,38482],[6,-36,38482],[-2,-57,168336],[-35,-8,27729],[-21,7,27729],[8,-11,30948],[-19,-1,339063],[-22,20,39046],[13,4,39046],[-13,26,96196],[-48,12,96196],[-14,16,33420],[-22,7,38728],[-16,20,65448],[-62,31,40601],[-18,15,792429],[-8,28,37535],[-20,30,139879],[27,10,56532],[-9,16,29540],[17,0,28726],[-10,11,60515],[8,9,26925],[22,3,140167],[-1,21,42861],[-14,10,35347],[6,16,35347],[-13,34,470440],[-39,9,34412],[-26,-1,54730],[-5,11,54730],[-40,5,32123],[-48,12,257968],[-2,8,27773],[-22,4,47337],[-3,13,28185],[-14,4,28185],[-21,24,87637],[10,26,48126],[-21,1,50329],[-6,11,25971],[-38,33,25971],[6,-1,0]],[[69665,89597,0],[-2,-1,0],[7,-4,41679],[-40,-34,53790],[-6,-27,0],[3,-3,0]],[[69627,89528,0],[-13,-7,0]],[[68945,90923,0],[60,9,40793],[39,12,145129],[23,-8,70969],[92,3,58250],[59,-6,292161],[43,-13,33345],[24,-13,43502],[38,-8,79802],[3,-17,32578],[14,3,32578],[34,-17,0],[-14,-8,41450],[-21,2,27880],[-9,9,41956],[-41,-6,50919],[-44,6,83781],[-29,-16,50085],[-28,5,237614],[-25,-17,47342],[17,-10,47342],[4,-41,39025],[-8,-9,209050],[-58,0,30500],[-25,-4,49183],[-47,5,0],[-25,16,32150],[-39,15,57951],[-24,23,173106],[4,17,33321],[-10,21,51897],[12,25,76704],[-12,6,26781],[-7,16,0]],[[69389,90832,0],[22,13,44490],[28,-4,44490],[-26,-13,41925],[-24,4,0]],[[67094,90489,0],[0,-1,0]],[[67094,90488,0],[-33,2,0],[-46,7,123691],[-12,-5,35721],[-18,-31,35721],[-31,-30,123691],[-20,-10,41102],[-79,-20,471510],[-40,-2,31532],[-53,-9,54674],[-111,-5,245246],[-44,3,41073],[-78,14,65736],[-68,-1,45613],[-34,7,116280],[-6,13,30753],[13,8,55444],[-28,16,116280],[-30,-10,32710],[-45,-7,471510],[-75,-43,56340],[-9,-11,32448],[-42,-27,105150],[-42,-7,0],[-13,1,0]],[[70426,89693,0],[-360,144,0]],[[70066,89837,0],[25,9,0],[52,-3,139840],[27,32,58734],[2,31,117047],[57,18,330964],[9,20,55843],[24,-1,33485],[-28,12,33485],[-15,23,168789],[-63,43,42070],[-22,8,107602],[-45,-4,0],[-13,2,0]],[[69126,89531,0],[2,-2,0]],[[69065,89514,0],[-3,4,0]],[[69062,89518,0],[4,2,0],[51,6,0],[9,5,0]],[[66218,91712,0],[11,-7,49750],[21,2,28142],[55,-2,84714],[26,-11,36051],[27,1,43854],[54,-19,185818],[19,-39,116263],[30,-9,61482],[46,14,116263],[67,-20,60974],[14,-17,37474],[25,-7,244258],[2,-25,42168],[-14,-22,42168],[-4,-28,35496],[-10,-5,32823],[-5,-28,244258],[32,-14,126921],[10,4,28398],[23,28,73138],[77,36,244258],[26,1,56801],[53,-25,56801],[10,-1,30178],[80,-23,50314],[11,-11,37268],[39,-9,867342],[-13,-28,33867],[-30,-44,104439],[-60,-31,104439],[-25,-30,61144],[14,-18,308779],[64,33,107174],[25,3,37915],[40,-10,213607],[27,14,67264],[42,61,75761],[20,17,27698],[24,11,308779],[31,-8,34681],[45,-3,62603],[13,4,29675],[53,-1,62603],[50,-11,120702],[36,-25,59398],[22,-1,34782],[31,-14,120702],[29,2,42269],[19,14,204859],[28,-11,30933],[26,-2,30933],[37,-12,82053],[34,-3,28756],[24,3,111494],[3,-8,36727],[42,-4,41133],[28,-15,39535],[43,-12,461059],[18,4,43328],[33,-6,27967],[36,-2,62400],[21,10,62400],[86,6,28473],[17,-5,28473],[21,5,167046],[125,-10,44729],[11,-10,43849],[42,2,2915484],[20,-14,38827],[32,-5,61503],[3,-13,38716],[28,-6,38716],[37,-22,253158],[0,-11,28794],[16,-19,28794],[10,-26,100354],[-1,-50,34496],[-6,-25,949041],[-25,-27,43656],[4,-13,58523],[-30,-20,58523],[-51,-64,75838],[-2,-16,28325],[10,-10,69277],[-18,-6,29840],[-24,3,170038],[-22,35,102396],[-41,8,53619],[-27,-10,170038],[11,-17,32934],[-6,-14,55077],[11,-26,32889],[24,-23,32478],[-3,-7,170038],[-74,-36,52812],[-45,-31,166470],[4,-10,40121],[-17,-50,391286],[-19,-21,36793],[-30,-16,32003],[-15,-16,106631],[-38,-14,40425],[-10,-14,40425],[-31,-9,51848],[-26,-27,51848],[-30,-6,233494],[-28,17,81495],[-53,-10,51073],[-3,-11,113012],[73,-23,80364],[36,9,61566],[42,-14,233494],[-54,-24,38446],[-14,0,38446],[-30,-25,38446],[-26,-6,33947],[-16,-14,86214],[-66,-21,1154452],[-41,-5,39229],[-89,-4,190545],[-47,-8,49228],[-93,-29,105357],[-26,-17,40156],[-65,-26,207507],[-41,-3,47706],[-49,8,0],[-10,1,0]],[[68305,90558,0],[-5,-1,0]],[[67156,90388,0],[5,2,0],[26,-3,71100],[87,35,124216],[35,18,34997],[22,19,65577],[27,13,27461],[28,8,27058],[26,13,302276],[21,-7,56764],[30,1,28648],[47,8,143500],[55,15,32602],[38,6,32986],[25,10,29883],[24,2,29883],[54,14,60447],[44,6,691408],[40,20,30561],[37,13,62399],[88,48,236859],[23,27,30655],[9,20,139778],[39,18,27764],[67,35,45411],[35,14,139778],[33,26,27991],[20,21,51205],[2,13,99155],[67,39,39803],[25,20,1252237],[34,1,57182],[32,-18,44081],[29,-2,105254],[20,-30,231264],[-17,-8,26647],[-26,-22,80904],[-20,-49,231264],[14,-18,38403],[-2,-17,28957],[9,-16,66330],[-12,-21,101808],[20,-16,35676],[20,-32,159760],[-24,-1,34505],[-12,-11,81819],[8,-40,0],[-3,-4,0]],[[67712,90625,0],[7,10,26731],[17,2,26731],[-24,-12,0]],[[68344,90871,0],[8,14,41892],[23,-10,78922],[24,-43,78922],[-35,9,63418],[-19,14,34798],[-1,16,0]],[[68305,90558,0],[-12,-14,0],[8,-20,63585],[-8,-49,35612],[4,-15,33939],[-15,-13,63585],[4,-30,35245],[-5,-37,203622],[19,-30,26771],[7,-2,26771],[13,-25,94012],[-3,-11,27136],[12,-17,38407],[1,-40,328798],[-19,-12,28609],[-24,-5,66994],[9,-20,66994],[-33,-28,54548],[-10,-29,199639],[-21,-3,32337],[-9,10,34013],[-41,0,175116],[-17,-16,44164],[11,-16,75264],[39,-7,75264],[25,-14,37742],[-4,-11,37742],[26,-20,55877],[-21,-7,47357],[28,-15,973345],[34,-2,34272],[37,-9,159691],[56,-71,49777],[22,-6,40913],[5,-19,411533],[20,-2,37514],[22,12,45533],[48,1,197605],[-10,18,67198],[27,19,50639],[7,26,123356],[31,13,49620],[7,13,33001],[-17,10,33001],[14,6,43081],[13,-12,43081],[24,17,560942],[8,-18,29012],[12,-4,49133],[-4,-24,49133],[14,-18,26537],[12,-26,45715],[0,-18,91024],[28,-36,58933],[9,-46,53747],[18,-16,0],[4,-27,0]],[[69189,89616,0],[-1,-1,0]],[[69188,89615,0],[-1,1,0],[11,7,32959],[29,-7,61536],[22,9,28148],[10,12,0],[0,10,0]],[[69831,91918,0],[10,9,0],[48,10,52470],[42,-4,75477],[5,16,75477],[45,-5,47867],[29,-16,137783],[79,-7,61723],[41,-6,29667],[16,-8,28456],[34,-5,102667],[50,4,34766],[33,-2,498472],[20,21,37536],[-2,14,139249],[94,14,69137],[39,-6,152135],[75,28,88931],[8,16,36921],[33,24,294888],[-7,16,43882],[-20,-17,43882],[-48,6,134526],[-62,-14,37268],[-28,-11,72445],[-40,-4,34170],[-17,-6,27588],[-45,-6,294888],[-16,8,40405],[20,13,130038],[-45,8,30344],[-42,11,64836],[-46,19,31699],[-39,10,0],[-32,4,0]],[[69757,89586,0],[2,3,0]],[[69759,89589,0],[3,-1,0],[33,10,28261],[22,0,126288],[4,-12,39785],[19,23,36144],[-2,14,46416],[36,30,30579],[3,9,30579],[30,19,217201],[65,27,112844],[36,-10,46455],[-16,-12,46455],[22,-34,44065],[6,16,40330],[-16,19,44065],[36,5,407648],[22,19,56684],[37,64,168827],[-7,27,49394],[-19,12,37733],[-9,22,0],[2,1,0]],[[69817,89639,0],[14,17,34152],[-2,16,51332],[21,7,70663],[2,-32,70663],[-18,-19,48985],[-17,11,0]],[[69371,91459,0],[43,13,0],[26,15,50915],[68,18,200737],[173,0,71717],[38,-9,40036],[33,2,71717],[18,19,45520],[9,-17,45520],[25,9,349265],[-8,13,30319],[5,18,34642],[-10,11,58021],[14,17,165499],[28,6,35201],[29,-4,43397],[19,8,35788],[37,1,80603],[-6,12,0],[9,3,0]],[[69921,91594,0],[28,11,0],[44,-9,66896],[102,2,67213],[54,-9,156497],[23,14,51549],[-8,22,156497],[-32,-3,41060],[-63,3,28321],[-16,3,76037],[-46,-10,156497],[-41,4,41845],[-19,12,83733],[17,20,28246],[-6,4,313503],[-66,-3,42232],[-25,-7,107361],[-28,8,34327],[-36,1,51145],[-25,12,107361],[-38,-5,30827],[-6,-7,72458],[39,-16,107361],[-8,-13,31747],[-14,5,41237],[-59,-4,75488],[-21,13,190202],[-38,1,35365],[-5,-7,53948],[-74,-25,36360],[-30,-6,313503],[-58,5,32832],[-28,-2,66611],[-25,13,114257],[-25,-1,37625],[-65,-14,114257],[-21,17,38297],[-31,8,0],[-41,25,0]],[[69428,89718,0],[6,-3,0],[12,-14,42280],[-5,-29,146028],[53,-13,50133],[34,3,118684],[22,34,0],[5,4,0]],[[69627,89528,0],[8,-11,0],[2,29,0],[10,11,0]],[[69647,89557,0],[1,0,0]],[[69647,89557,0],[37,37,0],[16,7,29282],[26,0,0],[33,-12,0]],[[69408,90090,0],[-5,2,0],[-18,-5,30904],[-25,6,66449],[-20,24,66449],[-23,11,32900],[-26,1,36726],[-25,13,36726],[-29,4,46000],[1,11,40896],[-34,3,385323],[-18,24,58501],[-39,9,82530],[-3,23,45520],[-23,19,124674],[-35,6,48991],[-8,12,37295],[-36,12,193621],[-11,21,26596],[-15,16,51448],[-22,7,94429],[12,12,33772],[-1,20,211895],[-34,16,37622],[-25,19,27505],[-11,2,27505],[-48,26,100297],[-4,13,34796],[-25,14,40718],[-1,14,68718],[-24,4,28529],[-14,11,1498788],[7,17,40045],[24,8,43335],[4,16,175751],[25,-2,31125],[23,7,38568],[22,-5,86148],[54,16,57262],[64,6,175751],[53,35,35571],[10,12,145858],[41,6,43862],[21,13,65654],[37,-2,44071],[40,10,487021],[14,-13,44383],[41,-3,94019],[31,14,50085],[17,-11,50085],[22,0,26998],[25,6,106814],[20,-14,55053],[58,-6,122780],[27,9,51959],[-2,22,122780],[22,5,41130],[30,-12,81450],[25,-32,487021],[20,1,52321],[14,19,32226],[25,16,116108],[-3,16,50341],[27,51,147362],[19,9,35614],[34,1,80040],[9,16,29743],[22,17,1226738],[-10,5,29686],[-46,4,106130],[-13,12,45842],[17,21,53188],[43,-12,29603],[14,1,53188],[-54,27,50680],[-19,-1,119058],[-50,29,28309],[-41,20,37517],[-35,23,63920],[-31,10,224845],[-25,29,50563],[-1,23,125576],[-40,20,65076],[-20,33,65076],[-29,12,36579],[-22,19,0],[-24,9,0]],[[69079,90084,0],[33,6,31162],[-16,-10,31162],[-17,4,0]],[[69138,90048,0],[41,8,43077],[-18,-14,43077],[-23,6,0]],[[69321,89762,0],[0,-1,0]],[[69283,89688,0],[-21,31,0],[2,18,48059],[32,24,0],[25,1,0]],[[69126,89531,0],[7,2,0],[4,17,67086],[38,11,31227],[32,15,81431],[11,14,33340],[-14,5,0],[-16,20,0]],[[68945,89490,0],[0,1,0]],[[68945,89491,0],[14,1,0],[23,-21,67366],[21,-4,29651],[28,4,97580],[2,29,0],[29,18,0]],[[68463,89278,0],[36,34,26855],[10,5,52354],[20,30,40299],[28,23,94427],[-6,15,253958],[41,11,51169],[27,21,51169],[45,25,35482],[21,5,126369],[49,-4,320052],[2,-13,28588],[-8,-52,119052],[-20,-9,46539],[-12,19,74058],[-19,-32,208622],[7,-9,38957],[58,-24,82049],[32,7,320052],[11,21,33062],[0,21,30856],[10,18,155969],[21,12,33844],[17,21,33844],[21,13,28981],[24,24,55728],[21,10,28787],[24,21,0],[22,0,0]],[[69321,89762,0],[7,0,0],[22,-4,57379],[38,25,69821],[18,4,29809],[25,-7,128730],[19,-40,99342],[-24,8,32192],[-27,-2,46279],[-5,-9,0],[34,-19,0]],[[88239,94851,0],[165,-102,0]],[[88030,93445,0],[19,-7,0],[15,-28,58621],[-4,-46,140916],[-16,-10,31756],[-17,-28,81702],[-15,-65,367010],[3,-18,33317],[18,-19,81881],[39,-17,30892],[18,-12,89282],[23,-43,70269],[35,-8,54170],[-32,-1,31267],[34,-6,31267],[4,-13,81616],[15,4,28767],[36,-4,81616],[-27,-12,48009],[4,-19,367010],[28,8,28117],[9,9,28117],[41,16,169220],[-22,34,27049],[5,11,27049],[-16,0,105910],[21,16,37206],[9,22,271824],[-9,16,28023],[-32,35,73012],[-14,6,30704],[-37,29,527639],[22,24,38317],[35,24,138668],[9,23,31003],[4,37,38109],[15,40,209771],[26,21,33651],[16,4,41077],[68,30,164669],[26,27,66519],[-4,27,38461],[11,20,527639],[-24,-8,33429],[-16,5,33429],[-29,0,26309],[-32,-5,71909],[-46,-16,179499],[-15,1,31168],[-67,17,52530],[-39,-1,40429],[-32,9,527639],[-8,30,41644],[-29,61,137044],[-50,24,97214],[-17,25,29516],[-16,35,261333],[-47,29,63022],[-36,14,27076],[-28,6,63022],[-29,23,1273627],[30,10,52940],[24,30,184877],[-1,44,39679],[8,13,44349],[22,109,184877],[35,48,47239],[53,87,322201],[31,25,49842],[46,17,49842],[26,22,712636],[-2,23,30418],[-11,14,89870],[16,9,31128],[23,26,90458],[-7,54,90458],[7,39,34395],[12,21,57228],[-10,32,49907],[15,12,49907],[10,32,26769],[4,28,273945],[20,33,31995],[22,23,61901],[17,44,48233],[28,39,379540],[-13,89,92974],[19,34,92974],[-1,33,48497],[-20,21,43213],[3,19,0]],[[87986,93505,0],[-2,1,0]],[[87984,93506,0],[-1,0,0]],[[87983,93506,0],[-9,73,0],[12,-74,0]],[[88183,93099,0],[5,10,31032],[32,16,45895],[-13,-21,45895],[-24,-5,0]],[[88483,90999,0],[14,0,0]],[[88497,90999,0],[-3,-3,0],[33,13,34530],[-1,10,34530],[25,0,36129],[41,11,91857],[15,-15,129496],[57,1,45120],[19,15,45120],[15,-13,45120],[23,4,29856],[58,1,70623],[46,-4,136672],[50,10,39693],[50,2,39693],[21,9,0],[69,-4,0]],[[88511,91018,0],[-1,0,0]],[[88505,91021,0],[-1,1,0]],[[88504,91022,0],[7,-4,0]],[[90850,92529,0],[3,0,0]],[[90713,90682,0],[-8,3,27741],[-61,41,107918],[-39,12,41860],[-47,5,107918],[-23,15,35266],[-72,34,45934],[-25,8,473276],[-46,-10,49176],[-42,3,129243],[-13,-16,27851],[-3,-18,85294],[-36,-6,33072],[-22,-10,205179],[-48,4,32675],[-36,9,114676],[-102,-20,436097],[-16,10,26661],[-15,21,33777],[10,7,33777],[-21,11,128383],[-57,13,69571],[-44,21,30913],[-14,12,0],[-112,22,0]],[[89821,90853,0],[0,4,0]],[[88688,91135,0],[1,-1,0]],[[88689,91134,0],[-19,-3,0],[-5,7,52517],[-44,-6,32399],[-51,0,104184],[-58,-16,46193],[-59,-8,289676],[-24,-23,90581],[25,11,31922],[5,-8,36184],[51,-3,126668],[-34,-24,89076],[27,-21,45615],[-3,-16,0],[4,-2,0]],[[88511,91018,0],[4,-2,0],[-18,-17,0]],[[93888,87843,0],[6,-3,0]],[[93908,87833,0],[1,-1,0]],[[93909,87832,0],[-10,-40,0],[1,-9,0]],[[93797,87848,0],[-1,3,0]],[[93796,87851,0],[5,-1,0],[20,6,34494],[32,-5,54174],[23,-13,0],[12,5,0]],[[88742,90591,0],[-4,-2,0]],[[89015,91036,0],[27,-2,0],[17,11,44113],[47,2,126625],[12,-10,34916],[31,-3,77327],[9,-14,26380],[0,-20,395675],[-19,-1,29651],[-2,-10,29651],[-31,-20,48954],[-16,-31,43937],[-12,3,49818],[-59,-35,156252],[-15,-2,32560],[-34,-19,32560],[-42,-16,64944],[-43,-7,156252],[-12,-19,53038],[-28,-15,38451],[-21,-25,30439],[-15,-7,505785],[-66,-11,60558],[-49,-20,60558],[-131,-30,137033],[-35,7,42522],[-32,-6,505785],[-11,-22,60408],[12,-54,282029],[15,3,28317],[21,-7,31315],[20,4,90945],[23,-19,42969],[17,6,42969],[11,-21,90945],[28,-10,30153],[18,1,40048],[33,-14,53407],[26,4,41214],[27,-12,0],[6,-4,0]],[[89046,90808,0],[5,6,27870],[26,-5,27870],[61,3,35893],[5,6,27878],[18,-11,35893],[26,6,132195],[-11,13,81124],[14,6,29866],[24,-3,42877],[9,12,42877],[40,3,33985],[14,7,131776],[62,-18,69333],[14,-8,32227],[-12,-10,131776],[-123,7,131776],[-5,-25,103928],[-31,-9,43722],[-71,-6,132195],[-21,10,30651],[-24,0,47717],[-20,16,0]],[[89182,90416,0],[-216,-70,0]],[[88742,90591,0],[27,-16,0],[1,-25,30164],[-12,-4,26765],[21,-6,194446],[21,3,34840],[41,-8,45470],[-7,8,64032],[55,11,35934],[-1,5,41588],[56,8,156488],[8,19,43637],[21,-4,30032],[12,7,43637],[-21,11,70447],[41,11,252611],[53,-6,36362],[-16,-10,34511],[26,-2,36362],[17,10,41389],[22,-8,41389],[34,6,100150],[-5,17,109978],[39,4,33368],[39,-2,66703],[17,9,36380],[49,7,66703],[-7,-17,73719],[34,-2,26546],[12,3,49061],[52,-9,32340],[28,0,696930],[31,-15,28459],[39,-24,144275],[17,-39,62545],[-8,-32,417516],[-43,-18,52845],[-49,-6,225738],[-12,8,40345],[-53,6,53794],[-18,-6,80649],[-50,14,26516],[-28,4,26516],[-18,8,102744],[-44,-4,58215],[-4,4,30293],[-54,7,138587],[-5,20,42264],[-23,13,102928],[-31,-20,39879],[-9,-19,408795],[28,-17,38848],[9,-16,29365],[18,-11,73589],[32,-3,73589],[-11,-14,42046],[31,4,42046],[30,-18,57345],[-1,-15,0],[9,-6,0]],[[93900,87783,0],[2,-10,0],[12,-3,0],[28,-49,0]],[[92069,89360,0],[-10,1,0],[-8,-29,43517],[-20,-16,213145],[-33,3,43458],[2,-13,43458],[-59,-22,55786],[-52,-10,119000],[-41,-24,30420],[-23,-18,119000],[-11,6,41617],[-34,0,26545],[-28,-4,284957],[-4,-9,41954],[30,-42,144819],[-45,-49,44223],[-12,-23,284957],[-47,-8,46597],[-14,9,46597],[-69,1,45021],[-21,-7,667868],[-8,-24,43233],[11,-18,140669],[-44,-38,62183],[-24,-4,47309],[-32,-26,264811],[11,-8,28634],[21,-27,45122],[29,-19,127097],[-14,-7,53421],[4,-43,317208],[-45,-7,37708],[-27,4,96588],[-58,27,115202],[-18,-14,48038],[-43,-2,76745],[-25,14,36145],[-28,6,28456],[-3,-12,28270],[16,3,317208],[-5,-21,50140],[19,-32,73201],[-26,-13,54694],[12,-20,288355],[43,-8,46008],[31,-18,123388],[51,-6,46599],[15,7,46599],[23,-3,27079],[28,4,36497],[29,-6,667868],[19,-20,44180],[23,-3,27001],[11,-8,136015],[-20,43,69574],[6,42,136015],[44,9,123246],[10,16,37678],[29,15,63088],[8,29,79377],[52,37,222533],[16,28,46680],[-4,26,72684],[11,24,33721],[21,24,222533],[32,-3,93352],[13,32,32927],[21,28,129731],[39,-9,54609],[29,10,349507],[-33,32,74373],[10,28,152444],[23,22,42510],[23,5,57229],[20,27,667868],[19,7,30340],[33,1,88163],[27,-16,42477],[12,4,34259],[26,-12,112508],[27,25,77812],[30,-11,29396],[15,1,254973],[4,-16,32192],[-6,-36,56114],[-14,-12,62960],[3,-43,38914],[-11,-10,28522],[4,-15,254973],[27,5,108445],[14,57,67800],[20,21,31194],[-8,11,31194],[18,3,46079],[1,16,158752],[14,-12,31809],[16,3,65222],[29,24,347818],[21,-8,44776],[-13,-8,29885],[7,-11,73449],[47,-3,94504],[36,-32,44911],[-1,-14,44911],[30,-18,0],[7,1,0]],[[92350,89131,0],[0,-1,0]],[[88896,88152,0],[-160,55,9462],[-147,51,0]],[[88012,88455,0],[-144,48,0],[-118,100,15553],[-148,126,0]],[[91586,88970,0],[29,-5,31503],[-18,-5,31503],[-11,10,0]],[[92170,89229,0],[14,18,45172],[11,-18,45172],[-21,-12,37910],[-4,12,0]],[[92287,89239,0],[1,17,38436],[19,2,33844],[0,-13,38436],[-20,-6,0]],[[92321,89227,0],[14,11,29428],[7,-8,29428],[-21,-3,0]],[[70827,94708,0],[1,0,0]],[[70790,94712,0],[1,1,0],[18,3,31395],[0,-13,31395],[17,4,0],[1,1,0]],[[70497,93555,0],[26,-28,0],[68,-46,50889],[42,-40,50889],[29,-14,229166],[-8,-20,77910],[-24,18,51094],[-38,4,89938],[-18,-26,229166],[5,-15,26420],[-1,-29,43796],[-7,-29,42551],[4,-41,179445],[19,-13,53528],[0,-18,36712],[18,-29,118569],[4,-65,53014],[-9,-16,118569],[30,-44,78937],[8,-30,34517],[-3,-26,1324925],[-31,-26,57739],[-30,-16,34382],[-17,0,66011],[-39,-22,34135],[-19,-19,34135],[-21,-6,38182],[-36,-27,232391],[-51,-47,34184],[-26,-29,131778],[-41,-2,95588],[-25,-31,37534],[-9,-22,95588],[-23,-12,28108],[-7,-11,28108],[-49,-33,89476],[4,-20,37995],[-14,-12,89476],[-66,-31,745791],[-49,13,94880],[-79,-9,49600],[-18,-9,204349],[-31,18,35765],[-26,24,83924],[-62,25,39912],[-6,-4,0]],[[71432,93467,0],[12,-29,0]],[[70260,92529,0],[27,17,35381],[35,32,30828],[35,25,113268],[74,26,48065],[13,11,215360],[-3,29,30035],[-10,22,243963],[49,39,86792],[30,7,55503],[43,20,32656],[39,25,123147],[8,36,123147],[28,19,29361],[26,11,77620],[27,-9,47149],[22,12,194419],[20,22,31328],[1,12,32910],[21,22,449234],[49,23,61764],[9,13,34178],[39,27,80630],[62,26,77022],[41,31,47366],[62,34,150525],[14,14,35634],[17,-5,35634],[35,8,90869],[16,13,28285],[63,36,774780],[26,-5,36323],[7,-14,79702],[-6,-49,79702],[30,21,60808],[7,34,103994],[-25,28,43333],[-38,24,103994],[-22,-8,39620],[13,20,32186],[17,7,39620],[2,29,85385],[-16,15,26207],[1,11,26207],[-13,9,414075],[33,-7,54206],[23,16,91973],[-4,34,91973],[35,30,47838],[23,34,179259],[53,15,35400],[21,11,120715],[49,43,51993],[61,42,0],[3,0,0]],[[70820,94756,0],[-48,7,0],[-6,-1,0]],[[70766,94762,0],[-1,1,0]],[[70766,94762,0],[-8,-2,0],[-6,-13,34363],[-23,-5,35359],[-2,-13,35359],[-22,2,55492],[17,20,27212],[21,15,0],[-1,0,0]],[[70742,94766,0],[5,0,0]],[[70773,94692,0],[-1,1,0]],[[70772,94693,0],[18,19,0]],[[67679,92853,0],[17,-4,29641],[19,7,38011],[14,-8,26927],[20,2,119258],[-28,22,65520],[-6,23,42846],[19,3,207798],[40,-25,77728],[14,-28,38462],[24,-14,38462],[-3,-13,58919],[28,-19,270005],[26,-9,30084],[10,4,45913],[30,-16,41171],[38,-7,91972],[-2,19,80262],[22,-9,28258],[15,2,30778],[44,-14,196953],[35,0,32362],[24,7,42929],[14,14,42929],[22,-7,42929],[52,10,438752],[-25,21,27585],[-27,14,44656],[-17,1,44656],[-7,19,27924],[-14,9,160551],[-24,1,28290],[-2,8,28290],[-40,8,60124],[-36,-4,128578],[-45,11,40367],[6,7,43880],[-39,30,465127],[1,20,33104],[-15,21,29385],[4,8,71740],[-22,19,48278],[31,-2,48278],[7,20,127920],[-20,3,31810],[1,11,31810],[-22,16,158777],[-9,28,31720],[-2,31,95310],[28,49,511602],[44,39,55954],[63,39,241810],[53,6,30088],[29,-3,30088],[12,6,124758],[6,-30,34830],[-5,-22,103074],[19,4,27545],[27,15,511602],[5,28,29069],[11,12,27329],[0,15,87653],[-18,50,267230],[35,31,92065],[35,12,53095],[36,-6,108992],[24,-21,26845],[20,-11,92861],[54,5,108992],[-25,17,32185],[-1,9,28055],[-21,15,267230],[0,19,36774],[-17,34,61120],[7,31,197014],[46,27,54804],[26,-1,33403],[12,9,109942],[15,40,589932],[37,18,31423],[1,6,66112],[48,3,83059],[24,18,26601],[5,10,111304],[40,11,40204],[23,15,33822],[33,10,79662],[33,-4,33427],[7,12,33427],[17,-10,79662],[23,14,33644],[-1,10,589932],[30,-5,38755],[56,-22,147853],[36,-34,32682],[19,-13,67717],[2,-20,105935],[24,-16,36734],[39,-13,237497],[5,-21,40044],[-17,-1,40324],[-8,-19,30045],[5,-16,72659],[28,2,61682],[-14,-33,154564],[-48,-12,71911],[-25,-19,35285],[1,-12,124156],[20,3,28909],[12,10,40738],[41,5,73267],[16,-17,73267],[13,-2,28406],[1,14,28406],[32,17,589932],[-4,38,58841],[-18,20,36159],[4,8,27526],[-13,19,118507],[33,16,118507],[1,18,35915],[-22,-2,35915],[19,15,35915],[9,26,31840],[-4,14,59790],[15,19,42721],[-1,27,424117],[88,5,71470],[14,-14,49027],[31,8,49027],[35,2,27987],[51,-2,238796],[-38,23,70146],[-28,5,27596],[-53,15,136316],[-69,7,27996],[-85,11,238796],[-15,7,47265],[-6,36,51159],[-18,3,31830],[5,12,31830],[-19,21,137478],[-33,6,26296],[-31,0,137478],[5,16,30078],[17,14,55892],[-25,-2,55892],[4,16,27590],[-3,24,1930474],[10,1,28787],[25,20,39279],[31,6,26404],[11,8,200489],[29,-6,43449],[35,9,43449],[17,-8,78367],[-50,-32,59594],[15,-6,78367],[67,32,78367],[40,2,52750],[67,-13,473720],[50,-31,76644],[-23,-13,76644],[13,-20,27671],[12,-31,27671],[14,-23,29082],[6,-24,29082],[12,-13,74702],[0,-20,56049],[13,-15,30886],[22,-7,74702],[1,-19,38218],[21,-47,163615],[34,-18,473720],[-5,-46,28102],[-1,-37,55784],[-13,-54,43982],[-2,-44,276459],[-27,-26,65710],[-16,-33,26364],[-10,-30,130083],[11,-12,55980],[32,8,40109],[27,-6,130083],[4,-17,70982],[-45,-7,47312],[-21,9,70982],[-16,-13,37554],[-17,7,37609],[-36,-17,473720],[-17,-20,40450],[-13,-40,65338],[14,-6,110167],[17,15,28153],[17,3,38661],[31,27,71775],[-9,13,110167],[23,6,31066],[24,-3,49610],[24,14,49610],[60,8,473720],[-14,16,72903],[16,20,37350],[7,-13,37350],[29,20,120368],[12,67,73710],[15,12,32070],[13,26,59002],[5,35,229793],[-25,-3,67727],[3,23,44397],[-18,18,69573],[17,7,34828],[15,-10,69573],[13,18,46660],[-1,37,88114],[-22,13,28846],[-6,11,88114],[20,19,36159],[7,23,473720],[30,18,48032],[65,21,75664],[19,20,29456],[18,9,176952],[7,22,45232],[-19,7,141142],[-31,-5,31208],[-37,-13,66201],[-23,-14,31489],[-46,-19,176952],[-34,4,57242],[14,16,36676],[21,3,81145],[-50,65,71135],[-10,36,120076],[-47,52,52329],[-16,23,27791],[-15,7,27791],[8,8,488463],[69,0,57521],[97,11,97314],[54,-9,310683],[19,-39,75190],[60,-54,149260],[30,4,46743],[33,-13,0],[1,0,0]],[[69777,95339,0],[-85,31,0]],[[69418,95486,0],[-45,84,0],[-14,36,36256],[0,24,158313],[54,10,113194],[36,-27,36124],[17,-20,158313],[24,5,40757],[32,23,73011],[17,30,648019],[-24,15,38025],[-10,20,97988],[-83,20,237836],[-8,37,75222],[14,8,34020],[-2,18,34020],[16,20,133895],[24,6,39668],[26,-8,237836],[7,13,41524],[-27,7,59763],[19,23,84718],[-23,29,33832],[-19,9,32772],[12,8,32772],[-11,18,137710],[-42,22,35725],[-14,14,495987],[32,17,45711],[19,-5,58551],[9,15,36446],[26,9,301357],[-3,17,43762],[-29,17,57020],[5,20,48734],[-22,22,157151],[1,21,26777],[9,14,73353],[38,10,157151],[-3,38,36429],[-5,7,26430],[15,10,36429],[-8,20,78460],[21,11,70888],[-41,35,1289869],[3,14,40260],[29,4,104244],[13,-14,33309],[-4,-16,48606],[22,-10,70799],[-7,-28,104244],[22,-11,28959],[10,-13,33969],[29,-13,82656],[22,-35,30283],[15,-14,213361],[43,-4,37982],[0,-10,37982],[32,8,81937],[15,-17,33700],[22,-7,344488],[-13,-35,40145],[5,-14,85626],[-42,-7,83310],[-7,-15,33014],[10,-13,26302],[-3,-11,156482],[24,-24,41665],[21,-4,344488],[32,16,60430],[33,-7,48759],[31,11,93966],[34,-11,88039],[36,4,30611],[5,7,37607],[33,2,28027],[4,8,28027],[21,-2,756430],[-31,-35,29979],[-16,-10,43978],[-22,-31,175071],[33,-23,65902],[49,-10,50596],[-6,-11,46822],[21,0,26272],[21,-8,91894],[21,9,26757],[18,0,73561],[-15,-36,175071],[-56,11,46076],[-58,2,432456],[-28,-12,59445],[24,-10,33744],[25,0,60717],[31,-15,37089],[6,-11,29266],[20,-5,29266],[40,-27,161800],[46,0,74601],[76,-29,366254],[2,-10,28492],[-19,-5,28492],[-21,-25,124551],[5,-17,56004],[51,-20,124551],[-16,-26,41637],[10,-9,37029],[-12,-20,1289869],[-44,-5,97446],[-70,16,41364],[-23,11,77979],[-22,-2,34643],[-51,8,155540],[-59,17,53945],[-28,12,26923],[-12,11,295093],[2,27,52990],[-25,5,86813],[-5,-20,33390],[-20,-24,86813],[-35,-14,27588],[-34,-7,27588],[-6,-6,376051],[-18,13,27817],[-23,5,67888],[22,-17,29974],[6,-15,37793],[26,-18,94981],[31,-8,36575],[38,1,94981],[34,-14,33069],[19,-1,37383],[43,-19,39202],[33,-5,39202],[36,-16,376051],[28,-29,57494],[-1,-28,137699],[-27,-15,49256],[-42,-3,212470],[-79,24,41800],[-39,18,285658],[-24,-6,66288],[-21,-49,135751],[41,-20,42704],[8,-15,109060],[-29,-36,0],[0,-1,0]],[[70780,96568,0],[18,2,33514],[-4,14,37416],[32,19,27773],[18,16,178677],[48,-19,82773],[24,-43,178677],[-83,-7,87927],[-25,4,32060],[-28,14,0]],[[70873,96266,0],[4,8,27933],[25,10,42764],[28,2,102675],[21,-16,40930],[0,-20,102675],[-37,-2,49515],[12,9,29789],[-15,7,49515],[-38,2,0]],[[74320,94663,0],[0,1,0]],[[74603,93398,0],[-67,-9,0]],[[74060,94445,0],[5,-5,0],[16,1,79908],[24,-27,42042],[13,0,35158],[2,-23,35158],[26,-41,191168],[28,-16,74752],[80,2,401520],[59,25,49762],[23,19,30551],[25,11,88240],[1,11,30806],[21,22,88240],[31,7,27762],[29,0,608476],[14,12,29596],[-3,12,29596],[15,25,136336],[-13,17,42683],[-39,16,55919],[-9,20,130602],[14,40,37322],[10,4,256978],[-61,48,55077],[-34,12,55077],[-17,26,0]],[[70827,94708,0],[20,24,0]],[[70789,94488,0],[-6,3,0]],[[70783,94491,0],[0,10,0]],[[69777,95339,0],[10,-21,0],[-6,-16,36349],[9,-26,87661],[-9,-18,35322],[-31,-29,205986],[-35,-1,40024],[-43,-12,77597],[-16,-37,77597],[-17,-6,43308],[-15,21,347495],[13,26,60331],[-26,14,60331],[-19,40,31158],[-11,12,151152],[-29,9,72235],[-17,15,30963],[-20,30,46264],[-25,17,347495],[1,-24,30585],[-7,-29,81888],[-28,-2,27360],[-3,-6,158579],[23,-20,44258],[33,-47,158579],[-11,-55,36825],[5,-26,36825],[-9,-16,232875],[18,-21,45284],[-2,-23,81989],[42,-18,460629],[-19,-27,38925],[-27,-20,126492],[-45,-5,54427],[-28,12,196678],[-17,40,50957],[-26,25,133208],[-28,-4,37039],[-23,-15,196678],[12,-37,64803],[2,-38,38583],[-9,-24,233470],[-39,-12,87765],[-41,16,33279],[-28,-2,32149],[-5,9,458681],[-34,-6,51269],[30,-13,51269],[-4,-20,130886],[23,-18,34369],[25,-8,43347],[15,-19,43347],[29,-7,139137],[20,-29,66048],[-1,-14,28125],[-15,-14,397854],[-51,-31,55601],[-47,-14,174117],[-29,17,55059],[-21,37,95496],[-24,9,35565],[-19,-5,174117],[2,-39,79777],[-17,-12,26903],[-20,-4,893252],[-18,18,50670],[-31,14,34329],[-25,22,32570],[-21,8,160216],[-16,22,27342],[-3,15,37294],[-26,34,65253],[-17,0,26957],[-12,11,65253],[9,26,49857],[-19,11,868862],[-16,-48,33930],[-3,-22,76398],[13,-27,45786],[-6,-24,168992],[-36,-11,44210],[-31,2,156055],[13,-30,59045],[39,-29,116332],[20,7,29630],[26,0,63444],[16,-17,242933],[-18,-7,28148],[-31,-23,34813],[-21,-7,77773],[5,-16,47556],[-28,-17,77773],[-49,-3,63967],[-8,-20,242933],[12,-12,28736],[30,-13,124657],[50,18,54109],[33,-7,50665],[23,13,341787],[28,-8,34991],[16,6,34991],[39,-8,103969],[-43,-18,29777],[-24,-4,136133],[-12,-21,35832],[-22,-62,92745],[-39,-36,136133],[-8,-26,47817],[17,-12,69585],[-5,-22,28109],[-14,-24,634315],[-21,3,35914],[-40,18,169805],[-107,-3,80391],[-16,-2,26379],[-10,-12,46692],[-42,-10,37040],[2,8,124031],[-64,21,124031],[-58,-23,43779],[-10,-12,147272],[29,-14,71178],[36,13,49541],[33,-5,241661],[9,-28,55788],[29,-10,44503],[-7,-8,26232],[12,-9,174456],[51,22,87126],[66,-7,242231],[-8,-22,26088],[0,-21,26088],[-11,-40,146462],[-26,-14,49619],[-39,0,146462],[-4,-9,35311],[22,-20,79256],[-12,-38,26391],[-7,-9,0],[0,-2,0]],[[68687,94218,0],[-3,0,0]],[[69384,94589,0],[10,14,37597],[31,10,73058],[29,-13,74691],[-11,-12,32174],[-33,-14,74691],[-23,0,38417],[-3,15,0]],[[74603,93398,0],[-42,-45,0]],[[72521,93411,0],[29,-8,0],[28,5,37492],[29,-7,37492],[28,2,26372],[40,-2,52442],[28,5,52442],[66,-9,229608],[9,-8,27263],[-23,2,31868],[6,-13,31868],[-19,-29,128002],[89,19,128002],[66,-27,59368],[-5,13,30036],[14,4,56128],[32,-21,366586],[8,-22,35819],[0,-37,94218],[-16,-9,36391],[4,-17,36391],[-14,-24,32275],[0,-16,348522],[37,-26,33968],[17,-19,72343],[36,-12,57791],[46,-35,185217],[46,-6,36380],[4,6,32113],[-37,5,36380],[20,11,68889],[27,-14,37740],[18,3,366586],[-4,22,46466],[-33,55,68442],[-25,24,181051],[4,12,27649],[22,21,122419],[0,24,40558],[-16,24,40558],[-14,48,669715],[-22,27,27022],[-21,17,54844],[-12,28,105070],[-29,8,45781],[-32,26,106341],[-19,26,27122],[-20,18,31593],[-5,14,31593],[-24,17,38325],[-8,18,34614],[-25,22,0],[-10,5,0]],[[72839,93385,0],[13,13,35668],[14,-10,35668],[-17,-8,27463],[-10,5,0]],[[93749,87834,0],[1,-1,0]],[[93612,87740,0],[-2,1,0]],[[93610,87741,0],[9,10,0],[53,30,52642],[-10,11,52642],[47,10,72784],[15,21,0],[25,11,0]],[[70708,94396,0],[8,34,0],[-6,26,56444],[20,33,57539],[-23,-5,35592],[-18,-20,35592],[-18,6,26127],[-18,-9,26127],[15,16,34804],[19,1,57539],[37,27,139226],[39,-20,50142],[20,5,0],[0,1,0]],[[70377,94308,0],[43,22,69434],[30,-2,54457],[-25,-22,69434],[-37,-8,45375],[-11,10,0]],[[70628,94445,0],[21,18,40410],[-2,-20,40410],[-19,2,0]],[[72124,93593,0],[-1,0,0]],[[71432,93467,0],[57,11,0],[45,17,73265],[46,4,35050],[17,-7,26701],[14,4,170975],[83,46,75374],[64,18,54681],[32,19,334413],[49,-6,33621],[24,2,128111],[19,-53,278279],[-19,-30,68713],[11,-3,34503],[10,23,34503],[29,33,42866],[37,29,158225],[48,12,35301],[37,2,35301],[18,8,69588],[32,-4,0],[39,1,0]],[[70734,94661,0],[0,1,0],[35,27,0],[3,4,0]],[[72124,93593,0],[38,-49,51852],[34,-27,144201],[47,-21,31658],[30,-8,76403],[46,-35,288974],[38,-7,37787],[76,-5,96151],[68,-20,36301],[10,-7,0],[10,-3,0]],[[70742,94766,0],[-52,7,0],[-16,26,42379],[-21,7,50018],[-5,16,28559],[-17,17,0],[0,1,0]],[[70668,95146,0],[0,1,0],[55,25,173979],[2,42,68552],[28,50,69967],[-14,14,58676],[18,39,575702],[27,11,29640],[20,0,77367],[28,-24,165871],[33,-1,47922],[29,19,47922],[12,-10,63160],[25,15,28731],[14,1,104786],[25,-18,104786],[37,13,61696],[42,0,27669],[12,-5,61696],[66,7,50932],[42,0,26979],[6,-4,39466],[44,4,1547718],[33,-21,52122],[-7,-13,34404],[15,-11,108598],[-18,-28,65753],[16,-12,41718],[-11,-10,31447],[8,-12,83174],[-25,-8,30565],[-4,-10,71160],[27,1,36592],[26,-10,225811],[0,-21,45972],[-22,-23,63693],[30,-2,63693],[-20,-17,47441],[-30,-3,28356],[-14,-7,238446],[44,-6,30827],[42,-1,129557],[15,7,29674],[-9,10,45676],[16,4,28324],[1,12,28324],[19,10,94145],[-10,10,55575],[70,2,129557],[-3,-19,50338],[-33,-19,60182],[7,-16,238446],[-67,-29,46714],[-74,-39,39086],[-27,-10,238446],[-29,-24,66041],[13,-13,26130],[13,0,84436],[-42,-38,45248],[-7,-18,192642],[44,16,26296],[54,16,137715],[-14,-50,579827],[13,-4,34684],[30,12,49395],[4,13,42233],[-32,-5,49395],[36,25,36209],[2,10,44581],[40,11,44581],[-7,10,62396],[40,39,26305],[19,21,92832],[41,23,646247],[11,-5,26475],[44,-4,30401],[23,-8,70128],[68,0,144114],[17,-14,26477],[14,-3,50033],[3,-20,209105],[26,12,42010],[40,3,60867],[13,-9,34727],[-6,-17,60867],[21,2,34991],[8,14,60867],[-28,10,27720],[-2,7,60867],[46,3,143357],[-11,-8,38898],[27,-11,54232],[-17,-22,143357],[43,13,53198],[-3,-16,53198],[24,-2,33455],[16,-12,86252],[30,8,53200],[64,-6,944838],[20,-21,66424],[-19,-31,66424],[16,-13,31761],[5,-20,250761],[25,-3,50011],[57,13,30703],[17,0,162992],[54,-32,30981],[13,-16,30981],[18,-6,314970],[14,-26,45238],[26,-13,45238],[33,-37,81313],[26,-43,52191],[27,-26,31435],[8,-23,31435],[12,-4,122105],[17,-33,28740],[-1,-10,583515],[-43,-16,29428],[-24,-15,66406],[-99,-30,0],[6,-11,0]],[[71302,95198,0],[22,-5,45085],[13,9,26345],[24,5,78399],[30,-5,45582],[11,-9,28680],[-14,-7,82200],[-51,-10,42302],[-25,3,82200],[-10,19,0]],[[68687,94218,0],[7,-13,0],[-33,-16,71768],[11,-8,31447],[0,-23,88121],[-26,-15,29955],[-20,-3,116038],[-5,-15,27921],[-15,-7,27921],[1,-12,60612],[17,-15,116038],[-17,-10,30395],[-2,-14,52784],[-40,-16,93320],[17,-6,33278],[2,-16,66135],[-29,-19,451140],[-18,4,28562],[12,8,31383],[-27,17,37755],[-33,40,136998],[4,18,30818],[-9,11,45454],[14,18,118577],[-35,31,50677],[-6,19,27030],[-15,17,525851],[-39,15,37149],[-31,3,60949],[-42,23,153395],[-33,3,26228],[-16,-3,79805],[-21,-30,91018],[24,-9,27552],[14,-12,73426],[6,12,26771],[17,8,98983],[21,-3,33591],[-10,-12,37637],[25,-2,37637],[27,-21,191536],[-16,-27,39931],[12,-9,39931],[-17,-19,128965],[24,-2,43349],[-14,-17,43349],[13,-23,41456],[-7,-21,65183],[6,-17,30581],[15,-6,191536],[-8,-16,35971],[0,-38,102625],[-26,-28,46085],[-26,-10,704325],[-46,17,36229],[-20,13,29266],[-40,16,148032],[-48,10,30875],[-32,2,26988],[-37,8,35869],[-20,9,35869],[-19,-6,35869],[-28,8,163738],[26,25,31892],[6,15,163738],[-11,20,56092],[-21,8,27200],[-19,0,97666],[-12,-14,29657],[-3,-22,97666],[-30,-2,34441],[-3,-12,34441],[-21,6,81557],[-10,15,34422],[-22,8,704325],[-16,-16,55911],[20,-26,73292],[15,-3,26638],[-18,-7,26638],[-23,-31,288717],[42,-20,74432],[-3,-13,43673],[27,-5,37744],[10,11,43673],[13,-7,26719],[24,1,39885],[25,-15,39885],[13,7,180857],[28,-28,39577],[26,-37,352280],[11,-48,87792],[-29,-36,87792],[17,-33,61358],[-25,-5,51382],[12,-22,1131388],[-27,0,32881],[-22,-10,65484],[-34,10,33853],[-23,-1,165038],[-20,-22,99361],[-68,-18,42712],[-26,-14,42712],[-45,-8,184314],[9,23,63756],[-38,7,70933],[11,11,34847],[-11,14,34847],[6,24,68597],[-21,8,184314],[-47,-55,114770],[-1,-16,32952],[15,-19,38261],[-3,-18,184314],[-55,-27,88882],[-33,2,49336],[14,10,27479],[-8,7,87721],[-55,-26,257904],[-5,10,42986],[14,15,27317],[18,6,56123],[-6,19,95256],[10,5,27490],[23,29,38118],[31,21,113893],[13,29,50364],[26,10,50364],[-20,5,34023],[5,13,56843],[31,18,56843],[5,17,29043],[-10,4,141532],[-24,-24,43074],[-11,-1,27179],[-16,-17,27179],[-25,-15,134604],[-16,-42,47509],[4,-19,43217],[-21,-6,43217],[-15,-26,141532],[-17,11,27122],[-28,9,257904],[-37,-23,59445],[-19,-34,65727],[-47,-31,129141],[-22,1,41630],[-42,-17,485463],[3,17,31616],[-10,24,99641],[4,16,29944],[17,17,44815],[2,28,42065],[17,26,143992],[8,55,58567],[-12,15,95547],[16,14,35019],[35,47,95547],[-9,14,66560],[-24,-15,31062],[-24,-25,348262],[-33,8,74406],[-7,26,53314],[-15,-2,40151],[-15,23,86698],[23,16,28144],[1,8,86698],[-23,10,48843],[-44,-5,485463],[-7,-6,29401],[-1,-30,49401],[-19,-12,90705],[27,-39,57930],[-14,-9,90705],[3,-42,50515],[-11,-61,50515],[7,-18,49127],[-11,-41,32016],[2,-17,221471],[-33,-63,44068],[2,-23,40360],[-12,9,15268],[-5,-1,0]],[[67254,93536,0],[3,67,0]],[[67679,93591,0],[33,20,50333],[13,-5,32640],[-14,-13,50333],[-28,-7,26180],[-4,5,0]],[[67965,93993,0],[3,11,29119],[22,14,41198],[1,-14,41198],[-22,-21,36545],[-4,10,0]],[[68076,93663,0],[22,7,35862],[-1,-14,35862],[-21,7,0]],[[68381,94147,0],[4,14,36461],[19,-11,36461],[-23,-3,0]],[[68492,94027,0],[8,21,47090],[21,-11,47090],[-12,-15,35680],[-17,5,0]],[[93344,87129,0],[16,4,0]],[[93360,87133,0],[7,-40,0],[15,-21,75331],[-7,-16,41777],[5,-28,31875],[-4,-28,107077],[6,-17,31331],[8,-58,63572],[19,-70,32490],[-3,-13,32490],[14,-15,221527],[24,-5,30557],[17,6,236144],[-4,31,33120],[-14,39,80043],[0,86,111527],[-7,33,37275],[-25,82,0],[5,46,0]],[[93416,87145,0],[38,9,0]],[[93749,87834,0],[4,2,0],[-1,11,27546],[15,5,0],[29,-1,0]],[[93943,87326,0],[21,-112,0]],[[93964,87214,0],[-27,-9,0]],[[96670,88165,0],[4,-2,0]],[[96683,88160,0],[9,-3,15524],[1,-7,0]],[[96694,88143,0],[0,-1,0],[1,0,0]],[[96703,88143,0],[1,0,0],[12,1,31747],[-7,-19,9113],[-2,-2,0]],[[96707,88119,0],[14,-14,40535],[-12,-14,0]],[[96705,88087,0],[1,-2,0]],[[96721,88077,0],[1,1,0]],[[96722,88078,0],[1,0,0]],[[96724,88079,0],[1,0,6973],[0,2,0],[1,0,0]],[[96726,88081,0],[0,1,0]],[[96726,88082,0],[5,17,33254],[14,-2,0]],[[96745,88097,0],[3,-5,0]],[[96765,88068,0],[3,-4,0],[-8,-9,10907],[-5,-3,0]],[[96750,88043,0],[-2,-2,0],[0,-4,0]],[[96747,88021,0],[1,0,0]],[[96756,88019,0],[2,0,0]],[[96766,88021,0],[1,0,0],[1,1,0]],[[96769,88023,0],[1,3,0]],[[96770,88027,0],[0,1,0]],[[96768,88035,0],[-2,3,0]],[[96765,88040,0],[0,1,7262],[22,1,29563],[-8,-10,0]],[[96778,88031,0],[0,-1,0]],[[96779,88021,0],[1,0,0]],[[96785,88017,0],[2,-4,0],[-1,1,0]],[[96785,88014,0],[-2,0,0]],[[96783,88014,0],[-1,0,0]],[[96771,88008,0],[12,-23,28119],[-5,-7,0]],[[96777,87976,0],[0,-1,7286],[12,-12,0]],[[96789,87963,0],[0,-15,0]],[[96790,87938,0],[0,-1,0]],[[96790,87937,0],[21,-2,43236],[-2,-20,0]],[[96815,87910,0],[1,0,6973],[1,1,0]],[[96819,87911,0],[1,0,0]],[[96820,87912,0],[3,0,10707],[15,10,0],[4,-4,0]],[[96847,87912,0],[4,-4,18307],[-7,-12,0]],[[96845,87894,0],[12,-13,0]],[[96857,87881,0],[-12,-17,0]],[[96838,87855,0],[-1,-1,12205],[24,-8,24516],[-4,-4,0]],[[96853,87840,0],[-5,-5,12475],[-3,-10,0]],[[96842,87816,0],[-1,-3,12415],[7,-22,0]],[[96849,87788,0],[3,-8,0],[-7,-4,0]],[[96833,87767,0],[-5,-4,11370],[-6,2,0]],[[96818,87768,0],[-1,1,0]],[[96812,87771,0],[-2,0,0]],[[96810,87771,0],[-1,0,0]],[[96809,87771,0],[-1,0,0]],[[96806,87771,0],[-11,-16,0]],[[96791,87747,0],[0,-1,0]],[[96805,87734,0],[13,-9,14394],[0,-4,0]],[[96819,87710,0],[0,-3,0]],[[96819,87707,0],[0,-1,0]],[[96821,87703,0],[1,0,0],[12,-17,0]],[[96836,87684,0],[1,-1,0],[1,0,0]],[[96844,87682,0],[8,-1,11866],[3,-4,0]],[[96863,87667,0],[1,-1,8184],[20,-6,30418],[-25,-2,0]],[[96852,87648,0],[0,-1,0],[1,-1,0]],[[96870,87631,0],[1,-1,0],[1,1,0]],[[96872,87631,0],[2,0,0]],[[96874,87631,0],[2,2,0]],[[96878,87638,0],[7,8,0],[16,-4,0]],[[96906,87641,0],[12,-4,23218],[1,-9,0]],[[96920,87620,0],[0,-1,0]],[[96920,87619,0],[4,-3,0]],[[96926,87615,0],[22,-15,0]],[[96949,87600,0],[9,-7,0]],[[96958,87593,0],[-7,-10,0]],[[96944,87573,0],[0,-1,0]],[[96949,87567,0],[1,0,0]],[[96952,87567,0],[1,0,0]],[[96953,87567,0],[1,1,0]],[[96957,87568,0],[0,1,0]],[[96960,87571,0],[8,-1,0],[7,-9,0]],[[96981,87552,0],[5,-5,0],[2,-10,0]],[[96994,87523,0],[1,-1,0]],[[97001,87524,0],[1,0,0]],[[97005,87529,0],[1,2,0]],[[97006,87531,0],[5,6,0]],[[97011,87537,0],[6,-5,0]],[[97017,87528,0],[1,0,0]],[[97023,87528,0],[24,-18,0]],[[97047,87510,0],[-1,-2,0]],[[97042,87496,0],[-1,-5,0],[10,-23,0]],[[97038,87461,0],[-1,0,0],[0,-1,0]],[[97048,87452,0],[6,-5,24186],[-19,-5,0]],[[97035,87442,0],[-7,7,0]],[[97027,87451,0],[-1,1,0]],[[97026,87453,0],[0,1,0]],[[97026,87455,0],[-1,0,0]],[[97025,87456,0],[-1,1,0]],[[97021,87458,0],[-3,2,0]],[[97017,87460,0],[-1,1,0]],[[97015,87461,0],[-1,0,0]],[[97015,87451,0],[-1,-11,33325],[-22,9,6973],[-1,0,0]],[[96988,87445,0],[0,-2,0],[-10,-14,6973],[-2,-2,0]],[[96975,87426,0],[-3,-12,0]],[[96971,87411,0],[-1,-7,0],[3,-8,0]],[[96974,87392,0],[6,-14,0]],[[96983,87371,0],[1,0,0]],[[96987,87371,0],[11,-12,39556],[-3,-26,0]],[[96993,87322,0],[0,-1,0],[6,-11,0]],[[97000,87308,0],[2,-2,8912],[9,-15,13909],[-1,-2,0]],[[97009,87283,0],[0,-1,0]],[[97009,87280,0],[0,0,6973],[-2,-5,0]],[[97005,87267,0],[1,-5,0]],[[97008,87259,0],[0,-1,0],[1,-2,0]],[[97012,87247,0],[1,-3,0],[3,-1,0]],[[97022,87242,0],[1,0,0],[6,0,22488],[-1,-20,0]],[[97028,87221,0],[13,-15,0]],[[97047,87200,0],[4,-5,0]],[[97051,87195,0],[10,-1,10725],[2,-3,0]],[[97068,87185,0],[9,-10,0]],[[97077,87175,0],[-1,-1,0]],[[97072,87162,0],[0,-2,0]],[[97072,87160,0],[0,-1,0]],[[97077,87149,0],[5,-11,0],[0,-3,0]],[[97081,87119,0],[0,-8,0]],[[97074,87108,0],[0,-1,0]],[[97074,87101,0],[0,-12,0]],[[97074,87079,0],[0,-6,0]],[[97067,87048,0],[-2,-7,0]],[[97065,87041,0],[-1,-2,0]],[[97064,87039,0],[0,-1,0]],[[97073,87017,0],[2,-5,0]],[[97075,87011,0],[3,-6,0],[0,-2,0]],[[97075,86988,0],[0,-1,0],[0,-1,0]],[[97075,86986,0],[-1,-6,0]],[[97060,86962,0],[0,-1,0]],[[97060,86953,0],[1,0,0],[0,-5,6973],[0,0,0]],[[97063,86933,0],[1,-4,0]],[[97064,86923,0],[1,-1,8281],[-4,-16,0]],[[97061,86906,0],[-26,-14,6973],[0,0,0]],[[97033,86889,0],[-6,-11,0]],[[97026,86874,0],[0,-1,6973],[4,-12,0]],[[97031,86857,0],[0,-1,0],[6,-2,0]],[[97047,86848,0],[7,-3,9077],[1,-3,0]],[[97056,86836,0],[2,-3,0]],[[97058,86833,0],[-1,-1,0]],[[97053,86799,0],[-2,-5,0]],[[97049,86785,0],[0,-1,0],[-5,-13,6973],[0,-1,0]],[[97042,86764,0],[5,-17,0]],[[97050,86738,0],[4,-13,27956],[-10,-8,0]],[[97035,86710,0],[-4,-5,0]],[[97025,86690,0],[0,-1,0]],[[97025,86689,0],[-2,-37,0]],[[97023,86652,0],[0,-2,0]],[[97024,86643,0],[3,-29,0]],[[97027,86614,0],[-1,-1,6973],[-1,0,0]],[[97024,86613,0],[-3,-1,6973],[-13,-4,0],[-1,0,0]],[[97004,86607,0],[-7,-5,0]],[[96989,86590,0],[-3,-4,0]],[[96985,86586,0],[-11,-5,0],[-2,0,0]],[[96966,86579,0],[-6,-3,0]],[[96960,86576,0],[-1,0,0]],[[96954,86574,0],[-3,-2,0]],[[96951,86572,0],[-4,-1,0]],[[96947,86571,0],[-6,-11,6973],[0,0,45206],[-47,-8,0]],[[96894,86552,0],[-1,0,0]],[[96888,86551,0],[-35,-19,0]],[[96845,86519,0],[-5,-7,0]],[[96840,86512,0],[-21,-18,0]],[[96805,86481,0],[-2,-2,0]],[[96785,86476,0],[-2,-3,0]],[[96780,86471,0],[-1,-3,0]],[[96779,86468,0],[-1,0,0]],[[96777,86467,0],[-1,-2,0]],[[96772,86460,0],[-4,-1,0],[0,1,0]],[[96769,86461,0],[-1,1,0]],[[96768,86462,0],[-1,0,0]],[[96767,86462,0],[-1,0,6973],[0,0,6973],[-1,0,0]],[[96759,86460,0],[-9,-16,0]],[[96743,86442,0],[-1,-1,6973],[-12,-3,0]],[[96728,86438,0],[-3,0,0]],[[96706,86434,0],[-2,0,0]],[[96685,86427,0],[-4,0,0]],[[96673,86425,0],[-4,0,0]],[[96665,86422,0],[-1,-1,0]],[[96661,86418,0],[-4,-3,0]],[[96656,86414,0],[-15,-12,0]],[[96640,86401,0],[-4,-4,9298],[-6,0,0]],[[96630,86397,0],[-1,0,0]],[[96627,86397,0],[-16,-1,0]],[[96608,86396,0],[-10,-8,0]],[[96597,86387,0],[-1,0,6973],[-3,-3,0]],[[96589,86380,0],[0,0,6973],[-3,-3,0]],[[96586,86377,0],[-1,0,0],[-1,1,0]],[[96584,86378,0],[-1,1,0]],[[96582,86379,0],[-1,0,0]],[[96574,86378,0],[-13,0,0]],[[96560,86378,0],[-1,0,0]],[[96554,86379,0],[-1,0,0]],[[96552,86379,0],[-1,0,0]],[[96544,86378,0],[-1,0,6973],[-8,1,6973],[0,0,0]],[[96535,86379,0],[-1,0,0]],[[96533,86379,0],[-1,0,6973],[-2,2,6973],[-1,0,0]],[[96528,86382,0],[-16,11,0]],[[96511,86394,0],[-4,2,0]],[[96502,86398,0],[-21,6,0]],[[96481,86404,0],[-1,0,0]],[[96474,86403,0],[0,0,6973],[-24,-2,0]],[[96448,86402,0],[-1,0,0]],[[96433,86400,0],[-12,-1,0]],[[96419,86400,0],[-2,1,0]],[[96416,86401,0],[-1,0,0]],[[96414,86402,0],[-1,0,0]],[[96413,86402,0],[-1,0,0]],[[96412,86403,0],[-1,0,0]],[[96410,86403,0],[-1,1,0]],[[96407,86404,0],[-17,6,0],[0,1,0]],[[96386,86412,0],[-1,1,0]],[[96385,86413,0],[-1,0,0]],[[96383,86413,0],[-1,1,0]],[[96381,86414,0],[-23,-3,0]],[[96358,86411,0],[-1,0,0]],[[96351,86411,0],[-1,0,0]],[[96349,86412,0],[-1,0,0]],[[96348,86412,0],[-1,0,0]],[[96339,86410,0],[-1,1,0]],[[96335,86411,0],[-1,0,0]],[[96332,86410,0],[-1,0,0]],[[96326,86409,0],[-2,-2,0]],[[96322,86408,0],[-126,27,0]],[[96129,88092,0],[1,1,0]],[[96130,88093,0],[5,-3,0],[26,7,52566],[64,-7,162449],[12,25,61076],[-26,40,61076],[20,1,162449],[38,20,29021],[17,3,34134],[37,21,40971],[21,-1,40971],[14,17,106811],[30,6,67796],[34,41,82567],[28,6,35317],[11,12,49546],[32,1,82567],[17,26,559493],[48,-23,47443],[46,-11,135578],[-7,-33,84610],[8,-15,33028],[31,-32,104027],[6,14,34468],[19,1,0],[8,-38,0]],[[96316,88270,0],[2,15,28693],[13,5,36050],[3,-15,36050],[-18,-5,0]],[[96370,88308,0],[3,12,33448],[20,3,33448],[-8,-12,27177],[-15,-3,0]],[[93470,87673,0],[2,-1,0]],[[93365,87553,0],[-21,-5,0]],[[93344,87548,0],[-14,34,0],[33,49,121414],[32,9,31274],[26,15,35224],[29,7,0],[20,11,0]],[[93942,87721,0],[9,-16,0],[27,-12,76859],[-4,-25,30697],[5,-25,0],[13,-26,0]],[[93992,87617,0],[-5,0,0]],[[93470,87673,0],[18,9,0],[18,15,34130],[12,-4,34130],[13,15,29087],[12,-2,29087],[61,27,0],[6,8,0]],[[93273,87532,0],[-13,-3,0]],[[92268,87663,0],[-1,1,0]],[[92267,87664,0],[39,42,0],[22,17,30278],[11,-2,69754],[-1,34,70982],[33,87,483368],[35,22,32159],[15,3,76501],[6,30,106990],[50,27,40971],[20,1,31953],[20,13,181155],[39,-9,33035],[13,5,27343],[-2,-13,181155],[74,26,41591],[56,12,34780],[12,8,104047],[57,-3,79388],[13,11,28578],[15,-1,28578],[30,13,780043],[43,-15,33866],[27,-16,32448],[28,-8,153359],[20,11,48851],[47,2,35888],[19,7,170809],[13,-10,32295],[18,3,32295],[36,-9,57764],[20,7,51771],[21,-21,51771],[16,-2,33631],[46,-21,790519],[21,-27,76914],[-27,-39,76914],[37,4,244223],[8,24,55818],[34,37,33248],[1,14,33248],[17,10,55818],[14,29,101171],[44,-9,38686],[-13,10,101171],[-7,39,72343],[24,36,244223],[16,-11,37365],[5,-17,29175],[15,-15,190103],[12,2,28813],[-8,14,47852],[34,6,73997],[-2,16,47968],[12,21,31174],[18,13,106689],[36,-9,47645],[19,1,26758],[-1,9,106689],[-25,24,40645],[-7,22,445220],[26,-5,57110],[37,21,57110],[36,8,39129],[21,-5,95467],[39,12,29649],[26,1,29649],[20,9,50438],[41,3,50438],[27,16,185953],[-21,6,31294],[-1,10,34361],[-24,5,99466],[14,16,45655],[38,9,99466],[11,-28,52976],[-13,-22,99466],[20,-6,27412],[16,-14,43019],[16,3,144717],[0,43,84528],[38,28,1767890],[23,-6,52655],[39,-37,84268],[-11,-14,62913],[21,-5,28060],[15,-11,47042],[3,-15,387013],[-25,-30,32579],[-4,-14,41440],[-30,-32,88982],[-1,-31,239626],[-25,-4,41532],[-28,10,70473],[-10,-19,70473],[-15,4,30587],[-48,-1,334618],[15,-15,38880],[33,-12,59297],[14,-25,149648],[-25,-60,777944],[-48,-36,44081],[-20,-23,44081],[-25,-19,27352],[-39,-35,222435],[-52,-30,54553],[-25,-1,56894],[-78,-42,128315],[-10,-14,27857],[-16,-4,36943],[-48,-46,114267],[-24,-16,31949],[-49,-21,51643],[-12,2,186737],[-18,33,34226],[-4,23,93045],[-17,4,30100],[-16,-9,147202],[-2,-20,50281],[12,-16,32847],[12,-40,75450],[-24,-9,46635],[14,-14,0],[-1,-47,0]],[[94031,86033,0],[15,-2,0]],[[94046,86031,0],[-4,-9,0]],[[94039,86015,0],[0,-3,0]],[[94044,85988,0],[2,-7,15137],[12,-23,29713],[0,-13,85334],[-27,-31,0]],[[94031,85914,0],[-76,-49,22485],[-5,-4,0]],[[93909,85821,0],[-4,-5,0]],[[93893,85795,0],[-3,-5,0]],[[93890,85790,0],[-4,-5,0]],[[93854,85745,0],[-4,-6,0],[-22,-35,0]],[[93828,85704,0],[-108,52,0]],[[93964,87214,0],[168,5,65997],[1,-6,0]],[[94140,87188,0],[2,-7,0],[20,-49,9393],[0,-1,0]],[[94164,87124,0],[3,-5,7250],[3,-8,22277],[4,-20,8699],[0,-4,0]],[[94177,87073,0],[2,-7,8238],[3,-19,26095],[-1,-20,14809],[2,-8,0]],[[94183,87017,0],[6,-25,0],[0,-10,8213],[-2,-2,0]],[[94188,86962,0],[1,-1,0]],[[94189,86961,0],[0,-1,0]],[[94192,86958,0],[14,-7,52860],[7,-49,0]],[[94234,86852,0],[7,-15,0],[3,-5,0]],[[94271,86812,0],[6,-5,25074],[10,-29,15920],[-1,-3,0]],[[94281,86753,0],[1,-3,0],[0,-3,0]],[[94294,86720,0],[5,-10,9760],[14,-29,97750],[1,-32,34781],[-7,-26,59854],[-15,-13,0],[-1,-3,0]],[[94287,86589,0],[2,-4,0]],[[94293,86574,0],[8,-17,0],[2,-17,41629],[-18,-37,0]],[[94282,86473,0],[-1,-4,0]],[[94281,86469,0],[-10,-32,60180],[-25,-28,37655],[0,0,6973],[-7,0,6973],[-3,1,0]],[[94236,86410,0],[-6,2,0]],[[94175,86393,0],[-1,-1,0]],[[94174,86392,0],[-22,-32,55547],[-30,-13,0]],[[94094,86322,0],[-4,-6,0]],[[94072,86277,0],[-4,-9,0],[-5,-31,9732],[-1,-13,0]],[[94061,86214,0],[-5,-49,0]],[[94056,86163,0],[2,-44,9417],[0,-8,0]],[[94059,86099,0],[1,-15,14955],[-2,-18,27682],[-5,-13,0]],[[94050,86045,0],[0,-2,0],[-4,-12,0]],[[92350,89131,0],[33,4,0],[20,-4,33496],[33,-18,90654],[7,4,33319],[-8,31,118628],[18,9,42904],[-5,-26,42904],[22,-19,27547],[22,-10,57982],[13,3,251081],[-3,47,31684],[-6,26,190506],[15,17,48523],[32,1,33499],[8,8,89968],[32,-2,26909],[22,-6,527666],[5,-10,32188],[25,-7,32716],[14,-15,42485],[27,-10,65327],[5,-17,34245],[18,-10,185761],[-12,-9,43311],[32,-12,43311],[-26,-5,43311],[-9,14,43311],[-36,-34,204172],[2,-10,40391],[45,-44,100304],[21,-3,28013],[38,-15,125492],[14,-24,27067],[8,-25,1597765],[-22,-32,69196],[3,-23,48953],[-14,-22,32382],[-4,-23,123040],[10,-26,40426],[0,-42,208695],[-50,-16,41568],[-13,-12,411792],[36,-17,58039],[-3,-20,81751],[34,1,45689],[18,-13,81751],[-20,-24,83426],[18,-18,32099],[22,-9,65602],[-5,-23,65602],[40,-10,137204],[9,-15,31983],[-1,-23,411792],[-69,-33,40840],[-30,-9,124611],[-9,7,34032],[-40,3,67037],[-37,-12,411792],[25,-26,79560],[23,5,44294],[38,-11,99878],[-1,-21,54590],[30,-15,225216],[-39,-30,37197],[-16,-20,131828],[-21,8,27142],[-29,3,32729],[-9,7,262909],[-11,-31,33703],[18,-8,28207],[-13,-4,57796],[-24,-36,155490],[-25,-12,48795],[-14,-28,48795],[-21,-23,29842],[-32,-27,40100],[-37,-11,40100],[21,-4,194955],[-1,-28,30037],[14,-13,30037],[-15,-1,40943],[-15,-22,38069],[5,-15,828270],[-21,-31,52572],[-7,19,52572],[-28,-23,81773],[-26,-4,41310],[-58,-24,171282],[-37,4,34822],[-27,10,65619],[-29,-9,334865],[-16,-24,42922],[17,-1,42922],[9,-29,81355],[22,-21,28210],[14,-22,334865],[58,13,29126],[19,9,29126],[10,-4,171233],[-13,-25,35536],[6,-10,76007],[-21,-16,28994],[-25,-27,161007],[-44,25,36569],[-13,1,36569],[-70,29,161007],[39,-36,43012],[21,-9,81206],[7,-29,171233],[-24,-24,56245],[-1,-30,66530],[-64,-23,66530],[42,0,66530],[-13,-29,122359],[-15,-2,29037],[-1,12,43189],[-27,-8,122359],[-11,-57,61209],[-18,-18,0],[-19,-7,0]],[[92306,88061,0],[26,-2,46298],[-9,-18,46298],[-17,20,0]],[[92547,88055,0],[42,64,29240],[18,15,29240],[5,16,77883],[37,34,218488],[-18,38,83266],[28,26,83266],[1,27,34895],[12,41,221113],[31,57,75889],[-3,16,51984],[37,7,75889],[21,23,45571],[12,31,38879],[21,27,469853],[26,11,36339],[20,-3,33497],[25,10,143962],[3,-15,27024],[14,-17,36270],[6,-28,1014880],[27,-21,60648],[9,4,29712],[-2,21,74339],[-24,34,74339],[4,62,45997],[8,13,27291],[4,24,40301],[-8,14,29233],[7,12,152802],[28,9,119424],[-19,45,46107],[-17,14,65798],[-10,27,27855],[2,12,176752],[29,-1,52990],[17,-30,51013],[15,7,87651],[-12,11,27538],[-10,26,113543],[0,65,45677],[8,13,176752],[-14,50,49448],[-18,9,43047],[-3,25,176752],[16,9,63486],[9,29,26617],[1,27,26617],[6,8,150715],[-13,15,38179],[-8,32,41261],[-18,23,150715],[3,21,37499],[-4,62,90201],[8,30,33771],[8,-1,28438],[6,22,2219331],[36,-5,58040],[16,19,58040],[40,7,38953],[31,14,297413],[20,-5,49448],[0,-14,27834],[13,-17,120618],[46,8,48639],[5,-11,48639],[57,-13,120618],[2,-17,33834],[20,-26,94350],[27,-7,27211],[23,1,297413],[11,10,36669],[51,22,53125],[4,13,159153],[23,-5,27693],[22,-12,40460],[-5,-9,40460],[38,-9,91672],[21,15,1172911],[50,-34,71570],[0,-11,28664],[19,-26,90281],[17,-4,39503],[47,-33,74091],[2,-14,44548],[22,-12,27312],[12,-14,214077],[-16,-32,94040],[-28,-9,37580],[-16,-17,50277],[-34,-7,214077],[-9,-20,43054],[15,-11,80802],[27,19,59202],[20,-15,128715],[30,29,31573],[2,15,26633],[12,7,128715],[22,-9,41924],[22,-27,582618],[-3,-7,27336],[-29,-17,84211],[1,-29,56252],[38,-24,56252],[-37,4,84211],[-30,-17,53960],[-5,-24,237091],[30,-13,58048],[7,5,26714],[22,-6,26714],[42,-4,237091],[25,-21,41866],[8,-22,120200],[-8,-28,69010],[-32,4,39834],[-8,-11,120200],[14,-47,64382],[-10,-35,347964],[-13,14,44172],[-1,33,51303],[-16,13,93150],[-31,-3,40327],[-20,11,40327],[-7,-14,88180],[25,-24,58750],[32,0,88180],[3,-38,93150],[-29,10,51543],[-5,-9,27970],[-21,-3,60920],[-58,13,44466],[-36,0,213389],[-36,-24,32818],[-16,-4,107913],[-12,19,49980],[-22,-13,59766],[-25,-5,26653],[-44,-1,26653],[-14,-4,107913],[-25,-23,257431],[2,-14,27435],[17,-4,27435],[-15,-6,39986],[18,-12,39986],[-11,-13,41911],[17,-7,33323],[-2,-14,41911],[-20,3,41911],[13,-24,257431],[24,13,44634],[15,-11,52145],[26,16,147257],[13,34,82448],[19,-5,54745],[13,33,54745],[26,4,82448],[-9,13,26905],[-12,0,34108],[-1,13,57643],[27,4,347964],[31,-27,54161],[36,0,45327],[-10,-13,45327],[36,-17,173648],[16,3,28609],[33,17,62273],[47,1,173648],[12,-10,42085],[-1,-33,85780],[21,-4,27319],[22,-12,2219331],[11,13,32527],[3,25,78918],[22,-9,34875],[14,6,109688],[-11,18,51550],[16,17,41007],[-4,20,218932],[18,13,37796],[34,7,54101],[36,26,98187],[11,-7,34747],[24,12,42098],[29,-8,98187],[6,13,36973],[-15,18,53130],[20,3,424497],[41,-61,60770],[5,-36,60770],[15,-3,40062],[10,-24,259601],[-7,-31,93303],[-49,-25,31761],[-24,-17,667651],[-52,8,128214],[-27,-14,29314],[-27,-6,29314],[-63,-25,41776],[-12,6,28795],[-11,-11,169851],[-6,-35,169851],[-36,-15,29319],[-69,-24,72338],[-93,-22,410578],[-55,-26,51441],[-9,-11,33153],[-51,-29,73485],[-57,-21,31275],[-5,-10,26646],[-17,-1,73485],[-5,-13,26762],[-14,-2,26762],[-24,-20,36396],[-16,-5,85962],[-14,14,76550],[-15,-27,36615],[-19,-10,28599],[-7,-14,224540],[-50,12,33384],[4,-8,29050],[-28,9,81581],[7,12,48137],[-19,13,31340],[-7,17,78088],[-17,-18,32245],[-9,4,224540],[-24,47,74121],[0,30,44745],[-15,16,44745],[3,22,38182],[-11,27,211530],[-25,23,38799],[-27,9,31951],[-10,12,95089],[-16,-22,211530],[44,-42,45923],[14,-24,101183],[-24,-20,65141],[23,-3,29000],[10,-10,65141],[10,-37,101183],[-7,-9,26720],[23,6,34609],[22,-21,173441],[-12,-7,44171],[23,-21,44171],[16,-60,33327],[9,-20,984177],[-37,-4,35832],[-7,-8,35832],[-60,-13,236346],[-68,13,55821],[-18,-4,32507],[-25,8,32507],[-35,0,109935],[-46,-14,109935],[-27,-2,27373],[-28,5,27373],[-10,-4,41597],[-40,5,62740],[-40,-7,43083],[-44,2,88933],[-4,-7,34576],[-40,-6,76991],[-25,13,31370],[-1,9,0]],[[92688,89076,0],[8,11,32111],[27,12,85570],[35,-9,63950],[2,-12,30017],[-14,-11,85570],[-22,10,41153],[-25,-6,28923],[-11,5,0]],[[92768,89208,0],[24,9,51909],[22,-12,30710],[18,1,97534],[8,-28,62249],[-31,-5,97534],[10,-14,35691],[-21,0,35691],[5,17,35691],[-27,15,42228],[-8,17,0]],[[92825,89132,0],[27,8,42353],[19,20,150696],[11,-12,40017],[-1,-33,40017],[12,-41,95473],[-4,-22,36880],[-14,-2,150696],[-18,45,56987],[-10,5,30464],[-22,32,0]],[[93340,89174,0],[0,19,46732],[26,-3,46732],[-7,-12,28700],[-19,-4,0]],[[93688,88762,0],[26,-1,41991],[-2,-15,41991],[-24,16,0]],[[93697,88986,0],[27,11,63866],[14,-8,40168],[-5,-22,91267],[23,17,28153],[24,10,120638],[11,-12,45205],[-11,-28,138273],[5,-12,34026],[20,3,48141],[13,19,34521],[10,-6,77659],[4,-30,77659],[39,41,112607],[2,-26,47509],[18,25,47509],[12,2,27922],[13,-13,43391],[10,22,43391],[4,-32,454688],[-7,-20,28550],[-10,-1,64479],[0,-40,36134],[-7,-23,180694],[-38,-26,65118],[9,-27,36047],[2,26,36047],[39,9,65118],[10,-19,39328],[24,-10,54619],[19,15,28999],[10,-2,54619],[-5,-25,342129],[-31,-6,57413],[-19,-28,60264],[-34,-7,135252],[-29,18,30617],[-19,4,87553],[2,-22,44726],[-10,0,29971],[-12,20,44726],[-21,-15,454688],[-27,19,50904],[-9,24,35977],[-18,17,114839],[4,24,65949],[38,-16,114839],[-43,75,85522],[5,32,181614],[-21,-11,35547],[-12,7,60628],[11,27,60628],[-23,3,40987],[-11,17,0]],[[93945,88998,0],[9,1,27202],[-5,-19,27202],[-4,18,0]],[[95714,86474,0],[-34,1,0]],[[95318,86662,0],[-49,45,0]],[[95269,86707,0],[-56,54,0]],[[95080,86870,0],[-46,33,0]],[[95015,86916,0],[-46,32,0]],[[94856,87026,0],[-77,54,0]],[[94751,87099,0],[-23,16,0]],[[94453,88905,0],[0,1,0]],[[94453,88906,0],[1,-1,0],[29,19,38801],[11,-5,66148],[2,24,35009],[12,7,126827],[39,-36,136729],[24,13,52034],[7,17,31619],[10,3,27628],[10,18,371205],[24,-10,35466],[29,1,29348],[18,-7,59036],[43,1,189525],[17,-9,27961],[4,-12,29387],[21,-13,120730],[-10,-10,37997],[-34,-2,64064],[-9,-23,201666],[40,-8,54511],[48,7,104028],[58,-28,598301],[-8,-16,43479],[-37,-25,43479],[-12,-21,64715],[-26,-10,39368],[1,-13,34250],[-19,-8,265557],[-44,5,60608],[-7,-18,71968],[-64,-24,56169],[-5,-11,35373],[-34,-15,112734],[-58,-12,34370],[-56,-16,598301],[-7,-15,43515],[11,-38,160668],[37,13,54140],[35,18,27494],[35,24,160668],[49,-3,90514],[-16,-36,314729],[47,19,34816],[26,17,94077],[72,8,150709],[18,-10,31840],[8,-17,159197],[36,13,47541],[9,17,68466],[26,9,30107],[16,14,44424],[49,15,159197],[42,-21,937634],[11,-45,27116],[9,-9,27116],[1,-19,73564],[23,-20,80687],[-6,-17,43949],[19,-23,43949],[-2,-23,31885],[8,-13,164889],[-25,-16,97142],[19,-27,44517],[0,-22,65281],[15,6,33610],[7,-14,97142],[-18,-27,42117],[2,-21,85323],[22,-33,195733],[-20,-2,57441],[-1,-33,44354],[-14,-5,142543],[21,-36,91108],[-3,-49,41120],[-15,-14,41120],[-20,7,30704],[13,-15,28511],[18,-7,195733],[26,12,45926],[8,21,77695],[24,-16,474218],[18,-31,33388],[8,-26,54243],[-9,-7,42821],[15,-32,132390],[-21,-7,47364],[3,-13,29716],[-12,-13,132390],[11,-20,32655],[11,-43,72236],[-16,-26,30783],[0,-13,72236],[23,-16,217067],[-26,-47,111412],[16,-33,84392],[-2,-44,47444],[-12,-26,319944],[29,-15,81785],[9,-25,32114],[-5,-15,29243],[8,-18,141829],[-11,-19,41455],[-9,-56,141829],[13,-7,35349],[18,-31,64523],[-9,-18,64523],[8,-11,30140],[14,-39,53637],[-3,-22,937634],[-16,-1,27134],[-35,-12,52343],[-25,-19,62276],[-48,-8,135050],[-33,-29,58217],[-43,-28,37631],[-24,-8,374815],[-55,-5,49823],[-24,8,82778],[-57,-19,51638],[-22,3,224259],[-77,-63,97980],[-9,-16,48712],[37,4,97980],[10,16,29926],[25,19,34581],[2,15,28710],[13,7,97980],[24,-11,42945],[64,-11,125798],[-7,12,53808],[12,6,27085],[34,4,125798],[34,-4,27045],[15,-7,72043],[-1,-16,39942],[22,-12,102818],[30,-2,34490],[19,8,292338],[30,52,202422],[18,-6,39265],[48,1,77314],[23,18,77314],[25,-2,27601],[26,-8,62706],[30,16,41690],[9,-8,374815],[16,29,42060],[17,7,63856],[12,40,143556],[-13,3,27904],[-33,21,143556],[-12,31,59599],[19,19,96077],[-10,34,40766],[-22,27,31157],[1,8,142458],[39,17,142458],[-6,31,46533],[-16,2,46533],[-27,63,374815],[-1,20,29588],[9,33,57146],[19,23,57146],[3,40,218147],[36,-1,55871],[5,-19,73815],[24,6,34818],[3,14,34818],[14,-23,34818],[7,9,784334],[-27,33,73171],[23,16,75500],[-5,24,28115],[-8,2,28115],[-17,38,183234],[-56,34,84731],[-33,41,30685],[-3,10,456156],[13,28,48626],[-11,22,48626],[17,14,56831],[-6,14,30416],[3,28,56831],[17,12,90455],[-4,42,243867],[-18,16,40071],[-12,31,48008],[5,17,48008],[-27,11,48008],[0,13,27013],[-13,14,220066],[-10,60,29720],[6,9,29720],[-12,14,95654],[17,-1,63641],[11,-21,30044],[6,-30,95654],[9,-8,32577],[7,21,50746],[-12,27,50746],[4,38,27275],[-2,18,1157486],[37,0,60487],[18,16,42006],[35,7,82388],[-10,-18,56405],[27,2,28321],[11,15,28321],[6,-7,82388],[21,6,27165],[-3,7,27165],[32,19,85205],[24,0,45944],[60,22,55004],[28,-1,520195],[11,-30,91587],[22,-1,28757],[11,-10,28757],[44,-17,149602],[-14,-10,37413],[-42,-9,49759],[-15,-19,45032],[-26,-4,90830],[-12,-15,29005],[5,-9,49864],[28,14,149602],[66,14,33378],[22,14,33378],[2,-10,33378],[24,5,80790],[19,17,43815],[31,6,171185],[34,-29,70558],[40,-1,102713],[13,-27,51545],[18,-6,33020],[14,-17,520195],[49,-6,89070],[-2,36,157975],[-17,15,33935],[-50,28,65320],[-14,24,293427],[17,6,35371],[12,-13,35371],[20,5,74153],[28,-12,32392],[14,-15,91604],[44,3,47377],[12,-8,31653],[26,0,253487],[16,-18,33161],[21,-9,36053],[7,-16,36053],[20,-7,163467],[19,14,31841],[17,0,36910],[18,16,36600],[29,9,121688],[32,-1,55058],[5,-21,163467],[-16,-17,35338],[-30,-12,70698],[-28,0,28982],[-21,-7,100932],[5,-9,37482],[-21,-21,293427],[52,-43,47076],[10,-17,137669],[36,5,35637],[32,-3,175983],[-23,25,31550],[-28,13,31550],[-3,10,94330],[33,0,45870],[17,-14,64511],[57,2,70245],[-12,22,70245],[-28,-2,32733],[-17,-10,70747],[-33,24,175983],[30,9,35802],[17,-6,29786],[15,6,57586],[-3,25,57586],[11,5,27849],[21,-6,57586],[-10,-14,28543],[6,-9,57586],[36,-6,50157],[26,12,160506],[42,-13,43368],[2,-14,36826],[21,4,27923],[3,-9,1157486],[-20,-19,29887],[7,-3,33864],[-32,-35,71216],[-12,4,37477],[10,-32,210814],[-19,4,27787],[-31,-4,27787],[-23,3,102017],[-37,-9,50936],[-22,-21,333950],[1,-13,30433],[16,-10,39731],[1,-18,28914],[12,-21,138929],[-32,-80,0],[26,-14,0]],[[95201,87978,0],[29,-9,37740],[3,-9,30404],[28,-12,84695],[-12,-11,48030],[-38,9,84695],[4,20,38140],[-14,12,0]],[[95924,88482,0],[31,-6,56505],[2,-23,56505],[-32,16,41861],[-1,13,0]],[[94018,88055,0],[-1,0,0]],[[94017,88055,0],[22,5,0],[18,18,96358],[75,6,49326],[28,13,43033],[29,-1,232246],[16,15,43429],[-10,18,72380],[34,-9,72380],[36,8,50654],[32,24,141039],[27,-1,48290],[23,-21,141039],[10,24,68549],[-4,20,34610],[-20,28,84904],[20,14,1004972],[-20,22,50423],[-43,19,181904],[23,15,85557],[-16,19,40830],[-36,20,85557],[-13,38,59768],[-29,24,67324],[-6,20,29604],[-18,27,32109],[-6,21,381463],[11,8,28582],[-1,16,50361],[22,13,34172],[-4,9,34172],[26,27,68488],[-14,1,138428],[-11,49,27705],[-4,32,304841],[-47,46,43277],[-20,11,140624],[-17,34,43573],[-2,29,54436],[-23,38,942691],[29,14,32448],[15,16,137461],[-5,14,33874],[13,15,49084],[-12,28,87447],[27,56,344518],[38,9,62712],[20,15,31280],[3,13,138837],[17,-5,37498],[15,15,45029],[15,-10,45029],[22,16,68303],[24,4,28164],[23,-4,36999],[-1,8,36999],[37,-4,0],[68,-48,0]],[[94022,88284,0],[19,11,46160],[23,-17,44785],[12,11,123276],[-6,37,54284],[-21,24,179156],[38,5,67115],[17,29,114402],[26,-2,33583],[9,23,33583],[3,-19,52172],[26,-15,326526],[12,-33,90246],[22,-15,36372],[17,-25,43216],[19,-11,27186],[25,-23,326526],[-9,-12,63299],[-73,8,79699],[-29,-8,33227],[13,-5,26953],[-19,-6,86901],[-23,8,51786],[-23,-5,27133],[-14,-10,51786],[-20,6,31702],[-28,-5,225989],[-16,49,0]],[[89412,84143,0],[31,28,7518],[328,295,82589],[166,151,7222],[59,54,0]],[[90410,85048,0],[182,166,21894],[110,100,7830],[112,101,0],[170,238,0]],[[90984,85653,0],[61,85,0],[2,4,0]],[[91047,85742,0],[3,-11,0]],[[92607,85321,0],[-15,-13,0],[5,-16,43603],[-16,-30,0]],[[92581,85262,0],[-19,-11,0]],[[92554,85240,0],[-11,-14,10862],[-1,-5,0]],[[92538,85208,0],[1,-5,0]],[[92539,85203,0],[3,-16,32930],[-10,-23,7818],[-1,-1,0],[-30,-24,0]],[[92491,85131,0],[-23,-15,8455],[-19,-13,0]],[[92421,85083,0],[-55,-28,8443],[-2,-1,0]],[[92351,85048,0],[-6,-4,0]],[[92312,85017,0],[-3,-4,0]],[[92304,85004,0],[-9,-15,0]],[[92295,84989,0],[0,0,6973],[-48,-39,6973],[0,0,0]],[[92169,84897,0],[-14,-13,22744],[-63,-50,69578],[-1,0,6973],[-31,-12,6973],[0,0,0]],[[92060,84822,0],[-58,-4,0],[-44,10,6973],[0,0,0]],[[91958,84828,0],[-28,37,0]],[[91930,84865,0],[-5,35,0]],[[91925,84900,0],[0,5,0]],[[91921,84910,0],[-3,2,0]],[[91903,84911,0],[0,0,6973],[-31,-13,0]],[[91872,84898,0],[-13,9,0]],[[91855,84909,0],[-3,1,0]],[[91839,84904,0],[-18,-23,0]],[[91821,84881,0],[-1,0,6973],[-43,-21,42922],[-16,0,6973],[-3,0,0]],[[91716,84859,0],[-4,1,0]],[[91697,84857,0],[-15,-5,0]],[[91682,84852,0],[-1,0,6973],[-32,1,0],[-3,1,0]],[[91552,84844,0],[-27,-9,0],[-27,4,6973],[-1,0,40770],[-2,10,34185],[-27,8,0]],[[91468,84857,0],[-5,6,0]],[[91462,84869,0],[-1,1,0]],[[91457,84872,0],[-1,0,0]],[[91453,84872,0],[-1,1,17890],[-37,-20,0],[-1,0,0]],[[91412,84851,0],[-11,-15,15672],[-5,-2,0]],[[91384,84830,0],[-2,-2,8371],[-20,-8,0]],[[91358,84816,0],[-6,-9,0]],[[91347,84801,0],[-2,-3,0]],[[91345,84798,0],[-29,-8,9470],[-5,-2,0]],[[91290,84775,0],[-17,-10,31571],[-34,-8,6973],[0,0,0]],[[91231,84755,0],[-16,-13,13216],[-6,-3,0]],[[91194,84725,0],[-12,-10,0],[-14,-6,0]],[[91168,84709,0],[-4,-1,0],[-30,-6,0]],[[91068,84676,0],[-3,-4,0]],[[91052,84646,0],[-2,-5,0],[-9,-83,58115],[-12,-17,0]],[[91029,84539,0],[-7,-11,0],[-2,-13,0]],[[91017,84488,0],[1,-19,0]],[[91020,84455,0],[3,-26,0],[-1,-21,0]],[[91021,84347,0],[0,-7,0]],[[91033,84316,0],[3,-4,0]],[[91051,84303,0],[2,-1,0],[1,-1,0]],[[91071,84297,0],[8,-1,15988],[26,-13,47119],[38,-30,152674],[13,-30,62814],[-1,-33,36338],[-9,-10,0]],[[91131,84163,0],[-1,-2,0]],[[91111,84111,0],[-1,-2,0]],[[91110,84109,0],[0,-2,0]],[[91108,84093,0],[-2,-13,0],[6,-20,0]],[[91113,84057,0],[1,-2,6973],[8,-23,30699],[-7,-3,0]],[[91082,84012,0],[-1,-1,0]],[[91078,83997,0],[0,-2,9520],[12,-54,53955],[-9,-11,0]],[[91078,83923,0],[-8,-12,51302],[13,-33,28359],[2,-17,104563],[-30,-74,10742],[0,0,0]],[[91043,83771,0],[-41,-57,0]],[[91002,83714,0],[-33,-19,50525],[-37,-6,9484],[-3,-1,0]],[[90920,83676,0],[1,-2,0]],[[90921,83674,0],[30,-38,120497],[-34,-55,10682],[-3,-3,0]],[[90912,83574,0],[-22,-54,0]],[[90887,83513,0],[-2,-4,0]],[[90888,83494,0],[5,-11,19795],[10,-36,81825],[-5,-17,28245],[-16,-15,0]],[[90860,83410,0],[0,-2,0]],[[90860,83408,0],[-2,-14,0]],[[90857,83386,0],[3,-2,0]],[[90860,83384,0],[13,-8,32612],[2,-5,6973],[7,-17,0]],[[90882,83354,0],[14,-28,264343],[-298,-337,239336],[-63,-29,0]],[[90535,82960,0],[-74,-75,7034],[-99,-98,0]],[[90362,82787,0],[-136,-178,156991],[-55,-33,521852],[-78,105,136565],[-69,42,0]],[[89318,83312,0],[17,86,8103],[55,274,0]],[[94051,87585,0],[0,-2,0]],[[93992,87617,0],[11,-22,0],[-3,-14,42010],[21,-39,55918],[6,-25,29693],[-3,-21,127575],[30,2,32908],[16,-7,127575],[-23,59,37320],[-4,23,0],[8,12,0]],[[93416,87145,0],[0,7,0],[-9,22,42384],[2,30,37821],[-9,25,110523],[6,25,40643],[-7,32,40643],[3,38,29998],[-4,22,62594],[6,33,213369],[-18,33,33707],[-8,1,99131],[-13,30,29148],[3,6,30344],[-5,43,40076],[-11,35,0],[-8,21,0]],[[93273,87532,0],[19,-18,30266],[22,-11,62184],[-24,-4,62184],[6,-38,126542],[41,3,80144],[-5,-36,80144],[25,-5,37674],[-11,-10,37674],[23,-22,326287],[-29,0,27253],[-5,-6,49603],[29,-11,49603],[-14,-46,105770],[14,-20,53387],[4,-49,105770],[-5,-23,28847],[-12,-18,70327],[8,-37,35862],[-4,-17,0],[5,-31,0]],[[92136,87766,0],[-9,-19,27116],[-19,-21,35697],[-7,-21,112396],[-59,-22,164853],[17,-42,38563],[-4,-11,335458],[-53,14,76942],[5,5,32536],[-33,14,49032],[15,9,107605],[-65,8,38734],[-20,7,335458],[-27,-42,161459],[-14,-5,27369],[-34,2,57152],[-84,9,161459],[-2,-8,33237],[-31,7,42762],[-9,-5,27629],[-58,-9,38255],[-38,-3,119856],[-105,26,68843],[-2,-10,105278],[70,-29,41969],[37,-11,571589],[36,6,48247],[47,1,32129],[50,6,32129],[29,-1,120854],[5,-14,62166],[34,6,44462],[29,-8,174999],[71,11,60032],[24,21,44454],[18,-3,174999],[7,-15,28558],[10,-41,571589],[-9,-13,29996],[-18,-2,50552],[1,-22,50552],[-19,1,39895],[8,-18,39895],[-19,-16,51758],[-28,-49,51758],[-20,-14,90531],[-2,-14,30311],[-19,-20,30311],[-15,-30,241144],[-13,-4,29305],[-36,-24,57577],[-52,-15,207388],[13,-11,27113],[-3,-11,36129],[20,-15,88524],[-26,-22,48558],[-49,-13,48157],[-3,-11,88524],[34,11,32503],[25,1,88524],[8,-10,54201],[18,20,31211],[12,25,59656],[-4,18,88524],[49,-27,27763],[6,-7,650601],[29,21,47363],[23,-1,75112],[23,20,34752],[5,16,75112],[44,23,61035],[3,11,40006],[41,31,269022],[0,12,30307],[16,32,72743],[50,64,78729],[18,33,37440],[-3,12,347637],[42,30,60377],[65,34,42026],[13,3,29731],[18,18,29731],[33,18,98165],[21,0,0],[0,1,0]],[[90721,87023,0],[-84,163,0]],[[90549,87461,0],[-44,139,0],[-39,12,15449],[-250,81,11682],[-75,24,0]],[[91894,87650,0],[6,21,35513],[12,-5,35513],[-18,-16,0]],[[93888,87843,0],[4,2,0],[43,8,47427],[22,-8,107166],[14,-36,85862],[12,-3,41206],[-32,-18,29669],[-16,-3,107166],[-10,46,54059],[-15,3,0],[-1,-2,0]],[[93016,85542,0],[-12,-8,22260],[-19,-8,8308],[-10,-2,0]],[[92956,85513,0],[-17,-15,0]],[[92939,85498,0],[-1,-1,0],[-17,-8,6973],[-5,-2,0]],[[92906,85482,0],[-5,-2,7582],[-1,-3,0]],[[92900,85469,0],[1,-7,33377],[-33,-47,82768],[-26,4,0]],[[92832,85416,0],[0,0,6973],[-16,-23,50974],[-20,-5,13726],[-10,0,0]],[[92741,85380,0],[-1,0,6973],[-16,-11,0],[0,0,6973],[-42,-2,6973],[-3,0,0]],[[92630,85350,0],[2,-7,23711],[-12,-11,6973],[-3,-1,0]],[[91047,85742,0],[127,177,0],[63,88,0]],[[93828,85704,0],[-33,-54,0],[-34,-35,39052],[-41,-33,6973],[-2,-1,70765],[-52,-32,207580],[-60,-29,43633],[-5,-2,8303],[-74,-28,69628],[-45,-12,0]],[[93480,85479,0],[-2,0,0]],[[93460,85473,0],[-26,-3,12119],[-3,1,0]],[[93431,85471,0],[-1,0,6973],[-26,8,27667],[-9,9,6973],[0,0,0],[0,1,0]],[[93395,85489,0],[-5,38,7471],[-1,1,0]],[[93376,85540,0],[-4,3,0],[0,0,6973],[-33,20,9635],[-2,1,0]],[[93325,85570,0],[-1,0,0]],[[93324,85570,0],[-2,0,0]],[[93307,85568,0],[-11,-3,8822],[-11,-2,49586],[-36,15,6973],[-2,1,0],[-6,3,0]],[[93238,85583,0],[-31,14,0],[-5,2,0]],[[93197,85601,0],[-5,1,0]],[[93185,85605,0],[-5,1,0]],[[93180,85606,0],[-7,1,0]],[[93167,85608,0],[-9,1,0]],[[93088,85596,0],[-24,-13,41250],[-16,-21,35126],[-27,-17,0]],[[94051,87585,0],[3,4,0],[-9,22,42178],[14,10,75907],[-20,18,54684],[-6,25,32272],[9,10,32272],[-14,11,207877],[7,27,39609],[18,19,27912],[2,11,105921],[30,15,33581],[19,-4,28227],[4,8,400537],[-16,38,62450],[9,31,152245],[-22,1,46307],[-10,13,31564],[10,9,63041],[-40,8,35521],[-17,11,228898],[16,27,104201],[-21,23,56163],[-20,55,104201],[-2,37,28102],[-5,35,0],[27,6,0]],[[77534,97418,0],[-6,-6,0]],[[77528,97412,0],[-10,1,0],[3,13,37645],[-30,-23,37645],[-35,-8,94775],[-9,32,101512],[-15,-9,28860],[-14,4,28053],[-15,-9,66276],[-4,22,75856],[-22,-6,29514],[-22,4,50929],[-31,-15,173893],[-12,15,27819],[2,14,86838],[-23,1,29695],[-27,10,29695],[-17,-1,287934],[-11,-28,82894],[-45,-24,34526],[-26,-8,381893],[-11,15,41236],[-45,25,120783],[-11,-15,37978],[17,-8,43892],[-10,-14,29769],[-1,-22,120783],[-35,-7,49850],[-10,-9,26634],[-35,-16,111498],[-33,14,57871],[-14,-12,41568],[-27,5,165354],[-10,-16,37717],[-32,-18,84252],[-30,-4,41330],[-26,11,26510],[-11,-2,84149],[-8,-25,165354],[-71,-18,77694],[-98,-5,1443591],[-33,8,38767],[-41,16,26561],[-16,1,26561],[-24,14,232399],[-14,19,28811],[-23,19,66838],[9,19,90621],[-50,32,123114],[19,14,66089],[-3,13,34489],[-23,10,43697],[2,16,279910],[39,26,41381],[-7,7,39711],[30,3,25986],[18,8,127603],[40,-4,63377],[42,8,30843],[31,10,279910],[-26,6,33486],[-41,2,28851],[-31,6,73559],[20,11,49985],[-43,5,109397],[-74,-8,60310],[-24,9,645631],[12,5,27073],[29,0,44974],[-20,9,44974],[50,7,38974],[-15,5,56865],[15,21,122263],[-12,10,35856],[4,12,27456],[-8,18,263595],[30,0,59367],[48,29,94119],[33,2,34494],[22,9,34494],[21,-1,27343],[17,7,29389],[58,14,524781],[-11,12,34059],[13,9,25837],[-15,2,25837],[6,10,146624],[36,-3,52840],[61,16,52840],[-31,2,39791],[-39,-9,54421],[-66,13,54421],[13,10,37290],[-25,6,69803],[-53,-3,69803],[15,23,69803],[-21,8,26968],[3,7,30772],[-22,7,38697],[-46,-3,38697],[27,9,38697],[-7,11,29847],[-26,9,146624],[28,13,0],[-1,15,0]],[[76564,97857,0],[2,0,0]],[[76396,97524,0],[19,8,40670],[-8,18,60061],[30,-8,60061],[-19,-14,31044],[-22,-4,0]],[[67254,93536,0],[-28,-3,68475],[-28,35,264257],[11,54,84536],[-25,15,46846],[1,20,115220],[32,19,28996],[10,12,70663],[-3,18,27775],[8,14,115220],[-11,7,36042],[-27,-12,34735],[-10,6,183161],[7,23,30454],[-6,14,30454],[11,11,63841],[19,-3,92509],[2,33,29700],[-5,19,56813],[12,25,633390],[65,51,52985],[27,30,170562],[-13,10,30627],[-17,-5,59351],[-12,-26,59351],[-25,-10,28381],[-23,-17,78893],[-16,8,67273],[-38,-15,38896],[-23,-18,170562],[-22,17,33225],[-9,19,33225],[-19,14,55635],[-6,26,29162],[-9,3,285223],[-29,-17,26239],[-19,-5,132205],[0,-22,30202],[-9,-12,40486],[2,-33,47977],[20,-23,47977],[-24,1,270135],[-22,33,29463],[-25,29,115559],[-24,16,50938],[-21,-3,26815],[-19,5,1540631],[1,-34,46621],[27,-8,39720],[-12,-10,46621],[7,-20,28948],[-1,-28,75531],[-13,-18,56462],[5,-49,75531],[21,14,75531],[15,-26,53618],[-1,-44,72379],[-12,0,27839],[-7,-15,72379],[26,-43,336713],[-12,-50,100676],[-21,-12,45611],[-27,7,202555],[0,27,57046],[-16,13,29512],[-13,24,57046],[-17,53,336713],[-36,1,71742],[-13,-33,143484],[14,-43,46927],[-5,-10,30927],[7,-34,173989],[-23,-13,73525],[-20,-28,32918],[0,-24,32918],[-11,-2,54621],[-33,-35,893896],[-36,6,46943],[-23,18,103951],[-1,24,30676],[-11,23,214671],[-25,6,29958],[-8,-7,46578],[-3,38,34731],[-9,14,46578],[-15,-8,46578],[16,-24,46578],[-16,-14,94391],[6,-17,32556],[21,-20,94391],[-29,-21,63631],[-39,4,416428],[2,13,32897],[-9,22,26177],[-3,22,75438],[-18,28,41056],[-15,3,75438],[2,37,180679],[-21,16,30367],[-16,23,39193],[0,19,36018],[-16,7,97237],[2,20,48714],[-32,-26,97237],[-16,29,47141],[7,16,39370],[-11,24,893896],[-13,-20,34751],[-29,-22,112886],[-6,-24,31342],[5,-16,67427],[-20,-21,51643],[1,-27,35747],[-11,-17,253617],[5,-27,36761],[-6,-27,36761],[5,-14,28915],[-2,-35,104390],[16,-12,26363],[16,-1,68229],[-11,-11,35120],[5,-21,498742],[-11,-12,33841],[-25,-2,34651],[-29,-18,52673],[-27,-3,28440],[-20,-9,195990],[-26,11,56224],[-26,-5,40426],[-34,9,29605],[-12,-3,78534],[-27,18,437018],[6,23,30974],[11,5,30974],[17,37,78742],[-10,24,80664],[20,16,41573],[-13,10,41573],[20,54,57649],[17,22,498742],[2,39,35288],[-7,11,89640],[-27,-45,37406],[-4,-18,89640],[-13,28,53025],[-25,5,76367],[-5,-32,115970],[-15,-3,32104],[-27,-22,47985],[0,-19,42455],[-11,6,28961],[-11,-12,127434],[-41,13,65026],[-25,-16,288005],[-3,-24,29976],[4,-33,36153],[23,-3,27617],[0,-14,26975],[-12,8,31636],[-5,-18,170058],[-16,-7,29120],[-7,-14,29120],[-23,-16,36764],[0,-8,31625],[-27,-20,288005],[-35,10,62233],[-37,-16,115374],[-13,5,26596],[-15,19,37311],[-18,-3,37311],[3,18,0],[-7,-7,0]],[[65817,93428,0],[1,8,0]],[[66028,93506,0],[3,26,63583],[28,-10,43994],[6,-19,63583],[-30,-7,39283],[-7,10,0]],[[66095,93564,0],[13,7,37167],[4,-23,37167],[-17,16,0]],[[66156,93577,0],[16,14,28842],[-3,-15,28842],[-13,1,0]],[[66379,93487,0],[7,10,34500],[23,-5,34500],[12,13,26304],[2,-12,26304],[-26,-8,26304],[-18,2,0]],[[66443,93603,0],[7,9,35094],[11,-15,29527],[-3,-14,35094],[-15,20,0]],[[66499,93485,0],[16,19,45775],[9,-19,45775],[-25,0,0]],[[66831,93450,0],[14,17,26293],[4,16,62823],[7,-25,27110],[-2,-17,62823],[-23,9,0]],[[67094,93681,0],[18,34,83329],[0,-20,34117],[13,-1,34117],[8,-29,83329],[-9,-10,29574],[-9,12,29574],[-17,-6,55726],[-4,20,0]],[[67167,93770,0],[3,16,34737],[19,6,58301],[0,-20,26549],[-8,-23,58301],[-12,4,28543],[-2,17,0]],[[65850,94549,0],[17,18,0]],[[65867,94567,0],[2,-3,0],[36,-2,40868],[5,-11,45255],[60,-32,53466],[21,-3,144765],[19,-30,34494],[-4,-10,34494],[21,-16,144765],[38,13,46288],[23,-5,114138],[4,-28,30009],[8,-9,73025],[37,-6,1054975],[44,28,119270],[-29,31,36647],[-21,12,119270],[17,36,51552],[-16,24,51552],[18,13,212716],[-41,16,54860],[-28,27,224307],[-5,30,44158],[-15,12,32683],[-5,21,74068],[13,29,39579],[-8,10,143275],[62,14,110386],[-4,12,31180],[-23,3,31180],[2,9,41171],[-25,3,40662],[24,13,438341],[-60,29,68316],[-2,10,45829],[-25,9,32839],[0,10,32839],[-26,16,68316],[-27,2,438341],[-2,10,28940],[18,6,28940],[28,26,142238],[-5,22,28226],[-16,33,78690],[17,35,42210],[-8,7,278964],[19,12,30086],[18,22,32817],[15,7,32817],[1,17,32817],[18,12,139329],[80,14,789179],[-37,25,26415],[-1,5,50402],[-35,12,74087],[8,12,30846],[-13,9,148692],[34,-4,37194],[37,-13,37194],[39,-5,148692],[4,-26,49820],[-18,-25,148692],[29,-43,50505],[17,-7,27210],[11,-15,97312],[-16,-18,45383],[15,-15,47070],[-19,-23,47070],[2,-25,97312],[11,-5,31773],[29,7,70614],[-6,29,145991],[43,-8,74787],[42,-30,34342],[23,-11,145991],[-12,-7,35557],[-30,5,44138],[-29,-12,181883],[25,-18,33034],[27,-30,34625],[31,-19,32419],[15,-17,789179],[73,-14,92818],[-15,-12,49455],[19,-24,79096],[28,3,37523],[12,13,79096],[-37,19,34885],[5,5,79096],[41,0,28239],[40,5,155611],[-19,17,28195],[7,3,81036],[53,-10,41153],[-17,11,41224],[7,8,29141],[25,3,225403],[-41,10,36022],[-47,5,79301],[-38,24,225403],[22,8,30969],[29,0,30969],[0,8,127390],[-31,20,60543],[-13,23,28179],[10,8,28179],[-15,7,127390],[-44,9,59807],[-15,22,82360],[22,4,43317],[31,-5,26452],[17,-9,82360],[15,14,29083],[5,17,248477],[25,-3,43830],[38,13,91410],[2,15,44446],[33,3,45899],[18,22,176318],[-41,27,97378],[13,3,35702],[26,28,76896],[-27,15,162404],[-1,13,34457],[21,3,52300],[21,-15,52300],[17,11,32691],[23,0,1666077],[8,-12,31098],[21,-5,71340],[30,-57,118947],[56,-28,78966],[20,-36,59918],[32,-16,209771],[14,0,28314],[29,15,54294],[13,23,45108],[-5,8,30146],[29,-2,209771],[45,-27,121748],[-2,-9,31457],[-30,-23,54701],[-15,1,26613],[-15,-9,121748],[6,-11,30649],[24,-9,63231],[-26,-19,63231],[10,-12,30306],[20,-3,225409],[41,30,57132],[37,9,115160],[57,-11,55105],[-19,-9,225409],[-26,-41,30965],[-10,-5,28288],[-2,-21,130546],[43,4,33781],[-4,6,33781],[47,17,130546],[-4,-9,27170],[18,-4,30319],[-7,-8,82491],[-23,5,26693],[-10,-5,53042],[3,-21,53042],[-24,-5,38814],[-9,-17,599245],[16,-8,29216],[28,-1,90019],[-81,-14,72445],[-52,3,27185],[-25,-2,104720],[-11,-11,37336],[-34,2,37336],[-36,-15,37336],[35,5,72393],[50,-5,42208],[-8,-7,72393],[-47,-6,28012],[-31,0,250828],[5,-6,42163],[-54,-15,62081],[24,-8,62081],[-23,-13,30235],[17,0,32463],[-26,-15,40187],[5,-7,96816],[-52,-19,71182],[-26,-23,35218],[4,-7,513894],[39,-10,32992],[29,-13,200212],[-15,-22,40235],[13,-5,40235],[-13,-80,78620],[16,-14,36898],[-6,-15,599245],[28,15,28243],[-5,7,28243],[24,5,28243],[36,23,143706],[61,-1,59134],[15,7,28707],[43,6,241417],[19,22,35446],[2,18,67690],[33,11,144044],[-39,2,36464],[-8,10,36464],[-26,-7,36464],[-29,6,82870],[-32,-12,82870],[-18,9,38264],[-31,-10,38264],[17,17,38264],[-21,13,144044],[30,8,38588],[35,-2,45815],[-13,-16,45815],[26,-6,45815],[9,7,27083],[-4,17,52694],[27,11,144044],[30,-12,39079],[-11,-12,39079],[29,-1,76705],[-7,19,50500],[32,1,71763],[34,-21,144044],[-25,-24,37585],[8,-6,105099],[67,43,45953],[10,14,62331],[59,31,0],[1,-2,0]],[[67182,94665,0],[-19,-35,0]],[[66857,94563,0],[32,11,37403],[16,-4,60357],[-22,-21,60357],[-26,14,0]],[[65753,94164,0],[-1,-5,0]],[[65662,93948,0],[-7,0,0]],[[65655,93948,0],[2,7,0],[21,14,70642],[-18,15,28828],[-19,5,56753],[-25,-7,70642],[-31,11,44760],[-3,10,28414],[-20,12,154870],[-38,-8,40968],[-26,4,51503],[-11,-21,51503],[-18,-4,36243],[-5,16,154870],[8,31,27316],[14,30,446655],[25,12,29756],[3,10,49472],[22,-2,53356],[18,7,29492],[9,16,29782],[20,9,69726],[22,-11,41058],[24,7,69726],[4,25,127995],[18,10,27831],[13,-3,27831],[49,8,59920],[17,15,35348],[20,2,0],[3,-4,0]],[[65587,94138,0],[20,15,38692],[4,-14,38692],[-24,-1,0]],[[65817,93428,0],[-9,-10,0],[-14,25,34705],[8,6,69164],[-42,29,271938],[15,14,56158],[-8,14,30618],[8,15,30618],[-11,7,56158],[3,30,36520],[14,31,64321],[-5,4,27175],[0,33,64321],[11,33,29667],[-5,7,29667],[11,23,119900],[27,22,89710],[-47,12,44912],[-13,-2,26931],[5,14,111583],[37,34,67484],[9,26,41501],[-17,-5,545963],[-57,-56,63554],[-25,-7,60441],[-8,-13,27353],[-22,-12,33860],[-16,-22,143580],[22,-9,71218],[-6,-13,34787],[-22,-1,34787],[-32,-17,71218],[-11,-19,26825],[-14,-7,50329],[-12,-37,421258],[10,-23,60724],[-8,-34,33830],[0,-31,100184],[14,-50,45989],[-7,-18,45989],[22,-14,545963],[-6,-20,60434],[-18,-15,29419],[-35,-20,180238],[-37,0,87994],[-25,22,28460],[-12,2,53724],[-11,25,180238],[-22,-11,30119],[-19,1,47300],[-13,-16,103595],[-49,3,37407],[-5,11,37407],[-28,-8,0],[-26,3,0]],[[65609,93507,0],[16,24,29590],[-8,13,29590],[12,6,45213],[25,30,82116],[-15,6,30027],[2,13,82116],[29,28,34620],[2,17,34620],[17,4,152846],[32,-11,152846],[-17,-22,32810],[-1,-15,71789],[-17,-8,29782],[-4,-15,35360],[-18,-9,27806],[-10,-20,27806],[-5,7,76939],[-15,-52,76939],[-25,4,0]],[[65715,93517,0],[9,-9,27046],[-9,-11,27046],[0,20,0]],[[65757,93428,0],[6,13,27475],[10,-7,27475],[-16,-6,0]],[[65316,93384,0],[-1,0,0],[-8,13,48340],[-15,-4,28513],[-13,-15,89805],[17,-7,36211],[39,-36,109935],[3,-26,70263],[-41,-23,350001],[-13,5,31012],[-29,-5,39295],[-29,8,62168],[-11,19,60592],[-45,-1,119645],[-4,8,32284],[-44,21,45398],[-5,18,45398],[-27,-1,109457],[-18,-18,26948],[-24,-15,109457],[-11,6,28048],[15,8,28048],[-7,14,51393],[-24,16,350001],[13,9,39800],[62,11,56223],[11,13,54884],[46,-8,144867],[22,8,28711],[11,13,42956],[24,-7,42956],[-22,24,42956],[19,9,350001],[-35,4,32968],[-2,8,43821],[65,-10,60569],[-47,27,60569],[-26,-4,86583],[-8,14,40958],[16,20,157531],[33,-3,42516],[50,9,70588],[9,7,30763],[-35,-4,30763],[-23,8,70588],[46,24,157531],[-38,-10,45796],[7,15,45796],[-46,-2,56923],[4,16,53071],[-42,-6,289798],[5,23,43527],[23,23,66594],[24,-3,66594],[-5,45,83393],[5,7,31209],[31,-1,83393],[-6,15,33875],[10,14,28762],[-12,9,27365],[9,8,825207],[28,-8,69127],[17,24,32183],[15,7,69127],[36,-2,183574],[17,29,51232],[-13,2,34985],[6,21,135601],[22,10,37929],[10,20,69853],[30,1,52280],[33,23,254347],[40,-12,84649],[20,17,38084],[29,8,78240],[40,-10,254347],[22,28,41152],[23,11,58324],[3,20,95929],[18,4,32475],[8,16,43672],[16,-3,41787],[28,20,95929],[-14,23,0],[2,5,0]],[[65973,92353,0],[14,5,25884],[22,21,42685],[20,-2,42685],[6,20,45402],[21,6,37575],[28,22,198641],[16,-8,30504],[18,4,60251],[25,22,87095],[26,3,30542],[15,-7,43926],[55,4,228687],[-6,-14,77005],[26,-19,40092],[25,-4,45250],[5,-18,37035],[19,-2,123268],[27,12,32626],[19,0,228687],[6,-15,27356],[-8,-8,56418],[28,-51,99401],[22,-5,36390],[16,-17,116771],[-4,-26,60448],[6,-24,33597],[17,-28,228687],[16,-2,35607],[24,-23,49267],[17,3,63657],[-16,20,28343],[-18,10,77061],[13,64,228687],[-33,61,30434],[-10,13,61529],[6,14,61529],[-43,50,166862],[-27,12,37038],[-13,18,40557],[-25,3,33958],[-8,12,228687],[39,14,70623],[16,29,28092],[12,11,161227],[45,2,64289],[39,24,64289],[34,6,33721],[37,17,32956],[15,0,303488],[20,-30,30772],[11,-4,30772],[6,-23,57667],[17,-5,98438],[0,-23,26462],[-6,-22,92958],[19,-34,52957],[20,-1,303488],[34,32,55256],[27,1,55256],[1,14,28105],[14,13,235071],[-40,55,32402],[-12,23,120402],[1,32,29010],[6,23,614998],[15,-1,30715],[53,14,74781],[79,5,49620],[13,-7,222297],[-2,-37,45376],[-12,-20,37725],[4,-21,37725],[-9,-36,32929],[-1,-29,181527],[10,-15,28567],[12,-36,39545],[-1,-21,39545],[17,-36,222297],[10,15,33355],[8,38,96179],[-10,29,40367],[8,16,40367],[-8,16,26382],[6,9,26382],[-7,15,96179],[7,12,38879],[3,49,39977],[14,43,39977],[-4,13,222297],[28,23,66596],[38,3,32423],[21,9,125119],[53,-21,304160],[10,-38,29396],[9,-13,48678],[4,-40,87621],[16,-10,37751],[-2,-20,37751],[17,-15,87621],[-1,-36,39273],[-10,-4,132546],[16,-37,40656],[22,-25,304160],[-2,29,37364],[9,30,37364],[5,61,135722],[-14,27,37431],[5,13,37431],[-12,43,30420],[1,17,32001],[-16,24,32001],[8,3,99439],[10,35,304160],[59,-2,57252],[44,15,25501],[4,-3,0]],[[65608,94294,0],[64,45,0]],[[65753,94164,0],[4,-6,0],[15,17,30212],[3,-11,64187],[73,76,171063],[-25,52,326506],[-91,-3,89278],[-15,-17,32786],[-18,-4,127832],[9,15,30578],[-18,-6,30578],[-9,11,65778],[-35,-10,42900],[-13,8,0],[-25,8,0]],[[67182,94665,0],[23,-55,0],[-13,-12,51136],[9,-22,33509],[14,-5,74255],[-1,-25,28572],[7,-6,40115],[-5,-36,51636],[12,-14,51636],[-11,-10,27403],[-6,-22,88975],[15,-59,181457],[29,-26,38577],[19,-5,94135],[1,-26,27048],[10,-6,27048],[-15,-8,560496],[23,-11,53487],[34,13,97420],[-3,13,40712],[-31,7,43485],[-6,17,97420],[34,25,30851],[-9,12,30851],[20,-3,170471],[18,33,48526],[5,17,26973],[-8,7,71911],[-25,-14,104118],[-33,4,46099],[0,16,46099],[-35,18,170471],[22,24,73805],[13,-6,29010],[17,8,39059],[17,-10,261045],[3,22,28302],[11,13,82361],[30,5,54543],[28,27,111261],[-4,3,26696],[13,34,28850],[-2,15,111261],[22,14,42186],[35,4,560496],[12,-7,34988],[0,-26,47764],[16,-8,30601],[10,-20,217380],[60,5,65472],[34,19,114446],[22,-5,28266],[23,4,43121],[8,-15,43121],[28,4,1311642],[30,27,56337],[32,4,39547],[12,13,99417],[-14,22,193999],[-62,0,66811],[-57,16,193999],[-10,17,27837],[5,10,90751],[-42,45,27481],[4,7,27481],[-19,8,38637],[-7,18,38637],[-26,19,90751],[2,18,269363],[-22,10,38659],[-32,30,66579],[-20,3,28257],[-18,12,29772],[-18,-2,29772],[-5,11,222110],[45,18,61841],[45,-2,56810],[37,15,412782],[-15,32,75393],[-43,5,104904],[12,37,195881],[46,14,34258],[22,0,68098],[-5,15,85890],[-87,-15,31416],[-18,-6,85890],[-40,2,29402],[-11,-5,29402],[-33,4,412782],[-5,14,55181],[22,11,37202],[25,-2,55181],[9,11,30903],[37,21,167968],[-6,4,29019],[-42,-4,69403],[0,11,40704],[-20,1,29704],[-15,12,167968],[9,32,46059],[-12,11,31354],[4,16,119890],[29,11,72310],[18,23,33607],[10,29,637118],[-14,7,55712],[-34,-35,55712],[-22,-15,26438],[-23,-7,33556],[-11,-16,33556],[-9,10,184689],[-42,4,43257],[3,10,43257],[-26,16,34991],[-19,0,385313],[-19,20,47956],[14,8,30012],[12,-8,47956],[3,25,116509],[-23,13,59280],[-6,29,51353],[-26,22,173042],[0,20,41909],[21,23,48831],[18,-9,48831],[-2,32,513793],[10,7,33550],[20,-15,60691],[12,14,31105],[21,6,78613],[-10,21,78613],[36,3,41320],[6,8,27974],[29,6,80226],[55,-11,80226],[22,3,26201],[5,8,55987],[-26,17,140046],[39,10,39105],[-4,8,39105],[42,18,77623],[-4,17,0]],[[67188,95142,0],[32,-2,33515],[2,-8,26039],[-21,1,33515],[-13,9,0]],[[67193,95099,0],[12,10,30520],[18,-3,52689],[-9,19,37024],[15,4,87523],[35,-12,32891],[2,-8,87523],[-56,-19,58810],[-17,9,0]],[[64943,94187,0],[2,1,0]],[[65246,94476,0],[1,1,0]],[[65247,94477,0],[15,-3,0],[34,14,45306],[32,31,34726],[9,-1,76736],[37,40,288286],[21,-7,26204],[23,4,26204],[4,-6,26204],[69,-14,74428],[22,-15,36240],[32,-7,516649],[12,8,34441],[24,39,184580],[-22,18,55524],[17,20,75657],[-11,15,26882],[-13,5,43300],[-18,33,141946],[25,31,27128],[10,5,104427],[-9,17,31699],[-19,7,53307],[11,11,30934],[-9,12,744994],[-29,6,40804],[-25,-8,131354],[-7,15,34079],[-25,15,39009],[-20,24,26369],[-14,6,26369],[2,11,201547],[19,13,35617],[29,4,137725],[40,-9,46622],[61,-28,81007],[50,-3,201547],[-12,-13,29929],[-12,-32,204214],[39,-17,48437],[2,-18,48437],[31,-3,83540],[20,-31,32333],[13,-9,121005],[39,-7,49414],[5,-16,49414],[47,-20,65071],[-3,-8,38960],[35,-26,64611],[38,-10,0],[1,-3,0]],[[65608,94294,0],[-15,5,0],[-14,-2,35680],[-32,18,44416],[-2,11,170474],[-34,-4,30010],[-13,-7,58940],[-15,9,41683],[-37,-5,107437],[-61,-22,37778],[-17,-11,205007],[-15,9,46541],[14,23,43795],[-14,10,448513],[-43,-21,62642],[-29,-35,62642],[-27,0,62642],[-13,-14,29852],[-34,-20,51987],[-19,3,39681],[-18,-16,165831],[-18,15,54217],[-33,-9,295526],[-7,-35,32321],[-17,-47,46360],[-7,-45,295526],[-18,-11,42823],[-29,5,123540],[5,17,39173],[-13,25,50590],[12,23,30381],[-4,11,163062],[-25,10,57734],[-26,-6,39349],[-44,4,0],[-3,5,0]],[[64943,94187,0],[-15,28,0],[-31,-1,41598],[11,-12,45362],[-45,-56,85189],[-5,-34,44562],[-15,-12,340255],[-21,9,30891],[-21,-2,30891],[-14,9,96277],[-21,-13,63010],[-13,35,63010],[-32,19,32741],[-17,-4,32741],[-6,13,55138],[-27,-4,55138],[4,27,492984],[19,2,26350],[21,-6,60382],[9,21,85267],[-37,22,85267],[6,27,32620],[-15,9,32620],[12,10,52515],[-20,4,28872],[-3,10,52515],[14,20,210478],[35,0,42188],[18,-12,48170],[33,2,210478],[-10,19,41421],[-27,8,89451],[14,13,31308],[-6,10,41734],[20,8,121923],[26,-20,54123],[37,-1,121923],[15,7,27148],[11,15,41336],[33,3,41336],[-23,10,41336],[8,20,32733],[16,7,77491],[-8,22,52727],[24,17,622020],[-27,23,28936],[1,12,28936],[-15,5,151311],[-27,-13,78290],[-28,21,33573],[-14,-7,33573],[-6,16,85699],[-74,-5,151311],[-29,-14,32678],[9,-4,32678],[-33,-39,142165],[-28,21,85301],[20,3,32237],[31,16,50869],[-34,-8,27824],[-15,2,50869],[20,15,57962],[28,0,31724],[-29,9,31724],[-8,15,142165],[-40,12,59263],[-24,-7,29909],[-29,1,127154],[-43,21,51472],[8,12,51472],[-42,8,29826],[1,5,815313],[58,9,91807],[8,16,30036],[-5,17,80676],[46,8,169121],[-17,25,64160],[-45,8,171618],[14,26,56681],[31,4,56681],[21,20,40804],[22,5,35566],[26,20,101809],[-33,18,90310],[34,16,29401],[29,7,976318],[2,-24,30794],[10,-1,34460],[3,-31,61222],[19,-14,50983],[-4,-21,41040],[16,-21,185003],[20,0,37464],[-30,-16,64216],[1,-8,26641],[22,-12,40072],[22,-4,66999],[5,25,66999],[27,-13,29009],[16,0,425950],[53,17,104965],[14,-1,28939],[11,-15,44149],[17,6,42565],[10,-18,36022],[13,13,28497],[3,-11,104965],[24,24,86687],[26,-12,27800],[5,-9,59132],[17,12,29500],[10,-5,149588],[15,-34,149588],[10,-2,31369],[27,17,51126],[4,-24,32851],[8,13,51126],[50,16,49038],[8,-5,30358],[37,8,425950],[14,-9,28016],[1,-13,45792],[30,-11,128845],[-21,-46,36903],[-15,-18,128845],[11,-9,29478],[37,-14,0],[40,-8,0]],[[64512,94423,0],[11,15,30968],[13,-2,30968],[-24,-13,0]],[[64519,94457,0],[19,10,30376],[4,13,57706],[22,-13,57706],[-17,-14,45067],[-28,4,0]],[[64639,94190,0],[13,4,27553],[-4,-15,27553],[-9,11,0]],[[93017,90288,0],[-1,-2,0]],[[93016,90286,0],[-26,5,0],[-6,14,27117],[-19,16,58864],[-35,12,29680],[-9,9,0],[-16,5,0]],[[92905,90347,0],[1,3,0]],[[92719,90378,0],[1,2,0],[-37,9,0]],[[86560,93407,0],[99,89,0]],[[86659,93496,0],[9,4,0],[47,-13,36573],[23,0,202590],[20,14,33479],[21,1,51249],[29,19,29663],[44,21,51249],[66,26,35425],[36,18,202590],[59,9,58165],[23,-8,45329],[27,-1,26215],[20,6,758248],[34,-15,88896],[8,-36,35695],[-5,-19,158949],[-29,-39,30233],[-22,-22,325905],[-59,-8,51425],[-65,-18,82428],[-26,3,30111],[-41,-4,325905],[-18,-13,42326],[-42,-53,44117],[-34,-28,28887],[-16,-19,176635],[-75,-43,26580],[-35,-21,132606],[-49,-44,36020],[-10,-16,56488],[-41,-27,36772],[-21,-22,1133559],[6,-17,47438],[-17,-38,68766],[18,-9,68766],[13,-43,41115],[-4,-21,36701],[11,-11,28899],[-2,-16,78859],[-17,-13,28646],[-6,-15,78859],[23,-18,27015],[5,-11,325047],[19,34,33514],[-5,5,30962],[15,25,66524],[21,13,124762],[0,15,31915],[15,40,34002],[0,19,61187],[16,31,28324],[6,22,485951],[30,32,56697],[37,15,101050],[17,22,38612],[36,27,44147],[29,35,44147],[43,38,199509],[50,32,66976],[23,7,30614],[38,21,34588],[27,7,127368],[12,16,28440],[36,34,344485],[40,4,56458],[27,-11,40662],[38,-1,265552],[42,22,97749],[7,12,32192],[40,31,40006],[17,23,60940],[47,30,60940],[-13,15,38414],[4,23,60940],[26,16,27620],[-7,-11,40277],[7,-18,675696],[102,14,48318],[56,3,166675],[0,-34,61964],[27,-16,105269],[43,16,0],[23,6,0]],[[86647,89616,0],[-122,129,14243],[-53,56,0]],[[86324,90234,0],[-9,40,0],[-17,76,7516],[-31,136,0]],[[87400,95096,0],[11,28,0]],[[87411,95124,0],[24,-8,88149],[12,-20,32861],[8,-34,66548],[-10,-26,88149],[28,-44,79050],[9,-44,50500],[23,-32,50234],[5,-35,567358],[-9,-54,71485],[-16,-2,40103],[-13,-14,27748],[2,-13,98518],[21,-29,98518],[-25,-25,50202],[-10,-33,148772],[14,-7,38357],[-6,-18,33771],[22,1,27871],[-10,-9,259973],[-35,-9,70801],[-2,-17,30849],[12,-14,70801],[-23,-21,27494],[-5,-15,27494],[-16,-11,84146],[-4,-18,42310],[-23,-30,30950],[-12,-25,155680],[13,-21,54880],[-16,-22,30843],[2,-11,942112],[-46,-36,35339],[-22,-11,94948],[-3,-18,29637],[10,-8,94948],[-41,-45,38523],[-19,-30,79160],[-32,-34,32816],[-45,-40,39670],[-6,-14,31200],[-26,-22,180903],[-60,-37,68700],[-38,-33,37144],[-6,-13,1530285],[-51,-28,28869],[-37,-17,52562],[1,-7,52562],[-120,-66,117008],[-26,-27,87071],[-89,-50,43708],[-56,-36,379423],[-94,-33,84857],[-36,-23,34796],[-23,-7,30173],[-28,-18,107534],[-8,5,34568],[-37,-11,211397],[-5,-10,28527],[-28,-22,59966],[-43,-23,50552],[-23,-26,36230],[-20,-10,211397],[-14,8,75222],[-99,-33,168138],[-30,-30,27097],[-29,-23,120681],[-72,-32,47019],[-40,-10,327438],[3,-23,28078],[8,0,78126],[-12,-28,43185],[-26,-27,281570],[-37,-17,46914],[-71,-21,48259],[-86,-34,68718],[-35,-1,68718],[-5,-15,46737],[-40,-18,1530285],[19,-23,29427],[10,-2,26224],[-3,-15,31659],[20,-11,31659],[-7,-8,132208],[45,13,49451],[8,11,34039],[38,16,65774],[29,2,131900],[0,-8,26894],[-22,-31,55923],[-24,-11,368241],[-10,-50,43268],[-15,-32,49202],[1,-14,29974],[-13,-30,29974],[-4,-32,106318],[12,-14,77565],[-19,-34,45933],[-29,-27,490618],[33,-18,73754],[73,-3,205037],[12,-11,26499],[4,-16,60569],[-15,-28,93773],[8,-10,29405],[5,-32,57437],[17,-5,35119],[9,-20,175950],[36,-5,52382],[20,15,1318332],[-7,20,28326],[-1,28,47992],[-16,7,47992],[12,30,51556],[-12,10,40123],[8,22,37066],[-10,12,89683],[6,29,31276],[-3,26,35465],[7,25,70489],[-13,11,293934],[9,26,27881],[17,24,41120],[6,27,41120],[22,40,31408],[16,40,384577],[27,22,53024],[21,4,33260],[36,19,59407],[10,14,34827],[33,19,90248],[41,9,90248],[26,22,35521],[3,13,30993],[26,23,272225],[63,1,92466],[54,16,33171],[16,11,33171],[35,5,316143],[-17,-25,63955],[-46,-13,78306],[-30,-29,54651],[-53,-19,54651],[-2,-14,54651],[-43,-32,39126],[-14,-3,50726],[-18,-19,31291],[-13,-1,31291],[-16,-19,316143],[-1,-31,87274],[-20,-23,44545],[-4,-27,44545],[-20,-31,29932],[-19,-40,384577],[25,-2,66883],[52,38,95103],[-5,25,95103],[23,16,36302],[5,17,53202],[49,46,34874],[22,15,116836],[-5,11,48336],[45,6,87342],[1,21,37228],[-14,17,116836],[17,10,27584],[21,2,48976],[21,20,35786],[-12,14,35786],[28,-8,705704],[-9,-29,65886],[30,-16,91674],[-9,-14,42041],[-32,-3,91674],[-7,-11,27144],[16,-2,27144],[-11,-9,55223],[24,0,38606],[6,-14,335206],[38,9,28352],[15,-2,54870],[32,18,112278],[22,26,29740],[18,8,29740],[3,13,112278],[26,9,34717],[78,39,52462],[26,5,0],[37,15,0]],[[86881,93964,0],[19,14,35406],[12,-6,32165],[-16,-12,35406],[-15,4,0]],[[87986,93505,0],[3,-17,0],[-1,-32,57486],[24,-4,0],[18,-7,0]],[[87630,93347,0],[45,-34,0],[34,41,38776],[21,16,202862],[36,15,26660],[15,1,26660],[16,13,82629],[88,28,40489],[27,16,40489],[21,-2,57971],[18,22,57971],[31,-7,256527],[1,50,0]],[[95293,91357,0],[-1,-3,0]],[[95292,91354,0],[-26,3,73737],[-87,-11,47974],[-80,-16,136979],[-19,-11,40170],[-44,-8,31220],[-20,-9,68336],[-47,-2,44215],[-24,-10,808923],[-28,-38,82194],[17,-33,170207],[-24,9,43635],[-25,-10,97583],[-4,-30,49905],[-18,12,49905],[-31,-27,170207],[-10,-25,42808],[3,-32,63187],[-19,-29,435075],[-27,-13,37200],[27,1,37200],[15,-47,83019],[16,-26,37421],[22,-16,137006],[30,-11,32851],[29,6,32851],[-9,-10,199795],[11,-39,29101],[10,-16,65861],[-11,-16,29957],[1,-16,62424],[25,-22,45927],[-8,-11,309832],[-87,-11,0],[-10,-8,0]],[[91539,90578,0],[-8,-49,0]],[[91531,90529,0],[-68,15,0],[-19,10,39106],[-61,15,87109],[-94,8,0],[-7,3,0]],[[94084,90567,0],[0,1,0]],[[94840,90832,0],[-17,-13,0],[-46,-23,59783],[-21,-20,35072],[-19,-6,35072],[-17,-19,73818],[-46,-18,254592],[-40,-6,28728],[-64,-15,62634],[-24,0,32182],[-69,-11,36282],[-18,-10,36282],[-25,3,298790],[-48,-23,96859],[-18,-23,51230],[2,-31,98975],[-24,-10,29337],[-2,-10,36894],[-28,-9,298790],[-18,5,29742],[-8,14,46975],[-34,7,181756],[-48,-9,74718],[-38,-33,97223],[-78,-13,0],[-8,8,0]],[[94476,90506,0],[34,2,65022],[24,-6,29328],[36,-18,89550],[16,-31,50058],[-31,24,50058],[-18,-5,89550],[-37,15,40904],[-24,19,0]],[[92521,90430,0],[-28,8,0],[-21,-1,0]],[[92472,90437,0],[2,3,0]],[[92671,90326,0],[4,4,0]],[[92733,90332,0],[2,1,0]],[[92735,90333,0],[13,-6,0],[17,8,39882],[47,1,94165],[-8,-18,29321],[8,-9,52921],[-24,-8,94165],[-38,10,30649],[-18,-1,0],[-61,16,0]],[[92725,90338,0],[-2,-2,0]],[[92671,90326,0],[-2,0,0],[-23,23,42600],[-34,7,42600],[5,11,95145],[69,-13,43019],[8,-8,0],[31,-8,0]],[[92832,90378,0],[-21,4,0],[-18,-1,0]],[[92793,90381,0],[-1,13,0]],[[92435,92504,0],[0,0,6973],[-68,-58,0]],[[92725,90338,0],[1,0,0],[9,-5,0]],[[92905,90347,0],[-13,4,0],[-25,21,0],[-35,6,0]],[[92793,90381,0],[-32,-2,0]],[[93252,90280,0],[-38,1,0],[-16,-5,45515],[-79,7,71108],[-29,13,99494],[-52,-3,38530],[-18,-7,0],[-4,0,0]],[[94084,90567,0],[-24,-36,81353],[4,-13,35581],[-21,0,35581],[-22,-19,28143],[-10,0,47239],[-21,-24,26837],[-19,-12,336159],[12,-45,44106],[14,-17,197914],[14,-2,29928],[26,10,60455],[46,-5,43858],[55,3,197914],[32,-13,48332],[79,-48,336159],[-37,-5,40975],[-25,7,40975],[-72,5,111829],[-46,-2,26825],[-42,-5,50959],[-4,-15,50959],[-30,1,29401],[-8,6,298111],[10,18,27937],[8,31,172237],[-31,21,42569],[-35,9,100748],[-18,-4,26702],[-46,-1,0],[-11,-3,0]],[[92644,90398,0],[-62,15,0]],[[92472,90437,0],[-32,-2,0],[-32,7,50464],[-50,29,101800],[-47,5,60487],[-56,15,30969],[-38,14,314541],[-23,-3,35264],[-13,-14,73740],[-30,20,73740],[-156,15,27248],[-13,3,116498],[-30,-11,239776],[-25,8,38841],[-47,1,55995],[-48,16,69429],[-29,-1,38763],[-25,8,30026],[-33,2,114609],[-31,16,44722],[-49,11,493039],[-29,-5,60180],[-38,-19,38675],[-18,-18,82812],[-48,-6,0],[-1,1,0]],[[92293,90410,0],[6,8,42788],[20,-15,27600],[20,-7,64932],[-12,-14,43000],[-25,5,64932],[-9,23,0]],[[90379,96148,0],[-3,3,0]],[[90347,96223,0],[3,1,0]],[[90350,96224,0],[0,-6,0],[25,-12,28302],[13,-14,48804],[21,1,107779],[-14,-19,32629],[-16,-1,28920],[-7,-13,58081],[18,-6,0],[-11,-6,0]],[[86221,90510,0],[-11,-3,0]],[[86194,90500,0],[-14,-2,7887],[-11,0,0]],[[86109,90477,0],[-28,-6,0],[-102,-7,0]],[[85970,90463,0],[-29,-6,0]],[[85941,90457,0],[-42,-17,0]],[[85899,90440,0],[-26,-3,0]],[[85873,90437,0],[-9,-2,9901],[-19,-6,0]],[[85845,90429,0],[-2,-1,7065],[-28,-9,0]],[[85815,90419,0],[-15,0,11149],[-16,1,0]],[[85758,90419,0],[-62,-12,0]],[[85632,90384,0],[-16,-15,32361],[-25,-10,17011],[-9,-7,0]],[[85575,90346,0],[-7,-6,38662],[-96,-34,0]],[[85472,90306,0],[-24,9,11931],[-8,4,0]],[[85432,90321,0],[-18,12,0]],[[85386,90350,0],[-12,0,0]],[[85158,90391,0],[-48,-1,10228],[-3,0,0]],[[85075,90384,0],[-15,0,0]],[[85007,90383,0],[-11,-6,0]],[[84996,90377,0],[-39,-21,0]],[[84945,90348,0],[-9,-6,23608],[-28,-5,0]],[[84870,90323,0],[-17,-27,50773],[-20,-10,12012],[-9,-3,0]],[[84797,90268,0],[-6,-9,0]],[[84784,90239,0],[-1,-3,7222],[-14,-31,0]],[[84751,90177,0],[-3,-7,8047],[-2,-7,0]],[[84746,90157,0],[1,-7,10071],[4,-10,0]],[[84753,90134,0],[5,-11,39462],[-12,-43,69028],[-21,-22,13467],[-3,-6,0]],[[84722,90052,0],[0,-2,10253],[-12,-29,0]],[[84710,90021,0],[-15,-13,39248],[-38,-10,0]],[[84657,89998,0],[-19,1,0]],[[84638,89999,0],[-11,0,0]],[[84608,89996,0],[-22,-4,0]],[[84586,89992,0],[-34,2,0]],[[84494,89993,0],[-33,-10,0]],[[84461,89983,0],[-17,2,0]],[[84343,89977,0],[-1,-1,0],[-38,-19,10590],[-6,-3,0]],[[84298,89954,0],[-5,-3,10058],[-34,-18,0],[-1,0,0]],[[84247,89918,0],[-1,-3,14392],[-36,-52,0]],[[84210,89863,0],[-36,-34,0]],[[84174,89829,0],[-13,-4,0]],[[84161,89825,0],[-14,-7,10038],[-8,-5,0]],[[84119,89798,0],[-8,-8,10542],[-16,-12,0]],[[84088,89773,0],[-23,-9,0],[-6,-2,0]],[[84049,89758,0],[-42,-7,0]],[[83980,89751,0],[-12,-1,0]],[[83906,89760,0],[-26,-18,0]],[[83880,89742,0],[-13,-4,0]],[[83838,89722,0],[-2,-2,9884],[-39,-33,0]],[[83797,89687,0],[-5,-7,0]],[[83787,89654,0],[3,-4,0]],[[83821,89635,0],[20,-9,38774],[6,-15,9360],[2,-6,0]],[[83861,89580,0],[22,-11,57608],[15,-41,135632],[-12,-21,47403],[-38,-22,0]],[[83808,89478,0],[-28,-6,0]],[[83702,89461,0],[-33,-3,0]],[[83644,89456,0],[-6,-2,0]],[[83583,89428,0],[-22,-8,0]],[[83531,89408,0],[-6,-3,11519],[-27,-11,15965],[-9,-2,0]],[[83480,89390,0],[-24,-6,0]],[[83456,89384,0],[-8,-3,0]],[[83435,89373,0],[-25,-13,0]],[[83410,89360,0],[-28,-8,0]],[[83347,89342,0],[-64,-1,0]],[[83283,89341,0],[-8,-1,0]],[[83250,89329,0],[-2,-3,10120],[-15,-21,7344],[-3,-3,0]],[[83211,89272,0],[-37,-32,99318],[-43,-14,58772],[-30,5,7420],[-5,1,0]],[[83002,89219,0],[-14,-12,0]],[[82980,89201,0],[-14,-12,0]],[[82966,89189,0],[-36,-11,0]],[[82930,89178,0],[-26,6,0]],[[82874,89210,0],[-5,2,11442],[-12,10,0]],[[82837,89238,0],[-8,10,0]],[[82815,89268,0],[-6,16,0]],[[82800,89296,0],[-2,2,7154],[-17,21,0]],[[82774,89328,0],[-5,5,6973],[-20,21,9010],[-2,2,0]],[[82714,89373,0],[-7,2,8011],[-18,8,0]],[[82645,89393,0],[-11,1,0]],[[82634,89394,0],[-84,-3,0]],[[82518,89377,0],[-4,-3,8480],[-16,-11,47754],[-73,-23,0]],[[82425,89340,0],[-44,-1,0]],[[82381,89339,0],[-44,18,0]],[[82291,89395,0],[-8,14,0]],[[82283,89409,0],[-8,14,0]],[[82275,89423,0],[-4,22,0]],[[82284,89484,0],[-5,17,0]],[[82279,89501,0],[5,17,0]],[[82175,89539,0],[-14,-3,10481],[-24,-4,0]],[[82105,89534,0],[-15,1,19009],[-57,-1,0]],[[82016,89531,0],[-18,-6,0]],[[81998,89525,0],[-35,-13,0]],[[81954,89509,0],[-9,-4,0]],[[81945,89505,0],[-43,-28,0]],[[81902,89477,0],[-47,-19,0]],[[81848,89454,0],[-21,-12,0]],[[81827,89442,0],[-52,-10,0]],[[81775,89432,0],[-55,25,56452],[-20,23,0]],[[81692,89494,0],[-7,13,12750],[-10,13,0]],[[81663,89535,0],[-4,5,7389],[-3,7,0]],[[81633,89577,0],[-9,-1,20695],[-27,-13,0]],[[81551,89557,0],[-1,0,8296],[-43,-6,16324],[-60,-9,0]],[[81390,89527,0],[-7,-4,10117],[-7,-2,0]],[[81279,89493,0],[-23,-6,0]],[[81179,89453,0],[-19,-5,0]],[[81127,89444,0],[-61,-7,49513],[-60,1,0]],[[80934,89424,0],[-24,-17,21006],[-9,-2,0]],[[80867,89397,0],[-5,-3,0]],[[80854,89381,0],[-7,-11,0]],[[80847,89370,0],[-4,-8,0]],[[80835,89337,0],[-1,-3,7551],[0,-24,0]],[[80835,89283,0],[1,-18,0]],[[80836,89265,0],[-5,-12,0]],[[80828,89247,0],[-1,-4,21298],[-33,-29,9592],[-4,-4,0]],[[80774,89193,0],[-2,-4,6973],[-8,-8,28490],[-36,-25,0]],[[80724,89153,0],[-26,-19,0],[-7,-2,0]],[[80656,89116,0],[-3,-7,0]],[[80653,89105,0],[1,-8,0]],[[80663,89063,0],[27,-30,71557],[-7,-32,9404],[-1,-2,0]],[[80680,88989,0],[-1,-6,8662],[-4,-17,0]],[[80675,88966,0],[-2,-12,0],[-12,-20,13567],[-6,-7,0],[-3,-4,0]],[[80631,88882,0],[0,-2,8400],[-3,-25,37600],[-7,-9,10091],[-6,-3,0]],[[80599,88822,0],[-9,-13,0]],[[80584,88792,0],[-5,-13,0]],[[80579,88779,0],[-29,-27,0],[-6,-3,0]],[[80512,88726,0],[-4,-9,0],[-24,-20,0]],[[80484,88697,0],[-29,7,16647],[-5,-1,0]],[[80419,88684,0],[-16,-16,0]],[[80396,88660,0],[-17,-26,52245],[-31,-12,0]],[[80304,88595,0],[-15,-7,0]],[[80254,88569,0],[-33,-8,16357],[-8,0,0]],[[80205,88559,0],[-6,-3,14100],[-17,-17,34402],[-45,-27,48331],[-1,0,6973],[-17,-4,0]],[[80119,88508,0],[-11,-1,0]],[[89332,91018,0],[-14,-18,0]],[[89318,91000,0],[-42,18,0],[-29,16,38700],[-27,27,170151],[-28,14,36115],[-26,2,40297],[-69,28,98854],[-38,10,37532],[-50,4,50481],[-34,12,234440],[-41,2,28273],[-41,-3,31113],[-17,-6,31113],[-14,8,0],[-1,-1,0]],[[88861,91131,0],[2,2,0]],[[89182,90416,0],[14,-9,0],[41,11,57381],[19,-13,57381],[21,5,29559],[14,-6,29559],[45,1,73601],[19,-11,27675],[20,-2,73601],[8,14,40579],[28,5,493714],[39,-17,61442],[12,-27,147695],[17,-2,32082],[14,11,32082],[57,12,147695],[101,-11,41055],[11,-5,93023],[23,10,28158],[7,11,62651],[20,-10,50844],[-18,-19,62651],[51,-16,30614],[9,-7,30614],[35,-5,128687],[73,-35,101610],[33,7,75242],[67,-24,199769],[18,8,48901],[47,-9,56625],[34,10,199769],[16,-5,28590],[39,-25,99092],[49,-6,67287],[48,-26,67287],[54,-9,284432],[32,17,27390],[43,18,51816],[2,26,51816],[11,3,29798],[12,-16,217478],[25,-4,27835],[29,2,77282],[-11,-18,29959],[-14,-6,89372],[5,-44,39065],[15,-12,39065],[-16,-11,217478],[3,-14,27722],[14,-8,65433],[24,26,65433],[24,2,29893],[19,-6,34773],[6,10,34773],[20,-12,61277],[25,10,61277],[22,-13,40378],[28,1,839279],[16,-14,27459],[1,-11,45920],[30,-10,45920],[-4,-14,65311],[47,-31,376531],[-27,-30,32025],[-4,-13,55986],[-29,-17,137558],[-25,-2,39319],[-68,-19,137558],[-1,-14,26513],[-12,-9,56465],[-36,-7,68248],[-27,-25,36910],[-4,-15,839279],[15,-19,38491],[32,-16,122153],[48,-1,40980],[27,-9,40980],[30,3,255990],[1,24,91436],[17,18,30507],[35,26,66576],[31,7,326384],[51,-18,31090],[11,-9,31090],[27,-1,78689],[18,-21,34736],[16,-5,213368],[52,8,85873],[19,28,36578],[17,9,213368],[42,-18,40708],[37,-24,115271],[36,-5,38803],[36,4,439025],[42,18,45781],[10,15,68168],[44,7,86634],[-6,23,61962],[18,11,34342],[18,-4,0]],[[91178,90003,0],[-22,9,68109],[32,28,50826],[21,-1,0]],[[89258,90421,0],[18,16,58165],[18,-5,34641],[8,7,27868],[21,-1,34641],[-13,-13,58165],[-21,0,28386],[-20,-10,40069],[-11,6,0]],[[89332,90421,0],[19,12,38953],[9,-12,38953],[-28,0,0]],[[89889,90331,0],[21,-8,28651],[-9,-5,28651],[-12,13,0]],[[88861,91131,0],[-14,-7,0],[-47,26,107459],[-37,2,51317],[-42,-14,0],[-32,-4,0]],[[89821,90853,0],[-3,0,0],[-20,0,39233],[-48,17,97553],[-33,24,38116],[-12,19,225951],[-48,12,47459],[17,10,45309],[-21,15,45309],[-3,-30,27108],[5,-6,76701],[-26,-8,33184],[-32,-21,76701],[2,24,76701],[-46,-7,37956],[-26,2,264129],[-2,-17,54641],[-27,-8,34169],[-13,6,54641],[25,10,37444],[15,19,54641],[-3,19,33554],[-19,6,29142],[3,9,169530],[-34,6,49218],[-42,24,86593],[-38,4,35835],[-39,-4,69123],[-16,14,0],[-19,8,0]],[[89430,90899,0],[20,2,29764],[-14,-11,29764],[-6,9,0]],[[75159,90596,0],[111,0,0]],[[75270,90596,0],[-7,-6,0],[-13,-44,80643],[7,-93,412896],[18,-28,69722],[20,-12,34018],[14,4,57851],[-4,24,69722],[28,-8,42635],[120,-19,112564],[4,21,36910],[-5,46,47268],[7,-1,72804],[4,-45,32270],[8,-27,72804],[23,-12,31929],[44,-13,420695],[-7,-11,39615],[16,-25,92407],[-34,-75,132322],[4,-23,46335],[23,-15,0],[7,-1,0]],[[75547,90233,0],[0,-3,0]],[[83263,94260,0],[1,1,0]],[[83264,94261,0],[14,-3,0],[121,-15,26377],[17,-6,26377],[23,1,80692],[24,8,80692],[22,-5,31464],[41,-20,35699],[30,-7,326811],[34,-23,31252],[31,-28,44771],[40,-22,28413],[10,-10,262123],[22,5,30352],[14,-7,50234],[23,2,26615],[32,9,36357],[16,-6,33329],[25,8,140042],[4,13,47374],[-38,12,78871],[-18,-6,40354],[-43,7,174087],[-8,29,52007],[-30,30,59107],[-2,29,54302],[-22,10,45595],[-4,25,714590],[-35,20,34207],[-30,11,27029],[-40,20,81060],[-61,16,186065],[-20,0,33865],[9,13,33865],[-20,25,45307],[-29,21,113339],[-34,16,26902],[-30,19,26902],[-46,23,222747],[-24,4,49928],[-74,-11,214219],[-24,11,43734],[5,16,86163],[-28,12,41568],[-27,26,48101],[-31,8,48101],[-29,26,934137],[-8,31,68614],[10,55,37633],[1,42,410408],[13,9,31259],[49,15,63718],[38,0,133528],[21,11,34952],[-1,13,34952],[32,29,180164],[16,2,39755],[20,-20,39755],[64,-36,180164],[38,-13,53381],[18,1,32549],[6,10,26839],[-14,3,72014],[-45,25,93308],[-24,34,45693],[-34,28,57901],[-11,24,204195],[-76,6,47899],[-60,-3,173773],[-23,18,52644],[8,22,119716],[43,10,37880],[37,1,173773],[23,-6,29274],[26,-16,50720],[30,-1,50720],[47,-26,38722],[10,2,169133],[22,-48,122318],[15,-14,34773],[39,-20,36624],[14,-16,36624],[37,-17,169133],[65,-12,92940],[19,5,45481],[-7,24,169133],[-42,11,37291],[-31,16,51717],[-50,11,34434],[-37,14,204195],[-20,28,96205],[33,38,38790],[6,17,772077],[-25,15,37471],[-75,31,56927],[-10,13,190796],[-40,10,26122],[-22,1,36468],[-26,10,36468],[-26,-2,57618],[-28,10,50478],[-43,-5,119381],[-50,24,772077],[-13,25,55945],[16,27,86554],[33,-4,92771],[12,7,28958],[1,17,28958],[13,23,62664],[0,33,45436],[15,29,120779],[34,26,271276],[-7,13,46393],[12,36,31933],[-1,16,88392],[19,32,52952],[15,58,99448],[-6,22,41790],[10,29,30044],[-3,13,2024377],[16,-1,26432],[13,-10,41261],[-2,-12,61258],[68,-26,306858],[60,-2,29970],[14,3,39766],[105,7,82991],[31,-4,38131],[88,-1,93020],[51,16,93020],[97,-12,462518],[18,-20,27713],[38,-33,40408],[19,-25,88195],[35,-13,147566],[6,-32,38375],[17,-33,462518],[13,-4,49663],[39,33,55478],[42,10,95776],[25,33,169817],[-6,10,30977],[2,37,59212],[-20,22,169817],[23,30,98625],[53,-13,36558],[15,2,0],[11,11,0]],[[84067,95356,0],[2,-1,0]],[[83681,95370,0],[9,11,26653],[14,1,48109],[3,-22,48109],[-26,10,0]],[[83899,95389,0],[26,-1,37527],[-3,-12,37527],[-23,13,0]],[[81162,93618,0],[3,-1,0]],[[81165,93617,0],[0,-1,0],[-11,-15,46847],[18,-23,57465],[-13,-39,125758],[7,-10,28350],[19,-2,58543],[2,-21,34421],[15,-17,168383],[-13,-26,42584],[-26,-18,72817],[7,-24,314518],[27,-8,32143],[29,-1,40083],[34,-12,143656],[37,-32,72072],[-9,-8,27547],[3,-20,689692],[-70,-34,153239],[1,-40,60532],[-18,-2,31694],[-4,-14,60532],[25,-20,204431],[-27,-10,52061],[-25,-33,53187],[-16,-9,30114],[-13,5,49029],[-21,-23,153857],[-9,9,29448],[-21,-3,78338],[-11,-17,42080],[4,-30,78338],[-22,-24,33487],[2,-11,33487],[-20,-16,33487],[-20,-27,844920],[40,-18,53896],[4,-18,156528],[-45,-18,96311],[-11,-23,38884],[8,-13,53548],[-19,-19,263291],[36,-5,75459],[9,-13,26485],[7,-26,156192],[-6,-24,35382],[9,-18,35382],[-11,-12,60075],[20,-26,48099],[-10,-13,140619],[35,-18,69589],[3,-25,32999],[12,-15,472332],[-15,-12,31619],[-23,-2,33711],[-15,-12,50048],[-58,-17,323103],[-16,-19,44431],[0,-15,31958],[-14,-30,95744],[27,-23,82237],[-23,-37,172162],[-15,-2,36741],[-53,-26,172162],[16,-39,40723],[-9,0,59351],[-8,-27,32189],[5,-16,32189],[-8,-20,472332],[16,-5,32068],[20,8,32068],[28,-2,116893],[6,-12,35109],[29,-6,58802],[27,-28,30812],[1,-10,116893],[31,11,31069],[4,9,443716],[-13,29,56058],[19,13,56058],[1,42,42235],[12,29,75284],[-8,24,289355],[20,4,42173],[27,26,83531],[3,31,37887],[12,14,137076],[87,33,0],[2,4,0]],[[81222,92654,0],[0,-2,0]],[[81163,92926,0],[5,37,81272],[45,30,105187],[-14,12,41227],[3,26,201147],[71,24,104824],[-18,22,49747],[32,-7,49747],[17,7,35524],[-2,16,35524],[19,13,110580],[33,8,28586],[25,14,27770],[14,1,197754],[58,-37,197754],[-26,-17,50825],[-26,6,73614],[-19,-8,27565],[-8,-13,29440],[-27,-13,71381],[-51,-11,258466],[4,-24,34029],[13,-3,31099],[2,-17,90887],[-27,-9,33562],[-7,-12,90887],[8,-26,46310],[22,-10,74055],[-18,-20,258466],[-18,-1,32659],[-26,-16,48012],[-69,-13,147547],[-11,17,28698],[-4,24,0]],[[84067,95356,0],[17,16,0],[-13,12,34781],[-26,8,28894],[-17,12,97474],[-110,12,93192],[-14,20,125501],[-53,4,27865],[-22,-2,54391],[-56,10,125501],[6,22,45591],[23,4,770097],[10,42,57634],[-13,23,57634],[-4,27,26493],[-3,81,226241],[16,18,27419],[13,3,33949],[11,17,49310],[22,7,72787],[20,35,182219],[-30,13,27416],[-18,2,27416],[-23,12,182219],[17,27,55498],[-12,25,55498],[10,44,82079],[-5,11,28100],[-3,41,140708],[10,21,27129],[2,19,55752],[22,13,1125025],[9,-2,26712],[45,6,35105],[63,0,78362],[45,-7,27428],[5,-4,88016],[49,2,33328],[24,-6,33328],[19,7,33328],[52,1,503664],[53,-20,46555],[54,-29,46555],[33,-10,112302],[55,-44,144416],[37,-21,36779],[40,-14,72358],[46,-5,174637],[22,10,30346],[50,12,174637],[23,-22,36427],[0,-14,69163],[32,-21,26296],[24,-20,680157],[20,20,68124],[39,9,34704],[25,0,318602],[82,-24,74987],[45,4,74987],[18,-6,30611],[50,-4,43264],[36,-12,195711],[67,-3,33656],[34,3,112951],[53,-5,27889],[63,-8,53551],[76,-3,78311],[100,-16,702679],[-11,11,48141],[-59,10,54275],[-187,46,138959],[-26,16,30307],[-46,20,86676],[-32,5,42849],[-71,23,226830],[-69,1,37476],[-44,6,37476],[-34,-2,204642],[-37,10,41955],[-22,18,41955],[-58,21,87526],[-73,21,31314],[-26,5,1125025],[-29,22,46635],[-8,24,84160],[-36,14,55817],[-29,21,30774],[-11,15,113112],[51,3,76070],[-5,13,47659],[-31,2,32526],[-15,9,463171],[29,5,42174],[42,-8,71426],[14,16,71426],[37,6,41957],[45,-4,272550],[39,19,54073],[-27,7,54073],[13,11,38053],[34,3,109734],[-3,22,31666],[9,13,31666],[-11,10,136680],[19,18,52107],[20,1,28306],[33,12,592226],[-13,22,27184],[-11,5,72054],[-47,1,110713],[-21,7,29487],[5,8,31109],[-20,6,27026],[8,11,27026],[-18,-3,63588],[-3,-19,63588],[-45,3,46786],[-16,13,55548],[-54,3,32888],[-29,6,374523],[3,23,58693],[39,22,84754],[-33,9,84754],[20,16,40390],[47,18,115223],[-19,9,36720],[4,14,1020244],[-47,-13,52546],[-32,0,28535],[-40,-6,99370],[-39,7,46973],[-56,-3,135524],[-9,-9,29095],[14,-12,27815],[-10,-5,135524],[-50,2,33772],[-25,-4,71983],[-36,15,95736],[-29,-28,70832],[-28,-1,44191],[2,17,506304],[43,26,29159],[22,18,67442],[5,20,67442],[24,20,36466],[30,40,48119],[16,8,38566],[34,38,312487],[-7,10,35503],[13,17,31095],[-4,12,68938],[28,21,26846],[2,8,155746],[-27,20,57337],[-34,-1,28071],[-12,5,506304],[25,30,43016],[23,11,87632],[-8,15,56169],[-41,-18,97193],[0,-9,32291],[-27,-32,32291],[-31,-46,97193],[-28,-15,63319],[-21,-25,34682],[-19,-8,34682],[-37,-30,27353],[-9,-12,46777],[-33,-22,244185],[-43,-7,44458],[-10,-12,58086],[-55,-13,43049],[-12,5,0],[-27,1,0]],[[83909,96383,0],[1,2,0]],[[83360,95587,0],[14,33,28870],[13,13,28870],[0,16,42688],[24,39,132474],[27,24,34646],[41,28,345101],[46,-5,50163],[21,-15,135797],[0,-29,44634],[12,-14,34955],[3,-26,242610],[-22,-33,54419],[-5,-28,26663],[-11,-32,54419],[-16,-18,345101],[-92,14,97708],[-21,8,35603],[-34,25,0]],[[84350,96307,0],[9,8,31669],[36,7,55669],[11,-6,33773],[-21,-13,55669],[-13,6,26932],[-22,-2,0]],[[84565,96156,0],[11,7,33358],[47,6,51747],[7,-7,35560],[-34,-10,51747],[-31,4,0]],[[84056,96780,0],[0,-2,0]],[[83235,96841,0],[8,11,0],[32,8,87457],[-9,5,28599],[4,20,43257],[20,19,43257],[-10,13,114187],[5,16,30906],[17,11,67035],[39,-2,219002],[-6,23,31162],[-14,12,49032],[-13,51,351688],[18,9,55533],[69,-7,69578],[25,-14,69578],[19,7,27386],[18,-3,37120],[20,11,821608],[20,-8,41452],[15,-27,64967],[31,-14,36033],[42,-30,122430],[57,-8,165812],[24,-14,32613],[5,-13,32613],[22,-10,46593],[0,-13,46593],[40,-9,46593],[23,-21,79757],[12,0,28568],[32,-17,118403],[12,-19,30563],[16,-6,30563],[41,-38,428158],[37,-4,29738],[23,-8,105244],[10,16,33132],[16,-2,33132],[34,18,126359],[8,-19,31948],[16,-7,64162],[34,4,0],[9,-2,0]],[[82704,93235,0],[0,1,0]],[[82704,93236,0],[24,11,0],[27,46,142531],[25,4,45863],[14,22,45863],[27,10,27287],[34,20,66278],[44,12,66278],[-5,20,41970],[19,6,485454],[17,-6,29049],[5,-13,29049],[22,-14,83103],[38,7,83103],[17,-14,51971],[35,-10,35640],[17,-12,29843],[30,-9,117388],[-16,-28,69853],[-17,3,39139],[42,-30,90222],[37,1,56066],[-6,20,340446],[17,24,33395],[14,32,58434],[-2,24,261832],[-30,26,27511],[-21,11,145551],[-27,5,48625],[-9,-18,87896],[-21,-3,38934],[-24,13,42703],[-34,-2,30594],[-18,5,261832],[24,7,27090],[19,13,45282],[-5,9,102485],[-50,1,26844],[-36,-2,102485],[-8,48,92821],[-46,24,192200],[6,17,34284],[16,-2,45617],[14,32,82660],[-18,21,192200],[-35,-3,51717],[-89,12,0],[9,15,0]],[[82780,93591,0],[4,-1,0]],[[82780,93591,0],[2,4,0],[0,13,35001],[-24,21,84694],[4,18,27693],[16,23,219396],[-2,12,34977],[-25,12,54429],[-6,27,40435],[-15,10,27561],[-6,15,106973],[-78,69,53177],[-30,35,538974],[28,15,29815],[22,5,60649],[42,0,70618],[38,15,33336],[25,3,33336],[73,24,538974],[9,21,62653],[-27,14,29448],[-7,11,79763],[10,41,108734],[-17,29,44084],[-21,8,287728],[-44,-17,68387],[-54,5,130170],[-12,8,36508],[-65,22,287728],[41,11,81746],[19,24,33976],[7,22,138317],[-24,19,55851],[2,29,1211331],[36,-2,84164],[19,15,44620],[-5,8,30210],[13,22,84164],[24,10,53835],[23,26,30845],[4,14,53835],[35,23,40204],[19,24,186708],[38,-13,110756],[37,14,27202],[18,2,68542],[5,18,39848],[24,11,186708],[-8,8,26793],[-26,7,31544],[-32,21,152464],[9,10,29489],[35,17,54284],[41,9,686058],[16,-4,30924],[8,-17,73926],[23,-1,27056],[23,6,53372],[25,-13,156295],[-33,-19,28594],[-44,-19,95317],[3,-12,26623],[16,-5,77849],[29,19,35574],[27,7,97784],[16,-18,44197],[39,-16,41274],[17,-18,178724],[63,-13,40718],[48,-16,0],[18,-3,0]],[[82392,94146,0],[30,16,40928],[23,-1,69093],[17,25,105843],[-18,25,27155],[-9,3,43665],[-6,23,102797],[23,6,70649],[18,-13,26840],[5,-14,54283],[17,1,28262],[17,-10,102797],[1,-31,155800],[-15,-4,32764],[-15,-22,53288],[-28,-2,86742],[-20,-40,155800],[-27,3,62523],[-13,35,0]],[[82515,94115,0],[39,15,72426],[24,-10,55214],[-22,-20,72426],[-26,1,38703],[-15,14,0]],[[82524,93941,0],[22,4,34180],[44,-3,34180],[56,4,154865],[13,-20,65520],[-9,-19,40568],[-23,-7,154865],[-45,9,30214],[-31,11,66630],[-27,21,0]],[[82627,94308,0],[45,28,117561],[18,-3,49970],[33,-37,120949],[-32,-22,27209],[-19,-7,120949],[-19,7,28547],[-23,19,48405],[-3,15,0]],[[84056,96780,0],[11,-3,0],[11,8,60007],[-17,18,33495],[-36,23,112318],[-57,14,49740],[-29,17,282591],[-25,42,26083],[-15,16,26083],[-8,19,141274],[4,20,36408],[18,13,96348],[-20,14,32187],[-18,24,83682],[15,29,452544],[-48,40,42553],[-5,16,42553],[-22,14,28307],[-9,-3,100870],[-19,17,37295],[-4,22,52619],[-26,7,52619],[-9,28,249418],[-65,28,81603],[-51,-1,57558],[-38,15,196217],[-26,30,46299],[-30,15,69456],[-19,35,1056212],[19,11,35207],[9,23,57751],[30,7,107699],[-11,40,240959],[18,1,29171],[17,12,31776],[17,-1,73064],[3,20,26330],[7,-6,26330],[18,17,85610],[-7,10,29122],[27,-10,29122],[26,4,144759],[15,13,37157],[-10,13,41534],[21,34,144759],[53,10,26481],[17,8,26481],[23,2,2189885],[6,-15,31989],[19,-5,31989],[52,-39,167631],[6,-21,60723],[23,-1,37719],[15,14,60723],[13,-21,60723],[37,-11,30289],[13,4,30289],[14,-14,51394],[51,-26,124806],[34,0,37774],[11,-11,37774],[32,2,124806],[13,-28,65265],[-24,-25,77677],[21,-33,113898],[17,5,39939],[14,28,530369],[11,-4,25922],[30,6,42518],[14,24,42518],[6,-20,76683],[12,-2,28958],[12,14,28958],[50,19,323609],[39,5,38594],[10,-8,76851],[90,-26,40617],[22,-11,138515],[7,-25,48443],[26,-16,138515],[45,7,84315],[45,-11,31002],[9,-11,31002],[24,-2,647489],[17,-19,40348],[-8,-9,26600],[8,-15,114940],[-21,-52,27779],[-2,-15,27779],[-15,-28,232065],[6,-30,29558],[12,-25,82611],[-8,-14,35320],[2,-37,37049],[11,-5,37049],[-9,-25,139666],[8,-31,34462],[20,-46,54834],[15,-16,398831],[-4,-13,29021],[-17,-3,29021],[-22,-15,28212],[-3,-11,63657],[35,12,45156],[29,25,63657],[51,-14,34154],[19,-15,34154],[19,1,647489],[12,10,28555],[-10,8,41146],[26,27,75336],[26,2,35900],[13,13,172936],[-9,18,40009],[-26,10,57975],[-14,33,172936],[14,28,53032],[8,39,32929],[10,17,32929],[14,55,164915],[-1,39,63022],[-25,26,164915],[18,50,37355],[16,28,65630],[20,4,41626],[5,22,1145491],[-37,39,27962],[-25,33,98597],[1,10,43386],[-40,22,43386],[-27,-1,38379],[15,13,38379],[-61,48,202438],[-22,8,28124],[-41,22,47402],[-42,12,391803],[11,9,39641],[-12,26,39641],[-3,29,26743],[8,7,26743],[-9,15,97512],[-21,4,31263],[-10,13,60326],[18,18,60326],[-18,37,1145491],[22,5,72731],[12,26,36068],[17,8,36068],[-13,12,36068],[9,21,73967],[-14,26,73967],[16,20,41657],[22,2,153140],[-11,19,35238],[6,15,49461],[-19,11,153140],[23,23,75247],[7,-3,27700],[32,14,30555],[41,6,270179],[44,23,38345],[1,9,28000],[23,12,81634],[-4,21,118578],[64,41,66272],[44,-5,66272],[4,24,472218],[16,0,28652],[18,-11,37101],[14,5,77133],[71,-39,116638],[8,-15,36272],[33,-27,472218],[70,12,123395],[20,25,43951],[5,30,269391],[-7,15,26820],[-5,33,28796],[-8,12,81929],[-37,34,109947],[12,18,59644],[-14,15,36496],[-5,28,264666],[23,7,41017],[-4,17,42434],[35,22,82511],[11,-6,29935],[22,7,13531],[3,-1,0]],[[81222,92654,0],[15,27,0],[45,10,70931],[-5,-27,70931],[34,-18,44060],[22,2,62576],[32,-16,28172],[11,-12,175893],[79,17,331562],[6,9,37257],[-11,35,84863],[-40,23,139769],[32,29,53695],[6,21,34915],[18,20,139769],[-69,-31,47721],[-23,-3,151561],[1,16,32492],[-16,15,94842],[-29,-1,51434],[-45,18,331562],[10,22,32939],[14,5,56653],[-10,21,102006],[57,23,141986],[4,20,62761],[43,38,53118],[16,30,93116],[-4,35,65040],[24,24,671135],[12,-3,30222],[0,-18,47795],[20,8,47795],[40,-25,62971],[13,-26,62971],[33,6,114980],[22,-37,58430],[25,-5,28445],[4,-9,139126],[21,10,29532],[11,15,47789],[1,27,47789],[9,-15,27589],[11,2,139126],[-11,-35,44674],[13,-1,44674],[-2,-22,34821],[13,-4,34821],[-8,-19,721234],[18,1,36726],[10,13,29720],[20,6,71640],[6,26,37591],[11,-12,30724],[-4,-15,37591],[40,-2,162453],[56,31,83340],[26,44,258966],[-21,32,27946],[-12,7,27946],[-13,23,258966],[22,34,101512],[16,-8,35136],[19,9,52318],[1,-17,41298],[24,0,101512],[57,27,190709],[6,8,27938],[-4,23,66247],[-32,20,208071],[16,12,50689],[-8,32,52365],[14,44,26332],[11,22,112252],[-20,12,80336],[25,23,46322],[37,14,1370374],[-13,15,48874],[-25,4,32150],[-14,-7,32150],[-8,12,96723],[-24,-7,35110],[20,18,35110],[-2,20,81025],[-57,32,204103],[20,8,34000],[17,20,100299],[-27,44,436806],[70,-6,27676],[25,1,146416],[-8,-16,63650],[44,-30,118054],[25,-9,41064],[53,-3,254637],[4,15,27636],[14,8,42256],[-10,14,42256],[22,11,78458],[10,65,254637],[13,4,49601],[57,-24,177775],[19,-28,61886],[-1,-14,26782],[-13,-12,61886],[4,-33,40536],[-10,-15,40536],[18,-9,436806],[52,13,108077],[53,-6,35800],[28,-9,51449],[38,3,32352],[13,-6,210013],[32,11,33543],[41,6,60499],[19,-8,50160],[45,11,111113],[11,15,39032],[-6,26,103692],[28,7,56379],[33,-17,678348],[1,-22,50527],[-24,-41,120596],[-43,-32,26498],[-26,-15,60236],[0,-11,32238],[-23,-18,120596],[2,-35,388733],[19,-9,43382],[53,-2,63531],[30,-15,42576],[23,-3,28643],[38,-12,63531],[21,3,225059],[4,20,38725],[21,33,30961],[-13,10,30961],[10,9,30961],[8,-15,0],[6,3,0]],[[81242,92714,0],[24,15,50598],[26,-9,70207],[5,-13,33976],[-17,-12,70207],[-38,19,0]],[[81557,93162,0],[16,-5,43457],[-12,-23,43457],[-4,28,0]],[[81815,93546,0],[16,8,47696],[61,-1,154030],[6,5,29810],[10,-23,52284],[32,2,53619],[3,-23,53619],[29,9,83714],[20,-11,35356],[11,-21,216029],[-39,-24,57079],[22,-9,40290],[-10,-13,57079],[-39,8,216029],[-10,20,35430],[13,5,35430],[-30,10,35430],[-9,14,107128],[-62,4,101027],[7,26,61924],[-31,14,0]],[[81884,93586,0],[27,-17,40953],[-21,-2,40953],[-6,19,0]],[[82227,93565,0],[30,21,39112],[25,5,54981],[24,-9,54981],[-4,30,90590],[35,4,63927],[16,17,35803],[21,3,38034],[11,17,38034],[17,-3,245073],[24,-25,45543],[10,-31,124546],[-47,-30,245073],[-19,6,40484],[-53,-3,70061],[-59,-14,70061],[-31,12,0]],[[83909,96383,0],[-10,0,0],[-12,19,30334],[-22,18,170430],[-6,-7,39586],[-61,-4,60644],[-46,-20,115224],[-23,9,33624],[-36,3,194233],[-12,9,30364],[-6,24,30364],[-12,11,28231],[-8,24,194233],[-14,2,42623],[-28,-27,60091],[-5,-24,99184],[-54,-6,422871],[-29,6,36849],[-38,18,52235],[-13,-3,29416],[-30,9,89438],[-11,11,25945],[-16,2,25945],[-36,21,181694],[2,15,33510],[-13,22,31074],[1,14,181694],[-17,14,41816],[-19,0,31747],[-24,12,89540],[-40,-3,47899],[-13,13,47899],[-48,3,896652],[-1,15,39325],[-27,70,73497],[-22,12,34390],[-2,14,263779],[29,33,84108],[63,13,216074],[-15,22,66139],[20,43,83413],[-11,14,29984],[-11,34,0],[2,3,0]],[[81641,96941,0],[1,1,0]],[[81642,96942,0],[4,-2,14596],[10,8,55400],[28,-16,35914],[10,5,28518],[25,-7,35914],[3,-9,111993],[-24,-13,30611],[-34,-9,111993],[-14,-18,55152],[32,-10,55152],[27,-53,38496],[16,-18,95428],[-9,-15,71713],[22,-8,29592],[6,-11,43703],[16,7,43703],[17,-22,306711],[7,-25,30544],[-3,-21,49326],[14,0,49326],[-16,-40,159133],[-26,-19,40989],[-37,-40,88473],[-8,-23,28815],[5,-10,304385],[46,-33,73449],[36,6,34487],[-6,-9,34487],[30,-11,1091690],[3,-20,28437],[-9,-10,36965],[6,-26,123730],[-10,-14,35525],[-32,-14,72447],[-9,-34,41154],[-15,-12,154395],[9,-13,29051],[-9,-11,29051],[8,-29,59521],[-11,-39,382841],[-13,-11,40877],[-31,0,28542],[-14,-7,129210],[3,-13,27688],[-10,-17,64440],[-44,-54,129210],[-30,-7,51146],[0,-21,51146],[-29,0,109364],[-6,-15,27515],[4,-20,27515],[-6,-12,86173],[-27,-11,31100],[-16,-15,777847],[64,-4,222865],[8,-7,27342],[-4,-19,61996],[-30,-28,112375],[9,-13,34404],[-4,-23,48110],[23,-6,47192],[-4,-22,115293],[-48,-34,95934],[2,-12,29239],[19,-18,459980],[12,1,26680],[27,17,38215],[41,11,56816],[22,18,97082],[43,-3,137867],[22,19,47842],[81,44,777847],[9,-11,41264],[0,-21,26207],[-8,-14,41264],[10,-28,36545],[-8,-8,69719],[13,-24,33516],[3,-27,217434],[-26,-11,52439],[-42,7,103062],[-14,-12,36280],[-4,-25,212476],[10,-7,30170],[-1,-22,30170],[19,-42,77942],[-4,-42,406496],[-18,-27,45095],[-26,-12,48397],[-48,-55,48397],[-23,-16,122309],[0,-17,31157],[-14,-15,31157],[-1,-20,75814],[-33,-25,525855],[4,-13,36698],[-8,-48,46827],[7,-25,100206],[27,-17,101514],[2,-32,38248],[12,-34,59981],[-2,-50,1868414],[-16,-21,50034],[-35,-17,35556],[-20,-17,71236],[-37,-13,69694],[0,-14,26811],[12,-3,26811],[-6,-12,177501],[-27,-2,42944],[-29,-19,92709],[-26,-31,36123],[-33,-27,92709],[-99,-54,322729],[-49,-22,34598],[-28,-7,47875],[-41,-22,47875],[-36,-7,165432],[-20,-27,108104],[-96,-54,60554],[-61,-26,549330],[-19,-3,37126],[-100,-30,99026],[-53,-29,33836],[-36,-15,193624],[10,18,48753],[-32,0,67057],[-39,-18,67658],[-42,-10,31252],[-64,-9,549330],[4,-22,52956],[-26,-17,52956],[-15,-33,43643],[-16,-1,43643],[-15,-24,32257],[9,-3,279930],[-53,-24,44421],[-2,-10,40401],[-45,-21,92911],[-26,-1,40615],[-45,-17,102552],[-21,-19,51933],[-15,-1,30933],[-15,-17,30933],[-27,-13,33677],[-30,-1,33677],[-28,14,31751],[-8,-5,33677],[40,-18,279930],[34,2,46349],[45,18,116963],[6,-21,46067],[8,3,27663],[19,-15,1868414],[44,13,31431],[37,5,31431],[89,22,52881],[60,17,128278],[13,15,30716],[-3,15,56326],[21,-12,63636],[83,18,63636],[58,18,35811],[21,12,49802],[27,0,32603],[20,10,470417],[69,1,90375],[64,15,53442],[15,15,100696],[20,2,28350],[57,-3,219071],[33,-13,32489],[7,-10,44358],[41,-14,57310],[26,-22,57310],[23,-11,32864],[22,1,128026],[25,16,81852],[15,-7,29215],[18,-22,53156],[21,2,206782],[-38,57,830448],[8,8,27501],[-6,16,27501],[3,20,74773],[-44,4,57734],[-30,-18,57734],[-16,16,62362],[11,4,26084],[43,4,62362],[48,-9,32879],[19,2,74773],[22,19,39716],[3,20,40278],[20,22,30238],[21,35,39171],[19,18,207428],[28,-6,56981],[-3,-13,29731],[12,-15,207428],[-15,-19,39740],[3,-19,39740],[-17,-33,72828],[3,-21,56798],[-34,-12,126746],[-19,2,31617],[-15,13,39172],[-13,-4,126745],[-43,-45,94417],[19,-28,207428],[26,11,38720],[-6,-16,41678],[21,-9,36928],[6,-18,41678],[46,-25,66857],[19,-25,66857],[24,-10,35687],[25,3,66857],[14,-23,1868414],[-8,-43,31488],[-11,-15,31488],[2,-19,75801],[-17,-40,35661],[-13,-14,126179],[-65,-27,126179],[-1,-15,58263],[53,-21,180907],[10,-21,50382],[-19,-17,55435],[11,-31,76570],[-22,-52,76570],[7,-27,33978],[15,-3,33978],[-14,-15,236415],[-17,-42,27765],[-3,-22,27765],[-11,-15,27765],[-14,-37,46374],[-1,-15,38726],[-25,-40,429969],[9,-26,43687],[-6,-35,50044],[10,-25,79388],[-12,-34,145158],[41,-27,747484],[-16,-28,32028],[-10,-30,32500],[-15,-18,32500],[-4,-20,211708],[-21,-12,44223],[-73,-62,90125],[-8,-17,42631],[-41,-36,44654],[-26,-13,44654],[-16,-25,0],[0,-25,0]],[[81749,95533,0],[24,21,60838],[6,-4,26374],[-2,-29,60838],[-28,12,0]],[[81793,95520,0],[22,17,56260],[24,-4,38997],[-4,-14,56260],[-42,1,0]],[[81953,95956,0],[22,37,72769],[21,14,32801],[25,5,117114],[19,-32,117114],[-6,-11,27631],[-20,-9,70479],[-34,1,30414],[-5,-8,28946],[-22,3,0]],[[77562,95021,0],[2,-2,0]],[[77564,95019,0],[-4,-2,11488],[-25,-8,64750],[-23,8,42647],[-53,-1,324070],[-23,-29,68097],[-9,-59,128402],[-43,5,128402],[-19,-18,37342],[-24,-38,63469],[1,-16,26366],[-9,-16,211026],[-30,-22,31191],[-24,-10,37659],[-33,-28,37659],[-28,-14,357544],[-32,-9,27151],[-53,-9,115298],[-37,5,47856],[-37,-9,62517],[-21,3,28442],[-25,11,44479],[-20,-4,357544],[-14,-30,101871],[21,-6,48709],[26,-19,28345],[14,-17,140810],[-8,-27,31400],[-14,-14,29003],[-4,-19,692105],[-72,-47,77970],[-54,3,77083],[-12,-11,27073],[0,-14,194269],[17,-7,28383],[7,-14,35459],[19,-4,26156],[13,-12,194269],[-17,-14,45328],[-45,-11,45328],[-89,-44,174537],[8,-19,89448],[74,17,35085],[14,-1,174537],[-33,-40,49362],[-41,-33,59517],[-23,-31,30991],[-29,-31,82916],[-88,-82,367110],[-73,-44,51674],[-42,-17,128988],[-57,3,75280],[-25,-8,30239],[-14,-13,367110],[29,-15,30206],[-12,-1,57458],[-3,-43,140362],[-9,-16,32675],[-18,-5,29232],[-8,-13,74967],[18,-20,74967],[-37,-52,896743],[-45,-24,60547],[-52,-14,41322],[-49,-21,188387],[-46,-31,40564],[-32,-29,66268],[-63,-41,32507],[-27,-12,32507],[-21,-20,188387],[-5,-17,96935],[-62,-14,36197],[-32,-3,51462],[-24,-13,28770],[-16,0,103168],[-36,-31,469759],[15,-24,52435],[34,-3,52435],[8,-14,28370],[-10,-4,104158],[-40,9,35974],[-11,12,35974],[-21,-5,104158],[-26,-28,57600],[-7,-36,78096],[-14,-4,44906],[-16,-27,29319],[-17,-16,74532],[-3,-30,52791],[-27,-10,41517],[3,-14,213376],[-33,0,36483],[-27,-9,0],[5,-1,0]],[[75715,93514,0],[-9,-1,0]],[[75106,93851,0],[-1,0,6973],[0,0,0]],[[76429,93622,0],[-1,-1,0]],[[75932,93541,0],[-104,-10,0]],[[75828,93531,0],[5,10,0],[1,19,60043],[45,32,100042],[-30,30,100042],[43,-11,48792],[44,1,286028],[21,10,31340],[18,-3,31898],[124,28,93209],[55,17,30510],[53,11,30510],[16,8,69903],[55,5,69903],[45,19,31934],[31,7,465499],[28,-9,46370],[10,-21,48655],[18,-13,29122],[21,-4,84120],[8,-12,27070],[-6,-11,0],[-4,-22,0]],[[75939,90369,0],[-9,-21,0]],[[75693,90314,0],[-15,1,0]],[[75678,90315,0],[1,8,0],[-10,11,28099],[-6,26,107876],[17,13,44388],[17,37,27032],[11,12,160622],[-10,36,60116],[-31,29,309161],[-72,22,42948],[-6,8,28403],[-30,9,66570],[-27,1,309161],[-11,28,53830],[-29,15,134672],[10,35,43465],[-17,6,30439],[-4,13,43465],[28,-4,52992],[18,15,134672],[-10,31,49491],[12,19,80095],[-28,30,699052],[10,20,36002],[-1,26,50654],[16,22,93055],[22,-16,58840],[25,19,93055],[-15,17,41069],[1,25,93055],[23,20,66634],[-2,14,29688],[10,36,184918],[27,12,54973],[12,31,59165],[14,6,27511],[9,-8,59165],[16,22,30858],[1,13,822913],[18,-19,30917],[11,2,30917],[5,-19,68953],[30,-2,36876],[13,-11,96231],[-2,-29,27914],[4,-27,79861],[26,10,269372],[40,68,46138],[24,28,65219],[29,12,65219],[-13,22,33158],[-12,1,65219],[28,20,269372],[15,-25,29027],[-4,-7,40359],[8,-54,68543],[-13,-3,68543],[35,-74,229674],[-32,10,55733],[1,-22,51842],[-29,9,112626],[-2,37,36035],[7,20,86009],[-30,-10,229674],[-21,-68,104881],[-13,-16,39786],[-30,-7,191007],[25,-32,92139],[-7,-42,33284],[2,-27,412107],[15,-11,42626],[9,22,42626],[16,-8,42626],[22,8,26609],[8,-5,26759],[20,11,26759],[5,-5,212168],[21,28,55764],[62,50,63203],[4,25,53989],[31,20,412107],[-16,-31,41291],[11,-4,64280],[19,32,32086],[14,12,91288],[16,-11,36344],[6,-25,36344],[16,-18,97300],[35,9,184967],[1,-21,40013],[23,-3,40013],[-23,-13,52522],[17,-10,67358],[-12,-20,32148],[3,-13,412107],[-41,-6,53325],[3,24,42880],[-16,9,53325],[-14,-19,49174],[11,-23,53325],[-30,0,129736],[2,14,27713],[-12,18,112963],[-15,-9,42149],[-1,-25,37824],[-13,-8,42149],[-33,-47,264895],[-43,17,61918],[-29,-10,82166],[-7,15,33262],[-23,14,69363],[-26,-12,46202],[-13,12,412107],[-10,-24,35675],[-17,-12,62075],[1,-34,137160],[14,-1,34613],[21,18,73799],[9,-2,28494],[14,-23,137160],[3,-43,62653],[-19,-30,222636],[10,-32,44382],[14,1,74953],[1,-33,30824],[7,-30,120498],[15,6,60726],[14,-52,60726],[16,-4,40396],[17,-29,0],[24,-9,0]],[[75524,91002,0],[13,10,28870],[-6,11,59585],[36,-11,66168],[24,35,51258],[15,-4,137142],[-6,-18,29491],[-10,0,30202],[-6,-19,53778],[-24,-12,53778],[5,-8,27225],[-8,-20,137142],[-28,5,60566],[-5,31,0]],[[75842,91072,0],[10,-2,44903],[35,36,89468],[-14,2,39234],[5,25,39234],[11,-17,39234],[11,5,28314],[-4,15,30232],[13,6,40798],[4,24,172047],[20,20,35224],[17,4,49130],[-10,-22,58955],[17,-3,40209],[-1,-24,32590],[11,0,175760],[-12,-31,43478],[-18,1,32513],[5,-13,32513],[-14,-23,67818],[34,19,35035],[12,-2,67818],[-23,-32,67818],[-28,9,79865],[-38,-30,175760],[-19,18,29529],[-23,6,29529],[-1,9,0]],[[75863,90575,0],[14,-4,39343],[4,-26,39343],[-11,-12,30280],[3,23,30280],[-10,19,0]],[[75917,90908,0],[12,-1,34627],[-4,-24,34627],[-8,25,0]],[[75928,90630,0],[3,17,52761],[40,10,71769],[6,-24,71769],[-20,-5,28371],[-29,2,0]],[[75928,90584,0],[21,-26,54605],[2,-19,34947],[-15,3,54605],[-6,14,26996],[-2,28,0]],[[75941,90884,0],[5,11,27677],[16,2,35224],[18,24,93052],[16,-23,35639],[14,6,31323],[-16,-22,93052],[-28,8,38975],[-22,-14,31586],[-3,8,0]],[[76045,91094,0],[16,25,34307],[6,-6,29617],[-12,-21,34307],[-10,2,0]],[[76047,90950,0],[1,11,31037],[24,40,61290],[15,12,40538],[-8,-32,61290],[-32,-31,0]],[[76068,91271,0],[4,12,27149],[24,25,52180],[9,-10,79819],[-19,-53,79819],[-18,26,0]],[[76084,91069,0],[21,18,55544],[13,-24,55544],[-14,-10,42864],[-20,16,0]],[[76127,91084,0],[8,19,28471],[3,-15,28471],[-11,-4,0]],[[76139,91114,0],[5,22,29849],[6,-15,29849],[-11,-7,0]],[[76141,90857,0],[14,14,28948],[13,27,96027],[11,39,41571],[-11,11,41571],[16,20,41571],[6,39,149074],[12,-16,48991],[-6,-25,37059],[7,-23,149074],[21,-4,54108],[7,17,28418],[15,10,100537],[-1,-25,31122],[7,-31,58097],[-12,-12,89685],[-7,28,40711],[-16,10,89685],[-17,-24,26784],[-3,-15,79259],[-41,-39,49109],[-15,-1,0]],[[76142,91444,0],[24,23,29768],[8,-2,43644],[27,32,99612],[34,14,42544],[0,-12,66851],[46,32,163367],[12,-20,59363],[36,39,59363],[-12,-26,31941],[13,7,31941],[-11,-25,31941],[-12,-3,163367],[-20,-23,28918],[-23,-17,72460],[-30,0,72460],[-14,-20,30760],[-21,-14,55530],[-31,-11,158682],[-26,15,34983],[0,11,0]],[[76144,90928,0],[19,21,35416],[1,-14,35416],[-20,-7,0]],[[76145,91188,0],[15,22,32517],[-6,-24,32517],[-9,2,0]],[[76148,91223,0],[7,19,32479],[18,15,51352],[-3,-28,51352],[-22,-6,0]],[[76162,91133,0],[12,26,47757],[11,-7,33513],[-4,-21,47757],[-19,2,0]],[[76186,91226,0],[18,39,39763],[19,20,28193],[11,22,81922],[27,22,54661],[-20,-43,81922],[-33,-37,29578],[-8,-17,29578],[-14,-6,0]],[[76206,91226,0],[16,24,48308],[34,27,32450],[24,28,146459],[10,-1,45455],[-2,-29,29406],[5,-22,146459],[-16,-3,37727],[-9,-16,26658],[-16,-9,73923],[-46,1,0]],[[76219,91021,0],[4,30,51375],[23,17,99747],[-4,-90,99747],[-23,43,0]],[[76259,91155,0],[15,7,34978],[-9,-23,34978],[-6,16,0]],[[76277,91221,0],[17,9,47974],[3,-23,28692],[-7,-10,47974],[-13,24,0]],[[76307,91450,0],[21,23,39440],[12,0,31412],[-14,-19,39440],[-19,-4,0]],[[76347,91322,0],[21,34,50253],[-14,-49,50253],[-7,15,0]],[[76373,91514,0],[24,31,61251],[1,-35,61251],[-16,-5,28088],[-9,9,0]],[[76825,91271,0],[0,-1,0]],[[75939,90369,0],[1,0,0],[15,-15,54337],[68,-24,54337],[13,-15,39208],[31,-11,435956],[43,8,26798],[22,0,117903],[-14,10,49427],[7,16,27423],[-2,22,117903],[20,-3,54519],[4,33,63563],[33,-4,63563],[1,28,63563],[10,11,30021],[33,16,55854],[16,26,266630],[19,-3,45568],[19,21,61886],[12,-10,30155],[21,2,61886],[18,12,42057],[38,4,1092486],[29,42,123751],[8,32,41261],[-5,29,49721],[11,34,73591],[-7,36,255720],[22,14,55086],[13,25,30208],[21,27,100449],[30,76,170241],[-40,21,86086],[-7,20,40181],[12,19,170241],[46,8,71598],[40,33,302077],[22,54,69534],[-6,35,110873],[37,29,67351],[5,32,165050],[-12,10,27362],[-16,27,109083],[18,28,38728],[17,5,26777],[5,11,109083],[-15,34,51476],[16,5,51476],[9,22,30657],[7,36,705668],[17,32,37064],[22,22,73376],[-8,-43,99428],[15,-4,27699],[6,-13,27859],[18,-5,69088],[-11,-15,39463],[11,-18,69088],[33,7,179518],[26,29,32548],[29,22,0],[40,20,0]],[[75697,91754,0],[2,-2,0]],[[75699,91752,0],[-16,-4,0],[-21,-27,55565],[13,-23,51364],[-17,-17,278857],[-36,-14,38741],[-25,0,89197],[-19,-20,45928],[-22,-6,35427],[-27,-20,89197],[-80,-32,76998],[-24,-16,31303],[-27,-10,31303],[-61,-35,1153240],[22,-13,44141],[3,-21,134965],[-21,-31,44793],[-31,-25,92833],[44,10,92833],[-13,-40,34820],[-2,-30,75623],[18,-14,42671],[-7,-18,246223],[-32,-11,30677],[-36,-5,125365],[-9,-28,41035],[11,-12,29550],[-5,-14,438020],[44,-12,80218],[47,1,26980],[37,-5,26980],[-26,-3,26980],[-12,5,29941],[-53,-3,29941],[-15,-9,27680],[-2,-13,80218],[16,-11,42823],[-6,-18,37879],[17,-4,28301],[-4,-10,71494],[-21,-8,61850],[14,-21,38176],[-11,0,27420],[7,-15,71494],[31,21,112857],[20,-6,45286],[51,-40,88261],[9,-13,31137],[-9,-12,626724],[-54,-24,29641],[-45,-17,149262],[-32,-42,59181],[-17,-45,148453],[-31,-11,37131],[-21,8,35223],[-12,-9,611267],[18,-33,40375],[22,-18,83027],[-1,-19,52355],[16,-24,31243],[3,-20,27656],[12,-17,233003],[-5,-66,75170],[8,-32,33619],[9,-6,75170],[-7,-32,46137],[9,-28,63930],[-15,-38,63930],[20,-12,0],[-20,-19,0]],[[75490,91260,0],[10,13,28648],[13,-2,35055],[-15,-19,35055],[-8,8,0]],[[75500,91354,0],[3,30,88175],[28,9,53407],[14,31,53407],[23,4,182621],[-2,-19,31763],[9,-25,81183],[39,8,26760],[9,7,81183],[-10,-35,182621],[-20,-7,27594],[-23,0,68640],[6,-24,68640],[-17,-10,26417],[-10,2,26417],[-24,-10,142562],[-25,39,0]],[[75502,91114,0],[2,14,31426],[18,12,45123],[0,-20,33734],[-12,-20,45123],[-8,14,0]],[[75514,91471,0],[6,8,29243],[19,-7,70232],[-3,27,39969],[11,19,70232],[13,0,29118],[6,15,29118],[27,22,166706],[32,-5,45487],[17,12,28827],[18,1,45487],[-1,-14,146910],[41,10,57921],[-19,-17,35936],[-34,-15,57921],[-11,-17,35052],[-37,-30,166706],[-20,-1,32435],[-38,-15,61418],[-27,7,0]],[[75772,91421,0],[20,19,61868],[40,2,47387],[-6,-13,61868],[-37,2,42264],[-17,-10,0]],[[75795,91515,0],[3,14,44305],[35,10,44305],[-19,-18,33682],[-19,-6,0]],[[75807,91477,0],[12,21,62854],[74,64,26465],[19,19,182271],[4,-8,28113],[23,1,35426],[3,-11,82850],[-17,-42,182271],[-39,-40,39073],[-24,-17,131415],[-18,2,28639],[2,10,46148],[-39,-12,46148],[0,13,0]],[[75947,91555,0],[12,16,40884],[-6,23,69862],[28,0,52495],[-3,-22,69862],[-26,-25,37738],[-5,8,0]],[[76006,91647,0],[17,-1,41853],[29,16,27538],[21,5,62406],[18,-8,182454],[-9,-13,27290],[-25,1,27290],[18,-7,27290],[-21,-29,75499],[28,-1,112475],[-31,-21,35937],[-12,-17,45518],[-28,-14,182454],[13,29,74727],[-14,16,47711],[3,23,29476],[-7,21,0]],[[76095,91623,0],[29,32,61446],[29,3,61446],[-32,-32,56122],[-26,-3,0]],[[75603,90235,0],[-23,-2,0]],[[75580,90233,0],[10,19,0],[72,20,35396],[14,8,0],[2,35,0]],[[75715,93514,0],[14,-3,0],[47,9,38413],[22,-6,38413],[26,9,0],[4,8,0]],[[76429,93622,0],[-2,-16,0],[-54,-78,81280],[-21,-22,28064],[-25,-18,501772],[-54,-13,36549],[-14,-9,31468],[-47,-13,123913],[-39,-5,44335],[-77,1,302765],[-72,10,28449],[-80,9,99920],[-30,8,28633],[-46,18,51789],[-29,2,757252],[-13,-28,63095],[5,-11,29231],[20,-5,123432],[-27,-12,46412],[-24,6,41104],[-25,-9,180271],[3,-21,81172],[41,-6,49113],[10,-11,28851],[25,-7,180271],[-3,-21,53144],[-35,-15,132072],[13,-35,57341],[32,-30,489776],[9,-2,28549],[51,13,36452],[15,8,105240],[23,-2,27354],[43,3,41627],[33,7,41627],[60,2,26892],[34,4,0],[52,11,0]],[[76009,92702,0],[-7,-11,0],[0,-9,44321],[-55,-48,76953],[-6,-22,39944],[-22,-17,39944],[-15,-32,85559],[6,-24,85559],[-12,-16,39553],[-47,-32,206432],[-20,14,117044],[-2,-7,27720],[-27,-5,31704],[-4,-10,50317],[-58,-22,90057],[-17,-14,26882],[-12,-20,206432],[19,-7,49768],[12,-25,28219],[-3,-9,114814],[33,30,80178],[31,-17,336383],[50,20,70674],[49,44,106931],[28,2,59105],[35,17,39249],[7,-7,39249],[27,24,265544],[24,-6,46182],[-40,-10,49186],[5,-30,65310],[-22,0,80926],[-33,-28,26487],[-12,-14,44333],[-27,-12,44333],[6,-14,63218],[-25,-5,36204],[-17,-15,63218],[-4,-23,0],[-4,-8,0]],[[75850,92334,0],[-1,0,0]],[[75980,92334,0],[15,13,35674],[-9,13,66352],[22,3,33062],[14,17,33062],[5,-12,70639],[-16,-19,36133],[2,-16,70639],[-33,1,0]],[[75986,92443,0],[8,6,29947],[29,-4,58835],[59,26,142257],[-17,-46,89284],[-29,-18,30904],[-19,-4,142257],[-16,16,30094],[3,10,34251],[-18,14,0]],[[76546,92202,0],[16,27,46246],[17,8,33346],[20,25,120119],[11,-14,51157],[0,-18,28049],[-8,-28,120119],[-9,-6,27534],[-37,-7,55998],[-10,13,0]],[[75547,90233,0],[30,-6,0],[3,6,0]],[[76825,91271,0],[5,2,0],[24,16,29758],[4,11,31484],[52,42,100580],[71,77,34454],[41,48,394432],[19,54,116893],[-18,21,53662],[-2,41,68797],[21,25,65543],[-20,22,133541],[9,29,37042],[17,20,492943],[46,8,66376],[35,19,27928],[5,8,49347],[32,8,128681],[17,24,34508],[25,20,105003],[39,13,31037],[50,21,230037],[37,41,53741],[5,24,92010],[49,29,492943],[12,22,41898],[-6,23,98717],[-23,-1,36379],[-13,-13,49517],[-15,10,179945],[14,31,29845],[1,18,74398],[17,10,30132],[2,14,30132],[16,5,103987],[10,30,48428],[-13,16,1360387],[22,14,39740],[35,-2,39740],[-16,11,39740],[21,19,45685],[-12,10,35578],[14,12,45685],[21,-11,238066],[48,3,55805],[-8,16,55805],[-39,-13,55805],[-36,13,40216],[2,10,28268],[32,11,28268],[-42,-8,86117],[-19,-26,86117],[-52,6,54602],[-73,-5,74469],[-27,-25,33402],[-12,-1,74469],[-13,23,238066],[-22,3,46192],[-39,26,46192],[-28,12,26445],[-21,14,28375],[-18,4,28375],[-18,14,75844],[-54,15,71595],[-46,-10,69213],[-9,16,38640],[23,-2,38640],[4,10,29358],[23,9,376710],[-13,10,55784],[-60,-11,170099],[-10,11,48954],[34,21,48954],[23,41,69877],[-2,6,30364],[30,13,0],[6,3,0]],[[77039,92321,0],[6,-2,0]],[[76393,91619,0],[9,23,31061],[26,42,78186],[29,13,166125],[-3,21,40975],[16,14,45741],[8,27,34174],[-6,12,46567],[16,30,46567],[-10,15,43007],[13,23,258925],[-20,18,53070],[33,3,54145],[17,22,48968],[23,9,33567],[5,13,31389],[20,8,114564],[-19,22,57322],[15,23,114564],[27,12,28447],[37,22,680042],[42,-9,78279],[-6,36,78279],[26,13,41458],[12,-9,78279],[-4,-23,34790],[-18,-11,34790],[2,-14,78279],[34,-11,38891],[9,-13,108256],[58,3,328751],[18,-7,36573],[1,-18,50939],[-20,-6,57793],[24,-24,121394],[-2,-12,33020],[-23,-22,58492],[-15,-54,105431],[21,-18,680042],[-38,-28,68049],[-56,-13,81338],[-17,-23,81338],[-73,-37,36331],[-9,-9,36331],[-46,-14,36331],[-29,-18,204963],[-15,-27,113686],[-79,-5,30379],[-33,1,0]],[[76594,91626,0],[42,16,50623],[1,-14,50623],[-43,-2,0]],[[76738,92062,0],[28,7,35049],[36,19,68403],[4,18,42923],[26,10,42923],[-21,-20,27038],[-2,-11,42923],[-24,-19,29891],[-25,-12,68403],[-20,0,26780],[-2,8,0]],[[76824,92050,0],[7,39,46775],[11,-11,46775],[-7,-23,32504],[-11,-5,0]],[[76840,91675,0],[32,38,34943],[9,21,62207],[23,23,29248],[9,0,83764],[-13,-23,27373],[-20,-23,43239],[-2,-15,83764],[-12,-11,26785],[-26,-10,0]],[[76850,92062,0],[17,19,45147],[22,-2,45147],[-39,-17,0]],[[76885,91992,0],[42,15,35312],[56,12,136505],[12,-17,38866],[23,-3,49028],[30,19,49028],[-19,-30,136505],[-52,-8,30027],[-5,5,30027],[-33,-9,96387],[-41,5,41480],[-13,11,0]],[[76919,91805,0],[19,33,88345],[33,7,28888],[33,14,142523],[-1,-20,51047],[31,9,59391],[-2,-27,142523],[-27,-2,42184],[-8,-16,42184],[-19,11,78876],[-19,-26,51054],[-29,-7,112481],[-11,24,0]],[[76921,92037,0],[30,29,40490],[20,-1,29998],[35,9,40490],[0,-7,40490],[-30,-8,30651],[-21,1,40490],[-24,-23,32460],[-10,0,0]],[[77079,91968,0],[4,13,42042],[35,15,42740],[21,-9,33204],[-27,0,33204],[-17,-19,42740],[-16,0,0]],[[77096,92071,0],[12,11,27537],[9,-8,27537],[-21,-3,0]],[[77105,91936,0],[8,14,33116],[21,5,55143],[2,14,34661],[24,27,98442],[19,6,36471],[14,-11,98442],[-24,-19,32533],[-2,-11,32533],[-21,-1,54301],[1,-16,54301],[-19,-7,26322],[-23,-1,0]],[[77039,92321,0],[26,16,0],[75,14,234024],[6,19,45295],[-19,14,45295],[-7,18,31660],[2,24,122025],[10,10,27751],[20,2,26835],[7,9,77534],[-25,23,77534],[0,26,36986],[12,25,317455],[22,15,40218],[22,-1,96724],[28,-31,28271],[11,-5,141438],[26,19,68095],[-12,32,169868],[15,12,31030],[-1,15,31030],[16,19,68062],[34,19,30951],[11,13,75340],[18,1,28841],[13,-10,71944],[1,18,29058],[11,18,316485],[-8,58,33193],[-8,24,132820],[19,25,33568],[23,16,496027],[29,-2,48811],[6,-13,27188],[18,-9,105383],[-5,-32,36969],[8,-18,144163],[26,-5,44629],[6,-18,74506],[20,-2,32217],[26,9,255156],[5,15,30478],[-13,5,47661],[18,22,64091],[21,1,32288],[21,14,64091],[-29,12,64091],[18,42,182797],[-24,0,42638],[-14,11,29660],[-25,5,255156],[11,10,26750],[19,29,78093],[19,5,33789],[12,-11,78093],[70,30,63431],[22,23,490285],[12,51,31984],[-2,12,180192],[27,15,63159],[27,40,48722],[22,10,32482],[10,16,77741],[28,-4,68241],[24,36,241602],[-15,1,36636],[5,20,36636],[-15,50,128568],[12,39,68843],[28,0,0],[35,18,0]],[[77850,93205,0],[32,17,0],[16,18,29649],[4,18,36565],[28,31,88889],[9,27,33157],[33,69,114841],[-12,21,33246],[2,17,90135],[38,47,463044],[35,14,53414],[45,31,42964],[23,9,26743],[31,19,91013],[23,-2,91013],[22,18,28206],[26,14,46790],[19,2,62422],[18,21,36683],[27,16,463044],[-1,22,49957],[25,34,107951],[12,5,30734],[16,-10,40945],[22,9,121687],[24,46,67318],[8,-3,28061],[21,14,81224],[1,14,33711],[21,38,183857],[12,-2,33311],[27,18,62311],[21,32,93502],[69,70,43704],[23,32,35602],[32,30,93502],[40,29,44837],[3,10,37401],[40,32,751858],[48,8,57547],[23,-14,57547],[37,11,347287],[18,17,41024],[-6,6,28921],[26,5,28921],[49,28,134473],[3,20,40521],[22,17,40521],[8,26,37420],[18,20,189325],[35,24,30943],[53,31,71846],[14,28,71846],[17,-5,35163],[29,10,109488],[34,28,33357],[15,20,1263884],[1,16,28231],[-11,2,28231],[-29,55,99385],[-10,42,42944],[3,29,376606],[40,64,28633],[11,25,28633],[26,36,93480],[16,14,46056],[60,80,93480],[-1,25,0]],[[79234,94700,0],[4,0,0]],[[78366,94836,0],[18,28,58235],[-8,32,78840],[9,24,35067],[23,27,325241],[69,34,60684],[12,-5,36375],[30,13,111963],[30,29,32076],[26,18,128550],[36,13,30446],[10,-3,40662],[27,12,28778],[14,-3,28778],[14,11,570062],[22,1,45308],[12,-22,115673],[-33,-56,40902],[-2,-14,161843],[28,4,55111],[-10,-27,69578],[16,7,31350],[3,-13,32978],[32,3,154944],[15,-40,75081],[-18,-40,570062],[-30,-38,45478],[-50,-45,89436],[-64,-44,214284],[-54,-19,54713],[-19,2,37913],[-44,-11,460084],[-45,9,57879],[-13,23,48759],[-26,3,163027],[-12,24,37808],[-7,41,35528],[-11,22,0]],[[75850,92334,0],[-9,-20,0],[-6,-29,50465],[14,-34,155699],[-26,-30,58910],[-55,-33,218634],[-13,-11,29655],[8,-9,48057],[29,13,59033],[1,-35,84201],[38,1,528767],[52,31,32774],[27,10,32774],[5,11,60199],[23,7,30363],[16,14,32529],[23,6,55841],[57,36,129797],[36,12,26377],[23,3,369005],[26,-4,36473],[22,-15,38278],[41,-10,75497],[20,2,33033],[-28,-15,44053],[33,1,44053],[15,-15,988034],[-23,-23,56134],[6,-6,28847],[26,6,56134],[-12,-32,95150],[-39,-31,163548],[4,-27,37462],[16,-8,31239],[0,-15,53376],[20,3,40355],[0,-19,234675],[-25,-27,49286],[-32,-12,118845],[6,-13,39320],[27,2,54348],[-6,-16,26643],[8,-6,126466],[-14,-14,36355],[-49,-26,637966],[-30,-5,55047],[8,24,89627],[-34,-9,58369],[-17,-13,33032],[-1,-16,89627],[-23,-6,36980],[-26,7,105531],[16,19,47085],[-11,18,74048],[-33,8,105531],[-6,-24,52972],[-11,-7,28749],[-20,7,38440],[1,-11,213185],[44,-54,213185],[-13,-7,27378],[-3,-16,54638],[-47,-20,54638],[-47,-43,91809],[-36,-10,68513],[14,-27,68513],[-35,-11,45674],[-3,-15,333006],[-26,-1,26623],[-57,4,42187],[-25,6,0],[-15,-3,0]],[[76233,92074,0],[25,14,39776],[17,24,58688],[-12,11,58688],[54,18,156469],[9,-24,39527],[-1,-37,156469],[-19,-18,33857],[-32,-17,112403],[-26,7,44438],[-15,22,0]],[[90006,96224,0],[3,-2,0]],[[88527,95002,0],[-138,-29,0]],[[88389,94973,0],[-5,5,0],[-32,26,124127],[-23,44,40650],[-36,83,40735],[-21,32,40735],[0,20,1094771],[97,96,83556],[38,55,186878],[36,19,28893],[9,-1,116674],[26,21,38024],[57,60,58044],[33,21,39234],[27,28,324992],[43,10,41278],[61,23,33337],[46,13,72464],[61,27,324992],[15,12,30280],[12,24,127678],[-22,25,44308],[-7,26,38057],[-19,24,510082],[9,22,39756],[37,49,82506],[12,54,143836],[24,20,36458],[30,11,143836],[34,46,44872],[35,33,58306],[20,34,93521],[40,27,93521],[11,18,42251],[4,44,222237],[17,8,33812],[21,-7,45157],[23,13,132403],[-3,26,70605],[16,17,27938],[8,20,32251],[16,14,1952293],[36,7,34717],[30,13,64858],[11,15,34421],[32,16,59636],[16,-1,29195],[27,11,166546],[19,33,115654],[39,8,58995],[7,23,58995],[56,22,46204],[6,17,46204],[28,2,687227],[22,-15,30711],[14,-1,86444],[51,27,86444],[43,-6,75587],[25,10,26603],[49,12,75587],[39,-6,71412],[48,5,40779],[34,13,90757],[46,-11,90757],[43,20,54324],[21,-6,36103],[21,9,491626],[2,-15,26224],[13,-7,53690],[21,3,28627],[13,-7,133108],[-8,-20,52139],[21,-30,88192],[-29,-11,46171],[0,-17,165767],[33,-14,49816],[34,3,0],[4,7,0]],[[91015,94619,0],[-1,1,0]],[[91014,94620,0],[4,0,0],[0,19,35330],[16,7,93979],[43,-7,55197],[39,10,253716],[38,29,55666],[15,27,40281],[28,25,87934],[-5,22,87934],[10,3,29242],[19,22,42607],[42,21,156655],[-11,29,63458],[24,24,1028849],[36,6,33302],[6,8,33302],[41,11,65278],[50,27,121177],[14,16,27122],[1,15,237729],[-17,17,34302],[4,12,57315],[36,-29,44317],[15,-24,66752],[24,-7,26321],[35,-4,264924],[38,29,27873],[35,22,36061],[38,31,65307],[30,13,394960],[58,0,57567],[20,-14,113454],[33,8,42207],[25,-1,28093],[56,6,68599],[7,-9,43438],[45,5,527230],[35,15,46147],[74,15,80244],[98,14,161205],[29,24,104392],[19,0,40754],[48,19,40754],[54,12,31446],[35,13,312601],[29,22,32778],[2,13,32778],[20,3,32778],[32,21,67854],[58,28,157571],[27,1,30601],[9,9,30601],[37,4,86878],[14,14,48593],[45,12,40553],[20,14,687923],[24,2,27017],[12,-5,27017],[35,-1,87486],[29,-19,59485],[0,-6,26281],[25,4,26281],[40,-9,17026],[2,-2,0]],[[92758,95206,0],[-5,-3,0]],[[91620,95140,0],[16,17,52252],[14,0,29326],[40,17,91932],[2,-4,28816],[42,4,49662],[-12,-13,91932],[-30,-2,27869],[-18,-9,27869],[-18,1,39799],[-18,-11,29337],[-18,0,0]],[[91624,95078,0],[29,20,79098],[55,11,38357],[32,-1,102556],[-10,-20,33885],[-17,-8,102556],[-47,2,36577],[-42,-4,0]],[[91845,95090,0],[14,9,36781],[46,5,76210],[-3,-14,30791],[27,13,30791],[-31,-23,44264],[-20,-5,76210],[-19,4,26112],[-14,11,0]],[[91257,94920,0],[-137,3,0]],[[91405,95593,0],[44,6,0]],[[91449,95599,0],[-38,-9,0],[-39,-22,104887],[-4,-16,27531],[1,-38,56721],[-15,-24,117427],[-21,-7,29098],[-21,-17,29098],[-21,-4,26718],[-10,-10,117427],[13,-11,47042],[51,0,457093],[-48,-17,52277],[-28,-23,56997],[-70,-27,110874],[-11,-15,78464],[-41,-13,32505],[-16,1,32505],[-58,-15,79569],[4,-6,44948],[-68,-18,44948],[-42,-24,31702],[-24,-7,1067752],[-9,-14,66795],[20,-9,33266],[15,7,33266],[35,-6,74486],[-7,-20,43568],[20,-6,144458],[-23,-19,39425],[6,-11,57421],[-30,-8,101294],[0,-18,31329],[13,13,31329],[24,-17,233949],[29,6,52617],[30,14,29466],[9,11,29466],[26,10,233949],[66,3,92247],[-4,-13,29468],[10,-17,92247],[51,1,73975],[3,-26,73975],[60,-4,564525],[7,42,178875],[21,10,29644],[28,4,82181],[8,-14,57433],[54,0,83867],[25,11,36756],[25,-2,36756],[43,13,83867],[20,-4,28681],[16,6,49520],[11,-12,27930],[-12,-5,71364],[-59,-8,204565],[-51,-20,36650],[-31,-6,53429],[-10,-16,51724],[-45,-9,115674],[-46,7,115674],[-9,-11,29554],[-40,-23,62096],[-53,-19,139202],[-19,8,35992],[0,16,78113],[-49,-14,139202],[-29,-23,44449],[5,-9,27883],[-13,-14,68085],[-34,-12,470931],[32,-27,30536],[2,-8,82551],[41,3,82551],[46,-19,58158],[-9,-7,31360],[16,-14,191455],[45,-2,72563],[62,17,42351],[43,5,191455],[29,-7,39805],[30,-19,140925],[-5,-13,43708],[-30,10,65085],[-19,-4,26841],[2,-8,31107],[-34,-14,26766],[-21,1,26766],[10,-9,0],[-33,-15,0]],[[91451,95600,0],[4,1,0]],[[91455,95601,0],[2,0,0],[-6,-1,0]],[[91219,95275,0],[5,11,26881],[18,2,47322],[18,-12,47322],[-39,-5,27177],[-2,4,0]],[[91257,94920,0],[-53,-23,0],[-38,-15,61656],[9,-20,149313],[-71,-20,50704],[-10,-10,37419],[-25,8,74096],[-41,-21,53139],[-52,-11,149313],[16,-11,45537],[-16,-20,98766],[-46,-1,61609],[-25,-11,26343],[-4,-9,488261],[55,-24,95080],[15,14,35070],[26,6,95080],[36,-15,55092],[26,2,32451],[32,-6,317104],[-4,-11,28777],[16,-8,44284],[-16,-12,130728],[-99,-5,65365],[-32,-12,217897],[-4,-17,27821],[-14,0,27821],[3,-12,54544],[24,-1,58638],[39,-36,0],[10,1,0]],[[90379,96148,0],[-9,-5,0],[-36,-10,0],[8,-8,0]],[[90342,96125,0],[-1,-1,0]],[[90478,96103,0],[-28,0,0]],[[90342,96125,0],[3,-2,0],[44,14,92579],[8,-9,34921],[-16,-18,59245],[27,-13,108640],[20,6,32327],[7,16,28796],[14,4,67644],[-15,35,28305],[11,-11,28305],[9,-27,28305],[23,-6,0],[1,-11,0]],[[88239,94851,0],[1,11,26726],[14,-8,26726],[29,-1,35466],[24,8,167708],[44,-25,26475],[36,-17,81301],[96,-29,179349],[15,17,107614],[18,2,27907],[24,-9,29646],[24,1,56545],[67,-18,435748],[18,19,41260],[26,3,94187],[-5,9,31035],[27,4,31035],[-21,5,34236],[-14,24,273141],[-35,5,43675],[-23,17,72425],[-72,7,134831],[-34,11,39651],[1,11,45325],[-41,12,47671],[-14,15,26605],[-17,7,0],[-38,41,0]],[[90478,96103,0],[0,-1,0],[21,-12,41872],[-7,-11,27308],[10,-11,141901],[22,-2,33298],[46,8,64998],[13,-3,27040],[45,1,38425],[15,-6,224096],[40,25,85730],[33,0,40905],[17,12,40905],[46,5,718023],[-11,10,29261],[24,-3,29261],[-5,-9,29261],[36,-15,63038],[48,3,63038],[-12,-20,63038],[14,-14,37999],[37,-12,236415],[-9,-30,73377],[18,-17,27050],[14,-4,60626],[-3,-25,140120],[14,-14,34272],[47,-25,73436],[18,-31,501375],[-38,-23,80034],[-8,-17,31355],[0,-28,154628],[33,-37,38841],[10,-23,187112],[-11,-25,29184],[4,-10,88041],[-38,-11,51203],[-21,-23,767149],[21,-4,27809],[1,17,27809],[9,-18,55279],[26,-28,73836],[51,-19,34436],[9,3,34436],[27,-8,26928],[7,-9,254584],[14,14,46541],[4,-35,68064],[24,16,30838],[5,13,70883],[46,-2,53923],[27,-16,69338],[28,9,152788],[20,-12,38129],[56,-15,41593],[30,-3,41593],[22,-15,107696],[44,7,0],[44,1,0]],[[91451,95600,0],[-2,-1,0]],[[90006,96224,0],[9,17,0],[61,1,60106],[34,8,37760],[60,6,158949],[31,-1,28690],[76,-11,52963],[52,3,52963],[20,-12,0],[1,-11,0]],[[73876,95121,0],[-1,-1,0]],[[73875,95120,0],[-18,6,0],[-10,21,32076],[-21,22,68916],[-32,10,250822],[52,20,36970],[22,-2,36970],[7,15,117101],[-17,12,28582],[-8,17,117101],[16,12,43264],[-5,12,26838],[-14,1,45825],[18,18,50144],[31,1,47368],[14,17,50144],[-7,5,27801],[-15,-13,32220],[-18,5,59265],[25,29,718766],[-41,13,94525],[-36,-16,32021],[-24,-2,32021],[-15,-11,125861],[-34,-1,34435],[-29,8,62719],[-57,-9,62719],[-62,-2,34218],[-56,2,231832],[-23,7,28928],[-59,9,50454],[-10,10,50454],[-64,3,123312],[-25,-5,36247],[-64,-1,718766],[-10,17,59567],[-50,4,71276],[8,17,51491],[-32,12,187118],[17,14,33744],[32,12,51791],[19,-4,28813],[18,7,51791],[1,17,439947],[-88,14,36434],[-48,1,36434],[3,6,75965],[-48,1,62654],[-10,-9,28060],[6,-13,62654],[-42,0,62654],[16,10,29038],[8,19,62654],[-62,12,56053],[-70,2,276552],[-6,5,26119],[-47,12,35520],[-37,18,82641],[-16,20,33855],[-28,16,1350026],[18,38,34323],[-6,13,34323],[20,6,87098],[-23,16,94395],[20,27,52322],[-1,32,57247],[28,21,57247],[-5,24,186673],[25,14,30805],[6,12,35449],[22,5,35449],[12,17,186673],[-17,25,52624],[15,5,26147],[0,11,91753],[-33,21,50323],[-17,28,115961],[5,16,37152],[21,0,437901],[-10,16,35240],[-29,15,35240],[-28,24,30206],[5,9,30206],[-22,2,51404],[-3,10,26430],[-24,18,0],[1,13,0]],[[72203,95856,0],[24,14,38594],[-7,11,62946],[23,16,36372],[34,11,146348],[17,-11,33547],[4,-19,41457],[20,-9,146348],[-31,-26,63412],[-45,-6,106241],[-5,14,44621],[-19,-4,30818],[-15,9,0]],[[72507,95679,0],[12,12,49582],[26,-20,49582],[-30,-3,39425],[-8,11,0]],[[72551,95662,0],[9,12,32052],[12,-9,32052],[29,11,57692],[18,-11,72895],[-31,-18,31764],[-19,-3,72895],[-18,18,0]],[[75296,97365,0],[29,5,42450],[16,17,121020],[-2,24,43777],[17,20,60884],[-7,12,27005],[0,25,121020],[36,21,54680],[-61,9,54680],[20,9,54680],[23,-10,36599],[33,0,84874],[1,14,30238],[-15,8,41335],[12,11,538027],[51,0,51938],[14,16,51938],[23,-20,189938],[-14,-10,34434],[1,-20,99051],[52,-17,36016],[18,0,122946],[1,-23,26087],[7,-11,58323],[-19,-20,343012],[16,-13,39766],[15,10,39766],[58,7,116070],[31,21,30674],[-5,5,26810],[20,12,165457],[27,3,27536],[7,-6,29136],[18,11,26310],[20,2,29136],[-22,-13,29136],[28,-1,61751],[23,-13,0],[-47,-32,109567],[-2,-36,26599],[-5,-7,69947],[-41,-17,69947],[19,-21,134166],[-16,-15,41026],[-33,-8,36324],[-13,-12,245697],[6,-31,38469],[-13,-5,26893],[21,-5,26893],[8,-14,96228],[34,-6,32864],[7,-9,61929],[-60,7,34058],[-5,8,34058],[-32,-1,96228],[-11,-10,28242],[4,-15,75992],[51,-13,0],[-4,-18,58948],[-45,2,58948],[-32,-24,102301],[-77,-18,28913],[-23,-2,191568],[-34,12,32140],[-24,16,170214],[2,16,49521],[37,11,93744],[46,-1,70300],[25,16,40866],[35,7,191568],[-15,21,95094],[-59,-4,37238],[-47,4,296802],[-12,31,40034],[-23,14,36685],[0,14,57674],[-32,15,56589],[5,12,28135],[-9,14,135322],[-55,14,33748],[-3,5,0]],[[75350,97588,0],[16,13,49053],[26,-3,36063],[0,-12,49053],[-23,-4,30123],[-19,6,0]],[[74320,94663,0],[12,17,68636],[-15,12,33651],[-18,30,106451],[-23,1,39366],[-29,17,106451],[-43,49,33748],[-15,23,75732],[-8,33,208605],[-25,17,28171],[-23,9,47561],[-31,-1,47561],[-9,17,461981],[38,2,80674],[-33,26,41360],[1,12,108873],[61,2,69039],[-3,9,26829],[16,10,147029],[69,-15,70214],[32,9,70214],[23,-11,30413],[13,4,31243],[47,-8,27776],[28,-1,147029],[-5,7,38934],[-55,13,40757],[-17,12,78039],[-28,-2,34227],[-30,8,461981],[-13,12,31311],[-3,20,76954],[-48,10,76954],[-40,20,40186],[-75,44,253971],[-12,3,30886],[-25,-12,87786],[12,-16,35333],[3,-28,147114],[-12,-7,36850],[-27,10,49228],[-41,-12,35094],[-17,2,253971],[-37,24,74035],[-6,12,33779],[14,18,144568],[76,-2,108028],[14,23,32770],[-2,13,144568],[-38,6,27955],[-28,0,32593],[-44,8,0],[-26,8,0]],[[74101,94978,0],[9,8,27370],[16,-5,31811],[-10,-11,31811],[-15,8,0]],[[74162,97152,0],[-2,-1,0]],[[74160,97151,0],[-16,12,0],[-70,21,86792],[-33,23,30614],[-45,26,125385],[-42,-6,70244],[-42,16,25961],[-5,6,307132],[26,20,61616],[-12,18,52800],[29,11,52800],[10,27,417131],[41,6,70255],[36,-3,33051],[42,-12,120258],[43,-32,120258],[52,-3,69037],[8,-8,32193],[39,-12,62378],[10,3,32480],[47,-9,250436],[5,-11,32264],[27,-8,41631],[9,-12,26732],[22,-9,31787],[7,-13,31787],[25,-15,0],[4,-1,0]],[[77323,96715,0],[0,-64,0]],[[76884,96151,0],[-1,0,0]],[[76883,96151,0],[-5,25,36314],[10,12,62526],[-20,39,62526],[-4,30,30191],[6,15,267838],[13,-7,47965],[26,5,28055],[21,11,119449],[11,22,52902],[40,18,56321],[16,27,180112],[-6,36,34682],[4,22,756779],[-14,40,52675],[-34,50,92120],[-13,9,26561],[-32,35,92855],[0,10,33728],[-24,32,38722],[3,9,32044],[-17,30,92855],[-57,57,60797],[-4,19,238039],[-58,26,48142],[-59,17,238039],[12,19,98847],[-32,48,64557],[-20,63,630413],[11,29,46144],[1,46,33359],[7,21,150397],[28,25,26618],[15,18,36955],[24,17,1406708],[36,4,57911],[52,-16,138688],[34,-19,36703],[28,-24,89789],[3,-15,36246],[-17,-23,89789],[11,-9,29749],[22,2,59581],[23,21,163053],[30,-5,47320],[105,-29,38410],[29,-5,26214],[41,-12,441992],[7,-11,30165],[42,-35,110755],[5,-20,34237],[-4,-41,220850],[36,-8,75998],[56,-31,41151],[33,-30,41151],[19,-5,0]],[[76545,96594,0],[20,13,37063],[1,16,113911],[37,-5,27124],[27,-9,34142],[33,-2,183989],[-1,-31,70015],[37,-8,118534],[-24,-24,50203],[-32,-7,183989],[-55,21,65925],[-24,17,26405],[-19,19,0]],[[74408,97056,0],[5,-3,0],[7,-11,29898],[-9,-19,66246],[-38,-53,110831],[11,-21,53435],[-10,-28,30362],[2,-16,234623],[18,-3,59170],[17,43,59170],[32,20,35254],[24,24,74847],[30,42,234623],[31,21,37424],[18,1,92342],[39,-23,153297],[19,23,33869],[-5,9,33869],[16,31,165437],[32,11,66592],[45,-5,52287],[33,1,27965],[9,11,27018],[12,-5,506086],[2,-17,39701],[-17,-34,62492],[13,-16,34992],[-5,-17,114161],[-23,-25,28484],[-14,-23,87284],[-5,-33,35016],[10,-7,35016],[-14,-19,506086],[33,-20,42126],[22,-1,47962],[22,-20,36585],[23,-7,229858],[-30,-8,70834],[12,-31,52835],[-17,-9,118830],[21,-15,30460],[20,-25,185149],[26,-4,50697],[49,15,45084],[17,-5,185149],[16,-16,30343],[9,-25,50211],[38,-38,66362],[23,-47,161466],[12,-2,41379],[-35,-29,119049],[15,-7,27832],[34,-5,53790],[52,1,1398759],[-93,-18,102501],[-60,6,32809],[-47,0,223988],[-32,-25,83286],[26,-30,196308],[53,-3,64131],[37,16,85855],[34,2,42957],[15,-8,29210],[26,-2,223988],[14,17,59147],[35,10,35767],[36,18,91870],[11,18,30244],[-8,7,157121],[28,18,51992],[72,21,112350],[-10,-14,27750],[0,-20,223988],[97,-64,202831],[68,24,49912],[26,-10,49912],[9,19,340388],[-25,14,32246],[-12,19,32246],[-15,4,36864],[-26,18,26517],[-29,14,56603],[-3,21,56603],[-37,-1,355607],[45,20,47170],[-13,-11,29856],[17,-1,47170],[33,31,220160],[34,51,26094],[3,13,26094],[18,23,77464],[16,47,51690],[16,15,39702],[16,40,445776],[-16,21,49553],[-8,47,247182],[12,9,58218],[36,-3,35943],[39,-10,58218],[26,4,35041],[2,15,35041],[16,-1,30926],[1,-14,45615],[62,-5,151579],[31,-29,0],[4,-2,0]],[[75635,96948,0],[-15,-15,0]],[[76081,96556,0],[-36,-40,0]],[[75635,96948,0],[17,-10,0],[-1,-13,38368],[28,-9,54820],[1,-28,66012],[-15,-12,31587],[-30,-8,43866],[4,-8,66012],[53,11,74848],[15,-17,33632],[30,-16,74848],[5,-34,302090],[-24,-36,46302],[-4,-26,46302],[-23,-21,43230],[5,-16,43230],[-21,-41,706302],[-40,-30,33744],[-33,-18,77922],[0,-10,33812],[-29,-15,33812],[-30,-24,29380],[-1,-7,66474],[-35,-22,28104],[-2,-6,28104],[-44,-30,187279],[-20,-5,38286],[2,-17,38286],[-26,-21,33011],[-5,-15,33011],[-41,-45,115153],[-51,-25,79417],[-46,-51,1309118],[-16,-8,26815],[-31,-4,54757],[-78,-34,166685],[1,-18,28767],[11,-4,78715],[29,9,38891],[33,-2,135435],[7,14,34668],[28,14,98090],[38,-4,50814],[23,14,43852],[26,-4,166685],[5,-19,26114],[13,-14,64073],[-10,-13,29458],[-20,-5,64073],[21,-12,26316],[15,-1,51504],[15,12,153576],[46,-8,38947],[19,8,38947],[15,-12,47968],[50,-15,278950],[24,4,64079],[8,17,32385],[29,30,179791],[20,-9,67678],[12,-33,33253],[23,-39,151278],[41,3,76849],[9,11,35641],[-9,23,444817],[-26,25,38926],[-21,34,130476],[1,38,43963],[13,29,530509],[26,24,28329],[-1,7,28329],[25,11,38138],[8,16,26324],[13,5,26324],[25,24,149840],[-5,14,42954],[11,23,31269],[3,27,273426],[31,5,57091],[19,14,30414],[40,20,101098],[11,13,34528],[43,24,37017],[7,17,32190],[18,7,130153],[14,-23,40433],[21,-6,125730],[27,42,74716],[4,18,30859],[-7,27,530509],[13,-4,30988],[40,-30,77775],[22,-22,27181],[0,-8,32323],[35,-34,0],[0,-5,0]],[[71377,97156,0],[18,8,0],[17,-2,36765],[51,12,101775],[40,-1,29147],[20,-6,29147],[47,-3,28234],[35,-6,310402],[20,13,39460],[-22,13,39460],[27,2,115218],[56,-18,46772],[42,-4,107008],[15,4,31165],[7,19,115218],[-20,-8,30297],[-27,1,57222],[5,17,57222],[-23,13,27018],[-22,6,102817],[-29,-14,60711],[-16,8,29712],[-28,2,115218],[-21,-9,37400],[-6,-18,75894],[-40,12,56919],[9,13,38057],[23,-3,56919],[1,11,31267],[24,19,41946],[-6,9,251799],[94,2,72992],[72,15,451463],[-19,13,39007],[-15,28,45318],[-22,12,150955],[-29,7,27789],[-39,3,31767],[-58,-6,31767],[2,6,27892],[28,1,80372],[-41,21,559324],[15,5,26499],[10,14,29788],[34,17,176024],[21,-1,35044],[13,13,39380],[81,17,85233],[37,-6,85233],[24,3,27439],[8,9,49481],[67,12,29866],[27,1,47206],[11,11,28629],[17,-1,210656],[-3,-21,32289],[7,-24,38295],[13,-3,26274],[-19,-8,83950],[25,-13,44200],[3,-19,210656],[32,-3,35150],[10,-14,28690],[3,16,28690],[22,4,155341],[-9,32,26701],[-11,24,116892],[14,-2,47250],[19,24,26054],[14,9,0]],[[76081,96556,0],[1,-4,0],[38,-47,54867],[22,-8,131888],[-17,-20,49052],[0,-32,254885],[50,-20,91002],[-2,25,37513],[12,10,100681],[21,-6,30830],[33,0,48458],[32,-13,349591],[6,-21,50044],[21,-18,33403],[-1,-12,33403],[38,-60,102808],[-2,-35,145409],[29,-17,44024],[0,-15,44024],[42,-54,626463],[4,-18,31275],[-9,-23,51439],[12,-28,50674],[-5,-38,101411],[22,-21,57146],[6,-42,101411],[-9,-22,28532],[6,-8,28532],[-9,-30,185810],[19,-35,39502],[-4,-11,39502],[29,-66,38398],[1,-14,1284201],[-49,-29,48440],[-19,-23,190731],[-7,-56,30042],[3,-10,30042],[-12,-37,130675],[23,-15,40805],[22,3,81616],[21,30,124440],[-12,19,35616],[-4,32,130675],[24,25,51959],[38,13,115765],[18,-27,42663],[17,-3,241402],[7,13,30573],[30,27,85984],[28,48,51531],[9,38,328441],[23,5,35874],[23,-9,148550],[34,-25,37269],[17,-24,48008],[3,-24,48008],[22,-6,48008],[20,-23,32361],[18,-7,27669],[9,-14,714732],[15,5,32255],[-1,16,49607],[-19,13,50197],[1,25,30993],[10,12,101734],[-9,35,42688],[-19,26,61972],[11,8,39288],[-11,25,150249],[35,-15,202814],[11,2,30633],[-1,20,37180],[23,18,54829],[-3,18,70142],[44,57,42064],[24,19,42064],[2,19,202814],[-22,11,44610],[10,17,113435],[-17,9,32338],[-70,22,44716],[-38,9,180212],[-12,34,75816],[36,9,146145],[93,-45,0],[17,8,0]],[[76555,95962,0],[0,16,59074],[51,9,96486],[25,-30,96486],[-48,-24,93182],[-18,12,29145],[-10,17,0]],[[74051,97662,0],[31,-1,29579],[-14,-6,29579],[-17,7,0]],[[74133,97655,0],[16,7,33146],[-9,13,33146],[19,4,46460],[41,28,32916],[17,6,92783],[-11,17,92783],[53,23,51567],[18,23,36483],[18,5,145808],[-2,13,27544],[-14,10,44071],[5,21,145808],[15,3,25826],[12,13,38750],[30,1,37887],[12,12,74233],[40,-3,433021],[56,-24,44877],[27,-20,73957],[35,-3,207925],[13,-9,33064],[-6,-15,57495],[-28,-18,75714],[29,-12,34324],[-5,-7,148820],[-61,-11,90393],[-20,-16,52991],[23,-16,90393],[37,19,46523],[45,9,90393],[40,-46,65750],[25,-2,406213],[6,21,32313],[11,-2,32313],[17,16,27588],[2,12,83668],[-29,9,119399],[2,11,38519],[21,7,28902],[15,-7,28902],[-2,15,52947],[16,9,28374],[-3,11,28374],[21,24,433021],[-61,27,32324],[-20,6,28868],[-14,14,84372],[-33,10,37611],[4,9,37611],[-32,19,35616],[2,8,193364],[-50,22,65900],[39,3,65900],[-2,18,49560],[-37,21,54394],[-14,18,27987],[-1,15,950092],[60,4,77715],[11,15,30356],[23,11,277802],[38,-12,38758],[8,-13,31246],[18,0,31246],[41,-17,53683],[-3,-18,42453],[30,32,53683],[38,1,38750],[1,-9,53683],[-40,-9,53683],[-1,-8,28645],[26,-11,177188],[-12,-36,66675],[9,-19,26299],[12,-6,143394],[34,-2,37302],[21,9,77802],[-14,-28,77802],[25,-5,32986],[19,-15,177188],[13,26,35307],[-6,11,44839],[16,19,292820],[12,-6,25881],[22,3,35434],[2,9,44407],[48,-5,100683],[34,9,45641],[26,22,140927],[48,-9,45493],[9,-12,0],[-50,-32,36774],[-27,-11,112723],[-31,-43,30152],[-2,-17,30152],[-14,-6,96452],[-43,0,77111],[-17,-14,39388],[4,-18,162582],[14,-7,30238],[27,1,52841],[46,-17,36789],[23,0,34180],[26,-12,153911],[-22,-14,86842],[-27,-2,33534],[-23,8,35161],[-68,2,153911],[-24,-23,34309],[-12,-3,26926],[-27,-23,67787],[8,-10,56960],[-35,-5,30652],[-30,-10,67787],[-8,-23,598837],[19,-21,44820],[21,2,44820],[39,-23,135273],[8,-17,32620],[-11,-10,59912],[31,-7,66985],[-3,-34,335087],[-55,-23,84021],[3,-12,42746],[-30,-30,168262],[6,-15,32788],[24,-13,77089],[-17,-14,25842],[-2,-11,56633],[16,-19,119879],[-40,-21,0],[-31,3,42193],[-14,12,26958],[-19,5,94145],[-38,-12,73379],[-69,12,182392],[-23,16,50563],[-11,21,27174],[2,13,182392],[-25,12,37256],[-44,8,59983],[-29,22,101490],[-6,23,27675],[4,13,101490],[-30,9,59117],[-16,-13,29921],[-21,-4,101490],[-47,18,44753],[-39,19,27622],[-8,9,95185],[-54,16,34266],[-36,3,34266],[-14,9,347808],[42,3,62028],[-2,21,112465],[-22,16,30501],[-43,21,0]],[[74828,97580,0],[26,6,36793],[-6,-13,36793],[-20,7,0]],[[74186,97001,0],[-244,-11,0]],[[73942,96990,0],[11,6,0],[47,12,34827],[35,3,61560],[10,13,69179],[51,11,28677],[38,4,194086],[14,32,69795],[40,16,28878],[19,13,65071],[-13,7,29141],[12,10,164101],[38,8,36913],[54,3,0],[34,-5,0]],[[74342,97143,0],[-13,-1,0],[-7,-8,43977],[-55,8,46645],[-67,-7,83693],[-34,11,0],[-6,5,0]],[[74080,96205,0],[2,-1,0]],[[72810,95981,0],[15,9,34614],[-2,18,39371],[27,25,134478],[61,41,46997],[98,56,170641],[41,15,46239],[19,-5,95834],[15,-34,95834],[23,-3,29238],[17,7,62263],[15,-22,67549],[38,-4,32306],[23,-9,57688],[3,12,160111],[-15,4,26095],[-18,14,42500],[-44,10,68673],[3,16,58861],[-21,13,36738],[-28,2,170641],[16,15,47713],[-14,18,42439],[12,15,137899],[63,40,31228],[52,37,1490001],[39,0,46181],[26,-13,106060],[14,-22,29815],[6,-23,116608],[12,-6,41349],[50,8,93051],[2,-14,41366],[33,-17,273014],[-1,-27,64209],[-22,-22,45104],[-16,-38,149431],[12,-19,40718],[-5,-25,68253],[27,-15,273014],[59,20,76079],[18,-4,33756],[45,3,455549],[11,-27,50287],[28,-9,50287],[10,-12,26781],[-7,-10,134698],[-57,-23,134698],[13,-17,43594],[20,4,27452],[7,10,27452],[12,-8,43594],[-30,-16,81591],[-9,-15,35219],[7,-22,51357],[-18,-11,771358],[35,-27,52585],[39,-9,52585],[9,-19,188935],[34,7,71624],[81,-19,119213],[21,-19,31976],[17,-3,31976],[13,-16,100776],[23,-1,36844],[7,13,64793],[40,-17,358144],[17,-37,105059],[34,-21,29166],[67,-47,183028],[22,-8,33709],[24,2,48781],[11,13,48781],[16,-9,30867],[7,-17,105781],[-9,-13,36040],[10,-21,105781],[33,-23,63315],[31,-1,44630],[18,-17,35465],[17,1,1490001],[38,28,32581],[-1,12,32581],[19,5,32581],[44,31,307076],[1,34,43644],[-13,26,83231],[10,11,27982],[-2,20,26383],[8,6,61398],[-10,23,38767],[5,24,158373],[-14,21,32362],[-27,25,427936],[-38,4,33082],[-29,-7,33082],[2,10,51403],[-24,8,27133],[-33,4,27133],[-15,7,46327],[-26,0,201354],[1,10,30839],[25,34,113673],[36,-7,46060],[33,7,201354],[-18,12,41233],[7,18,68106],[-7,13,29379],[-17,1,29379],[-23,18,122792],[16,15,47079],[-1,30,131348],[-30,11,73023],[6,12,35851],[-10,33,73023],[-36,55,43865],[-20,17,415810],[11,36,122837],[28,0,35623],[25,-9,27678],[21,-1,60909],[27,9,0],[-1,6,0]],[[72608,96148,0],[12,17,71862],[51,18,30221],[48,13,68333],[11,15,178206],[45,10,31115],[64,9,99396],[46,20,49104],[41,8,35738],[54,19,334407],[16,23,57880],[56,31,60311],[3,-14,60311],[-18,-14,31519],[-38,-14,60311],[-24,-30,67623],[-65,-40,39964],[-7,-10,185136],[-113,-61,95667],[-42,-21,26044],[-38,-14,43261],[-39,-11,27393],[-19,-10,334407],[-26,2,35465],[-17,12,46983],[13,8,55065],[-5,26,28914],[-9,8,0]],[[72770,96292,0],[14,17,32762],[23,11,56269],[-2,18,111943],[10,10,28193],[29,11,64548],[35,-7,149130],[-1,-8,29867],[-29,-30,47390],[-15,-35,149130],[-30,-9,63519],[-18,5,31168],[-16,17,0]],[[73993,95953,0],[25,-8,58154],[1,-24,42215],[-17,-2,58154],[0,19,27742],[-9,15,0]],[[74046,95737,0],[33,4,71495],[14,-11,31542],[-2,-18,29427],[11,-6,74713],[-34,-5,74713],[-17,21,27246],[-5,15,0]],[[74423,97184,0],[8,1,0],[-13,8,28358],[11,8,61468],[21,-5,31206],[38,3,85226],[20,-24,35682],[16,-5,29927],[-18,-9,85226],[-52,12,0],[-2,-16,0]],[[74080,96205,0],[-3,25,0],[14,9,54928],[24,-7,26401],[41,-5,78813],[55,16,182096],[25,-13,30084],[39,-12,110252],[51,7,65222],[25,-10,26439],[24,-3,87544],[10,-18,29532],[16,-7,32488],[-5,-12,32266],[17,-9,87544],[11,14,42397],[-19,15,42397],[14,11,204877],[51,14,34721],[45,8,631999],[-11,19,89850],[-25,15,32680],[-43,15,32680],[-23,15,31512],[-39,15,113604],[10,5,31367],[-11,17,339231],[-37,15,38998],[-65,16,68327],[-47,3,108547],[-39,13,29328],[-50,11,46216],[-70,25,50108],[-94,21,50108],[-32,14,631999],[7,11,31303],[-6,24,131875],[47,9,45000],[26,15,71069],[44,-2,131875],[25,9,29871],[7,11,56711],[33,5,36998],[33,15,90971],[-21,6,38983],[33,8,38983],[20,19,431581],[-47,2,42025],[2,9,42025],[-47,4,98742],[-49,-12,66807],[-67,6,171693],[-24,29,45658],[-22,7,431581],[0,13,27410],[14,9,28010],[1,16,64370],[-21,12,64370],[13,8,33128],[-10,13,33128],[-5,31,103123],[9,26,30855],[16,17,103123],[-14,6,29102],[3,13,39599],[-26,16,97976],[7,7,25874],[-7,15,43663],[22,18,464556],[36,4,26037],[23,-2,29782],[47,4,39696],[34,-2,70192],[68,15,55244],[37,-3,141957],[57,17,50891],[41,2,36008],[27,8,464556],[-112,21,141140],[-5,5,44761],[-45,-5,30158],[-26,-8,48065],[-23,5,48065],[-25,-5,28375],[-9,-11,184009],[-27,1,39226],[-34,13,68977],[5,18,109966],[-44,5,38007],[-52,-2,314079],[-19,17,32575],[3,12,74983],[29,28,0],[21,11,0]],[[73464,96628,0],[12,33,35790],[-8,3,77952],[42,22,150896],[-4,-23,30581],[11,-5,26662],[-4,-13,78866],[17,5,41203],[2,-23,41203],[26,-16,78866],[-25,-13,150896],[-5,6,26056],[-25,-2,26396],[-18,8,49247],[0,13,34018],[-21,5,0]],[[73626,96592,0],[33,12,27561],[23,14,71837],[23,-5,26914],[22,3,123414],[50,-26,40425],[10,-12,27345],[18,-1,27345],[0,-9,71581],[-36,-7,66948],[0,8,29500],[-23,7,36334],[4,10,86222],[-49,-12,123414],[2,6,27628],[-27,9,53606],[-23,-6,38919],[-27,9,0]],[[71728,97694,0],[12,12,35532],[44,13,35532],[3,8,151614],[60,-14,59775],[11,-12,31373],[25,-3,31373],[6,-10,112776],[18,7,25794],[10,12,289600],[12,-16,34800],[-10,-10,34800],[8,-17,26517],[4,-27,63222],[20,-9,49871],[6,-20,26092],[-5,-10,289600],[22,-12,31932],[32,-28,81181],[33,5,118475],[11,13,32115],[-15,4,32115],[-18,30,118475],[-35,18,72211],[4,8,33294],[25,-12,33294],[38,-4,29768],[25,-11,29768],[13,2,80032],[29,-13,29138],[17,4,29138],[5,-12,289600],[23,4,45976],[-3,20,82791],[-15,-1,34968],[-39,16,87286],[-12,25,38759],[11,8,38759],[-9,17,27255],[2,14,200260],[-20,5,36710],[-26,22,50915],[-28,4,54250],[6,7,26917],[-20,4,26917],[-11,21,54250],[-17,-6,289600],[-3,24,40599],[13,25,54425],[10,-21,71092],[37,-9,83501],[15,12,29199],[36,16,55661],[-9,8,34227],[21,13,0],[35,0,55237],[5,-9,30126],[30,-11,142770],[-13,-21,75803],[24,1,37662],[1,-13,37662],[30,-7,80062],[-10,-6,27603],[9,-14,38430],[17,0,47522],[-12,-17,30758],[6,-9,377852],[38,8,58689],[20,11,32878],[-9,10,32878],[20,7,58689],[-8,13,45433],[36,9,45433],[-17,-18,45433],[49,20,44693],[0,-12,31884],[21,9,44693],[17,20,79354],[-18,7,31886],[13,10,27627],[-14,4,79354],[70,4,305726],[-14,-18,34484],[-16,-39,105201],[40,21,28103],[21,6,105201],[6,-13,43327],[-45,-32,43327],[24,7,61117],[17,-7,32885],[-2,-14,315574],[-44,-16,60432],[-4,-9,27336],[-32,-18,35719],[2,-7,127156],[-51,-16,27795],[-32,-13,59941],[-17,22,44792],[-17,-3,36968],[11,-17,82634],[-32,-12,32229],[-31,-20,315574],[-6,-13,34288],[13,-20,33027],[-6,-11,75772],[15,-20,31350],[17,-6,82601],[32,7,26197],[23,10,82601],[8,-9,36076],[29,7,50785],[6,-16,58528],[-48,1,58528],[-31,-23,229531],[-33,-12,29351],[-38,-7,52607],[-42,-20,0],[-21,-1,38215],[-57,13,88541],[11,23,94594],[-57,-6,53705],[15,14,53705],[-29,10,31974],[-27,1,212457],[-23,-15,29857],[-25,-7,29857],[-49,-23,212457],[-13,6,37191],[-56,-2,116972],[-16,14,35811],[1,18,66834],[-16,6,25952],[-6,12,37938],[-18,0,474964],[-28,25,42522],[17,-1,51786],[1,20,30070],[13,11,74822],[-24,20,99599],[1,19,34495],[15,6,45373],[-8,15,32312],[8,18,157037],[-44,14,0]],[[71861,97870,0],[34,7,54271],[6,-20,54271],[-35,2,39208],[-5,11,0]],[[71864,97848,0],[49,3,52962],[-24,-15,52962],[-8,10,26336],[-17,2,0]],[[71879,97806,0],[29,10,49041],[28,-10,64902],[-9,-13,40090],[-17,3,26417],[-17,-8,64902],[-14,18,0]],[[71880,97764,0],[8,13,50499],[31,-9,43814],[2,-15,50499],[-40,2,37537],[-1,9,0]],[[71916,97848,0],[11,13,29084],[4,-14,29084],[-15,1,0]],[[71939,97758,0],[22,21,43107],[11,-9,43107],[-22,-14,29675],[-11,2,0]],[[71949,97785,0],[20,18,42067],[0,-22,42067],[-20,4,0]],[[72070,97636,0],[2,11,31192],[20,-6,31192],[-22,-5,0]],[[72139,97827,0],[23,3,34363],[0,-12,34363],[-23,9,0]],[[72163,97847,0],[46,7,58914],[11,-16,58914],[-45,11,29055],[-12,-2,0]],[[72209,97805,0],[39,15,56560],[-17,-27,56560],[-22,12,0]],[[72231,97742,0],[34,5,43119],[-6,-10,28514],[-24,-7,43119],[-4,12,0]],[[72333,97828,0],[11,17,52506],[24,5,25915],[17,-3,52506],[-31,-18,36884],[-21,-1,0]],[[72352,97786,0],[19,4,26090],[-14,-11,26090],[-5,7,0]],[[72429,97603,0],[10,11,44709],[46,5,44709],[-15,-10,37835],[-41,-6,0]],[[72448,97713,0],[45,11,48244],[4,-11,48244],[-16,-8,29775],[-29,0,39935],[-4,8,0]],[[72513,97901,0],[25,3,29142],[-18,-10,29142],[-7,7,0]],[[72521,97738,0],[10,6,27141],[13,-9,27141],[-23,3,0]],[[72563,97779,0],[12,24,70044],[53,6,70044],[4,-5,26948],[-17,-18,68725],[-49,-10,28280],[-3,3,0]],[[85731,97434,0],[-1,-1,0]],[[85162,98151,0],[11,-3,38015],[1,-32,146574],[30,-24,29957],[20,-9,32914],[30,-25,32914],[19,-6,30209],[20,-18,78609],[63,-30,293830],[36,7,46899],[33,-9,54927],[35,18,54927],[4,-19,77343],[31,-11,27714],[23,-3,850181],[-23,-14,30459],[-1,-10,39950],[-27,-10,99145],[12,-16,46274],[-11,-29,99145],[-34,-45,26850],[1,-8,26850],[-20,-20,67521],[-25,-14,188912],[-3,-18,33829],[15,-7,32754],[-3,-15,163628],[-47,-56,45583],[4,-6,83959],[-45,-44,38325],[-27,-17,142111],[-21,-33,60267],[17,-15,967989],[32,16,46476],[29,-3,54669],[26,23,54669],[42,10,44639],[0,-16,34497],[-18,0,231403],[9,-55,75654],[12,3,36826],[-21,-32,42863],[-18,-11,75654],[21,-19,397135],[38,9,59713],[10,17,28987],[20,12,116101],[18,-11,30487],[11,7,26394],[-7,-21,67867],[22,12,27604],[13,-2,224499],[37,42,61602],[21,6,50819],[-1,9,25880],[17,12,25880],[12,17,50819],[42,34,596144],[4,29,31234],[-7,7,77499],[38,5,31455],[16,-4,74209],[0,-16,29126],[-12,-9,112156],[7,-16,29728],[14,-1,48971],[5,-19,30368],[20,-27,262882],[15,-5,51133],[-33,-31,60479],[3,-13,27059],[15,-4,41517],[-9,-15,104073],[-38,8,104073],[-20,-25,30064],[-16,-30,32822],[-18,-15,32822],[-2,-16,262882],[45,10,68500],[40,35,161869],[10,-20,42169],[-10,-19,48753],[2,-25,33327],[12,-3,0],[3,-16,0]],[[87388,95725,0],[-282,151,0]],[[88255,96755,0],[72,-5,0]],[[88327,96750,0],[2,-4,0],[-5,-13,30340],[-23,-16,88524],[-5,-24,40147],[9,-36,178614],[-23,-9,46948],[0,-22,46948],[-25,-20,98188],[-40,-1,28497],[-11,-6,241735],[26,-35,32290],[15,-3,32290],[5,-19,250145],[-32,-8,61363],[-33,-37,141396],[-26,-3,47810],[-66,10,74911],[-17,-13,137712],[80,-36,137712],[-2,-13,31264],[-21,-12,54308],[15,-14,62599],[-22,-16,40361],[-11,-25,416073],[-89,-30,124110],[-67,-9,60756],[-32,0,28025],[-28,6,230660],[-31,14,49603],[-72,15,64268],[-24,17,230660],[-58,-4,34767],[-19,4,96654],[-63,-29,141114],[23,-29,415195],[21,-4,37559],[82,-1,58760],[67,-12,106854],[54,-22,106854],[105,-14,60554],[48,1,415195],[24,-9,30218],[3,-10,64118],[-36,-10,64118],[-31,-28,36743],[-13,-22,91546],[-41,-8,91546],[-5,-28,34048],[7,-20,186553],[-49,-26,55670],[-17,-25,55670],[-37,-11,455892],[-82,-3,118244],[-63,9,62425],[-46,21,34004],[-23,4,142791],[-22,-4,28481],[-18,-13,455892],[4,-9,39570],[39,-1,39570],[21,-12,78791],[15,-28,78568],[36,-8,33540],[27,-14,128987],[16,-18,34953],[1,-18,302845],[-23,-22,29089],[-7,-14,29483],[-31,-31,60968],[-7,-23,735470],[-37,-6,33778],[-58,-1,103759],[-51,15,39733],[-42,4,153690],[-15,10,36221],[-1,21,155989],[-15,2,28732],[-55,21,65771],[-35,18,38148],[-94,38,136700],[-47,-1,43289],[-30,9,708351],[-14,-18,56097],[27,-19,99764],[11,3,26194],[33,-8,38418],[26,-11,112694],[48,-46,60367],[8,-26,215623],[60,-17,96784],[35,-18,43331],[33,-29,71878],[37,-11,36707],[25,-16,488373],[2,-27,92074],[-52,5,33562],[-22,-3,108358],[-3,-11,29041],[11,-25,103105],[-19,-9,26240],[-24,-2,34826],[-23,-13,0],[-7,-1,0]],[[86850,97710,0],[-4,10,0]],[[86846,97720,0],[15,16,0],[27,17,61696],[-12,7,36642],[7,24,91395],[20,9,26051],[38,9,91395],[17,-4,44885],[-22,21,34207],[25,-3,34207],[-34,16,225275],[27,-1,37174],[15,8,26103],[15,-5,26103],[5,9,51339],[-17,5,41288],[35,13,51339],[25,-9,92014],[9,11,38154],[46,18,596827],[22,-7,45975],[-1,-14,30095],[16,-15,110325],[13,2,33549],[43,-15,47885],[33,3,110325],[13,-21,55511],[32,7,55511],[31,-14,36379],[15,-17,371291],[-11,-16,62587],[-21,-2,27775],[28,-6,27775],[19,-37,75479],[-15,-31,132553],[-48,4,104372],[31,-23,47574],[28,-9,25838],[11,3,25838],[8,-12,56884],[29,5,56884],[7,-26,132553],[-72,0,0],[-1,-6,0]],[[87297,97634,0],[-3,0,0]],[[87349,97701,0],[15,13,38150],[8,-17,38150],[-23,4,0]],[[85215,94357,0],[1,1,0]],[[85216,94358,0],[31,-3,0],[36,8,41891],[73,6,72411],[29,5,27021],[16,-3,27021],[60,1,293130],[30,5,30243],[29,12,38937],[53,10,72656],[36,26,72656],[44,-3,91325],[50,11,52136],[29,20,202579],[24,-2,33506],[23,9,50939],[29,-9,112007],[98,38,112007],[39,-1,65074],[46,13,32203],[61,11,1114655],[38,16,49376],[44,26,31854],[65,33,257954],[70,26,36413],[45,12,77740],[52,27,52551],[77,28,102239],[59,12,56570],[55,25,46744],[11,11,38541],[26,-4,102239],[61,34,178794],[40,7,27364],[11,7,32381],[48,8,54848],[23,13,36054],[55,16,49210],[23,2,178794],[18,18,30292],[37,27,99751],[86,29,593574],[28,22,37975],[12,21,50597],[28,27,30196],[25,15,58750],[13,25,45966],[38,32,303158],[30,12,33613],[70,22,105881],[35,25,37698],[8,15,138891],[53,10,43152],[24,11,31072],[36,7,0],[15,-5,0]],[[86359,95250,0],[46,32,0]],[[86405,95282,0],[1,-3,0],[39,5,129429],[38,21,45171],[13,20,45171],[58,49,98429],[9,22,68990],[53,9,566027],[40,-5,31637],[13,-8,31637],[51,-11,137759],[38,-17,56608],[45,-41,106175],[72,-19,245015],[15,-13,32698],[9,-24,32698],[22,-25,29417],[3,-12,1506864],[-14,-16,35011],[-46,-32,43029],[0,-10,43029],[-24,-9,26761],[-19,-14,43029],[-5,-13,32800],[-25,-14,161421],[-38,4,67977],[-6,-8,30919],[-28,-1,30919],[-16,-9,26768],[-24,-2,161421],[-27,-19,40613],[2,-13,53218],[31,13,53218],[17,-4,32865],[-11,-12,32865],[12,-6,26797],[-6,-11,229699],[-41,-15,53024],[-1,-17,53024],[-52,-25,94084],[-46,-6,111527],[-12,-14,49687],[-75,-45,541985],[-29,0,39256],[-43,-11,34170],[-37,-2,71863],[-6,-9,46483],[-51,13,155835],[28,-14,31514],[20,-18,155835],[-69,-27,110881],[-64,-6,46540],[-44,4,233447],[-37,-12,52722],[-39,-30,36933],[-22,-8,106635],[-73,-10,106635],[-97,-37,40637],[-42,-20,541985],[11,-20,32953],[22,-16,88634],[52,-1,93666],[30,-18,46582],[7,-21,790956],[-26,-23,71943],[-72,-17,71943],[-71,-25,39924],[-39,-18,140927],[0,-8,30055],[-25,-25,89244],[-37,-11,33852],[-44,-21,355144],[-47,-4,49851],[-28,9,32948],[-30,0,72152],[-42,-10,191004],[-39,-26,37729],[-29,-13,28533],[-8,-11,28533],[-27,-11,191004],[-53,-1,27349],[-23,-4,27349],[-66,-3,143831],[-22,-16,64517],[-47,-7,45657],[-40,-17,355144],[-25,1,31740],[-5,9,53880],[-54,4,32342],[-15,-3,137912],[14,-23,81316],[-25,4,34163],[-9,-10,34163],[-16,3,26759],[-24,-6,81316],[-20,-16,34180],[9,-6,81316],[43,16,36634],[26,2,44647],[44,18,81316],[24,-2,28742],[27,-9,66163],[8,-17,48422],[38,-3,40388],[2,-11,0],[2,0,0]],[[85936,94757,0],[13,12,28158],[14,0,42645],[2,-15,42645],[-29,3,0]],[[85983,94727,0],[27,5,39314],[15,16,76237],[41,5,46667],[29,16,46667],[80,21,205425],[19,-13,51637],[-25,-16,38771],[11,-7,97348],[-57,-32,205425],[-44,-7,37655],[-67,-2,87599],[-10,14,32278],[-19,0,0]],[[86755,97309,0],[386,-16,0]],[[87141,97293,0],[-15,-16,0],[-27,-9,65743],[-11,-34,54288],[20,-2,87631],[-21,-35,60040],[-26,-13,46164],[-24,-31,169122],[-6,-34,30726],[-10,-15,28267],[-6,-30,45461],[8,-23,45461],[-15,-17,293749],[18,-17,88815],[0,28,41810],[15,11,45007],[5,45,89675],[12,0,31244],[3,20,43184],[40,24,104488],[-15,11,42294],[6,24,104488],[28,-2,52233],[42,20,104488],[0,8,37490],[27,30,27010],[9,16,361243],[10,-10,26966],[-4,-14,32821],[14,-9,61914],[-2,-43,272364],[-20,-36,38423],[-18,-11,38423],[4,-16,38423],[-14,-26,32502],[-16,-12,32502],[-2,-16,82407],[-47,-60,147234],[-27,-53,54923],[0,-13,37297],[-24,-59,809603],[18,-8,35660],[38,-1,63280],[27,12,179338],[-15,20,42752],[21,1,42752],[-11,17,38041],[9,16,107685],[31,-8,54016],[32,4,31457],[10,9,107685],[-48,35,181052],[34,14,31458],[16,-1,88973],[-6,28,67814],[19,15,29442],[17,2,139396],[11,-28,32282],[-12,-11,32282],[12,-10,181052],[29,4,65139],[43,42,65139],[44,17,109127],[2,14,40220],[30,15,50570],[4,22,50570],[28,8,346136],[21,48,60820],[22,35,28694],[19,17,28694],[6,14,809603],[17,-2,48841],[-3,-32,70273],[-27,-30,70273],[10,-8,45235],[38,17,125405],[16,22,35115],[27,17,131047],[7,-9,35974],[40,-9,85845],[49,19,85845],[43,1,43759],[20,-10,77861],[23,8,39776],[38,-4,53847],[-1,12,198973],[25,-2,32799],[69,-15,93866],[14,3,42118],[6,-29,135897],[25,-4,44823],[36,13,45551],[31,-4,436214],[10,-21,52008],[28,7,52008],[11,-6,26429],[2,-14,77851],[34,5,77851],[27,-12,35194],[24,1,41323],[21,-13,56277],[27,6,56277],[13,-15,28219],[19,-6,119857],[41,7,113913],[36,-18,46384],[-19,-5,46384],[14,-30,95825],[45,-8,1208927],[31,-23,27678],[6,-11,63230],[-11,-14,63230],[23,-69,261644],[-37,-3,30265],[-13,-7,123295],[3,-18,28409],[14,-22,37271],[5,-28,123295],[-38,-6,35287],[-7,-9,118100],[16,-27,42568],[-11,-18,42568],[20,-6,82782],[-21,-22,0],[8,-15,0]],[[87201,97259,0],[16,9,26973],[1,-11,26973],[-17,2,0]],[[87310,97238,0],[16,28,61795],[15,-30,61795],[-11,-19,50024],[-20,21,0]],[[87388,95725,0],[-25,-2,0],[-10,-16,31730],[-25,-14,35994],[-20,-26,55486],[-42,-30,215122],[-20,-1,31534],[-43,-15,79358],[-43,6,28745],[-32,-1,886014],[-30,10,47553],[-3,19,134904],[-18,10,27636],[-18,-1,55281],[-27,-12,55281],[-53,6,31149],[-36,-1,134904],[-23,22,76496],[-43,10,36354],[-33,1,120102],[-10,-15,45481],[27,-8,82936],[-28,-8,39261],[-38,2,120102],[-58,36,301121],[25,14,26238],[22,6,91840],[14,-15,33927],[11,9,37337],[-19,18,37337],[6,14,51268],[-18,14,131912],[-35,-7,27776],[-26,-11,90989],[-2,-18,26959],[-11,-12,62378],[-17,2,37115],[-21,-18,131912],[13,-18,27115],[-2,-14,27115],[11,-7,207992],[-18,-17,67131],[-5,10,29513],[-29,16,67131],[-35,1,35267],[-27,9,35267],[-89,14,435759],[-23,36,71575],[0,21,37803],[-16,15,37803],[-11,36,41958],[-14,8,41958],[7,24,435759],[36,36,39148],[18,9,75780],[-5,20,106360],[-15,-4,27052],[-13,-16,30179],[-23,-4,30179],[-2,-9,30179],[-27,-19,106360],[-50,-16,47461],[-40,-1,47461],[-11,-13,37841],[-27,-1,285965],[-2,-21,39593],[17,-13,74424],[-31,-17,74424],[13,-27,53197],[-16,-17,170978],[-25,5,43301],[-26,-14,43301],[-34,2,106789],[-6,-16,31980],[19,-11,27428],[-9,-4,435759],[-52,3,63127],[-3,9,27997],[-23,11,85011],[-74,12,52080],[-11,-11,31572],[-14,6,110186],[-2,26,90367],[-38,7,39171],[-38,-3,374165],[13,-23,52592],[-18,-21,181052],[-75,1,78234],[-37,17,61788],[-63,4,181052],[-14,-14,55696],[-32,-9,30963],[-20,-13,39643],[-24,-3,315159],[-20,14,31129],[-25,5,31129],[-34,19,50162],[-44,13,146082],[-50,-1,40706],[-27,-8,0],[-1,-7,0]],[[85443,95710,0],[-11,3,0]],[[86408,95747,0],[22,7,33281],[-3,-13,33281],[-19,6,0]],[[85931,97491,0],[-47,-20,0]],[[85863,97469,0],[-7,-2,0]],[[85856,97467,0],[-38,29,0],[4,11,57877],[22,1,31475],[13,-11,31475],[28,-4,109550],[9,16,26153],[-8,4,26153],[-1,38,109550],[39,7,29743],[16,-2,108734],[-16,-38,51539],[11,-13,0],[-4,-14,0]],[[86009,97591,0],[9,11,26970],[8,-10,26970],[-17,-1,0]],[[85443,95710,0],[-1,-15,0],[40,-19,27348],[27,-18,160958],[120,-29,98640],[72,-2,59731],[48,-7,26705],[22,-6,160958],[35,-30,378464],[-22,-26,45245],[-41,-27,72817],[-19,-34,31273],[-15,-15,157252],[-22,-4,35512],[-66,-27,288529],[-2,-16,60297],[-65,-64,77600],[-36,-14,77600],[7,-12,37023],[-9,-29,190751],[8,4,28649],[22,-15,47421],[30,7,378464],[60,45,53004],[24,7,53004],[26,20,27345],[22,22,138055],[50,18,46393],[27,0,27719],[22,7,138055],[27,24,46987],[5,25,28437],[9,7,640133],[31,-1,48299],[35,18,66202],[5,8,29788],[24,-1,29788],[50,7,43022],[43,-1,37896],[18,7,163738],[32,-4,28224],[41,1,28224],[52,-5,398141],[100,-23,94209],[26,-20,63090],[22,-5,27353],[56,-20,144416],[51,-2,45829],[67,-13,640133],[-16,-29,33496],[-4,-24,100842],[-22,-29,30978],[-28,-26,42183],[-21,-9,42183],[-8,-23,0],[3,-11,0]],[[80119,88508,0],[-33,-9,0]],[[80061,88490,0],[-6,-8,0]],[[80050,88464,0],[0,-10,0]],[[80050,88454,0],[1,-22,0]],[[80051,88432,0],[1,-4,0]],[[80067,88406,0],[5,-10,0]],[[80072,88396,0],[8,-22,0]],[[80078,88368,0],[0,-7,7233],[-6,-30,0]],[[80072,88331,0],[-23,-10,29721],[-18,0,0]],[[80004,88312,0],[-7,-38,0]],[[79997,88274,0],[-23,-18,0]],[[79974,88256,0],[-3,-4,0]],[[79966,88235,0],[-1,-6,22154],[-21,-14,52465],[-24,1,7458],[-5,0,0]],[[79892,88209,0],[-11,-6,0]],[[79881,88203,0],[-9,-9,0]],[[79850,88163,0],[0,-1,10873],[-15,-21,0]],[[79851,88126,0],[0,-8,0]],[[79851,88113,0],[1,-3,6973],[0,-10,31403],[-15,-28,0]],[[79837,88072,0],[-30,-10,0]],[[79807,88062,0],[-28,0,0]],[[79744,88055,0],[-9,-4,9795],[-8,-6,0]],[[79716,88015,0],[-1,-34,0]],[[79715,87981,0],[-5,-17,37338],[-22,-26,10340],[-5,-6,0]],[[79632,87890,0],[-11,-10,18990],[-17,-9,0]],[[79583,87860,0],[-17,-9,25463],[-21,-5,6973],[-6,-1,0]],[[79539,87845,0],[-32,-7,0]],[[79507,87838,0],[-17,1,0]],[[79490,87839,0],[-12,-1,10259],[-9,-3,0]],[[79462,87832,0],[-22,-20,59141],[-27,1,20546],[-12,-3,0]],[[79401,87810,0],[-8,-3,10507],[-6,-5,0]],[[79387,87802,0],[-10,-13,46226],[-21,-7,27088],[-20,1,0]],[[79336,87783,0],[-12,0,0]],[[79300,87790,0],[-23,0,37902],[-37,12,10996],[-2,2,0]],[[79206,87802,0],[-4,-3,0]],[[79202,87799,0],[-7,-14,18117],[-8,-4,0]],[[79162,87763,0],[-3,-10,0]],[[79159,87753,0],[-14,-11,0]],[[79122,87718,0],[-9,-9,7925],[-8,-6,0]],[[79105,87703,0],[-15,-12,0]],[[79058,87673,0],[-2,-6,0]],[[79056,87667,0],[0,-10,35426],[-19,-29,24879],[-8,-4,0]],[[79010,87614,0],[-8,-6,9039],[-3,-4,0]],[[79004,87593,0],[4,-5,20121],[-7,-18,29512],[-9,-5,0]],[[78982,87554,0],[-9,-33,0]],[[78973,87521,0],[-14,-10,0]],[[78950,87503,0],[-18,-14,0]],[[78932,87489,0],[-22,-5,8433],[-2,0,0]],[[78886,87480,0],[-6,-4,0]],[[78880,87476,0],[-15,-21,43104],[-25,-18,14022],[-11,-7,0]],[[78821,87424,0],[-7,-6,9645],[-7,-4,0]],[[78807,87414,0],[-4,-4,11286],[-8,-17,0]],[[78795,87393,0],[-7,-12,19198],[0,-15,0]],[[78788,87366,0],[5,-11,11607],[7,-11,0]],[[78835,87320,0],[12,-3,20947],[31,1,0]],[[78878,87318,0],[20,-5,0]],[[78898,87313,0],[27,-5,39018],[36,-20,0]],[[78969,87284,0],[19,-11,35577],[31,-32,80399],[0,-28,0]],[[79026,87198,0],[9,-17,0]],[[79035,87181,0],[7,-14,23224],[6,-29,33300],[-3,-8,0]],[[79048,87091,0],[2,-3,13289],[-3,-17,15711],[-3,-3,0]],[[79032,87056,0],[2,-6,0]],[[79059,87023,0],[26,-20,27953],[4,-10,0]],[[79096,86981,0],[-13,-24,17525],[-2,-9,0]],[[79081,86942,0],[-1,-8,11294],[-4,-4,0]],[[79076,86930,0],[-5,-5,9289],[-2,-7,0]],[[79062,86898,0],[-2,-7,32403],[-39,-21,0]],[[79008,86859,0],[-1,-3,0]],[[79006,86854,0],[-5,-32,0]],[[79001,86822,0],[-11,-13,0]],[[78987,86806,0],[-3,-9,0]],[[78990,86785,0],[4,-6,22131],[-4,-13,6973],[-2,-3,0]],[[78988,86763,0],[0,-4,7012],[-5,-15,27623],[-12,-9,0]],[[78971,86735,0],[-7,-17,7482],[-2,-2,0]],[[78962,86716,0],[-6,-13,0]],[[78956,86703,0],[-1,-5,28293],[-47,-20,38302],[-29,-20,8692],[-5,-4,0]],[[78868,86649,0],[-6,-7,12390],[-20,-19,0]],[[78814,86605,0],[-3,-4,8016],[-8,-5,0]],[[78793,86595,0],[-6,-2,0]],[[78787,86593,0],[-21,-11,10207],[-2,-1,0]],[[78753,86575,0],[-3,-3,11572],[-24,-13,32556],[-22,-4,0]],[[78704,86555,0],[-14,1,0]],[[78653,86557,0],[-26,-4,14508],[-10,-3,0]],[[78612,86545,0],[-4,-5,8508],[-1,-4,0]],[[78607,86536,0],[1,-3,10143],[1,-25,19076],[-3,-4,0]],[[78607,86475,0],[7,-5,0]],[[78614,86470,0],[19,-9,0]],[[78661,86445,0],[18,-11,12361],[6,-5,0]],[[78699,86417,0],[7,-5,17228],[21,-26,0]],[[78730,86382,0],[3,-3,11192],[0,-4,6973],[-2,-4,0]],[[78736,86332,0],[0,-3,0],[-3,-4,6973],[-2,-2,0]],[[78727,86318,0],[-12,-16,13615],[-6,-5,0]],[[78674,86252,0],[0,-7,0]],[[78674,86245,0],[-10,-16,0]],[[78664,86229,0],[-1,-7,0]],[[78669,86208,0],[5,-11,0]],[[78663,86181,0],[-22,-32,0]],[[78625,86111,0],[4,-16,0]],[[78629,86085,0],[6,-6,0]],[[78647,86074,0],[9,-5,0]],[[78666,86064,0],[6,-3,17626],[18,-21,32466],[-1,-8,0]],[[78689,86032,0],[-5,-27,0]],[[78684,86005,0],[4,-24,98031],[-84,-33,0]],[[78584,85933,0],[-4,-7,0]],[[78570,85889,0],[-3,-36,14252],[-2,-7,0]],[[78564,85840,0],[1,-8,8466],[-1,-11,0]],[[85853,97440,0],[2,0,0]],[[85731,97434,0],[0,-1,0],[13,2,42489],[3,-34,56544],[27,-8,125817],[-4,21,43967],[19,20,97519],[20,-4,52673],[-7,-36,46409],[12,-15,52673],[8,16,35454],[-6,18,30688],[6,18,52673],[-30,15,30264],[-5,10,50213],[13,11,28343],[18,0,50213],[-11,-23,50213],[19,-6,31282],[14,-17,0],[13,19,0]],[[97714,92572,0],[-4,-2,0]],[[97653,92580,0],[-6,2,0]],[[97647,92582,0],[7,19,0],[22,32,80345],[12,-15,31103],[7,-26,0],[19,-20,0]],[[97669,92701,0],[5,24,54784],[36,27,120673],[36,0,33110],[12,9,33110],[21,-5,0],[-5,-13,26579],[11,-2,26579],[7,-16,89614],[-20,-21,29224],[-19,-32,0],[-20,16,42953],[-11,-13,42953],[-26,12,29694],[-22,3,59548],[-5,11,0]],[[97786,92675,0],[14,21,55342],[39,7,104463],[-4,-24,44315],[20,1,44315],[-13,-23,104463],[-17,15,54621],[-20,-23,68610],[-16,5,36912],[-3,21,0]],[[86301,97791,0],[0,2,0]],[[86301,97793,0],[23,9,0],[15,-30,134748],[-25,-37,64117],[-4,-24,37351],[-24,-55,85980],[-24,-20,256435],[27,-24,37229],[11,-21,65235],[23,-5,26359],[11,-9,548439],[9,16,35054],[25,10,51115],[12,17,27626],[-7,6,75562],[63,18,61454],[-11,11,122719],[7,17,34126],[21,7,46702],[8,27,36590],[15,12,64558],[-10,13,58471],[34,34,116263],[25,3,42855],[43,23,81640],[-7,21,286093],[26,-2,33976],[22,9,49382],[19,-13,35149],[16,5,548439],[-4,-28,30135],[-8,0,39795],[-5,-43,83343],[13,-11,28744],[3,-19,97130],[-19,-16,40154],[5,-12,27665],[-10,-12,62820],[19,-7,62820],[-9,-42,59810],[23,-25,59810],[-26,-8,59810],[2,-14,30577],[-14,-10,40341],[11,-9,40341],[-9,-13,26148],[2,-15,465125],[32,-12,52965],[33,7,215682],[18,20,31941],[39,30,55503],[12,29,55503],[33,19,123129],[-6,17,27370],[6,17,65250],[32,18,42013],[-2,12,0],[31,36,0]],[[86329,97829,0],[23,3,38753],[-11,-17,38753],[-12,14,0]],[[97650,92525,0],[-2,0,0]],[[97648,92525,0],[-14,22,0]],[[97634,92547,0],[0,1,0]],[[85853,97440,0],[13,20,0],[-10,7,0]],[[85931,97491,0],[-3,-12,0],[11,-27,33440],[11,-4,33327],[-18,-17,33327],[8,-7,256878],[47,17,27949],[18,10,106673],[15,21,45791],[-7,25,140222],[14,4,35128],[45,38,61249],[21,12,30093],[13,-3,107464],[-1,34,107464],[43,-1,64511],[37,21,382759],[-6,17,51587],[-41,12,46745],[-7,14,93971],[47,3,148518],[15,16,33328],[-13,4,62159],[49,23,58231],[2,17,91725],[32,4,43777],[19,16,148518],[-16,5,26345],[0,11,43133],[17,11,43133],[-6,15,26534],[9,5,26595],[-16,11,26595],[15,0,0],[16,7,0]],[[87297,97634,0],[0,-4,0],[34,-23,65276],[-19,-9,27189],[1,-9,68501],[46,-11,68501],[-11,-17,37682],[-20,0,195717],[51,-24,102839],[-36,-2,41220],[-8,-9,30348],[-29,-4,102839],[27,-10,46479],[-5,-18,72623],[-33,-3,37280],[-17,8,72623],[-15,-6,28262],[-6,-15,40548],[-27,-6,40548],[10,-13,380036],[-35,-7,36568],[-22,-13,36783],[-29,-1,36482],[-21,-11,123544],[-38,1,34989],[-37,9,78144],[-31,-5,26376],[-16,-8,380036],[13,-12,39829],[50,-21,94861],[71,-3,230556],[8,-36,83707],[-24,-14,45163],[-13,-28,101189],[12,-14,27304],[14,-2,0],[-1,-1,0]],[[79320,97037,0],[1,10,0]],[[79351,97245,0],[17,0,0],[42,27,119257],[-1,26,49737],[21,17,56749],[-2,37,36526],[7,15,151284],[38,28,76800],[12,26,32957],[19,19,25903],[8,17,60216],[15,5,35398],[5,16,27350],[17,13,574296],[36,5,71734],[7,21,45856],[31,18,110517],[26,-1,29242],[4,-8,36223],[27,3,166594],[-3,21,47102],[25,7,47102],[32,25,35943],[6,15,270065],[38,6,39483],[10,-8,99951],[153,36,50722],[-3,-11,31862],[23,3,40356],[15,13,750188],[21,-14,46848],[-14,-16,46848],[-3,-21,31573],[13,-8,31573],[-11,-12,52086],[3,-33,26323],[6,-20,30545],[-8,-12,30545],[14,-6,145310],[-12,-11,28911],[4,-13,28911],[-14,-29,49156],[-10,-3,33508],[9,-24,750188],[-10,-5,33217],[-29,-41,34717],[-13,-7,34717],[-19,-34,49364],[-55,-59,141479],[-23,-3,54144],[-19,-21,31127],[-23,-13,234058],[-79,-15,64863],[-47,4,89878],[-61,-20,234058],[-4,-19,49133],[29,-10,49133],[11,-36,453112],[-32,-19,65440],[-43,-13,29486],[-45,-9,65850],[-41,-22,125681],[-35,-4,34869],[-32,-12,34869],[-58,-11,0],[-26,-8,0]],[[79060,97066,0],[-1,0,0]],[[79059,97066,0],[1,25,0],[-13,10,52631],[8,13,28934],[24,14,0],[-16,17,0]],[[78929,97066,0],[16,-7,0]],[[78945,97059,0],[0,-1,0],[3,-18,59446],[-45,-11,59446],[-23,-12,27566],[-15,-16,152790],[11,-30,61926],[-14,-42,626946],[-18,-1,51928],[-57,19,26027],[-32,14,72510],[-16,17,255907],[-41,-3,30346],[-39,3,83828],[-6,17,27241],[-14,11,83828],[-52,-12,84113],[-56,9,56924],[-26,-9,56924],[-84,8,101919],[-5,-7,40288],[44,-22,84176],[-18,-6,45524],[-41,15,45524],[-33,-3,84176],[2,19,442170],[-36,20,31627],[-15,19,31627],[-14,2,31627],[-40,23,93731],[11,10,56492],[27,-10,29631],[20,-15,93731],[9,7,33553],[-25,9,33553],[-10,15,48120],[-29,17,27111],[-12,13,1178418],[-33,-4,85750],[1,-15,29215],[-13,-15,42877],[-25,-13,42877],[6,-14,85750],[-26,-19,48355],[11,-14,48355],[-33,-7,48355],[-20,-17,28539],[-4,-13,135353],[19,-15,106858],[-16,-17,26316],[-25,-17,44070],[-6,-16,40440],[-22,-23,29325],[-12,-4,523377],[-44,9,67709],[-12,-11,26468],[3,-11,107160],[71,-34,107160],[17,11,26901],[9,16,107160],[21,-2,30155],[24,-12,42974],[25,2,42974],[25,-15,200094],[-42,-17,113113],[5,-10,41020],[55,-29,75961],[16,-2,32683],[-29,-12,417696],[-57,-6,39703],[-68,-15,39703],[-23,0,257457],[-102,33,96522],[-49,6,43306],[-22,-6,117794],[-51,17,35575],[-43,20,417696],[-18,-10,66456],[37,-38,66456],[6,-19,32763],[-7,-18,289864],[-40,-18,38490],[-23,-2,27060],[-23,-10,87687],[-137,-26,0],[-31,6,0]],[[77551,96682,0],[1,1,0]],[[78516,96958,0],[40,-11,35466],[-18,-3,35466],[-22,14,0]],[[78564,96889,0],[41,-8,32799],[20,2,77821],[42,-17,28181],[9,2,28181],[20,-15,165643],[4,-26,105705],[-37,4,38027],[-65,-1,165643],[-7,6,26793],[-27,44,35646],[0,9,0]],[[97636,92563,0],[0,1,0]],[[97636,92564,0],[4,-1,0],[7,19,0]],[[97714,92572,0],[4,-5,0],[9,-36,42348],[-7,-19,0],[-1,0,0]],[[97719,92512,0],[-12,13,0]],[[77337,97264,0],[-1,1,0]],[[77336,97265,0],[34,32,0],[41,18,29474],[20,14,82450],[50,12,35822],[30,2,76619],[58,-17,42557],[15,2,76619],[-51,29,185221],[3,23,27192],[-7,11,44591],[12,20,0],[-13,1,0]],[[79287,97069,0],[10,23,0],[-7,9,45707],[-38,-21,61529],[-12,-23,130495],[5,-68,0],[-15,-5,0]],[[79230,96984,0],[-2,1,0]],[[79063,97145,0],[-3,3,0],[-18,2,0]],[[79042,97150,0],[-1,1,0]],[[76564,97857,0],[-1,3,0],[-24,22,74136],[-4,15,28222],[9,14,50525],[21,2,247180],[29,-15,28807],[31,-8,28807],[54,-23,115823],[26,-2,45747],[-2,20,115823],[21,4,32418],[55,-2,71409],[-12,-7,28801],[-44,-11,71409],[49,-7,79197],[20,9,45101],[69,5,79197],[2,-8,27951],[-21,-12,247180],[57,10,32603],[21,-2,32603],[-13,18,32603],[23,-12,56321],[17,3,30840],[47,-4,47573],[43,8,530380],[13,-10,25836],[1,-14,38495],[29,-24,129561],[48,-4,68309],[-3,12,26739],[12,11,120110],[16,-8,34464],[32,-36,380837],[29,7,45113],[21,21,150438],[-37,68,44740],[-14,12,150438],[5,29,42688],[0,57,26376],[5,18,26376],[-4,16,108632],[14,7,32299],[10,-14,0],[28,-2,0]],[[77242,98023,0],[0,-1,0]],[[76618,98050,0],[60,-4,41392],[-15,-5,41392],[-45,9,0]],[[76660,98231,0],[16,10,35656],[23,-4,55269],[13,-17,117886],[11,0,27189],[27,17,27189],[20,5,65722],[0,19,40749],[21,6,217692],[19,-4,27843],[-10,-8,30100],[28,-12,86174],[6,-51,217692],[-59,-13,138938],[-10,9,34786],[-46,15,50655],[-7,14,50655],[-34,1,41452],[-18,13,0]],[[76667,98057,0],[31,3,40938],[15,-8,32497],[-22,-5,40938],[-24,10,0]],[[76712,98096,0],[8,11,33536],[16,-13,33536],[-24,2,0]],[[76741,98049,0],[14,11,43784],[31,-8,43784],[-29,-7,29533],[-16,4,0]],[[76787,97882,0],[32,-1,34109],[-28,-8,34109],[-4,9,0]],[[76789,97959,0],[22,0,37187],[-1,10,28607],[19,5,53794],[36,-3,64947],[-29,-18,64947],[-28,-1,29950],[-19,7,0]],[[76831,98160,0],[32,24,38507],[17,1,96947],[29,-13,28052],[11,-12,96947],[-42,-8,35289],[-37,-1,57298],[-10,9,0]],[[76836,97919,0],[41,3,62681],[-17,8,29514],[2,11,43892],[21,5,167618],[28,-8,26777],[27,-13,53106],[-14,-10,36487],[13,-14,53106],[29,6,53106],[42,-16,26807],[22,-5,167618],[-31,-4,38022],[-34,7,45740],[-71,-4,140796],[-45,16,56756],[36,9,56756],[-21,0,27085],[-28,9,0]],[[76880,98137,0],[18,8,61706],[31,-6,37555],[4,-10,30248],[25,-7,80484],[-26,-15,80484],[-42,19,33922],[-10,11,0]],[[76909,97999,0],[23,-5,27927],[-11,-5,27927],[-12,10,0]],[[76921,98041,0],[19,7,35117],[13,-10,35117],[-23,-3,25971],[-9,6,0]],[[76938,97942,0],[18,6,26475],[-1,-10,26475],[-17,4,0]],[[76961,97938,0],[4,9,51062],[72,-8,60059],[11,-6,28276],[-23,-6,60059],[-64,11,0]],[[77030,97911,0],[75,4,130342],[3,-14,35449],[24,-16,44241],[5,-23,130342],[-16,2,34828],[-54,25,41821],[-30,6,76508],[-7,16,0]],[[77078,97947,0],[6,6,26484],[20,-7,26484],[-26,1,0]],[[77093,97932,0],[16,1,36715],[4,-20,36715],[-20,19,0]],[[77161,98042,0],[26,17,42214],[10,-10,42214],[-36,-7,0]],[[79320,97037,0],[-7,-2,0],[-7,-10,30762],[-28,-5,76979],[14,25,43435],[-7,18,0],[2,6,0]],[[78391,95917,0],[-2,0,0]],[[77323,96715,0],[23,-6,50669],[33,-32,43596],[27,-11,134270],[-3,-29,36097],[9,-26,186816],[21,-2,31163],[70,-15,119925],[41,-45,762452],[-7,-25,48206],[-27,-19,48206],[-36,-64,345520],[-21,-25,33157],[-12,-2,56220],[-17,21,40801],[-5,-17,127856],[-24,-21,26840],[-39,-26,44638],[-34,-33,71096],[-44,-26,47494],[-59,-47,185395],[-28,-14,33599],[-31,-6,71696],[-25,-16,33977],[-7,-16,71696],[-27,-7,26031],[-3,-7,28480],[-32,-9,41141],[-23,-15,762452],[-2,-22,65210],[-28,-15,42400],[-22,-27,132319],[18,0,53090],[34,15,33116],[17,15,40747],[27,9,132319],[50,-7,43426],[29,7,43426],[7,-13,168651],[-32,-32,85816],[0,-19,27595],[-11,-16,47349],[9,-22,168651],[35,-10,82839],[7,16,48329],[25,14,28700],[18,2,352706],[32,54,40293],[10,30,148288],[45,42,40097],[34,24,102945],[-7,22,76189],[16,32,44737],[28,25,102945],[16,2,36762],[8,-19,130274],[-18,-44,61304],[-31,-30,233307],[-3,-23,40750],[14,-25,49535],[-5,-30,49535],[29,-13,49249],[-8,23,762452],[15,12,34485],[46,56,65961],[38,25,65961],[73,78,44626],[39,35,97548],[61,30,97548],[9,19,30215],[-1,22,202373],[38,17,52479],[0,17,63135],[24,10,34590],[6,14,43726],[28,8,38051],[25,18,845148],[31,-6,33163],[51,-2,37915],[38,-8,159041],[70,18,74821],[55,2,38022],[20,10,38022],[29,-4,457063],[51,-24,128318],[-2,-21,28708],[9,-12,34640],[-3,-25,27960],[4,-23,184670],[-20,-9,42158],[-72,-12,85437],[-3,-20,184670],[38,-7,31709],[90,-22,215203],[15,-14,37958],[-4,-19,60975],[38,-31,166387],[-2,-26,42996],[-20,-49,52632],[-10,-8,36409],[10,-23,457063],[34,1,78578],[21,23,30751],[31,23,229121],[-11,23,55186],[16,31,69270],[-9,25,28751],[-7,37,50600],[4,24,684563],[22,13,34996],[28,3,57516],[20,22,67712],[40,10,50671],[16,12,33386],[46,19,211101],[47,11,36091],[65,9,66810],[17,-5,26938],[32,0,66810],[46,17,1817644],[41,2,43793],[-3,-11,85786],[-55,-33,151726],[9,-14,58301],[38,-6,28981],[21,1,81622],[30,17,58171],[58,11,35382],[0,-5,81622],[-61,-34,101707],[12,-30,321248],[-55,-38,67086],[-11,-27,67086],[-29,-25,32652],[-29,-17,202119],[-24,4,56509],[-42,-16,29800],[-9,-8,139752],[17,-30,101881],[50,1,36679],[36,-5,352758],[43,7,57887],[72,31,63832],[61,17,27737],[36,7,352758],[-15,-13,53874],[-5,-40,30389],[-8,-21,159336],[-24,-19,32981],[-13,-22,59596],[-34,-28,28918],[-24,-14,40449],[-26,-25,734760],[-27,-18,31684],[-42,-18,56512],[-50,-13,56512],[-46,-27,107459],[28,-2,32364],[8,-9,65895],[-10,-25,107459],[-50,-3,50988],[-33,11,138225],[-10,-12,27807],[11,-6,27807],[-6,-17,36699],[9,-8,36699],[-15,-6,27223],[-2,-12,138225],[-13,7,42976],[-38,-5,36405],[-22,5,0],[-14,-6,0]],[[77591,96362,0],[20,23,42875],[13,-4,26932],[-7,-11,42875],[-26,-8,0]],[[94231,93872,0],[-47,34,0]],[[93871,95025,0],[0,1,0]],[[93871,95026,0],[16,-4,0],[18,8,27404],[22,0,118351],[38,-25,70069],[6,-28,41596],[18,-17,186239],[42,-18,49959],[46,-6,96546],[9,-8,32625],[55,-25,42279],[8,-11,102289],[93,-26,53598],[14,0,38411],[23,-15,27020],[26,-10,138979],[15,-29,89285],[43,-19,49232],[30,1,843175],[-31,-27,53132],[-1,-22,140228],[-24,-10,33714],[-27,-23,72170],[-21,-3,31767],[-23,-15,31767],[-42,-14,246095],[-62,-3,101979],[-49,-25,69763],[-36,-6,36088],[-17,-11,36088],[-35,-5,1085213],[-2,-31,94978],[20,-7,28138],[47,-7,213962],[33,3,30746],[44,-3,50791],[33,7,73256],[124,-3,213962],[24,-17,46598],[49,-13,109153],[43,2,60878],[41,-6,26719],[42,-10,626075],[23,-21,40915],[2,-15,30986],[17,-20,116982],[37,-15,40236],[35,-25,58056],[24,-2,113115],[26,-43,150801],[23,-8,27945],[8,-11,34389],[27,-9,56277],[12,-14,45164],[28,7,135823],[28,-15,26152],[20,-17,72679],[9,-32,1895452],[-48,-34,140889],[8,-17,42534],[-9,-34,42534],[9,-16,39004],[-6,-29,263637],[-39,-19,64003],[-11,-14,26993],[-1,-16,100525],[-70,-21,134792],[-3,-40,87535],[-46,-23,523728],[-41,-9,36244],[-28,1,46292],[-42,-11,71087],[-43,6,41662],[-23,-7,273410],[-26,-27,29144],[1,-8,29144],[-26,-16,138391],[8,-13,30488],[24,-13,50451],[-4,-10,26461],[10,-13,273410],[-38,-9,47993],[-12,-16,100715],[-58,-3,40081],[-58,-9,66089],[-25,-12,0],[-14,-1,0]],[[78381,98416,0],[-2,19,0]],[[78379,98435,0],[27,5,0],[39,-8,45796],[20,-17,68258],[18,9,32784],[19,-5,142013],[19,-34,46958],[-3,-21,487425],[-43,-27,62919],[-35,2,33456],[-9,-8,143857],[23,-19,29180],[30,-18,143857],[-20,-34,61525],[-39,-22,132947],[-9,-18,36304],[15,-6,43033],[2,-29,32566],[-8,-18,239400],[-18,-9,48313],[5,-28,53079],[-18,-16,28201],[-15,-23,80724],[-21,-1,80724],[-35,-30,45709],[-39,-47,1148239],[11,-11,47566],[40,10,60577],[13,17,66658],[20,2,27331],[48,-2,187171],[-13,-33,41137],[10,-13,30637],[-8,-12,86278],[15,-9,30533],[16,6,388317],[11,30,54826],[36,30,122399],[41,22,28398],[36,14,60465],[31,26,216116],[60,9,67377],[30,25,67377],[18,-12,41314],[23,9,540180],[-15,-17,26568],[-28,-19,42755],[-1,-10,92710],[-83,-59,46050],[-58,-20,46050],[1,-11,33091],[22,10,164515],[-3,-42,285037],[7,-4,28876],[27,14,53986],[51,-6,77240],[14,10,28290],[32,11,54551],[34,-1,279315],[65,49,120548],[17,32,29504],[20,49,285037],[15,-1,33488],[-3,-18,58840],[40,8,82130],[9,14,43136],[-19,22,82130],[40,2,44829],[-10,-13,47069],[11,-26,38294],[15,-2,200164],[3,-33,43032],[-12,-26,116688],[25,-31,31535],[2,-11,61149],[22,-2,540180],[29,55,85749],[5,24,35418],[21,54,55354],[4,37,208372],[77,47,1148239],[19,4,37069],[44,-7,95248],[11,-35,95248],[63,-29,28743],[25,-8,28743],[31,-18,287203],[0,-39,91258],[25,-26,61321],[14,-42,31332],[13,-2,31332],[0,-19,914895],[-30,-18,51233],[-13,-29,51233],[-18,-19,28083],[-24,-11,28083],[-9,-12,173751],[-41,-22,72206],[-42,5,45816],[-25,-10,256907],[1,-11,34860],[19,-6,26017],[11,-13,118848],[-11,-25,49995],[-28,-14,42032],[-11,-20,545105],[-39,-9,36906],[-43,-1,76383],[-34,13,109558],[-11,-10,27219],[-32,-15,109558],[-23,0,33645],[-43,13,55438],[-31,-4,183249],[0,-25,41552],[-17,-20,157113],[-26,-5,57602],[-59,4,30170],[-44,7,0],[-2,-2,0]],[[78810,98158,0],[23,8,29302],[-18,-15,29302],[-5,7,0]],[[79078,97020,0],[1,0,0]],[[79093,96990,0],[-1,-1,0]],[[79092,96989,0],[-3,17,0],[-45,-2,48229],[5,12,0],[29,4,0]],[[79167,96983,0],[0,-1,0]],[[79167,96982,0],[-7,-1,0],[-19,-11,61298],[-12,15,27057],[-17,7,50289],[-20,-5,0],[0,2,0]],[[79078,97020,0],[10,2,0],[7,10,35491],[-14,8,27647],[-14,-6,35491],[-17,19,55045],[9,11,0],[0,2,0]],[[79230,96984,0],[-2,-1,0],[-37,2,0],[-24,-3,0]],[[78224,97766,0],[-18,2,0]],[[78206,97768,0],[-12,4,0],[-50,32,36151],[-16,18,36151],[-40,24,164376],[-30,52,103609],[-20,20,28405],[-37,28,44846],[-23,10,95552],[20,2,31268],[4,11,84635],[-26,22,30715],[-23,7,27496],[-10,11,390567],[-113,32,59046],[-65,26,192649],[12,12,41878],[-15,20,111459],[-35,15,37347],[-32,20,28792],[2,4,28792],[-35,13,286054],[11,15,79564],[21,5,27485],[15,-4,27485],[64,-2,286054],[-7,13,43059],[-41,10,43059],[-32,23,100516],[-29,3,35128],[-9,12,35128],[-46,22,55187],[-27,0,55187],[-28,13,30187],[-1,9,30187],[-23,6,70169],[-23,-11,70169],[-11,10,29189],[-1,18,39740],[-18,10,1532907],[-2,15,30929],[15,3,30929],[3,14,26409],[13,11,29302],[2,15,96838],[40,25,41211],[-18,-3,37244],[18,21,41211],[5,-7,26306],[17,9,264724],[17,-33,45931],[-7,-9,34505],[11,-29,102028],[21,-9,38874],[6,-21,37914],[19,-6,319022],[18,10,32676],[40,36,52003],[34,11,52003],[20,15,32046],[0,12,194079],[38,-3,75146],[28,34,83114],[42,-5,83114],[26,10,31747],[15,15,51527],[19,0,29914],[22,10,532419],[5,19,36124],[25,29,46229],[10,-5,46229],[1,28,34043],[11,17,146653],[20,4,52688],[11,-10,30993],[0,-21,109410],[-12,-40,35798],[-16,-27,146653],[5,-20,36590],[16,1,36590],[19,-19,66540],[25,2,257485],[-17,-40,43925],[-18,-15,98534],[5,-31,37286],[-5,-34,532419],[9,-13,30578],[12,7,70371],[24,30,28281],[7,18,70371],[27,7,30327],[24,16,161888],[0,-16,40002],[24,-31,230874],[18,6,30423],[27,21,104057],[-5,11,35413],[23,11,44741],[0,28,55768],[14,25,30644],[15,10,221239],[39,-19,69612],[27,7,34870],[24,-4,125879],[2,22,50788],[30,15,0],[14,2,0]],[[78391,95917,0],[-18,-8,0],[-20,-26,60920],[24,-12,115173],[-21,-37,42383],[-28,-30,69339],[-26,-12,216925],[6,-49,36234],[10,-18,36234],[2,-36,105173],[-5,-25,27708],[-11,-26,819199],[-32,-23,39502],[-17,-3,28014],[-22,-14,93736],[-11,17,33585],[-22,9,93736],[-28,-41,184605],[-31,-4,54528],[-3,23,54528],[-26,-1,33660],[-19,10,216960],[-72,-39,61891],[-59,-19,146112],[-18,5,32976],[-39,-4,90748],[-62,-25,45935],[-37,-7,604008],[-15,-39,48605],[3,-28,113900],[-52,-34,119040],[18,-31,93289],[-33,-19,35927],[-13,-16,64089],[9,-15,472034],[21,-5,28633],[4,8,37781],[39,18,127823],[1,-25,52490],[-24,-42,127823],[16,-16,65670],[29,2,30173],[23,9,313830],[100,74,210703],[23,5,60262],[24,-32,104354],[-6,-28,30106],[2,-24,210703],[19,21,34967],[-1,15,34967],[24,46,39355],[3,19,38041],[21,19,604008],[35,9,93567],[-5,-37,55460],[-23,-28,93567],[0,-30,46498],[18,-26,50299],[0,-34,258050],[-19,-47,96980],[-40,-37,44052],[-31,-18,369799],[-20,7,50145],[-7,32,90130],[4,63,178314],[-34,22,70611],[-18,-9,32342],[-24,1,369799],[-46,-31,44100],[-16,-22,44100],[-74,-63,99887],[-36,-19,33967],[-27,-24,33967],[-25,-11,99887],[-42,-38,35155],[-24,-29,35155],[-23,-16,0]],[[78243,95342,0],[1,21,51826],[23,18,33529],[7,-7,51826],[-12,-32,50199],[-11,-10,27427],[-8,10,0]],[[78456,95822,0],[16,19,36896],[26,11,93218],[6,-44,93218],[67,8,87231],[29,-13,32470],[4,-10,87231],[-33,0,28092],[-10,7,28092],[-17,-7,53927],[-32,12,53927],[-50,-4,87231],[-6,21,0]],[[78484,95398,0],[13,13,62987],[60,28,39885],[23,5,28689],[37,16,187420],[11,-13,29963],[20,-4,29963],[21,-15,169842],[-11,-13,26974],[-29,-17,69213],[-24,-3,47034],[-51,-27,187420],[-23,2,43449],[-18,20,43449],[-22,0,27529],[-7,8,0]],[[78718,97727,0],[-7,-11,0],[-21,2,43136],[-88,-12,182320],[-5,-36,82811],[31,-3,60499],[-10,-21,47038],[20,-9,262653],[70,9,99928],[22,-12,50919],[-14,-21,99928],[27,-8,27422],[22,1,27422],[44,-9,262653],[2,-16,46649],[-32,-9,105119],[-3,-13,33666],[17,-16,48897],[-16,-6,48897],[4,-18,35046],[-8,-17,27121],[2,-17,75228],[-40,-7,75228],[-8,-17,37716],[13,-16,75228],[12,12,33973],[29,6,105119],[23,28,54723],[0,31,213689],[27,10,34258],[12,15,72471],[22,-7,48478],[-15,-21,72471],[23,-2,33103],[22,-13,33103],[51,-16,213689],[3,-24,29462],[-8,-5,36429],[6,-23,150293],[40,-13,30022],[24,-2,67799],[45,-28,130477],[-1,-11,26315],[-15,-11,44360],[11,-13,568426],[-24,-8,31749],[8,-7,38635],[-36,-12,68048],[-2,20,68048],[-51,-12,26579],[-4,-10,26579],[-16,2,89835],[3,15,65241],[-46,7,36418],[-19,-4,89835],[18,-11,28118],[-2,-10,51865],[-26,-7,258110],[-40,16,36490],[3,7,27312],[-20,8,36490],[-17,-2,175283],[-24,-25,66474],[2,-41,121795],[28,2,71043],[13,-42,201673],[44,6,28036],[11,-5,28036],[18,9,28036],[34,6,63859],[27,-5,0],[1,0,0]],[[78934,97255,0],[-37,-38,0]],[[78833,97566,0],[17,29,82725],[42,-22,82725],[-25,-11,45729],[-34,4,0]],[[78891,97544,0],[29,16,33062],[29,3,31923],[15,11,147900],[24,3,27245],[43,-1,52493],[54,-7,76630],[16,7,37414],[54,2,192409],[-93,-27,27557],[-3,-6,27557],[-32,-5,28170],[-43,-16,28170],[-25,-4,192409],[-59,16,36444],[-9,8,0]],[[78924,97328,0],[23,-2,26018],[-6,-7,26018],[-17,9,0]],[[77551,96682,0],[-4,1,0],[-5,13,36936],[-30,14,36936],[-69,47,40749],[-29,24,102667],[-44,14,322613],[-19,20,44012],[-22,50,74435],[11,25,53427],[-19,21,124312],[-26,4,34923],[-27,14,57869],[-13,19,124312],[10,12,27346],[18,4,44793],[7,20,484909],[-80,32,75305],[-53,31,27570],[-57,30,92870],[-44,10,62651],[-53,23,32574],[-20,14,990494],[-1,18,55021],[30,7,47456],[8,20,211028],[109,21,123442],[9,8,27496],[38,12,26020],[12,9,79872],[97,33,49740],[7,11,42998],[42,0,0],[2,2,0]],[[77242,98023,0],[19,-1,0],[-10,-10,28280],[5,-15,70406],[21,-4,35151],[21,-19,70406],[2,-15,27420],[16,-24,187549],[14,8,26814],[-7,8,47828],[38,10,84147],[-16,21,60210],[3,10,28109],[18,-1,28650],[4,12,187549],[49,13,34744],[20,-4,34744],[11,12,101635],[81,-16,77609],[27,13,572622],[3,-10,26064],[16,2,33175],[5,-16,49063],[27,3,41083],[-2,-15,41083],[12,-13,29050],[22,-8,235927],[-37,-22,89905],[16,-16,56855],[-17,-15,33609],[13,-4,33609],[-10,-18,89905],[-42,-18,58640],[4,-18,377253],[61,2,82853],[26,8,41318],[12,20,91780],[74,2,160400],[7,36,52181],[19,5,377253],[23,-12,27042],[39,-11,33767],[49,-23,34812],[69,-26,272028],[32,-33,67519],[26,-14,28702],[25,-20,28702],[27,-14,107909],[25,-22,26269],[3,-9,48747],[38,-19,48747],[13,-21,63034],[-21,-10,63034],[-4,-34,50949],[20,18,50949],[31,-5,572622],[40,12,27899],[17,10,118326],[16,23,53487],[5,25,31243],[-5,17,0],[-29,10,0]],[[78934,97255,0],[24,-10,0],[60,1,48391],[21,-9,0],[24,8,0]],[[79042,97150,0],[-6,0,0],[-7,-22,42166],[-22,-9,94300],[-5,8,26338],[-25,5,40014],[-1,-12,40014],[-34,3,125325],[-9,-13,27497],[-16,-5,35532],[-3,-14,74317],[20,-9,29643],[17,4,0],[-6,-27,0]],[[79234,94700,0],[-1,13,20726],[6,40,72253],[11,25,27549],[17,22,111695],[-3,17,28666],[-14,13,68420],[0,18,29429],[12,25,238210],[39,24,49754],[21,23,33020],[17,3,33020],[11,18,356711],[-6,25,34389],[-14,16,82541],[-45,13,156017],[13,60,50510],[-6,21,1289815],[36,33,58185],[3,19,32378],[17,22,80205],[46,33,159062],[35,5,28339],[36,11,319438],[36,-40,87999],[3,-22,37629],[-12,-18,161519],[10,-6,26039],[35,-4,48604],[34,5,74293],[-7,17,598019],[7,19,30631],[16,11,45300],[-5,19,45300],[20,18,67345],[7,19,28818],[-6,10,96863],[13,22,32317],[32,33,112350],[5,22,28160],[1,36,36241],[7,24,100537],[23,19,32617],[13,22,294257],[-22,16,34583],[-28,36,598019],[43,37,87254],[32,7,37522],[13,14,37522],[22,5,30384],[31,16,170081],[64,14,64010],[32,-8,219166],[37,28,43079],[17,25,77362],[37,18,27184],[29,20,835844],[5,22,48480],[-12,9,27554],[-7,22,153260],[20,15,68891],[22,27,30190],[-1,8,30190],[35,59,436738],[28,27,31592],[18,9,94451],[62,3,176729],[4,21,29550],[-5,21,52033],[14,30,176729],[33,30,26816],[25,28,101376],[38,2,28683],[13,6,155180],[-2,15,43666],[26,28,48622],[-1,23,155180],[26,29,42766],[26,13,60378],[6,22,60378],[55,65,40990],[17,12,40990],[39,43,27598],[7,13,27598],[32,33,1897785],[53,34,43339],[10,15,54257],[30,15,32687],[36,25,90234],[18,1,34112],[35,-12,90234],[19,11,54269],[-8,20,28874],[-12,5,291816],[36,41,43810],[8,26,36304],[17,16,169826],[7,-4,27320],[35,3,36111],[12,7,78200],[-7,26,78200],[43,40,42191],[14,22,78200],[33,15,46704],[-3,14,46704],[44,33,52720],[31,32,30056],[37,33,318462],[15,6,27960],[26,22,29049],[16,7,64380],[41,37,51361],[38,21,37910],[28,24,105815],[45,27,37305],[29,10,785888],[-1,-26,51338],[24,-3,83975],[33,31,83975],[13,4,30708],[54,-2,45984],[32,-8,37265],[28,3,284184],[48,24,38835],[23,19,87822],[50,7,31751],[14,7,98025],[3,32,95769],[47,23,60269],[21,-9,0]],[[78446,85117,0],[0,1,0]],[[78482,85691,0],[-1,-4,0]],[[78481,85687,0],[-2,-11,0]],[[78480,85670,0],[14,-8,48690],[-2,-36,80792],[-30,-9,0]],[[78439,85602,0],[-6,-13,0]],[[78433,85589,0],[0,-3,7544],[3,-5,0]],[[78446,85573,0],[4,-1,15504],[40,2,85156],[47,-24,46880],[4,-12,0]],[[78542,85534,0],[3,-6,20102],[-12,-7,0]],[[78504,85517,0],[-5,-1,0]],[[78492,85496,0],[4,-1,11725],[5,-9,0]],[[78504,85471,0],[10,0,0]],[[78536,85480,0],[21,7,0]],[[78557,85487,0],[16,-5,0]],[[78573,85482,0],[9,-21,8538],[-1,-1,0]],[[78584,85455,0],[25,-28,0]],[[78609,85427,0],[6,-7,0]],[[78623,85396,0],[3,-4,0]],[[78626,85392,0],[1,-3,0]],[[78627,85389,0],[-8,-11,0]],[[78619,85378,0],[-4,0,0]],[[78615,85378,0],[-3,1,0]],[[78603,85377,0],[-7,-2,0]],[[78582,85364,0],[-1,-3,9462],[-13,-11,8064],[0,-2,0]],[[78568,85341,0],[-2,-36,0]],[[78566,85305,0],[-7,-9,29222],[-24,-11,11679],[-3,-1,0]],[[78527,85281,0],[-20,-21,0]],[[78505,85240,0],[20,-8,24114],[-2,-6,0]],[[78516,85187,0],[1,-10,0]],[[78518,85173,0],[7,-27,41686],[-11,-13,0]],[[78514,85133,0],[-18,-5,0]],[[78474,85121,0],[-7,-3,0]],[[78467,85118,0],[-21,-1,0]],[[78446,85117,0],[-7,0,0]],[[78434,85116,0],[-16,-3,0]],[[78412,85111,0],[-5,-1,0]],[[78396,85098,0],[-1,-3,9791],[-7,-12,6973],[-2,-2,0]],[[78383,85075,0],[-2,-9,0]],[[78381,85066,0],[1,-6,0]],[[78382,85050,0],[2,-2,8362],[1,-10,26243],[-9,-16,47185],[-19,-5,0]],[[78351,85015,0],[-3,-2,8095],[-16,-8,10867],[-5,-1,0]],[[78311,84995,0],[0,-5,0]],[[78317,84964,0],[2,-3,10363],[4,-17,13661],[-2,-1,0]],[[78308,84925,0],[0,-3,0]],[[78308,84917,0],[1,-18,0],[-1,-2,0]],[[78299,84881,0],[-2,-4,11233],[-8,-3,0]],[[78289,84874,0],[-4,-3,12077],[-23,-20,0]],[[78252,84843,0],[-7,-10,0]],[[78244,84750,0],[3,-3,0]],[[78247,84747,0],[18,-9,0]],[[78265,84738,0],[4,-25,0]],[[78269,84713,0],[-9,-7,0]],[[78246,84692,0],[-11,-2,0]],[[78225,84670,0],[2,-7,0]],[[78232,84660,0],[3,-1,9389],[24,-17,0]],[[78263,84622,0],[1,-2,9152],[5,-23,57750],[-23,-16,7520],[-2,-1,0]],[[78239,84576,0],[-3,-4,0]],[[78235,84563,0],[3,-7,0]],[[78238,84556,0],[15,-22,0]],[[78253,84534,0],[-10,-19,0]],[[78243,84515,0],[-19,-3,0]],[[78224,84512,0],[-10,-4,0]],[[78213,84450,0],[-8,-20,0]],[[78204,84425,0],[-2,-4,9510],[-5,-2,0]],[[78176,84402,0],[-5,-8,0]],[[78171,84389,0],[1,-3,19194],[-25,-6,12469],[-3,1,0]],[[78105,84363,0],[-1,-5,8065],[-3,-27,0]],[[78106,84322,0],[2,-1,8271],[14,-24,0]],[[78124,84294,0],[1,-2,9444],[-1,-8,6973],[-1,-3,0]],[[78123,84278,0],[0,-6,0]],[[78123,84272,0],[-2,-3,0]],[[78107,84259,0],[-2,-7,0]],[[78106,84243,0],[1,-3,11218],[3,-24,0]],[[78110,84216,0],[-4,-7,0]],[[78141,84162,0],[6,-11,40189],[-17,-22,14618],[-4,-2,0]],[[78118,84103,0],[2,-2,7239],[2,-8,6973],[0,-2,0]],[[78126,84075,0],[2,-4,8178],[16,-25,62583],[-20,-16,0]],[[78112,84010,0],[-1,-2,10090],[-14,-9,28199],[0,0,6973],[-12,1,6973],[-1,1,0]],[[78074,83991,0],[0,-3,0]],[[78074,83988,0],[7,-21,36923],[-10,-13,0]],[[78071,83954,0],[0,-7,0]],[[78073,83935,0],[5,-9,0]],[[78116,83879,0],[2,-1,8340],[8,-8,23532],[-6,-8,0]],[[78122,83858,0],[2,-1,12586],[12,-16,10773],[1,-4,0]],[[78143,83816,0],[2,-2,8739],[6,-20,9956],[7,-15,0]],[[78158,83779,0],[4,-9,0]],[[78164,83765,0],[4,-21,0]],[[78175,83741,0],[3,-4,0]],[[78189,83708,0],[3,-4,16699],[-5,-11,6973],[-2,-2,0]],[[78551,85794,0],[1,-4,19405],[-13,-14,9908],[-4,-3,0]],[[78524,85754,0],[0,-6,7967],[-4,-22,0]],[[78520,85726,0],[-33,-31,7081],[-1,-1,0]],[[78184,83687,0],[2,-4,0]],[[78204,83663,0],[2,-2,11543],[1,-14,6973],[0,-1,0]],[[78208,83638,0],[1,-13,17696],[-3,-9,0]],[[78205,83613,0],[-1,-6,0]],[[78220,83595,0],[3,-1,13383],[13,-17,9268],[0,-2,0]],[[78246,83563,0],[5,-6,24428],[-5,-20,0]],[[78246,83535,0],[1,-7,0]],[[78248,83524,0],[0,-1,7103],[4,-19,54461],[-24,-35,0]],[[78225,83463,0],[-9,-20,0]],[[78214,83439,0],[-3,-9,0]],[[78212,83418,0],[-1,-19,0]],[[78211,83399,0],[-13,-28,0]],[[78196,83368,0],[-11,-13,0]],[[78176,83342,0],[-2,-14,0]],[[78174,83323,0],[-2,-12,0]],[[78172,83293,0],[13,-7,7956],[1,-1,0]],[[78189,83283,0],[2,0,7719],[15,-9,35751],[4,-16,11260],[-1,-2,0]],[[78207,83250,0],[0,0,6973],[-5,-15,10282],[-2,-2,0]],[[78197,83222,0],[-6,-18,0]],[[78188,83178,0],[1,-9,0]],[[78189,83169,0],[1,-5,0]],[[78193,83161,0],[3,-5,0]],[[78196,83152,0],[2,-4,9587],[4,-27,0]],[[78202,83121,0],[8,-19,50977],[-24,-12,0]],[[78184,83085,0],[0,-4,15444],[19,-41,42471],[29,-47,9734],[1,-2,0]],[[78233,82991,0],[9,-15,0]],[[78242,82976,0],[17,-22,7381],[1,-2,0]],[[78265,82944,0],[6,-8,6973],[2,-1,0]],[[78279,82932,0],[1,-1,13122],[7,-21,22996],[-4,-3,0]],[[78276,82901,0],[1,-2,0]],[[78283,82893,0],[8,-8,27016],[-10,-9,0]],[[78276,82871,0],[-1,-5,0]],[[78277,82852,0],[2,-17,34747],[-14,-10,0]],[[78265,82825,0],[-5,-3,0]],[[78260,82822,0],[-2,-3,19518],[2,-31,30165],[6,-11,0]],[[78275,82771,0],[4,-3,18078],[-1,-16,6973],[0,-2,0]],[[78278,82735,0],[3,-3,0]],[[78281,82732,0],[2,0,8123],[18,-15,0]],[[78301,82717,0],[5,-2,0]],[[78309,82715,0],[3,1,7457],[14,1,19778],[9,-2,6973],[2,-1,0]],[[78340,82713,0],[6,-1,18276],[7,-14,0]],[[78354,82695,0],[1,-1,6973],[3,-6,0],[1,-3,0]],[[78367,82670,0],[3,-6,8633],[1,-7,0]],[[78372,82649,0],[1,-2,9778],[3,-16,18309],[-2,-7,0]],[[78369,82610,0],[0,-3,7691],[-5,-14,0]],[[78352,82574,0],[-7,-10,0]],[[78342,82558,0],[-13,-19,0]],[[78321,82525,0],[-22,4,14546],[-2,-2,0]],[[78289,82520,0],[-23,-20,0]],[[78254,82489,0],[-8,-6,0]],[[78243,82481,0],[-8,-15,0]],[[78235,82466,0],[-13,-6,0]],[[78222,82460,0],[-10,-5,0]],[[78206,82451,0],[-23,-26,0]],[[78176,82410,0],[0,-6,0]],[[78169,82390,0],[-7,-12,0]],[[78160,82373,0],[-7,-4,0]],[[78151,82366,0],[-7,-8,0]],[[78138,82344,0],[0,-3,0]],[[78139,82339,0],[0,-3,0]],[[78139,82336,0],[2,-10,0]],[[78141,82326,0],[2,-12,0]],[[78146,82295,0],[1,-2,10903],[-6,-19,0]],[[78140,82270,0],[6,-15,0]],[[78146,82255,0],[-12,-16,0]],[[78132,82235,0],[-1,-6,0]],[[78130,82221,0],[-1,-4,11042],[-8,-7,0]],[[78119,82209,0],[-2,-4,8058],[-14,-26,0]],[[78095,82164,0],[-4,-9,21546],[-11,0,0]],[[78080,82155,0],[-3,-2,0]],[[78062,82121,0],[2,-4,0]],[[78066,82115,0],[4,-2,16210],[-3,-12,0]],[[78065,82098,0],[-1,-7,0]],[[78059,82084,0],[-1,-2,12757],[-25,-33,0]],[[78030,82042,0],[-4,-8,0]],[[78025,82030,0],[-7,-8,0]],[[77995,81989,0],[-5,-22,0]],[[77990,81967,0],[-20,-23,0]],[[77969,81941,0],[-4,-11,6973],[-1,-1,0]],[[77956,81906,0],[-3,-5,8047],[-4,-3,0]],[[77941,81884,0],[-2,-13,0]],[[77939,81867,0],[-1,-9,0]],[[77938,81856,0],[0,0,6973],[-4,-27,8452],[-1,-1,0]],[[77930,81810,0],[1,-4,13116],[-7,-3,6973],[-2,0,0]],[[77909,81798,0],[-11,-3,0]],[[77889,81792,0],[-1,-2,7153],[-18,-6,0]],[[77867,81783,0],[-5,-3,0]],[[77862,81780,0],[-1,-2,0],[-24,-33,10569],[-2,-1,0]],[[77832,81738,0],[1,-6,0]],[[77833,81732,0],[4,-18,32755],[-8,-6,7354],[-3,-1,0]],[[77820,81702,0],[-6,-5,0]],[[77814,81697,0],[-28,-4,0]],[[77750,81671,0],[-11,-18,18394],[-5,-2,0]],[[77729,81649,0],[-6,-2,0]],[[77714,81644,0],[-6,-1,0]],[[77708,81643,0],[-25,-3,0]],[[77683,81640,0],[-9,3,0]],[[77645,81653,0],[-16,4,0]],[[77626,81658,0],[-6,1,0]],[[77611,81659,0],[-6,0,0]],[[77591,81664,0],[-6,1,0]],[[77557,81668,0],[-21,-6,49891],[-52,13,69979],[-15,16,0]],[[77466,81693,0],[-3,0,7216],[-20,9,0]],[[77443,81702,0],[-12,4,0]],[[77431,81706,0],[-17,24,0]],[[77409,81738,0],[-6,3,0]],[[77388,81744,0],[-3,0,6973],[-5,1,21664],[-30,15,35143],[1,7,0]],[[77354,81782,0],[-2,4,0]],[[77334,81796,0],[-4,0,0]],[[77330,81796,0],[-11,1,0]],[[77294,81797,0],[-10,-1,0]],[[77284,81796,0],[-1,0,7854],[-9,-11,0]],[[77244,81773,0],[-11,-5,0]],[[77230,81766,0],[-8,-3,0]],[[77214,81755,0],[-3,-4,0]],[[77211,81751,0],[-20,-5,0]],[[77191,81746,0],[-12,-3,0]],[[77155,81730,0],[-8,-5,0]],[[77135,81719,0],[-2,-1,9844],[-16,2,0]],[[77098,81714,0],[-7,-4,0]],[[77091,81710,0],[-7,-12,27668],[-11,4,0]],[[77073,81702,0],[-9,3,0]],[[77004,81694,0],[-4,-2,0]],[[76823,81677,0],[-11,0,6973],[0,0,0]],[[76563,81644,0],[-4,-1,0]],[[75227,79393,0],[-10,-165,363279],[-166,56,0]],[[74948,79497,0],[-58,117,22972],[-41,85,0]],[[74784,79827,0],[-136,73,9136],[-106,56,15670],[-162,85,0]],[[74380,80041,0],[-110,59,7058],[-118,62,0]],[[73733,80269,0],[-90,23,45816],[-127,27,0]],[[77016,81670,0],[2,-1,13710],[-13,-12,0]],[[77005,81657,0],[-4,-3,10070],[-12,-5,0]],[[76980,81645,0],[-14,-5,0]],[[76938,81629,0],[-14,-6,0]],[[76923,81622,0],[-3,-6,7074],[-2,0,0]],[[76915,81608,0],[-3,-7,12057],[-6,-2,0]],[[76884,81589,0],[-17,-8,0]],[[76867,81581,0],[-9,-8,16477],[-6,0,0]],[[76808,81547,0],[-7,-5,0]],[[76801,81542,0],[-5,2,0]],[[76788,81542,0],[-7,-4,0]],[[76767,81529,0],[-4,-3,0]],[[76747,81516,0],[-6,-3,0]],[[76722,81505,0],[-7,-3,0]],[[76707,81498,0],[-5,-2,8225],[-20,-6,13757],[-2,1,0]],[[76637,81476,0],[-12,-8,0]],[[76616,81462,0],[-9,-8,11380],[0,-2,0]],[[76614,81443,0],[-1,-2,0]],[[76612,81441,0],[-9,-8,7180],[-3,-1,0]],[[76595,81427,0],[-15,-3,0]],[[76534,81403,0],[-21,-20,0]],[[76513,81383,0],[-9,-8,0]],[[76501,81372,0],[-2,-2,6973],[-13,-12,12384],[-4,-1,0]],[[76482,81357,0],[-5,-2,0]],[[76467,81350,0],[-1,-1,0]],[[76466,81349,0],[-16,-13,0]],[[76446,81333,0],[-4,-5,0]],[[76432,81298,0],[-3,-5,0]],[[76423,81288,0],[-2,-6,0]],[[76418,81265,0],[0,-4,0],[-2,0,0]],[[76409,81250,0],[-3,-5,0]],[[76406,81245,0],[-1,-3,0]],[[76405,81242,0],[0,-18,23959],[-7,-8,0]],[[76390,81207,0],[-4,-6,0]],[[76386,81201,0],[-4,1,0]],[[76376,81203,0],[-2,0,0]],[[76368,81196,0],[-2,-3,0]],[[76366,81193,0],[-5,-8,0]],[[76338,81176,0],[-11,-5,0]],[[76327,81171,0],[-10,-5,0]],[[76315,81152,0],[1,-3,20058],[-26,-29,8105],[-1,-1,0]],[[76289,81119,0],[-5,-6,0]],[[76284,81112,0],[-3,-5,0]],[[76280,81103,0],[-1,-2,7225],[-5,-1,0]],[[76274,81100,0],[-4,0,0]],[[76266,81098,0],[-19,-4,0]],[[76247,81094,0],[-11,-3,0]],[[76236,81091,0],[-12,-5,0]],[[76224,81086,0],[-20,-8,0]],[[76195,81065,0],[-2,-3,7365],[-4,-4,0]],[[76189,81058,0],[-5,-4,0]],[[76175,81047,0],[-6,-5,0]],[[76164,81038,0],[-3,-2,0]],[[76134,81024,0],[-2,-8,0]],[[76126,81009,0],[-2,-3,0]],[[76118,80999,0],[-10,-12,0]],[[76106,80976,0],[1,-1,9441],[-4,-22,12435],[-1,-1,0]],[[76081,80935,0],[-10,-27,0]],[[76074,80905,0],[6,-5,20453],[-1,-13,0]],[[76077,80874,0],[1,-1,0]],[[76069,80868,0],[-1,-5,0]],[[76073,80855,0],[1,-1,14051],[-19,-34,6973],[-1,-1,0]],[[76054,80819,0],[0,-4,0]],[[76054,80815,0],[-7,-24,0]],[[76054,80786,0],[2,-2,20502],[-3,-31,0]],[[76053,80750,0],[-8,-8,0]],[[76042,80738,0],[-16,-17,0]],[[76023,80718,0],[-10,-36,0]],[[76013,80674,0],[0,-8,0]],[[76015,80655,0],[1,-2,0]],[[76016,80653,0],[-2,-3,0]],[[76014,80650,0],[-3,-6,0]],[[76011,80642,0],[-4,-8,0]],[[76016,80613,0],[2,-1,0],[3,-4,0]],[[76021,80608,0],[1,-10,0],[-1,-2,0]],[[76021,80596,0],[1,-6,0]],[[76022,80590,0],[0,-3,0],[0,-10,0]],[[76023,80570,0],[0,-13,11792],[-2,-1,0]],[[76012,80535,0],[0,-5,0]],[[76012,80530,0],[0,-8,0]],[[76012,80518,0],[0,-8,0]],[[76013,80503,0],[-3,-10,0]],[[76010,80490,0],[-2,-14,0]],[[76007,80474,0],[6,-20,0]],[[76017,80440,0],[15,-3,0]],[[76034,80436,0],[5,-8,0]],[[76041,80425,0],[-2,-12,7509],[-1,-1,0]],[[76038,80412,0],[1,-2,7270],[-1,-11,0]],[[76038,80399,0],[-11,-2,0]],[[76003,80373,0],[-1,-5,0]],[[75998,80357,0],[-9,-5,0]],[[75984,80339,0],[2,-1,8031],[-6,-7,0]],[[75979,80329,0],[-9,-16,0]],[[75970,80313,0],[-3,-23,0]],[[75967,80290,0],[2,-2,0]],[[75973,80287,0],[3,-2,0]],[[75979,80260,0],[1,-18,0]],[[75979,80239,0],[-4,-19,0]],[[75975,80220,0],[-3,-9,0]],[[75954,80147,0],[1,-3,0]],[[75955,80144,0],[1,-2,0]],[[75968,80125,0],[1,-1,8708],[-3,-21,0]],[[75965,80101,0],[1,-2,0]],[[75966,80099,0],[2,-12,0]],[[75969,80081,0],[1,-1,8091],[5,-26,0]],[[75979,80049,0],[1,-8,0]],[[75979,80040,0],[0,-7,0]],[[75978,80029,0],[-2,-16,0]],[[75978,80008,0],[2,-3,0]],[[75984,79999,0],[1,-2,0]],[[75980,79946,0],[13,-13,14672],[0,-3,0]],[[75994,79920,0],[1,-9,0]],[[75995,79911,0],[-6,-16,7066],[-1,0,0]],[[75987,79887,0],[3,-3,0]],[[75996,79878,0],[1,0,6973],[1,-2,15335],[-13,-12,6973],[0,0,0]],[[75985,79864,0],[0,-2,0]],[[75985,79861,0],[2,-5,0]],[[75987,79854,0],[-2,-4,0]],[[75982,79847,0],[-1,-2,0]],[[75978,79841,0],[-2,-2,0]],[[75976,79837,0],[-1,-1,0]],[[75975,79836,0],[-29,4,0]],[[75941,79838,0],[-8,-5,0]],[[75919,79825,0],[-4,-2,0]],[[75893,79818,0],[-2,-6,0]],[[75888,79803,0],[-4,-10,0]],[[75882,79787,0],[-1,-2,0]],[[75880,79785,0],[-1,-5,0]],[[75879,79780,0],[0,-1,0],[1,-3,0]],[[75883,79773,0],[-19,-18,13159],[-2,1,0]],[[75850,79757,0],[0,-1,0]],[[75850,79755,0],[5,-12,0]],[[75858,79737,0],[2,-4,0]],[[75860,79733,0],[-2,-1,0]],[[75852,79728,0],[-1,-1,0]],[[75849,79727,0],[0,-1,8675],[-13,0,6973],[0,1,0]],[[75832,79726,0],[-5,1,0]],[[75818,79708,0],[-12,5,0]],[[75795,79717,0],[-19,8,0]],[[75775,79725,0],[-1,0,0]],[[75774,79725,0],[-1,1,0]],[[75773,79726,0],[-3,9,0]],[[75768,79739,0],[-17,11,8601],[0,1,0]],[[75739,79759,0],[-2,0,0]],[[75733,79755,0],[-4,-3,0]],[[75728,79751,0],[-1,-2,12996],[-20,-2,6973],[0,0,0]],[[75706,79747,0],[-4,-2,0]],[[75696,79742,0],[-6,-5,0]],[[75687,79735,0],[1,0,6973],[-8,-5,7875],[-1,1,0]],[[75674,79738,0],[-14,-1,0]],[[75643,79735,0],[-18,-11,0]],[[75624,79723,0],[-1,-2,0]],[[75625,79710,0],[0,-2,0]],[[75617,79694,0],[-1,-2,0]],[[75618,79689,0],[1,-2,0]],[[75620,79685,0],[3,-6,0]],[[75624,79677,0],[0,-1,0]],[[75621,79675,0],[-1,-1,0]],[[75619,79674,0],[-3,-2,0]],[[75612,79671,0],[-4,-1,0]],[[75602,79668,0],[-3,-2,0]],[[75587,79662,0],[-2,0,0]],[[75583,79663,0],[-2,0,0]],[[75581,79663,0],[-1,0,0]],[[75578,79664,0],[-5,-2,0]],[[75564,79657,0],[-6,-3,0]],[[75554,79651,0],[-7,2,0]],[[75544,79653,0],[-3,0,0]],[[75535,79654,0],[-2,0,0]],[[75533,79654,0],[0,1,0]],[[75527,79656,0],[0,-1,6973],[-10,2,0],[1,1,0]],[[75511,79667,0],[-3,3,0]],[[75504,79676,0],[-1,2,0]],[[75499,79683,0],[-2,2,0]],[[75495,79688,0],[-2,3,0]],[[75493,79691,0],[-1,0,0]],[[75482,79689,0],[1,0,8867],[-33,-7,9289],[0,0,0]],[[75449,79682,0],[-2,0,0]],[[75445,79681,0],[-1,0,0]],[[75439,79680,0],[-3,1,0]],[[75426,79687,0],[-7,4,8794],[-2,-2,0]],[[75414,79684,0],[-4,-8,0]],[[75410,79676,0],[-1,-1,0]],[[75408,79675,0],[0,-2,0]],[[75408,79673,0],[-9,-1,0]],[[75398,79672,0],[-4,0,0]],[[75388,79672,0],[-3,0,0]],[[75383,79667,0],[-2,-3,0]],[[75378,79657,0],[0,-1,0]],[[75378,79656,0],[-1,0,0]],[[75377,79654,0],[-6,-3,0]],[[75370,79651,0],[-1,-1,0]],[[75364,79647,0],[-1,-1,0]],[[75346,79652,0],[-3,-2,0]],[[75330,79642,0],[-2,-2,0]],[[75328,79640,0],[-9,-6,0]],[[75312,79620,0],[0,-1,7514],[-14,-2,6973],[0,0,0]],[[75294,79617,0],[-1,0,0]],[[75292,79617,0],[-2,0,0]],[[75290,79617,0],[-21,-17,0]],[[65516,81781,0],[-96,119,159068],[-16,77,0]],[[65311,82239,0],[-218,269,33531],[-140,172,7757],[-35,43,0]],[[68506,80217,0],[-128,-2,0]],[[68378,80215,0],[-216,-3,9431],[-275,-4,0]],[[67311,80328,0],[-106,43,0]],[[67103,80412,0],[-47,18,9050],[-140,57,0]],[[66189,80456,0],[-109,-39,526487],[-50,346,17301],[-25,171,0]],[[66005,80934,0],[-5,29,7916],[-42,266,0]],[[65958,81229,0],[-131,163,18291],[-165,206,0]],[[71085,81204,0],[57,-37,0]],[[71142,81167,0],[-51,-159,0],[-27,-84,0]],[[71026,80807,0],[-44,-140,257826],[-208,-332,792883],[-304,-35,0]],[[70470,80300,0],[-158,-18,11933],[-380,-45,389851],[-184,-82,0]],[[69470,80024,0],[-260,-126,17446],[-72,-35,0]],[[69138,79863,0],[-192,-93,565895],[-238,241,0]],[[72957,80457,0],[-97,37,182601],[-112,97,7156],[-43,36,0]],[[72574,80668,0],[-68,20,291795],[20,265,0]],[[72526,80953,0],[-115,-27,9199],[-184,-44,626777],[-220,228,0]],[[72007,81110,0],[-114,118,237129],[-122,21,0]],[[71281,81219,0],[-139,-52,0]],[[96890,93116,0],[24,-57,0]],[[96258,93239,0],[53,23,0]],[[96311,93262,0],[11,-7,44416],[-26,-24,47076],[10,-12,89475],[-27,-15,44887],[8,-13,44887],[-18,-35,32836],[-16,-17,238434],[-5,-28,60036],[29,-4,91279],[-10,-69,108389],[-35,-30,108389],[23,-25,43495],[7,7,33154],[19,-17,502073],[43,31,73427],[11,-3,31250],[39,11,231360],[6,-12,31514],[22,-4,44022],[3,-18,44022],[26,-11,76557],[-16,-12,76557],[9,-19,34285],[21,-11,61262],[33,-4,864311],[33,13,46921],[-5,13,46921],[27,20,43103],[16,27,114256],[47,6,114256],[7,13,46902],[18,2,28502],[9,12,28502],[24,8,70919],[0,20,94633],[15,4,27599],[55,26,289700],[41,-15,34395],[18,-14,167704],[26,6,39396],[9,16,39396],[54,24,36209],[17,14,0],[1,0,0]],[[97719,92512,0],[-16,-7,0],[-17,2,29095],[-5,12,51568],[-18,-17,0],[-15,23,0]],[[95526,91608,0],[1,0,0]],[[95527,91608,0],[-31,-13,0],[-28,-22,68418],[-44,-52,45241],[-26,-41,196333],[2,-32,78664],[10,-9,31222],[-18,-7,36187],[-32,-24,106365],[-3,-26,38712],[9,-6,26944],[2,-21,280738],[-42,-6,41021],[-34,5,0]],[[97147,91874,0],[-4,3,0]],[[97409,92337,0],[2,0,0]],[[97411,92337,0],[-3,-35,0],[24,-24,29462],[6,-19,28386],[13,-8,111583],[-4,-17,35217],[14,-12,46751],[3,-27,27926],[-8,-3,27926],[7,-22,253617],[-28,-39,44489],[-26,-27,30854],[-13,-4,30854],[-8,-19,281651],[11,-45,108701],[46,-43,42058],[1,-12,42058],[32,-21,156874],[-20,-22,31464],[-1,-13,716762],[-24,-9,38803],[-61,-11,33561],[-20,-8,89966],[-79,-3,150835],[-13,4,35015],[-17,28,105269],[-41,6,50743],[-37,-9,150835],[3,-9,34173],[-24,-20,46275],[6,-15,0],[-3,-5,0]],[[97546,92713,0],[-1,-2,0]],[[97578,92566,0],[-6,-3,0]],[[97572,92563,0],[-9,8,0],[-4,19,49784],[-33,17,154105],[8,39,29723],[-2,16,71091],[-19,22,85776],[2,12,27741],[-13,16,27741],[7,6,41550],[-15,18,41550],[-7,33,31816],[-9,10,29377],[-7,29,192520],[13,13,55095],[42,-11,152527],[7,-13,32330],[-8,-20,50176],[17,-25,50176],[2,-39,0],[2,0,0]],[[97554,92744,0],[4,22,28758],[8,0,28758],[-12,-22,0]],[[97147,91874,0],[-10,-17,0],[-22,-17,35761],[-46,-24,49967],[-20,-3,133630],[-4,26,42952],[-18,10,203907],[-42,-5,38746],[-9,-10,38746],[-45,-18,31482],[-44,-13,96341],[-16,10,45599],[-37,-5,90279],[-65,-29,153102],[-26,-2,35700],[-22,10,110727],[-21,-22,36109],[-4,-22,31249],[-11,-8,610604],[-29,7,72209],[-7,31,41766],[-17,16,124106],[-22,4,33900],[-44,-4,226253],[-24,-8,49268],[-25,-32,74781],[1,-26,32871],[-9,-6,226253],[-96,27,44812],[-26,12,196216],[-59,-10,48862],[-31,-16,48862],[-27,2,27140],[-16,-6,429805],[-41,-33,92943],[2,-12,28117],[-13,-16,37670],[5,-26,27556],[-6,-6,241400],[-85,8,99398],[-38,30,291653],[-49,7,58315],[-27,-7,32633],[-36,0,126896],[-24,-15,47738],[-31,-1,42150],[-28,-14,103973],[-52,5,51885],[-39,-8,180363],[-11,17,30968],[-20,10,113040],[-65,-6,40253],[-25,-9,240119],[-22,-21,27712],[-14,-21,71112],[12,5,29730],[8,-13,40087],[-11,-14,184388],[-24,-1,27548],[-24,7,60272],[-30,22,60272],[-33,-3,0],[-6,-3,0]],[[96854,91666,0],[10,4,32189],[23,-12,29071],[-7,-4,32189],[-26,12,0]],[[96890,93116,0],[47,3,0],[47,21,166695],[35,-17,38414],[26,-4,89541],[16,-15,30446],[15,-2,42015],[19,-19,27863],[28,-20,714496],[0,-15,31396],[15,-8,52140],[-25,-4,62242],[0,-19,27472],[9,-12,27472],[-11,-5,44074],[11,-29,194873],[30,-7,51588],[-7,-13,32179],[14,-10,69445],[58,-15,194873],[29,-45,26927],[22,-28,27824],[-2,-7,27824],[19,-20,120512],[-5,-12,41563],[22,-29,49186],[-2,-30,172689],[44,-14,30478],[2,10,30478],[18,-18,172689],[11,-30,51002],[-10,-2,35152],[1,-30,51002],[12,-18,42726],[-3,-32,242735],[-15,6,71426],[-16,-43,49804],[-20,-19,92105],[-4,-42,242735],[25,-32,66831],[29,3,32847],[-6,8,66831],[31,-1,35798],[-1,-9,43249],[24,-4,27623],[19,3,532083],[4,-28,27295],[-3,-24,45577],[10,-35,135397],[-21,1,29432],[-18,-9,97675],[-2,-27,27946],[6,-17,27946],[-6,-12,0],[0,-3,0]],[[97397,92683,0],[16,8,32807],[3,-13,30213],[-14,-7,32807],[-5,12,0]],[[97613,92586,0],[4,3,0]],[[97617,92589,0],[9,-1,0],[-1,-22,0],[11,-2,0]],[[97634,92547,0],[-3,4,0],[-10,-42,72165],[-9,7,30054],[-7,-18,31547],[-14,4,114685],[-1,21,35533],[-14,37,0],[-4,3,0]],[[97546,92713,0],[13,6,0],[18,-33,53895],[0,-39,76297],[8,-3,32490],[8,-34,38777],[18,-21,0],[6,0,0]],[[92464,94360,0],[8,-4,0]],[[92472,94356,0],[19,-14,0],[6,0,0]],[[92497,94342,0],[3,-1,0]],[[95472,93679,0],[399,38,0]],[[95871,93717,0],[-6,-9,0],[-1,-35,106036],[-12,-9,41725],[-64,-16,106341],[5,-16,28613],[17,-5,28613],[-5,-10,106341],[-24,0,39716],[-10,-16,39716],[-21,-9,29371],[-17,1,682907],[9,-28,36245],[21,-32,186857],[27,1,38330],[19,-11,38330],[31,0,71178],[39,-29,70862],[35,5,186857],[7,-12,32219],[-15,-11,51650],[8,-24,29783],[9,-3,93705],[38,18,93705],[12,0,26379],[7,-13,26379],[21,-13,63524],[32,-5,27221],[26,-9,97261],[27,-20,27434],[24,-25,53075],[26,-10,165437],[13,-45,165437],[23,-4,28096],[11,-9,41769],[28,-1,32477],[33,-10,89013],[9,-21,64081],[51,-14,0],[7,-6,0]],[[94372,93690,0],[1,-2,0]],[[94126,93536,0],[0,1,0]],[[94126,93537,0],[3,0,0],[24,20,36748],[46,24,58363],[74,57,90246],[45,24,30397],[24,8,50069],[18,16,0],[12,4,0]],[[92652,94517,0],[0,1,0]],[[92758,95206,0],[12,-15,43608],[37,-8,102210],[53,26,158417],[12,-9,28584],[-3,-13,57273],[28,-15,36813],[11,6,61385],[11,-26,379167],[-15,-30,27808],[-8,-5,95600],[7,-25,26344],[-2,-16,30340],[9,-29,95600],[-7,-8,35249],[1,-25,26935],[-6,-20,37760],[-14,-15,37760],[6,-18,240931],[49,-32,48544],[17,1,834168],[-32,-38,83227],[0,-17,29184],[-12,-11,37672],[16,-9,37672],[-22,-8,37672],[-11,-21,28962],[3,-11,62377],[-19,-24,135152],[15,-7,33511],[6,-19,135152],[-19,-8,38965],[-30,-30,77665],[-5,-21,51264],[-34,-19,51264],[1,-17,280279],[21,-4,28961],[27,4,62393],[19,-8,31882],[-5,-11,227918],[-24,-13,26083],[-34,-12,34258],[-43,-23,83113],[-23,-24,41959],[-37,-21,95334],[-14,-22,44915],[10,-7,26221],[-2,-15,95334],[-19,-11,51381],[-29,17,0],[-8,-3,0]],[[92652,94517,0],[-3,-1,0],[-8,-22,42269],[-23,-10,0],[-1,-14,0]],[[92617,94470,0],[-5,-4,0]],[[92599,94463,0],[-3,-2,0]],[[92596,94461,0],[-18,1,0],[11,-4,0]],[[92583,94454,0],[-1,-1,0]],[[92582,94453,0],[-14,0,0]],[[92568,94453,0],[0,1,0]],[[92497,94342,0],[8,1,0],[-2,24,94841],[30,9,52123],[58,-3,103089],[115,69,231988],[42,11,33113],[34,2,51780],[17,11,90422],[52,-3,45258],[23,9,32926],[22,-2,182658],[13,26,42268],[13,-7,48828],[30,9,35737],[14,14,35737],[40,16,833697],[30,30,36485],[28,40,47858],[19,13,105955],[57,78,37007],[28,27,37007],[16,27,39561],[27,24,39561],[4,17,74534],[25,7,74534],[11,28,43772],[25,18,43772],[-2,17,214118],[21,4,30436],[4,11,41091],[31,2,95413],[49,43,39588],[10,0,29296],[22,20,187487],[1,14,27569],[13,9,47130],[8,50,1058101],[35,1,30031],[20,8,30031],[1,-10,43832],[19,0,26541],[35,7,65104],[-1,21,65104],[26,0,37899],[24,-14,65104],[78,9,139729],[-8,12,38996],[21,12,139729],[14,-2,26384],[24,-15,28006],[22,-6,55514],[8,10,57219],[43,-8,42529],[37,4,42529],[14,-10,28951],[15,3,0],[11,-3,0]],[[92493,94390,0],[9,0,0]],[[92502,94390,0],[7,-18,0],[-21,-2,33470],[-18,-13,0],[2,-1,0]],[[92589,94458,0],[7,-3,0],[10,6,0],[-10,0,0]],[[92617,94470,0],[-1,-7,0],[32,19,44252],[16,-5,53116],[-20,-18,38826],[-32,-11,53116],[-4,-20,32939],[-13,-6,69344],[-26,18,51278],[15,13,0],[-2,0,0]],[[92540,94444,0],[2,0,0]],[[92542,94444,0],[0,-6,0],[-11,-9,28822],[4,-14,34719],[20,5,31869],[-10,-15,79404],[-44,-13,0],[1,-2,0]],[[94231,93872,0],[-51,-5,0],[-20,4,40594],[-56,-7,79871],[-73,5,38398],[-22,6,51183],[-32,-3,33441],[-37,5,354767],[-19,-15,69849],[29,-23,58129],[-8,-20,237416],[42,-24,81712],[30,-7,41134],[7,7,30013],[31,-2,100147],[35,-18,58562],[62,-9,79851],[15,-6,29185],[4,-15,456707],[-28,-6,44673],[-60,4,75980],[-29,-15,147967],[-47,22,78601],[-32,-4,38910],[-40,7,276450],[-24,-10,43213],[-48,-2,60333],[-42,-19,185170],[-64,39,78084],[-4,16,35627],[-25,24,185170],[-35,4,67606],[-18,-4,27596],[-41,-18,78417],[-6,-10,43776],[47,3,106866],[7,-16,36601],[-15,-10,46849],[14,-20,98461],[16,14,36122],[31,7,106866],[31,-32,60390],[7,-35,718599],[10,-6,31617],[47,-5,45772],[24,4,100399],[15,-10,31136],[29,-5,45596],[22,-19,118487],[64,-4,32065],[27,-7,32065],[27,1,301470],[23,-11,62414],[4,-23,27393],[-4,-16,72053],[15,-26,44371],[27,-16,0],[33,-4,0]],[[94372,93690,0],[49,14,0],[56,23,79163],[42,4,31734],[58,11,155605],[60,20,47278],[13,0,31457],[15,17,86051],[18,2,28338],[21,12,29054],[28,5,52573],[73,29,28501],[30,9,62111],[30,-4,40640],[28,8,62111],[4,16,362302],[48,7,34478],[22,-4,34478],[34,6,84930],[12,20,62188],[45,1,111129],[-3,-18,49892],[30,-14,97891],[37,37,97891],[61,-6,76927],[18,13,43970],[42,4,1085579],[14,-14,28045],[8,-21,128862],[34,-10,41073],[16,7,71505],[43,-22,48079],[38,-7,302067],[58,10,76242],[6,25,182951],[17,-12,43360],[36,-1,93573],[3,-26,74073],[23,-15,27759],[28,-10,182951],[63,1,45340],[30,-8,87778],[106,12,409876],[6,8,36816],[-21,23,47599],[10,14,147389],[39,11,26979],[19,10,61200],[34,6,28238],[18,-3,270547],[16,-13,40104],[10,-32,66592],[23,-2,62912],[-12,-31,37617],[22,-14,30209],[-7,-5,37617],[-26,13,148845],[-50,5,61541],[-20,-16,148845],[20,-20,46032],[24,-47,0],[0,-1,0]],[[95249,93896,0],[16,6,29765],[0,-13,29765],[-16,7,0]],[[92568,94453,0],[-27,-1,0],[1,-8,0]]],"transform":{"scale":[0.00027674069000000004,0.00013626010260102598],"translate":[4.087524,57.759005]},"objects":{"grunnkretser":{"type":"GeometryCollection","geometries":[{"type":"Polygon","arcs":[[0,1,2,3,4,5,6,7,8]],"properties":{"grunnkretsnummer":"56030608","grunnkretsnavn":"Revsneshamn","delomradenummer":"560306","delomradenavn":"Kvalsund","kommunenummer":"5603"}},{"type":"Polygon","arcs":[[9,10,11,12,13]],"properties":{"grunnkretsnummer":"56050304","grunnkretsnavn":"Myra-Lia","delomradenummer":"560503","delomradenavn":"Kirkenes","kommunenummer":"5605"}},{"type":"Polygon","arcs":[[14,15,16,17,18,19]],"properties":{"grunnkretsnummer":"56030202","grunnkretsnavn":"Stadion","delomradenummer":"560302","delomradenavn":"Baksalen","kommunenummer":"5603"}},{"type":"Polygon","arcs":[[20,21,22,23,24,25]],"properties":{"grunnkretsnummer":"56030503","grunnkretsnavn":"Rypefjord 2","delomradenummer":"560305","delomradenavn":"Sørøysund","kommunenummer":"5603"}},{"type":"Polygon","arcs":[[26,27,28,-23,-22]],"properties":{"grunnkretsnummer":"56030504","grunnkretsnavn":"Rypefjord 3","delomradenummer":"560305","delomradenavn":"Sørøysund","kommunenummer":"5603"}},{"type":"Polygon","arcs":[[29,30,31,32,-26,-25,33,34]],"properties":{"grunnkretsnummer":"56030502","grunnkretsnavn":"Rypefjord 1","delomradenummer":"560305","delomradenavn":"Sørøysund","kommunenummer":"5603"}},{"type":"Polygon","arcs":[[35,36,37,38]],"properties":{"grunnkretsnummer":"56070102","grunnkretsnavn":"Kirkeområdet","delomradenummer":"560701","delomradenavn":"Vadsø Sentrum","kommunenummer":"5607"}},{"type":"Polygon","arcs":[[39,40,41]],"properties":{"grunnkretsnummer":"56070302","grunnkretsnavn":"Myrkroken","delomradenummer":"560703","delomradenavn":"Ytre Vadsø","kommunenummer":"5607"}},{"type":"Polygon","arcs":[[42,43,44,45,46,47]],"properties":{"grunnkretsnummer":"56070106","grunnkretsnavn":"Elvegt.-Svingen","delomradenummer":"560701","delomradenavn":"Vadsø Sentrum","kommunenummer":"5607"}},{"type":"Polygon","arcs":[[-38,48,49,50,51,52,53]],"properties":{"grunnkretsnummer":"56070101","grunnkretsnavn":"Ørtangen","delomradenummer":"560701","delomradenavn":"Vadsø Sentrum","kommunenummer":"5607"}},{"type":"Polygon","arcs":[[54,55,56,57,58,59,60,61,62]],"properties":{"grunnkretsnummer":"56180115","grunnkretsnavn":"Strandveien øst","delomradenummer":"561801","delomradenavn":"Måsøy","kommunenummer":"5618"}},{"type":"Polygon","arcs":[[63,64,65,66,67,68,69,70,71,72]],"properties":{"grunnkretsnummer":"56180122","grunnkretsnavn":"Gunnarnes","delomradenummer":"561801","delomradenavn":"Måsøy","kommunenummer":"5618"}},{"type":"Polygon","arcs":[[73,74,75,76]],"properties":{"grunnkretsnummer":"56070202","grunnkretsnavn":"Prestelv nord","delomradenummer":"560702","delomradenavn":"Indre Vadsø","kommunenummer":"5607"}},{"type":"Polygon","arcs":[[77,78,79,80,81,82,83]],"properties":{"grunnkretsnummer":"56280202","grunnkretsnavn":"Skippagurra","delomradenummer":"562802","delomradenavn":"Polmak","kommunenummer":"5628"}},{"type":"Polygon","arcs":[[84,85,-17,86]],"properties":{"grunnkretsnummer":"56030107","grunnkretsnavn":"Sætergamdalen","delomradenummer":"560301","delomradenavn":"Sentrum","kommunenummer":"5603"}},{"type":"Polygon","arcs":[[87,-15,88,89,90]],"properties":{"grunnkretsnummer":"56030105","grunnkretsnavn":"Blåsenborg","delomradenummer":"560301","delomradenavn":"Sentrum","kommunenummer":"5603"}},{"type":"Polygon","arcs":[[-5,-4,91,92,93,94]],"properties":{"grunnkretsnummer":"56030607","grunnkretsnavn":"Klubben","delomradenummer":"560306","delomradenavn":"Kvalsund","kommunenummer":"5603"}},{"type":"Polygon","arcs":[[95,96,97,-6,-95,98,99,100,101,102]],"properties":{"grunnkretsnummer":"56030602","grunnkretsnavn":"Stallogargo","delomradenummer":"560306","delomradenavn":"Kvalsund","kommunenummer":"5603"}},{"type":"Polygon","arcs":[[-89,-20,103,104,105]],"properties":{"grunnkretsnummer":"56030201","grunnkretsnavn":"Rairo","delomradenummer":"560302","delomradenavn":"Baksalen","kommunenummer":"5603"}},{"type":"Polygon","arcs":[[-87,-16,-88,106,107]],"properties":{"grunnkretsnummer":"56030108","grunnkretsnavn":"Breilia","delomradenummer":"560301","delomradenavn":"Sentrum","kommunenummer":"5603"}},{"type":"Polygon","arcs":[[108,109,110,111,112,113,114]],"properties":{"grunnkretsnummer":"56030513","grunnkretsnavn":"Sandøybotn","delomradenummer":"560305","delomradenavn":"Sørøysund","kommunenummer":"5603"}},{"type":"Polygon","arcs":[[115,116,117,118,119,120,121,122,123,124,125,126,127,128,129,130,131]],"properties":{"grunnkretsnummer":"56050101","grunnkretsnavn":"Bugøynes","delomradenummer":"560501","delomradenavn":"Vestre Sør - Varanger","kommunenummer":"5605"}},{"type":"Polygon","arcs":[[132,133,134,135,136,137,138,139,140,141,142]],"properties":{"grunnkretsnummer":"56030401","grunnkretsnavn":"Storfjellet","delomradenummer":"560304","delomradenavn":"Fuglenesdalen","kommunenummer":"5603"}},{"type":"Polygon","arcs":[[143,144,145,-103,-102,146]],"properties":{"grunnkretsnummer":"56030507","grunnkretsnavn":"Strømsnes","delomradenummer":"560305","delomradenavn":"Sørøysund","kommunenummer":"5603"}},{"type":"Polygon","arcs":[[-142,-35,147,-147,-101,148,149,150,151,152]],"properties":{"grunnkretsnummer":"56030508","grunnkretsnavn":"Eidvågeidet-Hønseby","delomradenummer":"560305","delomradenavn":"Sørøysund","kommunenummer":"5603"}},{"type":"Polygon","arcs":[[153,-108,154,155,156,157]],"properties":{"grunnkretsnummer":"56030109","grunnkretsnavn":"Molla","delomradenummer":"560301","delomradenavn":"Sentrum","kommunenummer":"5603"}},{"type":"Polygon","arcs":[[158,-77,159,160,161]],"properties":{"grunnkretsnummer":"56070204","grunnkretsnavn":"Prestelv vest","delomradenummer":"560702","delomradenavn":"Indre Vadsø","kommunenummer":"5607"}},{"type":"Polygon","arcs":[[162,163,164,165,166,167]],"properties":{"grunnkretsnummer":"56010405","grunnkretsnavn":"Holmen","delomradenummer":"560104","delomradenavn":"Tidligere Alta Kommune Vest","kommunenummer":"5601"}},{"type":"Polygon","arcs":[[168,169,170]],"properties":{"grunnkretsnummer":"56010402","grunnkretsnavn":"Mathisdalen","delomradenummer":"560104","delomradenavn":"Tidligere Alta Kommune Vest","kommunenummer":"5601"}},{"type":"Polygon","arcs":[[171,172,173,174,175]],"properties":{"grunnkretsnummer":"56010604","grunnkretsnavn":"Tollevik","delomradenummer":"560106","delomradenavn":"Alta Sentrum Syd","kommunenummer":"5601"}},{"type":"Polygon","arcs":[[176,177,178,-172,179,180,181,182,183,184,-169,185]],"properties":{"grunnkretsnummer":"56010401","grunnkretsnavn":"Kåfjord","delomradenummer":"560104","delomradenavn":"Tidligere Alta Kommune Vest","kommunenummer":"5601"}},{"type":"Polygon","arcs":[[186,187,188,189,190]],"properties":{"grunnkretsnummer":"56010103","grunnkretsnavn":"Lille Lerresfjord","delomradenummer":"560101","delomradenavn":"Tidligere Talvik Kommune Øst","kommunenummer":"5601"}},{"type":"Polygon","arcs":[[191,192,193,194,195,196,197,198]],"properties":{"grunnkretsnummer":"56010502","grunnkretsnavn":"Elvebakken","delomradenummer":"560105","delomradenavn":"Alta Sentrum Nord","kommunenummer":"5601"}},{"type":"Polygon","arcs":[[199,200,201,-193,202,203,204,205]],"properties":{"grunnkretsnummer":"56010301","grunnkretsnavn":"Russeluft","delomradenummer":"560103","delomradenavn":"Tidligere Alta Kommune Øst","kommunenummer":"5601"}},{"type":"Polygon","arcs":[[206,207,208,209,210,211,212,213,214]],"properties":{"grunnkretsnummer":"56010108","grunnkretsnavn":"Storekorsnes","delomradenummer":"560101","delomradenavn":"Tidligere Talvik Kommune Øst","kommunenummer":"5601"}},{"type":"Polygon","arcs":[[215,216,217,218,219,220,221,222]],"properties":{"grunnkretsnummer":"56070403","grunnkretsnavn":"Klubben","delomradenummer":"560704","delomradenavn":"Distriktet","kommunenummer":"5607"}},{"type":"Polygon","arcs":[[223,-123,224,225,226,227,228,229,230]],"properties":{"grunnkretsnummer":"56070404","grunnkretsnavn":"Salttjern-Golnes","delomradenummer":"560704","delomradenavn":"Distriktet","kommunenummer":"5607"}},{"type":"Polygon","arcs":[[-222,-221,231,232,233]],"properties":{"grunnkretsnummer":"56070401","grunnkretsnavn":"Vestre Jakobselv","delomradenummer":"560704","delomradenavn":"Distriktet","kommunenummer":"5607"}},{"type":"Polygon","arcs":[[-75,234,235,236,-43,237]],"properties":{"grunnkretsnummer":"56070203","grunnkretsnavn":"Gymnasområdet","delomradenummer":"560702","delomradenavn":"Indre Vadsø","kommunenummer":"5607"}},{"type":"Polygon","arcs":[[238,239,240,241,242,243]],"properties":{"grunnkretsnummer":"56280106","grunnkretsnavn":"Bonakas-Langnes","delomradenummer":"562801","delomradenavn":"Tana","kommunenummer":"5628"}},{"type":"Polygon","arcs":[[244,-78,245,246]],"properties":{"grunnkretsnummer":"56280201","grunnkretsnavn":"Tana Bru","delomradenummer":"562802","delomradenavn":"Polmak","kommunenummer":"5628"}},{"type":"Polygon","arcs":[[247,248,249,250,251,252]],"properties":{"grunnkretsnummer":"56220304","grunnkretsnavn":"Veidnes-Kistrand","delomradenummer":"562203","delomradenavn":"Vestre Porsanger","kommunenummer":"5622"}},{"type":"Polygon","arcs":[[253,254,255]],"properties":{"grunnkretsnummer":"56220201","grunnkretsnavn":"Lakselv sentrum","delomradenummer":"562202","delomradenavn":"Indre Porsanger","kommunenummer":"5622"}},{"type":"Polygon","arcs":[[256,257,258,259,260,261,262,263,264]],"properties":{"grunnkretsnummer":"56200112","grunnkretsnavn":"Storfjellet-Valanområdet","delomradenummer":"562001","delomradenavn":"Nordkapp","kommunenummer":"5620"}},{"type":"Polygon","arcs":[[265,266,267,-117,268,269,270,-161]],"properties":{"grunnkretsnummer":"56070205","grunnkretsnavn":"Industriområde-Prestelv vest","delomradenummer":"560702","delomradenavn":"Indre Vadsø","kommunenummer":"5607"}},{"type":"Polygon","arcs":[[271,272,273,274,275,276,277,278,279]],"properties":{"grunnkretsnummer":"56140103","grunnkretsnavn":"Øksfjordbotn","delomradenummer":"561401","delomradenavn":"Loppa","kommunenummer":"5614"}},{"type":"Polygon","arcs":[[280,281,282,283,284,285]],"properties":{"grunnkretsnummer":"56140107","grunnkretsnavn":"Silda","delomradenummer":"561401","delomradenavn":"Loppa","kommunenummer":"5614"}},{"type":"Polygon","arcs":[[286,287,288,289,290,-281]],"properties":{"grunnkretsnummer":"56140106","grunnkretsnavn":"Bergsfjorden","delomradenummer":"561401","delomradenavn":"Loppa","kommunenummer":"5614"}},{"type":"Polygon","arcs":[[291,292,293,-207,294,295,296]],"properties":{"grunnkretsnummer":"56010101","grunnkretsnavn":"Stjernøy","delomradenummer":"560101","delomradenavn":"Tidligere Talvik Kommune Øst","kommunenummer":"5601"}},{"type":"Polygon","arcs":[[-280,297,298,299,300,301,302]],"properties":{"grunnkretsnummer":"56010203","grunnkretsnavn":"Langfjordbotn","delomradenummer":"560102","delomradenavn":"Tidligere Talvik Kommune Vest","kommunenummer":"5601"}},{"type":"Polygon","arcs":[[303,304,305,306,-208,307]],"properties":{"grunnkretsnummer":"56010105","grunnkretsnavn":"Komagfjord","delomradenummer":"560101","delomradenavn":"Tidligere Talvik Kommune Øst","kommunenummer":"5601"}},{"type":"Polygon","arcs":[[308,309,310,311,312,313,314]],"properties":{"grunnkretsnummer":"56140112","grunnkretsnavn":"Brynilen","delomradenummer":"561401","delomradenavn":"Loppa","kommunenummer":"5614"}},{"type":"Polygon","arcs":[[315,316,-297,-296,317,318,319,320,321]],"properties":{"grunnkretsnummer":"56140101","grunnkretsnavn":"Øksfjord","delomradenummer":"561401","delomradenavn":"Loppa","kommunenummer":"5614"}},{"type":"Polygon","arcs":[[322,323,324,325,326,-289,-288,327]],"properties":{"grunnkretsnummer":"56140105","grunnkretsnavn":"Nuvsvåg","delomradenummer":"561401","delomradenavn":"Loppa","kommunenummer":"5614"}},{"type":"Polygon","arcs":[[328,329,330,-282,-291,-290,-327,331,332,333]],"properties":{"grunnkretsnummer":"56140108","grunnkretsnavn":"Langfjorden","delomradenummer":"561401","delomradenavn":"Loppa","kommunenummer":"5614"}},{"type":"Polygon","arcs":[[334,335,336,-283,-331,-330]],"properties":{"grunnkretsnummer":"56140109","grunnkretsnavn":"Sandland","delomradenummer":"561401","delomradenavn":"Loppa","kommunenummer":"5614"}},{"type":"Polygon","arcs":[[-337,-336,337,-314,-313,338]],"properties":{"grunnkretsnummer":"56140111","grunnkretsnavn":"Skavnakk","delomradenummer":"561401","delomradenavn":"Loppa","kommunenummer":"5614"}},{"type":"Polygon","arcs":[[-321,-320,339,-277,-276,340]],"properties":{"grunnkretsnummer":"56140102","grunnkretsnavn":"Øksfjord østre","delomradenummer":"561401","delomradenavn":"Loppa","kommunenummer":"5614"}},{"type":"Polygon","arcs":[[-284,-339,-312,341,342,343,344]],"properties":{"grunnkretsnummer":"56140110","grunnkretsnavn":"Loppa","delomradenummer":"561401","delomradenavn":"Loppa","kommunenummer":"5614"}},{"type":"Polygon","arcs":[[-341,-275,-274,345,346,-325,-324,-322]],"properties":{"grunnkretsnummer":"56140104","grunnkretsnavn":"Øksfjord vestre","delomradenummer":"561401","delomradenavn":"Loppa","kommunenummer":"5614"}},{"type":"Polygon","arcs":[[347,348,349]],"properties":{"grunnkretsnummer":"56010601","grunnkretsnavn":"Alta nye sentrum","delomradenummer":"560106","delomradenavn":"Alta Sentrum Syd","kommunenummer":"5601"}},{"type":"Polygon","arcs":[[350,351,352,353,-302]],"properties":{"grunnkretsnummer":"56010205","grunnkretsnavn":"Vasbotnelv","delomradenummer":"560102","delomradenavn":"Tidligere Talvik Kommune Vest","kommunenummer":"5601"}},{"type":"Polygon","arcs":[[-191,-308,-294,354,355,356,357]],"properties":{"grunnkretsnummer":"56010102","grunnkretsnavn":"Seiland","delomradenummer":"560101","delomradenavn":"Tidligere Talvik Kommune Øst","kommunenummer":"5601"}},{"type":"Polygon","arcs":[[358,359,-197,-196,360,361,362,-165,363]],"properties":{"grunnkretsnummer":"56010503","grunnkretsnavn":"Aronnes","delomradenummer":"560105","delomradenavn":"Alta Sentrum Nord","kommunenummer":"5601"}},{"type":"Polygon","arcs":[[-214,364,365]],"properties":{"grunnkretsnummer":"56010110","grunnkretsnavn":"Kongshus","delomradenummer":"560101","delomradenavn":"Tidligere Talvik Kommune Øst","kommunenummer":"5601"}},{"type":"Polygon","arcs":[[366,367,368,369]],"properties":{"grunnkretsnummer":"56010407","grunnkretsnavn":"Helletoppen-Bjørnhaugene","delomradenummer":"560104","delomradenavn":"Tidligere Alta Kommune Vest","kommunenummer":"5601"}},{"type":"Polygon","arcs":[[370,371,-299,-298,-279]],"properties":{"grunnkretsnummer":"56010202","grunnkretsnavn":"Tappeluft-Riverbukt","delomradenummer":"560102","delomradenavn":"Tidligere Talvik Kommune Vest","kommunenummer":"5601"}},{"type":"Polygon","arcs":[[372,373,374,375,-201,-200]],"properties":{"grunnkretsnummer":"56010302","grunnkretsnavn":"Rafsbotn","delomradenummer":"560103","delomradenavn":"Tidligere Alta Kommune Øst","kommunenummer":"5601"}},{"type":"Polygon","arcs":[[376,377,-352,378,-186,-171,379,-368,380,381,382]],"properties":{"grunnkretsnummer":"56010408","grunnkretsnavn":"Botnelven-Fiskerelven","delomradenummer":"560104","delomradenavn":"Tidligere Alta Kommune Vest","kommunenummer":"5601"}},{"type":"Polygon","arcs":[[-182,383,384,385,386,387]],"properties":{"grunnkretsnummer":"56010607","grunnkretsnavn":"Gakori","delomradenummer":"560106","delomradenavn":"Alta Sentrum Syd","kommunenummer":"5601"}},{"type":"Polygon","arcs":[[-295,-215,-366,388,389,-301,-300,-372,-371,-278,-340,-319,-318]],"properties":{"grunnkretsnummer":"56010201","grunnkretsnavn":"Isnestoften","delomradenummer":"560102","delomradenavn":"Tidligere Talvik Kommune Vest","kommunenummer":"5601"}},{"type":"Polygon","arcs":[[390,-178,-177,-379,-351,-390,-389]],"properties":{"grunnkretsnummer":"56010204","grunnkretsnavn":"Talvik","delomradenummer":"560102","delomradenavn":"Tidligere Talvik Kommune Vest","kommunenummer":"5601"}},{"type":"Polygon","arcs":[[-180,-176,391,392,393]],"properties":{"grunnkretsnummer":"56010605","grunnkretsnavn":"Skaialuft","delomradenummer":"560106","delomradenavn":"Alta Sentrum Syd","kommunenummer":"5601"}},{"type":"Polygon","arcs":[[-305,-304,-190,-189,394,395,396]],"properties":{"grunnkretsnummer":"56010104","grunnkretsnavn":"Store Lerresfjord","delomradenummer":"560101","delomradenavn":"Tidligere Talvik Kommune Øst","kommunenummer":"5601"}},{"type":"Polygon","arcs":[[-175,397,398,-350,399,-392]],"properties":{"grunnkretsnummer":"56010603","grunnkretsnavn":"Midtbakken","delomradenummer":"560106","delomradenavn":"Alta Sentrum Syd","kommunenummer":"5601"}},{"type":"Polygon","arcs":[[-202,-376,400,401,402,403,-194]],"properties":{"grunnkretsnummer":"56010303","grunnkretsnavn":"Transfarelv","delomradenummer":"560103","delomradenavn":"Tidligere Alta Kommune Øst","kommunenummer":"5601"}},{"type":"Polygon","arcs":[[404,-364,-164,405,-349]],"properties":{"grunnkretsnummer":"56010602","grunnkretsnavn":"Elvestrand","delomradenummer":"560106","delomradenavn":"Alta Sentrum Syd","kommunenummer":"5601"}},{"type":"Polygon","arcs":[[406,407,408,-211,-210]],"properties":{"grunnkretsnummer":"56010107","grunnkretsnavn":"Nyvoll","delomradenummer":"560101","delomradenavn":"Tidligere Talvik Kommune Øst","kommunenummer":"5601"}},{"type":"Polygon","arcs":[[409,-408,-407,-209,-307,-306,-397,410]],"properties":{"grunnkretsnummer":"56010106","grunnkretsnavn":"Korsfjord","delomradenummer":"560101","delomradenavn":"Tidligere Talvik Kommune Øst","kommunenummer":"5601"}},{"type":"Polygon","arcs":[[411,412,-199,-198,-360,413,414]],"properties":{"grunnkretsnummer":"56010506","grunnkretsnavn":"Bukta","delomradenummer":"560105","delomradenavn":"Alta Sentrum Nord","kommunenummer":"5601"}},{"type":"Polygon","arcs":[[-363,-362,415,416,-402,417,-166]],"properties":{"grunnkretsnummer":"56010409","grunnkretsnavn":"Raipas","delomradenummer":"560104","delomradenavn":"Tidligere Alta Kommune Vest","kommunenummer":"5601"}},{"type":"Polygon","arcs":[[418,-386,419,-168,420,421,422]],"properties":{"grunnkretsnummer":"56010404","grunnkretsnavn":"Øvre-Alta","delomradenummer":"560104","delomradenavn":"Tidligere Alta Kommune Vest","kommunenummer":"5601"}},{"type":"Polygon","arcs":[[-404,-403,-417,-416,-361,-195]],"properties":{"grunnkretsnummer":"56010501","grunnkretsnavn":"Kronstad","delomradenummer":"560105","delomradenavn":"Alta Sentrum Nord","kommunenummer":"5601"}},{"type":"Polygon","arcs":[[-213,-212,-409,-410,423,-373,-206,-205,-391,-365]],"properties":{"grunnkretsnummer":"56010111","grunnkretsnavn":"Leirbotn","delomradenummer":"560101","delomradenavn":"Tidligere Talvik Kommune Øst","kommunenummer":"5601"}},{"type":"Polygon","arcs":[[-179,-204,424,425,-415,426,-398,-174,-173]],"properties":{"grunnkretsnummer":"56010505","grunnkretsnavn":"Komsa","delomradenummer":"560105","delomradenavn":"Alta Sentrum Nord","kommunenummer":"5601"}},{"type":"Polygon","arcs":[[-181,-394,-393,-400,-406,-163,-420,-385,-384]],"properties":{"grunnkretsnummer":"56010606","grunnkretsnavn":"Bossekop","delomradenummer":"560106","delomradenavn":"Alta Sentrum Syd","kommunenummer":"5601"}},{"type":"Polygon","arcs":[[-183,-388,-387,-419,427,428]],"properties":{"grunnkretsnummer":"56010608","grunnkretsnavn":"Hjemmeluft","delomradenummer":"560106","delomradenavn":"Alta Sentrum Syd","kommunenummer":"5601"}},{"type":"Polygon","arcs":[[-422,429,-369,430]],"properties":{"grunnkretsnummer":"56010406","grunnkretsnavn":"Eiby-Storelvdalen","delomradenummer":"560104","delomradenavn":"Tidligere Alta Kommune Vest","kommunenummer":"5601"}},{"type":"Polygon","arcs":[[-185,-184,-429,-428,-423,-431,-380,-170]],"properties":{"grunnkretsnummer":"56010403","grunnkretsnavn":"Kvenvik","delomradenummer":"560104","delomradenavn":"Tidligere Alta Kommune Vest","kommunenummer":"5601"}},{"type":"Polygon","arcs":[[-203,-192,-413,-412,-426,-425]],"properties":{"grunnkretsnummer":"56010507","grunnkretsnavn":"Amtmannsnes","delomradenummer":"560105","delomradenavn":"Alta Sentrum Nord","kommunenummer":"5601"}},{"type":"Polygon","arcs":[[-414,-359,-405,-348,-399,-427]],"properties":{"grunnkretsnummer":"56010504","grunnkretsnavn":"Sentrum","delomradenummer":"560105","delomradenavn":"Alta Sentrum Nord","kommunenummer":"5601"}},{"type":"Polygon","arcs":[[-401,-375,431,432,433,434,-370,-430,-421,-167,-418]],"properties":{"grunnkretsnummer":"56010304","grunnkretsnavn":"Tverrelvdalen","delomradenummer":"560103","delomradenavn":"Tidligere Alta Kommune Øst","kommunenummer":"5601"}},{"type":"Polygon","arcs":[[-239,435,436,437,438,439,440,441,442,443,444,445,446]],"properties":{"grunnkretsnummer":"56280101","grunnkretsnavn":"Austertana","delomradenummer":"562801","delomradenavn":"Tana","kommunenummer":"5628"}},{"type":"Polygon","arcs":[[447,448,449,450,451,-81,452,453,454,455]],"properties":{"grunnkretsnummer":"56360108","grunnkretsnavn":"Vesterelv","delomradenummer":"563601","delomradenavn":"Nesseby","kommunenummer":"5636"}},{"type":"Polygon","arcs":[[456,457,458,459]],"properties":{"grunnkretsnummer":"56360112","grunnkretsnavn":"Nyelvfjellene","delomradenummer":"563601","delomradenavn":"Nesseby","kommunenummer":"5636"}},{"type":"Polygon","arcs":[[460,461,-442,462,463,464,465,466,467,468]],"properties":{"grunnkretsnummer":"56360103","grunnkretsnavn":"Maddavarri","delomradenummer":"563601","delomradenavn":"Nesseby","kommunenummer":"5636"}},{"type":"Polygon","arcs":[[-467,469,-217,-216,470,471,472]],"properties":{"grunnkretsnummer":"56360101","grunnkretsnavn":"Klubbvik","delomradenummer":"563601","delomradenavn":"Nesseby","kommunenummer":"5636"}},{"type":"Polygon","arcs":[[473,474,475,-456,-455,-454,-453,-80]],"properties":{"grunnkretsnummer":"56360107","grunnkretsnavn":"Varangerbotn","delomradenummer":"563601","delomradenavn":"Nesseby","kommunenummer":"5636"}},{"type":"Polygon","arcs":[[476,477,-460,478,479,480,-82,-452]],"properties":{"grunnkretsnummer":"56360111","grunnkretsnavn":"Dirregejavre","delomradenummer":"563601","delomradenavn":"Nesseby","kommunenummer":"5636"}},{"type":"Polygon","arcs":[[481,482,483,484,485,486,487,488,489,490,491,492]],"properties":{"grunnkretsnummer":"56050310","grunnkretsnavn":"Saga","delomradenummer":"560503","delomradenavn":"Kirkenes","kommunenummer":"5605"}},{"type":"Polygon","arcs":[[493,494,495,496,-477,-451,-450]],"properties":{"grunnkretsnummer":"56360109","grunnkretsnavn":"Karlebotn","delomradenummer":"563601","delomradenavn":"Nesseby","kommunenummer":"5636"}},{"type":"Polygon","arcs":[[497,498,-457,-478,-497,-496]],"properties":{"grunnkretsnummer":"56360110","grunnkretsnavn":"Vegnes","delomradenummer":"563601","delomradenavn":"Nesseby","kommunenummer":"5636"}},{"type":"Polygon","arcs":[[-491,499,-11,500]],"properties":{"grunnkretsnummer":"56050309","grunnkretsnavn":"Haganes","delomradenummer":"560503","delomradenavn":"Kirkenes","kommunenummer":"5605"}},{"type":"Polygon","arcs":[[501,502,503,-488,-487,504,505,506,507]],"properties":{"grunnkretsnummer":"56050307","grunnkretsnavn":"Langøra","delomradenummer":"560503","delomradenavn":"Kirkenes","kommunenummer":"5605"}},{"type":"Polygon","arcs":[[-500,-490,508,-12]],"properties":{"grunnkretsnummer":"56050308","grunnkretsnavn":"Storhaugen-Lillehaugen","delomradenummer":"560503","delomradenavn":"Kirkenes","kommunenummer":"5605"}},{"type":"Polygon","arcs":[[509,510,511,512,513]],"properties":{"grunnkretsnummer":"56050207","grunnkretsnavn":"Bjørnevatn vest","delomradenummer":"560502","delomradenavn":"Høybuktmoen - Bjørnevatn","kommunenummer":"5605"}},{"type":"Polygon","arcs":[[-503,514]],"properties":{"grunnkretsnummer":"56050306","grunnkretsnavn":"Prestefjellet","delomradenummer":"560503","delomradenavn":"Kirkenes","kommunenummer":"5605"}},{"type":"Polygon","arcs":[[-126,-125,515,516,517,518,519,520,521,-479,-459,522]],"properties":{"grunnkretsnummer":"56050102","grunnkretsnavn":"Bugøyfjord","delomradenummer":"560501","delomradenavn":"Vestre Sør - Varanger","kommunenummer":"5605"}},{"type":"Polygon","arcs":[[523,524,525,-90,-106,526,527,528]],"properties":{"grunnkretsnummer":"56030103","grunnkretsnavn":"Midtbyen","delomradenummer":"560301","delomradenavn":"Sentrum","kommunenummer":"5603"}},{"type":"Polygon","arcs":[[-150,-149,-100,529,530,531,532,-395,-188,-187,-358,-357,533]],"properties":{"grunnkretsnummer":"56030601","grunnkretsnavn":"Komagnes-Neverfjord","delomradenummer":"560306","delomradenavn":"Kvalsund","kommunenummer":"5603"}},{"type":"Polygon","arcs":[[-86,534,535,536,-18]],"properties":{"grunnkretsnummer":"56030203","grunnkretsnavn":"Elvestrand","delomradenummer":"560302","delomradenavn":"Baksalen","kommunenummer":"5603"}},{"type":"Polygon","arcs":[[537,-158,-157,-524,538,539]],"properties":{"grunnkretsnummer":"56030301","grunnkretsnavn":"Fuglenesveien","delomradenummer":"560303","delomradenavn":"Fuglenes","kommunenummer":"5603"}},{"type":"Polygon","arcs":[[-104,-19,-537,540,541]],"properties":{"grunnkretsnummer":"56030204","grunnkretsnavn":"Salheim","delomradenummer":"560302","delomradenavn":"Baksalen","kommunenummer":"5603"}},{"type":"Polygon","arcs":[[542,543,544,-540,-539,545,546,-30,547,548]],"properties":{"grunnkretsnummer":"56030302","grunnkretsnavn":"Fuglenes","delomradenummer":"560303","delomradenavn":"Fuglenes","kommunenummer":"5603"}},{"type":"Polygon","arcs":[[-546,-529,-528,549,550,551]],"properties":{"grunnkretsnummer":"56030102","grunnkretsnavn":"Nedre Hauen","delomradenummer":"560301","delomradenavn":"Sentrum","kommunenummer":"5603"}},{"type":"Polygon","arcs":[[552,-550,-527,-105,-542,-21,-33]],"properties":{"grunnkretsnummer":"56030205","grunnkretsnavn":"Blinken","delomradenummer":"560302","delomradenavn":"Baksalen","kommunenummer":"5603"}},{"type":"Polygon","arcs":[[553,554,555,556]],"properties":{"grunnkretsnummer":"56240114","grunnkretsnavn":"Vuonjalrassa","delomradenummer":"562401","delomradenavn":"Lebesby","kommunenummer":"5624"}},{"type":"Polygon","arcs":[[-396,-533,557,558,559,560,-424,-411]],"properties":{"grunnkretsnummer":"56030605","grunnkretsnavn":"Repparfjordfjellet","delomradenummer":"560306","delomradenavn":"Kvalsund","kommunenummer":"5603"}},{"type":"Polygon","arcs":[[561,562,563,-535,-85]],"properties":{"grunnkretsnummer":"56030106","grunnkretsnavn":"Lia","delomradenummer":"560301","delomradenavn":"Sentrum","kommunenummer":"5603"}},{"type":"Polygon","arcs":[[564,-152,-151,-534,-356,-355]],"properties":{"grunnkretsnummer":"56030509","grunnkretsnavn":"Kårhamn","delomradenummer":"560305","delomradenavn":"Sørøysund","kommunenummer":"5603"}},{"type":"Polygon","arcs":[[-137,565,-538,-545,566]],"properties":{"grunnkretsnummer":"56030303","grunnkretsnavn":"Tåkeheimen","delomradenummer":"560303","delomradenavn":"Fuglenes","kommunenummer":"5603"}},{"type":"Polygon","arcs":[[567,-64,568,569,570,571,-113,-112]],"properties":{"grunnkretsnummer":"56030512","grunnkretsnavn":"Akkarfjord","delomradenummer":"560305","delomradenavn":"Sørøysund","kommunenummer":"5603"}},{"type":"Polygon","arcs":[[572,573,-562,-154,-566,-136]],"properties":{"grunnkretsnummer":"56030403","grunnkretsnavn":"Dalen","delomradenummer":"560304","delomradenavn":"Fuglenesdalen","kommunenummer":"5603"}},{"type":"Polygon","arcs":[[574,575,576,577,578,579,-2,-1]],"properties":{"grunnkretsnummer":"56030609","grunnkretsnavn":"Kokelv-Selkop","delomradenummer":"560306","delomradenavn":"Kvalsund","kommunenummer":"5603"}},{"type":"Polygon","arcs":[[580,-573,-135]],"properties":{"grunnkretsnummer":"56030402","grunnkretsnavn":"Reindalen","delomradenummer":"560304","delomradenavn":"Fuglenesdalen","kommunenummer":"5603"}},{"type":"Polygon","arcs":[[-156,-155,-107,-91,-526,-525]],"properties":{"grunnkretsnummer":"56030104","grunnkretsnavn":"Veien","delomradenummer":"560301","delomradenavn":"Sentrum","kommunenummer":"5603"}},{"type":"Polygon","arcs":[[-138,-567,-544,581]],"properties":{"grunnkretsnummer":"56030304","grunnkretsnavn":"Utsikten","delomradenummer":"560303","delomradenavn":"Fuglenes","kommunenummer":"5603"}},{"type":"Polygon","arcs":[[-541,-536,-564,582,-96,-146,583,584,-28,-27]],"properties":{"grunnkretsnummer":"56030505","grunnkretsnavn":"Rypefjord 4","delomradenummer":"560305","delomradenavn":"Sørøysund","kommunenummer":"5603"}},{"type":"Polygon","arcs":[[-572,-571,-143,-153,585,586,-114]],"properties":{"grunnkretsnummer":"56030511","grunnkretsnavn":"Langstrand","delomradenummer":"560305","delomradenavn":"Sørøysund","kommunenummer":"5603"}},{"type":"Polygon","arcs":[[-3,-580,-579,587,588,589,-559,590,591,-93,-92]],"properties":{"grunnkretsnummer":"56030606","grunnkretsnavn":"Indre Repparfjord-Erdal","delomradenummer":"560306","delomradenavn":"Kvalsund","kommunenummer":"5603"}},{"type":"Polygon","arcs":[[592,593,594,-508,595,596,597]],"properties":{"grunnkretsnummer":"56050301","grunnkretsnavn":"Verksområdet","delomradenummer":"560503","delomradenavn":"Kirkenes","kommunenummer":"5605"}},{"type":"Polygon","arcs":[[-24,-29,-585,-584,-145,-144,-148,-34]],"properties":{"grunnkretsnummer":"56030506","grunnkretsnavn":"Rypefjord 5","delomradenummer":"560305","delomradenavn":"Sørøysund","kommunenummer":"5603"}},{"type":"Polygon","arcs":[[-99,598,599,-531,-530]],"properties":{"grunnkretsnummer":"56030603","grunnkretsnavn":"Kvalsund","delomradenummer":"560306","delomradenavn":"Kvalsund","kommunenummer":"5603"}},{"type":"Polygon","arcs":[[-552,-551,-553,-32,-31,-547]],"properties":{"grunnkretsnummer":"56030101","grunnkretsnavn":"Øvre Hauen","delomradenummer":"560301","delomradenavn":"Sentrum","kommunenummer":"5603"}},{"type":"Polygon","arcs":[[-600,-599,-94,-592,-591,-558,-532]],"properties":{"grunnkretsnummer":"56030604","grunnkretsnavn":"Halsen","delomradenummer":"560306","delomradenavn":"Kvalsund","kommunenummer":"5603"}},{"type":"Polygon","arcs":[[600,-549,-548,-141,-140]],"properties":{"grunnkretsnummer":"56030306","grunnkretsnavn":"Rossmolla","delomradenummer":"560303","delomradenavn":"Fuglenes","kommunenummer":"5603"}},{"type":"Polygon","arcs":[[-139,-582,-543,-601]],"properties":{"grunnkretsnummer":"56030305","grunnkretsnavn":"Mian","delomradenummer":"560303","delomradenavn":"Fuglenes","kommunenummer":"5603"}},{"type":"Polygon","arcs":[[-574,-581,-134,-133,-570,601,-7,-98,-97,-583,-563]],"properties":{"grunnkretsnummer":"56030501","grunnkretsnavn":"Forsøl","delomradenummer":"560305","delomradenavn":"Sørøysund","kommunenummer":"5603"}},{"type":"Polygon","arcs":[[-115,-587,-586,-565,602,603,604]],"properties":{"grunnkretsnummer":"56030510","grunnkretsnavn":"Fella","delomradenummer":"560305","delomradenavn":"Sørøysund","kommunenummer":"5603"}},{"type":"Polygon","arcs":[[605,606,607,608,609,610,611,612,613]],"properties":{"grunnkretsnummer":"56050502","grunnkretsnavn":"Langfjorddalen","delomradenummer":"560505","delomradenavn":"Pasvik","kommunenummer":"5605"}},{"type":"Polygon","arcs":[[-14,614,-595]],"properties":{"grunnkretsnummer":"56050302","grunnkretsnavn":"Solheimslia","delomradenummer":"560503","delomradenavn":"Kirkenes","kommunenummer":"5605"}},{"type":"Polygon","arcs":[[-493,-492,-501,-10,-594,-593,615]],"properties":{"grunnkretsnummer":"56050303","grunnkretsnavn":"Sentrum","delomradenummer":"560503","delomradenavn":"Kirkenes","kommunenummer":"5605"}},{"type":"Polygon","arcs":[[-512,616,617,618,619,620,-610,621]],"properties":{"grunnkretsnummer":"56050208","grunnkretsnavn":"Bjørnevatn øst","delomradenummer":"560502","delomradenavn":"Høybuktmoen - Bjørnevatn","kommunenummer":"5605"}},{"type":"Polygon","arcs":[[-514,622]],"properties":{"grunnkretsnummer":"56050206","grunnkretsnavn":"Sandnes øst","delomradenummer":"560502","delomradenavn":"Høybuktmoen - Bjørnevatn","kommunenummer":"5605"}},{"type":"Polygon","arcs":[[623,624,625,626,627,628,629,630,631,632,633,634,635,636,637,638,639,640,641,642,643,644,645,646,647,648,649,650,651,652,653,654,655,656,657,658,659,660,661,662,663,664,665,666,667,668,669,670,671,672,673,674,675,676,677,678,679,680,681,682,683,684,685,686,687,688,689,690,691,692,693,694,695,696,697,698,699,700,701,702,703,704,705,706,707,708,709,710,711,712,713,714,715,716,717,718,719,720,721,722,723,724,725,726,727,728,729,730,731,732,733,734,735,736,737,738,739,740,741,742,743,744,745,746,747,748,749,750,751,752,753,754,755,756,757,758,759,760,761,762,763,764,765,766,767,768,769,770,771,772,773,774,775,776,777,778,779,780,781,782,783,784,785,786,787,788,789,790,791,792,793,794,795,796,797,798,799,800,801,802,803,804,805,806,807,808,809,810,811,812,813,814,815,816,817,818,819,820,821,822,823,824,825,826,827,828,829,830,831,832,833,834,835,836,837,838,839,840,841,842,843,844,845,846,847,848,849,850,851,852,853,854,855,856,857,858,859,860,861,862,863,864,865,866,867,868,869,870,871,872,873,874,875,876,877,878,879,880,881,882,883,884,885,886,887,888,889,890,891,892,893,894,895,896,897,898,899,900,901,902,903,904,905,906,907,908,909,910,911,912,913,914,915,916,917,918,919,920,921,922,923,924,925,926,927,928,929,930,931,932,933,934,935,936,937,938,939,940,941,942,943,944,945,946,947,948,949,950,951,952,953,954,955,956,957,958,959,960,961,962,963,964,965,966,967,968,969,970,971,972,973,974,975,976,977,978,979,980,981,982,983,984,985,986,987,988,989,990,991,992,993,994,995,996,997,998,999,1000,1001,1002,1003,1004,1005,1006,1007,1008,1009,1010,1011,1012,1013,1014,1015,1016,1017,1018,1019,1020,1021,1022,1023,1024,1025,1026,1027,1028,1029,1030,1031,1032,1033,1034,1035,1036,1037,1038,1039,1040,1041,1042,1043,1044,1045,1046,1047,1048,1049,1050,1051,1052,1053,1054,1055,1056,1057,1058,1059,1060,1061,1062,1063,1064,1065,1066,1067,1068,1069,1070,1071,1072,1073,1074,1075,1076,1077,1078,1079,1080,1081,1082,1083,1084,1085,1086,1087,1088,1089,1090,1091,1092,1093,1094,1095,1096,1097,1098,1099,1100,1101,1102,1103,1104,1105,1106,1107,1108,1109,1110,1111,1112,1113,1114,1115,1116,1117,1118,1119,1120,1121,1122,1123,1124,1125,1126,1127,1128,1129,1130,1131,1132,1133,1134,1135,1136,1137,1138,1139,1140,1141,1142,1143,1144,1145,1146,1147,1148,1149]],"properties":{"grunnkretsnummer":"56050405","grunnkretsnavn":"Grense Jakobselv","delomradenummer":"560504","delomradenavn":"Østre Sør - Varanger","kommunenummer":"5605"}},{"type":"Polygon","arcs":[[1150,1151,1152,1153,1154,1155]],"properties":{"grunnkretsnummer":"56050202","grunnkretsnavn":"Nato","delomradenummer":"560502","delomradenavn":"Høybuktmoen - Bjørnevatn","kommunenummer":"5605"}},{"type":"Polygon","arcs":[[1156,-597,-596,-507,-506,1157,1158,1159,1160,-1152,-1151]],"properties":{"grunnkretsnummer":"56050203","grunnkretsnavn":"Bjørkheim","delomradenummer":"560502","delomradenavn":"Høybuktmoen - Bjørnevatn","kommunenummer":"5605"}},{"type":"Polygon","arcs":[[1161,1162,-482,-616,-598,-1157,-1156,1163,1164,-606,1165,1166,1167]],"properties":{"grunnkretsnummer":"56050201","grunnkretsnavn":"Høybuktmoen","delomradenummer":"560502","delomradenavn":"Høybuktmoen - Bjørnevatn","kommunenummer":"5605"}},{"type":"Polygon","arcs":[[-509,-489,-504,-515,-502,-615,-13]],"properties":{"grunnkretsnummer":"56050305","grunnkretsnavn":"Jomfrulia","delomradenummer":"560503","delomradenavn":"Kirkenes","kommunenummer":"5605"}},{"type":"Polygon","arcs":[[1168,1169,1170,1171,1172,1173,1174,1175,1176,1177,1178,1179,1180,1181,1182,1183,-612]],"properties":{"grunnkretsnummer":"56050503","grunnkretsnavn":"Svanvik","delomradenummer":"560505","delomradenavn":"Pasvik","kommunenummer":"5605"}},{"type":"Polygon","arcs":[[-621,-620,1184,1185,1186,1187,1188,1189,1190,1191,1192,1193,1194,1195,1196,1197,1198,1199,1200,1201,1202,1203,1204,1205,1206,1207,1208,1209,1210,1211,1212,1213,1214,1215,1216,1217,1218,1219,1220,1221,1222,1223,1224,1225,1226,1227,1228,-1170,-1169,-611]],"properties":{"grunnkretsnummer":"56050501","grunnkretsnavn":"Nedre Pasvik","delomradenummer":"560505","delomradenavn":"Pasvik","kommunenummer":"5605"}},{"type":"Polygon","arcs":[[-224,1229,1230,-1168,1231,1232,-517,-516,-124]],"properties":{"grunnkretsnummer":"56050103","grunnkretsnavn":"Spurvnes-Skogerøya","delomradenummer":"560501","delomradenavn":"Vestre Sør - Varanger","kommunenummer":"5605"}},{"type":"Polygon","arcs":[[1233,1234,-1150,-1149,1235,1236,1237,1238,1239,1240,1241,1242,1243,1244,1245,1246,1247,1248,1249,1250,1251]],"properties":{"grunnkretsnummer":"56050404","grunnkretsnavn":"Jarfjord","delomradenummer":"560504","delomradenavn":"Østre Sør - Varanger","kommunenummer":"5605"}},{"type":"Polygon","arcs":[[-1162,-1231,1252,-1252,-1251,1253,1254]],"properties":{"grunnkretsnummer":"56050403","grunnkretsnavn":"Ropelv","delomradenummer":"560504","delomradenavn":"Østre Sør - Varanger","kommunenummer":"5605"}},{"type":"Polygon","arcs":[[1255,1256,1257,1258,1259,1260,1261,1262,1263,1264,1265,1266,1267,1268,1269,1270,1271,1272,1273,1274,1275,1276,1277,1278,1279,1280,1281,1282,1283,1284,1285,1286,1287,1288,1289,1290,1291,1292,1293,1294,1295,1296,1297,1298,1299,1300,1301,1302,1303,1304,1305,1306,1307,1308,1309,1310,1311,1312,1313,1314,1315,1316,1317,1318,1319,1320,1321,1322,1323,1324,1325,1326,1327,1328,1329,1330,1331,1332,1333,1334,1335,1336,1337,1338,1339,1340,1341,1342,1343,1344,1345,1346,1347,1348,1349,1350,1351,1352,1353,1354,1355,1356,1357,1358,1359,1360,1361,1362,1363,1364,1365,1366,1367,1368,1369,1370,1371,1372,1373,1374,1375,1376,1377,1378,1379,1380,1381,1382]],"properties":{"grunnkretsnummer":"56050505","grunnkretsnavn":"Øvre Pasvik","delomradenummer":"560505","delomradenavn":"Pasvik","kommunenummer":"5605"}},{"type":"Polygon","arcs":[[1383,1384,-1250,1385,-618,1386,-1160,-1159]],"properties":{"grunnkretsnummer":"56050401","grunnkretsnavn":"Elvenes","delomradenummer":"560504","delomradenavn":"Østre Sør - Varanger","kommunenummer":"5605"}},{"type":"Polygon","arcs":[[-1161,-1387,-617,-511,-1153]],"properties":{"grunnkretsnummer":"56050204","grunnkretsnavn":"A.V.L.","delomradenummer":"560502","delomradenavn":"Høybuktmoen - Bjørnevatn","kommunenummer":"5605"}},{"type":"Polygon","arcs":[[-1155,-1154,-510,-623,-513,-622,-609,-608,-607,-1165,-1164]],"properties":{"grunnkretsnummer":"56050205","grunnkretsnavn":"Sandnes vest","delomradenummer":"560502","delomradenavn":"Høybuktmoen - Bjørnevatn","kommunenummer":"5605"}},{"type":"Polygon","arcs":[[-518,-1233,-1232,-1167,-1166,-614,1387,1388,1389,1390,1391,1392]],"properties":{"grunnkretsnummer":"56050104","grunnkretsnavn":"Neiden","delomradenummer":"560501","delomradenavn":"Vestre Sør - Varanger","kommunenummer":"5605"}},{"type":"Polygon","arcs":[[1393,-505,-486,-485,-484]],"properties":{"grunnkretsnummer":"56050311","grunnkretsnavn":"Prestøya","delomradenummer":"560503","delomradenavn":"Kirkenes","kommunenummer":"5605"}},{"type":"Polygon","arcs":[[1394,1395,1396,1397,1398,1399,1400,1401,1402,1403,1404,1405,1406,1407,1408,1409,1410,-1263,-1262,1411,1412,-1388,-613,-1184,-1183,1413,1414,1415,1416,1417,1418,1419,1420,1421,1422,1423,1424,1425,1426,1427,1428,1429,1430,1431,1432,1433,1434,1435,1436,1437,1438]],"properties":{"grunnkretsnummer":"56050504","grunnkretsnavn":"Melkefoss-Skrotnes","delomradenummer":"560505","delomradenavn":"Pasvik","kommunenummer":"5605"}},{"type":"Polygon","arcs":[[-483,-1163,-1255,-1254,-1385,-1384,-1158,-1394]],"properties":{"grunnkretsnummer":"56050402","grunnkretsnavn":"Jakobsnes","delomradenummer":"560504","delomradenavn":"Østre Sør - Varanger","kommunenummer":"5605"}},{"type":"Polygon","arcs":[[1439,1440,1441,1442,1443,1444,1445,1446]],"properties":{"grunnkretsnummer":"56200206","grunnkretsnavn":"Vannfjordnæringen","delomradenummer":"562002","delomradenavn":"Gjesvær","kommunenummer":"5620"}},{"type":"Polygon","arcs":[[1447,1448,1449,1450,1451]],"properties":{"grunnkretsnummer":"56100109","grunnkretsnavn":"Karasjokdalen","delomradenummer":"561001","delomradenavn":"Karasjok","kommunenummer":"5610"}},{"type":"Polygon","arcs":[[1452,-604,-603,1453,1454,1455,1456,1457]],"properties":{"grunnkretsnummer":"56160105","grunnkretsnavn":"Øyfjord","delomradenummer":"561601","delomradenavn":"Hasvik","kommunenummer":"5616"}},{"type":"Polygon","arcs":[[1458,1459,1460,1461,1462,-1458,1463]],"properties":{"grunnkretsnummer":"56160103","grunnkretsnavn":"Dønnesfjord","delomradenummer":"561601","delomradenavn":"Hasvik","kommunenummer":"5616"}},{"type":"Polygon","arcs":[[1464,1465,1466,1467,1468]],"properties":{"grunnkretsnummer":"56160107","grunnkretsnavn":"Breivikbotn 2","delomradenummer":"561601","delomradenavn":"Hasvik","kommunenummer":"5616"}},{"type":"Polygon","arcs":[[1469,-1456,-1455,1470,1471]],"properties":{"grunnkretsnummer":"56160109","grunnkretsnavn":"Hasvik 2","delomradenummer":"561601","delomradenavn":"Hasvik","kommunenummer":"5616"}},{"type":"Polygon","arcs":[[1472,-1472,-1471,1473,-328,-287,-286,1474,-1468,-1467]],"properties":{"grunnkretsnummer":"56160108","grunnkretsnavn":"Hasvik 1","delomradenummer":"561601","delomradenavn":"Hasvik","kommunenummer":"5616"}},{"type":"Polygon","arcs":[[-317,-316,-323,-1474,-1454,-293,-292]],"properties":{"grunnkretsnummer":"56160110","grunnkretsnavn":"Stjernvåg-Nordfjord","delomradenummer":"561601","delomradenavn":"Hasvik","kommunenummer":"5616"}},{"type":"Polygon","arcs":[[1475,1476,-1464,-1457,-1470,-1473,-1466,-1465]],"properties":{"grunnkretsnummer":"56160106","grunnkretsnavn":"Breivikbotn 1","delomradenummer":"561601","delomradenavn":"Hasvik","kommunenummer":"5616"}},{"type":"Polygon","arcs":[[-605,-1453,-1463,-1462,1477,-110,-109]],"properties":{"grunnkretsnummer":"56160104","grunnkretsnavn":"Børfjord","delomradenummer":"561601","delomradenavn":"Hasvik","kommunenummer":"5616"}},{"type":"Polygon","arcs":[[1478,1479,1480,1481,-1460,-1459,-1477,-1476,-1469]],"properties":{"grunnkretsnummer":"56160102","grunnkretsnavn":"Breivik","delomradenummer":"561601","delomradenavn":"Hasvik","kommunenummer":"5616"}},{"type":"Polygon","arcs":[[-345,1482,-1481,-1480,-1479,-1475,-285]],"properties":{"grunnkretsnummer":"56160101","grunnkretsnavn":"Sørvær","delomradenummer":"561601","delomradenavn":"Hasvik","kommunenummer":"5616"}},{"type":"Polygon","arcs":[[1483,1484,-121,1485,1486,1487,1488]],"properties":{"grunnkretsnummer":"56070303","grunnkretsnavn":"Varden-Høvesbakken","delomradenummer":"560703","delomradenavn":"Ytre Vadsø","kommunenummer":"5607"}},{"type":"Polygon","arcs":[[-237,1489,-39,-54,-53,1490,-45,-44]],"properties":{"grunnkretsnummer":"56070103","grunnkretsnavn":"Engstien-Havnegt.","delomradenummer":"560701","delomradenavn":"Vadsø Sentrum","kommunenummer":"5607"}},{"type":"Polygon","arcs":[[-242,1491,1492,1493]],"properties":{"grunnkretsnummer":"56280105","grunnkretsnavn":"Boftsa-Rustefjelbma","delomradenummer":"562801","delomradenavn":"Tana","kommunenummer":"5628"}},{"type":"Polygon","arcs":[[-436,-244,-243,-1494,1494,1495,1496]],"properties":{"grunnkretsnummer":"56280107","grunnkretsnavn":"Smalfjorden","delomradenummer":"562801","delomradenavn":"Tana","kommunenummer":"5628"}},{"type":"Polygon","arcs":[[1497,-83,-481,1498,1499,1500,1501,1502,1503]],"properties":{"grunnkretsnummer":"56280203","grunnkretsnavn":"Alleknjarg-Polmak","delomradenummer":"562802","delomradenavn":"Polmak","kommunenummer":"5628"}},{"type":"Polygon","arcs":[[-437,-1497,-1496,1504,1505,1506,1507,1508,1509,1510,1511]],"properties":{"grunnkretsnummer":"56280108","grunnkretsnavn":"Torhop-Vestertana","delomradenummer":"562801","delomradenavn":"Tana","kommunenummer":"5628"}},{"type":"Polygon","arcs":[[-447,-446,-445,1512,1513,-1492,-241,-240]],"properties":{"grunnkretsnummer":"56280102","grunnkretsnavn":"Birkestrand-Harrelv","delomradenummer":"562801","delomradenavn":"Tana","kommunenummer":"5628"}},{"type":"Polygon","arcs":[[1514,-227,1515,-1489,1516,1517]],"properties":{"grunnkretsnummer":"56070306","grunnkretsnavn":"Torsvarden","delomradenummer":"560703","delomradenavn":"Ytre Vadsø","kommunenummer":"5607"}},{"type":"Polygon","arcs":[[1518,1519,1520,1521,1522,-624]],"properties":{"grunnkretsnummer":"56070407","grunnkretsnavn":"Skallelv","delomradenummer":"560704","delomradenavn":"Distriktet","kommunenummer":"5607"}},{"type":"Polygon","arcs":[[-233,-232,-220,1523,1524,-131,1525]],"properties":{"grunnkretsnummer":"56070402","grunnkretsnavn":"Kariel","delomradenummer":"560704","delomradenavn":"Distriktet","kommunenummer":"5607"}},{"type":"Polygon","arcs":[[-1235,1526,1527,-229,1528,-1520,-1519]],"properties":{"grunnkretsnummer":"56070406","grunnkretsnavn":"Krampenes","delomradenummer":"560704","delomradenavn":"Distriktet","kommunenummer":"5607"}},{"type":"Polygon","arcs":[[-270,-269,-116,1529,1530,1531,-1518,1532,-235,-74,-159,1533]],"properties":{"grunnkretsnummer":"56070207","grunnkretsnavn":"Thomaselv-Vinika","delomradenummer":"560702","delomradenavn":"Indre Vadsø","kommunenummer":"5607"}},{"type":"Polygon","arcs":[[1534,1535,1536,-119,1537,1538,1539,1540]],"properties":{"grunnkretsnummer":"56070109","grunnkretsnavn":"Friområdet på øya","delomradenummer":"560701","delomradenavn":"Vadsø Sentrum","kommunenummer":"5607"}},{"type":"Polygon","arcs":[[-1533,-1517,-1488,1541,-40,1542,1543,-36,-1490,-236]],"properties":{"grunnkretsnummer":"56070305","grunnkretsnavn":"Jordbruksområdet i Vadsø","delomradenummer":"560703","delomradenavn":"Ytre Vadsø","kommunenummer":"5607"}},{"type":"Polygon","arcs":[[1544,-46,-1491,-52,1545,1546,-1539,-1538,-118,-268]],"properties":{"grunnkretsnummer":"56070108","grunnkretsnavn":"Industriområdet på øya","delomradenummer":"560701","delomradenavn":"Vadsø Sentrum","kommunenummer":"5607"}},{"type":"Polygon","arcs":[[-1543,-42,1547,1548,-1536,1549,1550]],"properties":{"grunnkretsnummer":"56070105","grunnkretsnavn":"Fengselsområdet","delomradenummer":"560701","delomradenavn":"Vadsø Sentrum","kommunenummer":"5607"}},{"type":"Polygon","arcs":[[-465,-464,-463,-441,1551,1552,1553,1554]],"properties":{"grunnkretsnummer":"56070410","grunnkretsnavn":"Jakobselvkroken","delomradenummer":"560704","delomradenavn":"Distriktet","kommunenummer":"5607"}},{"type":"Polygon","arcs":[[-1547,-1546,-51,-1541,-1540]],"properties":{"grunnkretsnummer":"56070107","grunnkretsnavn":"Boligområdet på øya","delomradenummer":"560701","delomradenavn":"Vadsø Sentrum","kommunenummer":"5607"}},{"type":"Polygon","arcs":[[-1487,-1486,-120,-1537,-1549,-1548,-41,-1542]],"properties":{"grunnkretsnummer":"56070301","grunnkretsnavn":"Høvesbakken","delomradenummer":"560703","delomradenavn":"Ytre Vadsø","kommunenummer":"5607"}},{"type":"Polygon","arcs":[[-37,-1544,-1551,-1550,-1535,-50,-49]],"properties":{"grunnkretsnummer":"56070104","grunnkretsnavn":"Skoleområde - Sykehusområde","delomradenummer":"560701","delomradenavn":"Vadsø Sentrum","kommunenummer":"5607"}},{"type":"Polygon","arcs":[[1555,1556,-1521,-1529,-228,1557]],"properties":{"grunnkretsnummer":"56070409","grunnkretsnavn":"Falkefjell","delomradenummer":"560704","delomradenavn":"Distriktet","kommunenummer":"5607"}},{"type":"Polygon","arcs":[[-226,-225,-122,-1485,-1484,-1516]],"properties":{"grunnkretsnummer":"56070304","grunnkretsnavn":"Kiby","delomradenummer":"560703","delomradenavn":"Ytre Vadsø","kommunenummer":"5607"}},{"type":"Polygon","arcs":[[-1253,-1230,-231,-230,-1528,-1527,-1234]],"properties":{"grunnkretsnummer":"56070405","grunnkretsnavn":"Ekkerøy","delomradenummer":"560704","delomradenavn":"Distriktet","kommunenummer":"5607"}},{"type":"Polygon","arcs":[[-160,-76,-238,-48,-47,-1545,-267,-266]],"properties":{"grunnkretsnummer":"56070201","grunnkretsnavn":"Prestelv syd","delomradenummer":"560702","delomradenavn":"Indre Vadsø","kommunenummer":"5607"}},{"type":"Polygon","arcs":[[-132,-1525,-1524,-219,1558,-1531,-1530]],"properties":{"grunnkretsnummer":"56070208","grunnkretsnavn":"Makkenes-Andersby","delomradenummer":"560702","delomradenavn":"Indre Vadsø","kommunenummer":"5607"}},{"type":"Polygon","arcs":[[-162,-271,-1534]],"properties":{"grunnkretsnummer":"56070206","grunnkretsnavn":"Fjellheim","delomradenummer":"560702","delomradenavn":"Indre Vadsø","kommunenummer":"5607"}},{"type":"Polygon","arcs":[[-1555,-1558,-1515,-1532,-1559,-218,-470,-466]],"properties":{"grunnkretsnummer":"56070408","grunnkretsnavn":"Urdfjell","delomradenummer":"560704","delomradenavn":"Distriktet","kommunenummer":"5607"}},{"type":"Polygon","arcs":[[1559,1560,1561,1562,1563,1564]],"properties":{"grunnkretsnummer":"56120110","grunnkretsnavn":"Kautokeino-Sáttomaras","delomradenummer":"561201","delomradenavn":"Kautokeino","kommunenummer":"5612"}},{"type":"Polygon","arcs":[[1565,1566,1567,1568,1569,1570,1571]],"properties":{"grunnkretsnummer":"56300104","grunnkretsnavn":"Langmannsneset","delomradenummer":"563001","delomradenavn":"Berlevåg","kommunenummer":"5630"}},{"type":"Polygon","arcs":[[1572,1573,-1504,1574,1575,1576,1577,1578,1579,1580,1581,1582,1583,1584,1585,1586,1587,1588,1589,1590,1591,1592,1593,1594,1595,1596,1597,1598,1599,1600,1601,1602,1603,1604,1605,1606,1607,1608,1609,1610]],"properties":{"grunnkretsnummer":"56280205","grunnkretsnavn":"Båteng-Laksjoka","delomradenummer":"562802","delomradenavn":"Polmak","kommunenummer":"5628"}},{"type":"Polygon","arcs":[[-1495,-1493,-1514,1611,-247,1612,1613,-1505]],"properties":{"grunnkretsnummer":"56280104","grunnkretsnavn":"Vestre Seida-Holmfjell","delomradenummer":"562801","delomradenavn":"Tana","kommunenummer":"5628"}},{"type":"Polygon","arcs":[[1614,1615,-1506,-1614,1616,-1573,1617]],"properties":{"grunnkretsnummer":"56280206","grunnkretsnavn":"Vestvidda","delomradenummer":"562802","delomradenavn":"Polmak","kommunenummer":"5628"}},{"type":"Polygon","arcs":[[-1513,-444,1618,-79,-245,-1612]],"properties":{"grunnkretsnummer":"56280103","grunnkretsnavn":"Østre Seida","delomradenummer":"562801","delomradenavn":"Tana","kommunenummer":"5628"}},{"type":"Polygon","arcs":[[1619,1620,-556,1621,1622,-1618,-1611,1623,1624,1625,1626,1627,1628,1629,1630,1631,1632,1633,1634,1635,1636,1637,1638,1639,1640,1641,1642,1643,1644,1645,1646,1647,1648,1649,1650,1651,1652,1653,1654,1655,1656,1657,1658,1659,1660,1661,1662,1663,1664,1665,1666,1667,1668,1669,1670,1671,1672,1673,1674,1675,1676,1677,1678,1679,1680,1681,1682,1683,1684,1685,1686,1687,1688,1689,1690,1691,1692,1693,1694,1695,1696,1697,1698,1699,1700,1701,1702,1703,1704,1705,1706,1707,1708,1709,1710,1711,1712,1713,1714,1715,1716,1717,1718,1719,1720,1721,1722,1723,1724,1725,1726,1727,1728,1729,1730,1731,1732,1733,1734,1735,1736,1737,1738,1739,1740,1741,1742,1743,1744,1745,1746,1747,1748,1749,1750,1751,1752,1753,1754,1755,1756,1757,1758,1759,1760,1761,1762,1763,1764,1765,1766,1767,1768,1769,1770,1771,1772,1773,1774,1775,1776,1777,1778,1779,1780,1781,1782,1783,1784,1785,1786,1787,1788,1789,1790,1791,1792,1793,1794,1795,1796,1797,1798,1799,1800,1801,1802,1803,1804,1805]],"properties":{"grunnkretsnummer":"56280207","grunnkretsnavn":"Sirma-Levajok","delomradenummer":"562802","delomradenavn":"Polmak","kommunenummer":"5628"}},{"type":"Polygon","arcs":[[-1617,-1613,-246,-84,-1498,-1574]],"properties":{"grunnkretsnummer":"56280204","grunnkretsnavn":"Horma-vestre Skippagurra","delomradenummer":"562802","delomradenavn":"Polmak","kommunenummer":"5628"}},{"type":"Polygon","arcs":[[-469,1806,1807,-494,-449,1808,1809]],"properties":{"grunnkretsnummer":"56360104","grunnkretsnavn":"Bunes","delomradenummer":"563601","delomradenavn":"Nesseby","kommunenummer":"5636"}},{"type":"Polygon","arcs":[[-443,-462,1810,-474,-1619]],"properties":{"grunnkretsnummer":"56360106","grunnkretsnavn":"Rasjok","delomradenummer":"563601","delomradenavn":"Nesseby","kommunenummer":"5636"}},{"type":"Polygon","arcs":[[-471,-223,-234,-1526,-130,-129,-128,-127,-523,-458,-499]],"properties":{"grunnkretsnummer":"56360113","grunnkretsnavn":"Nyelv","delomradenummer":"563601","delomradenavn":"Nesseby","kommunenummer":"5636"}},{"type":"Polygon","arcs":[[-461,-1810,-1809,-448,-476,-475,-1811]],"properties":{"grunnkretsnummer":"56360105","grunnkretsnavn":"Meskelv","delomradenummer":"563601","delomradenavn":"Nesseby","kommunenummer":"5636"}},{"type":"Polygon","arcs":[[-468,-473,-472,-498,-495,-1808,-1807]],"properties":{"grunnkretsnummer":"56360102","grunnkretsnavn":"Nesseby","delomradenummer":"563601","delomradenavn":"Nesseby","kommunenummer":"5636"}},{"type":"Polygon","arcs":[[1811,1812,1813,1814,1815,1816,-254,1817,1818]],"properties":{"grunnkretsnummer":"56220202","grunnkretsnavn":"Smørstad","delomradenummer":"562202","delomradenavn":"Indre Porsanger","kommunenummer":"5622"}},{"type":"Polygon","arcs":[[1819,1820,1821,-1620,1822,1823,1824,1825]],"properties":{"grunnkretsnummer":"56220211","grunnkretsnavn":"Luostejok","delomradenummer":"562202","delomradenavn":"Indre Porsanger","kommunenummer":"5622"}},{"type":"Polygon","arcs":[[1826,1827,1828,1829,1830,1831,1832]],"properties":{"grunnkretsnummer":"56240105","grunnkretsnavn":"Torskefjord-Bekkarfjord","delomradenummer":"562401","delomradenavn":"Lebesby","kommunenummer":"5624"}},{"type":"Polygon","arcs":[[1833,1834,-1615,-1623,1835]],"properties":{"grunnkretsnummer":"56240112","grunnkretsnavn":"Gappatvarri","delomradenummer":"562401","delomradenavn":"Lebesby","kommunenummer":"5624"}},{"type":"Polygon","arcs":[[1836,1837,1838,1839,1840,-554,1841,1842]],"properties":{"grunnkretsnummer":"56240109","grunnkretsnavn":"Laksefjordbotn-Kunes","delomradenummer":"562401","delomradenavn":"Lebesby","kommunenummer":"5624"}},{"type":"Polygon","arcs":[[1843,1844,1845,-1832,-1831,1846,1847,1848,1849,1850,1851]],"properties":{"grunnkretsnummer":"56240104","grunnkretsnavn":"Kifjord-Normanset-Mårøyfjord","delomradenummer":"562401","delomradenavn":"Lebesby","kommunenummer":"5624"}},{"type":"Polygon","arcs":[[1852,1853,1854,-1850,1855,1856]],"properties":{"grunnkretsnummer":"56240102","grunnkretsnavn":"Kjøllefjord vestre","delomradenummer":"562401","delomradenavn":"Lebesby","kommunenummer":"5624"}},{"type":"Polygon","arcs":[[1857,1858,1859,1860,1861,-1827,1862]],"properties":{"grunnkretsnummer":"56240107","grunnkretsnavn":"Ifjord","delomradenummer":"562401","delomradenavn":"Lebesby","kommunenummer":"5624"}},{"type":"Polygon","arcs":[[1863,-1829,-1828,-1862,-1861,1864]],"properties":{"grunnkretsnummer":"56240106","grunnkretsnavn":"Lebesby","delomradenummer":"562401","delomradenavn":"Lebesby","kommunenummer":"5624"}},{"type":"Polygon","arcs":[[1865,1866,1867,1868,1869,1870,-1851,-1855,-1854]],"properties":{"grunnkretsnummer":"56240101","grunnkretsnavn":"Kjøllefjord østre","delomradenummer":"562401","delomradenavn":"Lebesby","kommunenummer":"5624"}},{"type":"Polygon","arcs":[[-1835,1871,-1858,1872,-1507,-1616]],"properties":{"grunnkretsnummer":"56240111","grunnkretsnavn":"Vadasbaksæibos","delomradenummer":"562401","delomradenavn":"Lebesby","kommunenummer":"5624"}},{"type":"Polygon","arcs":[[1873,-1865,-1860,-1859,-1872,-1834,1874,-1840,-1839]],"properties":{"grunnkretsnummer":"56240108","grunnkretsnavn":"Friarfjord-Adamsfjord","delomradenummer":"562401","delomradenavn":"Lebesby","kommunenummer":"5624"}},{"type":"Polygon","arcs":[[-1841,-1875,-1836,-1622,-555]],"properties":{"grunnkretsnummer":"56240113","grunnkretsnavn":"Eretoaivit","delomradenummer":"562401","delomradenavn":"Lebesby","kommunenummer":"5624"}},{"type":"Polygon","arcs":[[-1857,-1856,-1849,-1848,1875]],"properties":{"grunnkretsnummer":"56240103","grunnkretsnavn":"Dyfjord","delomradenummer":"562401","delomradenavn":"Lebesby","kommunenummer":"5624"}},{"type":"Polygon","arcs":[[1876,1877,-1866,-1853,-1876,-1847,-1830,-1864,-1874,-1838,-1837,1878,1879]],"properties":{"grunnkretsnummer":"56240110","grunnkretsnavn":"Veidnesklubben-Godviknes","delomradenummer":"562401","delomradenavn":"Lebesby","kommunenummer":"5624"}},{"type":"Polygon","arcs":[[-577,1880,1881,1882,1883,1884,1885,-248,1886,1887,1888,1889,1890]],"properties":{"grunnkretsnummer":"56220306","grunnkretsnavn":"Smørfjord","delomradenummer":"562203","delomradenavn":"Vestre Porsanger","kommunenummer":"5622"}},{"type":"Polygon","arcs":[[1891,1892,1893,1894,1895,-1814,1896]],"properties":{"grunnkretsnummer":"56220207","grunnkretsnavn":"Skogende - Hamnbukt","delomradenummer":"562202","delomradenavn":"Indre Porsanger","kommunenummer":"5622"}},{"type":"Polygon","arcs":[[1897,1898,1899,-1821,1900,1901,-1894,-1893]],"properties":{"grunnkretsnummer":"56220208","grunnkretsnavn":"Østerbotn","delomradenummer":"562202","delomradenavn":"Indre Porsanger","kommunenummer":"5622"}},{"type":"Polygon","arcs":[[-432,-374,-561,1902,1903,1904,1905,1906]],"properties":{"grunnkretsnummer":"56220307","grunnkretsnavn":"Stabbursdalen","delomradenummer":"562203","delomradenavn":"Vestre Porsanger","kommunenummer":"5622"}},{"type":"Polygon","arcs":[[1907,1908,1909,1910,-1897,-1813,-1812,1911,-1904]],"properties":{"grunnkretsnummer":"56220301","grunnkretsnavn":"Valdak-Igeldas","delomradenummer":"562203","delomradenavn":"Vestre Porsanger","kommunenummer":"5622"}},{"type":"Polygon","arcs":[[-1896,-1895,-1902,1912,1913,-1815]],"properties":{"grunnkretsnummer":"56220206","grunnkretsnavn":"Brennelv","delomradenummer":"562202","delomradenavn":"Indre Porsanger","kommunenummer":"5622"}},{"type":"Polygon","arcs":[[1914,-1826,1915,1916]],"properties":{"grunnkretsnummer":"56220209","grunnkretsnavn":"Porsangmoen","delomradenummer":"562202","delomradenavn":"Indre Porsanger","kommunenummer":"5622"}},{"type":"Polygon","arcs":[[-253,-252,1917,-589,-588,-578,-1891,-1890,-1889,-1888,-1887]],"properties":{"grunnkretsnummer":"56220305","grunnkretsnavn":"Olderfjord-Russenes","delomradenummer":"562203","delomradenavn":"Vestre Porsanger","kommunenummer":"5622"}},{"type":"Polygon","arcs":[[-1819,1918,1919,-1917,1920,-1905,-1912]],"properties":{"grunnkretsnummer":"56220204","grunnkretsnavn":"Øvre Lakselv","delomradenummer":"562202","delomradenavn":"Indre Porsanger","kommunenummer":"5622"}},{"type":"Polygon","arcs":[[1921,-1906,-1921,-1916,-1825,1922]],"properties":{"grunnkretsnummer":"56220210","grunnkretsnavn":"Skoganvarre","delomradenummer":"562202","delomradenavn":"Indre Porsanger","kommunenummer":"5622"}},{"type":"Polygon","arcs":[[-251,-250,1923,1924,1925,-1908,-1903,-560,-590,-1918]],"properties":{"grunnkretsnummer":"56220303","grunnkretsnavn":"Ytre Billefjord","delomradenummer":"562203","delomradenavn":"Vestre Porsanger","kommunenummer":"5622"}},{"type":"Polygon","arcs":[[1926,-255,-1817,-1816,-1914,-1913,-1901,-1820,-1915,-1920]],"properties":{"grunnkretsnummer":"56220205","grunnkretsnavn":"Ildskog","delomradenummer":"562202","delomradenavn":"Indre Porsanger","kommunenummer":"5622"}},{"type":"Polygon","arcs":[[-1842,-557,-1621,-1822,-1900,1927]],"properties":{"grunnkretsnummer":"56220104","grunnkretsnavn":"Børselvdalen","delomradenummer":"562201","delomradenavn":"Porsanger Østside","kommunenummer":"5622"}},{"type":"Polygon","arcs":[[-1843,-1928,-1899,-1898,-1892,-1911,1928,-1924,1929,1930,1931,-1879]],"properties":{"grunnkretsnummer":"56220103","grunnkretsnavn":"Børselv","delomradenummer":"562201","delomradenavn":"Porsanger Østside","kommunenummer":"5622"}},{"type":"Polygon","arcs":[[1932,1933,-1931,-1930,-249]],"properties":{"grunnkretsnummer":"56220102","grunnkretsnavn":"Leirpollen","delomradenummer":"562201","delomradenavn":"Porsanger Østside","kommunenummer":"5622"}},{"type":"Polygon","arcs":[[-1932,-1934,-1933,-1886,1934,1935,1936,-1880]],"properties":{"grunnkretsnummer":"56220101","grunnkretsnavn":"Brenna-Kjæs","delomradenummer":"562201","delomradenavn":"Porsanger Østside","kommunenummer":"5622"}},{"type":"Polygon","arcs":[[-1929,-1910,-1909,-1926,-1925]],"properties":{"grunnkretsnummer":"56220302","grunnkretsnavn":"Indre Billefjord","delomradenummer":"562203","delomradenavn":"Vestre Porsanger","kommunenummer":"5622"}},{"type":"Polygon","arcs":[[-1818,-256,-1927,-1919]],"properties":{"grunnkretsnummer":"56220203","grunnkretsnavn":"Gjestgiveribrinken","delomradenummer":"562202","delomradenavn":"Indre Porsanger","kommunenummer":"5622"}},{"type":"Polygon","arcs":[[1937,1938,1939,1940,1941,-1512,1942,1943]],"properties":{"grunnkretsnummer":"56300110","grunnkretsnavn":"Store Molvik","delomradenummer":"563001","delomradenavn":"Berlevåg","kommunenummer":"5630"}},{"type":"Polygon","arcs":[[1944,1945,1946,1947,1948,1949,1950,1951,1952,1953]],"properties":{"grunnkretsnummer":"56300107","grunnkretsnavn":"Straumstind","delomradenummer":"563001","delomradenavn":"Berlevåg","kommunenummer":"5630"}},{"type":"Polygon","arcs":[[1954,1955,1956,1957,1958,1959,-1947]],"properties":{"grunnkretsnummer":"56300106","grunnkretsnavn":"Kongsfjord","delomradenummer":"563001","delomradenavn":"Berlevåg","kommunenummer":"5630"}},{"type":"Polygon","arcs":[[-1570,1960,1961]],"properties":{"grunnkretsnummer":"56300103","grunnkretsnavn":"Øverbygda","delomradenummer":"563001","delomradenavn":"Berlevåg","kommunenummer":"5630"}},{"type":"Polygon","arcs":[[-440,1962,-1956,-1955,-1946,-1945,1963]],"properties":{"grunnkretsnummer":"56300108","grunnkretsnavn":"Kongsfjordfjellet","delomradenummer":"563001","delomradenavn":"Berlevåg","kommunenummer":"5630"}},{"type":"Polygon","arcs":[[-1961,-1569,-1568,1964,1965,1966]],"properties":{"grunnkretsnummer":"56300102","grunnkretsnavn":"Været","delomradenummer":"563001","delomradenavn":"Berlevåg","kommunenummer":"5630"}},{"type":"Polygon","arcs":[[1967,1968,-1966,-1965,-1567,1969]],"properties":{"grunnkretsnummer":"56300101","grunnkretsnavn":"Revnes","delomradenummer":"563001","delomradenavn":"Berlevåg","kommunenummer":"5630"}},{"type":"Polygon","arcs":[[-1942,-1941,1970,-1957,-1963,-439,-438]],"properties":{"grunnkretsnummer":"56300109","grunnkretsnavn":"Trollfjord","delomradenummer":"563001","delomradenavn":"Berlevåg","kommunenummer":"5630"}},{"type":"Polygon","arcs":[[-1969,-1968,1971,-1959,-1958,-1971,-1940,-1939,1972,-1572,-1571,-1962,-1967]],"properties":{"grunnkretsnummer":"56300105","grunnkretsnavn":"Sandfjord","delomradenummer":"563001","delomradenavn":"Berlevåg","kommunenummer":"5630"}},{"type":"Polygon","arcs":[[1973,1974,-8,-602,-569,-73,1975,1976]],"properties":{"grunnkretsnummer":"56180121","grunnkretsnavn":"Slåtten","delomradenummer":"561801","delomradenavn":"Måsøy","kommunenummer":"5618"}},{"type":"Polygon","arcs":[[-1445,1977,1978,1979,1980]],"properties":{"grunnkretsnummer":"56180111","grunnkretsnavn":"Måsøy","delomradenummer":"561801","delomradenavn":"Måsøy","kommunenummer":"5618"}},{"type":"Polygon","arcs":[[-575,-9,-1975,-1974,1981,1982,-1881,-576]],"properties":{"grunnkretsnummer":"56180120","grunnkretsnavn":"Litlefjord","delomradenummer":"561801","delomradenavn":"Måsøy","kommunenummer":"5618"}},{"type":"Polygon","arcs":[[1983,1984,1985,-56,-55,1986,1987,1988,-70]],"properties":{"grunnkretsnummer":"56180116","grunnkretsnavn":"Nordre Dalområde","delomradenummer":"561801","delomradenavn":"Måsøy","kommunenummer":"5618"}},{"type":"Polygon","arcs":[[-1444,1989,1990,1991,1992,1993,1994]],"properties":{"grunnkretsnummer":"56180107","grunnkretsnavn":"Magerøysundet","delomradenummer":"561801","delomradenavn":"Måsøy","kommunenummer":"5618"}},{"type":"Polygon","arcs":[[1995,-60,1996,1997,-1979,1998,1999,2000]],"properties":{"grunnkretsnummer":"56180112","grunnkretsnavn":"Kullfjorden","delomradenummer":"561801","delomradenavn":"Måsøy","kommunenummer":"5618"}},{"type":"Polygon","arcs":[[-1978,-1995,2001,2002,2003,2004,-2000,-1999]],"properties":{"grunnkretsnummer":"56180108","grunnkretsnavn":"Ryggefjorden","delomradenummer":"561801","delomradenavn":"Måsøy","kommunenummer":"5618"}},{"type":"Polygon","arcs":[[-68,-67,-66,2005,2006]],"properties":{"grunnkretsnummer":"56180123","grunnkretsnavn":"Tufjord","delomradenummer":"561801","delomradenavn":"Måsøy","kommunenummer":"5618"}},{"type":"Polygon","arcs":[[-1994,-1993,2007,-1882,-1983,2008,-2003,-2002]],"properties":{"grunnkretsnummer":"56180109","grunnkretsnavn":"Kobbefjorden","delomradenummer":"561801","delomradenavn":"Måsøy","kommunenummer":"5618"}},{"type":"Polygon","arcs":[[-1998,2009,-1985,2010,2011,2012,-1980]],"properties":{"grunnkretsnummer":"56180113","grunnkretsnavn":"Hjelmsøy","delomradenummer":"561801","delomradenavn":"Måsøy","kommunenummer":"5618"}},{"type":"Polygon","arcs":[[-63,-62,-61,-1996,2013,2014,-1988,-1987]],"properties":{"grunnkretsnummer":"56180117","grunnkretsnavn":"Strandveien vest","delomradenummer":"561801","delomradenavn":"Måsøy","kommunenummer":"5618"}},{"type":"Polygon","arcs":[[-72,2015,2016,-2004,-2009,-1982,-1977,-1976]],"properties":{"grunnkretsnummer":"56180119","grunnkretsnavn":"Snefjorden","delomradenummer":"561801","delomradenavn":"Måsøy","kommunenummer":"5618"}},{"type":"Polygon","arcs":[[-2010,-1997,-59,-58,-57,-1986]],"properties":{"grunnkretsnummer":"56180114","grunnkretsnavn":"Hallvika","delomradenummer":"561801","delomradenavn":"Måsøy","kommunenummer":"5618"}},{"type":"Polygon","arcs":[[-71,-1989,-2015,-2014,-2001,-2005,-2017,-2016]],"properties":{"grunnkretsnummer":"56180118","grunnkretsnavn":"Balefjorden","delomradenummer":"561801","delomradenavn":"Måsøy","kommunenummer":"5618"}},{"type":"Polygon","arcs":[[-69,-2007,2017,-2011,-1984]],"properties":{"grunnkretsnummer":"56180124","grunnkretsnavn":"Ingøy","delomradenummer":"561801","delomradenavn":"Måsøy","kommunenummer":"5618"}},{"type":"Polygon","arcs":[[2018,2019,2020,2021,-1870,-1869,2022]],"properties":{"grunnkretsnummer":"56260109","grunnkretsnavn":"Makjelfjorden","delomradenummer":"562601","delomradenavn":"Gamvik","kommunenummer":"5626"}},{"type":"Polygon","arcs":[[-1943,-1511,2023,2024,2025,2026]],"properties":{"grunnkretsnummer":"56260106","grunnkretsnavn":"Tyfjord","delomradenummer":"562601","delomradenavn":"Gamvik","kommunenummer":"5626"}},{"type":"Polygon","arcs":[[2027,2028,2029,2030]],"properties":{"grunnkretsnummer":"56260104","grunnkretsnavn":"Gamvik nordre","delomradenummer":"562601","delomradenavn":"Gamvik","kommunenummer":"5626"}},{"type":"Polygon","arcs":[[2031,2032,2033,-1510,-1509]],"properties":{"grunnkretsnummer":"56260113","grunnkretsnavn":"Langfjorden østre","delomradenummer":"562601","delomradenavn":"Gamvik","kommunenummer":"5626"}},{"type":"Polygon","arcs":[[2034,-2034,-2033,2035,2036,2037]],"properties":{"grunnkretsnummer":"56260108","grunnkretsnavn":"Langfjorden vestre","delomradenummer":"562601","delomradenavn":"Gamvik","kommunenummer":"5626"}},{"type":"Polygon","arcs":[[2038,2039,2040,2041]],"properties":{"grunnkretsnummer":"56100105","grunnkretsnavn":"Karasjok tettsted","delomradenummer":"561001","delomradenavn":"Karasjok","kommunenummer":"5610"}},{"type":"Polygon","arcs":[[2042,2043,-1944,-2027,-2026,2044,2045]],"properties":{"grunnkretsnummer":"56260111","grunnkretsnavn":"Koifjordfjellet","delomradenummer":"562601","delomradenavn":"Gamvik","kommunenummer":"5626"}},{"type":"Polygon","arcs":[[-1844,2046,-2045,-2025,-2024,-2035,2047]],"properties":{"grunnkretsnummer":"56260107","grunnkretsnavn":"Hopsfjorden","delomradenummer":"562601","delomradenavn":"Gamvik","kommunenummer":"5626"}},{"type":"Polygon","arcs":[[-1846,2048,-2036,-2032,-1508,-1873,-1863,-1833]],"properties":{"grunnkretsnummer":"56260114","grunnkretsnavn":"Langfjorddalen","delomradenummer":"562601","delomradenavn":"Gamvik","kommunenummer":"5626"}},{"type":"Polygon","arcs":[[2049,2050,2051,2052,2053,-2019]],"properties":{"grunnkretsnummer":"56260103","grunnkretsnavn":"Mehamn-Vevikneset","delomradenummer":"562601","delomradenavn":"Gamvik","kommunenummer":"5626"}},{"type":"Polygon","arcs":[[-2049,-1845,-2048,-2038,-2037]],"properties":{"grunnkretsnummer":"56260112","grunnkretsnavn":"Skræmselfjell","delomradenummer":"562601","delomradenavn":"Gamvik","kommunenummer":"5626"}},{"type":"Polygon","arcs":[[-1806,-1805,2054,2055,2056,2057,2058,2059,2060,2061,2062,2063,2064,2065,2066,2067,2068,2069,2070,2071,2072,2073,2074,2075,2076,2077,2078,2079,2080,2081,2082,2083,2084,2085,2086,2087,2088,2089,2090,2091,2092,2093,2094,2095,2096,2097,2098,2099,2100,2101,2102,2103,2104,2105,2106,2107,2108,2109,2110,2111,2112,2113,2114,2115,2116,2117,2118,2119,2120,2121,2122,2123,2124,2125,2126,2127,2128,2129,2130,2131,2132,2133,2134,2135,2136,2137,2138,2139,2140,2141,2142,2143,2144,2145,2146,2147,2148,2149,2150,2151,2152,2153,2154,2155,2156,2157,2158,2159,2160,2161,2162,2163,2164,2165,2166,2167,2168,2169,2170,2171,2172,2173,2174,2175,2176,2177,2178,2179,2180,2181,2182,2183,2184,2185,2186,2187,2188,2189,2190,2191,2192,2193,2194,2195,2196,2197,2198,2199,2200,2201,2202,2203,2204,2205,2206,2207,2208,2209,2210,2211,2212,2213,2214,2215,2216,2217,2218,2219,2220,2221,2222,-1823]],"properties":{"grunnkretsnummer":"56100101","grunnkretsnavn":"Tanadalen","delomradenummer":"561001","delomradenavn":"Karasjok","kommunenummer":"5610"}},{"type":"Polygon","arcs":[[2223,-2039,2224,2225,2226]],"properties":{"grunnkretsnummer":"56100103","grunnkretsnavn":"Halde","delomradenummer":"561001","delomradenavn":"Karasjok","kommunenummer":"5610"}},{"type":"Polygon","arcs":[[-2054,2227,2228,2229,-2021,-2020]],"properties":{"grunnkretsnummer":"56260101","grunnkretsnavn":"Mehamn søndre","delomradenummer":"562601","delomradenavn":"Gamvik","kommunenummer":"5626"}},{"type":"Polygon","arcs":[[2230,2231,2232,2233,2234,2235,2236]],"properties":{"grunnkretsnummer":"56340101","grunnkretsnavn":"Vardø 1","delomradenummer":"563401","delomradenavn":"Vardø","kommunenummer":"5634"}},{"type":"Polygon","arcs":[[2237,2238,2239,-2028,2240,-2046,-2047,-1852,-1871,-2022,-2230]],"properties":{"grunnkretsnummer":"56260110","grunnkretsnavn":"Sandfjordelven med omegn","delomradenummer":"562601","delomradenavn":"Gamvik","kommunenummer":"5626"}},{"type":"Polygon","arcs":[[2241,2242,2243,2244,2245]],"properties":{"grunnkretsnummer":"56340103","grunnkretsnavn":"Vardø 3","delomradenummer":"563401","delomradenavn":"Vardø","kommunenummer":"5634"}},{"type":"Polygon","arcs":[[2246,-2239,-2238,-2229,-2228,-2053,-2052,-2051]],"properties":{"grunnkretsnummer":"56260102","grunnkretsnavn":"Mehamn","delomradenummer":"562601","delomradenavn":"Gamvik","kommunenummer":"5626"}},{"type":"Polygon","arcs":[[-2031,-2030,2247,-2043,-2241]],"properties":{"grunnkretsnummer":"56260105","grunnkretsnavn":"Gamvik søndre","delomradenummer":"562601","delomradenavn":"Gamvik","kommunenummer":"5626"}},{"type":"Polygon","arcs":[[2248,2249,2250,2251,2252,-259,-258,2253,2254]],"properties":{"grunnkretsnummer":"56200115","grunnkretsnavn":"Kjelvik-Helnesområdet","delomradenummer":"562001","delomradenavn":"Nordkapp","kommunenummer":"5620"}},{"type":"Polygon","arcs":[[2255,2256,2257,2258,2259,2260]],"properties":{"grunnkretsnummer":"56200105","grunnkretsnavn":"Hombukt-Storbuktområdet","delomradenummer":"562001","delomradenavn":"Nordkapp","kommunenummer":"5620"}},{"type":"Polygon","arcs":[[2261,-262,2262,-2258]],"properties":{"grunnkretsnummer":"56200106","grunnkretsnavn":"Seppoladalsområdet","delomradenummer":"562001","delomradenavn":"Nordkapp","kommunenummer":"5620"}},{"type":"Polygon","arcs":[[2263,2264,2265,2266,2267,2268,2269,2270,2271,2272,2273]],"properties":{"grunnkretsnummer":"56200116","grunnkretsnavn":"Steinviknæringen-Magerøysundet","delomradenummer":"562001","delomradenavn":"Nordkapp","kommunenummer":"5620"}},{"type":"Polygon","arcs":[[2274,2275,-2234,-2233,-2232,2276,2277,-2242]],"properties":{"grunnkretsnummer":"56340102","grunnkretsnavn":"Vardø 2","delomradenummer":"563401","delomradenavn":"Vardø","kommunenummer":"5634"}},{"type":"Polygon","arcs":[[-1442,-1441,2278,-2274,2279,2280]],"properties":{"grunnkretsnummer":"56200204","grunnkretsnavn":"Magerøystua","delomradenummer":"562002","delomradenavn":"Gjesvær","kommunenummer":"5620"}},{"type":"Polygon","arcs":[[-2253,2281,2282,2283,2284,2285,-260]],"properties":{"grunnkretsnummer":"56200113","grunnkretsnavn":"Vestersida-Botnområdet","delomradenummer":"562001","delomradenavn":"Nordkapp","kommunenummer":"5620"}},{"type":"Polygon","arcs":[[-263,-2262,-2257,-2256,2286,2287]],"properties":{"grunnkretsnummer":"56200104","grunnkretsnavn":"1. og 2. Vannsområdet","delomradenummer":"562001","delomradenavn":"Nordkapp","kommunenummer":"5620"}},{"type":"Polygon","arcs":[[-1447,-1446,-1981,-2013,2288,2289,2290,2291]],"properties":{"grunnkretsnummer":"56200201","grunnkretsnavn":"Gjesvær","delomradenummer":"562002","delomradenavn":"Gjesvær","kommunenummer":"5620"}},{"type":"Polygon","arcs":[[-2252,-2251,2292,-2283,-2282]],"properties":{"grunnkretsnummer":"56200114","grunnkretsnavn":"Nordvågnesområdet","delomradenummer":"562001","delomradenavn":"Nordkapp","kommunenummer":"5620"}},{"type":"Polygon","arcs":[[2293,-2271,2294,-2284,-2293,2295,2296,2297,-1883,-2008,-1992,-1991]],"properties":{"grunnkretsnummer":"56200117","grunnkretsnavn":"Skuotanjargga","delomradenummer":"562001","delomradenavn":"Nordkapp","kommunenummer":"5620"}},{"type":"Polygon","arcs":[[2298,2299,2300,2301,2302,2303]],"properties":{"grunnkretsnummer":"56320110","grunnkretsnavn":"Sandfjord","delomradenummer":"563201","delomradenavn":"Båtsfjord","kommunenummer":"5632"}},{"type":"Polygon","arcs":[[2304,2305,2306,-2255,2307,2308,2309]],"properties":{"grunnkretsnummer":"56200101","grunnkretsnavn":"Skarsvåg","delomradenummer":"562001","delomradenavn":"Nordkapp","kommunenummer":"5620"}},{"type":"Polygon","arcs":[[2310,2311,2312,2313,2314,-2269]],"properties":{"grunnkretsnummer":"56200109","grunnkretsnavn":"Klubben-Menesområdet","delomradenummer":"562001","delomradenavn":"Nordkapp","kommunenummer":"5620"}},{"type":"Polygon","arcs":[[2315,2316,2317,-2270,-2315,-2314]],"properties":{"grunnkretsnummer":"56200110","grunnkretsnavn":"Nordvågv.-Juledagsnesområdet","delomradenummer":"562001","delomradenavn":"Nordkapp","kommunenummer":"5620"}},{"type":"Polygon","arcs":[[-2260,-2259,2318,2319,-2312,-2311,-2268]],"properties":{"grunnkretsnummer":"56200107","grunnkretsnavn":"Honningsvåg sentrum","delomradenummer":"562001","delomradenavn":"Nordkapp","kommunenummer":"5620"}},{"type":"Polygon","arcs":[[-2319,-2263,-261,-2286,-2285,-2295,-2318,-2317,2320]],"properties":{"grunnkretsnummer":"56200111","grunnkretsnavn":"Elvedalsområdet","delomradenummer":"562001","delomradenavn":"Nordkapp","kommunenummer":"5620"}},{"type":"Polygon","arcs":[[-2290,2321,-2306,-2305,2322,2323]],"properties":{"grunnkretsnummer":"56200202","grunnkretsnavn":"Knivskjellodden","delomradenummer":"562002","delomradenavn":"Gjesvær","kommunenummer":"5620"}},{"type":"Polygon","arcs":[[-2320,-2321,-2316,-2313]],"properties":{"grunnkretsnummer":"56200108","grunnkretsnavn":"Honningsvåg sentrum-øvre del","delomradenummer":"562001","delomradenavn":"Nordkapp","kommunenummer":"5620"}},{"type":"Polygon","arcs":[[-1884,-2298,-2297,2324,-1935,-1885]],"properties":{"grunnkretsnummer":"56200118","grunnkretsnavn":"Mannskarvik-Repvåg","delomradenummer":"562001","delomradenavn":"Nordkapp","kommunenummer":"5620"}},{"type":"Polygon","arcs":[[-2309,-2308,-2254,-257,2325,2326,-2265,2327]],"properties":{"grunnkretsnummer":"56200102","grunnkretsnavn":"Kamøyvær","delomradenummer":"562001","delomradenavn":"Nordkapp","kommunenummer":"5620"}},{"type":"Polygon","arcs":[[-1443,-2281,-2280,-2273,-2272,-2294,-1990]],"properties":{"grunnkretsnummer":"56200205","grunnkretsnavn":"Finnvik","delomradenummer":"562002","delomradenavn":"Gjesvær","kommunenummer":"5620"}},{"type":"Polygon","arcs":[[-2324,-2323,-2310,-2328,-2264,-2279,-1440,-2292,-2291]],"properties":{"grunnkretsnummer":"56200203","grunnkretsnavn":"Tufjorden","delomradenummer":"562002","delomradenavn":"Gjesvær","kommunenummer":"5620"}},{"type":"Polygon","arcs":[[-2327,-2326,-265,-264,-2288,-2287,-2261,-2267,-2266]],"properties":{"grunnkretsnummer":"56200103","grunnkretsnavn":"Kobbholet-Nordmannsetområdet","delomradenummer":"562001","delomradenavn":"Nordkapp","kommunenummer":"5620"}},{"type":"Polygon","arcs":[[2328,-1867,-1878,-1877,-1937,-1936,-2325,-2296,-2250]],"properties":{"grunnkretsnummer":"56200119","grunnkretsnavn":"Sværholthalvøya","delomradenummer":"562001","delomradenavn":"Nordkapp","kommunenummer":"5620"}},{"type":"Polygon","arcs":[[-435,2329,2330,2331,-381,-367]],"properties":{"grunnkretsnummer":"56120114","grunnkretsnavn":"Suolovuopmi","delomradenummer":"561201","delomradenavn":"Kautokeino","kommunenummer":"5612"}},{"type":"Polygon","arcs":[[2332,2333,2334,-2041,2335,2336,2337,2338,2339,2340,2341,2342,2343,2344,2345,2346,2347,2348,2349,2350,2351,2352,2353,2354,2355,2356,2357,2358,2359,2360,2361,2362,2363,2364,2365,2366,2367,2368,2369,2370,2371,2372,2373,2374,2375,2376,2377,2378,2379,2380,2381,2382,2383,2384,2385]],"properties":{"grunnkretsnummer":"56100106","grunnkretsnavn":"Grensen","delomradenummer":"561001","delomradenavn":"Karasjok","kommunenummer":"5610"}},{"type":"Polygon","arcs":[[-2334,-2333,2386,2387,2388,2389,2390,2391,2392,2393,2394,2395,2396,2397,2398,2399,2400,2401,2402,2403,2404,2405,2406,2407,2408,2409,2410,2411,2412,2413,2414,2415,2416,2417,2418,2419,2420,2421,2422,2423,2424,2425,2426,2427,2428,2429,2430,2431,2432,2433,2434,2435,2436,2437,2438,2439,2440,2441,2442,2443,2444,2445,2446,2447,2448,2449,2450,2451,2452,2453,2454,2455,2456,2457,2458,2459,2460,2461,2462,2463,2464,2465,2466,2467,2468,2469,2470,2471,2472,2473,2474,2475,2476,2477,2478,2479,2480,2481,2482,2483,2484,-1449,2485]],"properties":{"grunnkretsnummer":"56100107","grunnkretsnavn":"Iskurasjok","delomradenummer":"561001","delomradenavn":"Karasjok","kommunenummer":"5610"}},{"type":"Polygon","arcs":[[2486,-2222,2487,2488,2489,2490,2491,-2336,-2040,-2224]],"properties":{"grunnkretsnummer":"56100104","grunnkretsnavn":"Mannevarre","delomradenummer":"561001","delomradenavn":"Karasjok","kommunenummer":"5610"}},{"type":"Polygon","arcs":[[-1922,-1923,-1824,-2223,-2487,-2227,2492,2493,-433,-1907]],"properties":{"grunnkretsnummer":"56100111","grunnkretsnavn":"Nattvann","delomradenummer":"561001","delomradenavn":"Karasjok","kommunenummer":"5610"}},{"type":"Polygon","arcs":[[-2225,-2042,-2335,-2486,-1448]],"properties":{"grunnkretsnummer":"56100102","grunnkretsnavn":"Bakkeljok","delomradenummer":"561001","delomradenavn":"Karasjok","kommunenummer":"5610"}},{"type":"Polygon","arcs":[[2494,-1565,2495,2496]],"properties":{"grunnkretsnummer":"56120108","grunnkretsnavn":"Kautokeino-Báktevárri","delomradenummer":"561201","delomradenavn":"Kautokeino","kommunenummer":"5612"}},{"type":"Polygon","arcs":[[2497,-2493,-2226,-1452,2498,2499]],"properties":{"grunnkretsnummer":"56100110","grunnkretsnavn":"Jiesjokdalen","delomradenummer":"561001","delomradenavn":"Karasjok","kommunenummer":"5610"}},{"type":"Polygon","arcs":[[-2485,2500,2501,2502,2503,2504,2505,2506,2507,2508,2509,2510,2511,2512,2513,2514,2515,2516,2517,2518,2519,2520,2521,2522,2523,2524,2525,2526,2527,2528,2529,2530,2531,2532,2533,2534,2535,2536,2537,2538,2539,2540,2541,2542,2543,2544,2545,2546,2547,2548,2549,2550,2551,2552,2553,2554,2555,2556,2557,2558,2559,2560,2561,2562,2563,2564,2565,2566,2567,2568,2569,2570,2571,2572,2573,2574,2575,2576,2577,2578,2579,2580,2581,2582,2583,2584,2585,2586,2587,2588,2589,2590,2591,2592,2593,2594,2595,2596,2597,2598,2599,2600,2601,2602,2603,2604,2605,2606,2607,2608,2609,2610,2611,2612,2613,2614,2615,2616,2617,2618,2619,2620,2621,2622,2623,2624,2625,2626,2627,2628,2629,2630,2631,2632,2633,2634,2635,2636,2637,2638,2639,2640,2641,2642,2643,2644,2645,2646,2647,2648,2649,2650,2651,2652,2653,2654,2655,2656,2657,2658,2659,2660,2661,2662,2663,2664,2665,2666,2667,2668,2669,2670,2671,2672,2673,2674,2675,2676,2677,2678,2679,2680,2681,2682,2683,2684,2685,2686,2687,2688,2689,2690,2691,2692,2693,2694,2695,2696,2697,2698,2699,2700,2701,2702,2703,2704,2705,2706,2707,2708,2709,2710,2711,2712,2713,2714,2715,2716,2717,2718,2719,2720,2721,2722,-1450]],"properties":{"grunnkretsnummer":"56100108","grunnkretsnavn":"Storfossen","delomradenummer":"561001","delomradenavn":"Karasjok","kommunenummer":"5610"}},{"type":"Polygon","arcs":[[-1964,-1954,2723,2724,2725,2726,2727,-1552]],"properties":{"grunnkretsnummer":"56320113","grunnkretsnavn":"Elvestrandhøgda","delomradenummer":"563201","delomradenavn":"Båtsfjord","kommunenummer":"5632"}},{"type":"Polygon","arcs":[[-2500,2728,2729,2730,2731,2732]],"properties":{"grunnkretsnummer":"56120116","grunnkretsnavn":"Láhpoluoppal","delomradenummer":"561201","delomradenavn":"Kautokeino","kommunenummer":"5612"}},{"type":"Polygon","arcs":[[2733,2734,2735,2736,2737,2738,2739,2740,2741,2742,-2722,-2721,-2720,-2719,-2718,2743,2744,2745,2746,2747,2748,2749,2750,2751,2752,2753,2754,2755,2756,2757,2758,2759,2760,2761,2762,2763,2764,2765,2766,2767,2768,2769,2770,2771,2772,2773,2774,2775,2776,2777,2778,2779,2780,2781,2782,2783,2784,2785,2786,2787,2788,2789,2790,2791,2792,2793,2794,2795,2796,2797,2798,2799,2800,2801,2802,2803,2804,2805,2806,2807,2808,2809,2810,2811,2812,2813,2814,2815,2816,2817,2818,2819,2820,2821,2822,2823,2824,2825,2826,2827,2828,2829,2830,2831,2832,2833,2834,2835,2836,2837,2838,2839,2840,2841,2842,2843,2844,2845,2846,2847,2848,2849,2850,2851,2852,2853,2854,2855,2856,2857,2858,2859,2860,2861,2862,2863,2864,2865,2866,2867,2868,2869,2870,2871,2872,2873,2874,2875,2876,2877,2878,2879,2880,2881,2882,2883,2884,2885,2886,2887,2888,2889,2890,2891,2892,2893,2894,2895,2896,2897,2898,2899,2900,2901,2902,2903,2904,2905,2906,2907,2908,2909,2910,2911,2912,2913,2914,2915,2916,2917,2918,2919,2920,2921,2922,2923,2924,2925,2926,2927,2928,2929,2930,2931,2932,2933,2934,2935,2936,2937,2938,2939,2940,2941,2942,2943,2944,2945,2946,2947,2948,2949,2950,2951,2952,2953,2954,2955,2956,2957,2958,2959,2960,2961,2962,2963,2964,2965,2966,2967,2968,2969,2970,2971,2972,2973,2974,2975,2976,2977,2978,2979,2980,2981,2982,2983,2984,2985,2986,2987,2988,2989,2990,2991,2992,2993,2994,2995,2996,2997,2998,2999,3000,3001,3002,3003,3004,3005,3006,3007,3008,3009,3010,3011,3012,3013,3014,3015,3016,3017,3018,3019,3020,3021,3022,3023,3024,3025,3026,3027,3028,3029,3030,3031,3032,3033,3034,3035,3036,3037,3038,3039,3040,3041,3042,3043,3044,3045,3046,3047,3048,3049,3050,3051,3052,3053,3054,3055,3056,3057,3058,3059,3060,3061,3062,3063,3064,3065,3066,3067,3068,3069,3070,3071,3072,3073,3074,3075,3076,3077,3078,3079,3080,3081,3082,3083,3084,3085,3086,3087,3088,3089,3090,3091,3092,3093,3094,3095,3096,3097,3098]],"properties":{"grunnkretsnummer":"56120118","grunnkretsnavn":"Anárjohka","delomradenummer":"561201","delomradenavn":"Kautokeino","kommunenummer":"5612"}},{"type":"Polygon","arcs":[[-2331,3099,-2732,3100]],"properties":{"grunnkretsnummer":"56120113","grunnkretsnavn":"Máze","delomradenummer":"561201","delomradenavn":"Kautokeino","kommunenummer":"5612"}},{"type":"Polygon","arcs":[[-2730,3101,3102,-1561,3103,3104,3105]],"properties":{"grunnkretsnummer":"56120106","grunnkretsnavn":"Mierojávri","delomradenummer":"561201","delomradenavn":"Kautokeino","kommunenummer":"5612"}},{"type":"Polygon","arcs":[[-2733,-3100,-2330,-434,-2494,-2498]],"properties":{"grunnkretsnummer":"56120115","grunnkretsnavn":"Rágesluoppal","delomradenummer":"561201","delomradenavn":"Kautokeino","kommunenummer":"5612"}},{"type":"Polygon","arcs":[[3106,3107,-3109,3109,-3105,-2497]],"properties":{"grunnkretsnummer":"56120105","grunnkretsnavn":"Soahtefielbmá","delomradenummer":"561201","delomradenavn":"Kautokeino","kommunenummer":"5612"}},{"type":"Polygon","arcs":[[-3107,-2496,-1564,3110,3111,3112,3113]],"properties":{"grunnkretsnummer":"56120107","grunnkretsnavn":"Kautokeino-Hánnomaras","delomradenummer":"561201","delomradenavn":"Kautokeino","kommunenummer":"5612"}},{"type":"Polygon","arcs":[[-3108,-3114,3114,3115,3116,3117,3118,-3120]],"properties":{"grunnkretsnummer":"56120104","grunnkretsnavn":"Čunojávri","delomradenummer":"561201","delomradenavn":"Kautokeino","kommunenummer":"5612"}},{"type":"Polygon","arcs":[[-1563,3120,3121,-3111]],"properties":{"grunnkretsnummer":"56120111","grunnkretsnavn":"Kautokeino-Øverbygda","delomradenummer":"561201","delomradenavn":"Kautokeino","kommunenummer":"5612"}},{"type":"Polygon","arcs":[[-3115,-3113,3122,3123,3124,3125,3126,3127,3128,3129,3130,3131,3132,3133]],"properties":{"grunnkretsnummer":"56120101","grunnkretsnavn":"Gálaniitu","delomradenummer":"561201","delomradenavn":"Kautokeino","kommunenummer":"5612"}},{"type":"Polygon","arcs":[[-3103,3134,3135,-3121,-1562]],"properties":{"grunnkretsnummer":"56120103","grunnkretsnavn":"Ávži","delomradenummer":"561201","delomradenavn":"Kautokeino","kommunenummer":"5612"}},{"type":"Polygon","arcs":[[-3101,-2731,-3106,-3110,-3137,-3138,-3139,-382,-2332]],"properties":{"grunnkretsnummer":"56120112","grunnkretsnavn":"Heammogieddi","delomradenummer":"561201","delomradenavn":"Kautokeino","kommunenummer":"5612"}},{"type":"Polygon","arcs":[[-3122,-3136,3139,3140,3141,3142,3143,3144,3145,3146,3147,3148,-3123,-3112]],"properties":{"grunnkretsnummer":"56120102","grunnkretsnavn":"Siebe","delomradenummer":"561201","delomradenavn":"Kautokeino","kommunenummer":"5612"}},{"type":"Polygon","arcs":[[-2743,3149,3150,3151,3152,3153,3154,3155,3156,-3141,-3140,-3135,-3102,-2729,-2499,-1451,-2723]],"properties":{"grunnkretsnummer":"56120117","grunnkretsnavn":"Áhkkanas","delomradenummer":"561201","delomradenavn":"Kautokeino","kommunenummer":"5612"}},{"type":"Polygon","arcs":[[-3104,-1560,-2495]],"properties":{"grunnkretsnummer":"56120109","grunnkretsnavn":"Kautokeino-Sokkisletta","delomradenummer":"561201","delomradenavn":"Kautokeino","kommunenummer":"5612"}},{"type":"Polygon","arcs":[[3157,3158,3159,3160,3161,3162,3163]],"properties":{"grunnkretsnummer":"56340112","grunnkretsnavn":"Persfjord","delomradenummer":"563401","delomradenavn":"Vardø","kommunenummer":"5634"}},{"type":"Polygon","arcs":[[3164,-2244,-2243,-2278,3165,3166]],"properties":{"grunnkretsnummer":"56340104","grunnkretsnavn":"Vardø 4","delomradenummer":"563401","delomradenavn":"Vardø","kommunenummer":"5634"}},{"type":"Polygon","arcs":[[3167,3168,-3162,3169,3170,3171,-625,-1523,-1522,-1557]],"properties":{"grunnkretsnummer":"56340111","grunnkretsnavn":"Tverelv","delomradenummer":"563401","delomradenavn":"Vardø","kommunenummer":"5634"}},{"type":"Polygon","arcs":[[3172,3173,3174,3175,3176,3177,-3167]],"properties":{"grunnkretsnummer":"56340109","grunnkretsnavn":"Kiberg-Komagvær","delomradenummer":"563401","delomradenavn":"Vardø","kommunenummer":"5634"}},{"type":"Polygon","arcs":[[3178,3179,-2237,3180,3181,3182,3183]],"properties":{"grunnkretsnummer":"56340106","grunnkretsnavn":"Vardø 6","delomradenummer":"563401","delomradenavn":"Vardø","kommunenummer":"5634"}},{"type":"Polygon","arcs":[[3184,-3171,-3170,-3161,3185,-3175,-3174]],"properties":{"grunnkretsnummer":"56340110","grunnkretsnavn":"Komagelv","delomradenummer":"563401","delomradenavn":"Vardø","kommunenummer":"5634"}},{"type":"Polygon","arcs":[[-3179,3186,-3177,-3176,-3186,-3160,-3159,3187]],"properties":{"grunnkretsnummer":"56340108","grunnkretsnavn":"Svartnes-Persfjord","delomradenummer":"563401","delomradenavn":"Vardø","kommunenummer":"5634"}},{"type":"Polygon","arcs":[[-3184,-3183,3188,3189,-2235,-2276,-2275,-2246,-2245,-3165,-3178,-3187]],"properties":{"grunnkretsnummer":"56340105","grunnkretsnavn":"Vardø 5","delomradenummer":"563401","delomradenavn":"Vardø","kommunenummer":"5634"}},{"type":"Polygon","arcs":[[-2236,-3190,-3189,-3182,-3181]],"properties":{"grunnkretsnummer":"56340107","grunnkretsnavn":"Vardø 7","delomradenummer":"563401","delomradenavn":"Vardø","kommunenummer":"5634"}},{"type":"Polygon","arcs":[[3190,3191,3192,-2725,3193]],"properties":{"grunnkretsnummer":"56320107","grunnkretsnavn":"Båtsfjorddalen","delomradenummer":"563201","delomradenavn":"Båtsfjord","kommunenummer":"5632"}},{"type":"Polygon","arcs":[[-3163,-3169,3194,-2728,3195,3196,3197,3198,-3164]],"properties":{"grunnkretsnummer":"56320111","grunnkretsnavn":"Langryggen","delomradenummer":"563201","delomradenavn":"Båtsfjord","kommunenummer":"5632"}},{"type":"Polygon","arcs":[[3199,3200,-3196,-2727,3201,3202]],"properties":{"grunnkretsnummer":"56320112","grunnkretsnavn":"Øvre Tavla","delomradenummer":"563201","delomradenavn":"Båtsfjord","kommunenummer":"5632"}},{"type":"Polygon","arcs":[[3203,3204,3205,-1950,-1949,3206,3207]],"properties":{"grunnkretsnummer":"56320101","grunnkretsnavn":"Været","delomradenummer":"563201","delomradenavn":"Båtsfjord","kommunenummer":"5632"}},{"type":"Polygon","arcs":[[-1951,-3206,-3205,3208,3209,3210,3211,3212,3213,3214]],"properties":{"grunnkretsnummer":"56320102","grunnkretsnavn":"Sentrum","delomradenummer":"563201","delomradenavn":"Båtsfjord","kommunenummer":"5632"}},{"type":"Polygon","arcs":[[3215,-2302,-2301,3216,-3192,-3191,3217,3218,3219,-3208]],"properties":{"grunnkretsnummer":"56320106","grunnkretsnavn":"Indre Båtsfjord","delomradenummer":"563201","delomradenavn":"Båtsfjord","kommunenummer":"5632"}},{"type":"Polygon","arcs":[[-1554,-1553,-3195,-3168,-1556]],"properties":{"grunnkretsnummer":"56320114","grunnkretsnavn":"Komagelva","delomradenummer":"563201","delomradenavn":"Båtsfjord","kommunenummer":"5632"}},{"type":"Polygon","arcs":[[-3204,-3220,3220,3221,-3213,-3212,-3211,-3210,-3209]],"properties":{"grunnkretsnummer":"56320103","grunnkretsnavn":"Holmen","delomradenummer":"563201","delomradenavn":"Båtsfjord","kommunenummer":"5632"}},{"type":"Polygon","arcs":[[3222,3223,-3221,-3219,-3218,-3194,-2724,-1953]],"properties":{"grunnkretsnummer":"56320105","grunnkretsnavn":"Neptun-Håbet","delomradenummer":"563201","delomradenavn":"Båtsfjord","kommunenummer":"5632"}},{"type":"Polygon","arcs":[[-3217,-2300,-2299,-3203,-3202,-2726,-3193]],"properties":{"grunnkretsnummer":"56320108","grunnkretsnavn":"Syltefjord","delomradenummer":"563201","delomradenavn":"Båtsfjord","kommunenummer":"5632"}},{"type":"Polygon","arcs":[[3224,-3198,-3197,-3201,-3200,-2304]],"properties":{"grunnkretsnummer":"56320109","grunnkretsnavn":"Hamningberg","delomradenummer":"563201","delomradenavn":"Båtsfjord","kommunenummer":"5632"}},{"type":"Polygon","arcs":[[-3215,-3214,-3222,-3224,-3223,-1952]],"properties":{"grunnkretsnummer":"56320104","grunnkretsnavn":"Neptunbukta","delomradenummer":"563201","delomradenavn":"Båtsfjord","kommunenummer":"5632"}}]},"grunnkretserUtenHavgrense":{"type":"GeometryCollection","geometries":[{"type":"Polygon","arcs":[[3225,1,2,3,3226,3227]],"properties":{"grunnkretsnummer":"56030608","grunnkretsnavn":"Revsneshamn","delomradenummer":"560306","delomradenavn":"Kvalsund","kommunenummer":"5603"}},{"type":"Polygon","arcs":[[9,10,11,12,13]],"properties":{"grunnkretsnummer":"56050304","grunnkretsnavn":"Myra-Lia","delomradenummer":"560503","delomradenavn":"Kirkenes","kommunenummer":"5605"}},{"type":"Polygon","arcs":[[14,15,16,17,18,19]],"properties":{"grunnkretsnummer":"56030202","grunnkretsnavn":"Stadion","delomradenummer":"560302","delomradenavn":"Baksalen","kommunenummer":"5603"}},{"type":"Polygon","arcs":[[20,21,3228,3229,3230,25]],"properties":{"grunnkretsnummer":"56030503","grunnkretsnavn":"Rypefjord 2","delomradenummer":"560305","delomradenavn":"Sørøysund","kommunenummer":"5603"}},{"type":"Polygon","arcs":[[26,3231,-3229,-22]],"properties":{"grunnkretsnummer":"56030504","grunnkretsnavn":"Rypefjord 3","delomradenummer":"560305","delomradenavn":"Sørøysund","kommunenummer":"5603"}},{"type":"Polygon","arcs":[[3232,31,32,-26,-3231,3233]],"properties":{"grunnkretsnummer":"56030502","grunnkretsnavn":"Rypefjord 1","delomradenummer":"560305","delomradenavn":"Sørøysund","kommunenummer":"5603"}},{"type":"Polygon","arcs":[[35,36,37,38]],"properties":{"grunnkretsnummer":"56070102","grunnkretsnavn":"Kirkeområdet","delomradenummer":"560701","delomradenavn":"Vadsø Sentrum","kommunenummer":"5607"}},{"type":"Polygon","arcs":[[39,40,41]],"properties":{"grunnkretsnummer":"56070302","grunnkretsnavn":"Myrkroken","delomradenummer":"560703","delomradenavn":"Ytre Vadsø","kommunenummer":"5607"}},{"type":"Polygon","arcs":[[42,43,3234,3235,3236,47]],"properties":{"grunnkretsnummer":"56070106","grunnkretsnavn":"Elvegt.-Svingen","delomradenummer":"560701","delomradenavn":"Vadsø Sentrum","kommunenummer":"5607"}},{"type":"Polygon","arcs":[[-38,48,3237,3238,3239,53]],"properties":{"grunnkretsnummer":"56070101","grunnkretsnavn":"Ørtangen","delomradenummer":"560701","delomradenavn":"Vadsø Sentrum","kommunenummer":"5607"}},{"type":"MultiPolygon","arcs":[[[54,3240,3241,3242,57,3243,3244,62]],[[3245,60,3246,3247]]],"properties":{"grunnkretsnummer":"56180115","grunnkretsnavn":"Strandveien øst","delomradenummer":"561801","delomradenavn":"Måsøy","kommunenummer":"5618"}},{"type":"MultiPolygon","arcs":[[[3248,66,3249,3250]],[[3251]]],"properties":{"grunnkretsnummer":"56180122","grunnkretsnavn":"Gunnarnes","delomradenummer":"561801","delomradenavn":"Måsøy","kommunenummer":"5618"}},{"type":"Polygon","arcs":[[73,74,75,76]],"properties":{"grunnkretsnummer":"56070202","grunnkretsnavn":"Prestelv nord","delomradenummer":"560702","delomradenavn":"Indre Vadsø","kommunenummer":"5607"}},{"type":"Polygon","arcs":[[77,78,79,80,81,82,83]],"properties":{"grunnkretsnummer":"56280202","grunnkretsnavn":"Skippagurra","delomradenummer":"562802","delomradenavn":"Polmak","kommunenummer":"5628"}},{"type":"Polygon","arcs":[[84,85,-17,86]],"properties":{"grunnkretsnummer":"56030107","grunnkretsnavn":"Sætergamdalen","delomradenummer":"560301","delomradenavn":"Sentrum","kommunenummer":"5603"}},{"type":"Polygon","arcs":[[87,-15,88,89,90]],"properties":{"grunnkretsnummer":"56030105","grunnkretsnavn":"Blåsenborg","delomradenummer":"560301","delomradenavn":"Sentrum","kommunenummer":"5603"}},{"type":"Polygon","arcs":[[-3227,-4,91,3252,3253]],"properties":{"grunnkretsnummer":"56030607","grunnkretsnavn":"Klubben","delomradenummer":"560306","delomradenavn":"Kvalsund","kommunenummer":"5603"}},{"type":"Polygon","arcs":[[95,96,3254,102]],"properties":{"grunnkretsnummer":"56030602","grunnkretsnavn":"Stallogargo","delomradenummer":"560306","delomradenavn":"Kvalsund","kommunenummer":"5603"}},{"type":"Polygon","arcs":[[-89,-20,103,104,105]],"properties":{"grunnkretsnummer":"56030201","grunnkretsnavn":"Rairo","delomradenummer":"560302","delomradenavn":"Baksalen","kommunenummer":"5603"}},{"type":"Polygon","arcs":[[-87,-16,-88,106,107]],"properties":{"grunnkretsnummer":"56030108","grunnkretsnavn":"Breilia","delomradenummer":"560301","delomradenavn":"Sentrum","kommunenummer":"5603"}},{"type":"MultiPolygon","arcs":[[[108,3255,3256,3257,112,113,114]],[[3258]],[[3259]],[[3260]],[[3261]],[[3262]],[[3263]],[[3264]]],"properties":{"grunnkretsnummer":"56030513","grunnkretsnavn":"Sandøybotn","delomradenummer":"560305","delomradenavn":"Sørøysund","kommunenummer":"5603"}},{"type":"MultiPolygon","arcs":[[[3265,125,126,3266,3267]],[[3268,128,3269,3270]],[[3271]],[[3272]]],"properties":{"grunnkretsnummer":"56050101","grunnkretsnavn":"Bugøynes","delomradenummer":"560501","delomradenavn":"Vestre Sør - Varanger","kommunenummer":"5605"}},{"type":"MultiPolygon","arcs":[[[3273,133,134,135,136,137,138,139,3274,3275]],[[3276]]],"properties":{"grunnkretsnummer":"56030401","grunnkretsnavn":"Storfjellet","delomradenummer":"560304","delomradenavn":"Fuglenesdalen","kommunenummer":"5603"}},{"type":"MultiPolygon","arcs":[[[3277,144,145,-103,3278]],[[3279]]],"properties":{"grunnkretsnummer":"56030507","grunnkretsnavn":"Strømsnes","delomradenummer":"560305","delomradenavn":"Sørøysund","kommunenummer":"5603"}},{"type":"MultiPolygon","arcs":[[[3280,149,150,3281,3282]],[[3283]],[[3284]],[[3285]]],"properties":{"grunnkretsnummer":"56030508","grunnkretsnavn":"Eidvågeidet-Hønseby","delomradenummer":"560305","delomradenavn":"Sørøysund","kommunenummer":"5603"}},{"type":"Polygon","arcs":[[153,-108,154,3286,3287,157]],"properties":{"grunnkretsnummer":"56030109","grunnkretsnavn":"Molla","delomradenummer":"560301","delomradenavn":"Sentrum","kommunenummer":"5603"}},{"type":"Polygon","arcs":[[158,-77,159,160,161]],"properties":{"grunnkretsnummer":"56070204","grunnkretsnavn":"Prestelv vest","delomradenummer":"560702","delomradenavn":"Indre Vadsø","kommunenummer":"5607"}},{"type":"Polygon","arcs":[[162,163,164,165,166,167]],"properties":{"grunnkretsnummer":"56010405","grunnkretsnavn":"Holmen","delomradenummer":"560104","delomradenavn":"Tidligere Alta Kommune Vest","kommunenummer":"5601"}},{"type":"Polygon","arcs":[[168,169,170]],"properties":{"grunnkretsnummer":"56010402","grunnkretsnavn":"Mathisdalen","delomradenummer":"560104","delomradenavn":"Tidligere Alta Kommune Vest","kommunenummer":"5601"}},{"type":"Polygon","arcs":[[3288,173,174,3289,3290]],"properties":{"grunnkretsnummer":"56010604","grunnkretsnavn":"Tollevik","delomradenummer":"560106","delomradenavn":"Alta Sentrum Syd","kommunenummer":"5601"}},{"type":"Polygon","arcs":[[176,3291,3292,3293,184,-169,185]],"properties":{"grunnkretsnummer":"56010401","grunnkretsnavn":"Kåfjord","delomradenummer":"560104","delomradenavn":"Tidligere Alta Kommune Vest","kommunenummer":"5601"}},{"type":"Polygon","arcs":[[3294,187,188,3295,3296]],"properties":{"grunnkretsnummer":"56010103","grunnkretsnavn":"Lille Lerresfjord","delomradenummer":"560101","delomradenavn":"Tidligere Talvik Kommune Øst","kommunenummer":"5601"}},{"type":"Polygon","arcs":[[3297,196,197,3298,3299]],"properties":{"grunnkretsnummer":"56010502","grunnkretsnavn":"Elvebakken","delomradenummer":"560105","delomradenavn":"Alta Sentrum Nord","kommunenummer":"5601"}},{"type":"MultiPolygon","arcs":[[[199,3300,3301,3302,205]],[[3303]]],"properties":{"grunnkretsnummer":"56010301","grunnkretsnavn":"Russeluft","delomradenummer":"560103","delomradenavn":"Tidligere Alta Kommune Øst","kommunenummer":"5601"}},{"type":"Polygon","arcs":[[3304,210,211,3305,3306]],"properties":{"grunnkretsnummer":"56010108","grunnkretsnavn":"Storekorsnes","delomradenummer":"560101","delomradenavn":"Tidligere Talvik Kommune Øst","kommunenummer":"5601"}},{"type":"Polygon","arcs":[[216,217,218,219,220,3307]],"properties":{"grunnkretsnummer":"56070403","grunnkretsnavn":"Klubben","delomradenummer":"560704","delomradenavn":"Distriktet","kommunenummer":"5607"}},{"type":"Polygon","arcs":[[3308,225,226,227,228,229,3309]],"properties":{"grunnkretsnummer":"56070404","grunnkretsnavn":"Salttjern-Golnes","delomradenummer":"560704","delomradenavn":"Distriktet","kommunenummer":"5607"}},{"type":"Polygon","arcs":[[-221,231,3310,3311]],"properties":{"grunnkretsnummer":"56070401","grunnkretsnavn":"Vestre Jakobselv","delomradenummer":"560704","delomradenavn":"Distriktet","kommunenummer":"5607"}},{"type":"Polygon","arcs":[[-75,234,235,236,-43,237]],"properties":{"grunnkretsnummer":"56070203","grunnkretsnavn":"Gymnasområdet","delomradenummer":"560702","delomradenavn":"Indre Vadsø","kommunenummer":"5607"}},{"type":"Polygon","arcs":[[3312,240,241,242,3313,3314]],"properties":{"grunnkretsnummer":"56280106","grunnkretsnavn":"Bonakas-Langnes","delomradenummer":"562801","delomradenavn":"Tana","kommunenummer":"5628"}},{"type":"Polygon","arcs":[[244,-78,245,246]],"properties":{"grunnkretsnummer":"56280201","grunnkretsnavn":"Tana Bru","delomradenummer":"562802","delomradenavn":"Polmak","kommunenummer":"5628"}},{"type":"MultiPolygon","arcs":[[[250,251,3315,3316]],[[3317]],[[3318]],[[3319]],[[3320]],[[3321]]],"properties":{"grunnkretsnummer":"56220304","grunnkretsnavn":"Veidnes-Kistrand","delomradenummer":"562203","delomradenavn":"Vestre Porsanger","kommunenummer":"5622"}},{"type":"Polygon","arcs":[[253,254,255]],"properties":{"grunnkretsnummer":"56220201","grunnkretsnavn":"Lakselv sentrum","delomradenummer":"562202","delomradenavn":"Indre Porsanger","kommunenummer":"5622"}},{"type":"Polygon","arcs":[[3322,258,259,260,261,262,263,3323,3324]],"properties":{"grunnkretsnummer":"56200112","grunnkretsnavn":"Storfjellet-Valanområdet","delomradenummer":"562001","delomradenavn":"Nordkapp","kommunenummer":"5620"}},{"type":"Polygon","arcs":[[265,3325,3326,3327,269,270,-161]],"properties":{"grunnkretsnummer":"56070205","grunnkretsnavn":"Industriområde-Prestelv vest","delomradenummer":"560702","delomradenavn":"Indre Vadsø","kommunenummer":"5607"}},{"type":"Polygon","arcs":[[271,272,273,3328,3329,3330,276,277,278,279]],"properties":{"grunnkretsnummer":"56140103","grunnkretsnavn":"Øksfjordbotn","delomradenummer":"561401","delomradenavn":"Loppa","kommunenummer":"5614"}},{"type":"MultiPolygon","arcs":[[[3331]],[[3332]]],"properties":{"grunnkretsnummer":"56140107","grunnkretsnavn":"Silda","delomradenummer":"561401","delomradenavn":"Loppa","kommunenummer":"5614"}},{"type":"MultiPolygon","arcs":[[[3333,288,289,3334,3335]],[[3336]],[[3337]],[[3338]]],"properties":{"grunnkretsnummer":"56140106","grunnkretsnavn":"Bergsfjorden","delomradenummer":"561401","delomradenavn":"Loppa","kommunenummer":"5614"}},{"type":"MultiPolygon","arcs":[[[291,3339,3340,3341,296]],[[3342]],[[3343]]],"properties":{"grunnkretsnummer":"56010101","grunnkretsnavn":"Stjernøy","delomradenummer":"560101","delomradenavn":"Tidligere Talvik Kommune Øst","kommunenummer":"5601"}},{"type":"Polygon","arcs":[[-280,297,3344,3345,300,301,302]],"properties":{"grunnkretsnummer":"56010203","grunnkretsnavn":"Langfjordbotn","delomradenummer":"560102","delomradenavn":"Tidligere Talvik Kommune Vest","kommunenummer":"5601"}},{"type":"Polygon","arcs":[[3346,304,305,3347]],"properties":{"grunnkretsnummer":"56010105","grunnkretsnavn":"Komagfjord","delomradenummer":"560101","delomradenavn":"Tidligere Talvik Kommune Øst","kommunenummer":"5601"}},{"type":"MultiPolygon","arcs":[[[3348,3349,3350,313,314]],[[3351]]],"properties":{"grunnkretsnummer":"56140112","grunnkretsnavn":"Brynilen","delomradenummer":"561401","delomradenavn":"Loppa","kommunenummer":"5614"}},{"type":"MultiPolygon","arcs":[[[3352,316,-297,-3342,3353]],[[3354,318,319,3355,3356]]],"properties":{"grunnkretsnummer":"56140101","grunnkretsnavn":"Øksfjord","delomradenummer":"561401","delomradenavn":"Loppa","kommunenummer":"5614"}},{"type":"Polygon","arcs":[[3357,324,325,326,-289,-3334,3358]],"properties":{"grunnkretsnummer":"56140105","grunnkretsnavn":"Nuvsvåg","delomradenummer":"561401","delomradenavn":"Loppa","kommunenummer":"5614"}},{"type":"Polygon","arcs":[[328,329,3359,3360,-3335,-290,-327,331,332,333]],"properties":{"grunnkretsnummer":"56140108","grunnkretsnavn":"Langfjorden","delomradenummer":"561401","delomradenavn":"Loppa","kommunenummer":"5614"}},{"type":"MultiPolygon","arcs":[[[334,335,3361,3362,-3360,-330]],[[3363]]],"properties":{"grunnkretsnummer":"56140109","grunnkretsnavn":"Sandland","delomradenummer":"561401","delomradenavn":"Loppa","kommunenummer":"5614"}},{"type":"Polygon","arcs":[[-3362,-336,337,-314,-3351,3364]],"properties":{"grunnkretsnummer":"56140111","grunnkretsnavn":"Skavnakk","delomradenummer":"561401","delomradenavn":"Loppa","kommunenummer":"5614"}},{"type":"Polygon","arcs":[[-3356,-320,339,-277,-3331,3365]],"properties":{"grunnkretsnummer":"56140102","grunnkretsnavn":"Øksfjord østre","delomradenummer":"561401","delomradenavn":"Loppa","kommunenummer":"5614"}},{"type":"MultiPolygon","arcs":[[[3366]],[[3367]]],"properties":{"grunnkretsnummer":"56140110","grunnkretsnavn":"Loppa","delomradenummer":"561401","delomradenavn":"Loppa","kommunenummer":"5614"}},{"type":"Polygon","arcs":[[-3329,-274,345,346,-325,-3358,3368]],"properties":{"grunnkretsnummer":"56140104","grunnkretsnavn":"Øksfjord vestre","delomradenummer":"561401","delomradenavn":"Loppa","kommunenummer":"5614"}},{"type":"Polygon","arcs":[[347,348,349]],"properties":{"grunnkretsnummer":"56010601","grunnkretsnavn":"Alta nye sentrum","delomradenummer":"560106","delomradenavn":"Alta Sentrum Syd","kommunenummer":"5601"}},{"type":"Polygon","arcs":[[350,351,352,353,-302]],"properties":{"grunnkretsnummer":"56010205","grunnkretsnavn":"Vasbotnelv","delomradenummer":"560102","delomradenavn":"Tidligere Talvik Kommune Vest","kommunenummer":"5601"}},{"type":"Polygon","arcs":[[3369,355,356,3370,3371]],"properties":{"grunnkretsnummer":"56010102","grunnkretsnavn":"Seiland","delomradenummer":"560101","delomradenavn":"Tidligere Talvik Kommune Øst","kommunenummer":"5601"}},{"type":"Polygon","arcs":[[358,359,-197,-3298,3372,3373,362,-165,363]],"properties":{"grunnkretsnummer":"56010503","grunnkretsnavn":"Aronnes","delomradenummer":"560105","delomradenavn":"Alta Sentrum Nord","kommunenummer":"5601"}},{"type":"MultiPolygon","arcs":[[[3374]],[[3375]]],"properties":{"grunnkretsnummer":"56010110","grunnkretsnavn":"Kongshus","delomradenummer":"560101","delomradenavn":"Tidligere Talvik Kommune Øst","kommunenummer":"5601"}},{"type":"Polygon","arcs":[[366,367,368,369]],"properties":{"grunnkretsnummer":"56010407","grunnkretsnavn":"Helletoppen-Bjørnhaugene","delomradenummer":"560104","delomradenavn":"Tidligere Alta Kommune Vest","kommunenummer":"5601"}},{"type":"Polygon","arcs":[[370,3376,3377,-3345,-298,-279]],"properties":{"grunnkretsnummer":"56010202","grunnkretsnavn":"Tappeluft-Riverbukt","delomradenummer":"560102","delomradenavn":"Tidligere Talvik Kommune Vest","kommunenummer":"5601"}},{"type":"Polygon","arcs":[[372,373,374,3378,3379,-3301,-200]],"properties":{"grunnkretsnummer":"56010302","grunnkretsnavn":"Rafsbotn","delomradenummer":"560103","delomradenavn":"Tidligere Alta Kommune Øst","kommunenummer":"5601"}},{"type":"Polygon","arcs":[[376,377,-352,378,-186,-171,379,-368,380,381,382]],"properties":{"grunnkretsnummer":"56010408","grunnkretsnavn":"Botnelven-Fiskerelven","delomradenummer":"560104","delomradenavn":"Tidligere Alta Kommune Vest","kommunenummer":"5601"}},{"type":"Polygon","arcs":[[3380,384,385,386,3381,3382]],"properties":{"grunnkretsnummer":"56010607","grunnkretsnavn":"Gakori","delomradenummer":"560106","delomradenavn":"Alta Sentrum Syd","kommunenummer":"5601"}},{"type":"MultiPolygon","arcs":[[[-3377,-371,-278,-340,-319,-3355,3383]],[[3384,389,-301,3385]],[[3386]],[[3387]]],"properties":{"grunnkretsnummer":"56010201","grunnkretsnavn":"Isnestoften","delomradenummer":"560102","delomradenavn":"Tidligere Talvik Kommune Vest","kommunenummer":"5601"}},{"type":"Polygon","arcs":[[-3292,-177,-379,-351,-390,-3385,3388]],"properties":{"grunnkretsnummer":"56010204","grunnkretsnavn":"Talvik","delomradenummer":"560102","delomradenavn":"Tidligere Talvik Kommune Vest","kommunenummer":"5601"}},{"type":"Polygon","arcs":[[-3290,391,392,3389,3390]],"properties":{"grunnkretsnummer":"56010605","grunnkretsnavn":"Skaialuft","delomradenummer":"560106","delomradenavn":"Alta Sentrum Syd","kommunenummer":"5601"}},{"type":"Polygon","arcs":[[-305,-3347,3391,-3296,-189,394,395,396]],"properties":{"grunnkretsnummer":"56010104","grunnkretsnavn":"Store Lerresfjord","delomradenummer":"560101","delomradenavn":"Tidligere Talvik Kommune Øst","kommunenummer":"5601"}},{"type":"Polygon","arcs":[[-175,397,398,-350,399,-392]],"properties":{"grunnkretsnummer":"56010603","grunnkretsnavn":"Midtbakken","delomradenummer":"560106","delomradenavn":"Alta Sentrum Syd","kommunenummer":"5601"}},{"type":"MultiPolygon","arcs":[[[-3379,400,401,402,3392,3393]],[[3394]]],"properties":{"grunnkretsnummer":"56010303","grunnkretsnavn":"Transfarelv","delomradenummer":"560103","delomradenavn":"Tidligere Alta Kommune Øst","kommunenummer":"5601"}},{"type":"Polygon","arcs":[[404,-364,-164,405,-349]],"properties":{"grunnkretsnummer":"56010602","grunnkretsnavn":"Elvestrand","delomradenummer":"560106","delomradenavn":"Alta Sentrum Syd","kommunenummer":"5601"}},{"type":"Polygon","arcs":[[407,408,-211,-3305,3395]],"properties":{"grunnkretsnummer":"56010107","grunnkretsnavn":"Nyvoll","delomradenummer":"560101","delomradenavn":"Tidligere Talvik Kommune Øst","kommunenummer":"5601"}},{"type":"Polygon","arcs":[[409,-408,3396,-306,-397,410]],"properties":{"grunnkretsnummer":"56010106","grunnkretsnavn":"Korsfjord","delomradenummer":"560101","delomradenavn":"Tidligere Talvik Kommune Øst","kommunenummer":"5601"}},{"type":"Polygon","arcs":[[411,3397,-3299,-198,-360,413,414]],"properties":{"grunnkretsnummer":"56010506","grunnkretsnavn":"Bukta","delomradenummer":"560105","delomradenavn":"Alta Sentrum Nord","kommunenummer":"5601"}},{"type":"Polygon","arcs":[[-363,-3374,3398,3399,416,-402,417,-166]],"properties":{"grunnkretsnummer":"56010409","grunnkretsnavn":"Raipas","delomradenummer":"560104","delomradenavn":"Tidligere Alta Kommune Vest","kommunenummer":"5601"}},{"type":"Polygon","arcs":[[418,-386,419,-168,420,421,422]],"properties":{"grunnkretsnummer":"56010404","grunnkretsnavn":"Øvre-Alta","delomradenummer":"560104","delomradenavn":"Tidligere Alta Kommune Vest","kommunenummer":"5601"}},{"type":"Polygon","arcs":[[-3393,-403,-417,-3400,3400]],"properties":{"grunnkretsnummer":"56010501","grunnkretsnavn":"Kronstad","delomradenummer":"560105","delomradenavn":"Alta Sentrum Nord","kommunenummer":"5601"}},{"type":"MultiPolygon","arcs":[[[-3306,-212,-409,-410,423,-373,-206,-3303,3401]],[[3402]],[[3403]]],"properties":{"grunnkretsnummer":"56010111","grunnkretsnavn":"Leirbotn","delomradenummer":"560101","delomradenavn":"Tidligere Talvik Kommune Øst","kommunenummer":"5601"}},{"type":"Polygon","arcs":[[3404,425,-415,426,-398,-174,-3289,3405]],"properties":{"grunnkretsnummer":"56010505","grunnkretsnavn":"Komsa","delomradenummer":"560105","delomradenavn":"Alta Sentrum Nord","kommunenummer":"5601"}},{"type":"Polygon","arcs":[[-3390,-393,-400,-406,-163,-420,-385,-3381,3406]],"properties":{"grunnkretsnummer":"56010606","grunnkretsnavn":"Bossekop","delomradenummer":"560106","delomradenavn":"Alta Sentrum Syd","kommunenummer":"5601"}},{"type":"Polygon","arcs":[[-3382,-387,-419,427,3407,3408]],"properties":{"grunnkretsnummer":"56010608","grunnkretsnavn":"Hjemmeluft","delomradenummer":"560106","delomradenavn":"Alta Sentrum Syd","kommunenummer":"5601"}},{"type":"Polygon","arcs":[[-422,429,-369,430]],"properties":{"grunnkretsnummer":"56010406","grunnkretsnavn":"Eiby-Storelvdalen","delomradenummer":"560104","delomradenavn":"Tidligere Alta Kommune Vest","kommunenummer":"5601"}},{"type":"Polygon","arcs":[[-185,-3294,3409,-3408,-428,-423,-431,-380,-170]],"properties":{"grunnkretsnummer":"56010403","grunnkretsnavn":"Kvenvik","delomradenummer":"560104","delomradenavn":"Tidligere Alta Kommune Vest","kommunenummer":"5601"}},{"type":"Polygon","arcs":[[-412,-426,-3405,3410]],"properties":{"grunnkretsnummer":"56010507","grunnkretsnavn":"Amtmannsnes","delomradenummer":"560105","delomradenavn":"Alta Sentrum Nord","kommunenummer":"5601"}},{"type":"Polygon","arcs":[[-414,-359,-405,-348,-399,-427]],"properties":{"grunnkretsnummer":"56010504","grunnkretsnavn":"Sentrum","delomradenummer":"560105","delomradenavn":"Alta Sentrum Nord","kommunenummer":"5601"}},{"type":"Polygon","arcs":[[-401,-375,431,432,433,434,-370,-430,-421,-167,-418]],"properties":{"grunnkretsnummer":"56010304","grunnkretsnavn":"Tverrelvdalen","delomradenummer":"560103","delomradenavn":"Tidligere Alta Kommune Øst","kommunenummer":"5601"}},{"type":"MultiPolygon","arcs":[[[3411,438,439,440,441,442,443,444,3412]],[[3413,3414,3415]],[[3416]]],"properties":{"grunnkretsnummer":"56280101","grunnkretsnavn":"Austertana","delomradenummer":"562801","delomradenavn":"Tana","kommunenummer":"5628"}},{"type":"MultiPolygon","arcs":[[[450,451,-81,452,3417,3418]],[[3419,454,3420,3421]]],"properties":{"grunnkretsnummer":"56360108","grunnkretsnavn":"Vesterelv","delomradenummer":"563601","delomradenavn":"Nesseby","kommunenummer":"5636"}},{"type":"Polygon","arcs":[[456,457,458,459]],"properties":{"grunnkretsnummer":"56360112","grunnkretsnavn":"Nyelvfjellene","delomradenummer":"563601","delomradenavn":"Nesseby","kommunenummer":"5636"}},{"type":"Polygon","arcs":[[460,461,-442,462,3422,464,465,466,467,468]],"properties":{"grunnkretsnummer":"56360103","grunnkretsnavn":"Maddavarri","delomradenummer":"563601","delomradenavn":"Nesseby","kommunenummer":"5636"}},{"type":"Polygon","arcs":[[-467,469,-217,3423,3424,472]],"properties":{"grunnkretsnummer":"56360101","grunnkretsnavn":"Klubbvik","delomradenummer":"563601","delomradenavn":"Nesseby","kommunenummer":"5636"}},{"type":"Polygon","arcs":[[473,474,3425,3426,-3421,-455,-3420,3427,-3418,-453,-80]],"properties":{"grunnkretsnummer":"56360107","grunnkretsnavn":"Varangerbotn","delomradenummer":"563601","delomradenavn":"Nesseby","kommunenummer":"5636"}},{"type":"Polygon","arcs":[[476,477,-460,478,479,480,-82,-452]],"properties":{"grunnkretsnummer":"56360111","grunnkretsnavn":"Dirregejavre","delomradenummer":"563601","delomradenavn":"Nesseby","kommunenummer":"5636"}},{"type":"Polygon","arcs":[[3428,484,3429,3430,487,488,489,490,491,3431,3432]],"properties":{"grunnkretsnummer":"56050310","grunnkretsnavn":"Saga","delomradenummer":"560503","delomradenavn":"Kirkenes","kommunenummer":"5605"}},{"type":"MultiPolygon","arcs":[[[3433,496,-477,-451,3434]],[[3435]]],"properties":{"grunnkretsnummer":"56360109","grunnkretsnavn":"Karlebotn","delomradenummer":"563601","delomradenavn":"Nesseby","kommunenummer":"5636"}},{"type":"Polygon","arcs":[[3436,-457,-478,-497,-3434,3437]],"properties":{"grunnkretsnummer":"56360110","grunnkretsnavn":"Vegnes","delomradenummer":"563601","delomradenavn":"Nesseby","kommunenummer":"5636"}},{"type":"Polygon","arcs":[[-491,499,-11,500]],"properties":{"grunnkretsnummer":"56050309","grunnkretsnavn":"Haganes","delomradenummer":"560503","delomradenavn":"Kirkenes","kommunenummer":"5605"}},{"type":"Polygon","arcs":[[501,502,503,-488,3438,506,507]],"properties":{"grunnkretsnummer":"56050307","grunnkretsnavn":"Langøra","delomradenummer":"560503","delomradenavn":"Kirkenes","kommunenummer":"5605"}},{"type":"Polygon","arcs":[[-500,-490,508,-12]],"properties":{"grunnkretsnummer":"56050308","grunnkretsnavn":"Storhaugen-Lillehaugen","delomradenummer":"560503","delomradenavn":"Kirkenes","kommunenummer":"5605"}},{"type":"Polygon","arcs":[[509,510,511,512,513]],"properties":{"grunnkretsnummer":"56050207","grunnkretsnavn":"Bjørnevatn vest","delomradenummer":"560502","delomradenavn":"Høybuktmoen - Bjørnevatn","kommunenummer":"5605"}},{"type":"Polygon","arcs":[[-503,514]],"properties":{"grunnkretsnummer":"56050306","grunnkretsnavn":"Prestefjellet","delomradenummer":"560503","delomradenavn":"Kirkenes","kommunenummer":"5605"}},{"type":"MultiPolygon","arcs":[[[-126,-3266,3439,3440,516,517,518,3441,520,3442,-479,-459,522]],[[3443]],[[3444]],[[3445]],[[3446]]],"properties":{"grunnkretsnummer":"56050102","grunnkretsnavn":"Bugøyfjord","delomradenummer":"560501","delomradenavn":"Vestre Sør - Varanger","kommunenummer":"5605"}},{"type":"Polygon","arcs":[[3447,525,-90,-106,526,527,3448]],"properties":{"grunnkretsnummer":"56030103","grunnkretsnavn":"Midtbyen","delomradenummer":"560301","delomradenavn":"Sentrum","kommunenummer":"5603"}},{"type":"MultiPolygon","arcs":[[[-150,-3281,3449,-3371,-357,533]],[[3450,530,531,532,-395,-188,-3295,3451]]],"properties":{"grunnkretsnummer":"56030601","grunnkretsnavn":"Komagnes-Neverfjord","delomradenummer":"560306","delomradenavn":"Kvalsund","kommunenummer":"5603"}},{"type":"Polygon","arcs":[[-86,534,535,536,-18]],"properties":{"grunnkretsnummer":"56030203","grunnkretsnavn":"Elvestrand","delomradenummer":"560302","delomradenavn":"Baksalen","kommunenummer":"5603"}},{"type":"Polygon","arcs":[[537,-158,-3288,3452,3453,539]],"properties":{"grunnkretsnummer":"56030301","grunnkretsnavn":"Fuglenesveien","delomradenummer":"560303","delomradenavn":"Fuglenes","kommunenummer":"5603"}},{"type":"Polygon","arcs":[[-104,-19,-537,540,541]],"properties":{"grunnkretsnummer":"56030204","grunnkretsnavn":"Salheim","delomradenummer":"560302","delomradenavn":"Baksalen","kommunenummer":"5603"}},{"type":"Polygon","arcs":[[542,543,544,-540,-3454,3454,3455,548]],"properties":{"grunnkretsnummer":"56030302","grunnkretsnavn":"Fuglenes","delomradenummer":"560303","delomradenavn":"Fuglenes","kommunenummer":"5603"}},{"type":"Polygon","arcs":[[-528,549,550,3456,3457]],"properties":{"grunnkretsnummer":"56030102","grunnkretsnavn":"Nedre Hauen","delomradenummer":"560301","delomradenavn":"Sentrum","kommunenummer":"5603"}},{"type":"Polygon","arcs":[[552,-550,-527,-105,-542,-21,-33]],"properties":{"grunnkretsnummer":"56030205","grunnkretsnavn":"Blinken","delomradenummer":"560302","delomradenavn":"Baksalen","kommunenummer":"5603"}},{"type":"Polygon","arcs":[[553,554,555,556]],"properties":{"grunnkretsnummer":"56240114","grunnkretsnavn":"Vuonjalrassa","delomradenummer":"562401","delomradenavn":"Lebesby","kommunenummer":"5624"}},{"type":"Polygon","arcs":[[-396,-533,557,558,559,560,-424,-411]],"properties":{"grunnkretsnummer":"56030605","grunnkretsnavn":"Repparfjordfjellet","delomradenummer":"560306","delomradenavn":"Kvalsund","kommunenummer":"5603"}},{"type":"Polygon","arcs":[[561,562,563,-535,-85]],"properties":{"grunnkretsnummer":"56030106","grunnkretsnavn":"Lia","delomradenummer":"560301","delomradenavn":"Sentrum","kommunenummer":"5603"}},{"type":"Polygon","arcs":[[-3282,-151,-534,-356,-3370,3458]],"properties":{"grunnkretsnummer":"56030509","grunnkretsnavn":"Kårhamn","delomradenummer":"560305","delomradenavn":"Sørøysund","kommunenummer":"5603"}},{"type":"Polygon","arcs":[[-137,565,-538,-545,566]],"properties":{"grunnkretsnummer":"56030303","grunnkretsnavn":"Tåkeheimen","delomradenummer":"560303","delomradenavn":"Fuglenes","kommunenummer":"5603"}},{"type":"MultiPolygon","arcs":[[[3459,571,-113,-3258,3460]],[[3461]],[[3462]]],"properties":{"grunnkretsnummer":"56030512","grunnkretsnavn":"Akkarfjord","delomradenummer":"560305","delomradenavn":"Sørøysund","kommunenummer":"5603"}},{"type":"Polygon","arcs":[[572,573,-562,-154,-566,-136]],"properties":{"grunnkretsnummer":"56030403","grunnkretsnavn":"Dalen","delomradenummer":"560304","delomradenavn":"Fuglenesdalen","kommunenummer":"5603"}},{"type":"Polygon","arcs":[[3463,575,576,577,3464,579,-2,-3226,3465]],"properties":{"grunnkretsnummer":"56030609","grunnkretsnavn":"Kokelv-Selkop","delomradenummer":"560306","delomradenavn":"Kvalsund","kommunenummer":"5603"}},{"type":"Polygon","arcs":[[580,-573,-135]],"properties":{"grunnkretsnummer":"56030402","grunnkretsnavn":"Reindalen","delomradenummer":"560304","delomradenavn":"Fuglenesdalen","kommunenummer":"5603"}},{"type":"Polygon","arcs":[[-155,-107,-91,-526,-3448,3466]],"properties":{"grunnkretsnummer":"56030104","grunnkretsnavn":"Veien","delomradenummer":"560301","delomradenavn":"Sentrum","kommunenummer":"5603"}},{"type":"Polygon","arcs":[[-138,-567,-544,581]],"properties":{"grunnkretsnummer":"56030304","grunnkretsnavn":"Utsikten","delomradenummer":"560303","delomradenavn":"Fuglenes","kommunenummer":"5603"}},{"type":"Polygon","arcs":[[-541,-536,-564,582,-96,-146,583,3467,3468,-27]],"properties":{"grunnkretsnummer":"56030505","grunnkretsnavn":"Rypefjord 4","delomradenummer":"560305","delomradenavn":"Sørøysund","kommunenummer":"5603"}},{"type":"MultiPolygon","arcs":[[[-572,-3460,3469,3470,586,-114]],[[3471]]],"properties":{"grunnkretsnummer":"56030511","grunnkretsnavn":"Langstrand","delomradenummer":"560305","delomradenavn":"Sørøysund","kommunenummer":"5603"}},{"type":"MultiPolygon","arcs":[[[-3,-580,-3465,3472,588,589,-559,590,3473,-3253,-92]],[[3474]]],"properties":{"grunnkretsnummer":"56030606","grunnkretsnavn":"Indre Repparfjord-Erdal","delomradenummer":"560306","delomradenavn":"Kvalsund","kommunenummer":"5603"}},{"type":"Polygon","arcs":[[3475,593,594,-508,595,3476,3477]],"properties":{"grunnkretsnummer":"56050301","grunnkretsnavn":"Verksområdet","delomradenummer":"560503","delomradenavn":"Kirkenes","kommunenummer":"5605"}},{"type":"MultiPolygon","arcs":[[[-3468,-584,-145,-3278,3478]],[[3479]],[[3480]]],"properties":{"grunnkretsnummer":"56030506","grunnkretsnavn":"Rypefjord 5","delomradenummer":"560305","delomradenavn":"Sørøysund","kommunenummer":"5603"}},{"type":"Polygon","arcs":[[3481,599,-531,-3451,3482]],"properties":{"grunnkretsnummer":"56030603","grunnkretsnavn":"Kvalsund","delomradenummer":"560306","delomradenavn":"Kvalsund","kommunenummer":"5603"}},{"type":"Polygon","arcs":[[-3457,-551,-553,-32,-3233,3483]],"properties":{"grunnkretsnummer":"56030101","grunnkretsnavn":"Øvre Hauen","delomradenummer":"560301","delomradenavn":"Sentrum","kommunenummer":"5603"}},{"type":"Polygon","arcs":[[-600,-3482,3484,-591,-558,-532]],"properties":{"grunnkretsnummer":"56030604","grunnkretsnavn":"Halsen","delomradenummer":"560306","delomradenavn":"Kvalsund","kommunenummer":"5603"}},{"type":"Polygon","arcs":[[600,-549,-3456,3485,-3275,-140]],"properties":{"grunnkretsnummer":"56030306","grunnkretsnavn":"Rossmolla","delomradenummer":"560303","delomradenavn":"Fuglenes","kommunenummer":"5603"}},{"type":"Polygon","arcs":[[-139,-582,-543,-601]],"properties":{"grunnkretsnummer":"56030305","grunnkretsnavn":"Mian","delomradenummer":"560303","delomradenavn":"Fuglenes","kommunenummer":"5603"}},{"type":"MultiPolygon","arcs":[[[-574,-581,-134,-3274,3486,-97,-583,-563]],[[3487]]],"properties":{"grunnkretsnummer":"56030501","grunnkretsnavn":"Forsøl","delomradenummer":"560305","delomradenavn":"Sørøysund","kommunenummer":"5603"}},{"type":"MultiPolygon","arcs":[[[-115,-587,-3471,3488,3489,603,604]],[[3490]],[[3491]],[[3492]],[[3493]],[[3494]]],"properties":{"grunnkretsnummer":"56030510","grunnkretsnavn":"Fella","delomradenummer":"560305","delomradenavn":"Sørøysund","kommunenummer":"5603"}},{"type":"Polygon","arcs":[[605,606,3495,3496,3497,608,609,610,611,612,613]],"properties":{"grunnkretsnummer":"56050502","grunnkretsnavn":"Langfjorddalen","delomradenummer":"560505","delomradenavn":"Pasvik","kommunenummer":"5605"}},{"type":"Polygon","arcs":[[-14,614,-595]],"properties":{"grunnkretsnummer":"56050302","grunnkretsnavn":"Solheimslia","delomradenummer":"560503","delomradenavn":"Kirkenes","kommunenummer":"5605"}},{"type":"Polygon","arcs":[[-3432,-492,-501,-10,-594,-3476,3498]],"properties":{"grunnkretsnummer":"56050303","grunnkretsnavn":"Sentrum","delomradenummer":"560503","delomradenavn":"Kirkenes","kommunenummer":"5605"}},{"type":"Polygon","arcs":[[-512,616,617,3499,3500,620,-610,621]],"properties":{"grunnkretsnummer":"56050208","grunnkretsnavn":"Bjørnevatn øst","delomradenummer":"560502","delomradenavn":"Høybuktmoen - Bjørnevatn","kommunenummer":"5605"}},{"type":"Polygon","arcs":[[-514,622]],"properties":{"grunnkretsnummer":"56050206","grunnkretsnavn":"Sandnes øst","delomradenummer":"560502","delomradenavn":"Høybuktmoen - Bjørnevatn","kommunenummer":"5605"}},{"type":"MultiPolygon","arcs":[[[631,3501,633,3502,635,636,3503,638,3504,640,641,3505,644,645,3506,647,3507,3508,650,3509,3510,3511,3512,655,3513,657,3514,659,660,3515,662,3516,664,3517,666,3518,668,3519,670,3520,672,3521,675,3522,677,678,3523,680,3524,685,3525,3526,688,689,3527,691,3528,3529,694,3530,3531,703,3532,705,3533,707,3534,710,711,3535,713,714,3536,3537,717,3538,723,3539,725,3540,731,732,3541,738,739,3542,742,3543,744,3544,3545,3546,748,3547,751,3548,753,3549,755,3550,3551,758,3552,760,3553,762,3554,764,3555,766,3556,768,3557,3558,3559,772,3560,774,3561,776,3562,3563,779,3564,782,3565,3566,786,787,3567,789,790,791,3568,793,794,3569,3570,797,3571,799,800,3572,803,3573,805,3574,807,3575,809,810,3576,3577,3578,819,820,821,822,3579,824,3580,3581,828,3582,833,3583,835,3584,3585,838,3586,840,3587,842,3588,844,3589,846,3590,848,3591,850,3592,852,853,3593,855,3594,857,3595,859,3596,861,3597,863,864,3598,866,3599,869,870,3600,872,3601,874,3602,876,3603,878,3604,880,3605,882,3606,884,3607,886,3608,888,3609,3610,891,892,3611,3612,897,3613,3614,900,3615,902,3616,904,3617,906,3618,908,909,3619,911,912,3620,3621,3622,916,917,918,3623,920,3624,922,3625,3626,925,3627,927,928,3628,931,3629,933,934,3630,3631,939,940,3632,944,3633,946,3634,948,3635,950,3636,3637,953,954,3638,956,3639,958,3640,963,3641,965,3642,967,968,3643,3644,3645,973,3646,3647,976,3648,978,3649,981,3650,983,3651,986,987,3652,3653,992,3654,3655,3656,3657,998,999,3658,1001,3659,3660,1004,3661,1006,3662,1008,3663,3664,1011,3665,1013,3666,1015,3667,3668,3669,1019,3670,1021,1022,1023,1024,3671,1027,3672,1029,3673,1031,3674,1033,3675,1035,3676,1037,3677,1041,1042,3678,1045,3679,3680,1047,3681,1050,3682,1052,3683,1054,1055,1056,3684,3685,3686,1062,3687,1064,3688,1066,3689,1068,3690,1070,3691,1072,1073,3692,3693,1076,3694,1080,3695,1082,3696,1084,1085,3697,3698,1089,1090,3699,1094,3700,1096,3701,1098,3702,1100,3703,1102,3704,3705,1105,3706,1107,3707,1109,1110,3708,1115,1116,3709,3710,1119,3711,1121,3712,3713,1127,3714,1129,3715,3716,1132,1133,1134,3717,1136,3718,1138,3719,1140,1141,1142,1143,3720,1145,3721,1147,1148,3722,3723]],[[3724]],[[3725]]],"properties":{"grunnkretsnummer":"56050405","grunnkretsnavn":"Grense Jakobselv","delomradenummer":"560504","delomradenavn":"Østre Sør - Varanger","kommunenummer":"5605"}},{"type":"Polygon","arcs":[[3726,1151,1152,1153,3727,3728]],"properties":{"grunnkretsnummer":"56050202","grunnkretsnavn":"Nato","delomradenummer":"560502","delomradenavn":"Høybuktmoen - Bjørnevatn","kommunenummer":"5605"}},{"type":"Polygon","arcs":[[-3477,-596,-507,3729,3730,1159,1160,-1152,-3727,3731]],"properties":{"grunnkretsnummer":"56050203","grunnkretsnavn":"Bjørkheim","delomradenummer":"560502","delomradenavn":"Høybuktmoen - Bjørnevatn","kommunenummer":"5605"}},{"type":"Polygon","arcs":[[3732,1164,-606,1165,3733,3734]],"properties":{"grunnkretsnummer":"56050201","grunnkretsnavn":"Høybuktmoen","delomradenummer":"560502","delomradenavn":"Høybuktmoen - Bjørnevatn","kommunenummer":"5605"}},{"type":"Polygon","arcs":[[-509,-489,-504,-515,-502,-615,-13]],"properties":{"grunnkretsnummer":"56050305","grunnkretsnavn":"Jomfrulia","delomradenummer":"560503","delomradenavn":"Kirkenes","kommunenummer":"5605"}},{"type":"Polygon","arcs":[[1168,3735,3736,1171,3737,1173,3738,3739,1176,3740,1178,3741,3742,1180,3743,3744,1183,-612]],"properties":{"grunnkretsnummer":"56050503","grunnkretsnavn":"Svanvik","delomradenummer":"560505","delomradenavn":"Pasvik","kommunenummer":"5605"}},{"type":"Polygon","arcs":[[-621,-3501,3745,1185,3746,1187,3747,1189,3748,1191,3749,1193,3750,3751,1196,3752,1198,3753,1200,3754,1202,3755,1204,3756,1206,3757,1208,3758,1210,3759,3760,3761,1214,3762,3763,1217,3764,1219,3765,1221,3766,1223,3767,1225,3768,1227,3769,-3736,-1169,-611]],"properties":{"grunnkretsnummer":"56050501","grunnkretsnavn":"Nedre Pasvik","delomradenummer":"560505","delomradenavn":"Pasvik","kommunenummer":"5605"}},{"type":"MultiPolygon","arcs":[[[1232,-517,-3441,3770]],[[3771]],[[3772]],[[3773]],[[3774]],[[3775]],[[3776]],[[3777]],[[3778]],[[3779]]],"properties":{"grunnkretsnummer":"56050103","grunnkretsnavn":"Spurvnes-Skogerøya","delomradenummer":"560501","delomradenavn":"Vestre Sør - Varanger","kommunenummer":"5605"}},{"type":"MultiPolygon","arcs":[[[-3723,-1149,1235,3780,1237,3781,3782,1240,3783,1242,3784,1244,3785,1246,3786,1248,1249,1250,3787,3788]],[[3789]],[[3790]]],"properties":{"grunnkretsnummer":"56050404","grunnkretsnavn":"Jarfjord","delomradenummer":"560504","delomradenavn":"Østre Sør - Varanger","kommunenummer":"5605"}},{"type":"MultiPolygon","arcs":[[[-3788,-1251,1253,3791,3792]],[[3793]]],"properties":{"grunnkretsnummer":"56050403","grunnkretsnavn":"Ropelv","delomradenummer":"560504","delomradenavn":"Østre Sør - Varanger","kommunenummer":"5605"}},{"type":"Polygon","arcs":[[1256,3794,1258,3795,3796,3797,1262,1263,3798,3799,1266,3800,1268,3801,3802,1271,3803,1273,3804,1275,3805,1277,3806,1279,3807,3808,1282,3809,3810,3811,3812,3813,1288,3814,1290,3815,3816,1293,3817,1295,3818,3819,1298,3820,1300,3821,3822,1303,3823,3824,1306,3825,1308,3826,1310,3827,1312,3828,1314,3829,1316,3830,1318,3831,3832,1321,3833,1323,3834,1325,3835,3836,1328,3837,1330,3838,1332,3839,1334,3840,1336,3841,1338,3842,1340,3843,1342,3844,1344,3845,1346,3846,1348,3847,3848,1351,3849,1353,3850,1355,3851,1357,3852,1359,3853,1361,3854,3855,1364,3856,3857,1367,3858,1369,3859,1371,3860,1373,3861,3862,1376,3863,3864,3865,3866,3867,1382,3868]],"properties":{"grunnkretsnummer":"56050505","grunnkretsnavn":"Øvre Pasvik","delomradenummer":"560505","delomradenavn":"Pasvik","kommunenummer":"5605"}},{"type":"Polygon","arcs":[[3869,1384,-1250,1385,-618,1386,-1160,-3731,3870]],"properties":{"grunnkretsnummer":"56050401","grunnkretsnavn":"Elvenes","delomradenummer":"560504","delomradenavn":"Østre Sør - Varanger","kommunenummer":"5605"}},{"type":"Polygon","arcs":[[-1161,-1387,-617,-511,-1153]],"properties":{"grunnkretsnummer":"56050204","grunnkretsnavn":"A.V.L.","delomradenummer":"560502","delomradenavn":"Høybuktmoen - Bjørnevatn","kommunenummer":"5605"}},{"type":"MultiPolygon","arcs":[[[-3728,-1154,-510,-623,-513,-622,-609,-3498,3871]],[[-3496,-607,-1165,-3733,3872]]],"properties":{"grunnkretsnummer":"56050205","grunnkretsnavn":"Sandnes vest","delomradenummer":"560502","delomradenavn":"Høybuktmoen - Bjørnevatn","kommunenummer":"5605"}},{"type":"MultiPolygon","arcs":[[[-518,-1233,3873,-3734,-1166,-614,1387,1388,3874,1390,3875,1392]],[[3876]]],"properties":{"grunnkretsnummer":"56050104","grunnkretsnavn":"Neiden","delomradenummer":"560501","delomradenavn":"Vestre Sør - Varanger","kommunenummer":"5605"}},{"type":"Polygon","arcs":[[-3430,-485,-3429,3877]],"properties":{"grunnkretsnummer":"56050311","grunnkretsnavn":"Prestøya","delomradenummer":"560503","delomradenavn":"Kirkenes","kommunenummer":"5605"}},{"type":"Polygon","arcs":[[1395,3878,1397,3879,3880,1400,3881,1402,3882,1404,3883,1406,3884,1408,3885,1410,-1263,-3798,3886,1412,-1388,-613,-1184,-3745,3887,1414,3888,1416,3889,3890,3891,1421,3892,1423,3893,3894,1426,3895,1428,3896,1430,3897,1432,3898,3899,1435,3900,1437,3901]],"properties":{"grunnkretsnummer":"56050504","grunnkretsnavn":"Melkefoss-Skrotnes","delomradenummer":"560505","delomradenavn":"Pasvik","kommunenummer":"5605"}},{"type":"Polygon","arcs":[[-3792,-1254,-1385,-3870,3902]],"properties":{"grunnkretsnummer":"56050402","grunnkretsnavn":"Jakobsnes","delomradenummer":"560504","delomradenavn":"Østre Sør - Varanger","kommunenummer":"5605"}},{"type":"MultiPolygon","arcs":[[[1439,1440,3903,3904,3905,1446]],[[3906]]],"properties":{"grunnkretsnummer":"56200206","grunnkretsnavn":"Vannfjordnæringen","delomradenummer":"562002","delomradenavn":"Gjesvær","kommunenummer":"5620"}},{"type":"Polygon","arcs":[[1447,1448,1449,1450,1451]],"properties":{"grunnkretsnummer":"56100109","grunnkretsnavn":"Karasjokdalen","delomradenummer":"561001","delomradenavn":"Karasjok","kommunenummer":"5610"}},{"type":"MultiPolygon","arcs":[[[1452,-604,-3490,3907,3908,1455,1456,1457]],[[3909]],[[3910]],[[3911]],[[3912]],[[3913]],[[3914]],[[3915]],[[3916]],[[3917]]],"properties":{"grunnkretsnummer":"56160105","grunnkretsnavn":"Øyfjord","delomradenummer":"561601","delomradenavn":"Hasvik","kommunenummer":"5616"}},{"type":"MultiPolygon","arcs":[[[1458,3918,3919,3920,1462,-1458,1463]],[[3921]]],"properties":{"grunnkretsnummer":"56160103","grunnkretsnavn":"Dønnesfjord","delomradenummer":"561601","delomradenavn":"Hasvik","kommunenummer":"5616"}},{"type":"MultiPolygon","arcs":[[[3922,1465,1466,3923,3924]],[[3925]]],"properties":{"grunnkretsnummer":"56160107","grunnkretsnavn":"Breivikbotn 2","delomradenummer":"561601","delomradenavn":"Hasvik","kommunenummer":"5616"}},{"type":"MultiPolygon","arcs":[[[1469,-1456,-3909,3926,1471]],[[3927]],[[3928]],[[3929]]],"properties":{"grunnkretsnummer":"56160109","grunnkretsnavn":"Hasvik 2","delomradenummer":"561601","delomradenavn":"Hasvik","kommunenummer":"5616"}},{"type":"Polygon","arcs":[[1472,-1472,3930,-3924,-1467]],"properties":{"grunnkretsnummer":"56160108","grunnkretsnavn":"Hasvik 1","delomradenummer":"561601","delomradenavn":"Hasvik","kommunenummer":"5616"}},{"type":"Polygon","arcs":[[-317,-3353,3931,-3340,-292]],"properties":{"grunnkretsnummer":"56160110","grunnkretsnavn":"Stjernvåg-Nordfjord","delomradenummer":"561601","delomradenavn":"Hasvik","kommunenummer":"5616"}},{"type":"Polygon","arcs":[[3932,1476,-1464,-1457,-1470,-1473,-1466,-3923,3933]],"properties":{"grunnkretsnummer":"56160106","grunnkretsnavn":"Breivikbotn 1","delomradenummer":"561601","delomradenavn":"Hasvik","kommunenummer":"5616"}},{"type":"MultiPolygon","arcs":[[[-605,-1453,-1463,-3921,3934,-3256,-109]],[[3935]],[[3936]]],"properties":{"grunnkretsnummer":"56160104","grunnkretsnavn":"Børfjord","delomradenummer":"561601","delomradenavn":"Hasvik","kommunenummer":"5616"}},{"type":"Polygon","arcs":[[3937,1479,3938,3939,-3919,-1459,-1477,-3933,3940]],"properties":{"grunnkretsnummer":"56160102","grunnkretsnavn":"Breivik","delomradenummer":"561601","delomradenavn":"Hasvik","kommunenummer":"5616"}},{"type":"MultiPolygon","arcs":[[[-3939,-1480,-3938,3941]],[[3942]],[[3943]],[[3944]]],"properties":{"grunnkretsnummer":"56160101","grunnkretsnavn":"Sørvær","delomradenummer":"561601","delomradenavn":"Hasvik","kommunenummer":"5616"}},{"type":"Polygon","arcs":[[1483,3945,3946,3947,1486,1487,1488]],"properties":{"grunnkretsnummer":"56070303","grunnkretsnavn":"Varden-Høvesbakken","delomradenummer":"560703","delomradenavn":"Ytre Vadsø","kommunenummer":"5607"}},{"type":"Polygon","arcs":[[-237,1489,-39,-54,-3240,3948,-3235,-44]],"properties":{"grunnkretsnummer":"56070103","grunnkretsnavn":"Engstien-Havnegt.","delomradenummer":"560701","delomradenavn":"Vadsø Sentrum","kommunenummer":"5607"}},{"type":"Polygon","arcs":[[-242,1491,1492,1493]],"properties":{"grunnkretsnummer":"56280105","grunnkretsnavn":"Boftsa-Rustefjelbma","delomradenummer":"562801","delomradenavn":"Tana","kommunenummer":"5628"}},{"type":"Polygon","arcs":[[-3314,-243,-1494,1494,1495,3949,3950]],"properties":{"grunnkretsnummer":"56280107","grunnkretsnavn":"Smalfjorden","delomradenummer":"562801","delomradenavn":"Tana","kommunenummer":"5628"}},{"type":"Polygon","arcs":[[1497,-83,-481,1498,3951,1500,3952,1502,1503]],"properties":{"grunnkretsnummer":"56280203","grunnkretsnavn":"Alleknjarg-Polmak","delomradenummer":"562802","delomradenavn":"Polmak","kommunenummer":"5628"}},{"type":"MultiPolygon","arcs":[[[-3950,-1496,1504,1505,1506,1507,1508,3953,3954]],[[3955]]],"properties":{"grunnkretsnummer":"56280108","grunnkretsnavn":"Torhop-Vestertana","delomradenummer":"562801","delomradenavn":"Tana","kommunenummer":"5628"}},{"type":"Polygon","arcs":[[-3415,-3414,3956,-445,1512,1513,-1492,-241,-3313,3957]],"properties":{"grunnkretsnummer":"56280102","grunnkretsnavn":"Birkestrand-Harrelv","delomradenummer":"562801","delomradenavn":"Tana","kommunenummer":"5628"}},{"type":"Polygon","arcs":[[1514,-227,1515,-1489,1516,1517]],"properties":{"grunnkretsnummer":"56070306","grunnkretsnavn":"Torsvarden","delomradenummer":"560703","delomradenavn":"Ytre Vadsø","kommunenummer":"5607"}},{"type":"Polygon","arcs":[[1519,1520,1521,3958,3959]],"properties":{"grunnkretsnummer":"56070407","grunnkretsnavn":"Skallelv","delomradenummer":"560704","delomradenavn":"Distriktet","kommunenummer":"5607"}},{"type":"Polygon","arcs":[[-3311,-232,-220,1523,3960,3961]],"properties":{"grunnkretsnummer":"56070402","grunnkretsnavn":"Kariel","delomradenummer":"560704","delomradenavn":"Distriktet","kommunenummer":"5607"}},{"type":"MultiPolygon","arcs":[[[3962,1527,-229,1528,-1520,3963]],[[3964]]],"properties":{"grunnkretsnummer":"56070406","grunnkretsnavn":"Krampenes","delomradenummer":"560704","delomradenavn":"Distriktet","kommunenummer":"5607"}},{"type":"Polygon","arcs":[[-270,-3328,3965,3966,1530,1531,-1518,1532,-235,-74,-159,1533]],"properties":{"grunnkretsnummer":"56070207","grunnkretsnavn":"Thomaselv-Vinika","delomradenummer":"560702","delomradenavn":"Indre Vadsø","kommunenummer":"5607"}},{"type":"Polygon","arcs":[[3967,1538,1539,3968,3969]],"properties":{"grunnkretsnummer":"56070109","grunnkretsnavn":"Friområdet på øya","delomradenummer":"560701","delomradenavn":"Vadsø Sentrum","kommunenummer":"5607"}},{"type":"Polygon","arcs":[[-1533,-1517,-1488,1541,-40,1542,1543,-36,-1490,-236]],"properties":{"grunnkretsnummer":"56070305","grunnkretsnavn":"Jordbruksområdet i Vadsø","delomradenummer":"560703","delomradenavn":"Ytre Vadsø","kommunenummer":"5607"}},{"type":"Polygon","arcs":[[3970,1546,-1539,-3968,3971]],"properties":{"grunnkretsnummer":"56070108","grunnkretsnavn":"Industriområdet på øya","delomradenummer":"560701","delomradenavn":"Vadsø Sentrum","kommunenummer":"5607"}},{"type":"Polygon","arcs":[[-1543,-42,1547,3972,3973,1550]],"properties":{"grunnkretsnummer":"56070105","grunnkretsnavn":"Fengselsområdet","delomradenummer":"560701","delomradenavn":"Vadsø Sentrum","kommunenummer":"5607"}},{"type":"Polygon","arcs":[[-465,-3423,-463,-441,1551,3974,1553,1554]],"properties":{"grunnkretsnummer":"56070410","grunnkretsnavn":"Jakobselvkroken","delomradenummer":"560704","delomradenavn":"Distriktet","kommunenummer":"5607"}},{"type":"Polygon","arcs":[[-1547,-3971,3975,-3969,-1540]],"properties":{"grunnkretsnummer":"56070107","grunnkretsnavn":"Boligområdet på øya","delomradenummer":"560701","delomradenavn":"Vadsø Sentrum","kommunenummer":"5607"}},{"type":"Polygon","arcs":[[-1487,-3948,3976,-1548,-41,-1542]],"properties":{"grunnkretsnummer":"56070301","grunnkretsnavn":"Høvesbakken","delomradenummer":"560703","delomradenavn":"Ytre Vadsø","kommunenummer":"5607"}},{"type":"Polygon","arcs":[[-37,-1544,-1551,-3974,3977,-3238,-49]],"properties":{"grunnkretsnummer":"56070104","grunnkretsnavn":"Skoleområde - Sykehusområde","delomradenummer":"560701","delomradenavn":"Vadsø Sentrum","kommunenummer":"5607"}},{"type":"Polygon","arcs":[[1555,1556,-1521,-1529,-228,1557]],"properties":{"grunnkretsnummer":"56070409","grunnkretsnavn":"Falkefjell","delomradenummer":"560704","delomradenavn":"Distriktet","kommunenummer":"5607"}},{"type":"Polygon","arcs":[[-226,-3309,3978,-3946,-1484,-1516]],"properties":{"grunnkretsnummer":"56070304","grunnkretsnavn":"Kiby","delomradenummer":"560703","delomradenavn":"Ytre Vadsø","kommunenummer":"5607"}},{"type":"Polygon","arcs":[[-230,-1528,-3963,3979]],"properties":{"grunnkretsnummer":"56070405","grunnkretsnavn":"Ekkerøy","delomradenummer":"560704","delomradenavn":"Distriktet","kommunenummer":"5607"}},{"type":"Polygon","arcs":[[-160,-76,-238,-48,-3237,3980,-3326,-266]],"properties":{"grunnkretsnummer":"56070201","grunnkretsnavn":"Prestelv syd","delomradenummer":"560702","delomradenavn":"Indre Vadsø","kommunenummer":"5607"}},{"type":"MultiPolygon","arcs":[[[-3961,-1524,-219,1558,-1531,-3967,3981]],[[3982]]],"properties":{"grunnkretsnummer":"56070208","grunnkretsnavn":"Makkenes-Andersby","delomradenummer":"560702","delomradenavn":"Indre Vadsø","kommunenummer":"5607"}},{"type":"Polygon","arcs":[[-162,-271,-1534]],"properties":{"grunnkretsnummer":"56070206","grunnkretsnavn":"Fjellheim","delomradenummer":"560702","delomradenavn":"Indre Vadsø","kommunenummer":"5607"}},{"type":"Polygon","arcs":[[-1555,-1558,-1515,-1532,-1559,-218,-470,-466]],"properties":{"grunnkretsnummer":"56070408","grunnkretsnavn":"Urdfjell","delomradenummer":"560704","delomradenavn":"Distriktet","kommunenummer":"5607"}},{"type":"Polygon","arcs":[[1559,1560,1561,1562,1563,1564]],"properties":{"grunnkretsnummer":"56120110","grunnkretsnavn":"Kautokeino-Sáttomaras","delomradenummer":"561201","delomradenavn":"Kautokeino","kommunenummer":"5612"}},{"type":"Polygon","arcs":[[3983,1568,1569,1570,3984,3985]],"properties":{"grunnkretsnummer":"56300104","grunnkretsnavn":"Langmannsneset","delomradenummer":"563001","delomradenavn":"Berlevåg","kommunenummer":"5630"}},{"type":"Polygon","arcs":[[1572,1573,-1504,1574,3986,1576,3987,1578,3988,1580,3989,3990,3991,3992,3993,3994,1587,3995,1589,3996,1591,3997,3998,1594,3999,1596,4000,1598,4001,1600,4002,1602,4003,4004,1605,4005,1607,4006,1609,1610]],"properties":{"grunnkretsnummer":"56280205","grunnkretsnavn":"Båteng-Laksjoka","delomradenummer":"562802","delomradenavn":"Polmak","kommunenummer":"5628"}},{"type":"Polygon","arcs":[[-1495,-1493,-1514,1611,-247,1612,1613,-1505]],"properties":{"grunnkretsnummer":"56280104","grunnkretsnavn":"Vestre Seida-Holmfjell","delomradenummer":"562801","delomradenavn":"Tana","kommunenummer":"5628"}},{"type":"Polygon","arcs":[[1614,1615,-1506,-1614,1616,-1573,1617]],"properties":{"grunnkretsnummer":"56280206","grunnkretsnavn":"Vestvidda","delomradenummer":"562802","delomradenavn":"Polmak","kommunenummer":"5628"}},{"type":"Polygon","arcs":[[-1513,-444,1618,-79,-245,-1612]],"properties":{"grunnkretsnummer":"56280103","grunnkretsnavn":"Østre Seida","delomradenummer":"562801","delomradenavn":"Tana","kommunenummer":"5628"}},{"type":"Polygon","arcs":[[1619,1620,-556,1621,1622,-1618,-1611,1623,4007,1625,4008,1627,4009,1629,4010,1631,4011,4012,4013,4014,4015,1637,4016,4017,1640,4018,4019,1643,4020,4021,1646,4022,4023,4024,4025,1651,4026,1653,4027,1655,4028,1657,4029,1659,4030,4031,1662,4032,4033,1665,4034,1667,4035,1669,4036,1671,4037,1673,4038,1675,4039,1677,4040,1679,4041,1681,4042,4043,1684,4044,4045,1687,4046,4047,1690,4048,1692,4049,1694,4050,1696,4051,4052,4053,1700,4054,1702,4055,1704,4056,1706,4057,1708,4058,1710,4059,1712,4060,4061,1715,4062,4063,4064,1719,4065,4066,4067,1723,4068,4069,1726,4070,1728,4071,1730,4072,4073,1733,4074,4075,4076,1737,4077,4078,4079,1741,4080,1743,4081,1745,4082,1747,4083,1749,4084,1751,4085,1753,4086,1755,4087,1757,4088,1759,4089,1761,4090,4091,1764,4092,1766,4093,4094,1769,4095,1771,4096,1773,4097,1775,4098,1777,4099,1779,4100,1781,4101,4102,1784,4103,1786,4104,1788,4105,4106,1791,4107,4108,1794,4109,1796,4110,1798,4111,1800,4112,1802,4113,4114,1805]],"properties":{"grunnkretsnummer":"56280207","grunnkretsnavn":"Sirma-Levajok","delomradenummer":"562802","delomradenavn":"Polmak","kommunenummer":"5628"}},{"type":"Polygon","arcs":[[-1617,-1613,-246,-84,-1498,-1574]],"properties":{"grunnkretsnummer":"56280204","grunnkretsnavn":"Horma-vestre Skippagurra","delomradenummer":"562802","delomradenavn":"Polmak","kommunenummer":"5628"}},{"type":"Polygon","arcs":[[-469,1806,4115,4116,4117,1809]],"properties":{"grunnkretsnummer":"56360104","grunnkretsnavn":"Bunes","delomradenummer":"563601","delomradenavn":"Nesseby","kommunenummer":"5636"}},{"type":"Polygon","arcs":[[-443,-462,1810,-474,-1619]],"properties":{"grunnkretsnummer":"56360106","grunnkretsnavn":"Rasjok","delomradenummer":"563601","delomradenavn":"Nesseby","kommunenummer":"5636"}},{"type":"MultiPolygon","arcs":[[[-3267,-127,-523,-458,-3437,4118]],[[-3270,-129,-3269,4119]],[[4120]],[[4121]],[[4122]]],"properties":{"grunnkretsnummer":"56360113","grunnkretsnavn":"Nyelv","delomradenummer":"563601","delomradenavn":"Nesseby","kommunenummer":"5636"}},{"type":"Polygon","arcs":[[-461,-1810,-4118,4123,-3426,-475,-1811]],"properties":{"grunnkretsnummer":"56360105","grunnkretsnavn":"Meskelv","delomradenummer":"563601","delomradenavn":"Nesseby","kommunenummer":"5636"}},{"type":"MultiPolygon","arcs":[[[-468,-473,-3425,4124,-4116,-1807]],[[4125]]],"properties":{"grunnkretsnummer":"56360102","grunnkretsnavn":"Nesseby","delomradenummer":"563601","delomradenavn":"Nesseby","kommunenummer":"5636"}},{"type":"Polygon","arcs":[[1811,4126,4127,4128,1816,-254,1817,1818]],"properties":{"grunnkretsnummer":"56220202","grunnkretsnavn":"Smørstad","delomradenummer":"562202","delomradenavn":"Indre Porsanger","kommunenummer":"5622"}},{"type":"Polygon","arcs":[[1819,1820,1821,-1620,1822,1823,1824,1825]],"properties":{"grunnkretsnummer":"56220211","grunnkretsnavn":"Luostejok","delomradenummer":"562202","delomradenavn":"Indre Porsanger","kommunenummer":"5622"}},{"type":"MultiPolygon","arcs":[[[1826,1827,4129,4130,4131,1831,1832]],[[4132]],[[4133]]],"properties":{"grunnkretsnummer":"56240105","grunnkretsnavn":"Torskefjord-Bekkarfjord","delomradenummer":"562401","delomradenavn":"Lebesby","kommunenummer":"5624"}},{"type":"Polygon","arcs":[[1833,1834,-1615,-1623,1835]],"properties":{"grunnkretsnummer":"56240112","grunnkretsnavn":"Gappatvarri","delomradenummer":"562401","delomradenavn":"Lebesby","kommunenummer":"5624"}},{"type":"MultiPolygon","arcs":[[[1836,4134,4135,4136,1839,1840,-554,1841,1842]],[[4137]]],"properties":{"grunnkretsnummer":"56240109","grunnkretsnavn":"Laksefjordbotn-Kunes","delomradenummer":"562401","delomradenavn":"Lebesby","kommunenummer":"5624"}},{"type":"MultiPolygon","arcs":[[[1843,1844,1845,-1832,-4132,4138,4139,1848,1849,1850,1851]],[[4140]],[[4141]],[[4142]]],"properties":{"grunnkretsnummer":"56240104","grunnkretsnavn":"Kifjord-Normanset-Mårøyfjord","delomradenummer":"562401","delomradenavn":"Lebesby","kommunenummer":"5624"}},{"type":"Polygon","arcs":[[4143,1854,-1850,1855,4144]],"properties":{"grunnkretsnummer":"56240102","grunnkretsnavn":"Kjøllefjord vestre","delomradenummer":"562401","delomradenavn":"Lebesby","kommunenummer":"5624"}},{"type":"Polygon","arcs":[[1857,1858,4145,4146,4147,1861,-1827,1862]],"properties":{"grunnkretsnummer":"56240107","grunnkretsnavn":"Ifjord","delomradenummer":"562401","delomradenavn":"Lebesby","kommunenummer":"5624"}},{"type":"MultiPolygon","arcs":[[[-4130,-1828,-1862,-4148,4148]],[[4149]],[[4150]],[[4151]],[[4152]]],"properties":{"grunnkretsnummer":"56240106","grunnkretsnavn":"Lebesby","delomradenummer":"562401","delomradenavn":"Lebesby","kommunenummer":"5624"}},{"type":"Polygon","arcs":[[1869,1870,-1851,-1855,-4144,4153]],"properties":{"grunnkretsnummer":"56240101","grunnkretsnavn":"Kjøllefjord østre","delomradenummer":"562401","delomradenavn":"Lebesby","kommunenummer":"5624"}},{"type":"Polygon","arcs":[[-1835,1871,-1858,1872,-1507,-1616]],"properties":{"grunnkretsnummer":"56240111","grunnkretsnavn":"Vadasbaksæibos","delomradenummer":"562401","delomradenavn":"Lebesby","kommunenummer":"5624"}},{"type":"MultiPolygon","arcs":[[[-4146,-1859,-1872,-1834,1874,-1840,-4137,4154]],[[4155]],[[4156]],[[4157]],[[4158]],[[4159]]],"properties":{"grunnkretsnummer":"56240108","grunnkretsnavn":"Friarfjord-Adamsfjord","delomradenummer":"562401","delomradenavn":"Lebesby","kommunenummer":"5624"}},{"type":"Polygon","arcs":[[-1841,-1875,-1836,-1622,-555]],"properties":{"grunnkretsnummer":"56240113","grunnkretsnavn":"Eretoaivit","delomradenummer":"562401","delomradenavn":"Lebesby","kommunenummer":"5624"}},{"type":"Polygon","arcs":[[-1856,-1849,-4140,4160]],"properties":{"grunnkretsnummer":"56240103","grunnkretsnavn":"Dyfjord","delomradenummer":"562401","delomradenavn":"Lebesby","kommunenummer":"5624"}},{"type":"MultiPolygon","arcs":[[[1876,4161,4162,-4135,-1837,1878,1879]],[[4163]],[[4164]],[[4165]]],"properties":{"grunnkretsnummer":"56240110","grunnkretsnavn":"Veidnesklubben-Godviknes","delomradenummer":"562401","delomradenavn":"Lebesby","kommunenummer":"5624"}},{"type":"MultiPolygon","arcs":[[[-577,1880,1881,1882,1883,4166,4167,4168,1889,4169]],[[4170,1887,4171,4172]]],"properties":{"grunnkretsnummer":"56220306","grunnkretsnavn":"Smørfjord","delomradenummer":"562203","delomradenavn":"Vestre Porsanger","kommunenummer":"5622"}},{"type":"MultiPolygon","arcs":[[[4173,1893,1894,4174,4175]],[[4176]],[[4177]],[[4178]],[[4179]],[[4180]],[[4181]],[[4182]],[[4183]],[[4184]],[[4185]],[[4186]],[[4187]],[[4188]],[[4189]],[[4190]],[[4191]],[[4192]],[[4193]],[[4194]],[[4195]],[[4196]],[[4197]],[[4198]],[[4199]],[[4200]],[[4201]],[[4202]]],"properties":{"grunnkretsnummer":"56220207","grunnkretsnavn":"Skogende - Hamnbukt","delomradenummer":"562202","delomradenavn":"Indre Porsanger","kommunenummer":"5622"}},{"type":"Polygon","arcs":[[4203,1898,1899,-1821,1900,1901,-1894,-4174,4204]],"properties":{"grunnkretsnummer":"56220208","grunnkretsnavn":"Østerbotn","delomradenummer":"562202","delomradenavn":"Indre Porsanger","kommunenummer":"5622"}},{"type":"Polygon","arcs":[[-432,-374,-561,1902,1903,1904,1905,1906]],"properties":{"grunnkretsnummer":"56220307","grunnkretsnavn":"Stabbursdalen","delomradenummer":"562203","delomradenavn":"Vestre Porsanger","kommunenummer":"5622"}},{"type":"MultiPolygon","arcs":[[[1907,1908,4205,4206,-4127,-1812,1911,-1904]],[[4207]],[[4208]],[[4209]],[[4210]],[[4211]],[[4212]],[[4213]],[[4214]],[[4215]],[[4216]]],"properties":{"grunnkretsnummer":"56220301","grunnkretsnavn":"Valdak-Igeldas","delomradenummer":"562203","delomradenavn":"Vestre Porsanger","kommunenummer":"5622"}},{"type":"Polygon","arcs":[[-4175,-1895,-1902,1912,4217,4218]],"properties":{"grunnkretsnummer":"56220206","grunnkretsnavn":"Brennelv","delomradenummer":"562202","delomradenavn":"Indre Porsanger","kommunenummer":"5622"}},{"type":"Polygon","arcs":[[1914,-1826,1915,1916]],"properties":{"grunnkretsnummer":"56220209","grunnkretsnavn":"Porsangmoen","delomradenummer":"562202","delomradenavn":"Indre Porsanger","kommunenummer":"5622"}},{"type":"Polygon","arcs":[[-3316,-252,1917,-589,-3473,-578,-4170,-1890,-4169,4219,-4172,-1888,-4171,4220]],"properties":{"grunnkretsnummer":"56220305","grunnkretsnavn":"Olderfjord-Russenes","delomradenummer":"562203","delomradenavn":"Vestre Porsanger","kommunenummer":"5622"}},{"type":"Polygon","arcs":[[-1819,1918,1919,-1917,1920,-1905,-1912]],"properties":{"grunnkretsnummer":"56220204","grunnkretsnavn":"Øvre Lakselv","delomradenummer":"562202","delomradenavn":"Indre Porsanger","kommunenummer":"5622"}},{"type":"Polygon","arcs":[[1921,-1906,-1921,-1916,-1825,1922]],"properties":{"grunnkretsnummer":"56220210","grunnkretsnavn":"Skoganvarre","delomradenummer":"562202","delomradenavn":"Indre Porsanger","kommunenummer":"5622"}},{"type":"MultiPolygon","arcs":[[[-251,4221,4222,1925,-1908,-1903,-560,-590,-1918]],[[4223]],[[4224]],[[4225]]],"properties":{"grunnkretsnummer":"56220303","grunnkretsnavn":"Ytre Billefjord","delomradenummer":"562203","delomradenavn":"Vestre Porsanger","kommunenummer":"5622"}},{"type":"Polygon","arcs":[[1926,-255,-1817,-4129,4226,-4218,-1913,-1901,-1820,-1915,-1920]],"properties":{"grunnkretsnummer":"56220205","grunnkretsnavn":"Ildskog","delomradenummer":"562202","delomradenavn":"Indre Porsanger","kommunenummer":"5622"}},{"type":"Polygon","arcs":[[-1842,-557,-1621,-1822,-1900,1927]],"properties":{"grunnkretsnummer":"56220104","grunnkretsnavn":"Børselvdalen","delomradenummer":"562201","delomradenavn":"Porsanger Østside","kommunenummer":"5622"}},{"type":"MultiPolygon","arcs":[[[-1843,-1928,-1899,-4204,4227,4228,1930,1931,-1879]],[[4229]],[[4230]],[[4231]],[[4232]],[[4233]],[[4234]],[[4235]],[[4236]],[[4237]],[[4238]],[[4239]],[[4240]]],"properties":{"grunnkretsnummer":"56220103","grunnkretsnavn":"Børselv","delomradenummer":"562201","delomradenavn":"Porsanger Østside","kommunenummer":"5622"}},{"type":"Polygon","arcs":[[1933,-1931,-4229,4241]],"properties":{"grunnkretsnummer":"56220102","grunnkretsnavn":"Leirpollen","delomradenummer":"562201","delomradenavn":"Porsanger Østside","kommunenummer":"5622"}},{"type":"MultiPolygon","arcs":[[[-1932,-1934,4242,4243,1936,-1880]],[[4244]]],"properties":{"grunnkretsnummer":"56220101","grunnkretsnavn":"Brenna-Kjæs","delomradenummer":"562201","delomradenavn":"Porsanger Østside","kommunenummer":"5622"}},{"type":"MultiPolygon","arcs":[[[-4206,-1909,-1926,-4223,4245]],[[4246]]],"properties":{"grunnkretsnummer":"56220302","grunnkretsnavn":"Indre Billefjord","delomradenummer":"562203","delomradenavn":"Vestre Porsanger","kommunenummer":"5622"}},{"type":"Polygon","arcs":[[-1818,-256,-1927,-1919]],"properties":{"grunnkretsnummer":"56220203","grunnkretsnavn":"Gjestgiveribrinken","delomradenummer":"562202","delomradenavn":"Indre Porsanger","kommunenummer":"5622"}},{"type":"Polygon","arcs":[[4247,1939,1940,4248,4249]],"properties":{"grunnkretsnummer":"56300110","grunnkretsnavn":"Store Molvik","delomradenummer":"563001","delomradenavn":"Berlevåg","kommunenummer":"5630"}},{"type":"MultiPolygon","arcs":[[[1944,4250,4251,4252,1949,1950,1951,1952,1953]],[[4253]],[[4254]],[[4255]]],"properties":{"grunnkretsnummer":"56300107","grunnkretsnavn":"Straumstind","delomradenummer":"563001","delomradenavn":"Berlevåg","kommunenummer":"5630"}},{"type":"MultiPolygon","arcs":[[[4256,1955,1956,1957,4257,4258]],[[4259,4260]],[[4261]]],"properties":{"grunnkretsnummer":"56300106","grunnkretsnavn":"Kongsfjord","delomradenummer":"563001","delomradenavn":"Berlevåg","kommunenummer":"5630"}},{"type":"Polygon","arcs":[[-1570,1960,1961]],"properties":{"grunnkretsnummer":"56300103","grunnkretsnavn":"Øverbygda","delomradenummer":"563001","delomradenavn":"Berlevåg","kommunenummer":"5630"}},{"type":"Polygon","arcs":[[-440,1962,-1956,-4257,4262,-4251,-1945,1963]],"properties":{"grunnkretsnummer":"56300108","grunnkretsnavn":"Kongsfjordfjellet","delomradenummer":"563001","delomradenavn":"Berlevåg","kommunenummer":"5630"}},{"type":"Polygon","arcs":[[-1961,-1569,-3984,4263,4264,1965,1966]],"properties":{"grunnkretsnummer":"56300102","grunnkretsnavn":"Været","delomradenummer":"563001","delomradenavn":"Berlevåg","kommunenummer":"5630"}},{"type":"Polygon","arcs":[[4265,1968,-1966,-4265,4266]],"properties":{"grunnkretsnummer":"56300101","grunnkretsnavn":"Revnes","delomradenummer":"563001","delomradenavn":"Berlevåg","kommunenummer":"5630"}},{"type":"Polygon","arcs":[[-4249,-1941,1970,-1957,-1963,-439,-3412,4267]],"properties":{"grunnkretsnummer":"56300109","grunnkretsnavn":"Trollfjord","delomradenummer":"563001","delomradenavn":"Berlevåg","kommunenummer":"5630"}},{"type":"Polygon","arcs":[[-1969,-4266,4268,-4260,4269,-4258,-1958,-1971,-1940,-4248,4270,-3985,-1571,-1962,-1967]],"properties":{"grunnkretsnummer":"56300105","grunnkretsnavn":"Sandfjord","delomradenummer":"563001","delomradenavn":"Berlevåg","kommunenummer":"5630"}},{"type":"MultiPolygon","arcs":[[[1973,4271,4272,1976]],[[4273]],[[4274]],[[4275]]],"properties":{"grunnkretsnummer":"56180121","grunnkretsnavn":"Slåtten","delomradenummer":"561801","delomradenavn":"Måsøy","kommunenummer":"5618"}},{"type":"MultiPolygon","arcs":[[[4276]],[[4277]]],"properties":{"grunnkretsnummer":"56180111","grunnkretsnavn":"Måsøy","delomradenummer":"561801","delomradenavn":"Måsøy","kommunenummer":"5618"}},{"type":"MultiPolygon","arcs":[[[-576,-3464,4278,-4272,-1974,1981,1982,-1881]],[[4279]]],"properties":{"grunnkretsnummer":"56180120","grunnkretsnavn":"Litlefjord","delomradenummer":"561801","delomradenavn":"Måsøy","kommunenummer":"5618"}},{"type":"Polygon","arcs":[[-3241,-55,1986,4280,4281]],"properties":{"grunnkretsnummer":"56180116","grunnkretsnavn":"Nordre Dalområde","delomradenummer":"561801","delomradenavn":"Måsøy","kommunenummer":"5618"}},{"type":"MultiPolygon","arcs":[[[4282,1991,1992,4283,4284]],[[4285]]],"properties":{"grunnkretsnummer":"56180107","grunnkretsnavn":"Magerøysundet","delomradenummer":"561801","delomradenavn":"Måsøy","kommunenummer":"5618"}},{"type":"Polygon","arcs":[[1995,-3246,4286,4287,1999,2000]],"properties":{"grunnkretsnummer":"56180112","grunnkretsnavn":"Kullfjorden","delomradenummer":"561801","delomradenavn":"Måsøy","kommunenummer":"5618"}},{"type":"Polygon","arcs":[[4288,2002,2003,2004,-2000,-4288,4289]],"properties":{"grunnkretsnummer":"56180108","grunnkretsnavn":"Ryggefjorden","delomradenummer":"561801","delomradenavn":"Måsøy","kommunenummer":"5618"}},{"type":"Polygon","arcs":[[-3250,-67,-3249,4290]],"properties":{"grunnkretsnummer":"56180123","grunnkretsnavn":"Tufjord","delomradenummer":"561801","delomradenavn":"Måsøy","kommunenummer":"5618"}},{"type":"MultiPolygon","arcs":[[[-4284,-1993,2007,-1882,-1983,2008,-2003,-4289,4291]],[[4292]]],"properties":{"grunnkretsnummer":"56180109","grunnkretsnavn":"Kobbefjorden","delomradenummer":"561801","delomradenavn":"Måsøy","kommunenummer":"5618"}},{"type":"MultiPolygon","arcs":[[[4293]],[[4294]],[[4295]]],"properties":{"grunnkretsnummer":"56180113","grunnkretsnavn":"Hjelmsøy","delomradenummer":"561801","delomradenavn":"Måsøy","kommunenummer":"5618"}},{"type":"MultiPolygon","arcs":[[[-3247,-61,-1996,2013,4296,4297]],[[-63,4298,-4281,-1987]]],"properties":{"grunnkretsnummer":"56180117","grunnkretsnavn":"Strandveien vest","delomradenummer":"561801","delomradenavn":"Måsøy","kommunenummer":"5618"}},{"type":"MultiPolygon","arcs":[[[4299,2016,-2004,-2009,-1982,-1977,4300]],[[4301]],[[4302]],[[4303]],[[4304]]],"properties":{"grunnkretsnummer":"56180119","grunnkretsnavn":"Snefjorden","delomradenummer":"561801","delomradenavn":"Måsøy","kommunenummer":"5618"}},{"type":"Polygon","arcs":[[-3244,-58,-3243,4305]],"properties":{"grunnkretsnummer":"56180114","grunnkretsnavn":"Hallvika","delomradenummer":"561801","delomradenavn":"Måsøy","kommunenummer":"5618"}},{"type":"MultiPolygon","arcs":[[[-4297,-2014,-2001,-2005,-2017,-4300,4306]],[[4307]],[[4308]]],"properties":{"grunnkretsnummer":"56180118","grunnkretsnavn":"Balefjorden","delomradenummer":"561801","delomradenavn":"Måsøy","kommunenummer":"5618"}},{"type":"MultiPolygon","arcs":[[[4309]],[[4310]],[[4311]],[[4312]],[[4313]],[[4314]],[[4315]],[[4316]],[[4317]],[[4318]],[[4319]],[[4320]],[[4321]],[[4322]],[[4323]],[[4324]],[[4325]],[[4326]],[[4327]],[[4328]]],"properties":{"grunnkretsnummer":"56180124","grunnkretsnavn":"Ingøy","delomradenummer":"561801","delomradenavn":"Måsøy","kommunenummer":"5618"}},{"type":"Polygon","arcs":[[4329,2020,2021,-1870,4330]],"properties":{"grunnkretsnummer":"56260109","grunnkretsnavn":"Makjelfjorden","delomradenummer":"562601","delomradenavn":"Gamvik","kommunenummer":"5626"}},{"type":"Polygon","arcs":[[4331,2024,2025,4332,4333]],"properties":{"grunnkretsnummer":"56260106","grunnkretsnavn":"Tyfjord","delomradenummer":"562601","delomradenavn":"Gamvik","kommunenummer":"5626"}},{"type":"MultiPolygon","arcs":[[[4334,4335,4336,2030]],[[4337]]],"properties":{"grunnkretsnummer":"56260104","grunnkretsnavn":"Gamvik nordre","delomradenummer":"562601","delomradenavn":"Gamvik","kommunenummer":"5626"}},{"type":"Polygon","arcs":[[2031,2032,4338,4339,-3954,-1509]],"properties":{"grunnkretsnummer":"56260113","grunnkretsnavn":"Langfjorden østre","delomradenummer":"562601","delomradenavn":"Gamvik","kommunenummer":"5626"}},{"type":"MultiPolygon","arcs":[[[-4339,-2033,2035,2036,4340,4341]],[[4342]],[[4343]]],"properties":{"grunnkretsnummer":"56260108","grunnkretsnavn":"Langfjorden vestre","delomradenummer":"562601","delomradenavn":"Gamvik","kommunenummer":"5626"}},{"type":"Polygon","arcs":[[2038,2039,2040,2041]],"properties":{"grunnkretsnummer":"56100105","grunnkretsnavn":"Karasjok tettsted","delomradenummer":"561001","delomradenavn":"Karasjok","kommunenummer":"5610"}},{"type":"MultiPolygon","arcs":[[[4344,4345,-4333,-2026,2044,2045]],[[4346]],[[4347]]],"properties":{"grunnkretsnummer":"56260111","grunnkretsnavn":"Koifjordfjellet","delomradenummer":"562601","delomradenavn":"Gamvik","kommunenummer":"5626"}},{"type":"MultiPolygon","arcs":[[[-1844,2046,-2045,-2025,-4332,4348,4349]],[[4350]]],"properties":{"grunnkretsnummer":"56260107","grunnkretsnavn":"Hopsfjorden","delomradenummer":"562601","delomradenavn":"Gamvik","kommunenummer":"5626"}},{"type":"Polygon","arcs":[[-1846,2048,-2036,-2032,-1508,-1873,-1863,-1833]],"properties":{"grunnkretsnummer":"56260114","grunnkretsnavn":"Langfjorddalen","delomradenummer":"562601","delomradenavn":"Gamvik","kommunenummer":"5626"}},{"type":"MultiPolygon","arcs":[[[4351,2051,4352,4353]],[[4354]]],"properties":{"grunnkretsnummer":"56260103","grunnkretsnavn":"Mehamn-Vevikneset","delomradenummer":"562601","delomradenavn":"Gamvik","kommunenummer":"5626"}},{"type":"Polygon","arcs":[[-2049,-1845,-4350,4355,-4341,-2037]],"properties":{"grunnkretsnummer":"56260112","grunnkretsnavn":"Skræmselfjell","delomradenummer":"562601","delomradenavn":"Gamvik","kommunenummer":"5626"}},{"type":"Polygon","arcs":[[-1806,-4115,4356,2055,4357,2057,4358,4359,4360,2061,4361,4362,2064,4363,4364,2067,4365,4366,4367,2071,4368,2073,4369,4370,2076,4371,2078,4372,2080,4373,4374,4375,2084,4376,2086,4377,4378,2089,4379,2091,4380,4381,4382,4383,2096,4384,4385,4386,4387,2101,4388,2103,4389,4390,2106,4391,4392,2109,4393,4394,2112,4395,4396,2115,4397,2117,4398,2119,4399,4400,2122,4401,4402,2125,4403,4404,2128,4405,4406,4407,4408,2133,4409,4410,4411,2137,4412,2139,4413,4414,2142,4415,2144,4416,2146,4417,2148,4418,2150,4419,4420,2153,4421,2155,4422,2157,4423,4424,2160,4425,2162,4426,4427,4428,4429,4430,2168,4431,2170,4432,2172,4433,4434,2175,4435,4436,2178,4437,2180,4438,4439,2183,4440,4441,2186,4442,2188,4443,2190,4444,2192,4445,2194,4446,2196,4447,4448,4449,2200,4450,2202,4451,2204,4452,2206,4453,2208,4454,2210,4455,4456,4457,2214,4458,2216,4459,2218,4460,2220,2221,2222,-1823]],"properties":{"grunnkretsnummer":"56100101","grunnkretsnavn":"Tanadalen","delomradenummer":"561001","delomradenavn":"Karasjok","kommunenummer":"5610"}},{"type":"Polygon","arcs":[[2223,-2039,2224,2225,2226]],"properties":{"grunnkretsnummer":"56100103","grunnkretsnavn":"Halde","delomradenummer":"561001","delomradenavn":"Karasjok","kommunenummer":"5610"}},{"type":"Polygon","arcs":[[4461,2228,2229,-2021,-4330,4462]],"properties":{"grunnkretsnummer":"56260101","grunnkretsnavn":"Mehamn søndre","delomradenummer":"562601","delomradenavn":"Gamvik","kommunenummer":"5626"}},{"type":"MultiPolygon","arcs":[[[4463,2232,4464,4465]],[[4466]],[[4467]]],"properties":{"grunnkretsnummer":"56340101","grunnkretsnavn":"Vardø 1","delomradenummer":"563401","delomradenavn":"Vardø","kommunenummer":"5634"}},{"type":"MultiPolygon","arcs":[[[2237,4468,4469,-4335,2240,-2046,-2047,-1852,-1871,-2022,-2230]],[[4470]]],"properties":{"grunnkretsnummer":"56260110","grunnkretsnavn":"Sandfjordelven med omegn","delomradenummer":"562601","delomradenavn":"Gamvik","kommunenummer":"5626"}},{"type":"Polygon","arcs":[[2241,2242,4471,4472,4473,2245]],"properties":{"grunnkretsnummer":"56340103","grunnkretsnavn":"Vardø 3","delomradenummer":"563401","delomradenavn":"Vardø","kommunenummer":"5634"}},{"type":"Polygon","arcs":[[-4469,-2238,-2229,-4462,4474,-4353,-2052,-4352,4475]],"properties":{"grunnkretsnummer":"56260102","grunnkretsnavn":"Mehamn","delomradenummer":"562601","delomradenavn":"Gamvik","kommunenummer":"5626"}},{"type":"Polygon","arcs":[[-2031,-4337,4476,-4345,-2241]],"properties":{"grunnkretsnummer":"56260105","grunnkretsnavn":"Gamvik søndre","delomradenummer":"562601","delomradenavn":"Gamvik","kommunenummer":"5626"}},{"type":"Polygon","arcs":[[4477,2251,2252,-259,-3323,4478]],"properties":{"grunnkretsnummer":"56200115","grunnkretsnavn":"Kjelvik-Helnesområdet","delomradenummer":"562001","delomradenavn":"Nordkapp","kommunenummer":"5620"}},{"type":"Polygon","arcs":[[2256,2257,2258,4479,4480]],"properties":{"grunnkretsnummer":"56200105","grunnkretsnavn":"Hombukt-Storbuktområdet","delomradenummer":"562001","delomradenavn":"Nordkapp","kommunenummer":"5620"}},{"type":"Polygon","arcs":[[2261,-262,2262,-2258]],"properties":{"grunnkretsnummer":"56200106","grunnkretsnavn":"Seppoladalsområdet","delomradenummer":"562001","delomradenavn":"Nordkapp","kommunenummer":"5620"}},{"type":"MultiPolygon","arcs":[[[2263,2264,2265,4481,4482,4483,2272,2273]],[[4484]],[[4485]]],"properties":{"grunnkretsnummer":"56200116","grunnkretsnavn":"Steinviknæringen-Magerøysundet","delomradenummer":"562001","delomradenavn":"Nordkapp","kommunenummer":"5620"}},{"type":"Polygon","arcs":[[2274,4486,4487,-4465,-2233,-4464,4488,4489,-2242]],"properties":{"grunnkretsnummer":"56340102","grunnkretsnavn":"Vardø 2","delomradenummer":"563401","delomradenavn":"Vardø","kommunenummer":"5634"}},{"type":"Polygon","arcs":[[-3904,-1441,2278,-2274,2279,4490,4491]],"properties":{"grunnkretsnummer":"56200204","grunnkretsnavn":"Magerøystua","delomradenummer":"562002","delomradenavn":"Gjesvær","kommunenummer":"5620"}},{"type":"Polygon","arcs":[[-2253,2281,4492,4493,2285,-260]],"properties":{"grunnkretsnummer":"56200113","grunnkretsnavn":"Vestersida-Botnområdet","delomradenummer":"562001","delomradenavn":"Nordkapp","kommunenummer":"5620"}},{"type":"Polygon","arcs":[[-263,-2262,-2257,4494,4495,2287]],"properties":{"grunnkretsnummer":"56200104","grunnkretsnavn":"1. og 2. Vannsområdet","delomradenummer":"562001","delomradenavn":"Nordkapp","kommunenummer":"5620"}},{"type":"MultiPolygon","arcs":[[[-1447,-3906,4496,4497,2291]],[[4498]],[[4499]],[[4500]],[[4501]],[[4502]],[[4503]],[[4504]],[[4505]],[[4506]],[[4507]],[[4508]],[[4509]],[[4510]],[[4511]],[[4512]],[[4513]],[[4514]],[[4515]]],"properties":{"grunnkretsnummer":"56200201","grunnkretsnavn":"Gjesvær","delomradenummer":"562002","delomradenavn":"Gjesvær","kommunenummer":"5620"}},{"type":"Polygon","arcs":[[-2252,-4478,4516,-2282]],"properties":{"grunnkretsnummer":"56200114","grunnkretsnavn":"Nordvågnesområdet","delomradenummer":"562001","delomradenavn":"Nordkapp","kommunenummer":"5620"}},{"type":"MultiPolygon","arcs":[[[4517,2297,-1883,-2008,-1992,-4283,4518]],[[4519]]],"properties":{"grunnkretsnummer":"56200117","grunnkretsnavn":"Skuotanjargga","delomradenummer":"562001","delomradenavn":"Nordkapp","kommunenummer":"5620"}},{"type":"Polygon","arcs":[[4520,2299,2300,4521,4522]],"properties":{"grunnkretsnummer":"56320110","grunnkretsnavn":"Sandfjord","delomradenummer":"563201","delomradenavn":"Båtsfjord","kommunenummer":"5632"}},{"type":"MultiPolygon","arcs":[[[2304,4523,4524,2308,2309]],[[4525]]],"properties":{"grunnkretsnummer":"56200101","grunnkretsnavn":"Skarsvåg","delomradenummer":"562001","delomradenavn":"Nordkapp","kommunenummer":"5620"}},{"type":"Polygon","arcs":[[4526,2311,2312,2313,4527,4528]],"properties":{"grunnkretsnummer":"56200109","grunnkretsnavn":"Klubben-Menesområdet","delomradenummer":"562001","delomradenavn":"Nordkapp","kommunenummer":"5620"}},{"type":"Polygon","arcs":[[2315,2316,4529,4530,-4528,-2314]],"properties":{"grunnkretsnummer":"56200110","grunnkretsnavn":"Nordvågv.-Juledagsnesområdet","delomradenummer":"562001","delomradenavn":"Nordkapp","kommunenummer":"5620"}},{"type":"Polygon","arcs":[[-4480,-2259,2318,2319,-2312,-4527,4531]],"properties":{"grunnkretsnummer":"56200107","grunnkretsnavn":"Honningsvåg sentrum","delomradenummer":"562001","delomradenavn":"Nordkapp","kommunenummer":"5620"}},{"type":"Polygon","arcs":[[-2319,-2263,-261,-2286,-4494,4532,-4530,-2317,2320]],"properties":{"grunnkretsnummer":"56200111","grunnkretsnavn":"Elvedalsområdet","delomradenummer":"562001","delomradenavn":"Nordkapp","kommunenummer":"5620"}},{"type":"Polygon","arcs":[[-4524,-2305,2322,4533,4534]],"properties":{"grunnkretsnummer":"56200202","grunnkretsnavn":"Knivskjellodden","delomradenummer":"562002","delomradenavn":"Gjesvær","kommunenummer":"5620"}},{"type":"Polygon","arcs":[[-2320,-2321,-2316,-2313]],"properties":{"grunnkretsnummer":"56200108","grunnkretsnavn":"Honningsvåg sentrum-øvre del","delomradenummer":"562001","delomradenavn":"Nordkapp","kommunenummer":"5620"}},{"type":"MultiPolygon","arcs":[[[-4167,-1884,-2298,-4518,4535]],[[4536]],[[4537]],[[4538]]],"properties":{"grunnkretsnummer":"56200118","grunnkretsnavn":"Mannskarvik-Repvåg","delomradenummer":"562001","delomradenavn":"Nordkapp","kommunenummer":"5620"}},{"type":"MultiPolygon","arcs":[[[-2309,4539,4540,2326,-2265,2327]],[[4541]],[[4542]],[[4543]]],"properties":{"grunnkretsnummer":"56200102","grunnkretsnavn":"Kamøyvær","delomradenummer":"562001","delomradenavn":"Nordkapp","kommunenummer":"5620"}},{"type":"Polygon","arcs":[[-4491,-2280,-2273,-4484,4544]],"properties":{"grunnkretsnummer":"56200205","grunnkretsnavn":"Finnvik","delomradenummer":"562002","delomradenavn":"Gjesvær","kommunenummer":"5620"}},{"type":"Polygon","arcs":[[-4534,-2323,-2310,-2328,-2264,-2279,-1440,-2292,-4498,4545]],"properties":{"grunnkretsnummer":"56200203","grunnkretsnavn":"Tufjorden","delomradenummer":"562002","delomradenavn":"Gjesvær","kommunenummer":"5620"}},{"type":"Polygon","arcs":[[-2327,-4541,4546,-3324,-264,-2288,-4496,4547,-4482,-2266]],"properties":{"grunnkretsnummer":"56200103","grunnkretsnavn":"Kobbholet-Nordmannsetområdet","delomradenummer":"562001","delomradenavn":"Nordkapp","kommunenummer":"5620"}},{"type":"Polygon","arcs":[[-4162,-1877,-1937,-4244,4548]],"properties":{"grunnkretsnummer":"56200119","grunnkretsnavn":"Sværholthalvøya","delomradenummer":"562001","delomradenavn":"Nordkapp","kommunenummer":"5620"}},{"type":"Polygon","arcs":[[-435,2329,2330,2331,-381,-367]],"properties":{"grunnkretsnummer":"56120114","grunnkretsnavn":"Suolovuopmi","delomradenummer":"561201","delomradenavn":"Kautokeino","kommunenummer":"5612"}},{"type":"Polygon","arcs":[[4549,2333,2334,-2041,2335,2336,4550,4551,2339,4552,2341,4553,4554,2344,4555,2346,4556,2348,4557,2350,4558,2352,4559,2354,4560,4561,4562,2358,4563,4564,2361,4565,4566,4567,4568,4569,2367,4570,2369,4571,2371,4572,4573,2374,4574,2376,4575,2378,4576,2380,4577,4578,2383,4579,4580]],"properties":{"grunnkretsnummer":"56100106","grunnkretsnavn":"Grensen","delomradenummer":"561001","delomradenavn":"Karasjok","kommunenummer":"5610"}},{"type":"Polygon","arcs":[[-2334,-4550,4581,2387,4582,2389,4583,2391,4584,2393,4585,4586,2396,4587,2398,4588,2400,4589,2402,4590,2404,4591,2406,4592,2408,4593,4594,2411,4595,2413,4596,4597,4598,4599,2418,4600,2420,4601,2422,4602,2424,4603,2426,4604,2428,4605,4606,4607,4608,4609,2434,4610,2436,4611,2438,4612,2440,4613,2442,4614,2444,4615,2446,4616,2448,4617,4618,2451,4619,2453,4620,4621,2456,4622,2458,4623,2460,4624,2462,4625,2464,4626,4627,4628,2468,4629,2470,4630,2472,4631,2474,4632,4633,2477,4634,2479,4635,2481,4636,2483,2484,-1449,2485]],"properties":{"grunnkretsnummer":"56100107","grunnkretsnavn":"Iskurasjok","delomradenummer":"561001","delomradenavn":"Karasjok","kommunenummer":"5610"}},{"type":"Polygon","arcs":[[2486,-2222,2487,4637,2489,4638,4639,-2336,-2040,-2224]],"properties":{"grunnkretsnummer":"56100104","grunnkretsnavn":"Mannevarre","delomradenummer":"561001","delomradenavn":"Karasjok","kommunenummer":"5610"}},{"type":"Polygon","arcs":[[-1922,-1923,-1824,-2223,-2487,-2227,2492,2493,-433,-1907]],"properties":{"grunnkretsnummer":"56100111","grunnkretsnavn":"Nattvann","delomradenummer":"561001","delomradenavn":"Karasjok","kommunenummer":"5610"}},{"type":"Polygon","arcs":[[-2225,-2042,-2335,-2486,-1448]],"properties":{"grunnkretsnummer":"56100102","grunnkretsnavn":"Bakkeljok","delomradenummer":"561001","delomradenavn":"Karasjok","kommunenummer":"5610"}},{"type":"Polygon","arcs":[[2494,-1565,2495,2496]],"properties":{"grunnkretsnummer":"56120108","grunnkretsnavn":"Kautokeino-Báktevárri","delomradenummer":"561201","delomradenavn":"Kautokeino","kommunenummer":"5612"}},{"type":"Polygon","arcs":[[2497,-2493,-2226,-1452,2498,2499]],"properties":{"grunnkretsnummer":"56100110","grunnkretsnavn":"Jiesjokdalen","delomradenummer":"561001","delomradenavn":"Karasjok","kommunenummer":"5610"}},{"type":"Polygon","arcs":[[-2485,4640,2501,4641,2503,4642,2505,4643,2507,4644,2509,4645,2511,4646,2513,4647,2515,4648,2517,4649,2519,4650,4651,2522,4652,2524,4653,2526,4654,2528,4655,2530,4656,2532,4657,2534,4658,2536,4659,4660,2539,4661,2541,4662,4663,2544,4664,4665,4666,2548,4667,2550,4668,2552,4669,2554,4670,2556,4671,2558,4672,4673,4674,2562,4675,2564,4676,4677,4678,2568,4679,2570,4680,2572,4681,2574,4682,2576,4683,2578,4684,2580,4685,2582,4686,2584,4687,2586,4688,2588,4689,2590,4690,4691,4692,2594,4693,2596,4694,2598,4695,2600,4696,2602,4697,2604,4698,2606,4699,4700,4701,2610,4702,2612,4703,4704,2615,4705,2617,4706,2619,4707,2621,4708,4709,2624,4710,2626,4711,2628,4712,2630,4713,2632,4714,2634,4715,2636,4716,4717,2639,4718,2641,4719,2643,4720,2645,4721,2647,4722,2649,4723,2651,4724,2653,4725,2655,4726,4727,2658,4728,4729,2661,4730,4731,2664,4732,2666,4733,2668,4734,4735,4736,2672,4737,2674,4738,2676,4739,2678,4740,2680,4741,2682,4742,4743,4744,2686,4745,2688,4746,2690,4747,2692,4748,4749,2695,4750,4751,2698,4752,2700,4753,2702,4754,4755,4756,2706,4757,2708,4758,2710,4759,4760,4761,2714,4762,2716,2717,4763,2719,4764,2721,2722,-1450]],"properties":{"grunnkretsnummer":"56100108","grunnkretsnavn":"Storfossen","delomradenummer":"561001","delomradenavn":"Karasjok","kommunenummer":"5610"}},{"type":"Polygon","arcs":[[-1964,-1954,2723,2724,2725,2726,2727,-1552]],"properties":{"grunnkretsnummer":"56320113","grunnkretsnavn":"Elvestrandhøgda","delomradenummer":"563201","delomradenavn":"Båtsfjord","kommunenummer":"5632"}},{"type":"Polygon","arcs":[[-2500,2728,2729,2730,2731,2732]],"properties":{"grunnkretsnummer":"56120116","grunnkretsnavn":"Láhpoluoppal","delomradenummer":"561201","delomradenavn":"Kautokeino","kommunenummer":"5612"}},{"type":"Polygon","arcs":[[4765,2734,4766,2736,4767,4768,2739,4769,2741,2742,-2722,-4765,-2720,-4764,-2718,2743,4770,4771,2746,4772,2748,4773,2750,4774,2752,4775,2754,4776,4777,2757,4778,4779,2760,4780,2762,4781,2764,4782,2766,4783,2768,4784,2770,4785,2772,4786,2774,4787,2776,4788,2778,4789,2780,4790,4791,2783,4792,4793,2786,4794,4795,2789,4796,2791,4797,2793,4798,2795,4799,2797,4800,4801,4802,2801,4803,4804,2804,4805,2806,4806,4807,2809,4808,4809,2812,4810,4811,2815,4812,2817,4813,4814,2820,4815,4816,4817,4818,2825,4819,4820,2828,4821,2830,4822,2832,4823,2834,4824,2836,4825,2838,4826,2840,4827,2842,4828,2844,4829,2846,4830,2848,4831,4832,4833,2852,4834,2854,4835,2856,4836,2858,4837,2860,4838,2862,4839,4840,4841,2866,4842,2868,4843,4844,4845,4846,2873,4847,2875,4848,4849,2878,4850,2880,4851,2882,4852,2884,4853,2886,4854,2888,4855,2890,4856,4857,4858,2894,4859,2896,4860,2898,4861,2900,4862,4863,4864,2904,4865,2906,4866,2908,4867,4868,2911,4869,4870,2914,4871,2916,4872,4873,2919,4874,2921,4875,2923,4876,2925,4877,2927,4878,2929,4879,2931,4880,2933,4881,4882,2936,4883,2938,4884,4885,2941,4886,2943,4887,2945,4888,2947,4889,2949,4890,4891,2952,4892,2954,4893,2956,4894,2958,4895,2960,4896,2962,4897,4898,2965,4899,2967,4900,2969,4901,2971,4902,4903,2974,4904,2976,4905,2978,4906,2980,4907,2982,4908,2984,4909,4910,4911,2988,4912,2990,4913,2992,4914,2994,4915,2996,4916,2998,4917,3000,4918,3002,4919,3004,4920,3006,4921,3008,4922,3010,4923,3012,4924,3014,4925,3016,4926,3018,4927,3020,4928,3022,4929,3024,4930,3026,4931,3028,4932,4933,3031,4934,3033,3034,4935,3036,4936,3038,4937,3040,4938,4939,3043,4940,3045,3046,4941,3048,4942,3050,4943,3052,4944,4945,3055,4946,3057,4947,3059,4948,3061,4949,3063,4950,3065,4951,4952,3068,4953,4954,3071,4955,3073,4956,3075,4957,3077,4958,4959,3080,4960,3082,4961,3084,4962,3086,4963,3088,4964,4965,3091,4966,3093,4967,3095,4968,4969,3098]],"properties":{"grunnkretsnummer":"56120118","grunnkretsnavn":"Anárjohka","delomradenummer":"561201","delomradenavn":"Kautokeino","kommunenummer":"5612"}},{"type":"Polygon","arcs":[[-2331,3099,-2732,3100]],"properties":{"grunnkretsnummer":"56120113","grunnkretsnavn":"Máze","delomradenummer":"561201","delomradenavn":"Kautokeino","kommunenummer":"5612"}},{"type":"Polygon","arcs":[[-2730,3101,3102,-1561,3103,3104,3105]],"properties":{"grunnkretsnummer":"56120106","grunnkretsnavn":"Mierojávri","delomradenummer":"561201","delomradenavn":"Kautokeino","kommunenummer":"5612"}},{"type":"Polygon","arcs":[[-2733,-3100,-2330,-434,-2494,-2498]],"properties":{"grunnkretsnummer":"56120115","grunnkretsnavn":"Rágesluoppal","delomradenummer":"561201","delomradenavn":"Kautokeino","kommunenummer":"5612"}},{"type":"Polygon","arcs":[[3106,3107,-3109,3109,-3105,-2497]],"properties":{"grunnkretsnummer":"56120105","grunnkretsnavn":"Soahtefielbmá","delomradenummer":"561201","delomradenavn":"Kautokeino","kommunenummer":"5612"}},{"type":"Polygon","arcs":[[-3107,-2496,-1564,3110,3111,3112,3113]],"properties":{"grunnkretsnummer":"56120107","grunnkretsnavn":"Kautokeino-Hánnomaras","delomradenummer":"561201","delomradenavn":"Kautokeino","kommunenummer":"5612"}},{"type":"Polygon","arcs":[[-3108,-3114,3114,4970,3116,4971,3118,-3120]],"properties":{"grunnkretsnummer":"56120104","grunnkretsnavn":"Čunojávri","delomradenummer":"561201","delomradenavn":"Kautokeino","kommunenummer":"5612"}},{"type":"Polygon","arcs":[[-1563,3120,3121,-3111]],"properties":{"grunnkretsnummer":"56120111","grunnkretsnavn":"Kautokeino-Øverbygda","delomradenummer":"561201","delomradenavn":"Kautokeino","kommunenummer":"5612"}},{"type":"Polygon","arcs":[[-3115,-3113,3122,4972,4973,3125,4974,3127,4975,3129,4976,4977,4978,3133]],"properties":{"grunnkretsnummer":"56120101","grunnkretsnavn":"Gálaniitu","delomradenummer":"561201","delomradenavn":"Kautokeino","kommunenummer":"5612"}},{"type":"Polygon","arcs":[[-3103,3134,3135,-3121,-1562]],"properties":{"grunnkretsnummer":"56120103","grunnkretsnavn":"Ávži","delomradenummer":"561201","delomradenavn":"Kautokeino","kommunenummer":"5612"}},{"type":"Polygon","arcs":[[-3101,-2731,-3106,-3110,-3137,-3138,-3139,-382,-2332]],"properties":{"grunnkretsnummer":"56120112","grunnkretsnavn":"Heammogieddi","delomradenummer":"561201","delomradenavn":"Kautokeino","kommunenummer":"5612"}},{"type":"Polygon","arcs":[[-3122,-3136,3139,4979,4980,3142,4981,4982,3145,4983,4984,3148,-3123,-3112]],"properties":{"grunnkretsnummer":"56120102","grunnkretsnavn":"Siebe","delomradenummer":"561201","delomradenavn":"Kautokeino","kommunenummer":"5612"}},{"type":"Polygon","arcs":[[-2743,3149,4985,3151,4986,4987,4988,3155,4989,-4980,-3140,-3135,-3102,-2729,-2499,-1451,-2723]],"properties":{"grunnkretsnummer":"56120117","grunnkretsnavn":"Áhkkanas","delomradenummer":"561201","delomradenavn":"Kautokeino","kommunenummer":"5612"}},{"type":"Polygon","arcs":[[-3104,-1560,-2495]],"properties":{"grunnkretsnummer":"56120109","grunnkretsnavn":"Kautokeino-Sokkisletta","delomradenummer":"561201","delomradenavn":"Kautokeino","kommunenummer":"5612"}},{"type":"Polygon","arcs":[[4990,3159,3160,3161,3162,4991,4992]],"properties":{"grunnkretsnummer":"56340112","grunnkretsnavn":"Persfjord","delomradenummer":"563401","delomradenavn":"Vardø","kommunenummer":"5634"}},{"type":"Polygon","arcs":[[-4472,-2243,-4490,4993]],"properties":{"grunnkretsnummer":"56340104","grunnkretsnavn":"Vardø 4","delomradenummer":"563401","delomradenavn":"Vardø","kommunenummer":"5634"}},{"type":"Polygon","arcs":[[3167,3168,-3162,3169,4994,4995,-3959,-1522,-1557]],"properties":{"grunnkretsnummer":"56340111","grunnkretsnavn":"Tverelv","delomradenummer":"563401","delomradenavn":"Vardø","kommunenummer":"5634"}},{"type":"Polygon","arcs":[[4996,3174,3175,4997,4998]],"properties":{"grunnkretsnummer":"56340109","grunnkretsnavn":"Kiberg-Komagvær","delomradenummer":"563401","delomradenavn":"Vardø","kommunenummer":"5634"}},{"type":"MultiPolygon","arcs":[[[4999,3181,3182,5000,5001]],[[5002]]],"properties":{"grunnkretsnummer":"56340106","grunnkretsnavn":"Vardø 6","delomradenummer":"563401","delomradenavn":"Vardø","kommunenummer":"5634"}},{"type":"MultiPolygon","arcs":[[[-4995,-3170,-3161,3185,-3175,-4997,5003]],[[5004]]],"properties":{"grunnkretsnummer":"56340110","grunnkretsnavn":"Komagelv","delomradenummer":"563401","delomradenavn":"Vardø","kommunenummer":"5634"}},{"type":"MultiPolygon","arcs":[[[-4998,-3176,-3186,-3160,-4991,5005]],[[5006]]],"properties":{"grunnkretsnummer":"56340108","grunnkretsnavn":"Svartnes-Persfjord","delomradenummer":"563401","delomradenavn":"Vardø","kommunenummer":"5634"}},{"type":"Polygon","arcs":[[-5001,-3183,3188,5007,5008,-4487,-2275,-2246,-4474,5009]],"properties":{"grunnkretsnummer":"56340105","grunnkretsnavn":"Vardø 5","delomradenummer":"563401","delomradenavn":"Vardø","kommunenummer":"5634"}},{"type":"Polygon","arcs":[[-5008,-3189,-3182,-5000,5010]],"properties":{"grunnkretsnummer":"56340107","grunnkretsnavn":"Vardø 7","delomradenummer":"563401","delomradenavn":"Vardø","kommunenummer":"5634"}},{"type":"Polygon","arcs":[[5011,5012,5013,3191,3192,-2725,3193]],"properties":{"grunnkretsnummer":"56320107","grunnkretsnavn":"Båtsfjorddalen","delomradenummer":"563201","delomradenavn":"Båtsfjord","kommunenummer":"5632"}},{"type":"Polygon","arcs":[[-4992,-3163,-3169,3194,-2728,3195,3196,5014,5015]],"properties":{"grunnkretsnummer":"56320111","grunnkretsnavn":"Langryggen","delomradenummer":"563201","delomradenavn":"Båtsfjord","kommunenummer":"5632"}},{"type":"Polygon","arcs":[[5016,3200,-3196,-2727,3201,5017,5018]],"properties":{"grunnkretsnummer":"56320112","grunnkretsnavn":"Øvre Tavla","delomradenummer":"563201","delomradenavn":"Båtsfjord","kommunenummer":"5632"}},{"type":"Polygon","arcs":[[5019,3205,-1950,-4253,5020]],"properties":{"grunnkretsnummer":"56320101","grunnkretsnavn":"Været","delomradenummer":"563201","delomradenavn":"Båtsfjord","kommunenummer":"5632"}},{"type":"Polygon","arcs":[[-1951,-3206,-5020,5021,5022,3209,5023,5024,3211,5025,5026,5027,3214]],"properties":{"grunnkretsnummer":"56320102","grunnkretsnavn":"Sentrum","delomradenummer":"563201","delomradenavn":"Båtsfjord","kommunenummer":"5632"}},{"type":"MultiPolygon","arcs":[[[-4522,-2301,3216,-3192,-5014,5028]],[[-5012,3217,5029,5030]]],"properties":{"grunnkretsnummer":"56320106","grunnkretsnavn":"Indre Båtsfjord","delomradenummer":"563201","delomradenavn":"Båtsfjord","kommunenummer":"5632"}},{"type":"Polygon","arcs":[[-1554,-3975,-3195,-3168,-1556]],"properties":{"grunnkretsnummer":"56320114","grunnkretsnavn":"Komagelva","delomradenummer":"563201","delomradenavn":"Båtsfjord","kommunenummer":"5632"}},{"type":"Polygon","arcs":[[-5026,-3212,5031,-5024,-3210,-5023,5032]],"properties":{"grunnkretsnummer":"56320103","grunnkretsnavn":"Holmen","delomradenummer":"563201","delomradenavn":"Båtsfjord","kommunenummer":"5632"}},{"type":"Polygon","arcs":[[3222,5033,5034,-5030,-3218,-3194,-2724,-1953]],"properties":{"grunnkretsnummer":"56320105","grunnkretsnavn":"Neptun-Håbet","delomradenummer":"563201","delomradenavn":"Båtsfjord","kommunenummer":"5632"}},{"type":"Polygon","arcs":[[-3217,-2300,-4521,5035,-5018,-3202,-2726,-3193]],"properties":{"grunnkretsnummer":"56320108","grunnkretsnavn":"Syltefjord","delomradenummer":"563201","delomradenavn":"Båtsfjord","kommunenummer":"5632"}},{"type":"MultiPolygon","arcs":[[[-5015,-3197,-3201,-5017,5036]],[[5037]]],"properties":{"grunnkretsnummer":"56320109","grunnkretsnavn":"Hamningberg","delomradenummer":"563201","delomradenavn":"Båtsfjord","kommunenummer":"5632"}},{"type":"Polygon","arcs":[[-3215,-5028,5038,-5034,-3223,-1952]],"properties":{"grunnkretsnummer":"56320104","grunnkretsnavn":"Neptunbukta","delomradenummer":"563201","delomradenavn":"Båtsfjord","kommunenummer":"5632"}}]}}}