{"type":"Topology","arcs":[[[24053,15267,0],[-47,278,676575],[-152,-9,260506],[-111,62,0]],[[23743,15598,0],[-38,184,232499],[-19,9,48188],[-7,23,64108],[-28,10,178240],[5,17,35458],[-10,2,35458],[-5,26,60114],[-15,8,98178],[6,23,37703],[-7,11,35364],[4,20,354469],[23,20,48898],[8,24,116566],[-13,21,79287],[5,31,39719],[10,19,341200],[-7,59,74369],[-21,58,164971],[-17,11,68340],[4,14,39699],[-14,11,39699],[-9,31,68340],[-27,45,1256030],[-29,1,37725],[-20,8,58890],[-19,-8,250088],[-5,13,41121],[-41,51,97461],[-48,49,42038],[-22,13,42038],[-14,20,321619],[-24,-22,126811],[-13,11,38013],[-6,21,73146],[-36,19,126811],[-19,-9,48419],[-16,5,37649],[-22,-6,321619],[-48,63,47633],[-53,58,47633],[-4,11,0]],[[23132,16573,0],[331,433,816210],[60,8,340240],[-16,38,89481],[-3,84,186275],[-12,47,47296],[-21,50,86560],[-37,71,461528],[101,108,0]],[[23535,17412,0],[12,17,71045],[54,9,203383],[103,-16,125284],[119,4,0]],[[23823,17426,0],[53,-46,72824],[5,-10,39893],[29,-5,140789],[-2,-29,50249],[12,-13,317609],[35,3,89188],[6,12,36401],[19,0,36401],[48,31,931801],[34,-19,39896],[17,-17,71113],[3,-18,76198],[57,-39,242836],[-39,-51,242836],[-6,-17,35664],[0,-31,85962],[23,-11,113108],[24,-52,44771],[7,-29,58150],[16,-22,58150],[14,-50,76328],[19,-28,47104],[2,-17,33714],[13,-26,462483],[49,-12,41007],[23,-12,80689],[38,6,40081],[5,-6,462483],[-11,-56,106450],[4,-139,155625],[-16,-12,88166],[-5,-19,40631],[5,-31,46920],[-6,-27,1050587],[26,-54,127779],[11,-3,37220],[1,19,37220],[17,20,236911],[18,-39,70526],[4,-59,70526],[14,-20,114187],[6,-42,39024],[-3,-23,236911],[17,-8,43463],[1,17,43463],[24,19,236911],[30,-42,80751],[30,-8,126426],[7,-29,55970],[25,-26,46797],[2,-15,169340],[26,-8,53342],[38,-27,467409],[25,-4,43663],[46,5,93699],[20,26,73021],[27,-6,239027],[11,-38,41746],[18,-32,0]],[[24739,16257,0],[13,-31,74567],[0,-67,88804],[21,-61,156883],[10,0,38918],[20,-24,0]],[[24803,16074,0],[-33,-28,77381],[13,-17,99632],[-31,-26,40974],[-30,-35,173512],[-28,-61,60023],[-13,-50,482748],[-14,-86,44285],[-9,-82,45417],[-14,-87,152657],[9,-71,81356],[-10,-39,778283],[18,-72,84874],[28,-47,84874],[24,-63,47258],[1,-19,38646],[16,-42,70943],[6,-2,0]],[[24736,15247,0],[13,-36,0]],[[24749,15211,0],[-13,-2,48593],[-20,-33,139880],[-36,7,83437],[-25,-13,49227],[-34,-4,256498],[-17,-13,38070],[1,-13,46707],[-18,-7,66612],[0,-21,66612],[-12,-16,34434],[-18,-10,57429],[-12,-27,870701],[-5,9,37853],[-30,8,108042],[-20,-4,47866],[-30,-24,181429],[-31,18,81527],[-8,37,181429],[-29,-7,39430],[-6,7,41016],[-68,9,373075],[-8,36,36281],[-10,17,138242],[-25,-3,45435],[-24,-15,138242],[-35,4,59789],[-29,18,36070],[-15,2,92372],[-19,-20,92372],[-25,44,217258],[-11,8,43160],[-64,64,0]],[[4104,5824,0],[-56,109,0]],[[4048,5933,0],[-52,112,70544],[-26,60,35175],[-23,62,163552],[-60,178,0]],[[3887,6345,0],[-149,445,130350],[-19,62,34051],[-16,61,429001],[-146,596,0]],[[3557,7509,0],[-90,369,191049],[-142,638,0]],[[3325,8516,0],[-6,28,146588],[-170,240,0]],[[3149,8784,0],[-231,328,570012],[-346,279,0]],[[2572,9391,0],[-136,108,0]],[[2436,9499,0],[-160,129,0]],[[2276,9628,0],[-379,302,68372],[-49,41,278111],[-48,43,35149],[-45,46,60864],[-44,47,1636965],[-41,50,35155],[-40,51,130140],[-37,54,55972],[-64,104,261923],[-31,58,60874],[-28,59,35144],[-25,60,851631],[-23,61,60868],[-21,63,35151],[-17,63,136021],[-15,64,35175],[-12,65,322037],[-21,157,84667],[-6,66,35154],[-4,66,3230964],[-1,66,35179],[2,65,169890],[5,66,35153],[8,65,97276],[10,65,33696],[13,61,640800],[38,167,70818],[30,112,259332],[172,553,0]],[[1603,12368,0],[137,435,0]],[[1740,12803,0],[125,401,0]],[[1865,13204,0],[1349,-455,1883002],[760,142,0]],[[3974,12891,0],[170,-85,137710],[32,5,123817],[21,-25,33485],[21,-16,33419],[19,-23,123817],[38,-16,64112],[31,-30,80243],[39,-12,327138],[43,-46,38955],[46,-46,818166],[16,13,38815],[56,34,90156],[64,24,188077],[13,27,47289],[-5,17,124269],[38,28,56110],[20,3,356461],[13,-77,98436],[19,3,0]],[[4668,12669,0],[1,1,0]],[[4669,12670,0],[28,1,60877],[36,-17,0]],[[4733,12654,0],[15,7,83533],[-44,51,331541],[105,28,104906],[16,35,104906],[30,-4,47206],[11,-13,145698],[71,2,51057],[29,7,0]],[[4966,12767,0],[-7,123,388619],[46,43,189025],[86,-30,179053],[52,39,445880],[33,139,253397],[42,55,88664],[70,122,1600490],[-46,369,821051],[26,334,396839],[92,250,440235],[-31,218,369374],[67,209,0]],[[5396,14638,0],[59,-7,375231],[136,-384,0]],[[5591,14247,0],[191,-104,0]],[[5782,14143,0],[277,100,0]],[[6059,14243,0],[37,-316,239555],[36,-68,966993],[43,-12,112283],[100,19,339833],[-6,-57,132845],[16,-36,53208],[26,-30,339833],[36,-18,87700],[62,1,87700],[58,-22,76572],[52,-5,256206],[18,-21,51535],[9,-33,0]],[[6546,13645,0],[0,-1,0]],[[6546,13644,0],[0,-42,90328],[13,-23,38006],[16,-10,182745],[16,19,78983],[46,-4,182745],[86,-37,55254],[54,-28,112816],[24,-25,477812],[-1,-137,846713],[27,2,78111],[100,43,240804],[13,74,333708],[23,-18,98555],[101,-13,158102],[15,28,0]],[[7079,13473,0],[19,13,0]],[[7098,13486,0],[27,12,111801],[53,-10,33426],[55,-13,234965],[39,-29,40418],[66,-43,307236],[19,-5,55077],[21,19,97639],[51,-19,97639],[80,6,0]],[[7509,13404,0],[63,5,0]],[[7572,13409,0],[20,58,68743],[6,51,152911],[-5,39,50332],[-13,24,0]],[[7580,13581,0],[-7,7,0]],[[7573,13588,0],[-19,31,114310],[28,27,54821],[6,23,0]],[[7588,13669,0],[-14,22,0]],[[7574,13691,0],[3,48,70479],[19,31,93887],[-13,31,93887],[21,32,43526],[9,0,0]],[[7613,13833,0],[1,0,0]],[[7614,13833,0],[21,-19,0]],[[7635,13814,0],[23,37,0]],[[7658,13851,0],[23,69,123989],[0,29,41592],[8,35,41592],[11,90,186610],[33,50,0]],[[7733,14124,0],[1,0,0]],[[7734,14124,0],[-18,23,75409],[8,38,260986],[63,37,55374],[94,46,488426],[5,197,128890],[-1,15,45172],[16,59,488426],[75,124,121550],[28,77,252793],[83,35,165586],[13,13,60057],[-1,42,0]],[[8099,14830,0],[0,2,0]],[[8099,14832,0],[-3,11,40892],[18,17,84574],[34,-10,130938],[300,55,791934],[60,121,383529],[162,103,203855],[98,94,61996],[41,33,0]],[[8809,15256,0],[46,37,227269],[88,-42,123327],[26,-39,389015],[118,10,177439],[28,7,52329],[94,36,38945],[43,14,0]],[[9252,15279,0],[3,0,0]],[[9255,15279,0],[29,27,193172],[105,-103,617042],[-3,-7,47643],[31,-49,139804],[-25,-57,163891],[-15,-152,86958],[-15,-14,86958],[7,-43,61868],[-8,-37,341383],[22,-56,56747],[19,-20,36389],[3,-14,738244],[-46,-96,54660],[-14,-46,54660],[-14,-15,198117],[-3,-42,115983],[-33,-83,75819],[-28,-94,684240],[-1,-49,82153],[20,-71,288362],[112,-45,0]],[[9398,14213,0],[57,-13,54762],[28,2,222636],[96,42,141141],[30,6,36134],[39,2,64017],[19,-8,64017],[17,4,35640],[14,16,866986],[0,22,35104],[9,18,182935],[29,15,72063],[34,28,42907],[34,20,42907],[55,44,415041],[364,219,169772],[219,144,1010652],[430,78,0]],[[10872,14852,0],[51,-143,392530],[22,-362,257958],[-23,-98,1190473],[232,-107,215825],[140,-86,83211],[6,-12,0]],[[11300,14044,0],[-13,-27,81066],[-45,-15,217486],[-218,-34,270076],[-143,-81,849271],[-3,-34,47213],[-20,-145,78691],[-12,-52,406244],[-46,-51,38365],[-15,-12,83142],[-37,-57,202122],[-48,-122,849271],[-130,71,176501],[-75,4,2667709],[-19,-157,35848],[-22,-196,48052],[-8,-56,303582],[7,-131,236534],[-63,-51,1007062],[19,-31,83436],[57,-37,114759],[57,-18,86501],[22,-27,319808],[-17,-32,48273],[5,-12,124778],[46,-28,124778],[4,-29,58567],[24,-33,41210],[0,-12,1946080],[-24,-19,33418],[-21,-23,132816],[-23,-46,43116],[-14,-17,78083],[-4,-31,35770],[-8,-12,260844],[-28,-19,66840],[-39,-36,44184],[-78,-65,531027],[-15,-2,33543],[-11,10,125359],[-19,-20,55374],[-65,-46,126601],[-119,-46,53567],[-23,2,53567],[-15,-17,1138372],[22,-26,42867],[16,-31,132693],[25,-21,37689],[17,-24,64479],[95,-87,765780],[3,-18,52235],[-25,8,85149],[-4,-37,68798],[-22,-24,238919],[-19,17,84684],[-17,-5,44523],[-1,-18,60887],[-24,1,136149],[-12,21,40800],[-25,22,435910],[-93,-219,0]],[[10037,11811,0],[-21,-62,84715],[-3,-56,68617],[-14,-27,68617],[-25,-99,197436],[-18,-30,48249],[-5,-30,55802],[-23,-55,45577],[-12,-16,885429],[-26,-348,397131],[59,-138,397131],[-11,-429,0]],[[9938,10521,0],[35,-73,397284],[23,1,43618],[154,15,58100],[28,5,230406],[126,-26,0]],[[10304,10443,0],[-5,-17,37256],[-14,-5,37256],[-15,-20,64678],[-26,-12,169642],[3,-18,36895],[-6,-24,59696],[15,-8,38359],[-3,-14,236395],[-25,-23,38062],[-23,-6,35046],[-7,-11,78471],[-41,-14,236395],[-24,-30,48238],[2,-12,48238],[-25,-24,104861],[1,-18,44810],[-17,-18,44810],[-4,-29,676351],[30,2,128777],[18,-18,40866],[7,-21,40866],[26,-38,255588],[-13,-24,58475],[7,-23,40802],[-7,-17,114167],[13,-10,62357],[-7,-12,34611],[-1,-26,62357],[13,-13,1442186],[-66,-76,125848],[-353,-370,367595],[-23,-90,207453],[-88,-63,207453],[-114,-126,119234],[-68,-95,367595],[-14,-55,207338],[-134,-65,0]],[[9316,9000,0],[-118,-334,640942],[-261,-219,1089438],[25,-178,411014],[28,-5,67066],[16,-27,137335],[46,11,40760],[9,9,35910],[14,-7,35910],[24,3,131093],[11,-26,1089438],[-27,-19,63722],[10,-16,63722],[-99,-191,119386],[-38,-52,119386],[-47,-120,485799],[-3,-57,132470],[-54,-126,132470],[-32,-100,74465],[-37,-145,0]],[[8783,7401,0],[17,-12,66730],[32,17,143616],[54,-13,59229],[14,-18,59229],[21,7,42599],[11,-9,99866],[29,18,99866],[19,-6,50325],[13,-24,539140],[-9,-119,44132],[-1,-32,292994],[34,-23,54622],[47,-46,0]],[[9064,7141,0],[3,-3,0]],[[9067,7138,0],[20,-16,0]],[[9087,7122,0],[3,-4,0]],[[9090,7118,0],[49,-100,181054],[22,-82,102263],[-3,-59,1114321],[-75,-66,292348],[-84,-24,113451],[-81,-46,125910],[-152,-54,52449],[-23,-6,366298],[-66,8,39259],[-42,8,366298],[-95,-58,214215],[-54,-105,0]],[[8486,6534,0],[119,-67,112056],[8,-20,0]],[[8613,6447,0],[3,-4,0]],[[8616,6443,0],[17,-11,54023],[13,-33,54023],[28,-29,137895],[-17,-27,137895],[32,-64,33841],[19,-34,0]],[[8708,6245,0],[93,97,35702],[30,25,35702],[4,10,488971],[56,-23,45698],[11,-11,47249],[64,-27,91906],[50,-32,915074],[35,25,41473],[14,3,41905],[32,24,37259],[35,20,389820],[-15,-60,56992],[-24,-65,120494],[-30,-32,120494],[-23,-54,72031],[-5,-45,389820],[13,-29,57461],[19,-4,57461],[24,-31,37400],[23,-21,262608],[-4,-33,42424],[9,-19,42424],[-7,-15,42424],[-3,-57,0]],[[9109,5891,0],[1,-2,0]],[[9110,5889,0],[3,-5,0]],[[9113,5884,0],[32,-40,356392],[-23,-60,89798],[6,-40,152097],[-20,-17,35484],[-8,-16,87716],[19,-17,53638],[-10,-14,87716],[-25,-91,67512],[-32,-86,180579],[1,-61,89495],[-19,-57,840650],[31,28,136173],[41,-52,383860],[15,-51,79633],[-6,-21,45151],[5,-39,86170],[29,-28,86170],[-21,-18,111279],[11,-17,61021],[12,-63,169943],[15,-20,40668],[29,-23,137191],[-7,-56,1971025],[-36,-55,65744],[-10,-6,35671],[-29,-37,136076],[-51,-103,573769],[2,-53,110652],[29,-159,38571],[17,-99,652506],[0,-13,47589],[-28,-68,110301],[-35,-36,110301],[-12,-27,40930],[-43,-72,97448],[-16,-42,47151],[-41,-84,1235944],[-32,-28,34590],[-29,-30,206548],[-98,-43,144050],[-118,-74,44741],[-8,-12,44741],[-39,-17,0]],[[8611,3967,0],[-63,-24,98663],[-18,-11,37714],[-30,-30,120035],[-31,-6,69792],[-50,-26,46786],[-4,-9,69792],[-67,-25,68524],[-41,-26,165780],[-49,-12,1850910],[-806,-1825,0]],[[7452,1973,0],[-467,447,75068],[-538,511,0]],[[6447,2931,0],[-457,432,63049],[-442,414,707395],[-45,45,66828],[-73,79,37490],[-42,48,185841],[-213,260,0]],[[5175,4209,0],[-376,455,412270],[-40,50,50153],[-152,202,207936],[-38,52,35176],[-35,54,86969],[-54,94,1019789],[-376,708,0]],[[6134,30919,0],[-3,8,0]],[[6131,30927,0],[-38,3,46492],[-71,-3,193535],[-3,30,45879],[-13,20,146321],[-33,-9,70146],[-38,15,0]],[[5935,30983,0],[-29,-6,107906],[-66,-82,258488],[-38,-6,109692],[-47,45,258488],[-64,-11,88595],[-153,-45,160586],[-60,-3,107426],[-99,-27,78788],[-89,-14,258160],[-26,18,0]],[[5264,30852,0],[-22,16,0]],[[5242,30868,0],[7,12,58787],[-24,35,69270],[-14,-8,69270],[-44,36,182835],[-85,35,61789],[-15,-1,129635],[-50,44,263430],[-29,-27,66637],[-23,-47,162016],[-34,1,53756],[-33,-13,233150],[45,79,92930],[42,55,34508],[15,15,0]],[[5000,31084,0],[1,0,0]],[[5001,31084,0],[9,1,0]],[[5010,31085,0],[3,2,0]],[[5013,31087,0],[43,24,51537],[15,19,0]],[[5071,31130,0],[2,1,0]],[[5073,31131,0],[20,30,35757],[22,21,149077],[-7,39,73124],[-25,9,0]],[[5083,31230,0],[-1,0,0]],[[5082,31230,0],[-30,-1,231579],[74,297,231579],[-11,88,1157078],[-514,407,848256],[-9,239,0]],[[4592,32260,0],[-4,102,540240],[-503,679,2007865],[-151,93,55312],[-1299,797,0]],[[2635,33931,0],[255,373,0]],[[2890,34304,0],[98,139,140417],[42,53,56516],[83,92,695047],[319,322,42783],[403,406,117893],[383,384,40112],[312,312,0]],[[4530,36012,0],[484,480,77118],[600,591,0]],[[5614,37083,0],[109,106,120970],[265,252,43339],[517,487,0]],[[6505,37928,0],[223,209,157702],[51,46,35139],[54,43,60855],[55,42,716225],[722,504,73815],[522,361,0]],[[8132,39133,0],[583,401,0]],[[8715,39534,0],[355,243,37498],[442,301,68668],[430,292,575906],[78,99,0]],[[10020,40469,0],[401,508,0]],[[10421,40977,0],[503,634,0]],[[10924,41611,0],[437,546,70239],[457,568,674058],[300,447,132044],[76,104,567690],[240,295,43091],[432,530,0]],[[12866,44101,0],[340,-226,40975],[534,-358,72496],[432,-290,990002],[358,-374,0]],[[14530,42853,0],[214,-578,68725],[263,-714,1228203],[370,-460,0]],[[15377,41101,0],[329,215,745982],[633,245,49786],[483,186,0]],[[16822,41747,0],[51,-193,100371],[22,-46,401728],[24,-11,55183],[59,-49,78718],[62,-32,560401],[-8,-91,87400],[-11,-12,44835],[-8,-41,149621],[11,-34,52594],[1,-48,1018353],[81,-5,64685],[16,8,160752],[83,-43,227135],[28,8,50678],[41,26,476792],[15,-46,109693],[72,-80,138948],[69,22,138948],[-24,-57,2189607],[-79,-38,241243],[-1,-54,146089],[-44,-47,92011],[-25,-60,424800],[8,-42,81893],[-3,-87,62494],[5,-65,491947],[-60,-38,187496],[-122,-176,1067642],[20,-41,89043],[24,-119,304976],[126,-95,626382],[-4,-86,205732],[-87,-32,228615],[-19,-98,69547],[4,-23,5385417],[-52,-29,157086],[-204,-37,313605],[-326,-18,769069],[-373,-116,371959],[-311,-160,1358332],[-412,-14,433265],[-129,74,973811],[-252,-25,251229],[-410,-84,525390],[-171,-100,0]],[[14509,39413,0],[173,-250,512214],[189,-532,712603],[147,-79,0]],[[15018,38552,0],[56,70,0]],[[15074,38622,0],[1,1,0]],[[15075,38623,0],[14,18,55011],[38,12,112093],[35,33,51530],[48,56,197181],[115,52,372217],[35,-70,487323],[30,26,59137],[-6,14,86912],[40,15,86912],[22,22,47169],[67,48,174034],[30,7,47748],[50,25,289942],[15,-20,50561],[66,-55,289942],[17,19,34156],[26,17,159306],[1,102,289942],[60,53,54021],[-1,8,143121],[101,43,1792180],[41,-84,59756],[16,-48,135091],[17,-93,377531],[87,65,809833],[76,-14,141455],[23,41,141455],[79,22,84209],[62,2,140097],[107,45,129537],[39,-17,107951],[29,10,42402],[24,19,276289],[18,-62,231829],[99,55,47158],[31,13,1288527],[63,69,124161],[55,19,143316],[49,67,219730],[14,3,38549],[33,27,38761],[106,62,333878],[-16,31,181548],[7,21,54207],[30,17,54207],[35,46,118223],[52,28,1286575],[44,-6,48087],[52,3,214254],[32,-29,52157],[17,0,54490],[34,-30,93273],[13,-28,593919],[95,46,73890],[44,11,199756],[45,-30,305782],[213,117,593919],[38,-66,96382],[9,-27,38584],[5,-40,0]],[[17695,39313,0],[39,-89,291480],[-41,-26,37418],[-43,-32,75708],[-47,-20,359795],[46,-118,77155],[4,-32,841911],[28,4,42723],[68,-1,52594],[51,6,299394],[35,17,45500],[30,23,100576],[8,32,102238],[19,17,47112],[50,25,262079],[52,8,51808],[60,0,1137257],[28,-163,120416],[21,-79,36785],[9,-44,36785],[16,-56,214580],[21,3,61407],[15,-30,150856],[-26,-14,51835],[-11,-24,98337],[1,-43,675551],[20,-4,56858],[50,-37,114630],[31,-51,176555],[57,11,68208],[30,-8,93869],[-5,-14,45845],[-24,9,45845],[-36,-7,42510],[5,-7,93869],[47,1,54828],[12,-10,448725],[-19,-42,69725],[-12,-13,33324],[-20,-7,69725],[-5,-28,299675],[24,-26,35475],[2,-11,141963],[21,-3,41218],[49,-18,69224],[38,0,247517],[-15,-65,93959],[-22,3,0]],[[18356,38350,0],[-1,0,0]],[[18355,38350,0],[-31,30,38247],[-21,12,38247],[-13,20,335761],[-45,-54,58227],[-20,-4,58227],[-5,-30,101533],[-42,-20,101533],[-2,-23,53984],[-25,-33,659829],[17,-35,74425],[-12,-17,44044],[4,-21,83862],[64,-22,83862],[-12,-18,80205],[-47,20,119118],[12,-21,35932],[-7,-8,35932],[15,-15,35932],[18,-39,168604],[-18,-25,86257],[9,-37,38625],[-1,-23,168604],[39,-20,83322],[12,-38,1081399],[45,-1,59051],[14,-15,37554],[16,1,138392],[40,-49,87391],[34,-10,442566],[93,59,274893],[229,5,1081399],[149,-151,497631],[16,-84,47254],[-1,-18,256538],[-44,-13,139174],[-50,-90,497631],[163,-112,598392],[-24,-74,205566],[0,-239,70068],[-4,-73,598392],[26,-79,228000],[124,-34,0]],[[19070,36952,0],[-531,-186,58592],[-257,-90,674186],[-34,3,78865],[-55,-14,57917],[-25,4,51568],[-42,-10,216335],[-37,9,65030],[0,19,85819],[-32,12,43969],[-27,0,488562],[-70,-97,367223],[-258,-34,1107701],[-240,-220,0]],[[17462,36348,0],[221,-364,508180],[112,13,508670],[169,-194,38428],[31,-39,38428],[47,-51,155478],[112,-145,363632],[51,-139,221283],[5,-9,38794],[44,-21,51634],[38,-32,128351],[-6,-12,37362],[15,-10,37362],[0,-16,1180575],[70,19,73279],[3,-12,78828],[61,20,41790],[24,3,179573],[0,-16,44830],[20,-20,132283],[71,19,456628],[8,-32,71466],[31,-15,95097],[0,-15,40292],[19,-47,75074],[24,-28,3714421],[-2,-24,43351],[-16,-27,49266],[-6,-41,94380],[3,-53,87573],[-26,27,94380],[-38,-115,58126],[11,-21,58126],[-22,-11,262462],[-28,18,47174],[-11,-6,154445],[19,-59,65350],[4,-51,156546],[-6,-44,49959],[-11,-7,57143],[-86,-304,456285],[52,-78,456285],[-54,-154,263764],[-150,-207,1261267],[-121,-109,39366],[-15,-11,234064],[-154,-69,0]],[[17975,33859,0],[-141,-91,40553],[-9,-8,424041],[-178,-39,199725],[-142,-5,55990],[-46,2,1050828],[-107,162,737979],[-350,21,226037],[-221,-11,0]],[[16781,33890,0],[-348,-20,41778],[-34,-3,300188],[-587,-75,423878],[-267,3,1159935],[-413,-117,343952],[-140,-76,117645],[-67,-23,42669],[-43,-20,0]],[[14882,33559,0],[-108,-162,44953],[-24,-33,277903],[-91,-62,80656],[-34,-38,40300],[-10,-4,605226],[-9,-40,114330],[-24,-30,39384],[-10,-3,64886],[-17,-34,47747],[-21,-21,114330],[-7,-29,74223],[-49,-79,171353],[-28,-35,45683],[-21,-14,171353],[-351,-548,0]],[[14078,32427,0],[-226,-34,142277],[-206,-15,636027],[-132,138,555889],[-161,-24,119736],[-174,-13,0]],[[13179,32479,0],[-287,-321,539140],[-274,-139,1201850],[111,-140,142952],[8,-31,90417],[70,-99,669939],[-143,-78,210464],[-30,-67,1968413],[-108,30,326260],[-144,205,754915],[-102,-58,318483],[-127,-10,176236],[-130,29,0]],[[12023,31800,0],[-24,-30,88889],[29,-19,142016],[12,-34,57106],[-16,1,67422],[-18,-31,55640],[-1,-21,37849],[-14,-35,82667],[-20,-7,82667],[-6,-45,62372],[14,-8,500885],[-25,-32,49374],[-41,-36,121096],[-151,-119,616652],[37,-45,196940],[-3,-86,62303],[-10,-72,0]],[[11786,31181,0],[-74,2,177342],[-29,38,37254],[-33,35,332929],[-53,2,41262],[-43,-4,82600],[-160,9,349584],[-24,111,314434],[-142,-24,743034],[32,-33,144080],[-6,-34,68598],[-30,-37,242804],[-29,-16,44961],[-11,6,44961],[-33,-11,34594],[-10,-13,34594],[-12,4,0]],[[11129,31216,0],[-9,4,0]],[[11120,31220,0],[-29,17,61916],[-18,-12,61916],[-59,-3,149056],[-220,-29,429217],[10,-19,41365],[19,-8,143728],[-29,-50,56862],[-22,-18,0]],[[10772,31098,0],[-4,-9,0]],[[10768,31089,0],[-24,-47,70902],[-34,-32,414282],[-45,-5,91885],[-96,21,204449],[-71,-7,107055],[-34,-30,303049],[-86,55,434736],[-32,-4,89622],[-94,-50,143046],[-47,-47,496609],[-57,51,256094],[-95,-39,101025],[-64,-9,321561],[-9,-52,86911],[-31,-37,321561],[-80,36,120207],[-69,1,61618],[-20,10,0]],[[9780,30904,0],[-26,-23,50844],[-31,-11,122812],[-2,-29,39126],[-11,-22,333154],[-35,4,80201],[-22,-28,80201],[-39,-12,47944],[-32,-1,154428],[-29,7,36391],[-12,10,113556],[-34,-19,71713],[-43,0,489203],[-98,48,41154],[-46,20,563832],[-38,0,83496],[-29,-10,48123],[-76,-14,36100],[-20,-6,225928],[-48,-30,67047],[-34,-37,269834],[-18,-6,34203],[-57,-8,50228],[-28,-11,143930],[-86,0,42759],[-33,4,269834],[-26,-62,79472],[-15,4,0]],[[8812,30672,0],[-1,-1,0]],[[8811,30671,0],[-16,-23,68920],[9,-34,186019],[-24,-29,81321],[-58,-23,120435],[-21,16,0]],[[8701,30578,0],[-8,7,0]],[[8693,30585,0],[-10,2,50684],[-8,48,108075],[-42,6,0]],[[8633,30641,0],[-10,34,38033],[5,16,38033],[-11,14,224142],[-123,48,36413],[-20,10,433638],[-16,30,103025],[5,103,135049],[-11,53,62953],[-20,41,851375],[-58,29,189065],[-26,-16,39929],[-73,-36,309414],[-25,-22,67634],[-29,-57,110743],[-52,-38,851375],[-37,3,93806],[-52,-15,56481],[-11,-16,56481],[-33,-1,186238],[-14,16,67202],[22,28,355389],[-23,27,43296],[-28,19,43296],[-46,48,142608],[-16,9,45543],[-18,-11,142608],[-47,37,55638],[-103,70,429714],[11,10,43216],[67,91,429714],[-146,28,118942],[-62,-13,118942],[-65,22,2580590],[-41,-121,298802],[-140,-52,381919],[36,-99,721801],[-91,-62,154200],[-101,-25,279171],[-90,50,279171],[-16,-5,37337],[-12,-18,42686],[-42,-24,93283],[-12,-37,59831],[-17,-3,1596728],[-66,81,96780],[4,10,52214],[-29,45,249237],[-42,17,39150],[-35,20,165982],[-55,50,80846],[-36,52,446436],[-65,-46,212084],[-31,14,72512],[-6,31,72512],[-34,19,1158142],[-47,-14,33910],[-34,-15,169422],[-36,-27,69612],[-167,-103,34790],[-20,-11,225511],[-81,-26,60802],[-65,-28,453232],[-41,5,95318],[-22,39,0]],[[32514,53948,0],[-116,-265,523420],[-26,3,55359],[-35,-8,40263],[-52,-3,124211],[-94,-32,822836],[-103,-261,473458],[-136,43,365672],[-80,-71,205281],[11,-87,473458],[39,-24,39164],[33,-27,106638],[15,-31,63477],[40,-31,40850],[7,-13,478200],[-49,-113,200045],[-99,-76,1794120],[-478,9,669905],[60,-162,322494],[-83,-93,527794],[-74,15,139385],[-71,41,45250],[-47,31,0]],[[31176,52793,0],[-24,-3,50833],[-195,-46,177007],[-94,-47,828017],[-150,169,355740],[-5,48,33571],[-17,132,0]],[[30691,53046,0],[-71,24,250342],[-20,-10,39136],[-125,-79,130521],[-48,-8,566336],[-11,3,34075],[-76,39,121176],[-40,10,61820],[-26,-11,121176],[-50,39,269255],[-102,26,55652],[-55,9,150043],[-69,-11,967159],[-66,-36,70464],[-294,-167,43789],[-46,-28,2527234],[-60,33,94059],[-45,52,257047],[-35,-25,148539],[-66,22,53346],[-34,20,93657],[-18,-9,237396],[-60,37,76232],[-29,35,630606],[-4,56,120066],[13,28,44107],[30,39,417410],[-109,54,195421],[-42,92,152971],[-56,21,796517],[-29,-32,55790],[-8,-37,55790],[-15,4,162601],[43,-102,162601],[-64,38,247263],[-105,-31,468553],[-22,17,39762],[-8,21,39762],[-14,2,83001],[-8,31,47419],[-19,23,151640],[-23,0,44217],[-34,17,796517],[-22,67,38542],[-9,41,91023],[-18,2,59441],[15,34,59441],[-13,68,304653],[4,27,54073],[28,61,86096],[-4,37,63702],[16,43,1591431],[-49,4,33908],[-25,6,100053],[-160,-2,247751],[1,19,38533],[-14,3,72630],[-53,31,42418],[-22,19,247751],[-21,-13,43351],[-8,-22,43351],[-35,-42,247751],[-64,4,72655],[-61,-12,72655],[-104,1,146873],[6,17,0]],[[28159,53645,0],[50,20,89435],[18,36,98328],[65,26,314954],[27,96,37871],[-6,21,37871],[12,6,128009],[-19,23,314954],[91,74,73478],[51,51,3683687],[-39,12,96110],[-49,60,303628],[15,80,49024],[16,27,49024],[-7,16,56785],[13,41,343588],[-27,0,110698],[-84,84,715984],[-286,-18,801824],[-646,297,58793],[-619,282,1704824],[-310,432,1398831],[-1370,725,2639354],[-1602,556,0]],[[23453,56592,0],[112,238,0]],[[23565,56830,0],[119,256,0]],[[23684,57086,0],[120,256,0]],[[23804,57342,0],[447,949,1386463],[376,1333,118092],[185,646,0]],[[24812,60270,0],[425,1473,385078],[20,64,35159],[24,63,70045],[34,76,1553475],[739,1502,0]],[[26054,63448,0],[811,1620,96280],[158,312,2221751],[33,60,35107],[36,60,60845],[39,57,244718],[43,56,35099],[45,55,114023],[49,53,45512],[73,71,675642],[741,672,0]],[[28082,66464,0],[-692,1469,0]],[[27390,67933,0],[-1114,2315,1164961],[-49,114,82916],[-79,212,129883],[-22,64,35133],[-18,64,302286],[-14,65,60823],[-11,65,35124],[-7,66,7301817],[-3,65,60847],[1,66,35132],[4,66,171346],[9,65,54796],[23,115,550577],[29,95,91946],[139,396,147546],[24,63,35144],[28,62,1280837],[31,61,35133],[35,60,99307],[38,59,35128],[42,57,396631],[45,56,60843],[49,54,35116],[51,52,194834],[54,51,35145],[58,49,71962],[77,59,3013410],[414,297,154386],[180,123,60191],[91,59,581086],[370,222,43034],[682,406,0]],[[28547,73556,0],[509,301,811990],[138,347,0]],[[29194,74204,0],[382,954,1092064],[27,63,35148],[31,61,90346],[63,105,363065],[303,455,43408],[290,435,0]],[[30290,76277,0],[413,611,692739],[41,58,35129],[45,56,119122],[48,55,49041],[81,81,275725],[329,307,1623113],[56,51,60844],[60,48,35123],[62,46,164110],[65,44,50776],[110,66,411193],[618,343,0]],[[32218,78043,0],[441,243,35288],[500,274,1204106],[448,568,0]],[[33607,79128,0],[375,472,0]],[[33982,79600,0],[831,1034,819805],[308,553,497354],[36,61,35120],[40,59,99294],[43,57,35121],[47,56,208784],[50,55,52273],[91,87,1813305],[588,517,58645],[485,425,0]],[[36501,82504,0],[562,488,59278],[529,455,141935],[461,394,42124],[417,354,1528497],[61,49,35125],[63,47,117933],[67,45,48256],[106,64,358888],[745,415,0]],[[39512,84815,0],[482,267,35157],[479,264,138451],[658,359,66232],[826,446,1958547],[74,39,86027],[78,36,35114],[79,33,60810],[82,31,469344],[523,182,62212],[1172,404,0]],[[43965,86876,0],[512,-712,78952],[439,-618,2256799],[-308,-755,0]],[[44608,84791,0],[-251,-624,50884],[-182,-453,1549984],[-410,-501,66854],[-530,-653,0]],[[43235,82560,0],[216,-564,0]],[[43451,81996,0],[-310,-165,886778],[-90,-194,283354],[-196,-232,570515],[-59,-191,230721],[28,-101,1543556],[308,16,771271],[79,-410,1543556],[-145,-16,132163],[-31,-15,45140],[-44,-7,45140],[-45,-18,355877],[14,-10,51689],[-20,-28,51689],[6,-34,131130],[-35,-22,73326],[-16,23,131130],[-77,-71,312908],[-32,-4,53339],[-47,13,124248],[-52,-15,39504],[-38,-18,470226],[-5,-46,60335],[15,-19,132464],[-22,-55,68951],[-24,-15,470226],[-41,-4,36984],[0,7,36984],[-50,1,58241],[-39,-6,105717],[-25,18,53020],[-16,-12,53020],[-107,10,145448],[-35,-19,64168],[-35,6,1543556],[24,-34,48955],[6,-30,169297],[-52,-94,281544],[43,-68,116173],[52,-14,412836],[-51,-64,117971],[-39,-77,71460],[10,-12,47598],[-17,-29,963587],[-34,-14,73556],[-38,-50,134074],[-76,-16,293710],[-26,11,39726],[-14,18,84339],[-37,1,64885],[-35,24,39130],[-16,1,355588],[-44,-31,33686],[-29,-16,98256],[-10,-36,91396],[-58,-35,185742],[-41,-4,40053],[-19,6,1121759],[17,-70,98564],[45,-65,136816],[9,-38,65231],[-19,-24,136816],[36,-29,59747],[18,-35,258516],[-25,-55,51028],[1,-20,646414],[-68,-38,62436],[-59,-44,168406],[-66,5,134261],[-41,-32,44787],[-31,-8,38389],[-8,-12,545027],[29,-16,37382],[29,-28,184330],[-7,-42,99989],[22,-31,58169],[2,-37,59122],[23,-10,59122],[-12,-27,0]],[[41659,79144,0],[27,-15,50304],[8,-24,35564],[14,-8,113229],[-9,-44,61918],[15,-18,185997],[68,-14,37919],[11,-7,368061],[-3,-29,45900],[11,-47,119458],[43,-27,180058],[-10,-17,45331],[4,-38,70261],[18,-22,70261],[-5,-16,41038],[-25,-5,170822],[47,-92,441029],[-10,-21,36387],[-28,-28,52962],[-15,-5,40783],[-25,-31,149497],[-41,-6,56665],[-39,-21,261053],[7,-32,107501],[-37,-16,58606],[-30,-33,130646],[11,-46,441029],[44,-32,47825],[66,-39,441029],[7,50,81460],[33,40,191452],[55,15,88931],[60,47,249725],[-18,58,152750],[27,25,42876],[36,47,1871959],[39,26,66686],[100,41,99417],[21,-2,38738],[30,11,239478],[5,33,58700],[-18,26,239478],[23,27,88912],[23,-1,38557],[13,13,47264],[35,-2,146367],[12,14,40230],[-1,26,114597],[10,9,35176],[72,36,341628],[13,25,40115],[28,28,55620],[47,77,644360],[156,-14,110610],[68,11,972597],[3,46,62996],[11,20,39231],[2,36,39231],[9,8,156376],[-19,20,59692],[-14,38,38158],[2,15,156376],[60,27,199154],[3,32,36561],[10,13,34681],[2,26,129714],[39,54,47931],[29,26,199154],[-5,60,84946],[15,38,34784],[6,32,417717],[39,17,88963],[-4,28,43427],[11,18,99649],[34,2,66642],[25,30,972597],[52,-49,63859],[13,-29,46119],[25,-23,117270],[55,-29,219077],[19,-60,109546],[-39,-13,49229],[4,-12,204888],[55,-35,42657],[22,-2,42657],[17,-18,0]],[[43133,79393,0],[13,-23,44784],[-4,-31,44784],[12,-13,214283],[-31,-30,36198],[-51,-37,67742],[-37,-19,480383],[0,-35,74213],[33,-33,74213],[-3,-27,38159],[9,-14,258777],[160,-82,781090],[43,14,53609],[25,18,38570],[37,15,164963],[53,6,38792],[38,10,69604],[68,1,439553],[3,-100,242616],[126,-24,1839405],[-435,-731,744097],[-39,-335,0]],[[43153,77923,0],[479,-35,1134787],[452,187,505637],[448,65,505637],[315,157,336461],[250,48,0]],[[45097,78345,0],[-37,94,159033],[34,57,175542],[-50,35,137619],[9,27,33398],[19,33,137619],[-30,59,127038],[4,106,1529006],[51,83,301881],[33,11,38953],[3,-9,75811],[164,-22,48661],[21,1,301881],[143,33,99472],[166,53,927861],[83,65,58051],[7,12,35746],[25,4,167461],[0,36,78817],[37,16,78817],[1,11,40793],[34,40,231426],[26,-6,41986],[6,13,41986],[49,11,231426],[6,22,37719],[25,31,76893],[21,-6,76893],[231,206,2914448],[273,-26,67479],[118,-8,69820],[590,-51,205135],[90,-11,34348],[83,-7,65981],[34,-9,695787],[147,9,63153],[366,28,0]],[[47879,79286,0],[759,253,0]],[[48638,79539,0],[373,2,36455],[343,2,236601],[187,17,0]],[[49541,79560,0],[491,45,69836],[94,10,192327],[15,-1,37283],[185,1,87133],[31,8,0]],[[50357,79623,0],[57,-82,33289],[57,-84,93845],[28,-37,45435],[69,-101,45435],[66,-92,44483],[60,-88,44483],[34,-44,0]],[[50728,79095,0],[-30,-343,110335],[-43,-433,33605],[-17,-181,1215088],[49,-481,254271],[44,-338,41039],[32,-255,41039],[11,-79,95927],[46,-368,3409454],[-201,-387,155597],[-157,-278,172239],[-284,-523,50410],[-268,-496,8415851],[-397,237,38949],[-452,269,961094],[-612,268,188999],[-517,216,50628],[-256,107,4227274],[-104,-127,170926],[-261,-375,1121786],[-481,-281,117963],[-424,-256,0]],[[46406,74991,0],[-349,-235,101981],[-344,-228,2569991],[-214,-659,291403],[-148,-421,174678],[-208,-639,174678],[-87,-241,1595653],[-222,-387,345342],[-316,-443,0]],[[44518,71738,0],[-440,-44,196198],[-461,-65,1612207],[-247,-616,3213245],[326,-470,143321],[306,-451,37445],[236,-350,0]],[[44238,69742,0],[268,-419,1602307],[-10,-180,43524],[-11,-166,144295],[-17,-354,43838],[-10,-187,83342],[-11,-284,1293965],[-294,-195,0]],[[44153,67957,0],[-406,-266,544774],[-234,-215,57523],[-327,-300,2304982],[-163,-288,546776],[-314,-482,200823],[-359,-528,207281],[-329,-503,109814],[-344,-533,1331965],[-318,-268,0]],[[41359,64574,0],[-297,-249,319844],[-267,-291,2318002],[192,-676,328655],[85,-344,65754],[112,-461,5936974],[-648,-365,294553],[-276,-166,34915],[-122,-75,145782],[-248,-145,38513],[-329,-195,2359288],[-427,-37,66978],[-194,-19,243043],[-650,-51,83138],[-606,-47,1641600],[45,-272,0]],[[37729,61181,0],[61,-394,73733],[19,-145,172776],[81,-471,282921],[40,-415,282921],[65,-287,0]],[[37995,59469,0],[84,-370,977561],[-90,-238,75404],[-214,-577,977561],[-72,-645,152411],[-82,-672,1859121],[7,-566,72295],[5,-516,268323],[17,-471,3439221],[-463,-456,1371326],[-83,-395,138851],[-107,-549,0]],[[36997,54014,0],[-34,19,126816],[-72,-48,306018],[-69,65,140509],[-65,0,140509],[-26,56,306018],[-96,1,55247],[-124,-4,270221],[-29,16,43461],[-29,29,71804],[-41,15,832900],[-201,-78,124410],[-162,-49,832900],[-186,55,409329],[-80,-8,39164],[-149,-11,259824],[-62,-60,409329],[-353,-3,321706],[-193,-56,321706],[-256,14,239182],[-176,-31,0]],[[34594,53936,0],[-116,-22,0]],[[34478,53914,0],[-88,23,42362],[-193,47,89300],[-77,14,667284],[-429,-130,807518],[-387,22,384721],[-250,52,127079],[-298,49,616140],[-242,-43,0]],[[23508,7353,0],[128,1421,1006517],[115,516,254820],[53,150,0]],[[23804,9440,0],[-189,487,1042904],[102,155,527480],[15,434,1021897],[-49,81,215999],[-132,362,0]],[[23551,10959,0],[-53,119,0]],[[23498,11078,0],[2,211,0]],[[23500,11289,0],[-46,321,0]],[[23454,11610,0],[59,112,362370],[3,131,193644],[-40,139,662162],[-145,141,557873],[-27,151,232584],[23,180,0]],[[23327,12464,0],[265,567,0]],[[23592,13031,0],[78,-48,127951],[77,-80,391915],[29,-108,110125],[44,-104,439013],[51,18,72147],[9,20,138502],[44,-22,314870],[21,-92,141913],[17,-12,40014],[2,-16,47502],[24,-16,1003548],[37,29,73468],[19,23,38193],[8,21,83991],[34,21,205743],[-17,25,50895],[-4,30,205743],[34,6,51036],[11,18,51036],[15,-13,51036],[50,11,0]],[[24175,12742,0],[6,3,44209],[-18,41,52795],[-8,66,165374],[19,49,43401],[6,28,0]],[[24180,12929,0],[10,37,44638],[-6,9,69064],[23,62,244984],[-22,67,96026],[15,19,96026],[-42,14,67669],[-6,19,721146],[17,15,35907],[39,24,44887],[2,9,44887],[36,15,81752],[18,26,37798],[11,4,245746],[24,-17,57823],[26,2,164936],[18,23,71507],[19,-4,34759],[18,7,71507],[44,28,509576],[-6,39,74611],[29,19,74611],[-31,9,74611],[13,34,69190],[-15,18,212020],[40,2,108908],[18,32,52057],[-5,13,0]],[[24467,13454,0],[36,12,45749],[8,12,163472],[-11,53,42183],[-8,14,80020],[9,20,211859],[21,-14,48150],[35,-8,120600],[30,28,211859],[-10,25,43560],[-11,1,43560],[-12,25,41685],[-14,6,86430],[4,20,0]],[[24544,13648,0],[22,1,64333],[16,31,130694],[10,-8,39238],[49,-12,408143],[0,12,35584],[16,12,62110],[-2,35,70928],[8,23,39390],[11,0,190800],[18,-31,125756],[39,20,60153],[15,22,190800],[-13,45,113588],[15,1,64314],[7,21,43380],[0,38,64314],[15,-3,38768],[-6,-15,184679],[34,-5,59324],[-1,-20,53416],[17,-12,42680],[5,13,184679],[7,-41,50977],[11,-3,101193],[9,40,48069],[-2,29,101193],[21,-20,54693],[8,22,46672],[-13,5,54693],[20,33,50034],[16,7,148665],[14,37,34562],[10,11,34562],[2,21,873145],[-16,-5,46080],[-32,10,121687],[2,47,121687],[-38,27,53701],[-30,11,503001],[5,22,37364],[-1,33,63439],[16,60,123046],[33,52,105511],[9,67,327866],[19,5,49029],[52,-5,0]],[[24941,14281,0],[15,-15,65659],[19,-2,38331],[45,-17,116383],[27,-31,67677],[31,-13,41056],[19,-16,539135],[36,-1,110436],[22,18,57387],[12,32,283044],[46,-3,65635],[24,12,65635],[48,3,39840],[14,-4,118250],[48,25,58556],[9,-6,218727],[-15,-54,82966],[11,-27,218727],[19,9,51416],[26,32,52667],[50,37,643023],[19,-4,35671],[9,-13,119296],[13,-38,51968],[33,-65,465146],[11,-10,55999],[43,-12,40251],[27,-2,181201],[47,18,44734],[23,2,110968],[22,-20,110968],[59,6,62169],[57,-4,1762538],[-7,73,73497],[2,94,261423],[12,111,57252],[13,70,116153],[22,59,77787],[7,33,37402],[-1,28,303571],[-12,50,35300],[-10,27,0]],[[25836,14663,0],[38,35,100797],[23,62,498064],[19,-8,56221],[24,-34,81544],[32,-8,45924],[16,-14,255409],[35,-2,60534],[22,-13,48511],[45,-9,80863],[25,5,59083],[47,-12,104154],[17,-21,75657],[26,-4,36326],[15,5,0]],[[26220,14645,0],[0,-41,126617],[26,-33,63247],[34,-19,126617],[15,-62,90524],[32,-45,416968],[-5,-36,58959],[-14,-31,39493],[-10,-38,159968],[11,-26,55816],[-7,-27,55816],[4,-54,1023658],[22,-14,48898],[19,-28,48898],[43,-40,66896],[25,-5,62918],[17,-27,62918],[66,-65,359537],[64,-14,86699],[56,5,592084],[15,-11,40220],[31,-41,80500],[33,-58,149118],[23,-75,149118],[58,-68,55975],[16,-26,1149875],[4,-40,41286],[-8,-8,41286],[10,-22,211275],[-24,-16,93636],[-73,8,401145],[0,-104,36514],[3,-44,71380],[-5,-21,255604],[9,-16,39022],[15,-1,48858],[34,-38,0]],[[26759,13464,0],[14,7,34753],[27,27,76683],[23,6,39563],[36,20,207840],[-4,21,76924],[13,24,40962],[21,21,98225],[-8,19,45108],[6,25,205734],[62,10,495373],[-9,62,45190],[-11,42,112894],[-28,48,1248180],[22,22,44328],[33,19,155958],[38,-2,38088],[18,4,76874],[17,-15,322157],[15,6,42001],[65,45,112254],[33,45,112254],[50,32,57376],[49,41,729733],[7,23,72985],[-15,62,435337],[23,-3,37991],[28,-13,69917],[28,6,120808],[21,-31,141202],[34,1,80261],[109,-28,191042],[59,-23,64139],[56,-32,1092300],[-4,-30,40340],[-11,-18,143884],[-3,-142,48926],[-4,-75,87905],[5,-4,0]],[[27574,13686,0],[-74,-111,224180],[-24,-141,1468298],[45,-193,33617],[90,-382,286712],[66,-146,243921],[23,-87,96674],[24,-156,705574],[4,-217,300015],[47,-105,222185],[21,-204,507955],[44,-94,102807],[-8,-19,158761],[67,-127,75516],[29,-66,507955],[19,-242,117449],[-4,-51,48631],[3,-49,0]],[[27946,11296,0],[15,-241,81416],[15,-168,714564],[-13,-34,116142],[-51,-43,82613],[-47,-59,211901],[-11,-37,33516],[-6,-6,44933],[-41,-88,821926],[-3,-40,50208],[7,-35,145552],[-9,-22,40995],[-3,-36,40995],[-15,-76,62096],[-7,-51,264935],[8,-38,97138],[-2,-45,36342],[3,-24,46504],[-3,-77,87915],[7,-70,337755],[-32,-68,95422],[-20,-90,337755],[17,-10,94860],[5,-16,33674],[19,-30,56245],[5,-33,50732],[16,-27,231652],[-15,-8,89742],[-1,-63,48815],[-5,-20,1405982],[-67,-93,66742],[-28,-49,178815],[-22,-65,54102],[-26,-58,208021],[-16,-19,47918],[-12,-28,37962],[-16,-17,37962],[-6,-19,98835],[-40,-38,0]],[[27546,9355,0],[-19,-135,98510],[-26,-111,236690],[-21,-17,49606],[8,-12,49606],[-19,-37,46715],[-20,-9,46715],[1,-17,426691],[29,-19,136372],[-1,-54,98796],[-27,-24,136372],[18,-15,55367],[-10,-18,68071],[7,-73,45966],[-2,-33,1386376],[-24,-37,63939],[3,-22,73915],[-20,-19,46633],[-12,-28,138695],[9,-45,138695],[-37,0,69970],[-24,-20,316706],[-2,-9,33753],[12,-25,60902],[-15,-5,60902],[-3,-40,51106],[-17,-112,316706],[-76,18,737910],[-17,-23,92026],[-69,-55,52122],[-60,-53,192786],[-20,28,41610],[-8,-4,41221],[-18,25,166975],[-19,-70,356811],[-27,30,49432],[-14,30,69531],[-27,21,356811],[-30,-36,77480],[-10,-42,92485],[-30,-26,121913],[14,-11,63853],[3,-23,35733],[-6,-20,121913],[-16,13,61460],[-24,-17,4104477],[-33,21,47094],[0,10,47094],[-62,61,313538],[-30,-2,62342],[-9,12,39510],[-23,5,136010],[-80,-13,61248],[-12,-9,1124120],[-3,48,58443],[-1,159,200726],[27,122,236889],[-15,141,152901],[10,151,178607],[-31,91,178607],[10,5,35324],[29,37,1124120],[-79,164,102857],[-42,105,200798],[-61,87,362352],[-90,275,210853],[-76,156,505999],[-103,121,2993599],[-135,-64,151090],[-48,-49,431501],[-112,-25,159229],[-120,-62,237240],[-258,-62,0]],[[25533,9689,0],[-132,-471,577341],[-89,-171,208751],[-94,-105,2530097],[-301,-125,266257],[-235,-133,659204],[-584,-212,51746],[-425,-155,3215702],[-165,-964,0]],[[27949,16829,0],[2,-59,41266],[-2,-104,103521],[-10,-46,0]],[[27939,16620,0],[39,-39,65092],[33,-17,514691],[-13,-29,62427],[9,-26,62427],[-13,-78,258358],[-20,-25,70941],[-32,0,85056],[-21,-31,35836],[-13,-9,288629],[-10,-33,36950],[-13,-69,103986],[-5,-2,44873],[-27,-71,128590],[-8,-70,1024949],[39,-48,36569],[16,-15,159001],[0,-32,62322],[19,-13,62322],[19,-40,54603],[-8,-17,54603],[16,-22,362519],[-12,-10,45206],[-22,-43,78679],[-33,-24,362519],[9,-18,35384],[6,-32,58724],[-7,-11,58724],[11,-69,87423],[-12,-24,87423],[30,-29,61180],[-2,-17,183876],[20,-7,45903],[17,10,183876],[-20,-49,49983],[-1,-20,125047],[29,-23,107194],[-15,-49,225194],[24,-32,45361],[19,-12,75602],[11,-32,225194],[0,-50,53512],[-8,-22,124850],[-1,-24,34196],[8,2,34196],[10,-27,74481],[-15,-8,48791],[0,-24,74481],[20,-12,0]],[[28012,15278,0],[6,-17,49536],[34,-44,34179],[9,-15,189838],[31,-3,37772],[30,-11,48841],[19,2,328681],[47,-47,86512],[22,-47,77818],[36,-35,146676],[7,-39,43654],[13,-32,140658],[36,-31,34253],[22,-24,1166905],[4,-25,35424],[-4,-27,43782],[5,-44,97599],[15,-59,75253],[-2,-20,34629],[7,-20,41057],[-3,-31,41057],[-10,-10,41057],[16,-11,223237],[-6,-25,59897],[-24,-27,44771],[-9,-22,191710],[9,-34,59357],[27,-44,191710],[-2,-25,37998],[6,-35,37998],[-5,-10,77512],[18,-16,41815],[-5,-10,108559],[2,-64,37836],[-2,-35,51276],[-9,-20,51276],[14,-13,51276],[-2,-60,108559],[5,-6,35224],[27,4,94113],[-22,-41,2609611],[-183,-10,620020],[-40,-76,158881],[-10,-76,63423],[-18,-73,175512],[-28,-72,73311],[-25,-33,863278],[-277,-39,444817],[-64,-41,63534],[-147,-87,99364],[-8,-12,0]],[[23327,12464,0],[-315,165,0]],[[23012,12629,0],[-225,256,442557],[16,115,0]],[[22803,13000,0],[71,270,394966],[-22,132,225721],[43,95,247622],[-1,17,67370],[-45,64,247622],[4,65,132557],[46,53,650419],[-52,149,233110],[1,158,1714275],[-170,225,488959],[-145,31,271493],[-32,13,58744],[-48,35,130831],[-30,33,46858],[-10,23,0]],[[22413,14363,0],[84,46,91809],[23,28,582605],[-3,17,49188],[9,80,58750],[-7,24,58750],[8,54,221374],[-17,48,80174],[3,51,109900],[-27,1,79713],[3,37,347396],[33,31,69009],[36,62,51937],[7,2,255232],[-13,40,36708],[-22,48,627183],[32,25,105623],[41,-22,185099],[5,21,63984],[23,22,38564],[22,31,1032466],[-13,36,77247],[8,18,53123],[-13,30,53123],[-2,49,122765],[7,23,81382],[-8,38,54556],[-1,64,310436],[-20,4,51247],[-3,21,51247],[-27,43,71997],[-11,-1,257194],[-7,51,57437],[3,43,82280],[-4,56,51254],[-10,37,752465],[47,17,46332],[38,7,332283],[-3,15,34629],[10,17,52147],[-6,36,124652],[23,18,51685],[13,29,147105],[4,47,37252],[-2,49,0]],[[22676,15756,0],[31,29,43567],[21,10,372674],[-5,81,76763],[-15,55,210306],[-32,56,63942],[-28,30,186362],[-25,72,97000],[21,4,40304],[-11,10,47783],[-5,31,0]],[[22628,16134,0],[2,26,36229],[10,21,58547],[15,12,39334],[4,19,188266],[46,23,118343],[5,12,40456],[30,22,62003],[5,27,62003],[11,0,33614],[2,16,33614],[12,3,320897],[10,-23,78713],[19,6,35541],[22,-4,172644],[40,24,71734],[25,27,33833],[5,11,547399],[-25,105,105270],[-11,9,58538],[17,35,289273],[64,40,221901],[-2,35,34718],[5,8,48636],[-6,42,56134],[5,36,547399],[35,1,57492],[34,16,103833],[53,-20,103833],[31,20,0]],[[23091,16683,0],[41,-110,0]],[[23535,17412,0],[3,18,49761],[-18,18,49761],[-12,39,87747],[17,11,42837],[-3,14,87747],[-31,33,227891],[-43,9,52353],[-16,13,171774],[-41,94,0]],[[23391,17661,0],[-21,-5,36647],[-35,1,143206],[-40,28,52503],[-29,7,52503],[-3,16,166412],[-44,-7,81413],[-65,12,766642],[-5,28,63164],[-24,8,63164],[-7,15,35963],[-30,32,149099],[-35,24,38263],[-23,10,48527],[-23,24,36382],[-10,2,149099],[-69,75,65566],[-5,9,37611],[-43,33,252744],[-99,70,78671],[-32,8,78671],[-30,38,373077],[-20,-22,66013],[-22,6,35330],[-10,-7,91319],[1,-21,38836],[-11,-8,373077],[-38,44,72581],[-40,23,45376],[-17,19,182006],[-17,41,41236],[-1,17,120689],[-32,30,48213],[-27,35,2249555],[-5,38,40230],[3,27,125127],[21,48,46430],[15,19,774776],[-143,223,370660],[-45,93,38805],[-41,90,82260],[-31,53,183651],[-17,67,49895],[-17,48,268063],[-44,51,100413],[-20,60,100413],[-13,26,33664],[-23,34,51542],[-41,80,642193],[-1,57,71908],[-11,74,37411],[-5,50,0]],[[22067,19384,0],[50,-8,131549],[-18,-28,41278],[-4,-22,285885],[119,4,37577],[95,5,470929],[12,-7,62348],[106,-75,38238],[146,-108,38238],[17,-11,824104],[7,16,47161],[24,7,47161],[21,24,179761],[126,19,646402],[-10,-142,216989],[-31,-131,123017],[-42,-75,123017],[3,-50,824104],[73,-32,161540],[42,-1,61426],[37,4,34001],[23,8,195753],[3,-29,62524],[23,-11,195753],[24,6,36228],[19,13,36228],[27,8,90526],[59,4,0]],[[23018,18772,0],[24,32,57582],[23,8,245806],[51,3,46798],[4,8,46798],[48,1,62723],[9,10,62723],[62,-1,76617],[19,-24,66375],[18,5,51137],[-10,20,66375],[65,11,40916],[12,6,532286],[31,-8,89721],[9,-14,36457],[3,-29,229164],[46,20,40950],[29,7,143240],[6,-31,43055],[12,-15,143240],[19,20,61069],[39,10,417670],[11,-74,270540],[19,12,50131],[31,39,88915],[-2,18,43011],[18,-14,43011],[24,9,88915],[15,36,189025],[22,1,55808],[14,-20,270540],[91,26,102683],[8,8,48268],[32,-15,49226],[7,13,41785],[18,-8,102683],[5,18,46794],[24,19,100673],[34,-13,159640],[13,22,40644],[0,20,64159],[23,26,159640],[21,-5,54411],[14,-26,105645],[-13,-38,997350],[156,-114,514999],[72,-4,97219],[295,3,0]],[[24489,18750,0],[28,51,122396],[29,-18,38643],[9,3,210366],[88,102,75983],[96,103,0]],[[24739,18991,0],[-12,34,50777],[-17,13,100070],[-46,126,129268],[-40,57,321600],[-8,38,45038],[3,29,45038],[-9,27,118482],[4,20,36249],[14,20,733040],[-302,228,1370949],[-38,-24,161619],[-117,14,43319],[-33,1,295264],[-171,60,265061],[-119,-26,161637],[-55,22,2055160],[63,100,166680],[75,48,628107],[-22,78,88173],[-42,201,443163],[68,38,244136],[5,44,79988],[-14,53,36758],[-1,20,100320],[12,22,0]],[[23937,20234,0],[-3,26,43421],[8,33,0]],[[23942,20293,0],[49,-51,81407],[26,-49,81407],[74,-99,52902],[21,-22,799233],[24,-4,61680],[49,-33,115624],[24,6,64919],[54,-16,172967],[116,-67,407012],[34,-1,49374],[55,11,46968],[23,-2,123693],[21,-20,123693],[161,-15,1669985],[25,-31,169105],[11,15,37610],[2,23,85551],[10,5,38725],[16,-17,85551],[14,13,39713],[11,-7,52012],[35,26,234976],[17,47,112535],[-9,16,50960],[-27,3,346679],[91,53,97028],[45,42,169438],[18,-21,71215],[23,17,169438],[157,80,40905],[109,58,142328],[18,-3,0]],[[25239,20250,0],[74,-11,431656],[-1,6,34111],[26,32,135644],[5,32,57766],[-15,7,68104],[4,37,38234],[-3,27,135644],[17,102,60226],[11,20,60226],[-5,26,39865],[5,25,114187],[16,-1,39023],[3,-13,36300],[10,27,114187],[-15,32,48428],[-3,29,431656],[16,9,40792],[16,26,111166],[-2,11,36463],[9,58,111166],[20,44,39142],[12,13,34970],[16,35,251193],[80,65,0]],[[25535,20888,0],[10,-16,43577],[102,-129,122122],[107,-159,797018],[16,-158,249056],[-17,-158,77515],[-18,-116,1346154],[55,-18,52458],[63,-29,320163],[16,-19,42089],[20,-7,54725],[15,-23,63205],[67,-52,193235],[81,-118,359403],[42,-24,35649],[41,-27,122535],[80,-22,0]],[[26215,19813,0],[36,-72,141842],[60,-160,52350],[30,-88,87120],[32,-74,33587],[6,-19,237722],[6,-52,103445],[12,-45,48491],[35,-92,191258],[24,-23,39658],[34,-43,191258],[4,-31,35458],[-4,-21,68811],[13,-60,0]],[[26503,19033,0],[25,-41,33317],[9,-21,70819],[4,-32,277534],[44,-22,66565],[26,-29,154629],[47,-8,51212],[34,3,406736],[70,-115,96974],[43,-48,137358],[34,-65,37796],[4,-20,37796],[15,-20,0]],[[26858,18615,0],[135,-105,139706],[10,-12,41676],[31,-9,41676],[50,-29,89695],[35,-27,36492],[10,-14,56353],[24,-11,1176338],[-17,-49,87295],[9,-36,81581],[-16,-53,183235],[-27,-27,73638],[-25,-55,364775],[3,-37,39649],[-6,-19,87683],[12,-15,49169],[-6,-25,49169],[10,-7,36634],[2,-22,122097],[-10,-41,78496],[9,-29,57956],[-3,-48,429485],[-28,-50,71395],[5,-8,46975],[-16,-39,111221],[-31,-34,59859],[-16,-35,2054743],[8,-41,127581],[26,-2,53796],[13,-18,73995],[25,9,177992],[17,-13,53532],[22,-41,109801],[-6,-39,177992],[36,-40,48079],[57,-76,96915],[29,-25,72933],[12,-40,164569],[30,-28,46411],[21,-30,54675],[53,-52,755788],[25,-11,54188],[52,-41,108685],[50,-21,42086],[28,-7,205301],[7,-22,74885],[37,-30,34495],[8,3,34495],[10,-19,122029],[23,4,39309],[15,-7,96203],[35,-41,322404],[50,6,77741],[49,-14,144817],[4,-15,36614],[18,-14,70750],[14,12,59323],[20,-21,736903],[4,-48,74322],[19,-46,46793],[6,-32,137820],[17,-4,68472],[-4,-25,43571],[-14,-15,68472],[10,-51,86359],[0,-34,41955],[-8,-20,129922],[18,-33,480031],[59,38,91415],[32,41,194718],[2,-14,34529],[18,-33,0]],[[13325,22806,0],[101,222,504109],[175,170,269604],[100,30,1441122],[123,-106,131218],[80,-91,658512],[162,33,327154],[219,-62,0]],[[14285,23002,0],[182,299,74424],[170,284,232074],[50,44,78906],[7,26,1131816],[57,-29,122050],[51,-68,285721],[57,2,40395],[33,6,104199],[39,-7,37079],[13,-8,1131816],[35,194,203116],[-42,38,156570],[-1,34,79290],[28,25,40572],[0,10,585598],[65,5,67921],[39,-9,345756],[26,64,81822],[65,118,857383],[-154,119,194961],[-92,32,594150],[134,147,0]],[[15047,24328,0],[66,55,132949],[142,75,1478730],[183,-271,119302],[23,-47,538330],[211,-141,145065],[21,-5,38141],[20,-16,82199],[23,-38,954856],[36,-14,62296],[57,-4,135355],[46,22,154292],[64,-23,76753],[40,-1,285796],[4,-34,34857],[7,-8,166319],[33,4,82441],[20,-11,46035],[58,-14,802231],[38,-35,40162],[20,-11,116558],[16,-23,39922],[19,-42,159694],[42,-6,159694],[98,-85,118961],[3,-22,89416],[33,-34,45269],[31,-24,324951],[4,-36,50944],[19,-35,35242],[-4,-3,0]],[[16420,23501,0],[-15,-13,47909],[9,-17,69170],[-32,-39,279395],[131,-93,0]],[[16513,23339,0],[-12,-24,163069],[143,-77,356390],[141,-43,210198],[296,-139,615765],[75,-6,69373],[128,-21,90104],[68,-2,0]],[[17352,23027,0],[24,-22,106915],[-6,-28,66380],[13,-53,145691],[12,-12,34220],[-3,-13,34220],[14,-3,40619],[25,-19,143995],[4,-25,53887],[23,-28,83717],[0,-41,0]],[[17458,22783,0],[68,-20,266097],[96,-60,43954],[100,-67,134327],[25,-1,134327],[40,-24,36549],[22,0,36549],[-3,-9,42047],[34,-25,35642],[34,-18,42047],[20,1,42047],[4,-13,79978],[49,-32,35700],[125,-77,291500],[113,-22,143862],[97,-48,291500],[67,-60,111069],[69,-46,51143],[34,-16,508299],[3,-33,121053],[78,-111,353142],[93,-24,94212],[57,1,0]],[[18683,22079,0],[121,-41,374872],[48,-123,207634],[99,-112,687030],[-8,-120,33484],[-4,-38,184157],[-39,-69,0]],[[18900,21576,0],[6,-125,302486],[18,-24,33770],[13,-27,130199],[88,-58,348557],[22,-85,87052],[27,-55,195991],[-20,-65,268407],[9,-34,37486],[11,-8,37486],[2,-21,99885],[27,-29,61602],[9,-26,33704],[16,-24,577800],[43,-30,46420],[25,-10,124355],[78,-10,273631],[13,-28,42052],[4,-32,90512],[26,-25,34942],[7,-13,577800],[-13,-36,101625],[-33,-28,68329],[-24,-43,52727],[-19,-16,211655],[5,-21,48190],[-5,-59,0]],[[19235,20644,0],[-3,-25,39098],[8,-14,39098],[-1,-34,78160],[8,-19,56090],[2,-51,49116],[11,-15,37183],[-2,-19,479203],[70,-23,61515],[44,-6,228263],[33,-24,64857],[76,-77,973337],[19,-11,43859],[42,-7,101297],[37,2,34470],[18,6,50280],[18,-4,169896],[6,23,52954],[20,8,169896],[202,14,264335],[34,8,43625],[68,25,192982],[14,-53,0]],[[19959,20348,0],[1,-1,0]],[[19960,20347,0],[8,-60,49166],[10,-20,103779],[-13,-35,42712],[2,-16,103779],[21,-12,62585],[3,-31,221306],[-35,-46,1060990],[13,-9,36462],[77,-34,75416],[14,-16,75416],[144,-80,244920],[140,-64,66854],[4,-23,52449],[17,13,52449],[232,-112,50467],[48,-22,553759],[50,7,36085],[27,8,49152],[30,1,0]],[[20752,19796,0],[-5,49,61686],[8,34,101447],[-12,22,36366],[-6,30,101447],[11,30,74859],[-16,39,74859],[-4,42,43502],[5,32,248818],[-21,61,80102],[-19,10,341871],[9,39,70773],[-15,24,101005],[0,24,38870],[10,13,49511],[7,62,201735],[-8,13,40243],[1,28,48715],[-17,46,140040],[6,39,69072],[-5,45,49184],[7,8,49184],[-8,41,2003167],[19,36,34481],[33,71,63658],[27,67,133566],[39,51,395636],[3,-47,90491],[-5,-8,38667],[18,-18,42739],[21,-66,395636],[14,21,56891],[45,50,40641],[40,47,264156],[151,99,84810],[49,25,34020],[27,17,235443],[14,32,35186],[17,26,707240],[-17,30,98721],[-20,6,44878],[-32,-6,98721],[-16,9,34401],[-17,22,34401],[-14,7,222268],[-24,44,51808],[-17,15,64293],[-16,25,33456],[-4,19,707240],[64,-6,66835],[13,10,88754],[81,11,49059],[58,12,320543],[37,-2,46655],[59,-12,35512],[33,-4,74645],[22,-9,64120],[61,-7,35765],[49,-9,0]],[[21492,21085,0],[60,-103,49802],[47,-75,344784],[13,-48,39821],[9,-11,71218],[30,-112,37228],[8,-8,37228],[4,-32,74757],[34,-96,74757],[8,-47,371809],[43,-16,46832],[12,-12,132848],[-8,-46,132848],[9,-20,48899],[38,-44,69442],[0,-12,38230],[17,-26,0]],[[21816,20377,0],[106,-79,737641],[9,-25,34613],[-2,-16,34613],[26,-144,141433],[18,-23,104670],[2,-34,50055],[16,-45,50055],[10,-59,217335],[-11,-45,217335],[6,-51,35769],[0,-35,69912],[13,-51,69912],[14,-139,156059],[10,-59,42924],[16,-69,70791],[1,-52,69982],[17,-67,0]],[[22803,13000,0],[-71,44,87983],[6,8,45060],[-24,17,51645],[6,15,87983],[-30,1,266477],[-12,24,50743],[8,18,132781],[-26,14,64157],[-1,17,37165],[-12,-2,37165],[-13,24,111476],[0,17,34928],[11,5,90226],[-14,29,54649],[-22,12,865844],[-7,24,34272],[-1,35,57958],[-30,165,95310],[-10,94,306551],[10,15,40690],[-5,18,40690],[12,73,70095],[3,64,454333],[-18,44,53099],[-7,43,65379],[-24,55,81754],[9,1,40351],[-14,26,40351],[-3,34,81754],[-21,30,2673902],[-47,19,95130],[3,29,185672],[-18,9,38570],[-32,2,54077],[-19,14,86838],[-43,-6,86838],[-7,11,41099],[-31,11,398228],[-26,-5,38785],[-11,6,53215],[-28,-11,131800],[-17,-45,125770],[-29,34,61025],[-20,3,125770],[-9,-23,40382],[2,-22,398228],[-27,-9,68068],[-10,22,68068],[-36,14,42201],[-23,18,42201],[-18,1,294090],[-19,-21,82715],[-29,-4,45823],[-15,9,82715],[-28,-11,58663],[-22,9,58663],[-21,-15,230025],[-41,15,51281],[-25,19,140180],[-75,-7,733463],[-7,-25,35913],[-7,-48,137817],[-37,-20,47560],[-10,-15,137817],[-35,-99,733463],[-40,5,41012],[-93,5,156186],[-17,-4,34613],[-10,-14,41146],[-26,-7,470022],[-16,45,73393],[-30,54,34995],[-18,26,210091],[-24,16,48322],[-31,35,97371],[-23,-5,0]],[[21358,13979,0],[6,-54,196854],[-12,-13,41662],[-12,-35,64973],[-29,-30,39153],[-8,-16,119523],[10,-16,35102],[1,-20,115124],[-24,-22,40659],[-17,-25,306417],[6,-59,69724],[17,-46,645447],[-55,-24,48315],[-22,-16,48315],[-63,-29,130179],[-22,-28,35793],[-12,-7,367290],[33,-124,290180],[-44,-5,79899],[-31,-27,61548],[-21,0,0]],[[21059,13383,0],[32,-26,80935],[53,-64,34535],[18,-25,240780],[42,-69,34673],[73,-128,95489],[47,-69,304947],[40,-32,88470],[73,-86,42888],[18,-16,564620],[40,-70,35542],[27,-52,159332],[8,-44,73258],[27,-48,73258],[24,-75,0]],[[21581,12579,0],[-73,-42,79550],[-18,-3,34704],[-44,-19,155570],[0,-25,74551],[-33,-17,458153],[-30,5,37339],[-14,9,111044],[-10,48,274728],[-41,5,64127],[-30,-12,115301],[-58,14,71218],[-65,2,439058],[-6,-14,39642],[-18,-4,83508],[-5,-47,141574],[-58,-28,750723],[-38,1,83111],[-88,17,57066],[-40,14,172273],[-79,-12,333445],[-12,23,33707],[-16,16,127649],[-12,-5,61849],[-35,35,77254],[-26,2,36067],[-21,9,579005],[-159,-89,211325],[-29,0,40357],[-31,9,1572755],[47,-154,180394],[8,-81,51073],[16,-105,0]],[[20563,12131,0],[-107,1,51912],[-162,-3,218138],[-76,-6,86563],[-81,-22,612667],[-129,125,0]],[[20008,12226,0],[-11,99,272628],[-61,39,58881],[-64,51,291891],[-12,26,38711],[-17,59,131532],[2,15,40128],[19,16,284803],[-42,57,57595],[-76,95,582642],[-59,-27,119932],[-48,16,0]],[[19639,12672,0],[-2,0,0]],[[19637,12672,0],[-181,-26,0]],[[19456,12646,0],[-9,66,0]],[[19447,12712,0],[-3,23,176868],[56,93,88564],[27,67,88564],[86,162,711399],[-118,100,80097],[-38,41,906903],[-27,69,94687],[-13,81,141976],[-15,34,62777],[-5,26,37688],[-17,49,36026],[-3,19,69913],[-20,48,48172],[-28,84,197901],[-31,107,83261],[-19,98,338513],[-28,55,39016],[-35,76,277086],[0,187,1071939],[-194,52,103923],[-66,9,1071939],[37,107,92919],[40,80,272250],[-57,9,272250],[0,13,38196],[17,33,85925],[-17,23,106088],[23,20,58884],[3,25,179701],[-10,126,68784],[3,37,466661],[17,37,34660],[7,26,52021],[42,92,95356],[19,22,0]],[[19080,14842,0],[-59,18,138803],[-79,75,294818],[-102,52,43546],[-38,16,146656],[-98,24,159096],[-23,16,65267],[-14,37,159096],[-6,2,33644],[-36,-20,60641],[-22,4,294818],[-119,63,109377],[-60,48,0]],[[18424,15177,0],[-3,28,44099],[9,17,44099],[3,64,187163],[-15,48,67338],[-4,63,67338],[-17,63,241510],[23,101,0]],[[18420,15561,0],[5,14,42123],[1,48,42123],[7,67,211557],[-52,23,309032],[66,123,1166998],[-28,49,41548],[-19,41,247658],[-40,18,43098],[-105,57,247658],[-65,61,67436],[-34,21,156284],[-8,37,58333],[-20,25,686372],[-28,0,61018],[-108,20,41286],[-29,2,348634],[-3,25,37779],[-12,30,184964],[-67,38,125050],[-21,35,66628],[-39,34,348634],[-52,-21,73662],[-13,11,57472],[-31,-14,1685378],[-4,31,43374],[-15,41,175134],[54,46,246067],[-10,14,46479],[-5,39,67488],[-30,64,267267],[-7,35,54588],[-3,79,86884],[-15,64,137256],[0,97,98578],[-16,135,240964],[-9,34,44524],[-20,39,0]],[[17645,17023,0],[-28,61,37641],[-11,32,92576],[-10,8,34968],[9,12,34968],[-6,30,193272],[-30,17,37975],[-17,2,455522],[-313,282,118315],[-92,76,727973],[-54,24,68493],[-31,1,268572],[-33,25,52540],[-112,101,213280],[-167,96,4264245],[-228,-81,543315],[-139,18,67793],[-203,20,453390],[-286,-62,1252361],[-101,10,190595],[-267,81,560611],[-283,-48,175232],[-78,3,560611],[-162,59,53179],[-111,38,539394],[-151,-14,186793],[35,-34,77427],[13,-24,33406],[15,-13,47435],[9,-25,186793],[-60,4,170231],[-25,48,76916],[-35,31,186793],[-43,2,36084],[-34,6,107682],[-34,-21,102128],[-68,7,2666120],[-46,-49,65114],[-20,-7,84135],[-43,-54,124743],[-15,-4,47338],[-44,-34,570871],[-142,-61,62767],[-24,-5,64741],[-328,-128,440719],[-244,-158,0]],[[13608,17295,0],[-147,-95,732850],[-174,97,422050],[-428,80,1131208],[-256,-91,34946],[-314,-114,0]],[[12289,17172,0],[342,564,859136],[97,502,716031],[231,369,1769819],[66,868,0]],[[13025,19475,0],[7,100,238894],[35,178,42089],[51,254,80409],[31,139,80409],[21,124,0]],[[13170,20270,0],[-213,120,357077],[-122,163,1056962],[-26,88,94162],[-5,30,43344],[-33,151,443801],[43,224,38685],[8,45,1556126],[-324,180,540948],[-388,19,540948],[111,114,0]],[[12221,21404,0],[524,504,1050470],[255,-89,1829948],[70,52,211351],[29,76,88787],[19,37,33931],[30,48,568111],[-17,213,283668],[-61,20,568111],[48,115,105239],[118,244,0]],[[13236,22624,0],[89,182,0]],[[15047,24328,0],[-18,20,47855],[-36,20,50730],[-42,39,101776],[-4,25,72865],[-39,28,303128],[-46,15,58918],[-20,18,58918],[-89,46,33305],[-95,51,1196440],[-37,0,100225],[9,44,100225],[-34,52,133381],[-159,289,572418],[-26,129,272932],[-43,-8,73087],[-13,-14,34885],[-15,0,34885],[-28,-17,272932],[-15,34,35876],[0,12,160262],[60,93,272932],[-17,56,47487],[-18,79,142930],[8,63,791015],[-28,9,43635],[-51,7,134902],[-51,24,66529],[-34,30,190752],[-4,38,0]],[[14162,25510,0],[56,-2,62004],[105,-14,888856],[58,114,345171],[93,49,43926],[62,37,114649],[92,66,478438],[22,40,77825],[-25,10,37868],[-6,12,75598],[25,12,209675],[38,49,42347],[36,40,114229],[14,41,86035],[19,24,47413],[11,-5,73895],[8,35,44190],[11,7,478438],[31,-18,78825],[24,18,78825],[43,-8,48992],[22,5,383161],[3,24,73774],[20,-6,35091],[17,4,99307],[-2,31,50250],[-14,13,67818],[9,24,99307],[25,-19,99307],[33,25,38688],[-5,19,36601],[13,-4,36601],[20,15,204932],[-13,20,82379],[2,16,39244],[21,31,0]],[[15030,26215,0],[8,14,0]],[[15038,26229,0],[8,10,42773],[-1,35,169650],[-38,1,77991],[-44,25,44874],[-16,1,184225],[-15,29,56597],[-3,37,78739],[-22,28,327531],[-23,-2,48361],[-14,-17,125028],[-32,5,53462],[-35,21,39802],[-13,1,272519],[-8,22,62321],[-38,29,72718],[-23,31,39464],[-12,26,881279],[-9,45,98521],[5,17,35289],[12,1,70934],[5,54,227023],[-14,43,37748],[-11,17,65539],[2,22,137915],[-16,171,35425],[-2,36,0]],[[14681,26917,0],[73,40,48316],[78,49,462686],[81,-63,296606],[59,-4,86691],[159,11,521331],[100,106,0]],[[15231,27056,0],[70,75,590707],[-66,170,171266],[-58,77,334406],[-53,199,76567],[-38,127,2092859],[-177,73,40373],[-65,29,667665],[-280,-184,1053565],[-368,128,278942],[-249,121,2517600],[-16,189,163258],[-35,146,425186],[-135,303,649718],[31,260,0]],[[13792,28769,0],[14,313,1044939],[-240,157,428845],[-323,86,1895309],[-245,-89,306237],[-201,-10,306237],[-206,-46,105787],[-210,-57,2732561],[3,164,43743],[0,78,747048],[-66,100,50898],[-18,33,258369],[-247,489,158027],[-38,92,0]],[[12015,30079,0],[6,249,388096],[-92,305,543220],[37,329,948023],[-20,107,141175],[-12,28,45585],[-33,49,337577],[-49,0,101545],[-66,35,0]],[[17975,33859,0],[128,-70,250103],[417,-147,0]],[[18520,33642,0],[40,-10,104054],[494,-176,317311],[446,-187,45739],[10,-5,778762],[102,-99,295020],[117,-62,51981],[14,-4,72733],[183,-98,2158740],[92,45,38171],[24,9,64444],[210,104,90778],[94,41,473183],[269,37,0]],[[20615,33237,0],[21,-1,106167],[13,9,33476],[60,58,69037],[32,17,571823],[7,45,67395],[20,14,67395],[-4,36,97183],[21,21,203947],[-16,37,52430],[-8,46,84502],[6,26,273708],[17,5,43773],[30,-5,33507],[20,2,207070],[5,12,54520],[-38,12,88942],[7,17,50780],[-15,28,143463],[-29,0,75876],[-27,20,33307],[-18,4,33307],[3,10,273708],[62,132,1593368],[220,-130,809621],[123,79,442431],[69,192,233690],[-5,116,809621],[526,225,0]],[[21717,34264,0],[-147,382,35609],[-66,171,359413],[-22,76,37094],[-44,142,87012],[0,8,50525],[-53,177,39512],[2,1,0]],[[21387,35221,0],[118,70,331678],[-13,12,66480],[-29,81,90762],[-2,38,389533],[45,30,93245],[29,50,76264],[34,27,177700],[64,13,570127],[43,172,191086],[57,82,191086],[25,125,127438],[39,79,570127],[59,40,102210],[-3,37,102210],[18,-9,35630],[0,12,35630],[27,10,182469],[-6,41,50951],[5,39,62845],[9,-26,109834],[48,15,109834],[-12,39,167118],[60,41,1808567],[34,-13,87837],[22,-28,48154],[1,-21,48154],[19,-6,289310],[32,34,139593],[117,20,289310],[312,2,0]],[[22539,36227,0],[144,-32,38292],[286,-65,162202],[159,-39,50925],[379,-95,677161],[16,0,98354],[189,94,677161],[85,-12,155288],[140,-66,391272],[22,-116,225231],[81,-35,0]],[[24040,35861,0],[188,247,0]],[[24228,36108,0],[119,68,118511],[94,33,365948],[278,25,1124459],[11,-13,139040],[407,-203,521844],[284,-37,55394],[3,-2,0]],[[25424,35979,0],[13,-37,63876],[28,-28,97288],[-12,-20,224523],[13,-8,39114],[12,12,39114],[28,-4,76766],[53,-18,609362],[18,-205,42381],[-5,-26,42381],[9,-18,340787],[67,-59,143274],[15,-22,47078],[25,-65,329527],[-4,-32,44778],[5,-39,53337],[-6,-41,69186],[4,-56,977359],[29,9,61725],[36,-12,61725],[23,-1,33924],[29,6,37088],[17,-3,471549],[25,-24,38831],[13,-4,141869],[5,-51,75217],[12,-20,35179],[12,-36,223263],[-26,-59,158475],[36,-72,58037],[-1,-14,471549],[99,-26,83486],[14,17,53716],[18,-13,206158],[26,-53,64269],[17,-9,0]],[[26071,34948,0],[15,-9,46765],[38,4,102954],[44,-22,58694],[11,-20,58694],[29,-1,304206],[111,-152,315784],[209,-102,1151106],[65,-72,156520],[31,-53,76022],[18,-42,43471],[4,-26,197519],[13,-9,34120],[13,-25,47785],[31,-25,64049],[13,-29,64049],[37,-31,457967],[91,-184,163067],[19,-51,34930],[38,-114,251562],[15,-33,41970],[24,-31,39348],[14,-29,78139],[34,-41,2605142],[34,-6,48389],[16,8,48389],[79,7,189492],[82,27,117822],[152,32,62321],[54,7,836308],[10,-31,73129],[53,-84,198204],[-3,-106,90371],[12,-15,433193],[30,5,43583],[13,-8,43583],[45,-5,53113],[14,-9,53113],[33,10,1050409],[-5,22,38955],[12,-2,47936],[-3,47,55561],[-19,10,55561],[26,14,143305],[15,-10,37255],[21,2,143305],[21,14,61896],[32,54,119940],[-1,29,79907],[20,41,38128],[16,22,642856],[31,7,81395],[25,-9,34535],[21,-16,81395],[178,-35,0]],[[28002,33873,0],[455,-89,104942],[90,-22,376612],[19,-39,133555],[79,-4,133555],[31,-14,34795],[54,-19,65405],[14,1,36919],[36,-15,43049],[-4,-12,43049],[27,6,973863],[23,-18,68932],[38,-66,123554],[31,-37,59501],[56,-49,60468],[38,-45,198875],[58,-31,60137],[18,-20,1500663],[30,0,44156],[7,10,48739],[34,0,79615],[10,15,33406],[16,8,79615],[16,-15,39284],[16,2,264783],[9,30,88004],[20,3,37511],[30,17,99633],[33,56,365188],[64,29,155557],[29,-5,50809],[33,-21,42345],[16,-1,155557],[40,22,69879],[44,4,0]],[[29512,33554,0],[161,-467,2349714],[-78,-522,140393],[-59,-442,217705],[-60,-363,281702],[-87,-611,49112],[-58,-416,85610],[-71,-502,432128],[-86,-580,123302],[-85,-554,3892849],[302,-371,41627],[197,-242,0]],[[29588,28484,0],[237,-188,473044],[283,-379,1421608],[97,30,274304],[444,12,2560700],[308,-438,62902],[247,-350,153789],[297,-417,262777],[237,-352,7973702],[-64,-355,93952],[-69,-365,573949],[-157,-451,1025509],[-301,-394,953053],[-45,-307,61799],[-44,-295,4580322],[-4,-13,52336],[-47,-33,198098],[-39,-17,37070],[-21,-4,65138],[-150,-41,668569],[-251,20,56208],[-192,17,226969],[-145,-6,1029538],[-247,-77,51871],[-305,-96,153670],[-189,-53,372900],[-67,-51,0]],[[29401,23881,0],[219,-508,131038],[174,-394,850264],[6,-277,143029],[13,-61,0]],[[29813,22641,0],[41,-192,204921],[55,-201,47617],[111,-416,1332958],[123,-184,35193],[115,-173,248234],[74,-128,34654],[106,-186,953953],[17,-310,726465],[121,-185,58426],[118,-177,376244],[60,-183,0]],[[30754,20306,0],[31,-97,395301],[-2,-260,58828],[-1,-523,1484114],[-131,-259,63174],[-89,-171,466901],[-168,-174,973732],[11,-177,35738],[9,-135,84252],[6,-32,0]],[[30420,18478,0],[69,-390,234724],[61,-222,1077390],[-91,-419,58742],[-58,-273,2051546],[-73,-192,161529],[-115,-248,641087],[-86,-93,136710],[-106,-80,395962],[-133,-249,0]],[[29888,16312,0],[-64,-117,433926],[-397,-280,545094],[-146,-192,74283],[-60,-85,1937791],[-68,-23,196999],[-106,53,342471],[-95,-24,69609],[-167,-35,593759],[-73,22,126913],[-169,75,102944],[-5,12,1486645],[-157,-79,128090],[-26,-24,38000],[-36,-23,239901],[-10,-16,56945],[2,-45,97235],[-27,-22,239901],[-49,-1,38796],[-21,-8,38796],[-7,9,46712],[-33,-5,554389],[-11,-29,96436],[6,-32,54297],[19,-31,341544],[-19,-28,59482],[-28,-19,36994],[-18,-19,139229],[-46,-26,33830],[-11,-12,33830],[-18,-5,52268],[-36,-25,0]],[[22663,7429,0],[-267,23,0]],[[22396,7452,0],[-52,4,302178],[-66,-19,81409],[-647,-179,732292],[-376,-202,0]],[[21255,7056,0],[-630,1305,886894],[-44,275,0]],[[20581,8636,0],[-67,479,184029],[1,66,0]],[[20515,9181,0],[59,13,226628],[5,133,531517],[188,-236,1603883],[6,186,234785],[-56,74,107659],[-29,6,234785],[1,15,38940],[16,35,85696],[27,12,160530],[35,-38,382455],[17,50,105847],[2,23,38357],[-4,62,82340],[12,52,145703],[-6,44,36294],[-8,28,143967],[37,2,40999],[5,8,166960],[10,49,35253],[6,54,58000],[-3,18,45152],[10,64,858344],[-9,22,35924],[-18,69,35924],[-6,13,199436],[-66,89,68075],[-30,30,467880],[30,68,51405],[2,18,189858],[-9,114,36306],[-3,24,858344],[19,28,124864],[85,3,124864],[48,21,58035],[63,16,251191],[39,57,594071],[-24,79,46922],[-17,39,117118],[-36,53,0]],[[20913,10578,0],[-22,33,54065],[-22,53,64349],[-21,25,267731],[12,3,41833],[64,35,267731],[-8,22,52585],[-6,72,52585],[-10,44,91671],[1,50,55170],[-8,41,976231],[-32,29,91951],[-40,48,39276],[-8,16,39276],[-33,37,64615],[-7,17,173585],[-93,76,173585],[0,49,222822],[-21,37,36850],[-101,162,222822],[-77,65,1522228],[58,131,116535],[41,56,562487],[-35,93,113196],[-14,92,350754],[5,22,51297],[22,16,98906],[9,70,202004],[-4,159,0]],[[23508,7353,0],[-61,7,66390],[-784,69,0]],[[18331,8263,0],[-33,15,53892],[-60,39,76114],[-37,12,172155],[-32,21,50588],[-79,64,106146],[-43,20,46976],[-33,23,390635],[-67,76,40825],[-12,23,40825],[-16,12,50525],[-43,45,884699],[-36,120,62429],[-41,122,132257],[-18,90,0]],[[17781,8945,0],[-1,1,0]],[[17780,8946,0],[-24,14,116405],[4,24,40868],[-5,33,89592],[-22,41,666162],[-30,-6,40322],[-65,-22,64673],[-42,-4,62226],[-63,-20,390326],[-111,-1,36640],[-28,-3,146691],[-111,5,77587],[-24,5,44676],[-107,8,0]],[[17152,9020,0],[-7,-74,122356],[-20,-27,34549],[-16,-33,355255],[-11,-9,45648],[-207,-147,341812],[-27,-43,120157],[26,-39,1098646],[44,-34,62110],[50,-24,47770],[26,-20,128305],[66,-65,104460],[55,-28,49842],[9,-11,868128],[-46,-49,58302],[-12,-24,151094],[-9,-56,47488],[-10,-27,151094],[-42,-51,116058],[-7,-19,35532],[-32,-56,41257],[-22,-48,342830],[41,-23,0]],[[17001,8113,0],[-13,-16,107907],[4,-42,43021],[-2,-40,80601],[-11,-56,380821],[-64,-37,64359],[-17,-19,100565],[-43,-16,38568],[-30,-17,0]],[[16825,7870,0],[-45,60,109112],[-25,52,53846],[-3,23,397559],[-117,62,92007],[-66,38,36352],[-70,44,684896],[9,27,130769],[-11,17,35087],[-1,17,38701],[-15,24,90914],[-37,35,130769],[5,24,33928],[-4,18,84489],[-25,19,93782],[-37,76,64144],[-43,72,367986],[-50,28,91034],[-33,30,34842],[-23,27,140930],[-17,41,2200514],[-38,-31,85918],[-112,-64,85918],[-112,-77,398868],[-96,-154,1441694],[-109,70,85799],[-16,3,38938],[-34,19,61233],[-5,16,61233],[-38,12,111995],[-4,16,111995],[-33,11,55599],[-43,27,59205],[-55,20,336556],[-58,-2,140112],[-95,26,88681],[-52,-1,88681],[-59,21,336556],[-6,46,52965],[-12,22,0]],[[15240,8584,0],[-40,59,111869],[-53,38,80780],[-35,43,208085],[-42,30,46071],[-75,46,99061],[-41,40,208085],[-13,50,696054],[-96,38,106740],[-45,23,50015],[-36,27,272141],[-41,-8,117185],[-51,9,52936],[-47,17,52936],[-28,2,1342944],[-38,-22,54050],[-69,-49,118165],[-65,-24,475869],[35,-52,229186],[23,-3,35783],[15,6,50794],[31,-7,67210],[11,13,37062],[10,-6,43252],[36,-2,160484],[34,-14,49950],[12,-16,463736],[-54,-45,124618],[-29,-11,49441],[-49,-8,105566],[-19,-11,35605],[-12,-18,794453],[-50,11,71398],[-36,-4,51096],[-46,6,282772],[-39,13,41370],[-29,16,127215],[-66,54,36409],[-31,23,0]],[[14172,8848,0],[-50,-8,49711],[-37,-14,491358],[-25,20,37488],[-38,22,128616],[-8,12,38110],[-7,39,128616],[-79,93,307257],[-17,80,113308],[12,55,307257],[-23,8,43457],[-37,0,72403],[-46,19,876749],[-32,122,233478],[-92,97,283699],[2,58,120018],[-36,68,86153],[1,30,350994],[-37,68,45579],[-37,59,106334],[-41,54,34770],[-28,31,72946],[-1,13,0]],[[13516,9774,0],[-1,0,0]],[[13515,9774,0],[-24,54,0]],[[13491,9828,0],[-24,48,61304],[-33,91,368113],[-73,51,139411],[-57,79,164361],[-47,36,51442],[-51,31,469659],[-5,27,43223],[-25,70,60519],[-12,46,33720],[-5,29,1216402],[14,3,41767],[11,22,144785],[10,61,87796],[17,34,64246],[11,39,42589],[-3,16,42589],[13,24,213102],[-21,29,113529],[14,34,36538],[7,34,417235],[30,37,46269],[19,12,120938],[43,-4,120938],[21,50,1216402],[-25,23,53630],[-32,15,36697],[-25,19,289646],[-3,15,37290],[-21,33,109125],[-22,120,245036],[-25,5,95858],[-48,65,660788],[-30,173,72529],[-3,41,205497],[-35,122,75024],[-36,148,0]],[[13040,11506,0],[-83,42,161375],[-108,9,286580],[-65,-11,94585],[-37,-27,985017],[1,20,55583],[-20,36,122501],[8,19,59329],[1,71,215082],[-8,8,60427],[-17,47,35928],[-32,73,160231],[-4,79,623526],[-83,72,79378],[-118,90,0]],[[12475,12034,0],[16,43,128801],[38,48,42558],[79,107,360988],[20,66,169131],[-29,19,46678],[-29,8,549999],[48,21,74240],[13,23,79240],[154,128,1633453],[-112,125,299054],[-36,162,404427],[-175,169,1065837],[-78,275,578409],[120,165,39164],[13,20,0]],[[12517,13413,0],[-16,19,44780],[-22,12,36548],[-27,25,169240],[14,17,54662],[2,37,256419],[-111,42,336319],[-14,19,50203],[-32,54,33735],[-43,69,70110],[-29,37,225057],[33,36,225057],[-49,47,90956],[-25,17,40191],[-35,14,59932],[-13,-19,59932],[5,-23,44071],[-16,19,44071],[-5,23,55365],[11,17,0]],[[12145,13875,0],[-1,1,0]],[[12144,13876,0],[-37,43,0]],[[12107,13919,0],[0,1,0]],[[12107,13920,0],[16,22,102277],[-61,-10,49550],[-26,-10,0]],[[12036,13922,0],[-2,0,0]],[[12034,13922,0],[-21,13,40807],[-38,12,283468],[21,-70,145237],[-39,-21,145237],[-14,-104,941363],[-74,10,40234],[-18,6,90389],[9,12,199870],[-32,24,61002],[-40,13,61002],[-44,29,45305],[2,15,45305],[-22,-5,103932],[-14,-27,103932],[-32,21,35551],[-9,11,85612],[7,23,143062],[-65,53,377527],[-36,-1,63416],[-19,-17,275742],[-73,40,33348],[-17,12,63512],[-36,10,57129],[-29,22,123637],[-24,-14,123637],[-77,55,0]],[[10872,14852,0],[178,213,279440],[-13,79,182104],[28,33,68258],[31,11,800240],[10,29,49317],[-3,28,101981],[-25,31,83511],[11,25,41581],[-6,13,187059],[-30,6,97066],[-2,20,41277],[-16,32,316371],[23,42,50525],[23,24,95566],[15,34,38242],[0,17,249605],[-27,38,56820],[-15,41,849457],[12,29,46256],[66,140,195932],[62,119,59898],[146,265,59898],[26,52,2149190],[94,97,134351],[15,45,200872],[19,16,45228],[29,8,45228],[32,22,415423],[14,2,34752],[19,-10,65635],[47,9,98386],[45,-19,415423],[42,28,36824],[31,16,37589],[45,29,135098],[87,31,205064],[40,27,43818],[176,114,1509289],[23,279,501790],[36,75,90948],[51,93,38256],[78,137,0]],[[21255,7056,0],[-655,-354,1091418],[-432,-506,0]],[[20168,6196,0],[-282,316,46038],[-402,446,199987],[-317,356,80784],[-86,104,80784],[-7,12,38536],[-44,40,1415018],[-43,28,34431],[-19,9,53736],[-29,24,306549],[-28,-20,74821],[-12,-38,88082],[-17,-21,47081],[-29,-17,480485],[-6,18,56689],[-22,25,38510],[-27,42,62289],[-15,34,62289],[-39,54,480485],[-47,2,39877],[-72,-2,39877],[-39,3,235524],[-125,54,844714],[29,46,35307],[12,25,173124],[-13,-2,42907],[-44,12,173124],[-5,54,50755],[2,59,0]],[[18442,7859,0],[-3,110,133373],[-10,39,37763],[-17,90,308147],[-16,29,39008],[-22,54,52254],[-43,82,0]],[[17994,3605,0],[-451,-546,165116],[-41,-48,35205],[-44,-47,659973],[-319,-320,35737],[-277,-278,0]],[[16862,2366,0],[-81,-81,108354],[-264,-259,52652],[-551,-544,991151],[-46,-43,35133],[-48,-41,60867],[-49,-39,136039],[-51,-36,35151],[-52,-34,320605],[-88,-50,67255],[-151,-78,0]],[[15481,1161,0],[-69,-35,47980],[-630,-322,89789],[-55,-27,589368],[-557,-250,57162],[-469,-211,0]],[[13701,316,0],[-177,-81,84217],[-162,-70,43003],[-57,-23,421948],[-159,-55,45998],[-58,-18,184686],[-59,-15,35136],[-60,-12,60917],[-60,-10,2487657],[-196,-23,45444],[-61,-6,134345],[-114,-3,598489],[-331,7,63359],[-751,13,39081],[-219,3,1511035],[-60,2,35170],[-61,6,99384],[-60,8,35112],[-60,11,371004],[-707,161,0]],[[10289,211,0],[-86,21,107341],[-58,18,35148],[-58,20,60894],[-57,23,273328],[-328,147,0]],[[9702,440,0],[-879,388,662638],[-98,45,86251],[-55,30,35175],[-53,32,229176],[-137,88,80968],[-52,35,35149],[-50,37,1908525],[-86,74,79206],[-138,128,265707],[-249,240,38329],[-400,385,0]],[[7505,1922,0],[-53,51,0]],[[20168,6196,0],[-496,-584,0]],[[19672,5612,0],[-386,-458,39578],[-219,-261,0]],[[19067,4893,0],[-345,-412,40334],[-254,-305,97528],[-474,-571,0]],[[1865,13204,0],[247,784,2035777],[-82,806,506990],[-102,668,43136],[-53,350,0]],[[1875,15812,0],[-103,677,73206],[-112,721,0]],[[1660,17210,0],[-71,465,58922],[-120,769,1628085],[-96,357,48069],[-191,717,233437],[-122,451,64407],[-153,567,33316],[-75,276,121303],[-187,682,0]],[[645,21494,0],[-133,487,50504],[-161,581,0]],[[351,22562,0],[-291,1049,1839828],[-16,64,35152],[-14,64,99380],[-10,65,35145],[-8,66,374118],[-8,151,130700],[-4,286,73165],[2,93,809828],[27,542,48464],[27,531,0]],[[56,25473,0],[45,892,115236],[52,1023,0]],[[153,27388,0],[21,405,57307],[43,849,434469],[5,65,35143],[8,66,99364],[11,65,35175],[14,64,1371090],[17,64,35140],[20,63,77553],[34,88,222975],[176,418,0]],[[502,29535,0],[205,486,96629],[512,1200,0]],[[1219,31221,0],[59,138,0]],[[1278,31359,0],[235,543,279791],[22,48,58105],[241,501,0]],[[1776,32451,0],[318,660,257854],[30,59,35167],[34,58,65926],[40,63,748543],[437,640,0]],[[18926,49819,0],[1354,1329,0]],[[20280,51148,0],[376,365,0]],[[20656,51513,0],[698,673,2511336],[16,64,55863],[37,114,249907],[230,606,147064],[51,118,1096750],[214,433,114730],[785,1566,0]],[[22687,55087,0],[386,761,91091],[380,744,0]],[[36997,54014,0],[-358,-516,109287],[-351,-514,593130],[-190,-291,214703],[-224,-361,91055],[-136,-221,46113],[-168,-275,0]],[[35570,51836,0],[-209,-341,78815],[-284,-471,150612],[-323,-525,766315],[-185,-438,4594691],[349,-221,112215],[507,-316,928668],[593,-179,45006],[109,-33,572355],[103,-116,4594691],[56,-661,91663],[56,-647,278508],[44,-654,2964202],[-312,-640,244419],[-211,-423,135096],[-162,-310,9565021],[-285,87,83309],[-626,194,991515],[-642,141,360542],[-575,104,157992],[-289,56,64651],[-316,59,0]],[[32968,46502,0],[-456,-123,85019],[-572,-152,1474010],[-334,-232,54091],[-544,-382,0]],[[31062,45613,0],[-116,-182,78231],[-151,-235,38472],[-259,-404,168167],[-209,-320,604553],[-143,-202,79052],[-398,-559,854651],[-112,-316,783246],[-261,-302,283233],[-280,-271,0]],[[29133,42822,0],[118,-440,71795],[110,-406,2384101],[-263,-499,170932],[-202,-404,612800],[-182,-289,63328],[-214,-345,2375361],[86,-196,81729],[93,-205,38826],[103,-229,0]],[[28782,39809,0],[73,-164,59934],[247,-548,134814],[278,-631,2965550],[-173,-242,99059],[-128,-178,36386],[-217,-298,2095018],[105,-536,57555],[117,-599,0]],[[29084,36613,0],[-162,-560,56495],[-127,-438,2795053],[178,-520,222831],[129,-369,58761],[87,-243,83275],[59,-173,97758],[84,-242,42159],[180,-514,0]],[[12866,44101,0],[416,506,64131],[444,537,160975],[737,886,751957],[46,52,35142],[48,50,133319],[102,96,69934],[74,61,3579217],[705,545,116660],[770,589,40455],[185,141,252506],[1143,863,2386602],[1390,1392,0]],[[43965,86876,0],[1142,387,49343],[385,129,907669],[930,390,48061],[438,182,2131945],[377,488,0]],[[47237,88452,0],[290,372,65537],[667,848,241884],[47,57,38215],[57,62,1170467],[582,589,83817],[689,692,0]],[[49569,91072,0],[358,355,148454],[360,352,49505],[575,555,2710886],[57,53,60825],[61,51,35122],[64,49,355511],[68,47,35099],[70,44,99306],[74,43,35108],[76,40,224281],[79,38,59523],[81,35,33807],[80,32,1135176],[1587,588,241058],[87,30,41538],[110,33,5576315],[1107,309,71782],[818,225,193473],[1104,300,65101],[679,181,370708],[2169,567,0]],[[59233,94999,0],[516,-909,0]],[[59749,94090,0],[257,-457,68479],[412,-742,191314],[315,-571,71461],[404,-741,0]],[[61137,91579,0],[607,-107,245502],[76,-16,82741],[48,10,93716],[174,-24,806379],[77,-25,46636],[55,-25,106545],[41,-30,73801],[21,-5,35019],[36,-22,44705],[7,-16,44705],[27,5,220782],[69,-7,86870],[39,-29,88770],[152,-34,220782],[66,-1,130632],[3,-21,44965],[-19,-19,43573],[3,-20,133521],[30,-16,58565],[53,-2,977646],[84,57,277150],[41,-4,48071],[17,17,45766],[19,-8,128580],[28,-47,130773],[21,-13,40345],[36,-6,86333],[68,7,348138],[29,29,53449],[19,41,166965],[105,21,542171],[166,-32,39921],[49,-11,284040],[1,-15,51259],[-38,-44,76811],[-31,-13,0]],[[63316,91154,0],[0,-1,0]],[[63316,91153,0],[-4,-10,49998],[25,-23,37827],[21,-7,78153],[-2,-21,55185],[28,-37,158199],[34,2,86097],[54,-26,46531],[22,-19,142772],[10,-47,312230],[31,-15,59312],[56,-3,102625],[-19,-23,102625],[43,-30,33342],[30,-14,102370],[73,-12,465222],[-31,-67,150824],[3,-28,68564],[41,-41,465222],[71,-5,40709],[35,-8,40709],[49,-1,87420],[78,-19,324723],[21,-10,35738],[67,-46,107471],[10,-34,74214],[21,-5,46921],[26,-29,2105428],[171,78,332802],[-25,136,332802],[157,89,284607],[2,119,1118751],[185,-66,334979],[26,21,58419],[52,12,109966],[54,59,334979],[55,17,71801],[99,10,110498],[82,24,47456],[30,16,47456],[42,6,223115],[118,-9,2769406],[35,-233,239130],[-17,-51,110186],[-54,-26,37180],[-13,-12,197433],[21,-32,45033],[28,-21,762937],[185,-403,382964],[61,5,34467],[52,0,313487],[40,-48,148781],[15,-147,0]],[[65510,90119,0],[-23,-15,50670],[16,-15,56683],[-31,-28,109589],[-36,-8,59891],[-36,-30,656711],[3,-50,34258],[7,-34,65819],[-8,-29,161037],[39,-25,33897],[13,-2,222495],[11,-23,61894],[75,-89,102676],[29,-69,102676],[52,-42,277607],[-15,-112,277607],[101,-73,69897],[39,-39,1465081],[150,-53,52087],[59,-17,84089],[227,-85,394304],[129,16,219292],[147,-36,62884],[65,-22,2492995],[107,-130,509038],[-283,-203,824944],[105,-75,240483],[93,1,90806],[103,-18,349912],[54,-108,1067082],[-47,-17,158738],[-78,-96,87316],[-86,-84,282318],[-133,-210,1528665],[183,-82,117923],[123,-73,802527],[69,-161,301201],[-60,-157,402846],[120,-220,3083901],[101,-57,47903],[561,-315,977437],[175,90,93206],[113,69,0]],[[67743,87393,0],[126,-74,99789],[90,-71,751470],[-173,-191,362713],[-103,-46,51814],[-148,-62,751470],[-23,-195,254483],[-91,-133,35629],[-6,-12,177522],[-3,-77,422614],[-144,-56,422614],[68,-248,2842357],[-170,55,145198],[-141,22,35756],[-16,0,460160],[-437,-41,957316],[-238,-98,57186],[-232,-99,510530],[-366,-31,0]],[[65736,86036,0],[-22,-87,231759],[103,-130,340034],[-53,-173,449595],[138,-242,345712],[9,-207,1430858],[137,-38,369972],[122,-254,380952],[124,-152,214777],[73,-144,127833],[103,-155,257827],[22,0,37117],[37,-14,69018],[36,-26,242384],[76,-168,2318599],[-13,-36,48570],[-9,-64,177557],[34,-162,267030],[-61,-183,267030],[44,-85,77585],[2,-34,682203],[-125,-135,321444],[23,-126,241199],[-80,-118,4835180],[-220,-51,295641],[-241,-97,177140],[-116,-74,1058232],[-371,-7,203160],[-386,-21,54158],[-400,-21,87302],[-55,0,0]],[[64667,83032,0],[-495,523,576092],[-445,516,334733],[-348,455,2645667],[-670,132,197244],[-588,127,0]],[[62121,84785,0],[-256,-145,38152],[-404,-229,435520],[-232,-195,0]],[[61229,84216,0],[-104,-88,288151],[-57,-223,1048763],[214,-384,261687],[32,-128,549407],[192,-134,1201422],[-185,-496,2819337],[-637,312,190601],[-592,301,2819337],[-597,-439,1823323],[-900,-54,146069],[-878,-51,0]],[[57717,82832,0],[174,-174,98566],[468,-484,329754],[91,-83,60488],[157,-136,4075370],[56,-518,149527],[50,-391,1593747],[-224,-456,147909],[-256,-545,2693595],[-545,-549,674214],[-414,-244,0]],[[57274,79252,0],[319,-199,492331],[725,-293,2729561],[-419,-345,151901],[-479,-409,517419],[-204,-236,6761819],[-773,279,262861],[-747,260,78837],[-186,65,36703],[-351,121,36703],[-436,150,155966],[-895,307,1920004],[-880,-48,74863],[-200,-14,70197],[-231,-12,1920004],[-248,190,111856],[-242,174,247444],[-288,186,4035591],[-383,-127,96018],[-628,-206,0]],[[88896,88152,0],[-307,106,0]],[[88589,88258,0],[-320,110,43131],[-257,87,0]],[[88012,88455,0],[-144,48,153975],[-73,62,0]],[[87795,88565,0],[-193,164,0]],[[87602,88729,0],[53,232,0]],[[87655,88961,0],[-667,295,1426005],[-516,545,151269],[-121,137,868867],[-7,105,57527],[-20,191,0]],[[86324,90234,0],[-44,194,0]],[[86280,90428,0],[-19,83,232700],[-40,-1,63421],[-27,-10,34641],[-48,-7,40421],[-26,-10,0]],[[86120,90483,0],[-25,-9,0]],[[86095,90474,0],[-116,-10,156298],[-38,-7,39986],[-42,-17,39986],[-36,-5,39665],[-48,-16,107171],[-57,0,92274],[-94,-20,56887],[-32,-15,0]],[[85632,90384,0],[-16,-15,0]],[[85616,90369,0],[-47,-29,50559],[-50,-19,0]],[[85519,90321,0],[-12,-4,0]],[[85507,90317,0],[-35,-11,92251],[-40,15,41728],[-26,20,0]],[[85406,90341,0],[-17,8,0]],[[85389,90349,0],[-15,1,41771],[-28,28,47486],[-48,20,252224],[-75,6,106163],[-65,-13,47963],[-61,-1,37638],[-22,-6,79375],[-55,2,0]],[[85020,90386,0],[-24,-9,0]],[[84996,90377,0],[-58,-34,74033],[-51,-9,133477],[-17,-11,35115],[-17,-27,70520],[-47,-21,43703],[-15,-16,393094],[-26,-63,43284],[-17,-26,113825],[-1,-20,34004],[11,-27,118200],[-12,-43,59943],[-21,-22,42511],[-15,-37,259437],[-33,-20,57573],[-39,-2,0]],[[84638,89999,0],[-22,-1,0]],[[84616,89998,0],[-30,-6,52080],[-82,4,66021],[-43,-13,62822],[-66,2,0]],[[84395,89985,0],[-21,-1,0]],[[84374,89984,0],[-31,-7,38367],[-36,-19,0]],[[84307,89958,0],[-16,-9,0]],[[84291,89949,0],[-33,-16,87811],[-48,-70,35065],[-14,-15,0]],[[84196,89848,0],[-22,-19,0]],[[84174,89829,0],[-26,-11,48768],[-60,-45,0]],[[84088,89773,0],[-17,-7,0]],[[84071,89766,0],[-32,-11,51130],[-71,-5,100057],[-22,16,42034],[-25,-1,231016],[-75,-37,78992],[-53,-44,512102],[-3,-34,92495],[55,-30,92495],[16,-40,55660],[22,-11,60860],[15,-41,242977],[-12,-21,52897],[-44,-23,0]],[[83842,89484,0],[-16,-3,0]],[[83826,89481,0],[-46,-9,47908],[-136,-16,233943],[-25,-8,34512],[-36,-20,36569],[-85,-34,49518],[-42,-10,49518],[-46,-24,85791],[-49,-13,0]],[[83361,89347,0],[-14,-5,0]],[[83347,89342,0],[-64,-1,64076],[-35,-15,189742],[-54,-71,113471],[-39,-25,42395],[-24,-4,267616],[-52,9,55632],[-60,-3,168446],[-53,-43,95190],[-36,-11,39271],[-22,3,774348],[-71,57,122174],[-30,50,70354],[-64,71,230973],[-64,26,45055],[-34,8,0]],[[82645,89393,0],[-11,1,0]],[[82634,89394,0],[-97,-4,140186],[-39,-26,98229],[-73,-24,65649],[-44,-1,509169],[-44,18,59635],[-46,38,225220],[-20,50,97155],[13,39,46835],[0,38,122594],[-27,21,509169],[-55,1,54398],[-65,-12,74686],[-104,2,136812],[-70,-22,0]],[[81963,89512,0],[-18,-7,0]],[[81945,89505,0],[-61,-37,0]],[[81884,89468,0],[-16,-5,0]],[[81868,89463,0],[-41,-21,62365],[-43,-10,34720],[-18,2,281797],[-46,23,124547],[-61,83,47977],[-19,35,308116],[-43,-12,52846],[-98,-13,0]],[[81499,89550,0],[-18,-4,0]],[[81481,89546,0],[-70,-10,124648],[-28,-13,35533],[-39,-9,35533],[-103,-31,89213],[-62,-30,228429],[-113,-16,82661],[-96,-1,169348],[-36,-12,38502],[-24,-17,54273],[-43,-10,483988],[-23,-31,69319],[-10,-32,36639],[-1,-32,0]],[[80833,89302,0],[1,-9,0]],[[80834,89293,0],[2,-28,40134],[-11,-26,107723],[-31,-25,33418],[-26,-29,0]],[[80768,89185,0],[-8,-8,0]],[[80760,89177,0],[-57,-40,0]],[[80703,89137,0],[-12,-5,0]],[[80691,89132,0],[-38,-20,128843],[2,-33,70522],[35,-46,128843],[-21,-88,0]],[[80669,88945,0],[-10,-14,0]],[[80659,88931,0],[-22,-23,65641],[-9,-53,104638],[-35,-41,49898],[-14,-35,47452],[-24,-24,0]],[[80555,88755,0],[-11,-6,0]],[[80544,88749,0],[-31,-19,0]],[[80513,88730,0],[-2,-8,0]],[[80511,88722,0],[-33,-26,0]],[[80478,88696,0],[-10,1,0]],[[80468,88697,0],[-13,7,47599],[-36,-20,85050],[-31,-41,125800],[-22,-16,35912],[-36,-13,42585],[-26,-19,35581],[-50,-26,83520],[-55,-13,83520],[-39,-32,50412],[-39,-16,0]],[[80121,88508,0],[-52,-13,36382],[-12,-8,100622],[-7,-38,0]],[[80050,88449,0],[1,-8,0]],[[80051,88441,0],[8,-24,0]],[[80059,88417,0],[5,-7,0]],[[80064,88410,0],[16,-36,65738],[-8,-43,271664],[-23,-10,35673],[-28,1,35673],[-17,-10,146579],[-7,-38,61897],[-23,-18,44563],[-9,-27,161210],[-21,-14,40385],[-24,1,40385],[-44,-17,271664],[-41,-58,118036],[16,-15,58348],[-4,-45,515053],[-40,-19,58412],[-40,0,62015],[-44,-22,199961],[-13,-76,199961],[-39,-47,102071],[-50,-38,56593],[-58,-29,144152],[-56,-12,0]],[[79507,87838,0],[-17,1,0]],[[79490,87839,0],[-28,-7,42704],[-22,-20,68522],[-47,-5,68522],[-16,-18,35308],[-21,-7,221634],[-87,10,40247],[-37,13,40247],[-20,-3,0]],[[79212,87802,0],[-10,-3,0]],[[79202,87799,0],[-7,-14,34955],[-33,-22,34955],[-3,-10,0]],[[79159,87753,0],[-14,-11,0]],[[79145,87742,0],[-55,-51,53663],[-32,-18,182613],[-2,-16,34086],[-19,-29,61545],[-35,-19,61545],[6,-21,61545],[-23,-28,49019],[-12,-39,237049],[-41,-32,60890],[-40,-7,49250],[-18,-17,0]],[[78874,87465,0],[-9,-10,0]],[[78865,87455,0],[-62,-45,71188],[-15,-29,405982],[5,-26,38539],[16,-21,147819],[38,-17,65841],[31,1,37271],[47,-10,147819],[63,-35,64107],[31,-32,275075],[0,-28,60072],[28,-62,0]],[[79047,87151,0],[1,-7,0]],[[79048,87144,0],[-8,-38,0]],[[79040,87106,0],[3,-7,0]],[[79043,87099,0],[8,-20,52066],[-17,-29,129055],[51,-47,51378],[11,-22,376969],[-13,-24,37073],[-23,-66,119256],[-44,-24,172006],[-9,-11,33382],[-6,-34,43423],[-17,-25,80407],[11,-21,95364],[-12,-32,34654],[-12,-9,34654],[-16,-37,591146],[-47,-20,74758],[-40,-29,36619],[-26,-26,85797],[-39,-27,38976],[-16,-3,38976],[-61,-34,186785],[-22,-4,34918],[-51,2,70321],[-36,-7,34302],[-9,-10,186785],[1,-32,34357],[-9,-22,34357],[7,-11,591146],[72,-41,91586],[27,-22,34823],[27,-33,156004],[2,-45,0]],[[78735,86334,0],[1,-7,0]],[[78736,86327,0],[-21,-25,34789],[-40,-37,151137],[-1,-20,33864],[-12,-20,62154],[12,-28,101013],[-33,-48,0]],[[78641,86149,0],[-6,-11,0]],[[78635,86138,0],[-10,-27,51106],[10,-32,119757],[37,-18,71779],[18,-19,41472],[-1,-21,0]],[[78689,86021,0],[-2,-7,0]],[[78687,86014,0],[1,-33,111882],[-84,-33,288629],[-20,-15,53921],[-14,-44,92770],[-6,-68,92770],[-12,-31,45698],[-26,-30,66205],[-6,-34,102745],[-38,-35,102745],[-4,-17,46364],[16,-12,36905],[3,-20,657714],[-13,-23,46566],[-22,-2,46566],[-23,-15,35020],[-6,-16,192211],[17,-14,51049],[40,2,59294],[47,-24,192211],[8,-22,76082],[-52,-17,97325],[9,-39,131183],[55,15,131183],[16,-5,41788],[11,-27,41788],[31,-35,64988],[11,-28,0]],[[78626,85392,0],[0,-5,0]],[[78626,85387,0],[-4,-7,0]],[[78622,85380,0],[-7,-2,0]],[[78615,85378,0],[-19,-3,34168],[-15,-15,0]],[[78581,85360,0],[-7,-7,0]],[[78574,85353,0],[-8,-48,108068],[-38,-22,46249],[-25,-28,191097],[2,-15,37422],[20,-8,101360],[-9,-41,53366],[9,-47,39828],[-6,-8,191097],[-65,-20,0]],[[78454,85116,0],[-6,0,0]],[[78448,85116,0],[-45,-7,130523],[-22,-38,62559],[4,-33,42982],[-10,-17,137528],[-18,-4,34323],[-46,-22,208564],[13,-48,71850],[-16,-25,0]],[[78308,84922,0],[1,-9,0]],[[78309,84913,0],[-12,-36,76825],[-49,-39,109072],[-12,-57,285081],[11,-34,44385],[18,-9,44385],[4,-25,126338],[-39,-24,138351],[-3,-26,63074],[31,-17,63749],[11,-49,411631],[-25,-17,41465],[-8,-20,82724],[17,-26,109086],[-10,-19,43334],[-25,-4,43334],[-18,-22,137386],[13,-39,105992],[-11,-29,46584],[-29,-23,39036],[-1,-12,227948],[-41,-7,39179],[-24,-12,227948],[-6,-36,71055],[25,-41,132941],[-3,-21,37858],[-18,-13,73031],[6,-25,49153],[-11,-40,0]],[[78100,84191,0],[6,-7,0]],[[78106,84184,0],[41,-32,108276],[-30,-40,108276],[11,-41,45477],[17,-22,229004],[-34,-41,60503],[-37,-17,60503],[7,-17,0]],[[78081,83974,0],[0,-7,0]],[[78081,83967,0],[-8,-32,100156],[53,-65,100156],[25,-76,57392],[25,-54,34766],[15,-42,43271],[-7,-9,43271],[22,-28,108902],[3,-36,34895],[-5,-15,108902],[19,-16,35221],[28,-37,555323],[-5,-20,37669],[6,-33,100408],[-24,-35,36629],[-16,-34,100408],[-1,-36,73196],[-13,-28,34531],[-21,-26,73196],[-7,-50,241980],[36,-21,38007],[3,-10,0]],[[78209,83264,0],[1,-6,0]],[[78210,83258,0],[-21,-59,116984],[21,-97,116984],[-26,-21,294358],[19,-41,62332],[39,-64,37061],[28,-37,0]],[[78270,82939,0],[1,-3,0]],[[78271,82936,0],[16,-19,47554],[-10,-18,0]],[[78277,82899,0],[4,-4,0]],[[78281,82895,0],[10,-10,39537],[-16,-16,39537],[4,-34,0]],[[78279,82835,0],[-5,-5,0]],[[78274,82830,0],[-16,-11,86037],[2,-30,49126],[19,-20,57655],[-1,-34,182742],[25,-20,56589],[23,2,36676],[25,-10,56589],[6,-16,0]],[[78357,82691,0],[2,-6,0]],[[78359,82685,0],[11,-21,34918],[6,-33,150069],[-12,-38,60718],[-43,-68,268252],[-22,4,96968],[-56,-49,35740],[-8,-14,35740],[-29,-15,271588],[-28,-32,40440],[-2,-15,40440],[-38,-61,176874],[9,-50,44944],[-7,-23,33757],[6,-15,271588],[-19,-42,67164],[-31,-44,38701],[-18,-14,116697],[-16,-37,50048],[2,-27,122671],[-66,-95,75392],[-8,-29,43426],[-25,-36,0]],[[77965,81931,0],[-3,-4,0]],[[77962,81927,0],[-20,-41,74980],[-11,-78,208355],[-67,-26,90642],[-27,-36,0]],[[77837,81746,0],[-4,-4,0]],[[77833,81742,0],[4,-28,125497],[-23,-17,39213],[-25,-3,66914],[-39,-23,39741],[-24,-23,0]],[[77726,81648,0],[-6,-2,0]],[[77720,81646,0],[-37,-6,88544],[-57,18,33734],[-47,11,95580],[-47,-6,301187],[-48,12,62496],[-15,16,42594],[-38,15,141412],[-25,34,77359],[-31,7,34280],[-25,13,77359],[4,22,0]],[[77354,81782,0],[-2,4,0]],[[77352,81786,0],[-18,10,51259],[-51,0,220740],[-9,-11,41890],[-55,-23,41890],[-8,-11,37387],[-32,-8,37387],[-46,-25,62279],[-18,2,47199],[-31,-22,159773],[-31,11,76696],[-53,-17,42242],[4,-6,0]],[[77004,81686,0],[14,-17,47345],[-17,-15,237208],[-78,-32,78887],[-11,-21,106951],[-43,-18,33575],[-11,-10,33575],[-57,-31,55478],[-13,0,40830],[-43,-28,40830],[-46,-20,75008],[-62,-18,75008],[-28,-27,0]],[[76609,81449,0],[1,-3,0]],[[76610,81446,0],[-15,-19,57297],[-53,-20,0]],[[76542,81407,0],[-8,-4,0]],[[76534,81403,0],[-6,-8,0]],[[76528,81395,0],[-5,-5,0]],[[76523,81390,0],[-11,-9,0]],[[76512,81381,0],[-5,-4,0]],[[76507,81377,0],[-40,-26,0]],[[76467,81351,0],[-1,-2,0]],[[76466,81349,0],[-36,-32,81228],[2,-21,40207],[-14,-30,0]],[[76418,81266,0],[1,-3,0]],[[76419,81263,0],[-14,-19,35414],[0,-20,40288],[-15,-17,0]],[[76390,81207,0],[-1,-3,0]],[[76389,81204,0],[-15,-1,34018],[-13,-18,36048],[-42,-18,123332],[-3,-18,49563],[-37,-49,180313],[-43,-9,34571],[-32,-13,98890],[-41,-42,62574],[-28,-8,254383],[-25,-39,48288],[-7,-36,48288],[-16,-13,0]],[[76087,80940,0],[-4,-4,0]],[[76083,80936,0],[-12,-28,38861],[9,-7,38861],[-6,-47,115862],[-27,-63,81320],[9,-7,40842],[-3,-34,81320],[-29,-29,115862],[-11,-38,51483],[2,-36,33583],[-6,-29,0]],[[76009,80618,0],[4,-4,0]],[[76013,80614,0],[6,-4,0]],[[76019,80610,0],[3,-4,0]],[[76022,80606,0],[1,-26,0]],[[76023,80580,0],[-1,-3,0]],[[76022,80577,0],[-7,-26,36901],[-8,-77,143501],[9,-34,52636],[19,-4,61797],[5,-35,299901],[-31,-10,95372],[-11,-34,47596],[-28,-44,227382],[10,-71,111667],[-23,-103,0]],[[75957,80139,0],[2,-4,0]],[[75959,80135,0],[11,-12,49293],[-4,-24,36765],[7,-27,0]],[[75973,80072,0],[1,-1,0]],[[75974,80071,0],[6,-23,39769],[-4,-36,47759],[9,-14,69422],[-6,-48,96914],[14,-17,58848],[2,-19,33491],[-9,-26,53643],[12,-11,340046],[-23,-41,113356],[-33,3,55908],[-26,-16,35512],[-18,0,102270],[-16,-32,0]],[[75882,79791,0],[-1,-1,0]],[[75881,79790,0],[0,-13,0]],[[75881,79777,0],[-1,-1,0]],[[75880,79776,0],[-23,-30,0]],[[75857,79746,0],[0,-1,0]],[[75857,79745,0],[3,-12,49579],[-42,-11,0]],[[75818,79722,0],[-1,-1,0]],[[75817,79721,0],[1,-14,54940],[-49,24,0]],[[75769,79731,0],[-1,2,0]],[[75768,79733,0],[-25,25,137290],[-37,-11,39114],[-27,-17,70970],[-24,9,55876],[-32,-17,199030],[-7,-36,43387],[9,-10,154050],[-46,-12,39109],[-27,-14,78445],[-35,6,0]],[[75517,79656,0],[1,2,0]],[[75518,79658,0],[-6,9,0]],[[75512,79667,0],[-19,24,92591],[-13,-8,38016],[-42,-2,54211],[-22,8,122526],[-8,-17,42498],[-31,2,38456],[4,-10,0]],[[75381,79664,0],[-1,-1,0]],[[75380,79663,0],[-2,-6,0]],[[75378,79657,0],[0,-1,0]],[[75378,79656,0],[-11,-7,0]],[[75367,79649,0],[-2,-1,0]],[[75365,79648,0],[-17,4,43923],[-29,-18,0]],[[75319,79634,0],[-1,-1,0]],[[75318,79633,0],[-12,-17,0]],[[75306,79616,0],[-1,-1,0]],[[75305,79615,0],[-38,-15,250980],[-38,-172,159243],[-12,-200,571531],[-166,56,1031648],[-161,330,61669],[-106,213,1031648],[-632,335,975911],[-509,130,220882],[-127,27,41258],[-470,103,2073361],[-186,72,252452],[-155,133,306064],[-199,61,603311],[20,265,603311],[-299,-71,784798],[-334,346,6723616],[-404,69,595359],[-347,-130,1673956],[-160,-500,488790],[-208,-332,2183189],[-842,-98,1172060],[-278,-124,175023],[-464,-225,49701],[-244,-118,9831918],[-238,241,48310],[-202,206,1731469],[-886,-13,1343829],[-704,283,332609],[-255,135,4265495],[-581,-205,1523251],[-75,517,93025],[-47,295,1526925],[-538,671,713805],[-58,276,806169],[-308,379,57397],[-387,477,0]],[[59233,94999,0],[2516,634,0]],[[61749,95633,0],[1898,462,1969326],[761,352,95443],[945,432,48375],[452,205,0]],[[65805,97084,0],[602,271,33384],[41,18,392713],[1367,578,139151],[1419,590,0]],[[69234,98541,0],[760,311,50406],[675,274,1299651],[87,34,61719],[106,36,34280],[91,28,229987],[93,26,35125],[94,23,99263],[96,20,35071],[98,17,562370],[170,23,75679],[309,34,124314],[100,9,34890],[100,6,2834018],[1177,54,75293],[1037,43,1036949],[1050,159,0]],[[75277,99638,0],[1342,197,78272],[912,131,709793],[99,12,60820],[101,10,35077],[100,7,182193],[102,3,35122],[101,1,60853],[101,-2,3064382],[914,-40,89034],[1638,-77,245409],[1327,-69,80215],[999,-55,0]],[[83013,99756,0],[2375,-143,0]],[[85388,99613,0],[100,-8,36188],[104,-11,0]],[[85592,99594,0],[728,-91,59618],[1170,-150,1015825],[229,-36,181768],[97,-19,35105],[95,-22,99310],[93,-25,35067],[92,-27,374407],[89,-30,35117],[88,-33,87935],[142,-62,2721456],[881,-415,100212],[1306,-624,0]],[[90602,98060,0],[736,-356,57069],[729,-356,1255596],[860,-299,65383],[896,-314,0]],[[93823,96735,0],[511,-181,36455],[678,-242,762206],[85,-32,35134],[84,-35,95710],[152,-74,258469],[428,-227,70298],[91,-51,1692409],[936,-561,98020],[974,-590,0]],[[97762,94742,0],[290,-177,33279],[269,-165,0]],[[98321,94400,0],[910,-563,480733],[70,-45,35157],[67,-48,151155],[64,-50,35101],[60,-51,73667],[88,-83,0]],[[99580,93560,0],[55,-54,35108],[51,-56,0]],[[99686,93450,0],[47,-57,0]],[[99733,93393,0],[29,-38,0]],[[99762,93355,0],[42,-60,35108],[39,-60,0]],[[99843,93235,0],[34,-61,35105],[30,-63,0]],[[99907,93111,0],[26,-63,60822],[22,-64,35114],[17,-65,294509],[14,-65,35136],[8,-66,81939],[6,-103,154830],[-2,-66,35134],[-6,-66,0]],[[99992,92553,0],[-11,-65,0]],[[99981,92488,0],[-15,-65,0]],[[99966,92423,0],[-19,-64,35114],[-23,-64,0]],[[99924,92295,0],[-28,-63,33895],[-30,-59,113697],[-183,-339,0]],[[99683,91834,0],[-138,-257,249341],[-54,-204,0]],[[99491,91373,0],[-127,-483,720899],[-290,-167,0]],[[99074,90723,0],[-566,-404,0]],[[98508,90319,0],[-543,-390,0]],[[97965,89929,0],[-340,-245,986373],[-778,-1014,71684],[-258,-340,541820],[15,-44,0]],[[96604,88286,0],[1,-1,0]],[[96605,88285,0],[0,-1,0]],[[96605,88284,0],[-1,-2,0]],[[96604,88282,0],[0,-2,0]],[[96604,88280,0],[0,-1,0]],[[96604,88279,0],[1,0,0]],[[96605,88279,0],[0,-1,0]],[[96605,88278,0],[2,-1,0]],[[96607,88277,0],[0,-1,0]],[[96607,88276,0],[1,-1,0]],[[96608,88275,0],[0,-2,0]],[[96608,88273,0],[3,-3,0]],[[96611,88270,0],[12,-15,0]],[[96623,88255,0],[12,-18,47244],[46,-31,0]],[[96681,88206,0],[0,-1,0]],[[96681,88205,0],[0,-1,0]],[[96681,88204,0],[0,-1,0]],[[96681,88203,0],[-1,-2,0]],[[96680,88201,0],[-1,-1,0]],[[96679,88200,0],[-1,0,0]],[[96678,88200,0],[-1,-1,0]],[[96677,88199,0],[-3,-2,0]],[[96674,88197,0],[-1,0,0]],[[96673,88197,0],[-1,-1,0]],[[96672,88196,0],[-1,0,0]],[[96671,88196,0],[-2,-1,0]],[[96669,88195,0],[-1,-3,0]],[[96668,88192,0],[0,-2,0]],[[96668,88190,0],[0,-3,0]],[[96668,88187,0],[0,-1,0]],[[96668,88186,0],[0,-1,0]],[[96668,88185,0],[0,-2,0]],[[96668,88183,0],[1,-1,0]],[[96669,88182,0],[1,-1,0]],[[96670,88181,0],[0,-1,0]],[[96670,88180,0],[0,-1,0]],[[96670,88179,0],[0,-1,0]],[[96670,88178,0],[-1,-9,0]],[[96669,88169,0],[0,-3,0]],[[96669,88166,0],[1,-1,0]],[[96670,88165,0],[6,-3,0]],[[96676,88162,0],[5,-2,0]],[[96681,88160,0],[13,-5,0]],[[96694,88155,0],[0,-2,0]],[[96694,88153,0],[-2,-3,0]],[[96692,88150,0],[0,-2,0]],[[96692,88148,0],[0,-1,0]],[[96692,88147,0],[0,-1,0]],[[96692,88146,0],[1,-1,0]],[[96693,88145,0],[1,-2,0]],[[96694,88143,0],[9,0,0]],[[96703,88143,0],[3,0,0]],[[96706,88143,0],[4,2,0]],[[96710,88145,0],[1,0,0]],[[96711,88145,0],[2,0,0]],[[96713,88145,0],[1,0,0]],[[96714,88145,0],[2,-1,0]],[[96716,88144,0],[1,-1,0]],[[96717,88143,0],[-2,-9,0]],[[96715,88134,0],[-1,-2,0]],[[96714,88132,0],[-7,-10,0]],[[96707,88122,0],[-1,0,0]],[[96706,88122,0],[0,-1,0]],[[96706,88121,0],[4,-4,0]],[[96710,88117,0],[3,-1,0]],[[96713,88116,0],[2,-1,0]],[[96715,88115,0],[5,-3,0]],[[96720,88112,0],[1,-1,0]],[[96721,88111,0],[1,-2,0]],[[96722,88109,0],[0,-1,0]],[[96722,88108,0],[0,-1,0]],[[96722,88107,0],[0,-1,0]],[[96722,88106,0],[-1,-2,0]],[[96721,88104,0],[0,-1,0]],[[96721,88103,0],[-5,-7,0]],[[96716,88096,0],[-1,-1,0]],[[96715,88095,0],[-2,-2,0]],[[96713,88093,0],[-1,0,0]],[[96712,88093,0],[-1,-1,0]],[[96711,88092,0],[-5,-3,0]],[[96706,88089,0],[-1,-1,0]],[[96705,88088,0],[0,-1,0]],[[96705,88087,0],[2,-4,0]],[[96707,88083,0],[2,-1,0]],[[96709,88082,0],[4,-3,0]],[[96713,88079,0],[1,0,0]],[[96714,88079,0],[2,-1,0]],[[96716,88078,0],[1,0,0]],[[96717,88078,0],[2,-1,0]],[[96719,88077,0],[1,0,0]],[[96720,88077,0],[1,0,0]],[[96721,88077,0],[1,1,0]],[[96722,88078,0],[1,0,0]],[[96723,88078,0],[1,1,0]],[[96724,88079,0],[1,1,0]],[[96725,88080,0],[1,1,0]],[[96726,88081,0],[0,1,0]],[[96726,88082,0],[0,1,0]],[[96726,88083,0],[0,1,0]],[[96726,88084,0],[-2,8,0]],[[96724,88092,0],[0,2,0]],[[96724,88094,0],[1,1,0]],[[96725,88095,0],[1,1,0]],[[96726,88096,0],[3,3,0]],[[96729,88099,0],[1,1,0]],[[96730,88100,0],[2,0,0]],[[96732,88100,0],[1,0,0]],[[96733,88100,0],[11,-3,0]],[[96744,88097,0],[1,0,0]],[[96745,88097,0],[2,-4,0]],[[96747,88093,0],[1,-1,0]],[[96748,88092,0],[0,-3,0]],[[96748,88089,0],[1,-2,0]],[[96749,88087,0],[3,-7,0]],[[96752,88080,0],[1,-2,0]],[[96753,88078,0],[2,-2,0]],[[96755,88076,0],[6,-6,0]],[[96761,88070,0],[2,-1,0]],[[96763,88069,0],[2,-1,0]],[[96765,88068,0],[2,-1,0]],[[96767,88067,0],[1,-2,0]],[[96768,88065,0],[1,-1,0]],[[96769,88064,0],[0,-2,0]],[[96769,88062,0],[0,-1,0]],[[96769,88061,0],[-2,-3,0]],[[96767,88058,0],[-17,-14,0]],[[96750,88044,0],[-1,-3,0]],[[96749,88041,0],[-1,-2,0]],[[96748,88039,0],[0,-2,0]],[[96748,88037,0],[-1,-2,0]],[[96747,88035,0],[0,-3,0]],[[96747,88032,0],[-1,-1,0]],[[96746,88031,0],[0,-4,0]],[[96746,88027,0],[1,-5,0]],[[96747,88022,0],[0,-1,0]],[[96747,88021,0],[1,0,0]],[[96748,88021,0],[2,-2,0]],[[96750,88019,0],[4,0,0]],[[96754,88019,0],[4,0,0]],[[96758,88019,0],[8,2,0]],[[96766,88021,0],[2,1,0]],[[96768,88022,0],[1,1,0]],[[96769,88023,0],[1,3,0]],[[96770,88026,0],[0,1,0]],[[96770,88027,0],[0,1,0]],[[96770,88028,0],[-2,7,0]],[[96768,88035,0],[-2,3,0]],[[96766,88038,0],[-1,3,0]],[[96765,88041,0],[0,2,0]],[[96765,88043,0],[4,5,0]],[[96769,88048,0],[2,0,0]],[[96771,88048,0],[10,-1,0]],[[96781,88047,0],[3,-1,0]],[[96784,88046,0],[4,-6,0]],[[96788,88040,0],[-1,-2,0]],[[96787,88038,0],[-2,-2,0]],[[96785,88036,0],[-1,-1,0]],[[96784,88035,0],[-4,-2,0]],[[96780,88033,0],[-2,-3,0]],[[96778,88030,0],[-1,-1,0]],[[96777,88029,0],[0,-3,0]],[[96777,88026,0],[0,-1,0]],[[96777,88025,0],[0,-1,0]],[[96777,88024,0],[1,-1,0]],[[96778,88023,0],[0,-1,0]],[[96778,88022,0],[1,0,0]],[[96779,88022,0],[0,-1,0]],[[96779,88021,0],[1,0,0]],[[96780,88021,0],[2,-2,0]],[[96782,88019,0],[2,-1,0]],[[96784,88018,0],[1,-1,0]],[[96785,88017,0],[1,0,0]],[[96786,88017,0],[5,0,0]],[[96791,88017,0],[1,0,0]],[[96792,88017,0],[2,0,0]],[[96794,88017,0],[1,-1,0]],[[96795,88016,0],[1,0,0]],[[96796,88016,0],[1,-1,0]],[[96797,88015,0],[0,-1,0]],[[96797,88014,0],[1,0,0]],[[96798,88014,0],[1,-1,0]],[[96799,88013,0],[3,-2,0]],[[96802,88011,0],[0,-1,0]],[[96802,88010,0],[1,-2,0]],[[96803,88008,0],[0,-1,0]],[[96803,88007,0],[1,0,0]],[[96804,88007,0],[1,-1,0]],[[96805,88006,0],[0,-1,0]],[[96805,88005,0],[0,-1,0]],[[96805,88004,0],[-1,-2,0]],[[96804,88002,0],[-1,-1,0]],[[96803,88001,0],[-2,-1,0]],[[96801,88000,0],[-2,1,0]],[[96799,88001,0],[-1,0,0]],[[96798,88001,0],[-3,2,0]],[[96795,88003,0],[-2,2,0]],[[96793,88005,0],[-3,5,0]],[[96790,88010,0],[0,1,0]],[[96790,88011,0],[-1,1,0]],[[96789,88012,0],[-1,1,0]],[[96788,88013,0],[-2,1,0]],[[96786,88014,0],[-1,0,0]],[[96785,88014,0],[-2,0,0]],[[96783,88014,0],[-1,0,0]],[[96782,88014,0],[-2,0,0]],[[96780,88014,0],[-2,0,0]],[[96778,88014,0],[-6,-2,0]],[[96772,88012,0],[0,-1,0]],[[96772,88011,0],[-1,0,0]],[[96771,88011,0],[0,-1,0]],[[96771,88010,0],[1,-3,0]],[[96772,88007,0],[1,-1,0]],[[96773,88006,0],[1,-1,0]],[[96774,88005,0],[1,0,0]],[[96775,88005,0],[2,-2,0]],[[96777,88003,0],[1,-2,0]],[[96778,88001,0],[1,-1,0]],[[96779,88000,0],[1,-2,0]],[[96780,87998,0],[0,-1,0]],[[96780,87997,0],[2,-4,0]],[[96782,87993,0],[1,-2,0]],[[96783,87991,0],[1,-4,0]],[[96784,87987,0],[0,-1,0]],[[96784,87986,0],[0,-2,0]],[[96784,87984,0],[-1,-1,0]],[[96783,87983,0],[-5,-5,0]],[[96778,87978,0],[0,-1,0]],[[96778,87977,0],[-1,-1,0]],[[96777,87976,0],[0,-1,0]],[[96777,87975,0],[5,-3,0]],[[96782,87972,0],[1,0,0]],[[96783,87972,0],[4,-4,0]],[[96787,87968,0],[1,-2,0]],[[96788,87966,0],[0,-1,0]],[[96788,87965,0],[1,-2,0]],[[96789,87963,0],[1,-2,0]],[[96790,87961,0],[1,-1,0]],[[96791,87960,0],[0,-8,0]],[[96791,87952,0],[-1,-1,0]],[[96790,87951,0],[0,-1,0]],[[96790,87950,0],[-1,-2,0]],[[96789,87948,0],[-2,-5,0]],[[96787,87943,0],[0,-1,0]],[[96787,87942,0],[3,-4,0]],[[96790,87938,0],[0,-1,0]],[[96790,87937,0],[1,0,0]],[[96791,87937,0],[1,1,0]],[[96792,87938,0],[1,0,0]],[[96793,87938,0],[1,1,0]],[[96794,87939,0],[1,1,0]],[[96795,87940,0],[2,2,0]],[[96797,87942,0],[1,0,0]],[[96798,87942,0],[1,1,0]],[[96799,87943,0],[1,0,0]],[[96800,87943,0],[1,0,0]],[[96801,87943,0],[4,-2,0]],[[96805,87941,0],[1,-1,0]],[[96806,87940,0],[7,-5,0]],[[96813,87935,0],[1,-2,0]],[[96814,87933,0],[-1,-1,0]],[[96813,87932,0],[0,-1,0]],[[96813,87931,0],[-1,-1,0]],[[96812,87930,0],[-1,-1,0]],[[96811,87929,0],[0,-1,0]],[[96811,87928,0],[0,-2,0]],[[96811,87926,0],[-1,-1,0]],[[96810,87925,0],[-1,-10,0]],[[96809,87915,0],[1,-1,0]],[[96810,87914,0],[0,-1,0]],[[96810,87913,0],[1,-2,0]],[[96811,87911,0],[1,0,0]],[[96812,87911,0],[2,-1,0]],[[96814,87910,0],[3,1,0]],[[96817,87911,0],[2,0,0]],[[96819,87911,0],[1,0,0]],[[96820,87911,0],[0,1,0]],[[96820,87912,0],[6,5,0]],[[96826,87917,0],[2,3,0]],[[96828,87920,0],[1,1,0]],[[96829,87921,0],[1,0,0]],[[96830,87921,0],[0,1,0]],[[96830,87922,0],[1,0,0]],[[96831,87922,0],[1,0,0]],[[96832,87922,0],[1,1,0]],[[96833,87923,0],[5,0,0]],[[96838,87923,0],[2,-1,0]],[[96840,87922,0],[2,-2,0]],[[96842,87920,0],[0,-1,0]],[[96842,87919,0],[0,-1,0]],[[96842,87918,0],[0,-1,0]],[[96842,87917,0],[0,-1,0]],[[96842,87916,0],[1,0,0]],[[96843,87916,0],[1,-1,0]],[[96844,87915,0],[4,-3,0]],[[96848,87912,0],[1,-1,0]],[[96849,87911,0],[1,-1,0]],[[96850,87910,0],[1,-1,0]],[[96851,87909,0],[1,-1,0]],[[96852,87908,0],[1,-1,0]],[[96853,87907,0],[0,-1,0]],[[96853,87906,0],[-1,0,0]],[[96852,87906,0],[0,-1,0]],[[96852,87905,0],[-7,-9,0]],[[96845,87896,0],[-1,-1,0]],[[96844,87895,0],[0,-1,0]],[[96844,87894,0],[1,0,0]],[[96845,87894,0],[4,0,0]],[[96849,87894,0],[2,-1,0]],[[96851,87893,0],[1,0,0]],[[96852,87893,0],[1,-1,0]],[[96853,87892,0],[1,-3,0]],[[96854,87889,0],[2,-5,0]],[[96856,87884,0],[1,-3,0]],[[96857,87881,0],[0,-1,0]],[[96857,87880,0],[-3,-6,0]],[[96854,87874,0],[0,-1,0]],[[96854,87873,0],[-1,0,0]],[[96853,87873,0],[0,-5,0]],[[96853,87868,0],[-1,0,0]],[[96852,87868,0],[-1,-2,0]],[[96851,87866,0],[-1,0,0]],[[96850,87866,0],[-1,-1,0]],[[96849,87865,0],[-2,0,0]],[[96847,87865,0],[-3,-1,0]],[[96844,87864,0],[-5,0,0]],[[96839,87864,0],[-4,0,0]],[[96835,87864,0],[-2,-1,0]],[[96833,87863,0],[0,-1,0]],[[96833,87862,0],[0,-1,0]],[[96833,87861,0],[1,-3,0]],[[96834,87858,0],[1,-2,0]],[[96835,87856,0],[1,0,0]],[[96836,87856,0],[12,-4,0]],[[96848,87852,0],[2,0,0]],[[96850,87852,0],[2,0,0]],[[96852,87852,0],[1,0,0]],[[96853,87852,0],[1,0,0]],[[96854,87852,0],[1,0,0]],[[96855,87852,0],[1,0,0]],[[96856,87852,0],[1,0,0]],[[96857,87852,0],[0,-1,0]],[[96857,87851,0],[5,-5,0]],[[96862,87846,0],[-3,-3,0]],[[96859,87843,0],[-1,0,0]],[[96858,87843,0],[-1,-1,0]],[[96857,87842,0],[-2,0,0]],[[96855,87842,0],[-1,-1,0]],[[96854,87841,0],[-1,0,0]],[[96853,87841,0],[0,-1,0]],[[96853,87840,0],[0,-3,0]],[[96853,87837,0],[0,-1,0]],[[96853,87836,0],[-1,0,0]],[[96852,87836,0],[0,-1,0]],[[96852,87835,0],[-1,0,0]],[[96851,87835,0],[-2,-2,0]],[[96849,87833,0],[-1,-2,0]],[[96848,87831,0],[-1,-3,0]],[[96847,87828,0],[-5,-10,0]],[[96842,87818,0],[0,-2,0]],[[96842,87816,0],[0,-2,0]],[[96842,87814,0],[0,-1,0]],[[96842,87813,0],[0,-1,0]],[[96842,87812,0],[1,-2,0]],[[96843,87810,0],[0,-1,0]],[[96843,87809,0],[1,-1,0]],[[96844,87808,0],[0,-1,0]],[[96844,87807,0],[1,-2,0]],[[96845,87805,0],[1,-1,0]],[[96846,87804,0],[4,-5,0]],[[96850,87799,0],[1,-2,0]],[[96851,87797,0],[0,-1,0]],[[96851,87796,0],[1,-4,0]],[[96852,87792,0],[-1,0,0]],[[96851,87792,0],[0,-1,0]],[[96851,87791,0],[-2,0,0]],[[96849,87791,0],[-1,0,0]],[[96848,87791,0],[0,-1,0]],[[96848,87790,0],[0,-1,0]],[[96848,87789,0],[1,-1,0]],[[96849,87788,0],[1,-1,0]],[[96850,87787,0],[2,-1,0]],[[96852,87786,0],[1,-1,0]],[[96853,87785,0],[1,-2,0]],[[96854,87783,0],[0,-1,0]],[[96854,87782,0],[0,-1,0]],[[96854,87781,0],[-1,-1,0]],[[96853,87780,0],[0,-1,0]],[[96853,87779,0],[-1,-1,0]],[[96852,87778,0],[-10,-2,0]],[[96842,87776,0],[-1,0,0]],[[96841,87776,0],[-2,-1,0]],[[96839,87775,0],[-1,-1,0]],[[96838,87774,0],[-4,-4,0]],[[96834,87770,0],[-1,-1,0]],[[96833,87769,0],[-1,-1,0]],[[96832,87768,0],[1,-1,0]],[[96833,87767,0],[0,-1,0]],[[96833,87766,0],[-3,-3,0]],[[96830,87763,0],[-1,0,0]],[[96829,87763,0],[-1,-1,0]],[[96828,87762,0],[-1,0,0]],[[96827,87762,0],[-1,0,0]],[[96826,87762,0],[-1,0,0]],[[96825,87762,0],[-1,1,0]],[[96824,87763,0],[-1,1,0]],[[96823,87764,0],[0,1,0]],[[96823,87765,0],[-5,3,0]],[[96818,87768,0],[-1,1,0]],[[96817,87769,0],[-5,2,0]],[[96812,87771,0],[-2,0,0]],[[96810,87771,0],[-1,0,0]],[[96809,87771,0],[-1,0,0]],[[96808,87771,0],[-1,-7,0]],[[96807,87764,0],[0,-1,0]],[[96807,87763,0],[0,-1,0]],[[96807,87762,0],[-1,-1,0]],[[96806,87761,0],[-1,-1,0]],[[96805,87760,0],[-2,-1,0]],[[96803,87759,0],[-4,-2,0]],[[96799,87757,0],[-1,-1,0]],[[96798,87756,0],[-3,-1,0]],[[96795,87755,0],[-2,-2,0]],[[96793,87753,0],[-2,-8,0]],[[96791,87745,0],[0,-2,0]],[[96791,87743,0],[1,0,0]],[[96792,87743,0],[1,-1,0]],[[96793,87742,0],[17,-9,0]],[[96810,87733,0],[4,-2,0]],[[96814,87731,0],[1,-1,0]],[[96815,87730,0],[3,-10,0]],[[96818,87720,0],[-1,-2,0]],[[96817,87718,0],[0,-1,0]],[[96817,87717,0],[0,-2,0]],[[96817,87715,0],[1,-2,0]],[[96818,87713,0],[0,-2,0]],[[96818,87711,0],[1,-1,0]],[[96819,87710,0],[0,-1,0]],[[96819,87709,0],[0,-2,0]],[[96819,87707,0],[1,-2,0]],[[96820,87705,0],[0,-1,0]],[[96820,87704,0],[6,-4,0]],[[96826,87700,0],[7,-5,0]],[[96833,87695,0],[1,-8,0]],[[96834,87687,0],[1,-2,0]],[[96835,87685,0],[1,-1,0]],[[96836,87684,0],[7,-2,0]],[[96843,87682,0],[2,0,0]],[[96845,87682,0],[17,-14,0]],[[96862,87668,0],[1,-1,0]],[[96863,87667,0],[1,0,0]],[[96864,87667,0],[1,-1,0]],[[96865,87666,0],[1,0,0]],[[96866,87666,0],[3,-1,0]],[[96869,87665,0],[2,0,0]],[[96871,87665,0],[1,0,0]],[[96872,87665,0],[2,0,0]],[[96874,87665,0],[2,1,0]],[[96876,87666,0],[1,0,0]],[[96877,87666,0],[1,0,0]],[[96878,87666,0],[1,-1,0]],[[96879,87665,0],[1,0,0]],[[96880,87665,0],[1,-1,0]],[[96881,87664,0],[2,-1,0]],[[96883,87663,0],[-4,-7,0]],[[96879,87656,0],[-3,-1,0]],[[96876,87655,0],[-2,-1,0]],[[96874,87654,0],[-1,0,0]],[[96873,87654,0],[-2,0,0]],[[96871,87654,0],[-5,1,0]],[[96866,87655,0],[-1,0,0]],[[96865,87655,0],[-3,2,0]],[[96862,87657,0],[-1,1,0]],[[96861,87658,0],[-8,-4,0]],[[96853,87654,0],[0,-1,0]],[[96853,87653,0],[-1,-5,0]],[[96852,87648,0],[1,-2,0]],[[96853,87646,0],[2,-2,0]],[[96855,87644,0],[3,-4,0]],[[96858,87640,0],[13,-9,0]],[[96871,87631,0],[3,0,0]],[[96874,87631,0],[2,2,0]],[[96876,87633,0],[2,5,0]],[[96878,87638,0],[1,3,0]],[[96879,87641,0],[1,2,0]],[[96880,87643,0],[0,1,0]],[[96880,87644,0],[1,1,0]],[[96881,87645,0],[2,1,0]],[[96883,87646,0],[1,0,0]],[[96884,87646,0],[5,0,0]],[[96889,87646,0],[2,0,0]],[[96891,87646,0],[4,-1,0]],[[96895,87645,0],[5,-2,0]],[[96900,87643,0],[2,-2,0]],[[96902,87641,0],[6,0,0]],[[96908,87641,0],[11,-20,0]],[[96919,87621,0],[1,-2,0]],[[96920,87619,0],[6,-4,0]],[[96926,87615,0],[3,-2,0]],[[96929,87613,0],[2,-1,0]],[[96931,87612,0],[2,0,0]],[[96933,87612,0],[1,-1,0]],[[96934,87611,0],[1,0,0]],[[96935,87611,0],[3,0,0]],[[96938,87611,0],[4,-3,0]],[[96942,87608,0],[1,-1,0]],[[96943,87607,0],[0,-1,0]],[[96943,87606,0],[1,-1,0]],[[96944,87605,0],[1,0,0]],[[96945,87605,0],[4,-5,0]],[[96949,87600,0],[1,-1,0]],[[96950,87599,0],[3,-1,0]],[[96953,87598,0],[2,-2,0]],[[96955,87596,0],[3,-2,0]],[[96958,87594,0],[0,-1,0]],[[96958,87593,0],[1,0,0]],[[96959,87593,0],[0,-1,0]],[[96959,87592,0],[0,-1,0]],[[96959,87591,0],[0,-1,0]],[[96959,87590,0],[-1,-1,0]],[[96958,87589,0],[-4,-4,0]],[[96954,87585,0],[-5,-4,0]],[[96949,87581,0],[-2,-2,0]],[[96947,87579,0],[0,-1,0]],[[96947,87578,0],[-1,0,0]],[[96946,87578,0],[0,-2,0]],[[96946,87576,0],[-1,-1,0]],[[96945,87575,0],[-1,-3,0]],[[96944,87572,0],[1,-2,0]],[[96945,87570,0],[1,-1,0]],[[96946,87569,0],[1,-1,0]],[[96947,87568,0],[1,0,0]],[[96948,87568,0],[1,-1,0]],[[96949,87567,0],[1,0,0]],[[96950,87567,0],[1,0,0]],[[96951,87567,0],[1,0,0]],[[96952,87567,0],[1,0,0]],[[96953,87567,0],[1,1,0]],[[96954,87568,0],[3,0,0]],[[96957,87568,0],[0,1,0]],[[96957,87569,0],[1,0,0]],[[96958,87569,0],[2,2,0]],[[96960,87571,0],[4,1,0]],[[96964,87572,0],[1,0,0]],[[96965,87572,0],[1,0,0]],[[96966,87572,0],[6,-4,0]],[[96972,87568,0],[1,-1,0]],[[96973,87567,0],[1,-2,0]],[[96974,87565,0],[0,-1,0]],[[96974,87564,0],[0,-1,0]],[[96974,87563,0],[1,-2,0]],[[96975,87561,0],[5,-8,0]],[[96980,87553,0],[4,-5,0]],[[96984,87548,0],[4,-4,0]],[[96988,87544,0],[0,-10,0]],[[96988,87534,0],[0,-1,0]],[[96988,87533,0],[5,-8,0]],[[96993,87525,0],[2,-2,0]],[[96995,87523,0],[0,-1,0]],[[96995,87522,0],[1,-1,0]],[[96996,87521,0],[5,3,0]],[[97001,87524,0],[1,0,0]],[[97002,87524,0],[1,1,0]],[[97003,87525,0],[2,4,0]],[[97005,87529,0],[1,2,0]],[[97006,87531,0],[0,1,0]],[[97006,87532,0],[2,2,0]],[[97008,87534,0],[1,1,0]],[[97009,87535,0],[0,1,0]],[[97009,87536,0],[1,0,0]],[[97010,87536,0],[1,1,0]],[[97011,87537,0],[2,1,0]],[[97013,87538,0],[0,1,0]],[[97013,87539,0],[4,1,0]],[[97017,87540,0],[1,0,0]],[[97018,87540,0],[1,0,0]],[[97019,87540,0],[0,-1,0]],[[97019,87539,0],[1,0,0]],[[97020,87539,0],[0,-1,0]],[[97020,87538,0],[0,-1,0]],[[97020,87537,0],[0,-1,0]],[[97020,87536,0],[0,-1,0]],[[97020,87535,0],[-1,-2,0]],[[97019,87533,0],[-1,0,0]],[[97018,87533,0],[-1,-1,0]],[[97017,87532,0],[-1,0,0]],[[97016,87532,0],[-1,-1,0]],[[97015,87531,0],[-1,-1,0]],[[97014,87530,0],[0,-1,0]],[[97014,87529,0],[1,-1,0]],[[97015,87528,0],[1,0,0]],[[97016,87528,0],[1,0,0]],[[97017,87528,0],[1,0,0]],[[97018,87528,0],[5,0,0]],[[97023,87528,0],[1,-1,0]],[[97024,87527,0],[11,-3,0]],[[97035,87524,0],[4,-4,0]],[[97039,87520,0],[3,-2,0]],[[97042,87518,0],[2,-2,0]],[[97044,87516,0],[1,0,0]],[[97045,87516,0],[0,-1,0]],[[97045,87515,0],[1,-2,0]],[[97046,87513,0],[0,-1,0]],[[97046,87512,0],[1,-2,0]],[[97047,87510,0],[0,-1,0]],[[97047,87509,0],[-1,-1,0]],[[97046,87508,0],[-6,-6,0]],[[97040,87502,0],[0,-2,0]],[[97040,87500,0],[2,-5,0]],[[97042,87495,0],[1,-1,0]],[[97043,87494,0],[0,-2,0]],[[97043,87492,0],[0,-2,0]],[[97043,87490,0],[1,-2,0]],[[97044,87488,0],[0,-1,0]],[[97044,87487,0],[1,0,0]],[[97045,87487,0],[3,-2,0]],[[97048,87485,0],[1,-1,0]],[[97049,87484,0],[5,-11,0]],[[97054,87473,0],[0,-1,0]],[[97054,87472,0],[0,-1,0]],[[97054,87471,0],[-2,-3,0]],[[97052,87468,0],[-1,0,0]],[[97051,87468,0],[-7,-3,0]],[[97044,87465,0],[-3,-1,0]],[[97041,87464,0],[-3,-3,0]],[[97038,87461,0],[-1,-1,0]],[[97037,87460,0],[0,-1,0]],[[97037,87459,0],[0,-1,0]],[[97037,87458,0],[3,-4,0]],[[97040,87454,0],[1,-1,0]],[[97041,87453,0],[3,-1,0]],[[97044,87452,0],[5,0,0]],[[97049,87452,0],[4,-1,0]],[[97053,87451,0],[1,-2,0]],[[97054,87449,0],[1,-1,0]],[[97055,87448,0],[-1,-4,0]],[[97054,87444,0],[-3,-1,0]],[[97051,87443,0],[-4,-1,0]],[[97047,87442,0],[-7,0,0]],[[97040,87442,0],[-2,0,0]],[[97038,87442,0],[-3,0,0]],[[97035,87442,0],[-5,3,0]],[[97030,87445,0],[-1,1,0]],[[97029,87446,0],[0,1,0]],[[97029,87447,0],[-2,4,0]],[[97027,87451,0],[-1,1,0]],[[97026,87452,0],[0,1,0]],[[97026,87453,0],[0,1,0]],[[97026,87454,0],[0,1,0]],[[97026,87455,0],[-1,0,0]],[[97025,87455,0],[0,1,0]],[[97025,87456,0],[-1,1,0]],[[97024,87457,0],[-3,1,0]],[[97021,87458,0],[-3,2,0]],[[97018,87460,0],[-1,0,0]],[[97017,87460,0],[-1,1,0]],[[97016,87461,0],[-1,0,0]],[[97015,87461,0],[-1,0,0]],[[97014,87461,0],[-2,0,0]],[[97012,87461,0],[-1,0,0]],[[97011,87461,0],[-1,-1,0]],[[97010,87460,0],[-1,-1,0]],[[97009,87459,0],[-1,-1,0]],[[97008,87458,0],[0,-1,0]],[[97008,87457,0],[0,-2,0]],[[97008,87455,0],[9,-5,0]],[[97017,87450,0],[1,-1,0]],[[97018,87449,0],[1,-2,0]],[[97019,87447,0],[-1,-2,0]],[[97018,87445,0],[-1,-2,0]],[[97017,87443,0],[-2,-2,0]],[[97015,87441,0],[-16,3,0]],[[96999,87444,0],[-5,3,0]],[[96994,87447,0],[-4,2,0]],[[96990,87449,0],[-1,0,0]],[[96989,87449,0],[-1,-9,0]],[[96988,87440,0],[0,-2,0]],[[96988,87438,0],[-2,-2,0]],[[96986,87436,0],[-3,-1,0]],[[96983,87435,0],[-2,-2,0]],[[96981,87433,0],[-3,-4,0]],[[96978,87429,0],[-3,-3,0]],[[96975,87426,0],[-4,-13,0]],[[96971,87413,0],[0,-1,0]],[[96971,87412,0],[0,-1,0]],[[96971,87411,0],[0,-1,0]],[[96971,87410,0],[2,-3,0]],[[96973,87407,0],[0,-2,0]],[[96973,87405,0],[0,-6,0]],[[96973,87399,0],[0,-2,0]],[[96973,87397,0],[0,-2,0]],[[96973,87395,0],[0,-1,0]],[[96973,87394,0],[0,-1,0]],[[96973,87393,0],[4,-4,0]],[[96977,87389,0],[0,-1,0]],[[96977,87388,0],[2,-6,0]],[[96979,87382,0],[1,-1,0]],[[96980,87381,0],[0,-1,0]],[[96980,87380,0],[0,-4,0]],[[96980,87376,0],[-1,-1,0]],[[96979,87375,0],[-1,-4,0]],[[96978,87371,0],[1,-1,0]],[[96979,87370,0],[1,0,0]],[[96980,87370,0],[3,1,0]],[[96983,87371,0],[1,0,0]],[[96984,87371,0],[1,0,0]],[[96985,87371,0],[2,0,0]],[[96987,87371,0],[2,0,0]],[[96989,87371,0],[5,-3,0]],[[96994,87368,0],[2,-2,0]],[[96996,87366,0],[0,-3,0]],[[96996,87363,0],[3,-8,0]],[[96999,87355,0],[-1,0,0]],[[96998,87355,0],[0,-1,0]],[[96998,87354,0],[-1,-2,0]],[[96997,87352,0],[3,-6,0]],[[97000,87346,0],[0,-2,0]],[[97000,87344,0],[-4,-9,0]],[[96996,87335,0],[-1,-2,0]],[[96995,87333,0],[-1,-1,0]],[[96994,87332,0],[0,-2,0]],[[96994,87330,0],[-1,-3,0]],[[96993,87327,0],[0,-4,0]],[[96993,87323,0],[3,-5,0]],[[96996,87318,0],[2,-3,0]],[[96998,87315,0],[1,-3,0]],[[96999,87312,0],[0,-3,0]],[[96999,87309,0],[9,-9,0]],[[97008,87300,0],[2,-2,0]],[[97010,87298,0],[2,-5,0]],[[97012,87293,0],[-1,-1,0]],[[97011,87292,0],[-3,-6,0]],[[97008,87286,0],[0,-1,0]],[[97008,87285,0],[0,-2,0]],[[97008,87283,0],[1,0,0]],[[97009,87283,0],[0,-1,0]],[[97009,87282,0],[-1,-1,0]],[[97008,87281,0],[1,-1,0]],[[97009,87280,0],[-2,-7,0]],[[97007,87273,0],[-1,-2,0]],[[97006,87271,0],[0,-2,0]],[[97006,87269,0],[0,-5,0]],[[97006,87264,0],[0,-1,0]],[[97006,87263,0],[2,-6,0]],[[97008,87257,0],[1,-3,0]],[[97009,87254,0],[1,-5,0]],[[97010,87249,0],[4,-5,0]],[[97014,87244,0],[8,-2,0]],[[97022,87242,0],[6,1,0]],[[97028,87243,0],[1,0,0]],[[97029,87243,0],[1,-1,0]],[[97030,87242,0],[0,-4,0]],[[97030,87238,0],[-1,-1,0]],[[97029,87237,0],[2,-9,0]],[[97031,87228,0],[0,-1,0]],[[97031,87227,0],[-3,-5,0]],[[97028,87222,0],[0,-1,0]],[[97028,87221,0],[6,-5,0]],[[97034,87216,0],[2,-1,0]],[[97036,87215,0],[6,-4,0]],[[97042,87211,0],[0,-1,0]],[[97042,87210,0],[0,-1,0]],[[97042,87209,0],[0,-1,0]],[[97042,87208,0],[-1,0,0]],[[97041,87208,0],[0,-2,0]],[[97041,87206,0],[0,-1,0]],[[97041,87205,0],[1,-1,0]],[[97042,87204,0],[2,-2,0]],[[97044,87202,0],[3,-2,0]],[[97047,87200,0],[1,-1,0]],[[97048,87199,0],[2,-1,0]],[[97050,87198,0],[0,-1,0]],[[97050,87197,0],[7,-3,0]],[[97057,87194,0],[3,0,0]],[[97060,87194,0],[2,-7,0]],[[97062,87187,0],[0,-1,0]],[[97062,87186,0],[1,0,0]],[[97063,87186,0],[4,-1,0]],[[97067,87185,0],[1,0,0]],[[97068,87185,0],[2,-1,0]],[[97070,87184,0],[2,0,0]],[[97072,87184,0],[2,-3,0]],[[97074,87181,0],[0,-1,0]],[[97074,87180,0],[1,0,0]],[[97075,87180,0],[2,-2,0]],[[97077,87178,0],[0,-1,0]],[[97077,87177,0],[0,-1,0]],[[97077,87176,0],[0,-1,0]],[[97077,87175,0],[-1,-1,0]],[[97076,87174,0],[0,-1,0]],[[97076,87173,0],[-1,-1,0]],[[97075,87172,0],[-2,-8,0]],[[97073,87164,0],[-1,-4,0]],[[97072,87160,0],[0,-3,0]],[[97072,87157,0],[1,-2,0]],[[97073,87155,0],[5,-8,0]],[[97078,87147,0],[1,-1,0]],[[97079,87146,0],[1,-2,0]],[[97080,87144,0],[1,-1,0]],[[97081,87143,0],[0,-1,0]],[[97081,87142,0],[1,-2,0]],[[97082,87140,0],[1,-4,0]],[[97083,87136,0],[-2,-5,0]],[[97081,87131,0],[0,-1,0]],[[97081,87130,0],[0,-1,0]],[[97081,87129,0],[-1,-1,0]],[[97080,87128,0],[3,-13,0]],[[97083,87115,0],[0,-1,0]],[[97083,87114,0],[-6,-4,0]],[[97077,87110,0],[-1,-1,0]],[[97076,87109,0],[-1,0,0]],[[97075,87109,0],[-1,-1,0]],[[97074,87108,0],[0,-1,0]],[[97074,87107,0],[-1,-2,0]],[[97073,87105,0],[0,-3,0]],[[97073,87102,0],[1,-2,0]],[[97074,87100,0],[0,-1,0]],[[97074,87099,0],[1,-1,0]],[[97075,87098,0],[2,-5,0]],[[97077,87093,0],[-1,-1,0]],[[97076,87092,0],[-3,-4,0]],[[97073,87088,0],[-1,0,0]],[[97072,87088,0],[-1,-1,0]],[[97071,87087,0],[0,-1,0]],[[97071,87086,0],[0,-2,0]],[[97071,87084,0],[4,-9,0]],[[97075,87075,0],[0,-1,0]],[[97075,87074,0],[-7,-5,0]],[[97068,87069,0],[-1,0,0]],[[97067,87069,0],[1,-1,0]],[[97068,87068,0],[1,-1,0]],[[97069,87067,0],[0,-1,0]],[[97069,87066,0],[0,-5,0]],[[97069,87061,0],[-2,-7,0]],[[97067,87054,0],[-1,-8,0]],[[97066,87046,0],[0,-2,0]],[[97066,87044,0],[-1,-2,0]],[[97065,87042,0],[-1,-3,0]],[[97064,87039,0],[0,-4,0]],[[97064,87035,0],[2,-7,0]],[[97066,87028,0],[3,-3,0]],[[97069,87025,0],[1,-2,0]],[[97070,87023,0],[0,-3,0]],[[97070,87020,0],[1,-1,0]],[[97071,87019,0],[1,-1,0]],[[97072,87018,0],[1,-1,0]],[[97073,87017,0],[0,-1,0]],[[97073,87016,0],[1,-1,0]],[[97074,87015,0],[1,0,0]],[[97075,87015,0],[0,-1,0]],[[97075,87014,0],[0,-2,0]],[[97075,87012,0],[0,-1,0]],[[97075,87011,0],[3,-3,0]],[[97078,87008,0],[0,-1,0]],[[97078,87007,0],[0,-3,0]],[[97078,87004,0],[0,-1,0]],[[97078,87003,0],[-1,-2,0]],[[97077,87001,0],[-1,-3,0]],[[97076,86998,0],[0,-1,0]],[[97076,86997,0],[-1,-7,0]],[[97075,86990,0],[0,-2,0]],[[97075,86988,0],[0,-3,0]],[[97075,86985,0],[0,-4,0]],[[97075,86981,0],[-1,-1,0]],[[97074,86980,0],[-2,-1,0]],[[97072,86979,0],[-2,-1,0]],[[97070,86978,0],[-3,-3,0]],[[97067,86975,0],[-1,-2,0]],[[97066,86973,0],[-3,-4,0]],[[97063,86969,0],[0,-2,0]],[[97063,86967,0],[-1,-1,0]],[[97062,86966,0],[-1,-2,0]],[[97061,86964,0],[-1,-3,0]],[[97060,86961,0],[-1,-2,0]],[[97059,86959,0],[0,-2,0]],[[97059,86957,0],[0,-1,0]],[[97059,86956,0],[0,-2,0]],[[97059,86954,0],[1,-1,0]],[[97060,86953,0],[1,-1,0]],[[97061,86952,0],[1,-1,0]],[[97062,86951,0],[0,-1,0]],[[97062,86950,0],[0,-1,0]],[[97062,86949,0],[-1,-2,0]],[[97061,86947,0],[-2,-3,0]],[[97059,86944,0],[0,-2,0]],[[97059,86942,0],[5,-13,0]],[[97064,86929,0],[-1,-3,0]],[[97063,86926,0],[1,-11,0]],[[97064,86915,0],[0,-1,0]],[[97064,86914,0],[0,-1,0]],[[97064,86913,0],[0,-1,0]],[[97064,86912,0],[-1,0,0]],[[97063,86912,0],[0,-1,0]],[[97063,86911,0],[-1,-1,0]],[[97062,86910,0],[0,-1,0]],[[97062,86909,0],[0,-1,0]],[[97062,86908,0],[0,-1,0]],[[97062,86907,0],[-1,-1,0]],[[97061,86906,0],[-3,-2,0]],[[97058,86904,0],[-2,-2,0]],[[97056,86902,0],[-8,-5,0]],[[97048,86897,0],[-1,0,0]],[[97047,86897,0],[-1,0,0]],[[97046,86897,0],[-1,-1,0]],[[97045,86896,0],[-4,-2,0]],[[97041,86894,0],[-1,-1,0]],[[97040,86893,0],[-1,0,0]],[[97039,86893,0],[0,-1,0]],[[97039,86892,0],[-4,0,0]],[[97035,86892,0],[-1,0,0]],[[97034,86892,0],[0,-1,0]],[[97034,86891,0],[-1,0,0]],[[97033,86891,0],[0,-1,0]],[[97033,86890,0],[-1,0,0]],[[97032,86890,0],[0,-1,0]],[[97032,86889,0],[2,-1,0]],[[97034,86888,0],[0,-1,0]],[[97034,86887,0],[-3,-5,0]],[[97031,86882,0],[0,-1,0]],[[97031,86881,0],[-4,-4,0]],[[97027,86877,0],[-1,-2,0]],[[97026,86875,0],[0,-1,0]],[[97026,86874,0],[3,-7,0]],[[97029,86867,0],[0,-3,0]],[[97029,86864,0],[1,-4,0]],[[97030,86860,0],[1,-3,0]],[[97031,86857,0],[2,-1,0]],[[97033,86856,0],[1,-1,0]],[[97034,86855,0],[1,0,0]],[[97035,86855,0],[1,-1,0]],[[97036,86854,0],[1,-1,0]],[[97037,86853,0],[1,-1,0]],[[97038,86852,0],[2,-2,0]],[[97040,86850,0],[1,-1,0]],[[97041,86849,0],[2,0,0]],[[97043,86849,0],[1,0,0]],[[97044,86849,0],[2,-1,0]],[[97046,86848,0],[2,0,0]],[[97048,86848,0],[3,-1,0]],[[97051,86847,0],[2,0,0]],[[97053,86847,0],[1,-1,0]],[[97054,86846,0],[1,-4,0]],[[97055,86842,0],[0,-4,0]],[[97055,86838,0],[1,-2,0]],[[97056,86836,0],[1,-1,0]],[[97057,86835,0],[1,-1,0]],[[97058,86834,0],[0,-1,0]],[[97058,86833,0],[-1,-2,0]],[[97057,86831,0],[-1,-2,0]],[[97056,86829,0],[-1,-2,0]],[[97055,86827,0],[-1,-7,0]],[[97054,86820,0],[0,-2,0]],[[97054,86818,0],[-1,-3,0]],[[97053,86815,0],[0,-1,0]],[[97053,86814,0],[-1,0,0]],[[97052,86814,0],[-1,0,0]],[[97051,86814,0],[0,-1,0]],[[97051,86813,0],[1,0,0]],[[97052,86813,0],[0,-6,0]],[[97052,86807,0],[0,-1,0]],[[97052,86806,0],[0,-2,0]],[[97052,86804,0],[0,-1,0]],[[97052,86803,0],[0,-1,0]],[[97052,86802,0],[1,-1,0]],[[97053,86801,0],[0,-1,0]],[[97053,86800,0],[0,-1,0]],[[97053,86799,0],[0,-3,0]],[[97053,86796,0],[-2,-3,0]],[[97051,86793,0],[-1,-2,0]],[[97050,86791,0],[0,-1,0]],[[97050,86790,0],[0,-1,0]],[[97050,86789,0],[0,-1,0]],[[97050,86788,0],[-1,-1,0]],[[97049,86787,0],[0,-2,0]],[[97049,86785,0],[-3,-11,0]],[[97046,86774,0],[-2,-4,0]],[[97044,86770,0],[-1,-1,0]],[[97043,86769,0],[-1,-2,0]],[[97042,86767,0],[0,-1,0]],[[97042,86766,0],[0,-2,0]],[[97042,86764,0],[1,-1,0]],[[97043,86763,0],[0,-1,0]],[[97043,86762,0],[1,0,0]],[[97044,86762,0],[1,0,0]],[[97045,86762,0],[2,-1,0]],[[97047,86761,0],[1,-1,0]],[[97048,86760,0],[0,-2,0]],[[97048,86758,0],[0,-1,0]],[[97048,86757,0],[-1,-14,0]],[[97047,86743,0],[0,-1,0]],[[97047,86742,0],[1,-2,0]],[[97048,86740,0],[5,-3,0]],[[97053,86737,0],[1,-1,0]],[[97054,86736,0],[0,-1,0]],[[97054,86735,0],[1,-2,0]],[[97055,86733,0],[0,-8,0]],[[97055,86725,0],[-1,-1,0]],[[97054,86724,0],[-3,-3,0]],[[97051,86721,0],[-2,-2,0]],[[97049,86719,0],[-21,-20,0]],[[97028,86699,0],[-1,-3,0]],[[97027,86696,0],[-1,-2,0]],[[97026,86694,0],[0,-2,0]],[[97026,86692,0],[-1,-3,0]],[[97025,86689,0],[1,-2,0]],[[97026,86687,0],[0,-2,0]],[[97026,86685,0],[0,-1,0]],[[97026,86684,0],[0,-1,0]],[[97026,86683,0],[1,-1,0]],[[97027,86682,0],[1,-3,0]],[[97028,86679,0],[2,-4,0]],[[97030,86675,0],[-2,-8,0]],[[97028,86667,0],[-3,-8,0]],[[97025,86659,0],[-2,-4,0]],[[97023,86655,0],[0,-2,0]],[[97023,86653,0],[0,-1,0]],[[97023,86652,0],[0,-2,0]],[[97023,86650,0],[2,-12,0]],[[97025,86638,0],[3,-8,0]],[[97028,86630,0],[1,-8,0]],[[97029,86622,0],[0,-2,0]],[[97029,86620,0],[-1,-2,0]],[[97028,86618,0],[0,-2,0]],[[97028,86616,0],[-2,-3,0]],[[97026,86613,0],[-5,-1,0]],[[97021,86612,0],[-6,-2,0]],[[97015,86610,0],[-13,-7,0]],[[97002,86603,0],[-1,-1,0]],[[97001,86602,0],[-1,0,0]],[[97000,86602,0],[-1,-1,0]],[[96999,86601,0],[-3,1,0]],[[96996,86602,0],[-1,-1,0]],[[96995,86601,0],[-3,-2,0]],[[96992,86599,0],[-1,-1,0]],[[96991,86598,0],[0,-3,0]],[[96991,86595,0],[-1,-2,0]],[[96990,86593,0],[-1,-1,0]],[[96989,86592,0],[0,-2,0]],[[96989,86590,0],[-1,-1,0]],[[96988,86589,0],[-2,-2,0]],[[96986,86587,0],[0,-1,0]],[[96986,86586,0],[-1,0,0]],[[96985,86586,0],[-1,-1,0]],[[96984,86585,0],[-4,-1,0]],[[96980,86584,0],[0,-1,0]],[[96980,86583,0],[-2,-2,0]],[[96978,86581,0],[-6,0,0]],[[96972,86581,0],[-1,0,0]],[[96971,86581,0],[-4,-1,0]],[[96967,86580,0],[-1,-1,0]],[[96966,86579,0],[0,-1,0]],[[96966,86578,0],[0,-1,0]],[[96966,86577,0],[0,-1,0]],[[96966,86576,0],[-1,-1,0]],[[96965,86575,0],[-1,-1,0]],[[96964,86574,0],[-1,1,0]],[[96963,86575,0],[-3,1,0]],[[96960,86576,0],[-1,0,0]],[[96959,86576,0],[-1,0,0]],[[96958,86576,0],[-2,-1,0]],[[96956,86575,0],[-3,-2,0]],[[96953,86573,0],[-2,0,0]],[[96951,86573,0],[-2,-2,0]],[[96949,86571,0],[-2,0,0]],[[96947,86571,0],[0,-2,0]],[[96947,86569,0],[0,-1,0]],[[96947,86568,0],[1,-1,0]],[[96948,86567,0],[-1,-1,0]],[[96947,86566,0],[-1,-3,0]],[[96946,86563,0],[-2,-1,0]],[[96944,86562,0],[-2,-1,0]],[[96942,86561,0],[-4,-2,0]],[[96938,86559,0],[-20,-5,0]],[[96918,86554,0],[-8,-1,0]],[[96910,86553,0],[-14,-1,0]],[[96896,86552,0],[-1,0,0]],[[96895,86552,0],[-1,0,0]],[[96894,86552,0],[-1,0,0]],[[96893,86552,0],[-3,0,0]],[[96890,86552,0],[-1,0,0]],[[96889,86552,0],[-1,-1,0]],[[96888,86551,0],[-1,0,0]],[[96887,86551,0],[0,-1,0]],[[96887,86550,0],[-1,0,0]],[[96886,86550,0],[0,-1,0]],[[96886,86549,0],[-1,0,0]],[[96885,86549,0],[-1,-2,0]],[[96884,86547,0],[-1,0,0]],[[96883,86547,0],[-1,-1,0]],[[96882,86546,0],[-13,-7,0]],[[96869,86539,0],[-5,-2,0]],[[96864,86537,0],[-15,-8,0]],[[96849,86529,0],[0,-1,0]],[[96849,86528,0],[-4,-7,0]],[[96845,86521,0],[-1,-3,0]],[[96844,86518,0],[-2,-3,0]],[[96842,86515,0],[-2,-3,0]],[[96840,86512,0],[-1,-2,0]],[[96839,86510,0],[-2,-2,0]],[[96837,86508,0],[-2,-2,0]],[[96835,86506,0],[-2,-2,0]],[[96833,86504,0],[-5,-5,0]],[[96828,86499,0],[-3,-2,0]],[[96825,86497,0],[-6,-3,0]],[[96819,86494,0],[-2,-2,0]],[[96817,86492,0],[-11,-7,0]],[[96806,86485,0],[0,-1,0]],[[96806,86484,0],[-1,-3,0]],[[96805,86481,0],[-15,-3,0]],[[96790,86478,0],[-2,-1,0]],[[96788,86477,0],[-1,0,0]],[[96787,86477,0],[-2,-1,0]],[[96785,86476,0],[-3,-3,0]],[[96782,86473,0],[-1,0,0]],[[96781,86473,0],[0,-2,0]],[[96781,86471,0],[-1,-1,0]],[[96780,86470,0],[-1,-2,0]],[[96779,86468,0],[-1,0,0]],[[96778,86468,0],[-1,-2,0]],[[96777,86466,0],[-4,-3,0]],[[96773,86463,0],[-1,-1,0]],[[96772,86462,0],[0,-1,0]],[[96772,86461,0],[0,-1,0]],[[96772,86460,0],[-3,-1,0]],[[96769,86459,0],[0,2,0]],[[96769,86461,0],[-1,1,0]],[[96768,86462,0],[-1,0,0]],[[96767,86462,0],[-2,0,0]],[[96765,86462,0],[-1,0,0]],[[96764,86462,0],[-1,0,0]],[[96763,86462,0],[-4,-2,0]],[[96759,86460,0],[0,-1,0]],[[96759,86459,0],[-1,-1,0]],[[96758,86458,0],[-2,-4,0]],[[96756,86454,0],[-3,-8,0]],[[96753,86446,0],[-2,-2,0]],[[96751,86444,0],[-1,0,0]],[[96750,86444,0],[-1,-1,0]],[[96749,86443,0],[-1,0,0]],[[96748,86443,0],[-1,0,0]],[[96747,86443,0],[-1,0,0]],[[96746,86443,0],[-1,0,0]],[[96745,86443,0],[-1,0,0]],[[96744,86443,0],[-1,-1,0]],[[96743,86442,0],[-1,-1,0]],[[96742,86441,0],[-3,-2,0]],[[96739,86439,0],[-4,0,0]],[[96735,86439,0],[-2,-1,0]],[[96733,86438,0],[-2,0,0]],[[96731,86438,0],[-1,0,0]],[[96730,86438,0],[-2,0,0]],[[96728,86438,0],[-3,0,0]],[[96725,86438,0],[-1,0,0]],[[96724,86438,0],[-5,-2,0]],[[96719,86436,0],[-2,0,0]],[[96717,86436,0],[-11,-2,0]],[[96706,86434,0],[-2,0,0]],[[96704,86434,0],[-5,-2,0]],[[96699,86432,0],[-1,-1,0]],[[96698,86431,0],[0,-1,0]],[[96698,86430,0],[-2,-1,0]],[[96696,86429,0],[-2,0,0]],[[96694,86429,0],[-2,-1,0]],[[96692,86428,0],[-4,-1,0]],[[96688,86427,0],[-3,0,0]],[[96685,86427,0],[-4,0,0]],[[96681,86427,0],[-5,-1,0]],[[96676,86426,0],[-2,-1,0]],[[96674,86425,0],[-11,-4,0]],[[96663,86421,0],[-1,-1,0]],[[96662,86420,0],[-1,-2,0]],[[96661,86418,0],[-1,-1,0]],[[96660,86417,0],[0,-1,0]],[[96660,86416,0],[0,-1,0]],[[96660,86415,0],[-2,0,0]],[[96658,86415,0],[-1,0,0]],[[96657,86415,0],[-1,0,0]],[[96656,86415,0],[-1,-3,0]],[[96655,86412,0],[-2,-2,0]],[[96653,86410,0],[-1,-1,0]],[[96652,86409,0],[-1,-1,0]],[[96651,86408,0],[-1,0,0]],[[96650,86408,0],[0,-1,0]],[[96650,86407,0],[-2,0,0]],[[96648,86407,0],[-3,-2,0]],[[96645,86405,0],[0,-1,0]],[[96645,86404,0],[0,-1,0]],[[96645,86403,0],[-1,0,0]],[[96644,86403,0],[-2,-1,0]],[[96642,86402,0],[-6,-5,0]],[[96636,86397,0],[-2,0,0]],[[96634,86397,0],[-2,0,0]],[[96632,86397,0],[-1,0,0]],[[96631,86397,0],[0,-1,0]],[[96631,86396,0],[-2,1,0]],[[96629,86397,0],[-2,0,0]],[[96627,86397,0],[-3,-1,0]],[[96624,86396,0],[-1,-1,0]],[[96623,86395,0],[0,-1,0]],[[96623,86394,0],[-1,-1,0]],[[96622,86393,0],[-1,0,0]],[[96621,86393,0],[-2,1,0]],[[96619,86394,0],[-1,0,0]],[[96618,86394,0],[-3,0,0]],[[96615,86394,0],[-2,0,0]],[[96613,86394,0],[-1,1,0]],[[96612,86395,0],[-3,2,0]],[[96609,86397,0],[-1,0,0]],[[96608,86397,0],[-1,-3,0]],[[96607,86394,0],[1,-1,0]],[[96608,86393,0],[0,-1,0]],[[96608,86392,0],[1,0,0]],[[96609,86392,0],[-1,-2,0]],[[96608,86390,0],[-2,-1,0]],[[96606,86389,0],[-2,0,0]],[[96604,86389,0],[-2,-1,0]],[[96602,86388,0],[-2,0,0]],[[96600,86388,0],[-3,-1,0]],[[96597,86387,0],[-1,-1,0]],[[96596,86386,0],[0,-1,0]],[[96596,86385,0],[-2,0,0]],[[96594,86385,0],[-2,-1,0]],[[96592,86384,0],[0,-1,0]],[[96592,86383,0],[-3,-2,0]],[[96589,86381,0],[0,-1,0]],[[96589,86380,0],[1,0,0]],[[96590,86380,0],[1,-1,0]],[[96591,86379,0],[0,-1,0]],[[96591,86378,0],[-1,0,0]],[[96590,86378,0],[-1,0,0]],[[96589,86378,0],[-1,0,0]],[[96588,86378,0],[-1,-1,0]],[[96587,86377,0],[-1,0,0]],[[96586,86377,0],[-2,1,0]],[[96584,86378,0],[-1,1,0]],[[96583,86379,0],[-1,0,0]],[[96582,86379,0],[-1,0,0]],[[96581,86379,0],[-10,-2,0]],[[96571,86377,0],[-1,0,0]],[[96570,86377,0],[-2,0,0]],[[96568,86377,0],[-2,0,0]],[[96566,86377,0],[-6,1,0]],[[96560,86378,0],[-1,0,0]],[[96559,86378,0],[-5,1,0]],[[96554,86379,0],[-1,0,0]],[[96553,86379,0],[-1,0,0]],[[96552,86379,0],[-1,0,0]],[[96551,86379,0],[-7,0,0]],[[96544,86379,0],[-2,-1,0]],[[96542,86378,0],[-1,0,0]],[[96541,86378,0],[-5,1,0]],[[96536,86379,0],[-1,0,0]],[[96535,86379,0],[-1,0,0]],[[96534,86379,0],[-1,0,0]],[[96533,86379,0],[-1,0,0]],[[96532,86379,0],[-1,1,0]],[[96531,86380,0],[-5,3,0]],[[96526,86383,0],[-1,0,0]],[[96525,86383,0],[-3,2,0]],[[96522,86385,0],[-1,0,0]],[[96521,86385,0],[0,1,0]],[[96521,86386,0],[-1,0,0]],[[96520,86386,0],[-1,0,0]],[[96519,86386,0],[-2,1,0]],[[96517,86387,0],[0,1,0]],[[96517,86388,0],[-6,6,0]],[[96511,86394,0],[-4,2,0]],[[96507,86396,0],[-1,1,0]],[[96506,86397,0],[-4,1,0]],[[96502,86398,0],[-1,0,0]],[[96501,86398,0],[-1,0,0]],[[96500,86398,0],[-3,1,0]],[[96497,86399,0],[-4,1,0]],[[96493,86400,0],[-2,0,0]],[[96491,86400,0],[-4,1,0]],[[96487,86401,0],[-1,0,0]],[[96486,86401,0],[-1,1,0]],[[96485,86402,0],[-1,0,0]],[[96484,86402,0],[-1,0,0]],[[96483,86402,0],[-2,2,0]],[[96481,86404,0],[-1,0,0]],[[96480,86404,0],[-2,0,0]],[[96478,86404,0],[-1,0,0]],[[96477,86404,0],[-1,0,0]],[[96476,86404,0],[-1,0,0]],[[96475,86404,0],[-2,-1,0]],[[96473,86403,0],[-2,-1,0]],[[96471,86402,0],[-1,0,0]],[[96470,86402,0],[-9,-2,0]],[[96461,86400,0],[-1,0,0]],[[96460,86400,0],[-2,0,0]],[[96458,86400,0],[-1,1,0]],[[96457,86401,0],[-1,0,0]],[[96456,86401,0],[-3,0,0]],[[96453,86401,0],[-3,0,0]],[[96450,86401,0],[-2,1,0]],[[96448,86402,0],[-1,0,0]],[[96447,86402,0],[-3,0,0]],[[96444,86402,0],[-4,-1,0]],[[96440,86401,0],[-3,0,0]],[[96437,86401,0],[-2,-1,0]],[[96435,86400,0],[-1,0,0]],[[96434,86400,0],[-3,-1,0]],[[96431,86399,0],[-1,0,0]],[[96430,86399,0],[-8,0,0]],[[96422,86399,0],[-1,0,0]],[[96421,86399,0],[-2,1,0]],[[96419,86400,0],[-2,1,0]],[[96417,86401,0],[-1,0,0]],[[96416,86401,0],[-1,0,0]],[[96415,86401,0],[-1,1,0]],[[96414,86402,0],[-1,0,0]],[[96413,86402,0],[-1,0,0]],[[96412,86402,0],[0,1,0]],[[96412,86403,0],[-1,0,0]],[[96411,86403,0],[-1,0,0]],[[96410,86403,0],[-1,1,0]],[[96409,86404,0],[-1,0,0]],[[96408,86404,0],[-1,0,0]],[[96407,86404,0],[-2,0,0]],[[96405,86404,0],[-1,0,0]],[[96404,86404,0],[-1,0,0]],[[96403,86404,0],[-1,0,0]],[[96402,86404,0],[-1,0,0]],[[96401,86404,0],[-2,1,0]],[[96399,86405,0],[-2,1,0]],[[96397,86406,0],[-1,0,0]],[[96396,86406,0],[-1,0,0]],[[96395,86406,0],[-1,0,0]],[[96394,86406,0],[-1,0,0]],[[96393,86406,0],[-2,0,0]],[[96391,86406,0],[0,1,0]],[[96391,86407,0],[-4,5,0]],[[96387,86412,0],[-1,0,0]],[[96386,86412,0],[-1,1,0]],[[96385,86413,0],[-1,0,0]],[[96384,86413,0],[-1,0,0]],[[96383,86413,0],[-1,1,0]],[[96382,86414,0],[-1,-1,0]],[[96381,86413,0],[-1,0,0]],[[96380,86413,0],[-1,-1,0]],[[96379,86412,0],[-1,0,0]],[[96378,86412,0],[-1,0,0]],[[96377,86412,0],[-2,0,0]],[[96375,86412,0],[-1,0,0]],[[96374,86412,0],[-1,-1,0]],[[96373,86411,0],[-2,0,0]],[[96371,86411,0],[-3,-1,0]],[[96368,86410,0],[-2,0,0]],[[96366,86410,0],[-1,0,0]],[[96365,86410,0],[-1,0,0]],[[96364,86410,0],[-1,0,0]],[[96363,86410,0],[-5,1,0]],[[96358,86411,0],[-1,0,0]],[[96357,86411,0],[-3,1,0]],[[96354,86412,0],[0,-1,0]],[[96354,86411,0],[-2,0,0]],[[96352,86411,0],[0,-1,0]],[[96352,86410,0],[-1,1,0]],[[96351,86411,0],[-1,0,0]],[[96350,86411,0],[-1,1,0]],[[96349,86412,0],[-1,0,0]],[[96348,86412,0],[-1,0,0]],[[96347,86412,0],[-1,0,0]],[[96346,86412,0],[-4,-1,0]],[[96342,86411,0],[-1,0,0]],[[96341,86411,0],[0,-1,0]],[[96341,86410,0],[-1,0,0]],[[96340,86410,0],[-1,0,0]],[[96339,86410,0],[-1,1,0]],[[96338,86411,0],[-2,0,0]],[[96336,86411,0],[-1,0,0]],[[96335,86411,0],[-1,0,0]],[[96334,86411,0],[-1,0,0]],[[96333,86411,0],[0,-1,0]],[[96333,86410,0],[-1,0,0]],[[96332,86410,0],[-1,0,0]],[[96331,86410,0],[-3,1,0]],[[96328,86411,0],[-1,0,0]],[[96327,86411,0],[-1,-1,0]],[[96326,86410,0],[0,-1,0]],[[96326,86409,0],[-2,-2,0]],[[96324,86407,0],[-2,1,0]],[[96322,86408,0],[-126,27,0]],[[96196,86435,0],[-161,30,190892],[-321,9,0]],[[95714,86474,0],[-68,-1,0]],[[95646,86473,0],[-76,-6,0]],[[95570,86467,0],[-46,-3,0]],[[95524,86464,0],[-25,-1,79984],[-30,55,79984],[-94,87,40425],[-57,57,0]],[[95318,86662,0],[-49,45,0]],[[95269,86707,0],[-56,54,0]],[[95213,86761,0],[-69,65,69810],[-64,44,0]],[[95080,86870,0],[-46,33,0]],[[95034,86903,0],[-19,13,0]],[[95015,86916,0],[-46,32,0]],[[94969,86948,0],[-113,78,0]],[[94856,87026,0],[-77,54,0]],[[94779,87080,0],[-28,19,0]],[[94751,87099,0],[-23,16,0]],[[94728,87115,0],[-284,175,345150],[-261,119,224211],[-58,-17,0]],[[94125,87392,0],[-35,-9,0]],[[94090,87383,0],[-51,-15,55829],[-96,-42,0]],[[93943,87326,0],[2,-11,0]],[[93945,87315,0],[19,-101,227686],[115,4,0]],[[94079,87218,0],[7,0,0]],[[94086,87218,0],[14,0,0]],[[94100,87218,0],[33,1,0]],[[94133,87219,0],[0,-7,0]],[[94133,87212,0],[1,-3,0]],[[94134,87209,0],[10,-32,0]],[[94144,87177,0],[3,-5,0]],[[94147,87172,0],[15,-37,0]],[[94162,87135,0],[0,-4,0]],[[94162,87131,0],[11,-23,0]],[[94173,87108,0],[1,-2,0]],[[94174,87106,0],[0,-19,0]],[[94174,87087,0],[0,-4,0]],[[94174,87083,0],[9,-66,0]],[[94183,87017,0],[2,-4,0]],[[94185,87013,0],[7,-13,0]],[[94192,87000,0],[0,-2,0]],[[94192,86998,0],[1,-2,0]],[[94193,86996,0],[0,-1,0]],[[94193,86995,0],[0,-2,0]],[[94193,86993,0],[-7,-15,0]],[[94186,86978,0],[0,-2,0]],[[94186,86976,0],[1,-10,0]],[[94187,86966,0],[1,-3,0]],[[94188,86963,0],[1,-2,0]],[[94189,86961,0],[1,-1,0]],[[94190,86960,0],[1,-1,0]],[[94191,86959,0],[15,-8,0]],[[94206,86951,0],[1,-1,0]],[[94207,86950,0],[1,-2,0]],[[94208,86948,0],[1,-3,0]],[[94209,86945,0],[1,-4,0]],[[94210,86941,0],[1,-6,0]],[[94211,86935,0],[0,-2,0]],[[94211,86933,0],[1,-16,0]],[[94212,86917,0],[4,-22,40805],[26,-59,0]],[[94242,86836,0],[3,-5,0]],[[94245,86831,0],[3,-3,0]],[[94248,86828,0],[37,-30,0]],[[94285,86798,0],[2,-9,0]],[[94287,86789,0],[-1,-14,0]],[[94286,86775,0],[-2,-6,0]],[[94284,86769,0],[-1,-5,0]],[[94283,86764,0],[-2,-11,0]],[[94281,86753,0],[1,-6,0]],[[94282,86747,0],[2,-6,0]],[[94284,86741,0],[29,-62,0]],[[94313,86679,0],[1,-5,0]],[[94314,86674,0],[1,-2,0]],[[94315,86672,0],[0,-11,0]],[[94315,86661,0],[-3,-24,0]],[[94312,86637,0],[-2,-7,0]],[[94310,86630,0],[-1,-3,0]],[[94309,86627,0],[-3,-5,0]],[[94306,86622,0],[-3,-4,0]],[[94303,86618,0],[-8,-6,0]],[[94295,86612,0],[-3,-3,0]],[[94292,86609,0],[-2,-3,0]],[[94290,86606,0],[2,-29,0]],[[94292,86577,0],[9,-19,0]],[[94301,86558,0],[4,-10,0]],[[94305,86548,0],[0,-5,0]],[[94305,86543,0],[0,-6,0]],[[94305,86537,0],[-1,-5,0]],[[94304,86532,0],[-16,-24,0]],[[94288,86508,0],[-2,-4,0]],[[94286,86504,0],[-1,-1,0]],[[94285,86503,0],[-2,-8,0]],[[94283,86495,0],[-1,-3,0]],[[94282,86492,0],[0,-12,0]],[[94282,86480,0],[-1,-11,0]],[[94281,86469,0],[-1,-8,0]],[[94280,86461,0],[-2,-6,0]],[[94278,86455,0],[-26,-44,0]],[[94252,86411,0],[-2,-1,0]],[[94250,86410,0],[-5,-1,0]],[[94245,86409,0],[-4,0,0]],[[94241,86409,0],[-5,1,0]],[[94236,86410,0],[-6,2,0]],[[94230,86412,0],[-6,1,0]],[[94224,86413,0],[-2,0,0]],[[94222,86413,0],[-4,-1,0]],[[94218,86412,0],[-1,0,0]],[[94217,86412,0],[-2,0,0]],[[94215,86412,0],[-2,-1,0]],[[94213,86411,0],[-30,-13,0]],[[94183,86398,0],[-7,-5,0]],[[94176,86393,0],[-1,-1,0]],[[94175,86392,0],[-24,-34,0]],[[94151,86358,0],[-1,0,0]],[[94150,86358,0],[-3,-2,0]],[[94147,86356,0],[-3,-2,0]],[[94144,86354,0],[-8,-3,0]],[[94136,86351,0],[-8,-2,0]],[[94128,86349,0],[-16,-7,34279],[-22,-26,0]],[[94090,86316,0],[-4,-8,0]],[[94086,86308,0],[-12,-26,0]],[[94074,86282,0],[-3,-9,0]],[[94071,86273,0],[-2,-6,0]],[[94069,86267,0],[-2,-8,0]],[[94067,86259,0],[-7,-54,0]],[[94060,86205,0],[-1,-30,0]],[[94059,86175,0],[-2,-5,0]],[[94057,86170,0],[1,-64,0]],[[94058,86106,0],[1,-7,0]],[[94059,86099,0],[1,-4,0]],[[94060,86095,0],[3,-17,0]],[[94063,86078,0],[-12,-27,0]],[[94051,86051,0],[-1,-3,0]],[[94050,86048,0],[-8,-26,0]],[[94042,86022,0],[-2,-4,0]],[[94040,86018,0],[1,-20,0]],[[94041,85998,0],[2,-8,0]],[[94043,85990,0],[4,-9,0]],[[94047,85981,0],[6,-10,0]],[[94053,85971,0],[6,-26,43334],[-12,-17,0]],[[94047,85928,0],[-5,-5,0]],[[94042,85923,0],[-82,-55,49893],[-34,-29,0]],[[93926,85839,0],[-13,-14,0]],[[93913,85825,0],[-17,-22,0]],[[93896,85803,0],[-5,-12,0]],[[93891,85791,0],[-2,-3,0]],[[93889,85788,0],[-14,-15,0]],[[93875,85773,0],[-49,-74,0]],[[93826,85699,0],[-12,-22,0]],[[93814,85677,0],[-21,-30,0]],[[93793,85647,0],[-5,-6,0]],[[93788,85641,0],[-9,-9,0]],[[93779,85632,0],[-20,-19,0]],[[93759,85613,0],[-4,-3,0]],[[93755,85610,0],[-7,-7,0]],[[93748,85603,0],[-5,-3,0]],[[93743,85600,0],[-11,-9,0]],[[93732,85591,0],[-23,-17,0]],[[93709,85574,0],[-14,-9,0]],[[93695,85565,0],[-11,-7,0]],[[93684,85558,0],[-8,-4,0]],[[93676,85554,0],[-14,-7,0]],[[93662,85547,0],[-31,-15,0]],[[93631,85532,0],[-89,-41,0]],[[93542,85491,0],[-6,-4,0]],[[93536,85487,0],[-5,-3,0]],[[93531,85484,0],[-9,-5,0]],[[93522,85479,0],[-6,-3,0]],[[93516,85476,0],[-2,-1,0]],[[93514,85475,0],[-4,-1,0]],[[93510,85474,0],[-2,0,0]],[[93508,85474,0],[-6,0,0]],[[93502,85474,0],[-7,0,0]],[[93495,85474,0],[-4,1,0]],[[93491,85475,0],[-6,3,0]],[[93485,85478,0],[-5,1,0]],[[93480,85479,0],[-2,0,0]],[[93478,85479,0],[-8,-1,0]],[[93470,85478,0],[-1,0,0]],[[93469,85478,0],[-6,-3,0]],[[93463,85475,0],[-1,-1,0]],[[93462,85474,0],[-1,-1,0]],[[93461,85473,0],[-1,-1,0]],[[93460,85472,0],[-9,-3,0]],[[93451,85469,0],[-1,0,0]],[[93450,85469,0],[-1,0,0]],[[93449,85469,0],[-2,0,0]],[[93447,85469,0],[-6,0,0]],[[93441,85469,0],[-15,3,0]],[[93426,85472,0],[-7,2,0]],[[93419,85474,0],[-6,2,0]],[[93413,85476,0],[-2,0,0]],[[93411,85476,0],[-16,11,0]],[[93395,85487,0],[0,2,0]],[[93395,85489,0],[-1,3,0]],[[93394,85492,0],[0,1,0]],[[93394,85493,0],[-1,1,0]],[[93393,85494,0],[-6,8,0]],[[93387,85502,0],[-1,2,0]],[[93386,85504,0],[-1,3,0]],[[93385,85507,0],[0,2,0]],[[93385,85509,0],[0,1,0]],[[93385,85510,0],[1,3,0]],[[93386,85513,0],[3,4,0]],[[93389,85517,0],[0,1,0]],[[93389,85518,0],[0,1,0]],[[93389,85519,0],[1,2,0]],[[93390,85521,0],[0,2,0]],[[93390,85523,0],[-9,14,0]],[[93381,85537,0],[-3,2,0]],[[93378,85539,0],[-2,1,0]],[[93376,85540,0],[-20,11,0]],[[93356,85551,0],[-6,3,0]],[[93350,85554,0],[-4,3,0]],[[93346,85557,0],[-3,2,0]],[[93343,85559,0],[-2,1,0]],[[93341,85560,0],[-16,10,0]],[[93325,85570,0],[-1,0,0]],[[93324,85570,0],[-2,0,0]],[[93322,85570,0],[-3,0,0]],[[93319,85570,0],[-2,0,0]],[[93317,85570,0],[-24,-6,0]],[[93293,85564,0],[-3,-1,0]],[[93290,85563,0],[-4,0,0]],[[93286,85563,0],[-2,0,0]],[[93284,85563,0],[-5,1,0]],[[93279,85564,0],[-2,0,0]],[[93277,85564,0],[-2,0,0]],[[93275,85564,0],[-1,1,0]],[[93274,85565,0],[-9,4,0]],[[93265,85569,0],[-3,2,0]],[[93262,85571,0],[-13,7,0]],[[93249,85578,0],[-8,4,0]],[[93241,85582,0],[-7,3,0]],[[93234,85585,0],[-4,1,0]],[[93230,85586,0],[-5,2,0]],[[93225,85588,0],[-28,13,0]],[[93197,85601,0],[-5,1,0]],[[93192,85602,0],[-7,3,0]],[[93185,85605,0],[-5,1,0]],[[93180,85606,0],[-7,1,0]],[[93173,85607,0],[-6,1,0]],[[93167,85608,0],[-9,1,0]],[[93158,85609,0],[-28,-1,0]],[[93130,85608,0],[-4,0,0]],[[93126,85608,0],[-41,-14,0]],[[93085,85594,0],[-4,-2,0]],[[93081,85592,0],[-37,-33,0]],[[93044,85559,0],[-9,-6,0]],[[93035,85553,0],[-32,-20,35893],[-30,-10,0]],[[92973,85523,0],[-4,-1,0]],[[92969,85522,0],[-1,-1,0]],[[92968,85521,0],[-4,-2,0]],[[92964,85519,0],[-37,-27,0]],[[92927,85492,0],[-14,-6,0]],[[92913,85486,0],[-14,-13,0]],[[92899,85473,0],[1,-2,0]],[[92900,85471,0],[1,-9,0]],[[92901,85462,0],[-29,-43,0]],[[92872,85419,0],[-30,0,0]],[[92842,85419,0],[-35,-30,85271],[-52,-2,35515],[-12,-6,0]],[[92743,85381,0],[-7,-4,0]],[[92736,85377,0],[-5,-5,0]],[[92731,85372,0],[-26,-6,0]],[[92705,85366,0],[-7,0,0]],[[92698,85366,0],[-19,1,0]],[[92679,85367,0],[-7,-1,0]],[[92672,85366,0],[-3,0,0]],[[92669,85366,0],[-7,-1,0]],[[92662,85365,0],[-31,-18,0]],[[92631,85347,0],[1,-1,0]],[[92632,85346,0],[-2,-6,0]],[[92630,85340,0],[-3,-3,0]],[[92627,85337,0],[-3,-3,0]],[[92624,85334,0],[-7,-3,0]],[[92617,85331,0],[-2,-2,0]],[[92615,85329,0],[-11,-12,0]],[[92604,85317,0],[-2,-2,0]],[[92602,85315,0],[-3,-6,0]],[[92599,85309,0],[-1,-2,0]],[[92598,85307,0],[-1,-13,0]],[[92597,85294,0],[-16,-32,0]],[[92581,85262,0],[-27,-22,0]],[[92554,85240,0],[-15,-40,0]],[[92539,85200,0],[2,-6,0]],[[92541,85194,0],[1,-11,0]],[[92542,85183,0],[-1,-5,0]],[[92541,85178,0],[-25,-28,0]],[[92516,85150,0],[-25,-19,0]],[[92491,85131,0],[-70,-48,64931],[-74,-37,103457],[-43,-42,0]],[[92304,85004,0],[-9,-15,0]],[[92295,84989,0],[-43,-36,50469],[-65,-40,0]],[[92187,84913,0],[-4,-3,0]],[[92183,84910,0],[-89,-75,51484],[-19,-8,0]],[[92075,84827,0],[-9,-3,0]],[[92066,84824,0],[-6,-2,0]],[[92060,84822,0],[-11,-1,0]],[[92049,84821,0],[-43,-4,65221],[-39,6,40878],[-18,12,0]],[[91949,84835,0],[-10,12,0]],[[91939,84847,0],[-10,20,34010],[-4,33,0]],[[91925,84900,0],[0,5,0]],[[91925,84905,0],[-4,5,0]],[[91921,84910,0],[-3,2,0]],[[91918,84912,0],[-12,0,0]],[[91906,84912,0],[-5,-3,0]],[[91901,84909,0],[-13,-8,0]],[[91888,84901,0],[-4,-3,0]],[[91884,84898,0],[-7,-1,0]],[[91877,84897,0],[-2,0,0]],[[91875,84897,0],[-3,1,0]],[[91872,84898,0],[-1,0,0]],[[91871,84898,0],[-4,2,0]],[[91867,84900,0],[-8,7,0]],[[91859,84907,0],[-4,2,0]],[[91855,84909,0],[-3,1,0]],[[91852,84910,0],[-36,-31,0]],[[91816,84879,0],[-35,-17,0]],[[91781,84862,0],[-36,-1,0]],[[91745,84861,0],[-9,-1,0]],[[91736,84860,0],[-20,-1,0]],[[91716,84859,0],[-8,0,0]],[[91708,84859,0],[-3,0,0]],[[91705,84859,0],[-5,-1,0]],[[91700,84858,0],[-10,-3,0]],[[91690,84855,0],[-3,-1,0]],[[91687,84854,0],[-5,-2,0]],[[91682,84852,0],[-9,-1,0]],[[91673,84851,0],[-39,5,44431],[-58,-5,0]],[[91576,84851,0],[-13,-3,0]],[[91563,84848,0],[-5,-2,0]],[[91558,84846,0],[-23,-10,0]],[[91535,84836,0],[-8,-2,0]],[[91527,84834,0],[-8,-1,0]],[[91519,84833,0],[-25,10,0]],[[91494,84843,0],[-1,3,0]],[[91493,84846,0],[-6,6,0]],[[91487,84852,0],[-14,4,0]],[[91473,84856,0],[-11,13,0]],[[91462,84869,0],[-1,1,0]],[[91461,84870,0],[-4,2,0]],[[91457,84872,0],[-2,0,0]],[[91455,84872,0],[-26,-14,0]],[[91429,84858,0],[-6,-2,0]],[[91423,84856,0],[-8,-2,0]],[[91415,84854,0],[-1,-1,0]],[[91414,84853,0],[-11,-16,0]],[[91403,84837,0],[-3,-2,0]],[[91400,84835,0],[-30,-14,0]],[[91370,84821,0],[-3,0,0]],[[91367,84821,0],[-6,-1,0]],[[91361,84820,0],[-2,-1,0]],[[91359,84819,0],[-22,-25,0]],[[91337,84794,0],[-5,-1,0]],[[91332,84793,0],[-11,-2,0]],[[91321,84791,0],[-62,-33,55325],[-25,-2,77224],[-40,-31,0]],[[91194,84725,0],[-9,-8,0]],[[91185,84717,0],[-35,-12,0]],[[91150,84705,0],[-25,-4,0]],[[91125,84701,0],[-13,-4,0]],[[91112,84697,0],[-13,-4,0]],[[91099,84693,0],[-34,-21,54021],[-13,-26,0]],[[91052,84646,0],[-2,-10,0]],[[91050,84636,0],[-1,-17,0]],[[91049,84619,0],[-9,-64,0]],[[91040,84555,0],[-2,-4,0]],[[91038,84551,0],[-9,-10,0]],[[91029,84541,0],[-3,-6,0]],[[91026,84535,0],[-3,-8,0]],[[91023,84527,0],[-6,-45,51329],[6,-52,0]],[[91023,84430,0],[1,-6,0]],[[91024,84424,0],[-2,-21,0]],[[91022,84403,0],[0,-5,0]],[[91022,84398,0],[-1,-30,0]],[[91021,84368,0],[6,-44,60400],[20,-19,0]],[[91047,84305,0],[4,-2,0]],[[91051,84303,0],[3,-2,0]],[[91054,84301,0],[13,-3,0]],[[91067,84298,0],[3,0,0]],[[91070,84298,0],[7,-2,0]],[[91077,84296,0],[2,0,0]],[[91079,84296,0],[43,-23,79057],[25,-26,40111],[9,-24,125459],[-5,-39,0]],[[91151,84184,0],[-2,-2,0]],[[91149,84182,0],[-15,-15,47366],[-24,-58,0]],[[91110,84109,0],[-1,-4,0]],[[91109,84105,0],[-1,-12,0]],[[91108,84093,0],[-1,-8,0]],[[91107,84085,0],[1,-6,0]],[[91108,84079,0],[1,-6,0]],[[91109,84073,0],[7,-21,0]],[[91116,84052,0],[4,-4,0]],[[91120,84048,0],[2,-2,0]],[[91122,84046,0],[2,-3,0]],[[91124,84043,0],[2,-2,0]],[[91126,84041,0],[0,-3,0]],[[91126,84038,0],[-6,-7,0]],[[91120,84031,0],[-4,-2,0]],[[91116,84029,0],[-14,-5,0]],[[91102,84024,0],[-4,-2,0]],[[91098,84022,0],[-6,-4,0]],[[91092,84018,0],[-4,-2,0]],[[91088,84016,0],[-4,-3,0]],[[91084,84013,0],[-2,-1,0]],[[91082,84012,0],[-1,-1,0]],[[91081,84011,0],[-3,-10,0]],[[91078,84001,0],[0,-4,0]],[[91078,83997,0],[14,-53,67314],[-14,-19,0]],[[91078,83925,0],[0,-2,0]],[[91078,83923,0],[-1,-8,0]],[[91077,83915,0],[1,-5,0]],[[91078,83910,0],[5,-24,0]],[[91083,83886,0],[2,-8,0]],[[91085,83878,0],[1,-14,0]],[[91086,83864,0],[-2,-7,0]],[[91084,83857,0],[-14,-52,0]],[[91070,83805,0],[-1,-1,0]],[[91069,83804,0],[-1,-3,0]],[[91068,83801,0],[0,-2,0]],[[91068,83799,0],[-8,-10,0]],[[91060,83789,0],[-1,-1,0]],[[91059,83788,0],[-4,-1,0]],[[91055,83787,0],[-4,0,0]],[[91051,83787,0],[-5,-2,0]],[[91046,83785,0],[-1,0,0]],[[91045,83785,0],[-2,-1,0]],[[91043,83784,0],[0,-1,0]],[[91043,83783,0],[-1,-1,0]],[[91042,83782,0],[0,-1,0]],[[91042,83781,0],[1,-8,0]],[[91043,83773,0],[0,-5,0]],[[91043,83768,0],[2,-6,0]],[[91045,83762,0],[10,-18,0]],[[91055,83744,0],[0,-2,0]],[[91055,83742,0],[1,-1,0]],[[91056,83741,0],[0,-3,0]],[[91056,83738,0],[-1,-1,0]],[[91055,83737,0],[-6,-2,0]],[[91049,83735,0],[-10,-4,0]],[[91039,83731,0],[-39,-18,0]],[[91000,83713,0],[-1,-1,0]],[[90999,83712,0],[-2,-1,0]],[[90997,83711,0],[-2,-2,0]],[[90995,83709,0],[-5,-4,0]],[[90990,83705,0],[-2,-2,0]],[[90988,83703,0],[-56,-14,47101],[-12,-12,0]],[[90920,83677,0],[1,-3,0]],[[90921,83674,0],[27,-33,0]],[[90948,83641,0],[2,-3,0]],[[90950,83638,0],[2,-3,0]],[[90952,83635,0],[0,-8,0]],[[90952,83627,0],[-2,-4,0]],[[90950,83623,0],[-9,-8,0]],[[90941,83615,0],[-4,-3,0]],[[90937,83612,0],[-3,-4,0]],[[90934,83608,0],[-24,-44,0]],[[90910,83564,0],[-2,-6,0]],[[90908,83558,0],[-23,-49,0]],[[90885,83509,0],[0,-4,0]],[[90885,83505,0],[11,-29,0]],[[90896,83476,0],[6,-16,0]],[[90902,83460,0],[2,-11,0]],[[90904,83449,0],[-1,-5,0]],[[90903,83444,0],[-4,-12,0]],[[90899,83432,0],[-2,-4,0]],[[90897,83428,0],[-37,-20,47228],[-2,-14,0]],[[90858,83394,0],[-2,-4,0]],[[90856,83390,0],[1,-4,0]],[[90857,83386,0],[7,-4,0]],[[90864,83382,0],[5,-2,0]],[[90869,83380,0],[27,-54,523781],[-298,-337,239599],[-63,-29,239599],[-173,-173,158059],[-136,-179,158059],[-55,-32,792100],[-78,105,0]],[[90093,82681,0],[-69,42,0]],[[90024,82723,0],[-258,155,155338],[-270,181,585961],[-178,253,0]],[[89318,83312,0],[72,360,0]],[[89390,83672,0],[18,86,170832],[4,385,1555577],[359,323,167662],[459,418,67441],[362,331,0]],[[90592,85215,0],[222,200,292103],[170,238,0]],[[90984,85653,0],[253,354,1409104],[-170,337,40330],[-125,244,60373],[-221,435,0]],[[90721,87023,0],[-84,163,0]],[[90637,87186,0],[-88,275,0]],[[90549,87461,0],[-44,139,224988],[-91,29,0]],[[90414,87629,0],[-693,223,337078],[-825,300,0]],[[7916,5229,0],[-21,-4,80955],[-40,40,80955],[-30,3,291586],[-12,-38,136203],[23,-75,42350],[14,-18,42350],[-1,-18,291586],[-27,-38,73391],[-25,-6,40789],[-10,-13,122533],[8,-39,114683],[-19,-16,34420],[-25,-14,421924],[-48,9,64147],[-44,20,1383026],[-32,-64,147624],[-65,-29,272607],[15,-23,50966],[41,-38,272607],[-14,-44,52450],[-32,-75,130637],[-31,-34,51566],[-13,-26,426557],[-48,-8,91462],[-34,8,35539],[-18,9,426557],[-6,-19,50260],[14,-17,82804],[-24,-20,133083],[5,-11,40608],[-7,-31,40608],[5,-7,36183],[-4,-34,66448],[8,-34,66448],[-11,-35,89192],[-20,-1,89192],[2,-25,36195],[9,-32,634534],[-26,5,82284],[-26,-34,82284],[-29,-8,33301],[-2,-6,33301],[-44,-17,634534],[-239,-417,87981],[-491,-858,42230],[-95,-166,0]],[[5175,4209,0],[969,905,37098],[64,59,807893],[123,89,93391],[29,10,531696],[8,77,66850],[17,89,213026],[26,51,44198],[25,60,92403],[23,14,86575],[-13,24,48596],[5,20,708780],[45,19,83098],[44,-4,177557],[32,18,73373],[3,26,147898],[38,1,88921],[28,17,36227],[34,14,0]],[[6675,5698,0],[6,-5,39568],[85,-34,75496],[52,-14,44097],[38,-16,104681],[10,-17,104681],[88,-22,62052],[24,-12,1090800],[4,-24,44432],[14,-11,189661],[52,34,85786],[13,29,122019],[27,-4,62346],[23,19,341189],[1,21,33786],[9,21,33786],[5,36,77181],[-8,30,34797],[1,17,77181],[18,13,382412],[54,-7,43591],[17,4,148348],[34,28,77606],[49,14,483000],[21,46,72698],[-3,30,189946],[13,12,52670],[71,39,180379],[3,8,33445],[-14,24,89001],[24,33,1090800],[62,27,91978],[57,18,51884],[38,4,217208],[83,34,60304],[52,28,134957],[39,38,488503],[159,12,112784],[41,-6,51755],[11,4,34258],[37,-2,175269],[31,10,34295],[14,-2,34295],[7,11,1013841],[-5,28,67041],[13,54,47386],[-3,16,140243],[37,117,737069],[53,0,84332],[100,18,135089],[91,29,349550],[6,-15,41997],[23,-17,236211],[36,50,69626],[19,5,69626],[50,60,64891],[29,23,0]],[[8613,6447,0],[3,-4,0]],[[8708,6245,0],[-50,-44,68052],[-36,-42,55723],[-57,-53,344618],[-28,-5,88029],[-75,29,436215],[-7,-14,65526],[-60,-54,41217],[-17,-20,150270],[-14,-28,40142],[-21,-29,53900],[-12,-31,842407],[-40,11,53907],[-34,19,158324],[-53,-3,61525],[-48,10,56250],[-26,-4,459342],[-54,-21,36111],[-47,-21,65724],[-31,-6,123199],[-65,-32,47884],[-40,-25,47884],[-27,-9,1942178],[17,-48,66048],[22,-24,225922],[-9,-33,65247],[-24,-22,50539],[-10,-25,120911],[5,-41,296614],[40,-27,75618],[-2,-18,62298],[30,-21,461002],[8,-56,91312],[4,-69,33591],[0,-32,50792],[-6,-22,50792],[5,-48,242970],[-9,-24,51764],[-5,-54,51764],[-16,-57,49320],[0,-23,0]],[[5627,10642,0],[172,140,617324],[271,555,1452507],[488,40,0]],[[6558,11377,0],[652,21,0]],[[7210,11398,0],[25,-114,252987],[133,-221,310894],[17,-130,1498892],[-647,-227,1556215],[14,-48,189118],[151,-131,423953],[-71,-83,376716],[0,-20,78141],[47,-17,117019],[85,-112,769130],[-109,-196,0]],[[6855,10099,0],[-151,-105,326779],[-368,-365,576881],[-206,-80,525458],[26,-104,176616],[-22,-97,1739369],[283,-339,0]],[[6417,9009,0],[-86,-131,309156],[-118,-14,336418],[-98,-153,840902],[-78,-448,840902],[-32,-2,132499],[-82,35,73388],[-7,-7,80358],[-104,45,0]],[[5812,8334,0],[2,79,168180],[-13,19,34123],[-39,48,347852],[75,141,995694],[-30,-2,80564],[-20,31,200729],[-24,-33,89270],[-65,-36,252201],[-65,-6,142963],[-49,42,675119],[-9,54,110098],[-42,41,110098],[-17,73,83056],[-22,31,400905],[-48,7,119840],[-39,35,92239],[-66,27,0]],[[5341,8885,0],[93,62,359128],[58,-14,49059],[20,1,68228],[6,11,35844],[23,9,68228],[8,-19,144640],[16,-5,34158],[54,-30,203042],[26,15,70547],[49,0,829270],[-1,31,53744],[-15,40,119144],[-34,34,44371],[-7,16,415946],[18,39,108145],[68,48,163400],[44,91,1514029],[-209,96,519636],[-290,329,0]],[[5268,9639,0],[-168,410,0]],[[5100,10049,0],[141,278,642716],[386,315,0]],[[4668,12669,0],[1,1,0]],[[4733,12654,0],[-16,-7,81905],[-16,-73,90921],[-39,-60,142622],[-11,-65,299682],[-33,-2,41798],[-38,-9,527225],[-24,-47,45556],[-7,-27,128156],[-4,-65,39764],[-6,-40,258404],[6,-32,38650],[10,-18,71545],[-4,-35,71545],[18,-29,0]],[[4569,12145,0],[-15,-25,34908],[-10,-28,103301],[8,-47,335607],[-30,-29,77180],[15,-19,77180],[-23,-16,55824],[-20,7,77180],[-48,-35,172873],[-53,-26,57408],[-35,-8,880111],[-77,120,195644],[-75,74,77317],[-33,21,154660],[-58,85,880111],[-75,14,267297],[-260,-96,437896],[-38,57,114505],[-54,30,437896],[-205,-125,2370930],[-397,250,1002600],[-1346,454,0]],[[6239,7485,0],[-34,24,59423],[-44,47,229969],[-32,-8,46292],[-6,9,72153],[-23,-10,35201],[-39,-9,229969],[4,80,281582],[-38,13,63953],[-14,21,142083],[-53,-23,0]],[[5960,7629,0],[-27,9,58472],[-23,26,201427],[-25,-2,38255],[-21,-10,71184],[-15,-18,39152],[-17,-7,147798],[-12,13,43462],[0,24,147798],[-26,-6,82083],[-17,15,44988],[-31,11,87142],[-32,-7,454511],[-15,50,132921],[-54,4,150665],[-21,20,76336],[-22,63,264371],[-59,11,66816],[-12,-9,63709],[-31,29,0]],[[5500,7845,0],[11,17,45976],[10,47,124573],[47,42,95199],[3,20,37795],[15,25,294095],[7,-7,37889],[15,16,37889],[43,24,94725],[19,29,80712],[53,29,472271],[-7,55,55200],[2,56,183672],[7,5,41036],[28,-10,34042],[11,2,183672],[19,46,52374],[5,35,90545],[23,4,90545],[1,54,0]],[[6417,9009,0],[391,-215,796666],[371,-449,2754140],[87,203,78695],[20,36,181584],[-6,53,181584],[83,93,833357],[276,232,143080],[170,130,1290639],[-57,44,135934],[-15,29,44443],[-11,40,294668],[-10,141,53618],[-15,15,53618],[13,16,0]],[[7714,9377,0],[23,30,38985],[13,29,38985],[13,11,207877],[8,-17,52167],[20,9,52167],[52,-11,207877],[38,29,70854],[36,9,158403],[-3,33,50258],[9,20,199037],[74,9,485318],[33,76,144435],[-16,59,1115684],[110,49,113564],[75,9,113564],[35,29,291866],[43,7,50755],[51,17,139304],[26,-3,60137],[45,-27,139304],[16,7,35329],[19,20,469610],[28,-25,76134],[10,-39,399057],[34,10,50514],[36,-2,78332],[68,22,158118],[39,36,226743],[13,-4,52065],[84,6,77681],[55,10,1509733],[61,32,51230],[29,9,183267],[2,30,81515],[36,44,413408],[-5,26,68013],[13,78,132325],[35,136,711181],[58,-12,183336],[43,41,61987],[14,26,112179],[32,4,365762],[12,17,52765],[6,29,35584],[13,33,144429],[-18,49,63427],[5,17,413262],[55,18,84165],[5,21,95575],[29,25,40176],[33,35,60032],[32,23,274536],[32,-48,1484527],[188,-19,147209],[42,-24,103374],[77,-6,638187],[167,32,321563],[73,37,152078],[68,83,0]],[[9316,9000,0],[-161,34,403224],[-102,-29,118869],[-90,-41,64271],[-75,-26,1164964],[-28,-203,698790],[-47,-42,65416],[-61,-64,34657],[-39,-38,130138],[-4,-22,329520],[-212,-144,68536],[-13,-7,40026],[1,-16,68536],[-34,-7,1164964],[-26,-43,188457],[-129,-5,188457],[-39,-34,97227],[-89,-39,332171],[-125,-23,107921],[-60,3,740156],[2,-31,65864],[-19,-31,94075],[-20,5,166993],[-119,-68,159911],[-22,-21,55658],[-13,-31,277605],[-142,-15,277605],[22,-49,66862],[-1,-30,2099058],[-161,-19,468990],[-188,184,1652194],[-50,-33,70207],[-37,-9,209973],[-66,-108,336544],[-76,37,498529],[-16,-12,45753],[-60,-29,174116],[-34,-33,49881],[-18,-28,49881],[-52,-54,268957],[-14,-9,37780],[0,-16,37780],[-14,-23,44476],[-7,-32,42563],[-10,-6,121184],[7,-18,37538],[4,-39,121184],[-34,-24,268957],[-3,29,73007],[-32,46,268957],[-26,-6,41804],[-6,-11,35155],[-19,-3,150829],[-25,-31,35388],[-21,-17,73858],[-15,-41,73858],[-24,-13,793841],[-62,-9,35898],[-23,-6,35898],[-32,-1,303588],[-53,-21,98747],[-40,-43,98747],[-22,-16,45194],[-49,-21,81203],[-53,-42,255276],[-24,1,77599],[-57,-37,115410],[-20,15,0]],[[7916,5229,0],[17,9,62907],[24,-15,37198],[15,-1,107594],[-3,-30,112274],[20,-22,41844],[13,-2,45288],[34,-34,99130],[26,-6,78074],[-4,-34,549281],[-41,-17,109862],[-5,-21,34957],[-15,-30,292532],[-2,-64,78307],[10,-86,50483],[1,-48,1306373],[11,5,39911],[76,14,104284],[101,4,587634],[129,122,233652],[15,-9,139300],[21,30,64332],[-3,24,79719],[29,41,35963],[16,30,72516],[6,27,448198],[41,15,46209],[113,36,2279735],[15,-27,54278],[23,6,54278],[2,-11,35426],[-15,-11,54278],[56,-104,286161],[63,-179,42592],[15,-48,101537],[79,-210,1316392],[-47,-41,77771],[-18,-8,35424],[-30,-24,39226],[-22,-11,306235],[11,-11,57569],[-13,-31,83904],[23,-61,306235],[-19,-33,41656],[-15,-12,161087],[3,-33,86641],[-30,-40,86641],[-8,-39,44983],[-23,-67,40882],[-2,-17,500148],[11,-54,46420],[8,-63,149108],[-20,-53,57657],[3,-18,0]],[[9110,5889,0],[3,-5,0]],[[9064,7141,0],[3,-3,0]],[[9087,7122,0],[3,-4,0]],[[6675,5698,0],[-17,39,54155],[-9,44,170978],[-27,-22,45574],[-18,-3,170978],[-7,22,84297],[-57,32,84297],[-13,-3,52831],[-14,29,52831],[-59,49,889486],[-2,25,112455],[15,27,43566],[16,9,49729],[12,27,67912],[27,23,201311],[-14,21,51810],[-8,42,201311],[23,50,123897],[34,0,57737],[18,15,504286],[-2,24,37673],[-12,27,94389],[6,41,38867],[7,9,210230],[-12,33,82894],[-34,5,82894],[-26,19,55758],[-5,20,210230],[15,25,40824],[15,7,40824],[5,19,0]],[[6532,6353,0],[13,12,137093],[-16,64,58302],[-17,36,59334],[0,29,59334],[-17,38,257114],[-75,98,746270],[29,26,88502],[33,16,43972],[13,-2,67410],[50,30,171745],[-3,13,58410],[30,43,99228],[15,5,42676],[26,25,171745],[46,-6,0]],[[6659,6780,0],[29,-39,92119],[32,-21,38569],[6,-13,38569],[20,-3,404402],[156,40,78028],[87,28,1365793],[-11,4,53735],[-25,47,74885],[-12,40,327177],[28,48,43532],[17,20,115517],[-6,15,36604],[9,11,56691],[17,-14,56691],[46,43,327177],[10,23,62557],[-6,47,84708],[6,33,33291],[16,62,57651],[1,32,267439],[14,15,34442],[48,42,911055],[254,-54,866648],[53,123,44376],[30,75,60409],[10,47,58409],[16,21,262972],[-2,41,88171],[24,109,2835056],[29,-28,53490],[7,-21,164254],[29,0,79172],[31,32,164254],[22,-12,40925],[19,-22,40925],[8,3,40925],[32,-18,268718],[90,-107,268718],[82,17,172857],[43,-46,746481],[-1,-33,58812],[-16,-36,155203],[14,-55,54122],[16,-33,199027],[-34,-45,1703571],[14,-14,45842],[31,-8,45842],[77,-32,333980],[105,25,113168],[21,19,36672],[24,13,61866],[24,3,350350],[4,-36,159394],[70,0,105189],[38,-24,933530],[103,61,94330],[49,16,243133],[5,21,44744],[22,30,135229],[40,32,35237],[45,31,395667],[36,10,50850],[50,23,115070],[39,-8,135517],[89,41,0]],[[4104,5824,0],[-56,109,0]],[[3887,6345,0],[763,284,75803],[543,201,576402],[126,39,41204],[24,0,41204],[14,12,183857],[19,-32,183857],[35,48,101142],[66,48,312303],[24,-43,103462],[29,13,0]],[[5530,6915,0],[46,-50,40996],[5,-28,38632],[6,11,177076],[24,-12,41131],[2,9,51294],[37,11,177076],[7,-10,36012],[38,-24,51756],[11,6,51756],[13,-28,51756],[21,-12,175841],[24,7,50672],[15,-11,56446],[21,10,344069],[32,-49,49149],[18,-14,49149],[22,-36,207495],[5,20,42717],[-6,30,68190],[-16,14,68190],[14,29,207495],[29,-1,44936],[19,10,70305],[39,-9,1129736],[38,-112,100188],[4,-23,38717],[-10,-2,100188],[28,-49,43684],[14,-33,100188],[27,-93,420801],[107,-36,103684],[24,-23,69493],[33,3,66940],[15,-19,420801],[-7,-23,34081],[5,-10,34081],[-4,-43,98961],[-16,-32,36421],[-8,-27,1348373],[87,28,41206],[85,24,85659],[34,14,35899],[31,7,37110],[72,27,194520],[17,-13,0]],[[5960,7629,0],[6,-66,279062],[-55,-38,58043],[-21,-5,89114],[-17,-13,33979],[-16,-21,119046],[-34,-9,41840],[-24,-13,376397],[-12,-27,74191],[-6,-33,37103],[-19,-66,58661],[-15,-33,45399],[-6,-33,641955],[-19,-33,50467],[-22,-18,174634],[-34,12,95588],[-61,-20,189000],[6,-27,100499],[-16,-24,53034],[-30,-19,189000],[-20,2,38103],[-19,12,109975],[-20,-2,43340],[5,-14,43340],[-32,-14,923415],[14,-25,79650],[-15,-41,194708],[48,-37,69137],[9,-19,46431],[27,-24,260125],[-3,-55,102159],[-29,-11,0]],[[3557,7509,0],[1346,363,76567],[278,74,1417737],[106,-74,65853],[79,-48,233965],[14,-31,59286],[40,-49,518155],[2,10,48301],[31,-20,81413],[3,29,118820],[25,58,58994],[19,24,0]],[[6239,7485,0],[-11,-12,79624],[6,-20,38296],[9,3,42964],[17,-37,79624],[15,-5,44654],[-11,-16,44654],[18,-29,42474],[-4,-10,263648],[-33,5,46632],[-14,-8,139064],[-47,-64,233081],[113,8,50257],[17,-2,233081],[33,-38,144255],[-1,-47,104273],[14,-20,49899],[19,-2,104273],[16,-46,68077],[27,-20,58837],[1,-20,95507],[32,-17,95507],[5,-46,516304],[-34,-46,132505],[7,-12,57443],[41,-1,165140],[-22,-48,35136],[-26,-48,516304],[-9,-24,42755],[12,0,53056],[22,-28,91917],[38,-27,278024],[28,-1,35413],[23,6,52106],[38,-4,52106],[73,3,184936],[8,-32,0]],[[3325,8516,0],[1359,330,837666],[222,130,0]],[[4906,8976,0],[435,-91,0]],[[4906,8976,0],[205,543,630903],[157,120,0]],[[6855,10099,0],[99,-71,550692],[204,92,153948],[46,-25,153948],[27,64,419172],[89,-9,95838],[105,5,1743540],[0,-32,50343],[-13,-43,121315],[24,-36,121315],[22,-89,50564],[3,-30,67868],[18,-26,67868],[-11,-22,565698],[-65,-14,125331],[-48,-47,214818],[55,-30,194749],[-93,-52,1169029],[16,-25,43728],[17,-43,79478],[14,-1,79478],[36,-67,55551],[30,-44,405071],[38,30,41086],[31,18,116361],[40,-2,415579],[19,-8,39897],[7,-16,39897],[25,-22,33864],[15,-21,94819],[22,-2,57544],[26,-26,242339],[-3,-20,37768],[6,-19,115364],[39,-53,50776],[19,-36,0]],[[7210,11398,0],[280,-14,365568],[246,60,716840],[31,-48,33519],[28,-36,55587],[17,-6,55587],[11,-31,369922],[15,7,53841],[10,33,54056],[20,15,129828],[18,-36,153955],[34,4,53249],[11,-11,53249],[40,-6,42744],[26,-10,1628885],[48,23,103967],[28,49,280612],[-7,35,64255],[9,48,76773],[-13,26,63509],[3,40,389309],[21,24,58747],[35,14,109270],[4,35,143029],[29,15,35135],[9,12,49650],[42,19,315206],[-3,39,120616],[14,18,35715],[15,5,76550],[-11,21,76550],[30,63,2158128],[35,23,76436],[49,6,246880],[-1,-28,80479],[12,-16,41973],[23,-55,457542],[41,11,39771],[3,7,55542],[73,19,78161],[18,-6,58408],[37,16,259939],[-6,40,37334],[0,31,192704],[14,6,47221],[64,1,870015],[11,-25,78723],[40,-4,78723],[42,-35,283062],[76,-9,98408],[104,-30,85418],[86,-14,448547],[27,89,178944],[22,14,55364],[37,3,448547],[-7,-22,73775],[23,-41,141617],[34,-36,41137],[29,-23,170878],[6,-52,80662],[24,-49,1469942],[60,27,69551],[50,35,144434],[37,21,38819],[24,7,38819],[76,32,61220],[55,30,61220],[40,15,35619],[43,20,773983],[125,35,104441],[71,8,308692],[39,-54,55559],[15,-9,308692],[55,4,107530],[45,13,49197],[123,29,212199],[13,-28,0]],[[6558,11377,0],[71,271,814731],[-23,276,372274],[-87,134,372274],[-62,356,0]],[[6457,12414,0],[129,99,536403],[407,-30,536403],[539,138,2355721],[25,47,85307],[18,80,427534],[-45,-5,154577],[-55,53,34968],[-15,19,236706],[-23,40,46941],[-14,41,34768],[-12,21,427534],[5,71,127859],[37,32,293336],[-17,44,98789],[-17,-5,57886],[-24,22,176426],[13,44,101569],[-16,26,35995],[-5,20,812499],[87,47,69015],[19,-5,36025],[4,9,357165],[-11,65,68046],[6,23,53630],[-8,48,161213],[25,46,0]],[[7572,13409,0],[49,-9,55479],[14,-12,55479],[72,-23,202490],[33,-16,45952],[66,-41,55368],[31,-28,53977],[32,-14,425190],[42,4,92347],[50,-25,191123],[62,46,264470],[31,-30,92219],[69,-24,2224215],[47,10,48113],[44,16,97852],[78,39,342108],[7,39,112050],[50,74,43442],[19,22,517093],[16,7,37826],[56,8,95719],[7,15,37421],[19,10,101262],[56,15,39709],[30,4,279032],[19,16,38321],[21,5,50518],[36,29,128424],[104,35,159066],[24,22,64129],[52,33,33403],[33,18,1059628],[60,-2,181654],[13,21,37026],[18,14,68090],[21,47,181654],[20,16,41430],[32,13,126487],[111,107,126487],[104,75,572129],[4,19,34345],[15,33,34345],[15,47,236741],[144,169,0]],[[7580,13581,0],[-7,7,0]],[[7588,13669,0],[-14,22,0]],[[7613,13833,0],[1,0,0]],[[7635,13814,0],[23,37,0]],[[7733,14124,0],[1,0,0]],[[8099,14830,0],[0,2,0]],[[9252,15279,0],[3,0,0]],[[3149,8784,0],[1127,867,100725],[362,276,0]],[[4638,9927,0],[462,122,0]],[[4851,11087,0],[144,48,534182],[89,-68,271432],[72,-181,534182],[302,-69,519695],[169,-175,0]],[[4638,9927,0],[-92,266,620796],[15,594,1341432],[86,94,261779],[14,136,490936],[95,15,156640],[95,55,0]],[[4851,11087,0],[-57,132,230624],[-86,58,803513],[-27,335,207581],[-36,206,411057],[40,167,411057],[-37,133,249306],[-27,10,61056],[9,18,42842],[-8,16,61056],[-22,2,56040],[5,-23,66108],[-36,4,0]],[[4966,12767,0],[19,-55,112268],[40,-13,295506],[5,-38,72171],[32,-70,121426],[-3,-37,45528],[-9,-11,121426],[24,-19,63727],[10,-33,218187],[-16,-69,404306],[46,-77,146034],[56,-21,1025536],[66,54,230410],[32,149,230410],[72,59,212212],[21,112,1158728],[47,30,122569],[48,-17,392531],[35,-243,598960],[30,-3,80023],[70,-39,218810],[35,-1,89425],[53,34,176189],[22,-6,33744],[26,-15,34826],[21,-6,823857],[30,-34,86913],[36,-66,53355],[9,-27,294571],[-3,-29,39658],[-10,-29,90967],[-32,-51,294571],[62,-88,44299],[15,-17,2134088],[208,159,431147],[229,117,233563],[165,47,0]],[[2572,9391,0],[-136,108,0]],[[2276,9628,0],[450,614,76819],[404,548,848633],[279,503,0],[-462,621,2018122],[-1344,454,0]],[[5591,14247,0],[191,-104,0]],[[6546,13645,0],[0,-1,0]],[[7079,13473,0],[19,13,0]],[[13257,38502,0],[-257,220,967708],[-2,217,181470],[24,201,469775],[-77,250,3166753],[-749,429,64995],[-482,274,1058268],[-1293,884,0]],[[10924,41611,0],[690,-470,78551],[615,-422,830357],[425,-189,830357],[378,-324,33678],[297,-257,0]],[[13329,39949,0],[-118,-263,1137496],[86,-71,332438],[378,-93,606417],[214,-212,0]],[[13889,39310,0],[0,-322,804146],[-84,-140,280429],[-258,-270,0]],[[13547,38578,0],[-290,-76,0]],[[8994,36545,0],[436,212,1359281],[199,-66,398510],[231,59,464305],[233,-17,267515],[108,-60,267515],[165,-31,117220],[135,-12,464305],[53,11,48727],[57,19,144787],[84,-9,0]],[[10695,36651,0],[39,-6,96267],[47,15,49295],[17,15,96267],[28,-1,42176],[41,9,373035],[24,16,41127],[18,24,53204],[32,19,71370],[35,40,277802],[30,-26,151383],[16,4,46073],[47,30,64436],[20,0,33645],[19,10,234515],[58,47,51886],[56,38,784012],[20,-10,46214],[14,-25,200485],[41,8,37000],[17,10,37000],[33,6,133466],[67,-11,41611],[19,1,459375],[69,40,33594],[38,19,33594],[35,22,344081],[94,2,69668],[45,-7,207180],[62,23,51705],[24,16,137120],[96,7,1084317],[56,34,62636],[45,40,222469],[7,29,67001],[38,47,102791],[-16,21,102791],[29,22,34544],[22,23,0]],[[12077,37202,0],[15,17,40706],[27,12,191725],[172,15,40975],[71,8,476069],[137,-24,147345],[79,-35,41768],[37,-12,202863],[46,-5,54866],[53,5,1053445],[58,22,41796],[23,17,41796],[17,0,41796],[60,25,95568],[19,14,64029],[66,26,40332],[41,20,206916],[42,8,33583],[33,2,46371],[5,9,39582],[29,0,131539],[9,17,81248],[22,-2,41616],[36,11,67416],[0,9,35025],[24,8,330123],[-5,28,55988],[14,31,93096],[-31,30,93096],[17,33,316392],[37,20,57008],[41,9,196259],[30,-23,47947],[33,-38,1603545],[9,-25,54997],[49,-78,63846],[6,-23,63846],[45,-63,158257],[-8,-14,76395],[9,-27,38344],[15,-15,35184],[7,-22,751256],[50,28,102007],[22,-11,43418],[24,2,121617],[15,18,55288],[45,19,404467],[56,-21,49988],[18,-18,49988],[19,4,126370],[18,-36,171126],[114,-27,1455535],[36,19,34956],[54,22,143873],[115,14,143873],[86,28,44261],[111,32,272842],[53,-18,272842],[115,39,101790],[28,19,46720],[31,7,46720],[24,17,133215],[36,13,35877],[103,30,0]],[[14639,37372,0],[99,-192,414283],[247,-184,735443],[215,2,344165],[110,-92,0]],[[15310,36906,0],[-43,-26,112810],[-14,-14,34767],[-61,-80,195758],[-18,-11,33455],[-15,1,88604],[-49,-32,43810],[-18,-18,34384],[-38,-25,195758],[-40,-49,86885],[-48,-26,62303],[-17,-23,131441],[-11,-54,131441],[-55,-8,1293153],[21,-53,119445],[9,-12,40294],[53,-33,192183],[-9,-27,85497],[30,-53,120949],[34,-12,120949],[17,-25,57282],[13,-41,37722],[19,-41,249003],[25,-14,90781],[30,-43,42158],[27,-27,51323],[5,-24,51323],[20,-6,1293153],[13,-42,123933],[-9,-7,38537],[-1,-29,38537],[-10,-30,84457],[-21,-8,123933],[-1,-24,35844],[-10,-19,55384],[0,-44,102065],[-27,-49,279985],[-45,-10,96178],[-37,-44,252790],[0,-67,39082],[-4,-40,67309],[6,-21,252790],[-67,-166,167773],[-39,-163,37942],[0,-7,4525564],[111,-80,258323],[30,80,258323],[53,-21,141323],[164,2,1010999],[47,-139,253158],[52,-65,48509],[89,-119,582529],[-53,-103,38508],[-29,-61,1010999],[118,-58,173062],[78,-81,288114],[410,-223,873312],[-3,-83,122617],[28,-94,473424],[240,-194,1430522],[287,-27,557103],[187,-161,56282],[47,-43,0]],[[14882,33559,0],[-18,68,36117],[-32,137,245504],[25,42,134866],[-12,105,1083704],[-174,100,376698],[-78,182,487238],[-201,122,184394],[-34,23,56098],[-127,102,1951095],[37,147,373264],[-66,67,211177],[-36,136,36021],[-2,13,901477],[93,128,211104],[14,99,524182],[221,35,2928723],[-4,20,54810],[-29,13,54810],[-27,34,132049],[8,40,225003],[-15,22,38291],[-26,22,82761],[-23,-3,88228],[-21,24,46344],[-21,5,66075],[-25,35,498305],[5,14,51137],[38,16,61365],[28,27,33885],[3,10,88078],[21,-1,55246],[24,24,661618],[0,34,109213],[-35,29,63416],[-25,1,142464],[-34,65,65209],[-17,13,54753],[12,9,36250],[-4,16,377570],[-34,12,48142],[-16,-6,43372],[-32,11,138928],[-112,63,1356325],[-153,9,40539],[-46,5,174548],[-63,-8,34324],[-19,1,58601],[-43,-11,424275],[-16,15,49698],[-1,26,55789],[-29,38,133639],[-44,10,228845],[-21,-29,54305],[-2,-25,34315],[-8,-13,228845],[-38,-14,89447],[-48,17,175618],[-43,54,33552],[-7,14,133690],[-43,-2,1736905],[-37,91,69224],[-15,16,353071],[20,51,84259],[-18,15,122288],[3,14,38543],[24,32,38543],[13,29,128691],[0,50,80465],[7,11,43854],[14,74,901586],[-51,30,107793],[-21,50,249675],[-37,14,45615],[-38,23,130877],[-35,-19,93018],[-45,-4,50392],[-25,7,130877],[3,28,495028],[-99,217,5498401],[-380,-157,46573],[-675,-281,807613],[-319,-239,0]],[[11796,35753,0],[-463,36,967397],[-306,308,858208],[-496,92,2300944],[-109,-116,447159],[-451,-173,998808],[-144,129,697590],[-164,-13,325975],[-307,-134,0]],[[9356,35882,0],[-653,-155,1412363],[-177,175,795680],[250,358,0]],[[8776,36260,0],[218,285,0]],[[8132,39133,0],[634,-780,72566],[315,-392,571874],[289,-191,571874],[96,-115,282855],[0,-142,3472362],[-186,-236,335509],[-165,-314,685584],[-121,-418,0]],[[8776,36260,0],[-676,298,728548],[-474,340,1684510],[-551,509,76865],[-570,521,0]],[[7110,34450,0],[48,161,594137],[239,94,330858],[118,114,169260],[86,43,0]],[[7601,34862,0],[172,79,198827],[121,17,702151],[688,20,294130],[195,60,294130],[5,-44,73309],[24,-22,1101409],[28,7,56247],[34,-9,93979],[84,13,48602],[31,-2,41448],[36,7,232323],[53,30,105450],[62,-3,105450],[42,28,498777],[63,-14,174837],[-2,81,180136],[28,0,70237],[62,32,125212],[76,57,768584],[92,-10,192870],[55,6,71096],[-8,15,71096],[46,14,54520],[26,18,192870],[80,16,59237],[11,-6,82974],[111,26,392599],[53,-4,94965],[31,-26,77080],[47,-8,0]],[[9947,35240,0],[-36,-11,193778],[46,-57,57246],[38,-33,57246],[38,-47,603928],[26,-8,102773],[115,36,355670],[30,-16,72576],[55,-58,187592],[20,10,116130],[65,-29,46073],[48,-27,320569],[60,30,74528],[31,0,1158722],[9,-105,120560],[-44,-13,120560],[53,-39,120560],[12,-38,56376],[4,-54,226968],[33,-39,95400],[30,-84,147360],[-4,-50,907711],[51,-52,40827],[14,-21,40827],[21,-9,90246],[33,-53,90246],[23,5,360342],[84,-15,52477],[47,-14,137753],[13,-28,64950],[33,-17,137753],[49,21,0]],[[10944,34425,0],[15,-26,48028],[0,-27,93351],[-20,-23,93351],[16,-33,68243],[-4,-38,431544],[-38,-20,94017],[-9,-39,41474],[-11,-11,217398],[-42,-3,94145],[-62,-39,94145],[-39,-9,37008],[-7,4,678388],[-42,69,150006],[-39,29,50423],[-81,73,678388],[-48,-14,75340],[-10,17,91681],[-63,-6,44731],[-15,7,44731],[-23,-11,51582],[-82,-5,231928],[-13,12,41135],[-37,13,41135],[-18,15,231928],[-32,-10,42542],[-14,5,86331],[-15,-29,111686],[-86,-14,0]],[[10125,34312,0],[-126,91,394065],[-290,2,394065],[-128,126,376932],[-171,-17,1876701],[-435,-214,247507],[-186,-115,705115],[-294,-23,463653],[-271,-144,0]],[[8224,34018,0],[6,149,170059],[39,77,170059],[-35,54,1370624],[-136,-10,114926],[-25,-8,55146],[-21,13,55146],[-73,3,264865],[-3,21,53076],[20,26,337413],[-113,46,147223],[-148,92,337413],[-162,12,838106],[-124,-80,253656],[-168,-20,447328],[-171,57,0]],[[5264,30852,0],[-22,16,0]],[[5000,31084,0],[1,0,0]],[[5071,31130,0],[2,1,0]],[[5083,31230,0],[-1,0,0]],[[4592,32260,0],[208,51,573265],[16,161,292802],[101,130,1216226],[101,32,229607],[204,-23,629688],[70,-126,286182],[155,-83,1216226],[130,56,312983],[500,90,502476],[87,87,0]],[[6164,32635,0],[194,76,0]],[[6358,32711,0],[16,-96,159569],[-35,-78,153352],[17,-75,253810],[-44,-122,388475],[74,-75,388475],[-14,-40,77374],[-16,-22,33358],[-24,-19,77374],[4,-21,233419],[-76,-54,97696],[-43,-10,988396],[18,-49,130847],[119,-166,167020],[36,7,135704],[29,-77,851789],[-8,-136,165581],[-14,-64,83611],[-21,-16,45610],[-5,-20,255135],[24,-7,77898],[13,-47,255135],[-6,-19,52057],[-32,-27,92746],[2,-35,109995],[-40,-57,47111],[-18,-17,1726299],[-27,-3,54320],[-38,14,78858],[-20,-13,126131],[-35,30,255003],[-24,-21,64670],[-41,-13,46138],[-28,-17,100355],[-43,-7,727836],[12,-31,77598],[-17,-37,149611],[-26,-7,59446],[-27,14,149611],[-72,-120,381681],[4,-102,50319],[5,0,50319],[-2,-73,0]],[[2890,34304,0],[868,-531,72663],[433,-267,1821273],[1082,-241,348522],[37,-45,180427],[44,-3,102989],[7,33,89865],[42,4,1821273],[6,-21,67218],[38,-10,134772],[23,-20,56801],[39,-59,76353],[18,-5,76353],[32,-64,511719],[-8,-69,187200],[90,44,187200],[38,-26,89062],[67,-17,79535],[31,-23,38683],[16,-4,301492],[-8,-48,147148],[58,-19,118961],[7,-42,301492],[32,3,42653],[59,-5,94031],[57,-17,611820],[-3,-30,82601],[-40,-25,97884],[2,-42,60424],[-14,-12,142171],[33,-16,142171],[-53,-59,69905],[-1,-16,546705],[66,10,35765],[29,1,65302],[25,-7,65302],[32,19,220219],[44,-4,91883],[46,-36,0]],[[4530,36012,0],[759,-668,72514],[379,-336,394257],[102,-114,0]],[[5770,34894,0],[-13,-462,1343539],[284,-672,812730],[17,-121,191363],[-31,-140,272812],[87,-115,263319],[-24,-17,74135],[9,-33,91927],[-34,-19,933987],[29,-29,133763],[105,1,133763],[99,-36,335224],[6,-36,39896],[-9,-13,39896],[11,-15,172046],[72,2,136102],[9,-43,933987],[-77,-58,129057],[-115,-123,686459],[12,-33,184725],[188,-44,479875],[-33,-56,148943],[-4,-121,0]],[[6792,33144,0],[-162,-277,0]],[[6630,32867,0],[-147,-37,277050],[-125,-119,0]],[[5770,34894,0],[446,-199,634369],[283,-294,634369],[251,-21,0]],[[6750,34380,0],[5,-142,61092],[-3,-43,267612],[-63,-116,419375],[62,-73,37426],[4,-9,344121],[-18,-21,60800],[-43,-28,37506],[-15,-4,178993],[-59,18,124523],[-42,-13,48926],[-15,-15,698237],[-2,-91,59598],[-9,-95,238968],[61,-168,238968],[-37,-53,1226047],[27,-28,63941],[68,-47,110223],[23,-53,92150],[32,-12,233397],[35,-92,352217],[-44,-37,44125],[-32,-19,159813],[3,-53,292487],[42,-8,75406],[62,-34,0]],[[6750,34380,0],[204,5,0]],[[6954,34385,0],[126,-288,730596],[201,-189,388351],[232,-93,0]],[[7513,33815,0],[-80,-164,627160],[-641,-507,0]],[[7513,33815,0],[309,115,333262],[402,88,0]],[[8224,34018,0],[62,-136,241697],[-12,-132,411228],[145,-215,1448339],[101,39,39294],[27,8,81086],[23,18,170153],[50,-11,601121],[-7,-26,72112],[21,-46,103482],[-11,-22,71855],[10,-37,58374],[-6,-33,294357],[22,-36,33492],[27,-52,128570],[44,-22,601121],[56,1,82050],[29,21,103238],[42,-6,76152],[48,13,42093],[23,0,559876],[-1,-28,91227],[49,-32,91227],[13,-34,49211],[16,-13,262003],[-9,-34,67335],[13,-37,78425],[-16,-27,78425],[10,-48,559876],[32,-30,63307],[21,-42,106318],[24,-4,36223],[12,-10,237631],[73,35,313401],[16,-6,65179],[8,-47,65179],[18,-4,34295],[-3,-11,34295],[25,-38,53248],[4,-17,351727],[39,-12,66923],[43,-6,37465],[22,6,37465],[18,-6,187438],[10,-20,98271],[81,-27,72661],[20,-18,351727],[-1,-27,46403],[-14,-12,91324],[16,-49,0]],[[9457,32746,0],[48,-66,78508],[64,-68,234466],[77,-63,94249],[69,-36,67865],[26,-24,1020456],[1,-16,41754],[-17,-4,41754],[-30,-30,273034],[9,-48,117471],[-13,-56,72022],[-21,-22,144323],[-4,-39,54824],[3,-107,230791],[-40,-73,584397],[-22,-5,36404],[-53,-2,105918],[-13,10,48950],[-52,9,0]],[[9489,32106,0],[28,48,110683],[0,20,40288],[-13,33,439277],[-19,-11,34580],[-17,0,135178],[-79,26,36434],[-57,16,165235],[-50,29,48650],[-26,23,136541],[-58,-2,506473],[-15,26,49376],[-45,50,137937],[13,36,180032],[-13,20,44793],[-39,30,93227],[-8,38,87612],[-19,23,35977],[-23,17,2026753],[-73,7,170325],[-40,-24,37808],[-47,-34,431702],[102,-161,431702],[-53,-37,51515],[-11,-19,51515],[-32,-14,139385],[14,-33,51849],[-5,-19,139385],[-31,-14,57464],[-30,5,293316],[25,-43,72737],[-2,-32,182982],[-15,-20,46649],[-43,-33,1270823],[-15,2,53194],[-45,37,161517],[-28,7,44986],[-34,-3,97543],[-17,-25,206363],[-12,18,36813],[-13,2,36813],[-51,41,762724],[-39,-64,40892],[-8,-21,141299],[-68,-69,108370],[7,-31,108370],[-24,-28,60291],[-30,-8,576483],[-51,27,63819],[-16,22,140958],[-65,-2,365548],[-5,-27,73756],[-44,-59,229507],[-30,-12,56694],[-35,2,56694],[-17,-10,41602],[-32,-3,3261941],[-15,79,104415],[-26,18,285366],[-19,-8,47421],[-12,-23,47421],[-33,-25,135220],[-52,1,285366],[-10,5,33605],[-67,51,44578],[-18,16,222929],[-81,4,65168],[-27,-7,419907],[-56,23,95469],[-24,37,95469],[-71,63,57236],[-20,10,715668],[-2,47,111488],[-10,37,38603],[-6,-4,45724],[-32,86,111488],[-11,78,715668],[-102,27,133667],[-13,32,339580],[-60,-25,75467],[-33,-30,235973],[-36,1,84852],[-47,33,153916],[-63,-21,1104037],[-19,1,42010],[-16,16,54616],[-70,49,130106],[-9,52,130106],[-53,-7,363407],[-25,21,39511],[2,9,82310],[-54,41,48944],[-24,10,128207],[11,19,154416],[-56,70,96440],[-3,17,34745],[-17,32,58348],[-30,43,376877],[-65,48,57389],[-132,88,0]],[[9982,33855,0],[46,-22,50270],[34,-7,83633],[30,-25,43749],[27,-11,197876],[99,1,493948],[73,-118,156669],[14,-79,952290],[77,34,106080],[24,36,235372],[26,3,69881],[19,-28,110436],[66,9,317610],[69,71,67421],[15,26,175471],[39,-6,87234],[32,28,1025478],[19,-54,46171],[14,-24,115110],[35,-14,115110],[44,-67,46480],[31,-37,69154],[15,-32,571881],[46,13,81638],[27,-16,81638],[157,-18,284984],[70,-66,1537946],[0,-31,104023],[-58,-61,148532],[-27,-69,64506],[-10,-51,713207],[-140,-11,238006],[-244,48,1737067],[-60,-150,412673],[20,-418,907759],[54,-21,49307],[35,-24,49307],[15,2,394033],[18,-30,49903],[6,-31,63739],[24,-54,46061],[13,-14,176478],[-7,-52,57122],[5,-38,176478],[19,-19,49976],[3,-23,57926],[32,-36,2803647],[23,-15,41147],[16,2,41147],[80,-20,72365],[36,-3,178249],[47,24,344472],[10,-5,48117],[20,-46,117029],[-7,-63,344472],[74,-7,45965],[17,7,45965],[29,-9,129010],[15,18,61367],[12,-5,35288],[24,6,669182],[-3,31,77116],[28,38,77116],[4,16,39155],[33,61,41089],[7,22,1401252],[20,-8,49752],[11,-24,112610],[-8,-22,57233],[7,-48,191978],[30,-40,92286],[46,-13,283874],[30,29,39828],[19,26,283874],[13,-11,60911],[62,-7,172984],[7,-19,58290],[-21,-36,47250],[6,-8,211117],[131,-50,555913],[39,-133,306642],[96,-90,189401],[45,-67,55285],[48,-81,555913],[149,-19,0]],[[11129,31216,0],[-9,4,0]],[[10772,31098,0],[-4,-9,0]],[[9780,30904,0],[-21,81,381772],[-35,29,88835],[-23,39,48431],[-3,22,101152],[-46,55,44676],[-18,14,176290],[-147,226,250608],[-59,57,194895],[-14,32,62319],[9,26,127212],[-32,67,49515],[-24,39,250608],[-32,18,53104],[-48,43,1506516],[17,14,53137],[107,59,79243],[36,13,544190],[12,14,41324],[5,28,104688],[-21,56,259820],[-25,17,67487],[-19,35,39162],[-20,23,92691],[-44,28,143739],[-10,40,544190],[43,10,67374],[30,24,94620],[38,-2,231641],[24,35,40133],[27,30,90206],[2,30,0]],[[9457,32746,0],[47,72,41010],[18,21,212637],[50,-7,95642],[33,12,39275],[9,12,452249],[-26,82,68855],[-15,16,127316],[11,50,88235],[-19,35,452249],[74,29,126073],[34,49,327724],[2,18,35264],[-10,19,75047],[20,24,85610],[8,36,39282],[11,10,39282],[1,24,63376],[17,25,96895],[6,50,741796],[44,12,120869],[48,70,232479],[33,-16,44672],[25,-3,139511],[31,31,79654],[35,-6,45902],[3,9,741796],[-13,89,88536],[-28,88,184837],[-50,77,538274],[23,12,37181],[40,12,34644],[20,10,254014],[5,120,160240],[28,12,42525],[10,15,0]],[[10125,34312,0],[-59,-51,126834],[8,-16,71332],[-55,3,71332],[-38,-15,328364],[9,-25,88210],[-35,-48,112272],[16,-37,204113],[-14,-22,56981],[-30,-8,56981],[-24,-28,628505],[-3,-38,65994],[13,-69,192412],[12,-4,65781],[12,-36,44936],[20,-35,65781],[10,4,48437],[15,-32,0]],[[6954,34385,0],[156,65,0]],[[5614,37083,0],[1139,-1008,660818],[473,-386,43368],[339,-278,2440499],[-87,-258,353214],[10,-215,594626],[100,-33,153332],[13,-43,0]],[[11796,35753,0],[103,-118,287036],[49,-124,91962],[68,-145,1547941],[-68,-85,104120],[-14,-31,46345],[7,-10,104120],[-47,-23,125982],[-58,-93,649539],[-146,-35,125970],[-88,-3,517046],[-7,-27,47387],[5,-31,181639],[-95,-13,181639],[-8,-30,112894],[-67,-75,49994],[-31,-29,170544],[-60,-30,883766],[19,-81,73839],[14,-19,57803],[-15,-19,57803],[10,-53,0]],[[11367,34679,0],[1,-17,69018],[-14,-17,36621],[-31,-22,69018],[-13,-29,58635],[-12,-7,33308],[-23,-31,49588],[-16,-29,185771],[-71,-55,94708],[-26,1,165083],[-23,-60,570410],[-25,-14,68166],[-12,25,68166],[-30,20,51663],[-43,14,211837],[-12,-24,43146],[-21,-15,116145],[-28,7,34947],[-24,-1,0]],[[9947,35240,0],[-51,39,70083],[-6,21,205715],[-41,11,42966],[-20,-2,73064],[-37,20,73064],[-51,4,312836],[-16,23,64793],[-28,85,264533],[-66,50,136778],[-64,0,752785],[108,109,622136],[-117,61,223321],[-49,97,306318],[-18,-7,43088],[-81,-17,306318],[-23,55,51069],[-31,93,0]],[[13179,32479,0],[-61,41,73028],[-54,51,163843],[-44,-3,75622],[-24,20,514333],[6,18,34254],[-5,17,64791],[18,31,48288],[4,27,150982],[14,18,35329],[17,35,46703],[33,43,554729],[-7,20,77159],[-56,40,42338],[-11,13,137759],[-8,52,293615],[-45,23,76105],[-38,-2,158222],[-36,42,98865],[-32,7,60743],[-37,28,293615],[6,45,51478],[-6,31,2053660],[47,16,37845],[67,18,37845],[101,30,34368],[43,14,441812],[-48,113,441812],[54,66,89428],[24,5,57686],[24,30,162364],[-5,37,268519],[121,75,130194],[58,58,622533],[7,92,131744],[38,90,368664],[174,68,297731],[-11,80,4395351],[-80,88,127829],[-25,61,182156],[-168,185,833456],[-33,18,42421],[-29,7,181278],[-42,0,33831],[-43,-4,57290],[-26,-8,139071],[-29,17,48166],[-54,18,123369],[-30,-19,373339],[-49,62,183138],[-73,19,52942],[-48,18,1907753],[-91,-29,243605],[41,-64,101209],[-6,-34,518115],[-52,-5,41172],[-28,2,109204],[-38,23,246978],[-74,-20,92401],[-2,-20,61807],[-32,-8,205395],[-50,17,113726],[-31,-18,82174],[-56,5,521889],[-14,-29,56480],[5,-28,118559],[-44,-8,137995],[-41,-40,81224],[-85,-55,247701],[-39,28,145269],[-12,-47,57986],[-18,-23,145269],[-52,-13,36726],[-13,-8,2444204],[-22,21,75241],[-58,11,154308],[-30,-17,72574],[-51,-1,443116],[-34,25,92099],[-7,31,57461],[-26,34,136614],[-3,20,33842],[6,22,184460],[-84,84,689029],[-3,259,794106],[-31,54,75077],[-30,22,190527],[-60,9,121973],[-68,52,244301],[-65,-21,244301],[-45,22,36013],[-21,15,145073],[13,35,125606],[-25,7,65734],[-35,39,0]],[[8715,39534,0],[945,-1172,1839862],[60,-689,2182823],[38,-68,305381],[276,-77,460763],[259,4,460763],[183,-136,1717096],[-39,-113,190854],[21,-98,336562],[-113,-267,1093629],[162,-23,235410],[90,-37,112602],[35,-39,498991],[24,-73,41918],[2,-18,89888],[37,-77,0]],[[12538,37994,0],[-130,-79,189337],[-117,-25,970154],[-157,252,652529],[-394,167,2284487],[12,152,245093],[75,78,1110910],[-107,216,43753],[-415,838,2353296],[-426,292,73337],[-859,584,0]],[[13257,38502,0],[-15,-115,664514],[-330,-134,454039],[-374,-259,0]],[[12077,37202,0],[-103,48,98369],[-59,44,285422],[37,64,589352],[37,17,98286],[77,-9,196417],[51,20,72966],[0,18,82121],[35,19,42918],[39,14,196417],[80,-7,589352],[62,37,86995],[42,5,104763],[39,21,48169],[12,17,104763],[50,10,67891],[15,19,67891],[32,15,39307],[49,16,102155],[36,27,380196],[42,-25,193735],[1,65,67604],[-11,95,290232],[99,2,51949],[9,5,1290509],[-21,46,33703],[-6,21,100146],[5,53,132938],[-20,24,58514],[-5,28,37151],[-15,26,390471],[-12,7,36242],[-136,50,0]],[[13547,38578,0],[101,-74,247288],[9,-110,247288],[120,-116,824984],[316,95,860125],[207,-128,359329],[308,-299,1855465],[31,-574,0]],[[13889,39310,0],[311,77,299339],[309,26,0]],[[15018,38552,0],[176,-120,245761],[196,-192,529154],[94,-208,0]],[[15484,38032,0],[-83,-140,274532],[29,-106,632494],[229,-215,819599],[-54,-103,206046],[-79,-7,196382],[-40,-86,969029],[16,-37,123984],[60,-41,60130],[51,-45,445917],[34,-71,34702],[11,-17,112662],[8,-36,60275],[40,-108,222848],[23,-147,1678040],[-4,-6,52144],[-60,33,71545],[-2,16,53628],[-31,2,53628],[-82,45,142980],[-13,29,124924],[-48,2,47947],[-31,-7,47947],[-13,9,498256],[-34,-31,79004],[-101,-59,0]],[[15484,38032,0],[132,-109,234437],[215,-250,399713],[97,-36,193131],[121,-112,867993],[219,30,1733389],[57,-61,202733],[73,-201,551464],[-82,-42,58210],[-20,-4,131482],[-48,-51,555451],[49,-82,64525],[18,-47,90979],[40,-57,298726],[-32,-46,195796],[29,-52,78970],[23,-76,2272409],[118,-95,65179],[17,-20,366651],[119,-18,141808],[22,1,37789],[60,15,379580],[-2,-35,48098],[7,-40,249207],[76,12,96243],[64,-11,249207],[27,-19,58475],[3,-16,35617],[17,-20,107954],[37,-14,43399],[27,-18,507322],[31,4,47858],[27,15,142150],[8,-13,43028],[40,-29,169032],[13,-3,40253],[38,14,68837],[29,-9,68837],[21,21,507322],[23,-23,37409],[20,-30,71455],[24,-24,34231],[24,-16,183461],[30,-9,51085],[38,3,183461],[23,-15,51977],[0,-20,63028],[61,-62,136852],[45,-14,0]],[[18356,38350,0],[-1,0,0]],[[15074,38622,0],[1,1,0]],[[15377,41101,0],[-406,-504,1819282],[-122,-62,209147],[-559,-246,42494],[-419,-185,758893],[-542,-155,0]],[[6134,30919,0],[-3,8,0]],[[8812,30672,0],[-1,-1,0]],[[8701,30578,0],[-8,7,0]],[[37201,68832,0],[45,33,191985],[-26,36,62198],[-20,-3,89360],[-43,64,388155],[-144,18,152004],[-86,-21,828037],[-3,117,221161],[79,145,494767],[-113,255,2522367],[-431,10,828310],[-459,-213,614553],[-537,-86,1958075],[-140,165,468801],[-476,246,3529268],[-484,-45,988555],[-1087,-511,0]],[[33276,69042,0],[-2047,798,0]],[[31229,69840,0],[349,657,0]],[[31578,70497,0],[1727,1336,1800235],[731,933,0]],[[34036,72766,0],[319,187,0]],[[34355,72953,0],[1952,-829,4027494],[1083,24,1281420],[670,241,638949],[599,90,1806759],[355,-158,758236],[685,25,0]],[[39699,72346,0],[391,-328,1389922],[20,-181,228739],[-43,-98,112686],[7,-23,40959],[-5,-32,799157],[-20,-32,55503],[-43,-36,126480],[10,-18,79897],[-74,0,201950],[-17,-32,46457],[-4,-31,41637],[-14,-27,323058],[-23,-17,52393],[-58,-18,86510],[-43,0,200258],[-32,-37,100973],[-77,-26,128869],[-12,-38,1389922],[23,-21,49214],[62,-34,162952],[-34,-41,162952],[15,-16,59050],[0,-45,80163],[14,-34,48357],[20,-16,94140],[-10,-24,94140],[11,-20,47619],[39,-33,431765],[-26,-63,113296],[10,-42,52209],[-3,-40,145639],[-32,-19,776022],[74,-33,41681],[36,-12,73751],[4,-17,71314],[47,-5,54176],[14,-14,179184],[89,-15,40028],[26,-1,0]],[[40041,70827,0],[1,-30,39562],[-10,-29,128900],[21,-18,37945],[28,-36,225023],[-15,-26,49285],[-36,-23,49285],[-6,-18,162092],[7,-43,41925],[14,-9,41925],[-5,-21,766455],[-28,-4,48228],[-38,-23,142803],[-52,-53,72783],[-14,-36,345921],[-31,1,51595],[-52,19,103560],[-39,-15,88981],[-68,14,282436],[-10,-37,96597],[25,-15,57271],[13,-35,282436],[-69,-7,92690],[-43,-17,34359],[-62,-19,907760],[27,-94,54778],[14,-71,213485],[102,-184,907760],[-394,-196,3001051],[254,-121,366483],[240,-8,419325],[239,-134,419325],[102,31,247856],[119,-84,269222],[463,-176,0]],[[40738,69310,0],[-34,-115,163927],[31,-5,45795],[16,-16,97198],[-16,-33,586596],[-28,-17,50739],[-55,-13,120121],[-23,-22,39703],[-15,-27,210296],[-106,3,359366],[-8,-18,62972],[-69,-52,103211],[-45,-67,139726],[-38,-15,50664],[-25,-24,754571],[-37,-58,99548],[-28,-79,52320],[-5,-32,90333],[-25,-36,270873],[24,-39,139601],[-4,-49,70405],[-23,-22,81817],[1,-47,505245],[-30,-5,88624],[-33,-38,55274],[0,-19,88902],[-35,-29,52660],[-38,-17,195696],[-41,-73,34550],[-8,-1,34550],[-11,-30,1084694],[-11,7,34991],[-11,-17,74224],[30,-32,59012],[19,3,74224],[56,-91,381414],[-45,-126,159023],[-9,-138,1084694],[-78,-40,156293],[-12,-34,95064],[-27,-33,49392],[-50,-41,417054],[-57,-258,622084],[-131,-9,187974],[-66,-57,356516],[-25,-60,44439],[-15,-55,93975],[-20,-98,282446],[-19,5,47590],[-43,38,0]],[[39516,67279,0],[-4,22,87032],[-60,135,41001],[-45,92,246082],[-139,262,42041],[-137,259,2429314],[-11,16,84806],[-119,44,91433],[-24,25,138786],[-102,48,39324],[-276,134,303596],[-61,94,39860],[-32,44,303596],[-21,-17,34831],[-22,-8,43853],[-18,-19,89486],[-39,-3,947656],[-17,18,49962],[-2,31,49962],[-25,55,191316],[-104,84,264180],[16,62,168557],[-67,96,947656],[-6,2,37989],[-44,-35,56497],[-83,-43,197053],[-30,-2,42911],[-27,11,88124],[-28,-15,42534],[-30,-2,235700],[-57,-43,74556],[-105,-58,947656],[-10,0,46636],[-50,29,37850],[-31,12,74316],[-38,33,74316],[-62,24,255912],[-37,55,158143],[-67,-36,158143],[-75,9,107392],[-19,10,49018],[4,23,107392],[-73,13,70076],[-12,-7,42710],[-11,23,42710],[-31,8,305828],[-84,68,0]],[[46406,74991,0],[-272,42,482844],[-314,225,859124],[-7,126,213372],[-52,103,115507],[-46,18,115507],[14,56,652144],[-26,28,63409],[-59,30,186382],[-42,-5,101280],[-80,33,80227],[-42,1,199644],[-90,65,2130001],[-77,-30,132963],[-210,-129,188870],[-233,-103,424869],[-16,-15,77466],[12,-16,33912],[14,-37,104165],[-27,-46,294234],[-166,-52,3930879],[-205,121,285807],[-95,-29,228989],[-128,76,898906],[28,144,99064],[36,114,608322],[-79,84,144450],[-168,121,1268572],[-381,-12,1020525],[77,570,1020525],[-178,297,33311],[-292,481,2066080],[-613,218,0]],[[42689,77470,0],[464,453,0]],[[45097,78345,0],[236,35,300526],[627,11,906409],[605,-170,963054],[833,60,0],[568,297,1422938],[-170,125,113310],[-30,24,35135],[-65,62,536543],[-124,-70,95061],[-23,2,468731],[51,234,50541],[28,117,953617],[49,3,57482],[10,-14,269964],[46,42,68988],[108,120,138449],[33,63,0]],[[30177,55370,0],[16,-8,51599],[60,1,79802],[31,-19,192356],[7,-66,192356],[39,-9,44757],[37,-19,140461],[10,-45,87444],[12,-17,44649],[23,-2,666668],[22,19,41043],[40,22,123921],[38,0,62489],[64,20,166315],[-1,17,36908],[13,37,116246],[19,5,35754],[2,13,68890],[26,-18,598791],[17,-49,94837],[-2,-50,40425],[8,-16,40425],[-8,-24,254357],[37,-14,58972],[33,-30,120101],[5,-27,51728],[16,-6,42656],[-6,-14,34944],[13,-10,598791],[32,-5,37951],[3,-8,54301],[67,-11,109629],[24,13,63256],[45,-7,166518],[15,-10,36973],[5,-20,46756],[19,-10,166518],[52,18,92439],[53,-2,36958],[14,-5,961486],[32,-56,45455],[5,-18,154125],[25,-8,82202],[74,-73,404212],[-73,-84,130369],[-25,5,34318],[-19,-5,126776],[-4,-15,58725],[22,-29,45242],[6,-23,333013],[55,-9,130348],[37,-61,961486],[72,56,202416],[254,304,961486],[51,-13,102348],[135,4,496411],[29,-33,103565],[8,-77,310867],[88,-7,143332],[46,-17,68923],[41,-34,268174],[32,-60,59569],[5,-29,1872599],[31,4,84348],[28,35,67229],[35,15,97621],[-7,24,97621],[38,2,38178],[37,-4,186120],[12,23,41371],[15,4,48076],[19,34,438005],[-34,49,39231],[-12,25,143818],[-1,33,41372],[8,39,698856],[84,-16,63501],[75,-23,105234],[66,-34,79112],[15,15,38606],[17,-2,66839],[16,-20,0]],[[32415,54935,0],[1,-60,35408],[4,-24,202662],[25,-15,36996],[67,-28,351324],[8,-153,196702],[47,-4,196702],[71,-114,132977],[36,-106,264354],[-6,-121,264354],[103,-77,1237189],[0,-7,39398],[-42,-69,202723],[-208,-193,97239],[-7,-16,0]],[[23565,56830,0],[1610,-539,2168539],[1273,-649,604882],[782,-350,1387264],[28,-95,230648],[127,-78,726710],[167,57,284584],[91,120,462765],[179,-32,1278970],[17,-514,1387264],[260,-116,528676],[353,41,698611],[335,-189,6534811],[498,305,614374],[384,373,930953],[19,146,335172],[112,-44,39891],[25,-7,335172],[34,7,83564],[156,74,106834],[101,28,71803],[29,17,218379],[23,-4,34088],[9,-11,0]],[[23684,57086,0],[1612,-540,730126],[1447,-573,529680],[381,-116,1673228],[379,-292,4311245],[273,9,556672],[702,144,307858],[186,96,291419],[166,0,645262],[196,155,645262],[95,-14,213774],[81,-95,103031],[29,-10,514649],[77,48,175567],[39,2,86522],[86,39,111454],[57,0,2726066],[77,83,170713],[11,1,38974],[-10,25,42420],[14,27,74745],[-14,19,186137],[34,27,57772],[10,26,93568],[45,16,162021],[24,74,377146],[26,10,92708],[91,78,63112],[29,11,49394],[23,26,1631518],[46,-17,102868],[2,-44,91225],[36,-13,214418],[-4,-99,256720],[20,-29,41055],[25,-19,98946],[22,-3,41428],[36,-18,387035],[-29,-65,87689],[27,-15,85125],[-4,-19,44886],[-23,-17,556281],[70,-31,86324],[19,-26,67379],[52,-26,188357],[-22,-27,69233],[9,-30,188357],[20,-8,37701],[25,3,66721],[13,-22,66721],[32,12,96898],[20,-23,1068143],[-73,-78,290275],[21,-47,115128],[25,-10,43239],[-1,-9,33747],[23,-13,71418],[21,10,41277],[11,-9,71418],[1,-30,364680],[-27,-26,44112],[2,-13,44112],[-26,-7,227994],[-1,-15,35913],[16,-17,49766],[-6,-18,85495],[29,-8,138695],[5,-50,47034],[-8,-25,39735],[5,-22,289505],[-20,-34,87468],[-62,-35,0]],[[23804,57342,0],[1614,-541,2687931],[1316,357,2373484],[377,-383,1145332],[124,153,421945],[285,82,1145332],[575,-290,4869701],[396,181,727800],[422,440,849029],[308,-4,599984],[191,216,0]],[[29412,57553,0],[353,-13,885461],[67,-70,310270],[84,-353,1430256],[95,36,96589],[45,20,41194],[98,51,177619],[12,19,51381],[58,44,84078],[29,7,825128],[5,53,56205],[12,14,118503],[-27,50,245797],[57,34,132255],[30,75,464697],[-81,47,108341],[-94,26,240929],[37,47,1833763],[24,-10,84858],[45,5,40944],[44,12,130693],[7,-16,91864],[75,51,130693],[14,-10,44894],[27,9,44894],[51,1,191591],[58,19,57149],[19,16,729270],[73,-80,262026],[71,-7,47281],[111,-16,347899],[9,-34,69735],[31,-15,106697],[9,-17,45250],[-3,-42,1334389],[26,-17,52202],[38,-5,145365],[29,11,81917],[22,-9,44790],[31,6,45930],[29,-10,81917],[73,24,46187],[-27,-15,418310],[-1,-24,65604],[22,-29,39264],[9,-25,265947],[-46,-44,135611],[-32,-3,40730],[-28,-13,49823],[-39,-2,418310],[14,-41,76414],[28,-5,76414],[14,-16,38536],[5,-27,142270],[30,-31,52483],[23,-7,68427],[30,-38,44146],[24,-18,359987],[-98,-37,359987],[1,-26,73564],[39,-42,132276],[23,-1,50545],[39,-22,188958],[12,-57,43492],[0,-27,109063],[29,-18,2318953],[104,8,62165],[73,-2,62165],[165,8,147889],[179,20,490283],[15,9,38136],[115,85,481892],[243,43,272918],[267,-11,0]],[[32337,57098,0],[-10,-36,116983],[24,-160,170609],[-8,-149,64662],[-8,-51,170609],[23,-44,432242],[-74,-111,0]],[[32284,56547,0],[-321,-489,987331],[383,16,987331],[47,-139,188935],[64,-27,108972],[5,-37,494483],[-70,-220,336435],[95,-2,336435],[-6,-60,163921],[77,-61,245247],[-60,-55,265185],[28,-42,85573],[2,-51,152913],[60,-44,190541],[-1,-73,1313198],[185,-38,327838],[37,-61,105648],[-1,-55,730566],[-138,-32,109519],[-48,5,340539],[-119,-93,98064],[-88,-54,0]],[[24812,60270,0],[1715,-343,2645260],[689,66,1167438],[650,436,3950244],[969,-108,908707],[113,-176,1951408],[-127,-124,342646],[-306,-125,473956],[-180,22,389363],[-190,-138,1592560],[40,-130,650519],[121,-66,219390],[126,6,219390],[155,-71,402181],[119,-126,402181],[143,107,0]],[[28849,59500,0],[235,-171,1053291],[5,-88,166162],[62,-50,279034],[73,-372,565809],[26,-529,1053291],[209,-49,0]],[[29459,58241,0],[-47,-688,0]],[[29459,58241,0],[290,71,780881],[237,133,228234],[483,312,369211],[177,79,263826],[59,101,0]],[[30705,58937,0],[67,-20,88998],[56,6,161594],[145,-56,687650],[18,-42,71272],[-3,-48,215059],[32,-5,39025],[50,-17,73629],[22,-19,313416],[14,-51,64582],[18,-11,34389],[4,-15,80679],[-8,-29,80679],[29,-47,148478],[28,-4,42218],[18,-15,148478],[3,-48,59548],[-11,-39,1197064],[54,0,101457],[27,23,44989],[31,12,386018],[24,-1,33880],[25,-10,117377],[233,-105,332632],[79,13,88577],[64,0,46284],[21,-6,860465],[72,-34,34349],[29,-17,212281],[19,-21,69551],[11,-62,101193],[35,-34,341044],[-2,-44,87668],[-6,-14,34030],[-29,-36,615172],[63,-8,60284],[74,-14,33880],[50,-12,91338],[63,-9,37259],[44,-2,2637021],[16,-177,44925],[5,-33,296289],[81,-21,503765],[-26,-139,178550],[30,-71,303049],[-81,-82,55937],[1,-6,583612],[144,-129,511983],[13,-15,43529],[-2,-25,81398],[-20,-33,69961],[7,-35,81398],[-10,-162,145745],[11,-70,0]],[[26054,63448,0],[1686,-596,428782],[273,-77,0]],[[28013,62775,0],[747,-692,1161138],[209,-556,1161138],[427,-143,521255],[13,-150,329976],[142,-24,1452164],[125,-312,231000],[30,-130,53854],[4,-38,401474],[-40,-43,86865],[-27,-64,250430],[11,-52,113152],[53,-25,1452164],[267,91,218958],[213,39,815162],[67,-42,128886],[58,13,45577],[6,-5,348495],[-76,-64,99301],[-64,-77,381483],[157,-50,0]],[[30335,60451,0],[-394,-242,323373],[-93,-108,509120],[-469,-238,939661],[3,-53,178519],[63,-70,113325],[61,-106,939661],[-90,-155,212518],[-80,-41,538615],[-62,85,160572],[-34,127,538615],[-86,7,198371],[-97,-79,225436],[-146,-6,313615],[-62,-72,0]],[[30335,60451,0],[486,318,0]],[[30821,60769,0],[121,-79,413784],[72,2,164900],[219,80,729396],[119,-169,114511],[40,-77,1255654],[-57,-18,59598],[-23,-22,59598],[-35,-5,102803],[-22,-24,38862],[-22,-12,102803],[-36,0,74725],[-23,-24,59311],[-32,-6,245131],[-16,-22,35587],[-15,-6,57767],[-30,-47,114741],[-48,-19,717399],[10,-38,38462],[13,-25,67215],[16,-66,38613],[-1,-10,183820],[66,-75,0]],[[31137,60107,0],[-175,-134,245363],[-185,-208,580242],[99,-83,795093],[-2,-169,151510],[-28,-94,347417],[-94,-59,441753],[-47,-423,0]],[[30821,60769,0],[32,185,472957],[278,279,538551],[-3,174,1154775],[381,71,374871],[97,88,0]],[[31606,61566,0],[83,2,224073],[714,132,654309],[487,183,1286920],[486,365,0]],[[33376,62248,0],[85,11,229202],[130,-103,509116],[347,82,0]],[[33938,62238,0],[-5,-78,139536],[43,-69,144373],[-10,-8,70667],[-1,-39,42566],[10,-18,39591],[-2,-26,465808],[-50,-35,34239],[-15,-6,125556],[-49,2,77202],[-52,-20,465808],[-28,-41,54054],[-21,-10,159751],[-18,-73,66219],[-30,-78,303893],[-38,-44,117723],[-84,-28,176095],[-7,-25,64273],[-38,-25,64273],[-29,-43,260003],[41,-20,49884],[-1,-12,260003],[-50,-87,35015],[-74,-122,60458],[-19,-37,0]],[[33411,61296,0],[-41,-37,159256],[-76,-32,87400],[-48,-1,85640],[-76,-31,856853],[-18,-17,36500],[-14,-28,43043],[-21,-19,166811],[7,-43,52806],[24,-9,52806],[-7,-20,190961],[-63,-59,386510],[81,-37,241306],[-18,-24,59283],[-7,-47,112800],[12,-60,386510],[-17,-14,70855],[-31,4,34911],[-41,-4,90154],[-39,-23,142846],[-14,1,35843],[-20,19,386510],[-12,-9,35668],[-22,-37,60913],[-13,-41,219917],[6,-71,103344],[33,-53,339910],[-54,-49,75380],[-4,-20,65302],[-50,-50,2514856],[-91,-19,67522],[-9,-11,166439],[-47,11,50785],[-31,18,50785],[-26,0,166439],[16,-20,66644],[-19,-30,291857],[-48,6,47960],[-11,12,38262],[-24,1,86028],[-16,22,68274],[-26,-19,68274],[-48,-2,49134],[-29,8,358330],[-14,-16,43622],[-30,-12,75209],[-5,-27,113331],[-18,-12,44162],[-30,2,53823],[-17,-15,358330],[-48,2,72558],[-25,22,72558],[-41,5,41017],[-25,11,131241],[-10,35,86157],[-43,5,1091560],[-88,-57,83074],[-42,-42,189868],[-41,5,55463],[-9,-13,105319],[-49,-24,45017],[-21,-21,45017],[-32,-14,156846],[-18,-22,66053],[-2,-50,156846],[-61,14,635463],[-20,95,291340],[-170,0,635463],[-463,-226,0]],[[33411,61296,0],[38,9,47086],[42,21,96320],[17,29,166000],[48,5,37977],[50,-1,367050],[37,35,47681],[2,13,132814],[-57,16,139020],[-7,13,40157],[12,25,72590],[18,12,38726],[14,25,475362],[22,8,42750],[57,5,100710],[29,13,49735],[117,35,130961],[57,1,475362],[73,76,49158],[47,42,219344],[46,21,48086],[42,29,73639],[49,16,120079],[56,46,3782102],[70,-56,108963],[103,-51,404457],[174,73,645456],[69,-34,239002],[18,-168,256673],[4,-5,36690],[78,-40,1492930],[-6,-35,94174],[-27,-44,38145],[-43,-80,334271],[28,-77,224150],[-29,-79,136962],[5,-21,49729],[-13,-43,54593],[-3,-87,848648],[28,-57,50850],[27,-38,121876],[17,-49,44427],[14,-15,44427],[-4,-24,91482],[42,-81,142871],[30,-44,43333],[48,-59,142871],[12,-66,2347397],[-36,-107,104616],[-13,-31,43557],[-27,-34,127672],[-2,-103,115712],[-25,1,344647],[-3,-85,45456],[-6,-37,63618],[0,-74,234012],[-47,-21,105250],[-4,-22,44720],[14,-18,147156],[2,-27,41882],[-9,-53,72916],[-14,-44,37312],[-5,-30,718711],[-302,82,701782],[92,-164,283082],[-13,-60,62121],[-22,-20,42987],[2,-15,177958],[37,-39,86757],[-1,-38,1973201],[32,-2,48053],[19,13,101053],[62,-6,58316],[21,7,34324],[27,-1,58316],[27,-10,447873],[-9,-12,41213],[-28,-69,34951],[-1,-12,179805],[20,-111,447873],[43,-50,71148],[65,-52,164139],[49,-25,68683],[47,-38,54612],[18,-5,37602],[32,-23,960381],[69,-89,143236],[-7,-48,343601],[-121,-80,51474],[-3,-7,415061],[100,-164,194962],[2,-17,42607],[-15,-33,0]],[[34929,58837,0],[-179,-46,113812],[-107,-41,482317],[-37,-35,84905],[-1,-36,86007],[-81,-119,0]],[[34524,58560,0],[-203,215,274423],[-191,133,1877257],[-87,-147,137795],[-24,-22,34592],[-41,-46,54065],[-14,-6,137795],[-5,-51,702434],[-242,84,617254],[-12,-138,356751],[-101,-89,188253],[-81,-4,1118675],[-9,-40,81770],[16,-69,101988],[-13,-86,90657],[6,-78,345882],[-33,-92,71781],[-50,-108,1118675],[-53,9,94348],[-16,34,94348],[-37,31,43210],[-24,10,57273],[-34,32,43665],[-50,34,72487],[-8,16,54497],[-48,20,379164],[-30,-4,46318],[-39,9,78458],[-4,16,62710],[-45,-6,62710],[-47,14,38452],[-26,1,3542186],[-5,-19,72542],[-48,10,129518],[2,-21,38305],[-12,-30,59307],[-15,-13,245740],[15,-35,51153],[-6,-18,83101],[22,-18,53421],[1,-19,33590],[11,-15,448238],[13,-144,62900],[-4,-21,112487],[22,-47,54325],[2,-30,112487],[-41,-35,97508],[27,-21,199581],[9,-49,45302],[0,-39,66513],[12,-27,130584],[19,-224,73128],[12,-88,1015208],[260,-190,536976],[17,-45,156748],[-18,-59,46193],[-31,-80,2668946],[-401,-242,608319],[-397,-156,335297],[-161,-10,0]],[[34524,58560,0],[-58,-106,590127],[33,-126,59240],[33,-136,45280],[51,-201,304270],[23,-42,52773],[77,-121,36019],[7,-9,233781],[-4,-89,935147],[115,-92,33761],[54,-41,199569],[27,-66,474766],[-65,-160,444573],[55,-26,64149],[43,-34,173586],[19,-29,54330],[-10,-11,39709],[10,-17,103709],[41,-25,49277],[9,-17,1298499],[-36,-39,35536],[-36,-32,87073],[12,-9,87073],[-53,-49,49057],[-25,-15,132559],[-48,-74,40835],[-13,-15,952991],[37,1,52981],[32,-14,73724],[44,-4,41872],[23,5,136591],[10,-26,139335],[32,-9,42485],[52,-3,86954],[5,-16,41177],[20,-4,86954],[54,13,359097],[48,-23,108744],[5,-13,34427],[-5,-33,256364],[18,-9,42182],[29,4,88489],[45,-35,134102],[124,-18,4466867],[15,-79,109075],[-13,-83,398549],[-40,-31,102508],[-31,-73,174868],[-19,-7,38369],[-48,-2,154718],[-43,-73,725421],[2,-84,127059],[18,-65,40753],[19,-49,319131],[10,-9,44319],[94,-50,35584],[4,-5,944760],[-76,-115,287529],[-135,3,284542],[-13,-4,38710],[-45,-34,141881],[-17,-37,63909],[2,-37,1449682],[41,-54,36301],[34,-49,355623],[-22,-29,75709],[-44,-110,252787],[26,-124,502875],[-8,-31,56534],[-27,-35,138143],[-46,-15,100164],[-45,-56,502875],[46,-10,92527],[63,-50,103487],[66,-17,231125],[32,-71,754131],[-37,-40,42689],[-40,-36,95426],[-38,-59,231205],[-13,-102,658958],[113,2,71092],[95,10,108926],[72,-7,271121],[49,-48,658958],[-44,-50,44013],[-69,-69,227869],[-58,-3,158975],[-42,-37,45343],[-36,-22,45343],[-28,-28,1978756],[-12,-26,54939],[-5,-59,123044],[22,-51,304002],[-12,-17,65287],[-63,-21,81969],[-46,-40,304002],[-118,-182,89672],[-75,-105,392847],[-3,-56,70053],[-18,-37,70053],[-12,-61,44478],[-16,-58,320918],[-21,-10,36941],[-31,-4,42410],[-39,-17,249781],[-43,-47,62318],[-8,-25,154285],[12,-69,0]],[[34929,58837,0],[11,-23,97742],[87,-14,199955],[4,23,36659],[-9,13,61998],[16,37,199955],[42,21,114033],[25,-14,61999],[51,1,98836],[34,17,35213],[14,0,496340],[3,-20,65870],[45,-23,80213],[9,-34,146199],[61,-51,83534],[35,-8,786640],[70,35,53868],[57,35,77074],[38,12,130453],[79,59,619233],[13,1,42286],[42,-24,42286],[48,-18,84159],[84,-20,196397],[55,-4,47655],[65,3,406540],[78,14,33936],[27,8,99202],[101,38,1801720],[64,43,99051],[33,32,40110],[33,42,278350],[30,97,206256],[22,30,42542],[65,73,42542],[45,56,497360],[-5,34,56915],[-26,59,161169],[-3,18,33533],[8,25,72916],[26,24,2157958],[87,40,152338],[35,30,54660],[23,36,49779],[28,24,360166],[39,17,42511],[97,37,114757],[133,43,53055],[84,24,960649],[26,-12,74636],[54,-53,48372],[45,-36,124530],[29,-4,36007],[27,-13,86682],[39,-37,250283],[16,-65,960649],[744,23,290854],[83,-19,0]],[[28013,62775,0],[559,157,0]],[[28572,62932,0],[711,-350,980655],[515,6,1364896],[337,-402,1364896],[527,231,557467],[196,-28,0]],[[30858,62389,0],[145,-395,958379],[387,-45,435416],[174,-115,864492],[42,-268,0]],[[30858,62389,0],[668,524,2165452],[242,-15,448162],[259,-176,817484],[884,-82,0]],[[32911,62640,0],[181,12,181940],[138,44,883565],[46,-71,228896],[10,-72,91902],[22,-57,43608],[21,-75,141306],[-8,-51,141306],[27,-34,34996],[9,-20,86139],[19,-68,0]],[[33938,62238,0],[107,69,182118],[126,22,495087],[209,-122,661891],[204,32,210921],[128,61,322465],[452,66,511029],[151,-34,3048333],[75,-151,91913],[33,-44,135120],[-9,-31,46126],[13,-2,46154],[-5,-51,135120],[42,-14,241412],[26,-39,33485],[21,-23,37896],[0,-16,34725],[15,-11,68193],[50,-56,1431536],[130,-12,169620],[54,37,169620],[59,-8,77819],[55,10,63016],[56,-4,267595],[47,18,45827],[24,0,62096],[70,29,421710],[39,2,71832],[46,-8,38005],[18,-10,38005],[37,-4,165682],[24,8,51675],[42,-8,56576],[80,9,91570],[85,-5,1637527],[27,-16,48880],[51,-13,147320],[15,-11,37702],[-4,-15,38923],[30,-43,170868],[110,-44,258308],[51,-73,105949],[70,-58,776302],[-52,-214,52804],[-1,-15,334908],[68,-113,1637527],[136,21,266472],[73,-36,63098],[49,-35,36878],[16,-7,266472],[510,-76,59202],[138,-19,0]],[[35358,65068,0],[159,-35,270968],[67,25,96328],[52,46,247428],[78,-28,60734],[37,-4,789609],[37,17,51600],[39,1,51600],[24,15,139930],[26,46,194463],[149,126,46973],[125,107,1426616],[54,4,44971],[89,-1,134851],[63,-13,52633],[93,-10,297886],[140,-68,728134],[7,-40,93502],[-13,-128,44745],[-2,-42,124211],[14,-27,1806259],[28,17,51315],[306,199,158284],[145,108,581965],[2,7,42031],[-10,108,220390],[43,22,83435],[19,17,38323],[16,31,0]],[[37145,65568,0],[0,-33,106176],[34,-36,56776],[33,-17,228285],[68,-10,111044],[85,-47,38742],[10,-3,868360],[114,29,101979],[66,-1,207297],[84,59,207297],[74,22,79836],[141,59,174808],[128,22,91597],[68,24,1224629],[-31,120,169524],[26,81,618593],[88,28,38728],[22,10,215871],[35,44,83063],[23,17,37754],[32,12,111117],[11,34,51857],[22,20,363962],[75,16,130428],[63,-31,1832030],[22,-98,51266],[4,-42,196926],[-41,-67,196926],[10,-193,562706],[18,-38,74258],[41,-25,178421],[93,-207,1832030],[-2,-7,39763],[-55,-51,227909],[130,-39,46681],[8,1,227909],[15,73,227909],[124,-3,102743],[20,2,34801],[18,14,279720],[17,83,279720],[65,-34,72097],[78,-57,44939],[20,-10,690485],[65,49,43266],[12,15,170340],[6,79,458455],[128,41,190825],[186,3,1715715],[7,4,48482],[15,73,125808],[-24,56,176135],[44,85,431928],[-29,139,52482],[-10,73,52482],[-17,65,153867],[-4,93,75131],[-17,95,0]],[[39363,66159,0],[249,74,419691],[171,-10,46221],[220,-15,2253340],[151,-212,216799],[23,-94,721030],[-38,-62,140681],[-137,-131,86768],[-27,-37,1033996],[0,-62,104630],[34,-56,216114],[1,-76,104777],[-29,-96,42316],[2,-4,398343],[107,-54,398343],[-9,-34,107731],[55,-41,164261],[-6,-29,40437],[4,-33,84512],[19,-82,199898],[40,-55,47919],[30,-30,129703],[0,-32,34348],[7,-24,376287],[-19,-19,50828],[-32,-62,147036],[-8,-40,59890],[10,-41,376287],[46,-38,74818],[7,-29,96682],[25,-25,44262],[39,-22,44262],[14,-18,2749043],[88,23,68026],[26,17,99755],[69,7,228179],[46,-9,50858],[45,-19,62132],[34,4,62132],[19,-19,194643],[15,4,40792],[15,25,43678],[20,7,632625],[21,-5,34491],[199,-36,82823],[48,-16,96230],[384,-77,53634],[18,-2,0]],[[32911,62640,0],[-14,75,76132],[5,11,37138],[-7,39,39688],[6,12,76132],[-16,45,476894],[43,14,46199],[33,20,207920],[19,119,316103],[62,10,84445],[64,-13,663404],[22,3,44645],[18,19,120705],[0,71,219559],[-15,29,62925],[-10,58,56694],[-18,43,238588],[-58,37,58241],[-37,12,238588],[1,20,43649],[19,0,43649],[35,22,112299],[70,10,238588],[15,17,61136],[4,50,148879],[-13,16,50585],[-42,16,0]],[[33097,63395,0],[32,31,141040],[40,5,64212],[78,-10,220901],[19,11,71422],[3,55,220901],[20,22,67854],[56,16,68741],[40,22,39611],[29,24,110555],[7,-17,51760],[28,11,110555],[14,33,43222],[24,30,110555],[35,8,71388],[20,19,44929],[48,26,232575],[21,42,232575],[83,14,121500],[50,42,121500],[75,37,34882],[115,59,1352196],[46,8,33527],[23,-1,82283],[11,-20,82283],[42,13,41683],[20,-2,234234],[35,-68,38150],[8,-8,737300],[50,1,109487],[39,16,58342],[48,35,138358],[57,-6,202172],[28,13,58395],[47,46,351519],[42,-11,34185],[105,-21,414251],[29,3,34097],[31,11,75326],[65,33,42242],[26,8,138780],[117,17,245769],[64,33,62168],[39,35,50402],[26,10,2929339],[124,-65,60217],[88,-40,724475],[40,92,93338],[29,23,252204],[-34,33,55658],[-13,37,45724],[-14,8,252204],[15,53,38945],[18,46,127289],[-21,39,127289],[37,82,677821],[-14,18,51005],[-43,33,34066],[-32,30,160743],[0,17,48905],[26,17,267875],[-135,22,765782],[24,65,94580],[45,42,67853],[9,29,183892],[-18,46,35864],[1,9,394526],[157,221,44717],[42,61,44717],[95,130,0]],[[28572,62932,0],[367,368,49249],[483,480,1680367],[415,-26,547650],[328,119,3361758],[-110,496,361688],[-142,400,1210944],[195,442,0]],[[30108,65211,0],[452,-66,944895],[4,-282,355298],[89,-118,944895],[121,39,212390],[6,-44,46115],[12,-27,73085],[-16,-21,34772],[2,-11,64914],[33,17,212390],[19,60,110738],[17,14,34105],[30,11,318311],[19,-7,50958],[37,-40,85334],[36,-6,230131],[49,11,36592],[46,15,136694],[85,-16,901980],[132,-97,374670],[25,-225,2282454],[152,-76,244830],[27,27,68559],[46,13,379704],[261,43,125523],[158,15,701388],[66,-232,441124],[112,101,125206],[12,37,502661],[55,-19,82705],[126,-21,299121],[50,18,50207],[126,38,321004],[13,-24,126257],[52,0,70810],[70,19,161488],[3,-26,110757],[94,-16,3256330],[-17,-100,373947],[67,-47,77969],[42,-46,194415],[10,-77,207630],[105,-79,47383],[5,-8,697176],[-15,-56,43868],[2,-15,90239],[-17,-45,40902],[-21,-29,40902],[0,-17,246802],[49,-13,143293],[-16,-43,90755],[19,-11,49882],[4,-29,246802],[-32,0,64238],[-36,-24,120617],[-14,-46,697176],[39,-38,104633],[45,-20,61127],[29,3,267136],[35,-27,71657],[2,-30,71657],[28,-37,42254],[29,-27,111983],[-7,-22,69563],[20,-29,33763],[13,-8,0]],[[28082,66464,0],[1170,-412,1782571],[453,-326,714489],[335,-338,430124],[68,-177,0]],[[27390,67933,0],[1729,511,849352],[716,290,0]],[[29835,68734,0],[1947,-1647,2668449],[-49,-687,5562507],[615,-449,1148159],[299,156,265487],[294,106,972338],[129,-28,437547],[-96,-271,1148159],[592,17,804279],[14,-62,65193],[5,-71,57967],[16,-81,804279],[65,-14,42496],[0,6,69705],[64,5,114249],[60,-6,61129],[33,-16,241626],[5,-27,40186],[-7,-24,248475],[52,-4,38060],[35,-8,64751],[67,1,64751],[70,-12,582899],[34,-25,65148],[23,-42,134633],[18,-15,36141],[19,-1,43540],[61,-37,312346],[72,2,73963],[99,-12,324373],[10,-25,101329],[16,-8,40063],[36,3,53916],[35,-14,165141],[72,-87,619352],[12,-4,34080],[58,-1,77206],[20,9,47150],[26,-8,47150],[155,0,619352],[160,-110,57433],[184,-131,415914],[89,-14,71278],[114,-30,0]],[[29835,68734,0],[894,832,916158],[500,274,0]],[[33276,69042,0],[295,-878,1901578],[677,-311,1116055],[21,-250,694560],[208,-49,397869],[-20,-122,53728],[-8,-22,397869],[32,-8,65905],[31,-35,103291],[80,-36,43808],[86,-44,3855545],[77,-7,37501],[46,-8,91331],[30,10,167034],[70,-16,42999],[32,-2,42999],[44,-14,75243],[39,7,75243],[43,-21,167034],[62,3,51290],[30,-6,35329],[39,1,322731],[35,12,58996],[59,41,84747],[13,22,244491],[21,-33,39215],[16,-11,51882],[14,-30,244491],[43,-12,80376],[65,-1,40191],[37,4,162429],[15,16,45167],[33,14,38677],[23,18,162429],[31,-25,33595],[14,-19,1961967],[-6,-59,89658],[5,-29,47797],[18,-11,129982],[34,10,129982],[3,-37,60602],[23,-31,111230],[-4,-15,36877],[-21,-15,338933],[-46,-10,46205],[-11,-12,54427],[-56,-11,728917],[-7,-17,60192],[29,-34,122105],[46,-34,35940],[18,-21,35940],[11,2,79618],[19,-30,211775],[-5,-70,384139],[149,-119,225549],[89,22,225549],[18,-6,62377],[-14,-39,62377],[16,-29,59553],[-5,-35,1237026],[8,-11,35701],[15,12,35701],[31,5,92559],[38,17,45968],[24,22,309518],[37,-10,41978],[30,0,41978],[106,-18,131998],[29,-8,38798],[56,-26,614162],[23,-28,80597],[-3,-11,34257],[-24,-11,80597],[2,-21,36204],[17,-43,223416],[-16,-8,35101],[-3,-16,62420],[-24,2,35489],[-14,-10,108103],[-18,-50,614162],[217,-129,303951],[-8,-20,53024],[-5,-82,303951],[46,22,122460],[37,-27,49361],[6,-17,123393],[29,-8,42494],[21,7,42494],[37,-6,90322],[1,18,1888654],[138,109,35757],[62,47,469007],[293,12,0]],[[37100,66313,0],[35,-48,137474],[82,-7,220396],[37,-99,555624],[-38,-36,71352],[-127,-91,176319],[-79,-23,727489],[45,-104,241073],[153,-97,282642],[121,47,282642],[3,-128,727489],[-5,-8,58499],[-182,-151,0]],[[37201,68832,0],[-21,-22,69678],[5,-7,34113],[-12,-28,49375],[-21,-22,41730],[-1,-19,143330],[-14,-17,33935],[-25,-14,45952],[-42,-44,238077],[-30,-74,85146],[-3,-55,800147],[20,-19,51977],[30,-3,136305],[9,-31,79537],[-31,-33,155567],[20,-28,78241],[17,-7,36165],[29,3,162421],[14,-21,59818],[2,-34,40736],[13,-38,305957],[80,-59,75295],[58,-29,1012369],[3,-19,63341],[-38,-36,153186],[-132,-70,305442],[-10,-27,65590],[-53,-58,113750],[-26,-57,59805],[2,-24,92833],[-32,-35,1385310],[-5,-56,45620],[-11,-36,102339],[-1,-55,37862],[4,-63,238637],[-15,-23,45901],[-39,-32,111444],[-10,-26,38223],[0,-30,238637],[55,-40,56236],[21,-3,302226],[-10,-73,106052],[-37,-36,106052],[-8,-38,42992],[5,-24,534142],[94,-127,534142],[-37,-106,270856],[1,-91,113514],[32,-138,108706],[-6,-24,69729],[35,-19,98766],[-30,-24,270856],[-18,-68,84245],[-22,-33,44860],[12,-7,44860],[-26,-17,212752],[13,-25,55368],[-3,-40,69920],[20,-33,530128],[39,-27,36000],[150,-107,51063],[4,-6,496218],[-101,-137,38257],[-18,-28,0]],[[39516,67279,0],[-48,-29,204799],[-20,-120,104309],[8,-14,43438],[0,-46,233322],[-78,-101,99012],[-15,-45,342011],[19,-92,60080],[8,-17,41044],[-6,-28,231297],[-55,-74,82960],[-5,-31,792266],[80,-175,420989],[-3,-37,41848],[-33,-286,60603],[-5,-25,0]],[[40738,69310,0],[149,-14,279334],[123,-118,701884],[72,76,40446],[11,7,200745],[114,31,101165],[46,30,528218],[69,-37,201229],[26,6,68137],[53,-25,68137],[14,11,68137],[106,-10,98494],[40,7,1373181],[5,-76,323431],[175,-99,224453],[116,-124,490762],[12,-175,1373181],[133,-75,280065],[495,-165,740914],[13,-19,52956],[50,-29,106787],[108,-46,276277],[67,-55,45153],[287,-229,752105],[632,-244,1940781],[499,19,0]],[[40041,70827,0],[22,9,40771],[28,-3,40771],[58,10,69714],[52,16,389630],[9,45,136677],[-55,42,51826],[-20,5,222043],[3,13,35242],[28,37,66289],[10,44,778447],[34,8,58316],[38,-12,112577],[69,16,36581],[71,12,256388],[-9,16,35454],[12,8,35454],[10,39,125322],[27,2,43339],[28,16,256388],[26,-21,52413],[63,-69,340132],[167,12,216058],[82,62,2073088],[46,-38,143425],[106,-11,45145],[12,3,375777],[102,-62,104575],[5,-24,164159],[73,-96,65504],[38,-30,53033],[16,-28,891139],[-7,-25,94581],[13,-45,54445],[29,-58,318983],[-38,-125,125479],[-44,-92,59546],[-14,-15,1023071],[123,-36,35968],[85,-23,143761],[31,27,97709],[41,-28,381686],[-31,-26,60616],[19,-8,60616],[-26,-34,46461],[-4,-23,308747],[41,-10,45232],[73,-9,112217],[25,6,37479],[12,15,112217],[39,-47,2073088],[5,-18,37720],[-9,-26,59554],[15,-11,59554],[5,-69,230850],[-29,-21,33898],[-19,-21,61307],[-25,7,47585],[-6,-18,230850],[-1,-83,41112],[4,-54,295665],[81,-43,295665],[-29,-39,92704],[-54,-135,1228588],[10,-37,65808],[30,-22,157452],[48,-8,51483],[37,6,425765],[59,25,95120],[66,40,58075],[43,37,182190],[63,14,61862],[69,27,651829],[37,53,78537],[80,82,117309],[45,58,58387],[21,42,1228588],[33,14,57644],[48,0,86557],[44,31,79898],[48,4,252649],[52,-14,50695],[44,-3,63902],[45,-17,534832],[-14,-34,117305],[4,-19,44364],[22,-4,44364],[32,-32,154987],[-10,-31,59048],[6,-20,42445],[-4,-42,683367],[33,-5,86993],[33,15,47338],[63,15,247009],[9,-11,45336],[31,10,60490],[16,-19,89334],[88,-2,150619],[83,18,150619],[28,-1,39697],[56,-13,92591],[103,2,683367],[401,-46,72551],[301,-37,39731],[66,-8,33922],[130,-14,39731],[66,-10,379676],[276,-63,0]],[[39699,72346,0],[144,98,337788],[174,-43,536170],[30,42,36465],[25,26,37635],[19,31,37635],[29,33,323982],[27,17,46476],[40,10,144967],[45,-8,52973],[15,-11,35133],[33,-9,299849],[19,15,38762],[15,27,38762],[29,28,64473],[18,6,55003],[9,38,656478],[27,1,39240],[39,-10,56744],[13,-12,116422],[65,0,59314],[32,10,340649],[29,-32,59191],[39,-18,118872],[24,-41,56755],[8,-38,109462],[36,-14,652313],[10,21,51484],[40,26,88789],[16,18,37969],[28,52,40982],[16,17,185171],[-15,17,84599],[9,34,49707],[22,32,1333951],[41,-1,70883],[39,-25,189877],[-4,-20,58079],[31,-19,58079],[36,-52,35642],[13,-25,266028],[37,-25,42398],[30,-10,58947],[32,-27,140997],[38,-10,40871],[47,-3,2522201],[77,43,142542],[36,43,77920],[9,44,123366],[46,18,416393],[27,-27,67410],[53,-20,94892],[28,-39,44617],[19,-12,509941],[68,51,96496],[33,12,53951],[4,19,53951],[47,48,65546],[70,57,34152],[41,37,681244],[67,-5,83350],[87,-29,134748],[48,-6,53342],[81,0,68726],[57,-10,681244],[-38,49,230977],[6,34,80679],[33,7,35595],[10,10,127799],[-6,22,39695],[-20,19,127799],[14,76,50523],[-3,27,50523],[21,19,50523],[-10,15,1416533],[-63,18,105996],[-39,-2,50778],[-30,-15,167232],[-34,11,61943],[-37,-2,34062],[-15,6,35017],[-67,11,61943],[-17,-5,58980],[-41,20,39668],[-22,3,863117],[-25,93,143994],[35,43,219321],[-32,24,38956],[-36,38,378874],[10,91,58375],[17,82,209122],[58,43,1416533],[256,-167,625099],[103,74,305102],[19,28,59554],[2,42,146855],[-20,33,56288],[-25,9,133576],[15,66,625099],[33,4,37023],[49,14,43763],[76,11,100925],[67,-1,294382],[15,-34,130960],[79,-35,58948],[44,-10,272168],[94,6,108264],[40,28,0]],[[42562,73521,0],[42,-23,37744],[28,-21,81948],[12,-34,66446],[33,-15,227081],[54,-10,45387],[49,-2,76258],[33,-20,43734],[13,4,357248],[44,55,80194],[32,9,809133],[25,-25,36284],[11,0,57264],[45,-50,159177],[-10,-29,64281],[16,-41,182451],[26,-16,48873],[35,-40,57300],[28,-15,456235],[-66,-70,68429],[-19,-33,261513],[24,-51,85419],[-20,-21,129130],[22,-23,51709],[28,-6,1061902],[114,72,177734],[38,42,50169],[14,30,50169],[39,42,309697],[61,-27,192866],[-82,-88,309697],[35,7,41139],[19,-6,85256],[2,-18,36100],[17,-9,183365],[85,58,54159],[43,23,164266],[9,-37,1975071],[-13,-19,46444],[-40,-24,59500],[-85,-83,326804],[168,-5,326804],[174,-149,633434],[-1,-17,65692],[-28,-132,38257],[-34,-169,1485019],[34,-33,60792],[392,-368,52629],[132,-126,134879],[76,-65,497580],[302,-205,0]],[[39651,76048,0],[478,-298,1197384],[191,-193,405430],[151,-330,494232],[182,-132,765821],[110,-371,3188367],[1269,292,57919],[60,13,3915804],[-1,-94,43739],[-5,-51,96193],[12,-34,228576],[-43,-25,62369],[-22,-31,228576],[74,-10,121604],[13,-9,33680],[1,-19,62323],[38,-20,228576],[-2,-40,39515],[8,-1,39515],[-4,-39,109132],[-28,-8,56492],[-2,-25,571450],[-54,-4,48058],[-43,5,310871],[11,-74,169537],[-26,-68,60803],[-30,-34,60803],[-5,-31,1481584],[26,-44,130517],[30,-25,54318],[52,-21,107440],[29,-46,67363],[31,-16,202828],[-1,-30,73021],[36,-52,458970],[-17,-40,42036],[3,-15,48020],[-18,-40,107040],[-23,-10,58152],[-19,-39,458970],[46,-2,78080],[26,-14,36470],[6,-15,78080],[42,0,68935],[15,-24,68935],[47,-4,45786],[24,-12,222257],[72,25,458970],[26,-23,60019],[47,-69,198505],[52,1,68817],[55,-18,198505],[-12,-22,57538],[6,-29,39752],[-5,-23,246698],[30,-31,102677],[23,0,44261],[66,-18,246698],[7,-12,36704],[38,-22,96622],[-32,-19,96622],[8,-60,978134],[-10,-14,51849],[-52,-31,42477],[-24,-21,99261],[-45,-11,172543],[-7,-50,0]],[[34355,72953,0],[348,612,151305],[13,11,0]],[[34716,73576,0],[596,529,766920],[477,320,41857],[484,322,0]],[[36273,74747,0],[986,344,119906],[1004,346,48634],[388,131,1280384],[394,190,36080],[606,290,0]],[[42689,77470,0],[-313,-202,600768],[-73,-289,1982042],[-875,-173,59987],[-721,-145,952847],[-489,-219,0]],[[40218,76442,0],[-145,286,414372],[-49,346,461224],[94,163,450482],[-231,51,1002223],[485,320,972610],[43,103,281378],[-82,47,89605],[-55,12,507653],[-56,-24,50544],[-24,0,61692],[-68,-16,34879],[-35,-4,34879],[-30,-10,235960],[-28,3,49702],[-29,23,73500],[-51,2,0]],[[39957,77744,0],[-2,36,84560],[-46,54,104772],[1,46,513314],[12,17,45303],[41,20,45303],[16,21,36009],[22,10,89164],[9,28,89164],[41,10,63924],[30,29,174068],[9,25,50464],[27,26,38805],[8,20,403713],[21,3,69465],[49,-21,47746],[62,-15,513314],[21,48,85706],[21,25,41891],[30,18,174892],[34,9,40895],[28,-3,130982],[9,28,75557],[54,35,336717],[-13,33,56092],[13,17,64121],[-22,35,64121],[9,26,1095306],[41,26,46997],[36,34,111094],[46,-2,111094],[14,10,47517],[12,44,248466],[52,1,33572],[21,4,96841],[23,30,96841],[32,-4,38310],[36,6,381938],[57,-14,59973],[23,-18,85810],[56,-9,40887],[48,-14,319103],[10,14,38143],[32,13,76289],[12,37,76289],[40,25,1771453],[-12,48,72531],[-27,57,34214],[-20,32,206025],[-21,6,36407],[-31,-3,51428],[-20,12,531200],[24,45,47559],[18,11,47559],[16,36,181897],[22,6,53031],[-28,20,82431],[-32,-6,43131],[-23,8,181897],[18,34,80867],[57,27,59394],[7,16,325740],[-18,41,49277],[3,31,47418],[-13,21,131552],[-42,20,96210],[-12,15,41827],[-8,42,245989],[22,24,54135],[35,11,0]],[[40947,79061,0],[34,-8,68741],[1,-16,41465],[24,-19,108711],[59,0,221629],[2,32,50453],[19,48,221629],[41,18,82734],[26,-11,60881],[53,9,110199],[22,-14,38903],[31,-6,110199],[33,19,64138],[46,1,293987],[16,30,75175],[51,22,254614],[35,-4,45179],[26,-14,101225],[22,-42,101225],[68,-29,293987],[22,3,59633],[13,36,88284],[50,30,56094],[18,-2,0]],[[28547,73556,0],[1155,-1160,689356],[939,-1043,1252415],[937,-856,0]],[[29194,74204,0],[1822,-432,799453],[659,-61,799453],[1095,-305,2445691],[1266,-640,0]],[[32218,78043,0],[1019,-1041,49278],[133,-138,538661],[523,-488,3903481],[-44,-77,240688],[87,-124,422817],[-127,-274,422817],[-75,-517,1936539],[83,-460,851218],[483,-882,0]],[[34300,74042,0],[-834,642,1412862],[-635,238,392913],[-17,4,70757],[-7,19,35420],[-32,52,189557],[-30,19,71581],[-29,-17,71581],[-24,0,38356],[-22,12,120131],[-12,29,48501],[-18,4,771508],[-122,-16,115068],[-16,1,34426],[-21,-15,34426],[-66,-22,1936300],[-44,68,137599],[16,40,75844],[-1,35,43731],[-11,9,214037],[-66,11,323069],[-14,8,33778],[-11,21,69939],[7,32,69939],[-7,28,34678],[-17,34,167719],[11,50,96453],[-6,35,35548],[3,27,58089],[-17,20,47941],[3,24,640590],[-34,9,85869],[5,30,59730],[-22,20,169260],[-203,116,1936300],[-1717,668,0]],[[33607,79128,0],[1687,-747,2643811],[559,-617,946314],[46,-84,173513],[-34,-77,248939],[91,-127,248939],[43,-212,1289468],[79,41,149423],[120,2,630582],[86,-64,87756],[96,-89,94071],[6,-35,94071],[59,-30,313718],[59,-135,5708022],[-116,-185,398879],[67,-169,331732],[-80,-141,859069],[-356,-256,682297],[-112,-355,2258041],[366,-1101,0]],[[34716,73576,0],[-416,466,0]],[[40218,76442,0],[-567,-394,0]],[[33982,79600,0],[1690,-749,952744],[638,-173,0]],[[36310,78678,0],[162,-149,725751],[816,-69,1574067],[201,-213,420933],[292,-123,640507],[93,-176,48878],[31,-46,36653],[2,-12,130679],[33,-22,68629],[16,-40,1329429],[30,-14,53675],[69,-14,59936],[19,-15,36087],[23,-4,388839],[72,18,136063],[48,65,269524],[40,1,39387],[16,9,51337],[76,4,51337],[74,16,47040],[18,-3,914101],[26,-37,127116],[83,-49,66844],[58,-24,213720],[74,-7,83776],[2,-12,54481],[52,-13,164286],[18,-38,125455],[47,2,55127],[38,-12,99733],[-1,-17,39611],[20,-10,497067],[-39,-45,85100],[0,-20,37716],[-14,-17,34028],[1,-16,2845071],[26,0,33965],[52,-10,101151],[136,-4,48928],[28,2,38574],[52,-8,70845],[53,3,322738],[102,-60,291384],[100,118,322738],[117,1,135539],[65,33,266050],[42,-53,109862],[32,1,41983],[24,-11,773195],[44,53,158749],[23,7,44612],[50,-1,49670],[16,-9,49670],[25,18,161254],[26,35,38864],[31,29,161254],[60,-12,113985],[38,18,49574],[9,18,0]],[[36310,78678,0],[1192,624,776342],[829,321,1223529],[133,227,452240],[256,109,0]],[[38720,79959,0],[611,232,313749],[133,16,2390800],[94,-110,158336],[31,7,46157],[27,-9,88987],[17,-29,532950],[-4,-20,41196],[-26,-30,146558],[-4,-37,37969],[-13,-48,53389],[-22,-25,53389],[13,-14,53389],[-12,-16,41346],[3,-26,41346],[-12,-24,37175],[0,-24,47861],[-26,-22,47861],[19,-2,895673],[86,32,91567],[14,31,91567],[65,16,146558],[9,20,41595],[-8,22,146558],[109,-1,233518],[59,34,92666],[13,33,34435],[13,12,895673],[53,-19,92011],[43,-49,197665],[-4,-25,77139],[15,-47,43284],[20,-36,596586],[31,-18,83443],[59,14,125825],[14,-8,37750],[-5,-18,37750],[15,-12,214605],[307,-203,437850],[42,-129,437850],[130,-54,135936],[9,-36,124740],[43,-6,61018],[2,-19,61018],[57,-15,167248],[8,-24,37114],[25,-35,167248],[21,-7,53956],[81,3,727472],[14,-18,37322],[20,-5,67905],[-2,-27,98216],[38,-102,52304],[2,-21,0]],[[36501,82504,0],[1528,-1000,1731402],[249,-19,837942],[99,-132,249580],[2,-93,88508],[-18,-21,306913],[133,-154,465020],[-105,-122,244643],[-17,-142,365606],[41,-25,149125],[86,65,837942],[57,-15,55156],[20,-15,49146],[57,-16,142135],[4,-34,215558],[83,-14,65804],[52,-20,87792],[50,0,238362],[25,-21,54115],[-1,-23,121840],[92,-35,629464],[-35,-25,91840],[-1,-31,45951],[14,-11,105097],[-46,-18,105097],[5,-49,230888],[37,-23,60122],[21,-35,0]],[[38933,80476,0],[-85,11,108925],[-17,16,49950],[-56,23,345531],[-9,-40,43968],[-14,-16,85764],[-1,-31,34745],[7,-16,53721],[-9,-32,182433],[46,-32,345531],[-38,-60,66198],[9,-25,66198],[-31,-17,88421],[-33,-48,37862],[-36,-42,581767],[16,-69,95844],[37,-33,159993],[1,-106,0]],[[39512,84815,0],[1196,-1210,3141650],[37,-645,50007],[27,-463,115158],[47,-820,0]],[[40819,81677,0],[-206,-52,759793],[-71,-89,155397],[3,-70,265399],[-101,-102,138220],[-13,-59,134114],[-43,-20,87205],[-40,-58,425585],[14,-11,53367],[52,-11,44342],[35,-15,425585],[-23,-35,70217],[-31,-23,34486],[-41,-40,187920],[-56,-1,136944],[-66,-37,79344],[-29,-38,308827],[8,-33,42388],[14,-9,133941],[-59,-33,96815],[2,-33,1771981],[-45,8,80441],[-75,-19,215882],[-14,13,40494],[-55,22,95855],[-53,-2,119231],[-40,36,389859],[-18,-30,47910],[-27,-17,138714],[-80,-6,88003],[-35,-23,224622],[-66,19,44523],[-17,-5,44523],[-29,17,91263],[1,-16,1044450],[-60,-31,36003],[-44,-27,187314],[-18,-60,57374],[-22,-34,187314],[-64,-36,79711],[-63,-56,121777],[-8,-32,221531],[-91,-53,94133],[-48,-8,221531],[-29,-58,64099],[1,-30,678085],[-135,-12,103802],[-101,8,0]],[[40819,81677,0],[136,-161,821341],[871,-373,244062],[48,-1,61646],[21,17,213793],[31,-24,52227],[34,-47,75874],[30,-12,52370],[28,-31,618636],[-8,-18,47896],[11,-33,53040],[-11,-23,120857],[13,-23,35667],[-8,-8,35667],[7,-36,59243],[-19,-26,59243],[16,-17,59243],[5,-30,36531],[-5,-26,52209],[12,-13,47645],[-1,-41,618636],[65,-17,84100],[42,13,201225],[-3,12,43194],[15,68,201225],[75,42,131912],[8,20,47080],[-12,28,131912],[20,15,35234],[19,27,82964],[51,4,82964],[-10,28,3710323],[-23,11,35613],[-41,8,159695],[-24,39,50169],[-35,33,50169],[-5,24,38309],[-16,13,476604],[118,87,216756],[36,-15,46591],[30,-26,127114],[37,-2,37199],[37,7,216756],[-21,78,476604],[25,14,67320],[17,48,44151],[12,8,128010],[10,65,62175],[18,36,226069],[-31,28,39243],[-33,19,59816],[-8,18,191013],[33,31,62770],[40,12,191013],[1,30,42604],[13,14,66805],[-3,63,159984],[37,9,89955],[20,51,713958],[-28,59,81549],[5,40,137882],[-23,21,65474],[1,24,38256],[-13,28,71559],[-26,22,103403],[0,22,33876],[-11,6,33876],[-5,34,493532],[18,18,67891],[19,55,38422],[0,17,86036],[31,33,92548],[10,35,38038],[14,19,54077],[2,33,54077],[20,23,1806445],[-38,57,178678],[-18,13,40123],[-197,126,1027000],[930,181,0]],[[25533,9689,0],[50,98,0]],[[25583,9787,0],[53,79,138652],[62,37,260490],[27,55,51723],[13,13,51723],[44,82,91003],[29,37,41544],[22,39,561131],[3,20,33764],[13,35,103240],[-2,42,42792],[-8,3,33644],[0,22,137573],[9,19,34540],[0,19,34540],[20,76,561131],[28,5,74469],[25,34,240874],[14,56,76843],[30,54,83873],[18,60,33953],[21,58,322402],[32,25,41227],[28,13,212416],[63,96,130913],[-16,22,130913],[27,49,55724],[22,24,98383],[17,-5,414266],[7,42,37128],[10,37,66451],[13,15,60098],[10,53,0]],[[26217,11003,0],[68,-54,141367],[22,11,49710],[25,-4,226370],[26,-21,42487],[30,-34,61681],[21,-12,97132],[34,-47,916221],[19,48,105585],[14,14,36609],[36,22,269866],[30,-32,42578],[43,-38,346673],[28,38,48087],[13,29,41332],[24,34,149838],[36,22,34385],[15,3,34385],[6,13,506567],[34,-17,56750],[36,-33,156097],[64,23,156097],[38,-44,391786],[63,46,43642],[43,40,42407],[9,3,0]],[[26994,11013,0],[-10,-24,40971],[-6,-37,295334],[11,-15,49265],[19,7,107872],[34,-39,70713],[7,-31,161381],[-46,-6,96203],[26,-28,161381],[16,-71,78333],[20,-31,109385],[-6,-30,45881],[6,-18,232610],[44,-41,199209],[-14,-11,68752],[2,-30,37644],[7,-14,70652],[-19,-34,57027],[1,-26,867361],[16,-17,51671],[11,-38,67542],[15,-4,67542],[21,-40,47893],[28,-28,42851],[1,-11,150281],[39,-106,138176],[37,-55,45227],[15,-13,412370],[2,-52,74421],[-15,-32,88426],[-1,-52,44625],[5,-15,412370],[38,-40,46079],[14,-4,46079],[11,-25,82732],[21,-7,222554],[7,-43,39743],[-5,-3,46980],[9,-58,194910],[24,-16,37584],[37,-34,682473],[12,-147,50752],[10,-63,50752],[-3,-19,266076],[-34,-56,81294],[-8,-25,35509],[3,-13,583888],[28,-12,81415],[0,-20,46241],[15,-24,89660],[45,-29,103693],[62,-78,0]],[[24175,12742,0],[7,-13,41230],[-7,-22,81369],[29,-32,283545],[-10,-49,34305],[-7,-48,154855],[-44,-35,217978],[-11,-47,89863],[5,-34,41120],[0,-52,347222],[21,-12,45939],[19,5,70737],[21,-10,38564],[7,-13,326147],[-4,-42,93946],[-37,-46,186041],[-7,-21,46221],[-7,-64,108798],[4,-30,37064],[9,-19,806863],[63,-88,195407],[50,-19,73654],[55,-36,0]],[[24331,12015,0],[-37,-42,77587],[-31,-62,138789],[-65,-58,352158],[-2,-29,77374],[-29,-53,34576],[-7,-7,156089],[-6,-33,51862],[11,-7,62506],[-11,-43,52652],[4,-20,485590],[-29,-2,50175],[-3,14,42916],[-18,-3,114661],[-9,-38,114661],[-22,-12,47253],[-45,-39,418523],[-88,-123,234136],[-24,-164,234136],[-55,-30,1372464],[-84,136,558561],[-281,-111,0]],[[25583,9787,0],[-38,73,206417],[11,148,421362],[-90,56,116251],[-39,1,0]],[[25427,10065,0],[4,37,84758],[-26,36,92580],[2,54,189340],[-23,71,80392],[15,22,80392],[-12,19,47787],[-19,1,80392],[-11,52,70305],[-32,82,280691],[-39,16,121297],[-28,38,62057],[1,21,36938],[-10,14,227987],[-8,67,44157],[-8,17,44157],[4,33,891416],[28,24,134306],[32,58,51735],[3,15,40669],[20,13,51735],[10,30,69965],[21,17,64776],[-3,28,69965],[-10,-16,43493],[-5,19,52382],[41,20,184853],[20,-38,172151],[8,13,36981],[14,53,86564],[-3,4,34728],[24,24,34728],[14,22,891416],[-47,29,125845],[-6,56,130367],[-19,23,35383],[0,11,67572],[-18,-5,67572],[-30,43,49986],[-14,6,545961],[-34,-25,120856],[-55,-6,38611],[-40,0,122031],[-65,-36,65226],[-25,-4,991820],[-13,20,39021],[-25,60,85894],[-8,45,105021],[-24,56,58847],[-33,57,82589],[-15,47,487477],[-50,23,64377],[-27,24,213051],[-43,92,51103],[-20,22,39631],[-2,15,275710],[-23,0,56651],[-25,-22,0]],[[24790,11462,0],[4,38,64662],[21,33,111441],[-5,60,233173],[14,-12,37840],[11,6,37840],[-22,7,37840],[34,13,143377],[20,47,53722],[2,25,77554],[22,30,453390],[-42,12,101969],[3,14,37852],[-9,26,219926],[12,22,35457],[24,27,82737],[15,49,219926],[0,54,34245],[4,56,97420],[-12,38,0]],[[24886,12007,0],[16,5,35141],[29,21,272236],[36,0,59216],[20,-16,68421],[78,-16,49887],[25,0,99064],[76,-25,212486],[103,5,683740],[32,47,50439],[22,21,115596],[33,9,54055],[19,19,196748],[24,51,45780],[12,38,303106],[20,1,47997],[45,-15,0]],[[25476,12152,0],[15,-26,67871],[28,-75,34262],[25,-60,403795],[44,33,77986],[29,7,41742],[31,17,142525],[11,35,0]],[[25659,12083,0],[43,6,116933],[29,-45,92385],[26,4,240672],[6,-22,46572],[23,-34,62117],[3,-26,77820],[15,-31,38092],[16,-21,240672],[12,15,38809],[7,29,41779],[16,24,1007324],[25,-30,66162],[7,-22,37009],[18,-32,165194],[-20,-49,165194],[10,-20,41843],[6,-43,107012],[29,-29,34532],[11,-17,260195],[-11,-34,45179],[-14,-15,474822],[22,-27,45546],[36,-32,62098],[15,-26,77551],[25,-22,41438],[40,-47,46755],[14,-10,537025],[-13,-49,68558],[12,-7,175886],[42,-85,40339],[16,-41,40339],[22,-40,175886],[2,-47,41367],[6,-34,290167],[18,-25,33464],[35,-39,75028],[28,-17,290167],[-9,-60,45739],[1,-27,56687],[-11,-53,0]],[[25427,10065,0],[-64,-114,672941],[-477,-55,331197],[-10,94,296203],[-63,-4,61736],[-24,-10,175656],[-47,-61,1149597],[-14,12,60904],[5,37,94134],[-31,19,177357],[22,29,63971],[8,38,545814],[-16,23,89526],[-49,-5,120828],[-51,48,293616],[-223,13,2224724],[-146,-76,446689],[8,-201,446689],[-143,-415,1192670],[-308,3,0]],[[23551,10959,0],[160,36,422338],[111,132,312475],[201,105,807944],[31,-29,100428],[22,4,35327],[13,12,65877],[14,-13,184741],[18,32,62010],[26,15,169768],[12,-10,35752],[29,-8,59358],[19,15,59358],[14,-17,255156],[22,35,84140],[-24,19,65262],[-2,29,84140],[36,23,84140],[-11,-13,37519],[6,-14,46287],[-16,-16,255156],[124,-15,191708],[21,-48,730287],[33,6,53154],[38,19,49093],[33,6,80518],[32,20,259947],[0,26,34436],[12,18,34436],[-6,7,133514],[17,17,38071],[28,15,57124],[14,22,249040],[9,-13,33323],[10,-30,45806],[14,-14,117667],[20,16,101965],[7,-18,42209],[30,-33,173966],[8,-20,39583],[12,-52,73417],[-3,-31,173966],[38,37,237766],[-3,20,38356],[-22,67,131844],[-23,11,62836],[-22,37,249040],[5,14,55407],[44,37,125043],[53,26,41809],[21,4,41809],[14,15,0]],[[24331,12015,0],[47,-35,44463],[49,-31,378379],[47,0,64901],[45,14,132715],[38,35,235375],[-22,55,62925],[-9,49,235375],[24,22,74918],[27,-11,168185],[49,-75,378379],[91,-13,93753],[82,-26,176962],[66,2,45070],[9,11,33299],[12,-5,0]],[[24180,12929,0],[26,-11,35942],[24,-18,66868],[19,-24,328124],[10,9,51265],[1,40,86058],[10,14,40125],[15,-4,94852],[15,63,143946],[45,43,625467],[17,-7,45377],[0,-19,51953],[32,-24,98819],[10,20,156611],[52,-2,78066],[36,5,42503],[14,10,314552],[7,-17,49532],[-12,-25,194354],[47,17,37930],[3,8,37930],[31,3,109061],[38,21,51804],[27,25,203899],[36,-7,35916],[18,2,40382],[32,-7,176584],[36,15,52137],[80,21,155891],[54,5,70212],[29,-11,1241952],[11,-53,111288],[-31,-28,127113],[-10,-65,79917],[5,-64,88679],[-8,-21,44615],[-3,-41,716145],[21,-7,69849],[42,19,43740],[16,0,143973],[20,28,59652],[34,21,330898],[109,-54,124183],[43,-7,43316],[4,6,0]],[[25185,12808,0],[23,-26,37866],[4,-14,107798],[-8,-29,52149],[6,-32,107798],[35,-81,165894],[5,-56,77882],[21,-35,77882],[-12,-17,35922],[3,-13,496901],[23,-19,36931],[35,-39,33355],[25,-22,40055],[13,-19,40055],[25,-17,137242],[11,-34,77799],[42,-40,366749],[16,-47,82247],[-18,-23,82247],[24,-25,82247],[-2,-23,57330],[18,-30,35676],[2,-15,0]],[[25810,12582,0],[-22,-48,67298],[-60,-162,91411],[1,-17,91411],[-71,-149,351525],[9,-68,84504],[-8,-55,0]],[[25185,12808,0],[6,16,47572],[31,24,67550],[28,49,47963],[18,18,133180],[43,22,166663],[18,41,44624],[1,18,88809],[22,19,50594],[4,24,39215],[11,7,166663],[22,-32,289200],[19,18,34245],[4,15,34245],[16,13,113113],[-10,25,95615],[8,15,33679],[10,-2,58772],[-6,25,62919],[21,15,1320873],[18,-6,49357],[23,-30,86384],[36,-22,33579],[46,-23,221661],[14,1,45177],[-1,23,45177],[15,6,121017],[45,-13,44071],[8,-10,751863],[31,-77,122525],[41,-52,39378],[23,-33,122525],[21,-55,105272],[25,-36,34884],[24,-26,91369],[20,-36,36456],[8,-24,513170],[-2,-21,38203],[-16,-42,41867],[-20,-80,0]],[[26759,13464,0],[10,-48,54683],[17,-37,64475],[4,-40,126177],[34,-55,299727],[91,-34,299727],[14,-26,105397],[-6,-48,40106],[1,-40,84362],[10,-18,40650],[-1,-25,734846],[-20,-63,57567],[-13,-69,113352],[-23,-44,39832],[-13,-39,541443],[21,-39,103756],[-3,-24,44256],[10,-18,44256],[11,-59,61493],[11,-30,199904],[35,-23,56295],[20,-28,199904],[-3,-107,0]],[[26966,12550,0],[-64,7,47469],[-80,14,125905],[-85,29,125905],[-126,31,79312],[-43,3,37750],[-11,6,37750],[-69,13,291207],[-42,-6,58808],[-32,9,58808],[-23,-9,777397],[-3,-45,52983],[9,-21,52983],[-9,-16,33603],[2,-16,170184],[-27,-19,62689],[5,-25,62689],[-24,-3,424623],[-22,25,52410],[-17,1,52410],[-28,28,95438],[5,12,60991],[-32,30,137762],[-29,1,67076],[-27,25,424623],[-18,-28,47196],[7,-13,47196],[-22,-8,47196],[-15,-31,182301],[21,-38,77583],[-21,-6,77583],[-3,-17,46860],[16,-25,231493],[-29,0,93867],[6,-21,56880],[-25,3,56880],[-11,-29,386667],[-7,19,47608],[-21,11,99210],[-12,38,40258],[1,17,63287],[-18,30,560381],[-27,0,67925],[-10,26,93968],[-28,-3,39064],[-4,10,38105],[-22,-4,164517],[-20,-24,75196],[-24,8,50033],[-15,-11,227364],[-51,20,86825],[-32,34,0]],[[26966,12550,0],[6,-30,35146],[10,-21,35146],[21,-64,97136],[8,-48,42720],[16,-64,240841],[45,-73,155377],[16,-45,64430],[8,-64,125343],[26,-39,55874],[15,-42,942291],[-18,-44,41013],[-15,-22,146237],[11,-11,67379],[2,-64,226332],[-39,-149,86848],[-11,-17,42556],[-16,-47,86848],[-9,-62,139644],[9,-74,136616],[-6,-13,59942],[-16,15,37187],[-17,3,513856],[6,-23,66901],[38,-54,60737],[14,-6,48457],[-3,-24,0]],[[27067,11468,0],[-6,-19,38573],[6,-20,47194],[-9,-28,171720],[26,-49,33431],[14,-32,103324],[10,-41,37625],[-3,-12,457683],[-32,-16,44156],[-25,-20,109925],[-33,-54,291882],[-13,-43,55902],[-19,-96,123675],[11,-25,0]],[[27946,11296,0],[-64,51,62413],[-35,37,186686],[-88,129,114918],[-47,46,1119904],[-20,-12,79186],[-52,-6,38164],[-37,1,94825],[-19,15,94825],[-17,0,37295],[-5,-12,41049],[-40,-10,317002],[-21,28,41762],[2,11,222717],[-52,10,72639],[-33,-8,72639],[-99,13,49799],[-15,-2,600671],[-46,-69,116671],[-17,-63,39335],[-12,-27,434276],[-18,0,37690],[-16,13,39138],[-36,6,156109],[-11,-10,35500],[-24,-4,61100],[-19,-24,228680],[-10,12,34660],[-28,47,0]],[[23743,15598,0],[-219,-357,430484],[-125,-73,0]],[[23399,15168,0],[16,179,417626],[-39,114,181696],[-38,69,93099],[-53,62,1244285],[-16,-2,55966],[-38,-32,55966],[-32,-13,388232],[-10,22,120480],[-37,-18,80586],[-8,23,80586],[-31,-12,37623],[4,9,39227],[-31,5,189351],[-35,-50,189351],[-20,10,88040],[-12,30,38426],[0,19,61948],[-19,27,202475],[-12,-7,34752],[-4,-18,118336],[-19,15,41377],[-27,9,68108],[-16,-8,34591],[-12,6,311445],[-6,-23,50481],[3,-54,257040],[-32,13,66172],[-12,-23,66172],[-13,31,66172],[-10,-2,33373],[-8,16,48492],[-22,-3,54757],[-34,22,755812],[-5,19,64321],[-21,25,33477],[-10,0,33477],[1,18,33477],[-24,30,76708],[-41,80,0]],[[23399,15168,0],[-64,-275,156809],[-11,-105,0]],[[23324,14788,0],[-15,-138,223708],[38,-171,284676],[-34,-84,416257],[61,-274,1001820],[105,-82,152929],[61,-14,237082],[50,-81,622888],[51,-318,0]],[[23641,13626,0],[18,-195,179333],[-10,-164,380239],[-57,-236,0]],[[25836,14663,0],[-14,36,44492],[-25,83,58532],[-12,24,58532],[-12,39,38330],[-1,26,280837],[7,81,89893],[-6,105,541107],[-16,56,72413],[-34,69,162381],[-117,208,0]],[[25606,15390,0],[-40,71,98707],[-26,35,49894],[-35,31,73521],[-13,27,311422],[-18,112,111603],[-27,68,44318],[-7,30,311422],[-21,-21,44199],[-20,-5,48219],[-19,-21,335730],[-50,127,69412],[-33,70,860038],[-43,46,64099],[-12,27,98922],[-36,29,59491],[-18,27,46868],[-29,26,223285],[-35,16,44963],[-14,16,69519],[-36,8,460042],[-20,-28,88909],[-2,-29,44297],[8,-25,134146],[-19,8,66182],[-18,-28,0]],[[25023,16007,0],[-14,15,68151],[-17,-32,71447],[-19,16,173499],[-9,30,46115],[-28,61,301501],[-26,1,46010],[-8,-12,46010],[-50,-15,145598],[11,18,62912],[1,32,34923],[-5,17,145598],[-34,-27,64652],[-22,-37,0]],[[24739,16257,0],[19,7,65974],[48,-17,301388],[17,26,39687],[0,14,98103],[24,-9,49158],[-5,18,49158],[26,7,137385],[7,53,225538],[40,-4,72423],[30,-23,225538],[-6,18,44303],[10,23,40606],[-5,16,82121],[13,24,34789],[5,25,753372],[-19,33,44445],[-23,23,80857],[-19,-8,38721],[-16,6,56029],[8,14,204719],[-25,56,88316],[5,39,71560],[-17,35,346785],[4,45,42888],[11,70,74582],[10,16,0]],[[24881,16764,0],[19,-2,46072],[27,15,157088],[46,-41,60505],[12,-25,157088],[60,-10,118211],[0,-23,85516],[49,-22,268704],[27,17,90088],[13,-9,50694],[47,0,674955],[17,19,33388],[25,36,156254],[-4,64,100496],[25,30,65547],[-3,23,289435],[34,1,43834],[18,-8,95278],[0,-16,36701],[13,-8,81657],[9,25,35361],[13,12,35361],[-6,11,0]],[[25322,16853,0],[25,20,170273],[16,-11,43253],[14,8,43253],[41,-2,93636],[13,-16,47600],[-14,-9,84529],[23,-11,38376],[20,0,93636],[12,15,33459],[-4,10,117710],[68,25,117710],[1,-16,34958],[12,-11,219433],[25,4,42457],[12,13,67231],[21,-6,41821],[2,12,41821],[39,11,38012],[8,11,37579],[14,-10,328718],[73,-15,69686],[6,-10,38803],[25,-4,53093],[18,-31,53093],[0,25,455097],[11,52,39108],[12,11,39108],[-2,18,165990],[22,18,44393],[11,-6,43303],[18,17,109026],[-13,11,73302],[15,11,38409],[5,19,44135],[14,7,455097],[25,-21,56407],[16,-2,34673],[6,-12,34673],[46,-25,135615],[12,-24,37115],[1,-21,82977],[21,-2,36678],[7,-11,0]],[[26019,16895,0],[46,-16,39538],[18,-12,200589],[14,-45,60397],[16,-12,60397],[-17,-22,161911],[59,-49,371574],[-20,-24,45939],[-13,-30,93502],[-8,-56,783254],[14,-15,36104],[31,-18,142102],[36,7,71714],[6,23,116360],[40,-21,142102],[12,32,40096],[0,20,136415],[44,-28,42478],[11,0,133651],[-16,-43,136415],[49,6,78875],[10,-14,49349],[29,-2,551639],[9,-35,44003],[-10,-9,44003],[13,-19,167741],[52,-31,87408],[11,16,35744],[10,-5,178223],[12,-34,59680],[-4,-32,225686],[26,-20,37569],[15,-3,37569],[36,-23,68424],[16,-19,0]],[[26566,16362,0],[-10,-37,46179],[-21,-45,146205],[-27,38,168031],[-25,-38,68217],[-4,-34,131018],[-34,-6,45716],[-21,-13,131018],[2,-48,303198],[-22,-39,39301],[-18,-21,106311],[-12,26,106311],[-38,-13,42646],[-8,-19,42646],[-13,4,97745],[-15,-24,56182],[-19,-6,41762],[-18,-19,1642490],[0,-22,35718],[-12,-1,35718],[11,-16,47489],[9,-34,246123],[-29,-68,86675],[-22,-30,47010],[-31,-57,140193],[-4,-21,37565],[-15,-35,36473],[-3,-22,271815],[2,-117,65460],[-5,-42,157822],[-11,-10,41915],[-14,-37,632128],[16,-11,36593],[23,-2,40394],[54,-24,146606],[18,-37,39865],[12,-11,405051],[-3,-36,63661],[-19,-19,77956],[-1,-36,59450],[-16,-45,118008],[-23,-27,1009018],[-35,-10,38538],[-24,0,68459],[-66,-24,328813],[-21,-26,80739],[-13,-34,35627],[-32,-68,138577],[-16,-5,46587],[-24,-30,1009018],[13,-28,60835],[38,-49,42385],[21,-34,98167],[59,-71,98167],[24,-39,45348],[30,-36,60317],[23,-42,126795],[32,-45,43938],[34,-36,43938],[17,-28,465337],[-32,-31,61261],[-8,-27,0]],[[23974,14718,0],[3,108,0]],[[23977,14826,0],[-16,107,199129],[21,258,408443],[71,76,0]],[[24749,15211,0],[13,-31,76013],[32,-44,47269],[25,-23,130263],[40,-18,386121],[23,-35,56260],[3,-19,40142],[17,-33,97131],[13,-59,239232],[-8,-11,36005],[-37,-26,110883],[1,-42,239232],[45,-53,55640],[26,-20,805341],[-15,-11,40071],[-14,-26,66926],[-46,-36,139517],[-40,-6,50663],[-19,-13,669966],[22,-24,46179],[26,-43,46179],[52,-71,116504],[14,-33,41915],[27,-44,450633],[-18,-7,58840],[-7,-32,58840],[-12,-5,35638],[-19,-25,105439],[-13,-47,296669],[23,-46,63422],[38,-47,0]],[[24544,13648,0],[-6,12,55150],[0,68,38604],[-4,17,97661],[-19,14,92901],[5,29,58346],[-10,45,374714],[-15,8,54577],[-17,37,123168],[-49,10,49914],[-18,12,152190],[12,33,61282],[-18,-2,76550],[-36,33,556857],[12,8,63188],[-10,45,63188],[2,32,38732],[-6,28,51654],[5,32,277950],[19,7,37061],[10,15,97214],[53,-10,556857],[-7,48,45995],[-10,6,43876],[-2,31,88629],[17,10,88629],[-29,23,60881],[-8,27,344272],[-26,-3,53668],[0,-17,61105],[-30,0,92972],[4,25,140637],[-38,17,48663],[-30,23,75769],[0,19,56715],[-26,9,845985],[7,22,44099],[17,10,77643],[3,41,183590],[-24,37,52775],[-17,7,123794],[5,19,33463],[0,35,274883],[19,25,48810],[23,51,83066],[2,26,50043],[18,20,41714],[-1,14,845985],[-45,55,109511],[-24,1,60613],[-31,25,369882],[-32,-9,71017],[-11,-28,182028],[-24,-7,39185],[-27,2,67517],[-34,16,67517],[-12,-15,67517],[-55,-7,258408],[-19,24,57328],[-33,15,0]],[[25445,18258,0],[22,5,50696],[37,-9,173895],[36,43,78238],[42,23,160378],[30,-4,49143],[13,9,37585],[24,0,562340],[-20,-35,45796],[-24,-25,135955],[-9,-49,64253],[9,-17,260744],[33,15,40093],[7,11,47451],[65,33,260744],[-4,-16,87828],[27,-45,57604],[-6,-12,57604],[33,-21,129208],[18,13,109021],[11,-14,41314],[17,-47,53986],[13,-11,501951],[22,37,37702],[27,35,181707],[33,-11,82178],[10,-43,66569],[16,1,158990],[5,18,36044],[-4,25,59848],[13,11,0]],[[25941,18178,0],[26,-60,69283],[24,-86,289779],[29,41,173398],[13,3,39093],[0,-19,39093],[21,-45,113430],[35,-4,697921],[-3,-10,48146],[14,-24,35168],[12,-5,79348],[15,-59,37735],[11,-7,37127],[-1,-19,259787],[-28,-19,67971],[-18,8,34017],[-15,-3,67971],[-17,-19,154869],[3,-32,47749],[-9,-19,259787],[9,-20,48353],[16,4,48353],[45,-21,39440],[9,-9,259787],[14,-69,65970],[12,1,65970],[7,-32,34559],[0,-26,189828],[-20,-61,38943],[-4,-26,146353],[10,-2,62914],[1,-24,35332],[9,-38,236141],[-12,-41,77598],[-30,-22,77598],[-22,-33,51979],[-1,-21,236141],[31,19,72261],[57,6,1266311],[-6,-17,45047],[6,-38,64841],[-12,-27,111786],[19,-33,209980],[-53,-98,219814],[-9,-42,36462],[-1,-27,109128],[10,-15,41948],[9,-38,488677],[-16,-15,40243],[-19,-33,65334],[-26,-30,37839],[-21,-15,65334],[-46,-62,0]],[[25322,16853,0],[12,27,44735],[-7,11,44735],[11,31,66091],[-4,18,33281],[8,13,35114],[-4,18,66091],[8,22,34747],[-7,12,34747],[13,5,159247],[-7,31,65079],[13,45,63085],[6,7,35506],[-14,16,86850],[10,21,37161],[12,48,80498],[-11,10,211623],[8,21,36031],[12,5,44148],[6,26,35827],[11,12,97086],[-15,8,50419],[9,22,596665],[-44,2,43336],[-5,12,43336],[-23,-7,161073],[-23,31,56029],[7,13,56029],[-21,4,38579],[-9,13,0]],[[25274,17350,0],[29,22,78465],[-14,14,51615],[12,18,118123],[-27,-5,44707],[-11,10,118123],[14,27,60474],[-20,1,60474],[4,16,33939],[-9,8,47459],[10,20,57537],[-11,27,52221],[5,27,89481],[-20,21,63989],[7,24,265611],[-34,18,104437],[-16,38,43111],[-14,3,43111],[6,21,358987],[26,29,67296],[-9,15,92063],[18,28,59383],[31,16,59383],[4,20,358987],[-12,11,36435],[-20,35,168332],[-37,-8,90070],[-16,-31,34328],[-10,-8,233413],[-1,21,61171],[-18,28,43509],[-5,24,33465],[-10,16,1190156],[6,24,75793],[26,22,47096],[19,3,85940],[-7,23,66381],[25,17,211045],[12,-7,39057],[47,-7,118830],[31,30,443769],[75,203,254935],[85,94,0]],[[23977,14826,0],[-44,-17,39184],[-15,0,39184],[-20,-15,107593],[-7,-31,107593],[-15,6,45096],[-19,-12,69353],[-20,19,107593],[-34,-10,53966],[-5,-15,68891],[-36,-14,37360],[-16,-1,651040],[-45,-50,78490],[-6,-22,50360],[-27,-36,329240],[-9,-35,41936],[3,-22,61746],[-16,-47,180121],[22,-29,39240],[-4,-12,39240],[19,0,125745],[-9,-58,1275606],[-32,10,90190],[-34,-28,209752],[-30,16,39282],[-18,18,47298],[-42,22,125934],[-56,7,629576],[-30,77,182416],[2,164,398304],[-110,77,0]],[[23974,14718,0],[-17,-60,112924],[17,-54,141524],[11,-115,66196],[14,-39,66196],[-10,-20,91683],[12,-57,302817],[49,-21,115527],[2,-15,41501],[18,-6,54293],[9,-32,302817],[-23,-18,62458],[-13,-36,151486],[7,-70,51940],[-4,-25,969465],[-35,-25,64872],[-23,3,175198],[-7,-21,45610],[-19,-8,45610],[-25,-41,77974],[11,-15,62509],[-24,-21,260685],[-25,8,35199],[-16,-3,35199],[-55,10,175646],[-27,-25,75846],[1,-21,36854],[10,-1,0]],[[23812,13990,0],[6,-35,67521],[-11,-4,42101],[-4,-26,130104],[24,-22,75471],[7,-43,0]],[[23834,13860,0],[-9,-11,65826],[8,-65,73484],[-12,-41,213881],[-43,-78,41225],[-8,-23,41225],[-15,-15,37477],[-10,-23,431387],[-24,23,110415],[-80,-1,0]],[[23812,13990,0],[-5,16,54026],[27,6,88817],[25,-27,67065],[-12,-16,88817],[-9,12,37746],[-12,-22,33913],[4,21,33913],[-18,10,0]],[[23834,13860,0],[39,-25,57048],[39,-37,198213],[21,17,75626],[20,-25,97842],[31,29,235775],[20,-2,47297],[-2,-17,47297],[26,-32,106997],[5,-31,58187],[12,-12,36847],[12,-30,235775],[24,0,103727],[-2,39,42567],[5,31,284652],[29,-27,90393],[24,21,107104],[19,-14,42249],[11,-22,198082],[5,17,42497],[15,-4,42497],[21,19,132554],[21,-18,76795],[45,5,821714],[3,-20,39833],[14,-15,39833],[10,-32,101151],[24,-2,167732],[2,-31,50131],[-9,-13,37844],[-1,-26,98258],[18,-27,309247],[68,-4,225047],[-2,-16,42024],[11,-42,104345],[27,4,53046],[13,-15,104345],[-23,-19,37618],[-6,-14,165306],[18,-11,36507],[26,-5,0]],[[24736,15247,0],[-2,17,46287],[20,-4,87713],[112,14,214411],[61,-3,94048],[36,-21,48611],[26,-4,159140],[72,15,0]],[[25061,15261,0],[19,2,82037],[11,-35,52381],[8,15,52381],[17,-28,153937],[38,35,184423],[47,-19,33650],[32,-10,45967],[14,12,45967],[4,-20,124651],[15,-11,38335],[11,-23,686019],[46,23,66618],[24,-3,220909],[10,13,39502],[4,30,96512],[-19,42,196641],[16,6,42750],[34,27,35578],[17,8,360538],[22,-14,37339],[19,-24,63304],[31,-14,309513],[6,-9,34308],[6,23,48697],[91,81,37037],[22,22,0]],[[25023,16007,0],[5,-35,69831],[19,18,69831],[16,-11,41223],[11,-24,52599],[13,-2,477998],[-5,-29,46435],[-3,-63,34278],[-6,-47,96439],[15,-39,96439],[-6,-22,56716],[-23,-2,115142],[2,-51,77255],[-6,-26,45802],[-9,-96,193723],[1,-18,39396],[16,-30,148091],[-18,-21,44647],[-28,-47,477998],[22,-38,74263],[-8,-25,99165],[8,-19,45439],[25,-20,178032],[5,-66,69272],[-8,-33,0]],[[26566,16362,0],[31,21,59041],[16,30,72889],[49,34,214986],[41,18,41871],[28,5,60610],[14,14,55581],[26,4,33951],[18,9,122499],[27,28,58877],[30,12,215923],[17,68,215923],[36,-9,82337],[71,12,1225205],[28,-4,43611],[22,-14,43611],[40,-11,98954],[15,-12,35286],[46,-25,191028],[49,-13,39736],[68,-15,42041],[21,-8,42041],[48,-7,843104],[27,-25,40230],[19,-27,209192],[26,6,95214],[25,31,45483],[-3,12,45483],[22,21,209192],[55,13,64789],[44,7,34462],[17,-2,34462],[33,7,199103],[72,-5,45508],[48,-7,60949],[53,-1,468799],[31,-49,280944],[45,12,104667],[6,39,146776],[42,7,43552],[14,-4,103721],[45,31,217198],[11,55,0]],[[25941,18178,0],[-31,66,81457],[-12,42,42506],[3,13,413557],[39,26,66547],[0,-17,66547],[53,1,35431],[15,4,111731],[43,25,86019],[38,-2,48181],[18,8,413557],[8,17,36450],[16,6,36450],[33,29,184976],[-20,26,109418],[2,18,33593],[10,2,50600],[8,48,294088],[28,37,68866],[27,8,138797],[27,-12,41664],[23,-1,294088],[33,41,45799],[30,47,93234],[30,27,55364],[23,36,55364],[25,19,52886],[21,33,845492],[-12,4,71955],[-7,46,50827],[-15,35,138952],[40,-10,138952],[-8,31,35998],[1,21,103797],[27,45,122930],[9,75,78998],[-7,16,40552],[0,34,283929],[13,11,46174],[31,0,0]],[[24881,16764,0],[-24,3,42799],[-19,14,60185],[-29,-2,60185],[-8,19,60185],[-37,11,159685],[-13,15,34270],[-13,30,659988],[-2,39,54842],[10,49,52967],[-3,27,69115],[15,40,69115],[-9,26,355343],[-26,35,35083],[-32,32,185441],[7,15,37592],[20,9,83250],[-1,39,185441],[-27,40,72403],[-30,74,243508],[-3,42,48820],[8,28,41645],[-3,27,0]],[[24662,17376,0],[20,16,88050],[42,-26,88050],[49,-16,48471],[13,7,48471],[28,-14,112797],[32,4,64742],[49,-4,45585],[10,-8,337990],[47,27,44147],[32,24,287656],[-12,-55,80040],[17,-6,80040],[6,-35,46471],[-5,-33,122690],[-9,-18,33614],[13,7,33614],[15,-7,337990],[-27,-11,41680],[35,4,41680],[18,10,41680],[57,4,98298],[19,10,63191],[13,-13,35669],[-2,-13,98298],[28,14,41373],[32,6,64819],[10,-8,662084],[15,20,34914],[0,12,34914],[18,42,126911],[30,2,76585],[5,22,40524],[14,10,0]],[[23823,17426,0],[-19,67,82278],[6,36,469730],[28,-7,52944],[5,18,52944],[21,-11,106326],[26,33,115648],[33,-14,73014],[10,21,73014],[18,5,34650],[24,-4,249945],[-5,27,101091],[12,7,42666],[5,-21,42666],[24,-19,57172],[27,-10,105635],[37,10,40292],[6,-6,55441],[62,-5,737513],[-5,75,151677],[14,43,58004],[18,18,81186],[9,48,197882],[-12,53,50095],[8,9,34225],[-1,20,50095],[-11,7,0]],[[24163,17826,0],[33,-5,39487],[54,-14,33727],[35,-6,156819],[9,-10,36463],[2,-24,323220],[62,30,33793],[32,8,33793],[9,9,169699],[31,-17,43319],[9,-14,119830],[42,24,926333],[-4,-62,93379],[11,-39,62519],[-2,-30,40116],[6,-43,330671],[25,-16,69226],[5,-33,61014],[19,-12,168941],[26,41,95062],[25,-15,330671],[4,-44,38437],[11,-63,66355],[12,-38,165016],[21,-2,97972],[4,-37,57875],[12,-3,50667],[6,-35,0]],[[23391,17661,0],[7,30,50799],[15,8,53427],[14,25,37376],[2,21,57706],[13,9,38465],[7,22,235856],[-21,32,123738],[9,71,33397],[1,24,444289],[-34,26,88938],[-70,89,444289],[-19,198,216266],[-17,21,33324],[-19,13,140517],[-5,53,37549],[-9,45,342295],[57,11,239474],[-11,52,42053],[1,20,78909],[-15,35,49925],[3,27,49925],[-13,19,1135055],[-31,6,70709],[-5,26,97586],[-40,-7,143761],[1,42,265771],[-62,15,37153],[-33,5,161959],[-9,-26,72504],[23,-7,57751],[0,-23,148786],[-47,5,67535],[-21,18,528096],[-4,26,37958],[4,27,129383],[-31,3,62045],[-18,21,205684],[23,39,67598],[22,5,189571],[-8,37,48253],[9,2,104099],[-42,46,0]],[[24489,18750,0],[-75,-142,43268],[-7,-18,43268],[-49,-87,114022],[-57,-122,289675],[-22,-73,49057],[-40,-115,183287],[-28,-50,44721],[-20,-12,44721],[1,-16,100202],[-17,-36,38288],[-20,-56,674471],[2,-45,46411],[11,-118,89640],[-5,-34,0]],[[24739,18991,0],[28,-29,37925],[9,-17,79944],[35,-16,398369],[50,11,71022],[19,20,202290],[33,3,41223],[27,-6,67116],[1,12,67116],[27,-2,43202],[47,8,51641],[19,-4,81446],[36,7,38550],[77,8,540384],[69,-52,38819],[88,-63,0]],[[25304,18871,0],[19,-180,82032],[23,-159,159390],[25,-37,57582],[-7,-11,77997],[7,-31,39916],[2,-49,387038],[13,-15,46044],[3,-30,54252],[15,-34,37977],[14,-16,37977],[6,-23,79050],[21,-28,0]],[[25304,18871,0],[42,41,139274],[-1,22,45235],[13,27,45235],[6,42,249474],[-15,30,58718],[-23,10,184710],[18,16,58586],[-4,18,39254],[11,18,65108],[17,0,65108],[6,38,123428],[-17,18,370456],[12,3,40080],[11,24,53780],[25,9,77312],[4,32,59627],[18,4,234863],[2,30,50353],[13,12,50353],[35,81,120510],[4,18,35898],[-1,35,1326198],[-9,35,45925],[-4,60,53267],[-19,123,35626],[-5,21,406180],[-30,55,39397],[-1,13,39269],[-23,23,39397],[-14,29,220623],[-1,46,93265],[-19,16,33465],[-12,20,93265],[-16,42,52970],[-1,32,88579],[-27,41,88579],[-17,55,60890],[4,31,60890],[-17,18,361875],[8,38,129330],[-13,25,47024],[3,22,47024],[-16,59,49870],[-12,15,49870],[0,32,0]],[[21358,13979,0],[-5,14,62270],[7,37,43735],[13,22,287581],[-17,85,111965],[-26,22,111965],[0,26,33355],[-7,7,41545],[-20,55,41545],[-24,83,96432],[-19,36,414219],[-5,70,63659],[8,49,63659],[-10,19,181454],[15,29,57340],[21,6,414219],[-12,12,35099],[-12,-3,44855],[-18,19,88734],[13,24,69556],[-9,17,35178],[-12,1,88734],[-25,-18,159512],[3,14,39073],[-8,44,133365],[-29,7,63580],[-2,15,41463],[-19,10,1711141],[14,14,37599],[6,24,76243],[28,7,250943],[-6,26,52898],[17,-5,52898],[43,97,65076],[-2,9,44647],[30,20,65076],[-13,10,65076],[20,51,42827],[4,-7,42827],[19,41,35097],[-3,3,42827],[45,101,324653],[13,39,78401],[-7,10,38358],[-3,36,565718],[15,30,48568],[22,19,103340],[19,54,39431],[20,44,183621],[25,-22,183621],[56,66,48633],[48,51,106696],[20,39,0]],[[21589,15438,0],[34,-35,34134],[17,-23,71901],[3,-25,55997],[21,-17,258438],[0,-49,33346],[-4,-11,33346],[2,-33,179127],[9,-31,59152],[13,-20,40460],[23,-52,114112],[5,-56,258438],[39,10,835458],[17,-28,59241],[36,-30,110808],[28,-11,48875],[41,-29,93553],[11,-26,93553],[55,-56,33601],[38,-35,386034],[-3,-50,36336],[-10,-13,33492],[4,-12,199395],[50,-25,131816],[20,-64,273542],[39,2,52272],[-3,-13,52272],[34,15,273542],[4,-23,42567],[13,-1,51491],[7,-34,114731],[17,3,62135],[15,-35,62135],[14,7,120894],[16,-52,95394],[10,-16,36538],[16,-5,46723],[15,-25,251312],[36,0,152846],[66,-52,71661],[46,-47,236395],[30,-78,0]],[[19639,12672,0],[-2,0,0]],[[19080,14842,0],[34,-11,57549],[40,-28,173982],[72,-64,39775],[28,-22,105771],[29,-43,193647],[-1,-8,34294],[22,-5,49430],[22,4,36768],[12,-8,366199],[9,-36,105564],[12,-10,40890],[10,-30,43199],[19,-17,43199],[1,-15,64130],[23,-16,36802],[12,-16,64130],[-2,-17,242149],[79,-40,1221596],[158,2,182209],[150,31,61079],[34,3,429452],[3,-18,48133],[21,-7,65028],[1,-27,80837],[24,-10,92064],[6,-19,36231],[24,-44,429452],[19,30,74502],[13,-25,76068],[8,9,42998],[10,47,76068],[21,13,40156],[4,-10,67678],[-18,-30,76068],[11,-6,38036],[10,16,38036],[22,11,63062],[12,20,63062],[50,30,0]],[[20084,14476,0],[44,-48,242109],[7,-23,38145],[6,-52,75265],[6,-105,86452],[12,-57,429503],[41,-46,61121],[-1,-12,121061],[29,-8,38313],[23,-13,171458],[-7,-12,67840],[36,-36,67840],[5,-20,39572],[19,-27,1163364],[21,3,88325],[74,-51,88325],[31,-17,33573],[11,-13,33573],[13,1,58861],[19,18,37398],[-4,-16,83978],[57,-37,256126],[42,-8,51895],[54,-21,106344],[38,6,897044],[53,-38,106879],[24,-21,38695],[10,-19,38695],[37,-43,271650],[40,-85,51773],[31,-50,51773],[17,-43,299457],[90,-102,35694],[17,-17,107288],[15,-26,41864],[36,-48,107288],[29,-7,0]],[[21815,16771,0],[-142,-103,699258],[-119,67,250180],[-48,3,52495],[-3,9,98317],[-28,-16,39961],[-18,-2,103870],[-6,13,36943],[-21,10,82787],[-10,-10,39823],[-24,0,431713],[-10,12,39173],[8,15,65288],[-27,21,117780],[-5,41,38477],[-6,1,54518],[-4,60,328416],[-17,7,39155],[-16,-8,39155],[-8,9,33856],[-17,-3,67622],[-2,-13,65831],[-26,8,42660],[-25,-3,1598932],[-6,30,55817],[11,27,115586],[-7,16,40771],[-16,-3,40771],[-11,16,183658],[-14,77,107480],[14,29,62532],[-15,14,62532],[7,63,105504],[-6,17,34756],[-7,50,242306],[35,42,47043],[5,15,242306],[-21,50,50340],[-33,101,506996],[2,88,51550],[5,22,168047],[30,57,41089],[15,20,1194550],[-23,13,34540],[-27,7,42921],[-30,19,42921],[-32,10,61839],[-41,24,61839],[-38,7,354506],[-94,-39,68829],[-20,-16,0]],[[20924,17645,0],[-8,59,37620],[-1,39,37620],[-5,14,495568],[-28,24,49333],[-17,1,76233],[-18,30,126698],[-49,4,196164],[-46,60,103027],[-39,21,64483],[-6,16,38981],[-23,17,276860],[-19,-1,37985],[-12,-11,76483],[-38,4,49464],[6,21,49464],[-23,-18,193227],[-16,16,54145],[-3,16,33401],[9,8,108916],[-26,24,61453],[-8,-9,39072],[-18,10,1173884],[-10,84,92349],[-16,42,53897],[-13,61,233691],[-20,-8,92035],[-34,51,455683],[19,16,100285],[-28,34,51646],[-5,21,116866],[20,27,79428],[-18,18,70392],[15,26,194624],[27,10,59954],[18,20,34251],[22,14,161481],[-3,43,75387],[-20,2,675639],[-23,20,38742],[-4,15,38742],[-17,4,38946],[-36,27,110634],[-41,60,110634],[-22,5,50414],[-29,24,377260],[-18,30,52538],[7,14,38868],[-10,16,119590],[22,28,100623],[-14,54,0]],[[20305,18748,0],[56,10,45452],[39,1,53971],[22,11,42227],[30,1,228461],[75,32,55103],[40,11,106696],[35,24,52040],[25,-1,52040],[6,17,1375236],[36,156,43265],[16,78,583321],[16,34,106812],[57,22,48358],[10,10,165293],[-35,24,165293],[-88,-106,165293],[-115,-81,361839],[-50,38,36605],[-26,13,36605],[-22,21,583321],[141,108,72315],[103,87,53712],[24,14,34333],[37,31,583321],[-15,41,51086],[-19,79,100952],[-31,53,64120],[-8,35,499342],[121,112,395342],[20,27,62371],[-4,25,129302],[-17,20,46503],[-9,-8,39548],[-15,16,129302],[2,13,36431],[-8,34,36431],[-2,46,0]],[[23091,16683,0],[-39,103,145377],[0,84,708318],[-40,-8,34642],[-65,-18,56354],[-53,-18,114448],[-16,10,62303],[-42,-13,520757],[-6,73,49359],[-12,20,49359],[4,24,391835],[-115,19,62658],[-91,10,1026723],[-34,30,179918],[10,37,83967],[35,-25,83967],[7,19,68588],[-29,28,83967],[17,17,47160],[10,29,270269],[-13,46,133036],[-18,-5,65862],[-46,23,270269],[-32,164,76804],[-5,4,36077],[4,34,2306740],[-29,-6,66422],[-40,11,55771],[-13,-10,39423],[-15,6,242040],[-10,-34,95861],[-38,11,98420],[1,-10,36382],[-20,-2,53144],[-22,-38,130366],[-44,0,76440],[-16,-20,349970],[-30,23,71767],[-29,14,39493],[-30,6,132790],[0,-30,132790],[-15,-5,35342],[-32,2,57128],[-27,11,57128],[-18,-12,520537],[-10,-54,58214],[-14,-29,262125],[-33,-30,46519],[-24,-12,146320],[-88,-7,1145759],[-111,-384,0]],[[22628,16134,0],[-35,-5,124508],[-12,45,38553],[0,20,228038],[-41,6,37059],[-16,-3,108664],[-55,-30,294306],[-42,93,0]],[[22427,16260,0],[-306,336,564317],[-306,175,0]],[[21589,15438,0],[40,38,138356],[-4,69,138356],[21,25,59185],[26,55,362178],[63,33,74124],[36,32,74124],[9,-3,45449],[38,22,773343],[-8,50,33401],[-3,44,95146],[-20,43,132393],[-3,53,43752],[7,17,36896],[-4,19,245294],[-13,2,75420],[-39,77,1529461],[29,8,35847],[13,11,126743],[52,-7,40042],[59,-3,126743],[93,7,69485],[53,12,480160],[12,11,39708],[-5,15,41566],[3,50,61980],[13,46,480160],[22,-6,106713],[37,26,46060],[36,35,214083],[17,-3,35071],[59,-1,47826],[35,-6,214083],[63,23,82667],[49,1,107288],[52,27,0]],[[20283,15756,0],[24,-17,39461],[15,0,71926],[29,-27,48343],[24,-6,48343],[19,-21,135884],[25,10,0]],[[20419,15695,0],[12,-8,35860],[9,-22,95103],[16,5,47072],[15,-15,47072],[26,-3,76293],[9,-18,160232],[32,12,50324],[32,0,160232],[19,-32,63209],[-3,-27,224143],[21,12,51295],[33,-1,105377],[37,-24,339671],[34,-62,47325],[18,-22,109202],[-6,-15,76400],[21,-17,48812],[29,-5,339671],[18,10,67872],[56,-9,74719],[30,12,288558],[19,-39,109270],[54,-12,129526],[7,-8,42138],[-5,-30,42278],[10,-33,129526],[18,15,43246],[16,-2,693886],[-4,72,83932],[-18,37,59535],[-1,34,750284],[20,35,72902],[49,42,240032],[24,-25,56599],[28,-8,72487],[13,-23,252571],[33,1,50461],[60,-9,55420],[26,3,139909],[77,-28,213549],[51,11,50908],[26,-2,43905],[47,9,86900],[20,-6,436238],[7,-21,44923],[-5,-29,76305],[20,-39,270368],[37,-4,97725],[83,31,0]],[[20084,14476,0],[73,23,34550],[35,9,34550],[168,48,269377],[-24,11,53965],[-6,21,1380992],[-2,122,128367],[8,85,63864],[10,32,153767],[-1,114,80652],[10,33,80652],[-10,64,496560],[-30,9,146245],[0,33,46373],[9,28,104187],[-17,23,56133],[-3,32,237617],[15,28,65578],[-5,37,65578],[1,52,36020],[5,49,251063],[-10,23,48434],[4,29,94388],[-12,29,37501],[-10,46,37501],[-26,96,106750],[-2,40,393456],[-24,29,50128],[-14,34,86113],[-56,63,233954],[11,1,39382],[28,-18,67308],[28,6,112115],[11,-18,38054],[23,-17,233954],[11,26,60405],[-3,37,38505],[4,21,0]],[[20419,15695,0],[-12,8,37077],[0,18,37077],[-19,44,84936],[6,22,119170],[-17,34,40419],[-5,27,71164],[-14,14,42177],[-19,38,148015],[-12,41,52820],[4,24,1018550],[34,11,60207],[49,32,127569],[39,36,34757],[12,22,34757],[11,4,205956],[4,20,42890],[-9,26,143152],[32,16,50017],[8,19,50017],[24,7,597996],[24,-23,98180],[15,18,45797],[15,-3,35675],[8,11,104917],[23,-18,44593],[27,-7,219665],[-4,-31,81836],[15,-11,44539],[13,-29,466921],[17,28,74174],[55,43,152497],[8,-42,170203],[13,3,36907],[28,25,81867],[8,30,96200],[9,-5,42973],[17,22,42973],[28,18,1827766],[-2,34,72742],[-29,68,228343],[-48,68,92154],[-48,89,71309],[-32,42,47660],[-15,37,41094],[-12,12,341779],[-72,172,114348],[-26,42,73162],[-32,71,36501],[-1,21,36501],[-10,5,188941],[-16,66,54762],[-20,53,0]],[[20491,16967,0],[34,46,39944],[34,39,92747],[61,56,222653],[25,16,38704],[11,-3,52086],[61,33,256223],[84,87,84983],[36,25,142779],[21,34,43263],[8,26,61987],[26,34,142779],[45,21,890714],[-4,75,59172],[-10,49,48257],[-3,49,118109],[7,61,48503],[-3,30,0]],[[20491,16967,0],[-7,32,40066],[-13,23,498125],[-111,78,34320],[-61,41,143813],[-40,21,38208],[-18,4,60823],[-53,31,135816],[-58,53,93436],[-63,34,323592],[-47,14,63586],[-39,-2,323592],[-29,21,42364],[-18,-1,42364],[7,16,42364],[-63,54,70725],[-22,11,176871],[-104,123,323592],[-11,-4,33576],[-6,14,33576],[-62,35,130048],[-74,9,249993],[-56,56,82520],[-15,34,2326950],[2,68,51645],[7,42,179935],[27,54,62267],[26,31,395968],[-16,184,47844],[-10,127,781292],[6,35,77760],[-22,27,77760],[-37,133,202622],[-71,183,96724],[-32,30,96724],[0,46,0]],[[19408,18624,0],[29,4,60822],[119,34,82028],[96,17,267155],[116,-20,294948],[33,6,40409],[149,34,44210],[140,29,67524],[97,23,276211],[97,-6,48881],[21,3,0]],[[19408,18624,0],[-159,97,252784],[-69,61,70500],[-128,122,933895],[-128,55,175212],[-150,32,62425],[-20,-13,62425],[-13,22,292245],[-46,28,63469],[-10,19,60502],[-45,28,517294],[-44,11,92329],[-48,-18,186946],[-108,52,214908],[-59,3,61726],[-37,-5,40343],[-55,-1,0]],[[18289,19117,0],[-6,4,54579],[-94,122,123913],[-67,69,45087],[-25,20,0]],[[18097,19332,0],[16,8,46002],[61,7,117224],[103,48,330691],[21,17,51810],[131,82,68046],[24,21,124733],[73,41,49009],[79,49,1509372],[18,50,129714],[29,39,69989],[26,6,69989],[-3,29,69989],[35,41,49529],[15,27,169018],[-16,12,179660],[74,118,93778],[34,64,48427],[28,43,39789],[38,70,662527],[21,114,190327],[75,147,289737],[23,199,1100776],[18,26,125647],[87,-12,181086],[60,53,134924],[68,13,0]],[[19959,20348,0],[1,-1,0]],[[16600,20204,0],[69,136,163278],[19,99,315491],[38,27,35652],[30,15,62104],[14,0,154631],[22,57,546154],[-64,20,151719],[-49,72,546154],[67,57,215407],[87,28,101739],[45,34,106827],[118,41,546154],[129,156,222522],[34,57,81608],[26,76,0]],[[17185,21079,0],[50,37,173314],[32,78,101100],[-5,39,638343],[49,24,66794],[58,16,66794],[62,29,66794],[167,66,295696],[44,0,85438],[122,26,1229071],[12,-33,54298],[32,-47,194472],[56,35,195770],[81,-96,383141],[4,-20,56200],[-9,-21,34913],[-4,-30,153775],[43,-84,1519587],[15,4,36809],[39,-3,205343],[20,18,36255],[10,-1,65064],[15,31,92879],[-21,7,103407],[59,69,240512],[85,44,74662],[41,32,113968],[40,8,343855],[0,-61,343855],[46,18,91899],[87,64,141854],[160,74,260338],[58,57,100075],[31,-3,100075],[33,48,438814],[132,57,113000],[10,1,41897],[-15,26,112764],[22,3,55478],[54,-15,0]],[[18097,19332,0],[-69,58,117716],[-9,12,37643],[-89,88,79181],[-127,119,994887],[-132,75,128315],[-175,79,232573],[-208,76,445130],[-203,118,206046],[-228,110,142448],[-68,36,35745],[-189,101,0]],[[17185,21079,0],[2,43,133745],[-61,109,271283],[-85,106,63403],[-5,32,63403],[-19,-7,98119],[-44,67,564170],[-2,23,37041],[-14,50,119946],[-5,61,50637],[1,89,50637],[-5,35,538314],[-48,69,75239],[-20,14,55397],[12,17,75239],[-36,50,45005],[-15,9,45005],[-4,23,244623],[-32,15,41939],[-34,7,372476],[-2,53,101669],[-6,1,44781],[-18,53,74225],[-11,59,0]],[[16734,22057,0],[21,-3,73336],[-5,41,135075],[28,37,41255],[53,58,63840],[69,89,520035],[23,47,37217],[34,78,48049],[27,53,133054],[36,113,110044],[48,98,239466],[77,70,239466],[-9,63,33504],[-8,39,1328936],[28,4,45353],[36,-9,45353],[13,6,167493],[253,-58,0]],[[16734,22057,0],[-4,20,141917],[-72,14,55185],[-96,12,221124],[-91,-21,616185],[-94,44,35115],[-94,46,113554],[-9,30,95958],[-54,11,342584],[-50,86,136712],[-61,46,665265],[-145,-80,106833],[-137,-63,636115],[8,118,129790],[-37,84,127476],[21,23,636115],[-58,37,38622],[-41,23,79300],[-126,86,460899],[-66,-16,48897],[-56,-8,188344],[-53,6,64384],[-56,19,1217721],[-2,220,1217721],[-14,16,59453],[-40,5,59453],[-90,31,380844],[-230,-8,224234],[-271,26,612154],[-98,28,49542],[-144,46,98239],[-189,64,0]],[[16600,20204,0],[-124,-26,182982],[-64,-57,391404],[-138,68,569579],[-212,-102,65140],[-45,-19,209032],[-45,-9,39195],[-49,-6,130777],[-25,-25,84051],[-61,-18,0]],[[15837,20010,0],[-68,-15,47044],[-46,-5,105984],[-56,-19,37604],[-15,-1,37604],[-83,-24,253729],[-16,-27,39530],[-22,-20,703235],[-40,73,57385],[-36,53,137589],[-70,76,1443369],[27,189,46586],[0,15,33387],[9,53,87613],[8,30,566960],[75,30,74184],[57,10,42922],[20,9,368123],[-6,109,173043],[-44,15,368123],[64,113,166783],[45,-1,166783],[13,17,36062],[-14,-3,36062],[-10,43,125757],[16,36,63626],[20,6,2992054],[3,40,87579],[-12,50,58070],[-1,24,34382],[-10,68,532588],[-10,23,42688],[-22,20,121309],[-57,28,49925],[-38,25,262374],[-59,89,37625],[-38,54,116798],[-11,-1,43524],[-43,22,110597],[0,36,806224],[-218,72,184846],[-62,8,88795],[46,14,88795],[-29,7,47688],[-27,19,806224],[-8,23,39566],[2,29,39566],[-9,63,76290],[-1,68,487203],[-36,-9,70545],[-15,18,70545],[-41,-4,102851],[-25,19,123533],[-41,-3,39809],[-49,1,487203],[-41,24,52674],[-36,10,157094],[-41,-11,92115],[-12,31,76428],[28,7,92115],[-46,45,75128],[37,28,75128],[-16,3,58144],[-24,-19,39234],[-20,-6,75128],[-24,25,291983],[-26,9,37582],[-13,-7,37582],[-11,11,104039],[-5,-28,89925],[-26,-10,60923],[-19,16,291983],[-1,38,93210],[-19,7,53225],[-18,30,144096],[15,38,42336],[0,20,297357],[-16,28,44790],[-32,34,174263],[-32,7,68895],[-39,-15,408859],[-28,28,45585],[-13,0,92260],[-6,35,62894],[-17,-5,62894],[-16,32,177921],[21,23,47603],[-5,-23,55328],[38,-27,96156],[9,2,33953],[1,20,177921],[-11,21,34556],[-23,28,39618],[0,9,39618],[-24,25,177921],[-4,-41,87999],[-15,12,43333],[-15,-9,190199],[-72,57,55830],[-7,15,55830],[-47,27,872828],[-10,-10,60822],[-13,46,86384],[29,-9,49949],[0,-10,34775],[22,-29,49949],[-2,24,36447],[-10,15,102190],[1,42,62128],[-14,40,217698],[-47,-15,168661],[-10,67,53579],[-10,23,844233],[-16,13,33611],[-30,15,132144],[-51,9,44412],[-25,-1,100619],[-37,27,85073],[-48,3,387225],[-4,21,43093],[-21,41,74218],[-23,29,45563],[-14,32,153997],[10,35,91447],[-8,34,33815],[-12,25,153997],[-26,31,57624],[-17,-1,358412],[-20,-30,40229],[-25,-51,440857],[-259,79,653814],[-168,192,0]],[[15837,20010,0],[47,-36,45142],[40,-24,255954],[25,1,49468],[48,17,145836],[48,-2,68907],[52,-18,552781],[57,-41,70804],[64,-58,161985],[35,-40,40191],[50,-64,201096],[11,-9,33979],[73,-43,2471008],[-36,-53,79261],[-20,-10,37885],[-20,-22,163604],[-29,-3,48618],[-39,-17,374039],[-12,-35,42489],[-9,-51,42489],[-20,-80,99259],[6,-12,693450],[-43,-13,40734],[-86,-19,208446],[-77,25,128102],[-72,-10,1087724],[-79,-53,123702],[-81,-35,34259],[-57,-27,347534],[-307,-91,106705],[-83,-16,90028],[-121,-38,343969],[18,-32,625512],[-42,-20,70486],[-35,-9,38645],[-18,2,70486],[-78,-26,177910],[-67,8,103340],[-59,-18,236855],[-25,-28,70643],[-52,-25,224893],[-160,-17,118212],[-38,-18,3869954],[-27,10,58163],[-16,25,71416],[-19,-2,39658],[-19,12,71416],[-8,23,263842],[33,38,56197],[23,42,532046],[-65,24,192118],[-23,-3,37011],[-9,-10,46581],[-32,-3,64102],[-20,-16,54224],[-42,-10,330687],[-45,-53,61880],[-12,-30,61880],[-26,-14,688278],[-40,39,108631],[-13,21,36662],[0,15,36662],[-16,39,314693],[3,19,59248],[33,27,59248],[36,47,159070],[-14,36,688278],[-379,119,1318018],[-153,-33,34032],[-213,-49,317308],[-112,-56,98678],[-97,-34,1220843],[-256,100,217119],[-12,13,38440],[-37,22,49611],[-2,13,49611],[-32,13,541313],[8,16,43235],[16,0,38447],[9,15,77108],[-1,27,178713],[-27,18,33641],[-11,13,107004],[4,30,45163],[-8,22,0]],[[18538,17565,0],[-26,44,46876],[-8,26,73066],[-31,40,267260],[-14,80,136032],[-19,52,58836],[-35,129,87334],[-25,63,941240],[-13,150,57333],[-8,51,217552],[12,152,143114],[-2,109,59671],[-6,62,590072],[-10,16,48230],[-12,60,68090],[-18,28,177812],[-73,64,590072],[-15,110,182566],[1,98,91132],[14,144,298534],[39,74,0]],[[20283,15756,0],[-29,32,87682],[-13,49,60183],[-18,27,182826],[-33,4,37412],[-27,10,37412],[-13,-3,62642],[-24,12,182826],[16,25,34914],[20,20,370125],[-28,9,42794],[-34,21,56866],[-45,13,109731],[-46,25,45059],[-30,22,489099],[-24,41,55694],[-22,15,112663],[0,14,34610],[-15,18,34610],[-38,76,186349],[10,37,1040859],[-100,10,130339],[-6,-32,75700],[-25,16,82417],[-18,-7,53589],[-25,14,55074],[-25,-7,513259],[-11,23,36432],[5,8,131258],[-26,3,41017],[-39,14,61424],[-24,-3,204227],[-6,14,45812],[2,46,60603],[13,7,60603],[-16,35,136925],[-12,3,42097],[-15,-21,325601],[-30,12,46950],[-147,70,161403],[-16,-16,0]],[[19369,16412,0],[-48,64,124965],[-23,82,124965],[-34,68,82896],[-28,24,91320],[-30,63,149247],[-18,10,41704],[-11,-9,149247],[-8,33,46574],[3,29,87518],[-27,25,76807],[5,29,329652],[-40,27,39828],[-14,4,171210],[-9,46,113459],[-25,36,35168],[-34,41,818001],[-58,48,87241],[2,24,74042],[-36,-17,74042],[-5,18,59337],[-35,15,239132],[-145,29,818001],[-96,218,101848],[-39,73,85393],[-78,173,0]],[[18420,15561,0],[93,20,76577],[54,-1,76577],[39,15,437584],[55,35,43174],[69,38,167313],[45,15,42726],[55,24,53437],[57,18,188571],[55,26,64793],[42,23,34610],[35,24,113079],[7,-2,42741],[22,33,188571],[27,0,55572],[21,18,55572],[24,-5,36313],[11,7,1467020],[3,22,66247],[-29,24,86459],[8,31,280970],[23,6,56770],[41,33,109279],[36,40,41851],[12,6,33317],[22,25,366174],[-5,34,97622],[15,47,49105],[4,36,40488],[10,35,216920],[66,111,247573],[14,11,35667],[18,0,62627],[66,40,247573],[-49,50,36327],[-17,12,0]],[[17645,17023,0],[150,-11,178072],[37,-18,53761],[68,-22,246439],[42,-5,75738],[67,13,63547],[43,-2,1295075],[17,6,42318],[4,21,34504],[8,0,142751],[10,38,40002],[12,23,57859],[-3,16,69409],[27,72,142751],[14,24,43372],[63,126,667047],[129,100,72571],[105,86,92481],[21,29,92481],[79,46,0]],[[29888,16312,0],[-36,43,142462],[-14,46,53245],[-18,23,53245],[-5,31,107783],[-28,25,56634],[-20,34,97952],[-8,41,305348],[19,63,66607],[13,8,267236],[-19,37,53154],[-29,33,78615],[-27,48,38402],[-3,19,34038],[-11,13,682949],[15,24,61463],[9,56,240512],[-7,14,39710],[-22,11,127195],[-40,1,72888],[-41,-19,240512],[-21,18,34330],[-10,0,56415],[-39,39,56415],[-24,15,46347],[-61,52,1145291],[-10,77,279292],[102,10,197709],[46,64,640738],[-1,63,117259],[-37,130,291495],[-53,76,67720],[-10,29,67720],[-31,19,3098957],[-80,3,43431],[-158,9,232821],[-30,-3,33687],[-13,-6,40405],[-14,15,34995],[-1,-12,34995],[-25,-5,88769],[6,-19,66019],[-37,0,831549],[23,41,72861],[-16,8,149503],[-48,-8,50015],[-26,-12,165613],[-1,-17,46537],[15,-52,165613],[-31,-30,40038],[-28,-19,50487],[3,-15,50487],[-26,3,109054],[6,-19,148391],[-23,-2,37740],[-33,-13,59332],[9,-8,68572],[-63,-46,334918],[3,-44,75991],[-20,-6,75991],[-9,-35,34743],[-11,-23,149704],[-42,-27,1020646],[-127,-8,51383],[-66,-8,164777],[-51,7,67894],[-82,-2,50639],[-27,4,230592],[-48,-53,93465],[-17,-11,37629],[-14,4,230592],[-39,34,55591],[3,8,34749],[-17,16,106139],[-21,-9,0]],[[28291,17095,0],[-8,-1,41296],[-27,33,111215],[-32,64,53288],[-7,26,195032],[25,8,60031],[14,-13,33486],[13,-1,195032],[-2,20,34089],[-13,50,56577],[-14,31,125413],[-6,65,68757],[-18,58,68757],[1,35,582333],[28,-7,77587],[33,25,275993],[17,30,55490],[6,39,127409],[-11,21,42163],[-6,39,150380],[9,16,33843],[5,29,41049],[10,5,37699],[6,27,783868],[-44,33,105582],[-15,-4,46691],[2,23,46691],[-13,17,34299],[8,3,34299],[-8,21,123608],[-34,12,51485],[-15,19,206325],[5,22,57722],[-10,4,39456],[-6,25,56322],[6,20,109453],[-27,17,1199430],[32,15,65385],[6,16,43494],[22,8,45451],[58,37,453946],[-16,67,48556],[-3,40,134415],[-20,43,43094],[-31,51,134415],[11,34,466002],[47,27,46682],[63,44,231943],[25,30,97360],[8,37,46943],[-12,18,46943],[11,13,1862809],[-17,37,51026],[-6,36,86724],[-15,22,43077],[-3,26,44418],[-30,59,104789],[5,48,104789],[-35,9,213138],[-5,28,33294],[-4,65,586237],[-31,5,111316],[-42,69,111316],[-55,61,36433],[-81,96,188340],[-14,24,34714],[-51,74,0]],[[27980,19045,0],[18,37,99642],[40,-4,269829],[48,-45,51067],[23,-12,173192],[14,16,53822],[16,-2,40094],[21,12,173192],[41,-15,33705],[12,0,69657],[12,-23,69430],[35,-5,684601],[20,12,35240],[17,-1,54208],[26,20,96486],[20,-13,182203],[320,132,232739],[24,11,46813],[5,-11,46813],[46,-2,54055],[19,10,54055],[-1,-17,40727],[16,0,173314],[6,29,65871],[26,12,1726980],[30,-8,52392],[61,-32,64550],[58,-18,88343],[60,-34,77385],[10,2,47305],[56,-24,155410],[37,12,104267],[8,-15,49751],[36,-17,716931],[12,-45,40300],[8,-7,95822],[-17,-28,208755],[21,-15,37045],[24,-27,42827],[17,-10,159265],[23,45,208755],[19,-1,39675],[2,-13,39675],[33,-14,71288],[-8,-10,83547],[36,-52,67818],[40,-36,203015],[12,-30,45610],[24,-30,59111],[10,-31,34450],[14,-25,2022589],[25,-15,60903],[-13,31,102015],[-10,120,165345],[17,21,45751],[24,11,165345],[-24,22,71402],[-17,50,561293],[93,16,87901],[113,32,801867],[-15,41,88917],[-14,67,52130],[-12,82,219693],[-34,75,54702],[-38,57,54702],[2,9,1579624],[35,10,38445],[31,2,69834],[22,11,42386],[10,-8,42386],[45,0,56390],[39,10,37732],[16,-1,649272],[68,-111,222356],[5,-13,46005],[-12,-45,71740],[7,-54,493648],[47,18,88361],[8,33,88361],[16,7,39530],[22,-6,335509],[34,-42,51956],[21,-13,102682],[21,-28,41914],[-5,-6,48728],[32,-44,811314],[52,37,49826],[38,20,150579],[14,16,36111],[1,16,39904],[25,37,75851],[18,8,2022589],[20,-49,110947],[-5,-56,47477],[6,-11,33654],[-3,-22,162939],[15,-38,35984],[17,-32,57528],[6,-36,57449],[13,-32,35271],[7,-3,162939],[9,-46,68195],[-13,-16,287530],[26,-46,74255],[-1,-19,39757],[10,-29,93998],[31,-43,150397],[16,-51,55926],[-4,-16,44645],[11,-37,558296],[20,-1,41027],[-1,-14,41027],[26,-16,67329],[39,-41,37948],[20,-15,148697],[-8,-13,64162],[14,-11,37093],[12,-25,0]],[[24919,25518,0],[148,-234,238884],[25,-59,99222],[113,-211,53455],[21,-43,359469],[203,-335,168144],[69,-84,96946],[23,-10,81994],[10,-51,911340],[287,-266,168029],[20,-34,0]],[[25838,24191,0],[-34,-143,338010],[-32,-674,1103895],[1,-5,48137],[101,-224,200618],[93,-276,379882],[-5,-38,100930],[10,-45,46984],[3,-46,66082],[11,-19,40609],[2,-25,1103895],[-14,-22,37982],[-16,-9,138362],[12,-30,61147],[2,-57,152572],[-19,-11,41113],[-12,-23,128468],[0,-34,70202],[-9,-4,39625],[-13,-30,79692],[1,-40,313516],[-12,-17,46478],[-19,3,49864],[-52,-13,313516],[0,-21,39212],[11,-37,67315],[-9,-19,67726],[12,-105,0]],[[25851,22227,0],[-11,-48,81154],[-22,4,81154],[-18,-23,45595],[-31,-23,119189],[-21,4,39796],[-13,15,119189],[-13,-18,47923],[-8,-37,648335],[-16,-7,64570],[-13,13,33574],[-24,12,116827],[-34,-29,241432],[-9,22,68638],[-40,20,157317],[22,61,302320],[-30,3,46424],[4,12,46424],[-31,-3,59798],[-38,17,113801],[-9,14,34424],[-23,18,194535],[-40,7,40765],[-5,-6,40765],[-69,6,672642],[-28,-34,58099],[-11,1,37625],[-20,-19,211637],[-88,-24,92694],[-133,-51,0]],[[25079,22134,0],[-125,254,151588],[-23,37,36487],[-22,25,771046],[95,10,61822],[71,13,220316],[12,24,63234],[26,13,37446],[-1,10,35876],[19,8,398976],[50,-29,126485],[6,-18,58384],[-20,-23,54282],[3,-20,126485],[29,-7,50463],[13,11,771046],[-14,32,93259],[34,20,93259],[4,21,41970],[-12,12,77898],[14,7,35061],[9,18,164392],[12,-9,47064],[27,8,256661],[-12,14,44180],[13,11,44180],[-11,27,44020],[4,17,71514],[-20,14,71514],[10,34,345739],[18,7,54364],[32,29,33791],[22,14,213355],[-3,21,82342],[21,37,57309],[24,18,94291],[14,41,33720],[5,26,1511683],[-18,25,46982],[-17,41,89890],[-3,33,44472],[-12,32,214726],[-23,1,69171],[-1,18,45208],[-17,15,84631],[-25,-7,642090],[-11,580,924123],[107,268,211219],[10,39,49332],[4,63,2924391],[-43,94,151991],[-256,471,1100158],[-71,384,89833],[-108,600,0]],[[23049,24016,0],[-32,-24,37484],[-36,-19,66726],[-6,-11,46582],[-32,-2,210336],[-45,18,64895],[-7,-5,41329],[-38,9,210336],[-26,-17,41416],[-21,-25,44559],[-29,-19,639600],[-25,9,54743],[-48,37,184070],[-24,2,47285],[-46,18,68441],[-23,18,68441],[-46,2,109209],[-15,6,35196],[-20,20,95126],[-19,-1,55752],[-67,24,639600],[-8,-11,55059],[-55,-12,55059],[-47,-22,100656],[-46,-29,47328],[-18,-6,36937],[-48,-28,100656],[-15,6,0]],[[22207,23954,0],[-14,22,47386],[-29,19,95372],[-46,66,50265],[-22,15,50265],[0,19,74550],[-27,26,287725],[-73,15,52429],[-17,-3,301968],[-10,32,78962],[-38,20,103552],[4,13,47314],[-17,20,42762],[2,14,182029],[-28,18,46518],[-10,18,40051],[-24,16,91679],[-21,-5,91679],[-13,33,46552],[-19,22,610269],[-156,41,221820],[-146,88,610269],[5,19,35553],[-6,21,83496],[14,94,47682],[-8,12,47682],[19,14,47682],[-1,29,0]],[[21526,24652,0],[99,47,243818],[176,-12,468477],[36,-63,142182],[81,-50,786466],[114,26,314368],[45,34,91244],[26,29,49795],[7,23,70253],[33,28,105745],[10,26,42082],[3,34,104380],[16,7,37104],[14,-7,1315149],[6,61,211367],[-21,43,42552],[2,10,85907],[-39,49,143132],[-47,26,380260],[7,44,64285],[27,70,195313],[-22,21,38417],[-17,5,143024],[15,76,1315149],[71,-3,186744],[17,17,59651],[31,13,42621],[13,-4,92539],[40,29,34821],[6,-2,34821],[20,23,259311],[34,-5,76127],[-3,-27,61165],[22,-3,400790],[28,16,39421],[34,9,56725],[7,-8,56725],[40,28,164351],[17,31,69938],[-8,30,150130],[29,16,94347],[27,-35,150130],[32,8,82087],[22,20,33966],[18,25,810581],[7,21,38565],[-4,22,53545],[11,2,53545],[14,28,40086],[25,71,78063],[4,26,38575],[17,48,141172],[25,31,0]],[[22693,25606,0],[41,-20,104532],[80,-82,260754],[20,-9,59259],[45,9,76676],[-3,-16,76676],[59,5,766599],[5,18,73345],[33,-58,151767],[-9,-29,40127],[-7,-53,312952],[-33,-30,75347],[-33,-54,52184],[-26,-28,110541],[-27,-55,312952],[22,-31,58121],[3,-37,58121],[15,-8,1981827],[87,21,155576],[159,59,54660],[112,37,53712],[111,42,155576],[263,85,85550],[442,148,0]],[[24052,25520,0],[-76,-249,476788],[-67,-48,220110],[-169,-243,476788],[-33,-84,41462],[-36,-98,53730],[-21,-49,359681],[14,-16,49477],[-6,-22,42174],[10,-12,109252],[-21,-3,41580],[-20,11,109252],[-104,-166,68641],[17,-11,68641],[-36,-21,148239],[-26,-33,34159],[-18,-8,34159],[5,-9,34159],[-34,-45,1051634],[11,-20,112347],[-13,-11,46730],[-25,7,46730],[-39,-7,78718],[-24,10,146571],[-1,-26,42690],[-12,-16,146571],[-120,-90,453005],[-58,-2,81477],[-22,-9,47081],[-83,-15,142714],[-37,6,35775],[-43,2,864428],[29,-113,137023],[55,-114,0]],[[24056,22134,0],[-59,-73,49321],[-7,-22,49321],[-21,-10,36250],[-3,-11,141481],[5,-53,141481],[-16,-8,49917],[-44,3,0]],[[23911,21960,0],[-9,30,219098],[-32,-1,44965],[-54,-11,56549],[-39,5,56549],[-22,-10,131952],[-18,5,38316],[-42,-3,40092],[-44,5,475351],[-38,-9,62610],[-6,-18,80581],[-39,-7,44772],[-2,-9,44772],[-50,-17,148988],[-14,-14,47969],[2,-25,69049],[-23,-10,148988],[-43,41,148988],[-8,-15,64241],[-40,-24,36380],[-24,-9,826346],[15,-36,133188],[-16,-12,50868],[-10,-33,58694],[-10,1,38023],[-14,-22,232467],[-90,-14,260243],[-8,-37,33572],[-13,-34,60200],[-3,-38,0]],[[23217,21639,0],[-47,47,103527],[-342,367,87126],[10,4,50913],[-13,33,87126],[-18,8,41770],[-14,-10,87126],[-98,105,1192893],[-2,22,38512],[10,20,75173],[-13,16,49668],[7,15,38804],[-8,16,75173],[13,21,160145],[-4,18,39204],[-19,29,39204],[-10,28,372201],[4,45,85832],[14,21,36440],[15,6,85832],[10,59,134917],[15,24,44572],[18,7,217838],[-8,17,42961],[6,27,48522],[-9,20,100592],[17,11,43752],[-9,12,43752],[9,27,1192893],[-45,21,69763],[-31,-3,150566],[-22,31,37933],[-10,24,161434],[-21,-6,53815],[-38,8,35099],[-17,-2,95629],[-9,19,247284],[-49,31,46038],[-2,11,46038],[-33,13,46038],[-40,30,84714],[-49,24,84714],[-33,39,482218],[-6,-1,35362],[-31,-38,72562],[-33,-12,0]],[[22282,22843,0],[-74,60,53717],[-39,39,333750],[9,35,50947],[0,48,93611],[-24,48,93611],[16,13,34017],[0,12,364030],[-21,12,36375],[-15,19,65955],[0,28,65674],[-25,12,65955],[-81,101,58205],[-35,30,55185],[-3,15,34753],[-17,16,187550],[-2,32,1385741],[8,25,43578],[43,98,68364],[15,22,70850],[51,123,98412],[7,34,71400],[31,53,62384],[6,33,34437],[7,10,201210],[-7,37,70421],[9,65,201210],[26,42,49086],[40,49,0]],[[23049,24016,0],[19,-38,58816],[45,-57,185163],[56,-55,85451],[71,-48,448559],[34,-18,35937],[49,-20,78452],[53,-16,34136],[45,-17,345469],[66,-42,52682],[50,-38,156833],[101,-90,65507],[30,-34,2071037],[34,-55,44109],[29,-55,272545],[29,-72,84883],[44,-150,147582],[12,-64,41160],[5,-52,101930],[22,-50,427862],[54,-52,44938],[18,-23,184934],[36,-65,79438],[26,-74,994771],[0,-30,59732],[-18,-79,183062],[-31,-52,95292],[-45,-109,50443],[-8,-27,183062],[2,-59,782353],[22,-61,39414],[16,-31,107136],[45,-63,121979],[44,-110,45915],[17,-35,165945],[35,-41,0]],[[24052,25520,0],[122,71,42160],[93,52,42160],[166,95,0]],[[24433,25738,0],[174,216,778005],[100,-128,65645],[118,-161,0]],[[24825,25665,0],[94,-147,0]],[[25079,22134,0],[58,-123,83117],[21,-64,375393],[32,-314,72506],[2,-48,567612],[-6,-54,48793],[-12,-49,125448],[-20,-46,34514],[-18,-30,0]],[[25136,21406,0],[-162,131,127142],[-338,256,369538],[-24,20,44106],[-53,56,82422],[-68,80,854131],[-43,28,56762],[-39,15,175004],[-74,19,34830],[-100,24,72140],[-55,18,279018],[-52,26,39048],[-33,20,81677],[-39,35,0]],[[25838,24191,0],[80,-137,205534],[140,-158,0]],[[26058,23896,0],[137,-152,38762],[13,-13,236646],[70,-138,236646],[153,-220,41986],[28,-42,132047],[9,-5,35109],[35,-41,132047],[22,-37,33533],[67,-121,1315506],[9,-47,36045],[5,-2,86074],[2,-64,43622],[-5,-16,100329],[23,-117,377960],[116,-172,445553],[17,-85,122422],[7,-82,70290],[-3,-80,128601],[20,-115,311357],[23,-28,88883],[35,-100,1315506],[0,-37,84046],[30,15,84046],[54,-43,130298],[38,3,130298],[55,-34,38119],[6,-10,34671],[20,-2,38119],[38,-26,414627],[0,-10,46715],[40,-36,48209],[13,-5,41065],[3,-22,48209],[11,-17,35125],[85,-109,0]],[[27234,21886,0],[5,-18,47052],[35,-58,261773],[-22,-46,59391],[-4,-33,124672],[-36,-15,79867],[-12,-33,402736],[14,-36,33548],[5,-25,143906],[44,-47,42644],[23,-17,42644],[16,-24,515669],[-12,-26,40696],[-10,-1,40696],[-28,-37,102326],[-13,-57,102326],[-12,4,40289],[-20,-14,0]],[[27207,21403,0],[-43,43,64519],[-35,50,136923],[-50,27,37485],[-16,13,354636],[-168,43,47708],[-35,7,367616],[-110,130,276196],[-92,67,155044],[1,-34,111778],[-30,9,55073],[-30,26,788386],[8,9,46702],[-4,43,70732],[-13,36,202470],[-49,17,54414],[-29,20,202470],[-10,37,96508],[-26,24,44982],[-23,8,115801],[0,28,83433],[-15,18,34784],[-16,7,69185],[-10,32,1223367],[-8,-11,40563],[-34,-15,48758],[-19,-21,230468],[-41,27,116292],[-24,-6,51582],[1,-12,33487],[-15,-10,116292],[-62,26,98604],[2,-17,52517],[-27,2,538088],[-4,39,52471],[4,44,42109],[-2,38,199925],[-12,9,46446],[-38,1,139748],[3,24,39909],[-6,39,538088],[-25,-8,39516],[-6,8,44790],[-35,-10,71732],[-32,10,71732],[-3,-12,34368],[-18,-7,196839],[-24,22,67800],[-8,16,35035],[-6,-12,35035],[-33,-4,67800],[-2,16,162260],[-38,-6,51304],[-13,-12,77825],[-36,6,0]],[[27207,21403,0],[-12,-10,86671],[30,-75,120738],[7,-42,57436],[-10,-15,57436],[2,-65,145910],[12,-27,63615],[18,-99,145910],[2,-82,54310],[-5,-16,316592],[42,-213,113865],[21,-56,0]],[[27314,20703,0],[-18,-14,70823],[5,-39,135710],[21,-17,52327],[21,-38,0]],[[27343,20595,0],[-141,138,596594],[-116,-49,62464],[-163,-76,977370],[1,-51,50964],[-5,-166,244869],[41,-144,1258883],[-4,-3,55509],[-137,-7,225634],[-210,-74,622613],[-363,87,1721224],[-31,-437,0]],[[25535,20888,0],[-28,46,96978],[-22,59,40091],[-40,96,243986],[-21,39,46702],[-42,61,88645],[-67,88,509052],[-179,129,0]],[[27866,20019,0],[-4,-36,37378],[3,-36,66120],[-11,-49,153912],[0,-45,37808],[5,-49,58043],[8,-34,58043],[-9,-23,57767],[8,-34,512791],[90,-84,86652],[12,-18,33974],[34,-38,822056],[1,-81,166149],[-23,-85,105997],[-31,-39,166149],[5,-68,301937],[-44,-2,103426],[-8,-31,55941],[-19,-8,301937],[19,-20,60000],[-9,-22,60000],[7,-24,39027],[11,-2,54967],[4,-33,126944],[19,-9,100475],[-7,-61,64874],[-12,-13,0]],[[27915,19075,0],[-36,43,53641],[-1,14,159971],[-43,0,59880],[-34,12,159971],[-29,34,55379],[2,18,40265],[-12,11,142694],[-36,-9,63757],[-18,14,559467],[-12,-36,61355],[3,-43,202211],[-23,5,107434],[-3,-22,49811],[-20,-17,60125],[5,-12,41079],[-12,-23,107434],[-14,-1,42404],[-25,-21,559467],[-15,14,39473],[-47,28,209028],[-34,9,42976],[-31,-1,98207],[-71,-13,49727],[-21,1,209028],[-26,13,36726],[-50,33,114049],[-118,45,208289],[-21,-11,40247],[-2,-13,1632141],[49,-217,69766],[1,-35,35550],[5,-34,69766],[13,-20,405464],[-5,-71,46934],[7,-21,45822],[-6,-29,177140],[-31,-30,44399],[-11,-20,1013392],[-20,22,34627],[-12,4,36360],[-31,32,138953],[-13,-5,45907],[-21,18,54112],[-23,-11,54112],[-12,14,451786],[-23,-19,63063],[-46,-11,139586],[-33,-27,40231],[-26,-15,62801],[-41,-40,62801],[-22,-3,42482],[-12,-14,0]],[[27343,20595,0],[25,-26,103588],[6,-21,44591],[24,-35,62148],[21,-62,257418],[28,4,41033],[6,-8,83540],[33,27,257418],[6,-36,41696],[14,-39,49569],[14,-70,257418],[18,-33,72464],[50,-43,117701],[33,-47,56249],[13,-33,33766],[14,-20,463340],[13,-48,51549],[26,-60,73824],[7,-44,41934],[10,-27,128539],[16,-4,43367],[-5,-18,43367],[25,-45,911085],[33,40,56834],[53,78,182022],[40,-6,0]],[[27915,19075,0],[36,-13,39382],[29,-17,0]],[[28291,17095,0],[13,-29,35034],[6,-27,140087],[-10,-17,49812],[-31,-18,106662],[10,-35,506092],[-78,6,78394],[-103,-4,221056],[-14,-11,46225],[-26,2,46225],[-17,-9,36768],[-37,-7,71144],[-26,-15,435362],[-5,-37,64525],[-18,-8,84009],[-6,-57,0]],[[27866,20019,0],[97,28,112496],[21,-14,274641],[131,52,42906],[121,50,139800],[6,-21,139800],[55,32,77557],[20,-6,99947],[24,16,45892],[1,15,63862],[27,8,648994],[0,42,178575],[121,-33,178575],[115,-2,48965],[51,2,106514],[75,-11,51329],[44,-1,1305564],[1,33,98838],[-24,87,62792],[-17,34,345764],[-3,45,38779],[3,29,98732],[21,-11,117067],[-1,16,33455],[11,6,33455],[24,38,76227],[19,4,49783],[11,22,2573630],[108,7,73828],[107,-1,340731],[55,-14,130874],[68,-67,444630],[9,19,46350],[16,-4,76513],[10,42,148944],[13,13,41711],[32,11,64062],[4,-9,43775],[28,12,434516],[18,-13,37733],[44,-20,108494],[3,-12,58515],[17,4,34843],[21,17,108494],[86,-23,73984],[67,-27,713740],[14,-79,63378],[-6,-17,60951],[13,-30,42276],[10,-2,659727],[108,14,164352],[47,23,64468],[102,35,198889],[-9,38,198889],[24,-4,45690],[17,11,51535],[10,-6,33964],[21,6,33964],[28,-1,86233],[28,-11,55862],[36,3,405596],[10,25,52599],[19,11,42448],[12,22,90214],[9,-22,83079],[9,23,41229],[22,25,1144727],[20,4,71334],[6,-12,37339],[33,-20,86130],[35,-7,33999],[13,3,239097],[24,-13,44138],[-1,-12,92248],[110,-67,101110],[28,-21,40393],[16,-22,658228],[194,-2,38904],[222,-4,38904],[4,1,0]],[[27314,20703,0],[7,-1,44296],[108,-63,121015],[45,-8,85011],[72,-37,718478],[241,15,359836],[118,61,164145],[26,4,58595],[54,17,34948],[50,11,34948],[11,7,1086039],[49,54,81159],[55,39,131103],[15,21,46597],[21,3,46597],[1,16,46597],[99,104,48279],[-4,19,48279],[19,-1,2415164],[-8,31,33567],[-14,26,199544],[26,9,68321],[4,29,68321],[21,30,44293],[26,22,274659],[-18,45,52105],[-3,33,38864],[-9,20,195719],[8,13,41771],[-1,32,81552],[29,27,115179],[-9,42,497344],[-48,41,59249],[-46,27,318387],[-6,17,59790],[8,44,38038],[-9,15,38038],[11,7,61283],[-17,12,61283],[17,24,95361],[-19,6,41727],[-11,19,95361],[21,31,497344],[84,-32,175616],[35,41,120321],[26,-1,42658],[18,-12,497344],[7,18,40858],[-10,13,49412],[6,32,39236],[-8,9,39236],[10,19,126881],[34,94,152898],[4,24,48896],[-6,64,259437],[11,35,63857],[44,82,2415164],[22,20,70343],[146,95,148023],[27,13,45293],[10,-8,317069],[8,21,39732],[14,7,39732],[14,25,64504],[37,34,46400],[12,20,73129],[34,14,73129],[-8,22,392483],[37,1,62593],[14,13,41690],[25,4,120294],[43,-6,44394],[18,-14,44394],[14,7,339728],[-18,32,76144],[-34,22,35389],[-8,-1,113212],[-12,41,63246],[-23,25,626313],[48,65,60163],[4,-6,41517],[24,29,60163],[-7,5,41328],[19,25,272594],[105,6,272594],[46,51,55819],[-4,4,48718],[53,41,224954],[54,25,52474],[9,17,51183],[31,10,93208],[8,20,81056],[31,3,36598],[20,-5,1421549],[-15,35,130822],[-79,115,83963],[-22,25,44308],[-77,103,934492],[76,77,283934],[25,-20,69937],[12,-41,69937],[32,-37,388094],[56,-30,35081],[23,-8,107233],[15,6,42904],[34,-7,78758],[46,-21,257039],[51,-38,61204],[23,-11,44027],[55,-37,141479],[18,-23,93566],[48,-11,43362],[18,2,219286],[15,-38,117534],[51,-42,63355],[23,-1,40071],[6,-11,219286],[35,11,40773],[22,14,0]],[[27234,21886,0],[81,64,49410],[10,3,421078],[215,-7,44202],[25,-7,44202],[25,6,161821],[13,-15,70646],[37,-4,39045],[16,5,77251],[8,-16,35797],[16,-4,77251],[9,12,38110],[21,3,941352],[1,17,33504],[-8,25,90152],[30,2,90152],[1,36,52366],[12,-1,52366],[6,16,34496],[18,19,238555],[82,5,404622],[5,21,44367],[21,25,77385],[1,38,173860],[-11,21,33619],[-1,19,56547],[-14,2,104014],[-7,43,61211],[10,18,941352],[49,16,39579],[27,4,124483],[32,30,62086],[37,6,58416],[8,16,126484],[70,22,56342],[23,15,56342],[59,26,35628],[16,4,35628],[54,25,49227],[28,9,434337],[41,-6,36620],[22,-8,262238],[34,47,96902],[38,9,150836],[50,89,262238],[41,27,57449],[106,58,3342510],[-21,22,56068],[-19,9,33300],[-5,-6,145973],[-72,80,61293],[-13,9,48509],[-29,47,543612],[150,145,543612],[-34,113,341448],[10,55,111602],[31,353,1740449],[39,-7,102004],[29,-30,62003],[32,-6,62003],[15,-21,292073],[12,9,39333],[22,-2,67557],[10,13,36362],[21,4,37609],[10,13,126091],[25,-7,55126],[31,10,36831],[13,-3,503182],[28,-28,56471],[2,-21,63530],[28,-21,43271],[11,-19,163640],[27,-16,51363],[23,2,139088],[8,-13,35038],[28,-21,55226],[7,-20,50243],[29,-27,503182],[32,-5,84178],[-29,39,84178],[-10,87,182904],[-33,88,45281],[0,11,38272],[-19,49,1310654],[4,25,37933],[-5,30,46126],[7,43,204803],[22,12,65212],[22,-9,45978],[24,4,266571],[13,17,70743],[-18,36,102594],[9,13,40734],[21,0,130393],[2,30,40348],[-6,46,86818],[13,59,659759],[-18,11,68802],[2,14,34434],[-14,7,34434],[-12,31,45263],[-12,12,107140],[-33,5,50021],[-9,13,107140],[10,40,157862],[-15,24,34808],[-7,25,45896],[6,20,45896],[-17,3,49137],[-1,24,46890],[-16,28,899872],[44,46,34564],[40,47,202417],[88,46,40174],[50,29,0]],[[29174,24237,0],[7,-14,50479],[129,-199,38055],[91,-143,0]],[[26058,23896,0],[133,42,77511],[34,24,77511],[10,-16,37685],[12,3,218739],[113,68,46017],[22,10,423559],[33,-66,331407],[101,44,46767],[24,5,46767],[34,22,137721],[36,1,43243],[32,10,1904569],[79,73,43063],[37,39,106829],[49,67,69996],[31,25,406286],[162,243,99261],[15,16,53808],[92,134,363890],[29,-28,52225],[4,-13,39168],[17,9,85529],[89,-82,192136],[26,21,363890],[-77,148,39240],[-21,36,808621],[95,54,70535],[280,165,808621],[18,69,46716],[75,265,0]],[[27642,25284,0],[136,-153,121780],[34,-31,36898],[13,-6,55614],[23,-26,35979],[32,-27,121780],[25,-48,67567],[27,-21,687563],[160,-298,59053],[33,-66,286339],[1,-70,591045],[36,-41,37504],[4,-13,37504],[25,-23,107199],[24,-58,161582],[33,-27,37538],[24,-12,161582],[30,-42,58961],[37,-34,58961],[12,-25,72840],[51,-49,72840],[12,-3,42104],[-2,-23,2335839],[137,138,492047],[16,-5,57820],[58,-51,72057],[7,6,172328],[129,-21,604507],[27,111,248560],[109,84,1046629],[24,-15,46283],[19,2,95317],[30,-24,53791],[56,-27,46313],[5,-8,95317],[34,-7,38313],[36,-1,90096],[-4,-18,309085],[35,-53,41909],[7,-19,70880],[21,-19,34530],[16,-24,0]],[[27763,27508,0],[159,288,97766],[103,176,220221],[0,30,0]],[[28025,28002,0],[25,13,40204],[6,14,191960],[-10,6,33291],[8,12,33291],[-2,53,42996],[5,11,42996],[-8,39,117865],[11,19,60972],[3,60,259975],[-14,31,43398],[-3,36,43398],[-9,11,81298],[-2,44,611460],[7,20,38629],[13,2,38629],[19,23,57636],[21,12,156258],[-29,38,156258],[27,109,85691],[39,201,372794],[95,160,1609590],[247,-585,165721],[59,-121,1609590],[57,1,34541],[40,4,84759],[48,15,84759],[55,-7,369939],[75,20,58581],[33,4,34416],[45,10,160489],[33,16,43653],[93,39,290088],[288,50,68689],[79,16,580215],[209,106,0]],[[27642,25284,0],[99,39,227910],[168,126,64182],[24,-14,64182],[-2,30,64182],[45,33,358806],[75,100,266492],[109,71,69542],[118,81,38834],[10,9,2924163],[-76,227,156545],[-50,198,156545],[-42,147,40687],[-13,38,40687],[-51,168,33735],[-62,203,112944],[-24,80,54785],[-43,128,241676],[-12,68,85780],[-37,112,104883],[-115,380,0]],[[24825,25665,0],[154,-47,58544],[65,-24,535587],[270,28,60786],[211,25,1184849],[-1,-45,56105],[12,-11,56105],[-12,-29,183648],[9,-55,69691],[16,-14,95581],[-2,-54,95581],[11,-19,54841],[2,-48,64205],[14,-50,36209],[10,-17,460215],[56,-51,121754],[33,7,55352],[20,-12,1184849],[12,9,35074],[16,-6,37557],[13,12,34787],[15,-1,66255],[12,15,92820],[28,11,37545],[6,-6,37545],[39,6,92820],[5,10,41893],[35,15,91645],[67,7,67505],[18,13,371911],[45,-10,123023],[44,-42,74880],[-6,-17,36009],[10,-8,371911],[26,20,49484],[6,20,70403],[27,10,59673],[26,31,153990],[43,15,38491],[11,11,38491],[22,1,3475369],[6,28,42656],[-5,25,85685],[-17,22,62125],[-3,41,126795],[13,64,91810],[-10,51,367317],[-51,77,56586],[-32,38,83325],[-22,43,823183],[54,11,166805],[43,65,110555],[18,8,38928],[37,29,205985],[42,15,54723],[46,5,1320570],[-38,107,67510],[-18,35,37631],[-21,55,155871],[-32,135,205721],[-29,52,83870],[0,14,42209],[-20,32,42209],[-40,105,205721],[2,37,41920],[-4,43,317575],[-42,109,70760],[-87,205,0]],[[26003,26816,0],[13,18,112354],[150,54,259425],[72,19,39296],[105,24,130246],[99,38,104635],[139,35,387515],[120,-3,995034],[498,211,54513],[139,60,467104],[425,236,0]],[[24433,25738,0],[-184,543,55658],[-101,298,33399],[-61,177,773212],[-263,490,0]],[[23824,27246,0],[88,219,798976],[-50,178,43550],[-71,241,266543],[-61,304,798976],[21,31,109766],[-27,52,109766],[-31,457,43806],[-17,252,4704816],[-147,183,109900],[-77,82,1331447],[-201,-107,130299],[-9,-12,34965],[-50,-46,130299],[-39,0,50192],[-21,-11,643474],[-12,-36,38762],[-12,-15,38762],[-7,-28,195619],[-18,-13,53697],[-54,-11,71917],[-24,-20,256263],[-178,-257,2339836],[-223,179,65491],[-188,153,1015522],[-353,47,599613],[-475,219,38923],[-33,16,0]],[[21555,29303,0],[268,604,267199],[90,232,67989],[36,107,67989],[11,12,1448216],[-49,17,99729],[-96,1,356820],[-23,27,50301],[-40,29,50301],[-9,17,41060],[-28,21,141429],[11,12,87606],[-36,33,42732],[-19,9,78683],[5,15,0]],[[21676,30439,0],[15,33,44017],[23,29,114719],[61,41,143315],[-3,26,92342],[15,21,34061],[13,4,34061],[4,16,34061],[16,15,266656],[11,63,45326],[2,48,45326],[8,19,266656],[33,21,117192],[55,-34,0]],[[21929,30741,0],[39,-31,133941],[32,9,58141],[23,23,366746],[22,-17,40116],[16,0,41748],[27,-19,102607],[38,-49,110275],[27,-22,48443],[61,-32,199400],[50,2,55910],[31,-10,199400],[7,-35,71284],[34,-49,366746],[6,-17,39918],[13,7,39918],[21,-10,101855],[91,-3,1417920],[158,291,746914],[152,57,223465],[208,23,0]],[[22985,30859,0],[52,-129,159194],[15,-22,48590],[39,-31,250117],[26,-56,97628],[-8,-43,115373],[41,-101,279148],[61,-87,64769],[55,-70,279148],[-17,-86,1710646],[320,-219,223981],[121,-57,830510],[35,-33,41815],[77,-79,67691],[18,-3,67691],[34,-48,270029],[31,-76,41451],[26,-53,376064],[236,-228,44833],[20,-21,148191],[46,-27,115704],[25,-53,50169],[17,-20,633621],[63,-1,204330],[-6,-34,71293],[4,-58,41968],[6,-15,288051],[70,19,67607],[43,1,2441720],[19,17,33434],[40,44,45336],[32,28,193634],[30,13,71902],[150,93,560196],[72,-14,39043],[99,-23,71391],[26,-11,4426641],[15,-65,43702],[22,-109,433850],[90,-140,92851],[49,-91,212366],[25,-33,41911],[27,-24,56221],[31,-45,42783],[13,-6,42773],[20,-32,435473],[15,-44,41209],[5,-35,104108],[23,-64,60333],[7,9,84920],[10,-40,33901],[19,-54,318652],[29,-40,113230],[8,-24,40452],[14,-12,40452],[14,-31,42443],[93,-179,190257],[21,-45,44282],[16,-49,51392],[26,-50,35671],[4,-16,1138807],[-4,-40,37927],[4,-26,38383],[-5,-58,210313],[-32,-66,52015],[-15,-10,52015],[-1,-21,42010],[-14,-18,1138807],[16,-37,55713],[25,-16,38336],[0,-10,143896],[26,-50,49565],[7,-28,78551],[20,-33,38095],[2,-15,38095],[76,-154,185650],[51,-87,88041],[56,-104,38922],[38,-66,59188],[30,-61,317193],[40,-43,118283],[1,-57,118283],[42,-108,67538],[-4,-20,67538],[29,-36,67538],[50,-119,317193],[12,-18,52592],[54,-40,0]],[[22985,30859,0],[355,1,893329],[138,-371,2197459],[481,217,50283],[78,36,476092],[112,118,1177575],[145,7,36603],[82,5,286628],[16,-13,53434],[19,-45,364112],[78,97,193226],[32,17,44873],[65,24,340859],[12,-4,63478],[-8,-23,40308],[0,-33,110856],[-9,-11,41477],[-21,-59,340859],[-2,-32,59905],[16,-45,100750],[14,-14,36796],[16,-31,175576],[11,84,216599],[16,3,37102],[38,21,33646],[11,2,59644],[55,31,1955770],[-9,57,56429],[4,34,68481],[-11,67,352742],[-110,183,126075],[16,0,103749],[-18,38,60929],[-50,73,0]],[[24557,31293,0],[12,1,35719],[80,20,49580],[-2,7,38742],[38,6,94874],[52,3,118982],[32,11,40475],[107,30,1151278],[-26,33,119181],[-5,94,152126],[-38,32,365377],[-10,80,38223],[-3,51,173465],[24,105,107933],[-3,67,562167],[30,30,161383],[36,132,50556],[3,36,50556],[14,31,1702719],[58,47,158136],[99,28,57239],[44,18,259009],[153,16,430021],[28,51,35633],[15,22,124658],[74,65,430021],[51,-36,46973],[91,-59,1083179],[92,86,291109],[-37,41,120358],[20,12,42924],[7,20,114114],[-36,25,58399],[2,14,436703],[73,32,46458],[20,4,102056],[78,49,287513],[34,97,0]],[[25764,32594,0],[93,-16,179061],[41,-50,85146],[43,-23,335308],[200,6,653594],[132,-218,806158],[260,17,100619],[149,18,39057],[3,-1,629791],[136,-149,0]],[[26821,32178,0],[139,-151,140786],[36,-64,643563],[137,-404,318964],[18,-178,643563],[16,-28,34699],[89,-168,34699],[156,-293,122283],[92,-165,1349680],[95,-401,315028],[32,-27,136967],[-14,-48,47039],[-15,-24,136967],[1,-45,73620],[20,-48,127177],[-1,-15,36301],[-17,-30,193289],[22,-33,71231],[5,-47,2511722],[-46,-51,159648],[-20,-68,88080],[9,-15,38098],[-2,-22,170383],[-15,-26,63731],[-35,-17,157795],[-4,-16,52640],[13,-54,84771],[-12,-41,157795],[-36,-2,534062],[-30,-30,59945],[-46,-56,34723],[-11,-20,34408],[-21,-24,228949],[-45,-9,42641],[-25,-11,155929],[-36,-53,91559],[-16,-14,42700],[-19,1,51050],[-11,-16,2511722],[5,-38,58599],[19,-95,38480],[16,-69,155280],[9,-142,466513],[42,-87,53214],[7,-28,66881],[71,-181,66433],[33,-72,146229],[8,-44,1354770],[40,-9,69624],[40,-29,123431],[31,-47,345616],[10,-78,89849],[-15,-17,198114],[28,-5,54501],[38,-25,198114],[4,-15,48505],[36,-36,73282],[6,-31,73282],[35,-35,114962],[23,-61,460405],[100,-48,117533],[14,-21,77386],[33,21,441899],[28,-53,45359],[33,-51,156149],[10,-47,46521],[12,-19,55346],[10,-53,275674],[47,-43,75859],[28,-5,0]],[[26821,32178,0],[206,28,59107],[36,7,154531],[134,11,62732],[68,11,62732],[117,8,772496],[6,22,50526],[40,73,101983],[64,94,0]],[[27492,32432,0],[136,-35,38046],[171,-44,456549],[38,-45,54079],[20,-36,79909],[20,-16,40707],[13,-25,40707],[48,-56,121013],[12,-36,55325],[22,-24,437117],[25,-6,54431],[35,11,133045],[16,16,43619],[15,36,2396983],[3,43,78319],[-11,68,39688],[-6,59,98956],[-5,181,218219],[5,66,58910],[4,164,218219],[-10,195,36253],[-9,165,862489],[-177,311,862489],[2,18,57521],[34,38,129553],[-15,55,212550],[63,65,41778],[11,15,184245],[28,107,284615],[35,36,119932],[21,1,35253],[38,-8,284615],[-3,30,81703],[-42,39,81703],[-19,25,43471],[-8,28,0]],[[25764,32594,0],[-35,81,259407],[-33,-21,59927],[-13,-26,79115],[-20,-6,48136],[-36,-29,259407],[-27,-3,44627],[-28,9,92460],[-30,31,58896],[-19,1,327564],[-25,-20,51019],[-15,-30,116825],[-17,-11,39234],[-30,-4,42382],[-19,-12,327564],[-29,22,102457],[-14,45,70199],[-27,20,59718],[-6,27,327564],[-16,2,40159],[-68,28,111679],[-37,-1,42868],[-17,9,42868],[-21,-6,133265],[-23,-31,126299],[-8,32,70073],[-16,23,39531],[-16,7,141298],[-10,-45,62641],[-16,-6,141298],[-38,54,1939496],[-9,124,195368],[-70,498,142355],[-26,131,447320],[-40,61,120421],[1,14,52464],[-28,87,2285985],[-15,14,35841],[-25,8,51380],[-8,-6,51380],[-34,8,34850],[-35,15,259978],[-31,-13,77566],[-26,4,43010],[-13,15,77566],[-21,-16,126488],[-13,21,59963],[-32,6,126488],[-21,-47,155095],[-10,9,36311],[-12,-11,48949],[-46,15,233477],[-26,-31,86177],[15,-13,59091],[-10,-31,86177],[-27,-19,233477],[-14,15,39865],[-10,30,103892],[25,27,128649],[-26,19,52012],[-12,26,948290],[-285,226,488241],[-257,145,255197],[-29,-25,34194],[-22,-12,80066],[-27,0,250493],[-21,26,60522],[-74,65,1664789],[-70,192,323413],[-69,-5,98790],[-28,22,323413],[-91,156,198553],[-134,157,695832],[-272,153,4846455],[54,188,382417],[164,112,847120],[185,-21,365029],[179,94,233043],[90,-3,987480],[102,240,311815],[13,12,36691],[108,112,0]],[[23972,35528,0],[63,-90,159914],[51,-5,159914],[45,-37,92731],[51,-33,41311],[98,-57,277345],[13,-52,277345],[69,-49,104227],[87,-82,49058],[52,-44,158328],[89,-67,65609],[48,-28,547217],[67,-110,151410],[60,-158,286502],[32,-32,40200],[61,-54,547217],[57,66,72615],[30,11,41441],[1,10,717806],[55,5,39668],[24,-3,177991],[-2,-21,43488],[15,-6,71915],[-14,-24,36714],[1,-16,177991],[22,-35,68826],[37,-24,68826],[13,-25,44244],[23,-18,93531],[0,-18,55294],[14,-2,33348],[16,11,93531],[21,-43,45417],[13,1,38583],[4,-19,469746],[39,-18,139511],[40,19,68827],[71,14,288562],[9,-13,38760],[70,-73,1691003],[-22,-93,79907],[-17,-26,242930],[38,-49,65598],[15,-39,820780],[91,19,137540],[13,-14,59473],[50,-8,286174],[13,5,40381],[25,32,43189],[12,4,74275],[35,46,400409],[301,-7,1489001],[77,-70,51516],[35,-37,115945],[42,-21,470051],[4,-33,39680],[11,-31,119210],[53,-64,203124],[-1,-75,96683],[19,-98,197486],[19,-33,56253],[24,-13,690927],[-4,-26,34322],[6,-10,34322],[-4,-39,61930],[8,-36,133565],[-3,-43,46653],[-10,-23,36088],[-2,-28,72249],[-19,-34,34661],[1,-9,72249],[24,-1,42855],[-10,-12,1489001],[109,7,203818],[46,-61,332836],[148,-96,36713],[52,-36,132281],[240,-143,1214432],[96,-246,76027],[28,-45,76027],[13,-56,850640],[201,-95,476613],[160,-136,254278],[158,-204,0]],[[24557,31293,0],[-35,46,104309],[-121,113,83905],[-20,27,169223],[-42,21,58013],[-30,2,169223],[-22,43,35866],[-12,33,460047],[-95,156,75202],[-119,184,1433131],[-141,476,631919],[31,84,105713],[60,104,371743],[-12,4,41371],[-24,30,147088],[5,18,40536],[-11,15,43080],[2,41,60386],[-11,10,44912],[0,30,3167707],[-20,3,61117],[-56,-21,139106],[-44,11,40227],[-30,14,167352],[-38,-20,84771],[-54,3,59164],[-5,-14,36401],[-14,5,311943],[7,36,135312],[-52,-9,44282],[-34,0,211171],[-28,-51,142596],[-19,31,45950],[-20,4,45950],[1,17,142596],[-132,1,54235],[-50,6,54235],[-19,-11,54235],[-28,10,1263623],[-30,24,43499],[-15,24,40915],[-25,19,66152],[-10,20,200381],[-178,111,405822],[-41,106,85229],[1,22,43239],[-14,-6,43239],[-12,20,365214],[-17,-4,44832],[-31,-27,123043],[-26,-73,100427],[-28,-15,405822],[-117,164,372131],[-176,48,0]],[[22606,33178,0],[-4,32,38878],[-12,31,253372],[-31,13,69323],[-8,29,85689],[-31,3,92803],[-16,20,36896],[-19,7,36896],[-9,16,62518],[-31,8,62518],[-6,22,141774],[-24,-5,35972],[-10,-11,84469],[-30,22,141774],[0,52,431379],[-204,77,1065625],[35,243,84562],[27,147,1147118],[-154,93,217139],[-83,11,38350],[-31,7,345876],[0,92,345876],[-218,-24,741700],[-30,201,0]],[[24040,35861,0],[48,-211,424461],[-7,-4,48138],[-109,-118,0]],[[21929,30741,0],[23,27,102057],[-11,61,279574],[-135,87,741632],[28,85,122522],[4,102,279351],[41,86,122629],[84,241,1733235],[189,317,34912],[9,14,405122],[53,46,36079],[113,94,566958],[53,122,149573],[68,85,149573],[32,65,67429],[118,212,319899],[25,26,81385],[57,81,50407],[52,83,80785],[45,-3,63522],[-29,16,2118958],[-21,48,49376],[-11,6,144953],[-8,76,56762],[-10,7,56762],[-1,34,34086],[6,14,291385],[-25,9,49232],[-25,-8,59165],[-2,8,37327],[-28,3,291385],[-22,33,68019],[3,31,83239],[-16,9,53985],[-16,38,148193],[9,28,65389],[-9,37,38408],[2,16,102040],[-20,28,576930],[27,11,58632],[26,31,206060],[7,16,34822],[4,42,41438],[-7,17,41438],[14,6,121699],[-18,21,55728],[8,15,37377],[-9,14,0]],[[21676,30439,0],[-23,4,34943],[-19,12,50844],[-20,-2,88111],[-41,28,46033],[-23,7,241425],[-7,-22,57995],[-31,-18,167132],[-81,10,45735],[-18,6,546349],[-13,-40,63120],[8,-14,45719],[-7,-33,133019],[16,-62,47936],[-3,-28,35526],[7,-11,0]],[[21421,30276,0],[-101,38,40156],[-72,23,79529],[-174,68,415581],[-258,13,0]],[[20816,30418,0],[10,82,136984],[70,253,675149],[-72,231,211088],[-24,137,43997],[-10,39,43997],[-8,63,1002289],[136,199,427359],[182,44,1002289],[5,12,59499],[-16,23,34738],[3,11,34738],[-17,10,79692],[-1,44,87465],[-13,16,49608],[-16,49,316228],[-56,44,140662],[-109,146,2472302],[-364,208,505750],[-171,48,49852],[-242,70,2472302],[-163,205,161923],[-19,60,119171],[-51,53,41343],[-9,14,751451],[102,106,287118],[30,-11,40197],[17,3,45949],[31,-12,81924],[37,4,1209496],[132,155,320246],[14,26,63569],[-20,10,102993],[23,47,81367],[19,-9,102993],[108,221,580409],[11,16,40541],[27,15,64932],[0,20,85825],[38,27,38410],[13,3,85825],[10,31,214718],[36,12,38499],[53,25,146300],[25,16,55891],[48,53,0]],[[17805,31254,0],[-17,217,459271],[159,21,459271],[35,35,148435],[29,134,263157],[29,43,44130],[27,28,101617],[42,18,73317],[18,29,263157],[7,42,49680],[-8,9,73530],[16,63,719104],[-17,23,96804],[-26,8,48769],[-37,-3,80533],[-24,19,293439],[2,16,38933],[16,3,38933],[11,24,57005],[31,28,132019],[2,34,42562],[-8,8,1511060],[218,108,472108],[252,283,450816],[228,122,1182866],[66,287,180433],[49,130,2891974],[-43,96,146923],[-121,188,336691],[-188,211,501358],[-33,164,0]],[[20816,30418,0],[-158,63,427375],[-235,-21,270271],[-265,28,1079165],[-3,3,33293],[-71,154,168227],[-76,100,451594],[-170,67,2283027],[-254,-177,56882],[-172,-117,130704],[-173,-127,172963],[-10,14,79776],[-43,-45,87070],[-40,23,33496],[16,-14,163021],[-78,-79,839026],[-191,21,0]],[[18893,30311,0],[-111,58,136288],[-67,62,304058],[-76,-6,153324],[-103,42,1005120],[-63,112,229005],[-100,40,291331],[-17,93,50408],[-7,14,465873],[-211,100,562458],[-53,77,98539],[-41,29,98539],[-173,212,224731],[-66,110,0]],[[17805,31254,0],[-104,9,63284],[-10,-6,37712],[-30,4,196810],[-19,-17,36322],[-17,-26,196810],[-155,-21,123941],[-18,-52,123409],[-39,27,320611],[-44,11,57564],[-81,7,0]],[[17288,31190,0],[-37,25,161541],[-44,5,52152],[-33,-6,88166],[-33,6,46366],[-50,0,55730],[-28,8,359913],[-29,24,46479],[-37,20,105869],[-27,34,39087],[-31,32,145613],[-47,14,1002963],[-27,-13,44999],[-11,-17,59762],[-28,-6,81221],[-35,-34,179058],[-23,-8,43884],[-35,-24,56348],[-48,-18,86419],[-16,6,67750],[-39,-19,38934],[-24,-6,86419],[-17,-19,528853],[-49,-4,64780],[-265,-8,0]],[[16275,31182,0],[-437,43,568043],[-287,-94,568043],[-626,12,3273310],[-305,173,320496],[-188,163,1453669],[-354,948,0]],[[16275,31182,0],[-66,-61,69075],[-381,-348,122178],[-116,-112,1436202],[116,-110,45798],[208,-195,3010252],[-62,-147,58662],[-19,-37,276158],[-49,-31,51319],[-12,1,162820],[-37,-66,53353],[-28,-36,915163],[-102,-69,41910],[-261,-173,560770],[-240,-18,915163],[-118,-61,272637],[-138,-175,350844],[-138,-48,478777],[-187,-209,44921],[-47,-56,1240887],[-125,-20,54934],[-295,-53,906201],[-386,-389,0]],[[15986,26741,0],[-157,-34,35127],[-7,-3,701832],[-159,124,86344],[-44,26,339790],[-104,-15,420237],[-284,217,0]],[[17288,31190,0],[-2,-298,402729],[23,3,56193],[30,-19,103108],[10,-24,50442],[26,-20,857202],[-5,-43,55359],[-12,-1,99040],[11,-65,99040],[-8,-18,36174],[-2,-30,42699],[-13,-22,42699],[4,-18,266578],[-75,-215,109994],[-27,-102,680282],[13,-153,117809],[31,-96,53134],[8,-12,35684],[0,-26,109533],[-13,-6,238522],[0,-46,49906],[-7,-80,42560],[-1,-58,1718401],[92,-46,171900],[97,-15,58065],[70,-16,382115],[7,-11,49203],[-4,-49,172469],[32,-16,41546],[13,-15,47317],[28,-11,47317],[11,-17,904974],[-9,-57,73383],[-26,-74,294945],[19,-52,131965],[43,-27,46664],[23,-6,294945],[19,-59,35142],[12,-25,125693],[12,-58,64006],[6,-79,461555],[-5,-9,35226],[-21,0,108520],[-7,15,37097],[-21,10,49216],[-4,18,80406],[-32,9,4995745],[-12,-32,87661],[-41,-14,49769],[-10,-14,150138],[-74,-12,215037],[-109,-83,70366],[-96,-80,922112],[-37,-98,96395],[6,-26,72450],[-20,-53,301235],[12,-50,67495],[-7,-33,102574],[32,-19,54725],[-10,-9,191417],[-3,-38,38487],[-10,-36,57218],[-1,-34,39682],[-9,-26,39682],[5,-15,922112],[-83,-85,176358],[-92,-35,349666],[-64,-70,115095],[-129,-177,2138556],[-225,19,533964],[-24,-43,234737],[-119,-51,139406],[-138,-33,433471],[-310,-31,3487670],[-3,-90,222938],[86,-207,543224],[58,-72,53435],[31,-46,76819],[147,-206,42291],[44,-60,225035],[-3,-25,1814700],[-42,-25,64022],[-46,-17,46709],[-51,-27,96061],[-45,-34,96061],[-71,-22,96061],[-75,-46,94076],[-91,-36,217666],[-62,-45,44948],[-31,-12,41359],[-12,-14,1128579],[26,-27,125051],[21,-122,125051],[42,-90,253932],[-11,-27,82771],[6,-40,33599],[-3,-22,33599],[5,-20,0]],[[18514,27898,0],[33,-23,210582],[-176,-99,210582],[-171,-180,76914],[-89,-87,1031093],[-77,-10,263622],[-182,123,543888],[-99,-11,160916],[-97,-54,229090],[-103,10,1031093],[-164,-212,498773],[0,-145,89942],[9,-90,642098],[18,28,50497],[42,41,56153],[10,21,224312],[73,36,93013],[53,7,2279265],[25,-13,60405],[74,-62,341703],[34,-3,44383],[40,-13,47332],[32,-1,47332],[53,-13,184119],[27,11,74901],[38,4,41621],[51,-2,531465],[50,25,66668],[103,65,354931],[125,-6,166208],[16,-9,44733],[15,-28,1591477],[-2,-102,63681],[5,-63,538582],[-6,-27,42677],[-17,-29,42677],[-56,-123,152039],[-34,-59,56249],[-32,-41,315064],[-57,-51,88739],[-74,-90,0]],[[18004,26623,0],[-194,146,608991],[-215,87,85146],[-23,2,39479],[0,11,58347],[-39,-3,85146],[-10,21,85146],[-402,160,269884],[-159,46,1755297],[4,-18,35599],[-5,-26,57361],[12,-6,57361],[-22,-34,181671],[-22,-17,48202],[-28,-38,83233],[-20,1,181671],[-136,-243,0]],[[16745,26712,0],[-80,-27,132609],[-191,-27,225737],[-93,10,155388],[-148,-27,653862],[-94,53,153104],[-153,47,0]],[[18893,30311,0],[-47,-104,153040],[5,-70,153040],[-21,-50,59654],[-24,-86,1033326],[63,-30,33677],[28,-9,33677],[6,-8,180567],[67,-25,44839],[61,-18,80000],[19,3,61441],[63,-23,105959],[-10,-31,105959],[53,-9,103053],[-24,-18,60068],[-2,-14,35776],[14,-2,60068],[16,15,41173],[10,25,60068],[-2,24,377592],[21,-18,35809],[29,-16,61527],[1,14,55189],[32,-2,51605],[-24,-12,51605],[25,-36,71674],[1,-18,36702],[-12,-12,36702],[11,-7,71674],[22,23,71674],[19,-9,35297],[15,-18,2184594],[-151,-148,295325],[-34,3,104672],[-47,-50,163879],[-26,39,295325],[-17,-24,43816],[-10,4,56791],[-36,-48,109369],[-39,-73,1023727],[-47,22,46032],[-52,17,117824],[-63,10,54616],[-74,20,302125],[-3,26,50900],[-17,1,50900],[-44,56,302125],[-87,10,61988],[-4,7,160657],[-76,-32,1017116],[-11,-31,104382],[25,-99,499106],[-69,-19,60079],[-64,-26,197573],[-64,-38,53759],[-101,-68,2821984],[-14,5,67215],[-11,-51,171616],[-16,-226,457460],[90,-241,677566],[-3,-23,34631],[7,-15,34631],[-1,-44,122778],[-14,-41,44008],[-14,-20,122778],[-16,-88,80442],[1,-61,171191],[-22,-35,317099],[-19,-239,126989],[2,-121,1613553],[174,-112,88737],[173,-119,0]],[[21341,30143,0],[71,-166,264206],[7,-178,912582],[-134,-124,379368],[-37,-77,74194],[-72,-178,186597],[-53,-71,912582],[-51,-257,262409],[-1,0,35624],[0,-179,44843],[2,-40,508795],[-40,-129,98712],[-76,-281,154456],[-31,-143,2207716],[-18,-41,78257],[-65,-91,230426],[-36,-29,55857],[-58,-61,132038],[-6,-24,88822],[-53,-2,230426],[-10,-19,42909],[-11,-54,479487],[-28,-55,60019],[-13,-6,85733],[-78,-128,42867],[1,-12,42867],[-22,-22,59404],[-49,-85,165420],[-44,-103,165420],[-24,-6,82934],[-49,-61,165420],[-86,-158,5027595],[-16,-2,34992],[-31,-15,102481],[-22,-23,50838],[-2,-21,102481],[-20,-21,40855],[-29,-16,42232],[-15,-21,38151],[-19,-10,532741],[-366,-8,960965],[-182,74,137638],[-223,107,2454441],[-127,-87,160340],[-61,-8,443242],[22,-29,53579],[17,-44,168555],[14,5,55598],[18,-13,33799],[6,-14,55598],[13,3,46392],[32,-17,477713],[26,15,84167],[-141,-128,265543],[-194,-67,265543],[56,-40,960471],[23,-96,42227],[39,-150,232992],[65,-84,123822],[6,-26,34512],[-5,-14,877575],[-125,-28,398853],[-1,-8,36018],[-31,-37,52106],[-21,-44,113836],[13,-31,33359],[10,-13,113836],[-24,2,38283],[-20,-8,124042],[-2,-38,40494],[-12,-13,40494],[7,-15,124042],[-26,-25,43866],[-14,-2,1780422],[-58,28,230014],[-16,-9,51231],[-26,12,74972],[-2,-22,97927],[-41,-5,58856],[-45,7,97927],[-24,-17,145152],[-32,-2,41839],[-55,5,297973],[-36,10,59370],[-41,27,133024],[-34,49,105925],[-25,19,41889],[-37,16,297973],[-15,-17,88008],[2,-26,36541],[13,-40,0]],[[18443,26388,0],[13,-39,75345],[-5,-53,204481],[-27,-7,69481],[-47,17,357537],[-18,13,39894],[-34,42,70094],[-26,15,36399],[-29,24,70094],[-21,30,230790],[4,32,46092],[13,19,357537],[-262,142,0]],[[18514,27898,0],[152,88,108725],[53,36,42831],[71,43,54503],[25,20,643381],[386,465,1206402],[131,-80,732899],[46,36,75056],[70,35,181386],[36,-20,165258],[109,62,446880],[12,41,121154],[22,20,34708],[14,4,45257],[40,36,180311],[19,-17,62809],[27,12,52788],[-14,10,62809],[40,16,196324],[36,48,51244],[19,13,81780],[-1,22,81780],[48,33,2100507],[-10,20,88137],[37,60,71180],[-7,10,167026],[80,128,408949],[312,404,560201],[20,44,64226],[37,47,102418],[-6,19,102418],[130,286,2100507],[68,-11,176986],[75,34,60449],[35,25,346455],[59,0,55291],[45,9,41751],[28,-1,147335],[15,-13,81407],[21,-4,34712],[34,3,44361],[34,-7,235778],[8,7,36208],[34,-2,44562],[12,9,35891],[30,3,101036],[56,-3,77782],[93,13,928777],[138,110,194367],[108,132,0]],[[21421,30276,0],[-12,-38,39791],[3,-15,134145],[-71,-80,0]],[[21143,26647,0],[-21,9,45004],[-172,91,201092],[-119,94,939038],[-82,1,62065],[-77,8,392928],[-78,-21,135812],[-98,-65,219725],[-194,-51,939038],[-374,120,170449],[-173,42,3055923],[-13,-47,102227],[-39,-7,152486],[-12,-8,34457],[9,-10,35616],[-14,-12,35616],[-23,-40,88704],[-16,-60,152486],[-163,-263,979434],[-178,-177,48885],[-169,-170,219288],[-132,-110,596952],[-167,-39,0]],[[18838,25932,0],[-21,152,558606],[-277,228,85063],[-97,76,0]],[[21555,29303,0],[-92,-214,467740],[-31,4,53266],[-9,-13,57933],[-38,1,50155],[-12,-9,35998],[-16,6,35998],[-31,-6,341450],[-50,-44,137636],[-20,-31,38756],[-6,-26,38756],[-13,-12,57443],[-13,-39,1732993],[24,-50,43563],[14,-14,34017],[14,-29,273833],[-8,-22,43032],[-26,-34,71486],[-19,-7,71486],[-16,-48,334002],[8,-9,33299],[-1,-20,37795],[19,-48,63764],[2,-31,126984],[37,-47,278592],[-8,-8,46397],[2,-47,73133],[13,-32,100443],[0,-28,39310],[-9,-15,51633],[-2,-58,974412],[9,0,42837],[3,-34,65995],[36,-43,50039],[9,-23,225723],[49,-42,56261],[29,-16,39001],[25,-24,39001],[13,-3,55679],[33,-29,466675],[3,-14,42243],[30,-37,65389],[2,-24,87941],[22,-13,56472],[15,-32,213101],[-7,-25,44648],[8,-24,44648],[-8,-13,159922],[27,-48,89021],[4,-35,37661],[-5,-12,89021],[27,-20,2065127],[-34,-47,97524],[-5,-45,62198],[-14,2,54200],[-4,-34,248006],[31,-7,157007],[-11,-46,63610],[8,-22,63610],[-13,-49,47800],[5,-8,313121],[-43,-118,160581],[-36,0,372952],[-35,-185,169584],[-63,-199,224678],[-66,-345,978340],[-98,-31,189477],[-71,-81,0]],[[22013,26448,0],[-2,66,420482],[-153,67,93652],[-21,18,93652],[-268,125,965391],[-289,-159,529486],[-98,34,144792],[-39,48,0]],[[23824,27246,0],[-429,-363,185968],[-115,-84,1529721],[-23,-5,43474],[-48,3,62779],[-11,8,45672],[-44,-1,144901],[-92,-23,287337],[-113,-71,325968],[-120,-7,110056],[-203,-28,660398],[-143,-47,203903],[-13,-30,70485],[-40,-36,165282],[-87,-26,401278],[-42,32,59118],[-48,23,401278],[-30,-45,38485],[-35,-42,79215],[-25,-15,58112],[-23,-35,321260],[-37,-9,75820],[-33,5,45704],[-57,-2,0]],[[22693,25606,0],[-15,33,163407],[-141,24,222221],[-15,43,52956],[-21,1,49910],[4,18,333612],[-53,17,123485],[-36,-3,40477],[-62,-13,1124636],[-36,20,108138],[-103,108,370814],[-50,74,53356],[-64,106,211421],[40,-4,161312],[-26,46,56564],[-12,6,44511],[7,24,100971],[-22,7,57529],[-15,30,616383],[7,32,72570],[33,35,155814],[-9,84,340020],[-82,113,119132],[-8,0,46179],[-1,41,0]],[[21526,24652,0],[-163,-58,573990],[-113,89,327398],[-6,35,55519],[10,19,53081],[-6,33,96154],[17,40,214128],[-10,12,34965],[-23,7,69316],[4,11,46219],[-23,25,647272],[-502,126,1297499],[-18,11,49534],[-4,-19,75472],[39,-28,77086],[20,-28,54542],[-12,-7,54542],[5,-50,312239],[-124,-28,770772],[-298,121,509980],[-284,-26,0]],[[20035,24937,0],[-270,292,203676],[-128,161,125695],[-100,111,42522],[-12,10,436359],[-90,41,0]],[[19435,25552,0],[-362,229,80379],[-129,84,42867],[-106,67,0]],[[23942,20293,0],[-29,29,190344],[4,40,61956],[-8,79,107273],[3,41,46450],[10,29,268626],[-25,7,71146],[3,8,35715],[-13,28,68713],[-22,5,268626],[-19,44,45899],[-4,29,45899],[-16,29,150675],[4,36,56041],[14,9,184798],[-14,26,45891],[-3,27,67700],[-36,68,1297085],[15,17,61661],[24,-11,91959],[27,39,127859],[-23,12,61534],[-8,-16,51447],[-12,13,37940],[-11,-7,127859],[-2,31,61533],[18,13,91388],[-22,22,125544],[9,13,45894],[2,37,63478],[15,-3,55710],[4,32,221653],[-14,10,44102],[-12,-17,44102],[-2,23,183301],[24,29,60091],[19,45,90441],[29,20,69496],[21,28,36530],[3,13,383919],[21,1,83896],[-12,16,35414],[2,14,39520],[-16,23,98947],[-33,11,84131],[-7,21,38397],[7,13,798219],[40,14,75314],[40,-9,180388],[3,20,39908],[18,35,140033],[19,-2,51534],[44,17,258533],[0,33,58154],[-20,21,48959],[3,16,228497],[26,6,40179],[27,-3,103364],[29,22,36992],[27,12,1421531],[-8,37,66036],[-24,22,199432],[-3,30,60453],[19,9,81802],[2,16,38997],[-11,30,118666],[22,18,53165],[8,27,199432],[-17,31,33538],[-9,5,78163],[-23,-7,43715],[25,20,43715],[-7,32,509656],[-28,35,84517],[-26,-8,128119],[-5,-12,40606],[10,-29,104839],[-44,9,128119],[-3,30,75647],[13,42,40109],[11,14,140376],[-10,39,79830],[-29,14,80879],[-15,49,117514],[-29,-12,117514],[-18,31,59691],[-3,37,0]],[[23937,20234,0],[-55,-7,82941],[-28,-14,48428],[-29,-2,48428],[-37,-15,228811],[32,-58,211009],[-96,-20,59013],[-15,2,1022826],[-1,53,167358],[-32,-3,92769],[-7,42,92769],[-24,-1,80086],[-22,42,247338],[-105,7,247338],[19,37,49417],[4,30,118526],[21,2,47005],[20,19,366583],[4,25,35397],[-4,23,75182],[-18,10,114644],[-18,-12,48639],[-6,-25,114644],[-37,17,44714],[-16,16,253832],[-32,54,34063],[-18,38,74702],[-10,35,189297],[-15,-2,39029],[-9,-17,58861],[-33,-2,170859],[-15,34,43003],[12,15,43003],[-17,2,73473],[6,25,658686],[-153,8,0]],[[23203,20592,0],[34,64,125961],[7,69,35034],[6,31,198780],[27,23,47076],[19,4,290145],[12,61,48541],[14,32,48541],[2,34,67336],[18,56,67336],[8,36,34664],[4,40,980388],[-12,19,46302],[-20,3,168941],[-4,29,54053],[12,22,54053],[6,47,43178],[-2,37,437515],[-13,13,69708],[-42,-15,69708],[-44,8,101398],[-18,-8,35862],[-24,3,35862],[-12,-8,155749],[-23,21,45481],[-20,3,813742],[6,38,66320],[-15,19,86254],[10,12,44230],[-7,24,44230],[6,30,102736],[-21,46,102736],[21,33,114672],[2,31,37007],[9,29,65553],[-10,6,57174],[8,50,365261],[21,45,46293],[7,33,127277],[20,24,53756],[22,3,0]],[[21816,20377,0],[18,14,34764],[31,33,61553],[16,26,33449],[22,23,683704],[111,-44,62169],[109,-46,39046],[29,-15,47545],[43,-12,39185],[11,-9,428935],[168,-16,103212],[56,-19,103212],[90,0,1240529],[38,27,62518],[32,7,146115],[53,47,77087],[29,42,513770],[27,1,94099],[40,19,34212],[22,15,71320],[10,18,144450],[84,12,189419],[40,11,33818],[24,3,41443],[36,12,41443],[119,30,65786],[129,36,0]],[[21492,21085,0],[2,19,42698],[-10,56,44150],[-4,82,383163],[-52,185,53606],[-18,71,89068],[-49,163,243439],[-50,121,41505],[-28,72,0]],[[21283,21854,0],[46,27,56690],[27,4,234784],[111,-73,630530],[51,56,38342],[45,53,253521],[12,-7,42792],[9,-23,33713],[14,-14,203272],[89,78,439168],[-19,13,107908],[27,49,41196],[7,23,107908],[-20,15,88766],[0,27,57126],[19,20,630530],[43,12,63641],[18,21,143322],[55,1,34146],[27,-5,34146],[20,4,283209],[7,25,101821],[34,-5,47600],[32,7,101821],[64,39,162731],[76,6,162731],[53,59,1640637],[-27,15,34891],[-21,3,102371],[-71,-7,102371],[-58,19,179400],[-19,-7,46756],[-22,-24,179400],[-14,-4,35180],[-18,9,67509],[-13,24,67509],[-34,14,37206],[-13,12,566912],[16,26,115195],[-11,17,44980],[-21,2,49783],[-14,20,101592],[13,9,41424],[-4,19,270643],[20,-1,56900],[17,24,56900],[73,45,544432],[28,-30,70131],[52,-28,259680],[54,6,54894],[56,-4,54894],[27,7,94872],[43,-8,566912],[3,18,38120],[19,46,35785],[4,21,126652],[33,11,299580],[-5,23,45817],[11,20,81872],[-3,20,37754],[-17,32,81872],[19,3,94196],[12,22,44597],[-3,24,39414],[8,12,196752],[-18,37,40112],[1,19,40112],[-12,17,306406],[17,16,55360],[-4,25,90463],[25,34,41833],[23,19,0]],[[20245,24724,0],[-32,64,33736],[-36,75,301273],[-142,74,0]],[[21283,21854,0],[-27,22,54433],[-142,131,125663],[-39,20,743992],[-96,-96,168811],[-42,-62,50047],[-68,-94,1219257],[-33,26,87188],[-69,17,260162],[-14,10,51388],[-50,69,90224],[-11,33,57835],[-29,36,700629],[-4,39,40493],[5,19,47266],[9,91,109089],[24,134,97365],[1,63,0]],[[20698,22312,0],[0,70,130355],[-8,38,39135],[-10,16,45039],[-4,32,43758],[-10,17,35455],[-6,32,386120],[-43,0,39436],[-7,-7,34345],[-13,13,49899],[-34,-5,49899],[-17,9,132670],[11,17,51772],[-19,8,738858],[14,31,41262],[1,21,41262],[30,108,39989],[3,17,117745],[21,31,177358],[14,66,42131],[11,35,78954],[-5,40,69832],[12,13,39429],[3,25,738858],[-13,18,41698],[-17,44,80821],[-5,44,296990],[5,47,49723],[-21,8,49723],[24,10,49723],[9,67,184831],[-13,64,98377],[2,70,63175],[9,-5,98377],[-8,114,609855],[-16,19,44849],[-14,36,135563],[-10,58,48398],[-12,30,49804],[-17,81,254685],[8,51,39415],[3,47,90154],[23,22,55630],[0,22,90154],[-31,-1,308615],[-30,83,80183],[10,10,80183],[-13,31,42994],[10,16,41085],[-18,-2,41085],[-15,21,103255],[-28,77,73024],[-12,63,1137465],[64,21,291982],[67,-20,87093],[-1,16,76380],[-23,12,41175],[-15,-3,38676],[-22,11,87093],[3,26,38999],[10,11,49721],[1,33,67517],[14,21,86109],[55,138,616884],[-103,41,280937],[-9,-17,83985],[-65,-32,53197],[-30,-21,137482],[-38,3,616884],[-34,117,56346],[-37,108,126948],[-44,175,0]],[[18683,22079,0],[104,193,222130],[94,134,66611],[72,95,456466],[65,72,80872],[52,41,216619],[69,-4,93991],[14,20,456466],[-2,123,217844],[35,63,80659],[25,16,1670070],[35,-3,58191],[20,-18,101165],[28,11,59393],[36,-7,272480],[19,22,74721],[24,6,36683],[1,9,36683],[71,47,557660],[29,-20,146320],[28,-59,59382],[21,-25,75432],[14,-43,39836],[13,-24,75432],[23,-15,45019],[4,-16,548671],[20,6,36498],[38,22,85926],[48,17,47788],[42,7,113585],[37,27,0]],[[19762,22776,0],[9,-29,70782],[-12,-53,489139],[34,-13,34458],[18,-12,56122],[43,-11,94916],[46,-28,53538],[26,-9,35006],[39,-20,136889],[32,-5,44880],[16,-13,44880],[57,-23,43970],[39,-10,255177],[23,10,57358],[48,-3,105007],[35,-21,489139],[57,-67,76054],[55,-49,43335],[21,-24,728194],[16,27,122080],[23,-5,66569],[37,4,35192],[32,10,171188],[-3,42,279942],[67,-14,79603],[74,0,520101],[-21,-35,105363],[13,-34,33442],[9,-12,227738],[37,-18,37731],[23,-5,102053],[9,-44,95853],[19,6,35137],[15,-6,0]],[[19762,22776,0],[9,9,37805],[-7,18,37805],[1,41,212573],[-20,32,41122],[-24,53,131680],[-23,73,68876],[-5,48,131680],[-21,-4,34863],[-3,8,363122],[21,45,64865],[16,70,546037],[-17,39,51351],[0,23,158237],[-34,36,51863],[-52,42,279452],[-1,30,108918],[20,7,47184],[13,21,47657],[29,14,279452],[-68,29,79237],[-50,35,937084],[35,55,137026],[1,66,75200],[11,20,36408],[4,26,312730],[31,12,37724],[8,12,35791],[10,-11,89459],[34,-13,44268],[21,1,312730],[-12,39,55753],[4,27,111549],[-26,48,41295],[-15,36,1539249],[-52,60,106713],[-12,7,33875],[-42,39,44789],[-46,34,166888],[-53,18,350204],[-16,35,34818],[7,7,34818],[-17,11,64049],[2,12,37712],[-15,21,37712],[-10,38,304656],[-40,33,37436],[-17,20,55207],[-29,16,55207],[14,9,55207],[-34,25,130767],[4,31,122875],[-77,14,3295408],[-51,-3,59587],[-41,-13,155814],[-11,20,53096],[10,22,191151],[26,3,39089],[48,14,42005],[12,14,42005],[11,-11,42005],[22,9,191151],[-17,7,40965],[11,12,88243],[54,34,95574],[-10,18,607245],[183,158,283481],[82,1,283481],[189,100,114511],[59,44,53248],[36,18,229263],[0,23,114836],[34,-6,44184],[11,7,46417],[35,-9,46417],[10,7,817215],[42,-22,88677],[-2,-8,42202],[32,-12,42202],[66,-50,42771],[26,-24,42771],[22,-10,569939],[48,72,50666],[11,9,36513],[7,27,50666],[22,3,47835],[0,17,158530],[-30,22,53797],[-4,19,158530],[44,20,71858],[39,-1,0]],[[18367,24159,0],[24,7,38049],[49,23,115410],[38,8,53806],[51,0,266581],[86,68,72303],[10,11,43274],[46,23,301729],[60,15,74669],[58,29,60826],[50,14,154601],[45,-8,402695],[91,54,63488],[56,40,94162],[22,4,55107],[51,33,2067350],[66,81,77482],[66,96,127161],[13,8,58990],[19,54,776282],[-2,82,48980],[3,37,48980],[7,239,574918],[115,224,342013],[16,101,48732],[28,150,0]],[[17352,23027,0],[4,19,41988],[25,51,183604],[43,59,51669],[81,121,64987],[24,31,54043],[52,86,361139],[69,192,34563],[10,25,470728],[32,37,71560],[104,142,39083],[21,32,86564],[37,29,55735],[2,15,1320768],[46,6,109547],[51,19,58700],[54,33,51398],[20,5,250608],[29,-26,83768],[28,14,154384],[7,-6,38097],[28,11,38097],[40,6,62083],[32,11,38209],[49,10,312998],[64,37,39714],[47,23,85378],[15,16,55931],[31,-2,698600],[-1,14,48806],[-32,39,132937],[-6,60,62701],[9,23,0]],[[16513,23339,0],[86,177,259556],[-17,26,133515],[9,19,46140],[35,36,101736],[32,3,133515],[150,224,1154057],[-21,19,158694],[35,160,520551],[-70,94,225868],[-158,95,1852797],[111,202,178981],[18,-14,178981],[58,68,77245],[27,50,85023],[59,68,160939],[39,67,55182],[48,71,103171],[40,40,71242],[27,47,905341],[22,-6,57870],[51,8,57870],[13,-7,49746],[51,5,175263],[14,-24,51920],[30,-18,111458],[43,5,905341],[3,50,52609],[10,20,84826],[1,52,46479],[8,99,257624],[20,117,69038],[21,87,135307],[21,39,92227],[6,42,36176],[16,64,0]],[[17351,25324,0],[31,-23,251822],[-19,-100,49681],[-5,-15,37495],[-23,-109,87867],[-17,-56,1468880],[41,-13,46904],[26,-16,87699],[79,-16,145225],[8,-12,52580],[63,-33,334468],[44,-9,73167],[45,11,73167],[17,11,43385],[12,-10,43385],[52,-5,159943],[-2,-7,34326],[20,-28,70540],[15,15,79533],[17,-5,35093],[25,4,33568],[18,-4,950636],[7,-31,56755],[21,-16,38107],[2,-12,238787],[-18,-36,39175],[-5,-26,113013],[13,-35,87144],[-14,-55,126566],[-29,-9,126566],[-1,-31,65563],[20,-51,950636],[29,-19,84013],[37,-66,92540],[40,-30,149896],[36,-10,50757],[61,-28,149896],[-53,-16,156522],[26,-25,38738],[17,-25,84413],[7,-34,156522],[16,-13,50336],[20,9,110094],[17,-12,48553],[30,-46,585970],[19,6,53773],[10,-12,40556],[25,-2,83716],[42,17,83716],[30,-14,300056],[15,-16,38363],[28,-44,104973],[29,1,104973],[33,-25,48929],[53,-28,62499],[6,-11,0]],[[17351,25324,0],[-88,139,112063],[-22,18,39226],[-23,30,491609],[-28,-9,48316],[-15,8,78072],[-11,-23,98367],[-18,6,33286],[-31,0,335143],[-15,23,44652],[-28,20,103857],[-8,36,37358],[-11,24,146852],[-28,-25,95239],[-38,18,146852],[19,55,317996],[-18,-8,61292],[-15,6,33968],[-16,-7,33968],[-26,4,49756],[-25,-6,491609],[-20,16,55011],[-8,30,93661],[11,17,51633],[-7,26,165618],[-45,22,104849],[-24,50,1692768],[3,8,39622],[46,24,59195],[4,22,52378],[21,5,85975],[139,93,371295],[94,-38,822782],[8,235,117211],[-9,48,72079],[9,35,57507],[-5,38,1398281],[-39,29,53467],[-34,13,53467],[-33,25,312592],[-8,43,42536],[-16,40,130729],[-16,17,47548],[-13,35,67759],[-20,9,109210],[-15,37,37084],[-5,29,312592],[-111,84,153729],[-68,87,0]],[[15030,26215,0],[8,14,0]],[[22643,12396,0],[7,-22,89344],[53,2,140242],[-1,16,72658],[48,17,282680],[26,116,328631],[89,9,216449],[147,95,0]],[[23454,11610,0],[-101,13,208835],[-184,91,579800],[-89,-66,56169],[-26,-25,455497],[-10,3,33534],[-26,-12,90323],[2,35,90323],[-11,-5,46741],[-40,9,98285],[-7,32,98285],[-47,-1,171348],[-21,27,40921],[-3,16,361947],[-26,-8,69228],[-18,-34,132595],[-31,-11,63611],[-40,4,1773133],[-5,42,59273],[7,44,169918],[-19,0,97294],[-7,26,47084],[1,49,97294],[-23,23,189826],[-11,56,52636],[-3,63,52636],[-15,15,36839],[8,6,102800],[4,44,526107],[-22,1,57989],[-19,22,51080],[-19,2,156741],[-1,-28,71789],[-30,-22,156741],[-7,31,34041],[3,10,90535],[-33,21,526107],[5,38,42853],[12,1,40404],[-2,21,88168],[-19,3,88168],[-1,25,55144],[21,10,55144],[-22,12,55144],[1,56,37392],[-10,8,35961],[6,14,298234],[34,-5,172841],[10,24,47767],[-6,23,82127],[14,40,45932],[14,18,64819],[1,25,0]],[[22770,11870,0],[-14,-9,68367],[2,-26,49411],[15,-13,68367],[-6,-29,114719],[24,-6,103856],[4,65,114719],[-9,-4,42227],[-16,22,0]],[[22643,12396,0],[3,11,43254],[-23,19,82986],[4,26,55649],[-12,41,199263],[-18,9,68714],[12,-30,49294],[-19,18,49294],[-24,-13,140184],[-4,17,37110],[-12,1,53000],[-8,35,626123],[-10,-2,48102],[5,-33,48102],[-3,-44,35241],[-7,-31,262792],[-9,10,55038],[-29,-17,128682],[-7,29,84727],[-27,-7,65032],[7,26,65032],[-24,8,262792],[-12,-14,49999],[-31,-4,54825],[-15,-18,185737],[-22,33,65310],[-1,36,65310],[-18,1,89483],[1,-28,44201],[12,-25,98093],[-15,-1,34893],[-4,12,43390],[-24,-1,75071],[-5,22,35524],[-7,-7,43408],[6,-30,64867],[-40,6,227930],[1,-28,115500],[-19,-6,39512],[-1,-17,39512],[-13,7,46718],[-19,-10,39511],[-19,2,681018],[-8,14,37572],[-7,44,73232],[8,11,34908],[-2,20,130270],[-16,53,69049],[-23,33,114897],[-6,65,681018],[-50,9,95712],[-33,-22,175081],[-4,-49,48646],[-8,-11,175081],[-10,14,34245],[-16,3,51525],[-40,43,495099],[5,-28,36122],[-4,-13,120183],[-45,-18,44062],[-9,3,160641],[19,-55,234511],[-45,-3,40958],[-20,-7,116454],[14,-42,100102],[-39,6,336779],[2,-15,61220],[44,-67,681018],[-29,1,46558],[-79,14,105228],[-42,-4,34099],[-15,-6,105228],[-8,29,105228],[-36,2,61407],[-23,18,97274],[-77,2,0]],[[21591,12443,0],[4,28,76000],[-6,87,56349],[-8,21,0]],[[22727,10922,0],[-46,-1,34680],[-16,4,86505],[-10,-32,68197],[-13,12,48235],[2,26,68197],[-24,-11,45965],[1,14,45965],[-58,14,675476],[-20,133,205689],[-44,-2,64648],[-9,-17,53593],[-26,0,64648],[2,32,59334],[16,-5,167325],[-7,38,60354],[8,31,306244],[-25,-1,39230],[-9,-10,75540],[-23,-1,36664],[-31,8,304448],[-12,51,124877],[6,15,37211],[-4,23,51846],[-13,9,49600],[25,12,52633],[8,21,43993],[-3,29,304448],[-21,2,51086],[-12,20,51086],[-25,21,36625],[-8,-1,176787],[-7,43,64249],[-23,48,675476],[-11,-2,37333],[-12,-21,56943],[-3,-25,148226],[-42,2,77267],[-37,-19,1077538],[-7,29,51266],[8,20,51266],[2,57,258559],[-16,27,44495],[-6,-9,50729],[-18,5,34542],[-30,18,78051],[-24,27,258559],[-26,80,67896],[-12,64,387176],[-22,-10,33519],[-51,-16,387176],[-2,45,42925],[-9,32,42925],[2,22,210454],[-33,9,104232],[1,13,40390],[-17,44,94214],[-26,6,265847],[3,41,38619],[-5,9,66756],[10,64,1733730],[-18,-27,55620],[-34,-25,175470],[-23,-2,78738],[-17,11,43401],[-15,26,175470],[-40,5,57728],[-13,-12,57728],[-70,-8,91732],[-60,-18,158535],[-39,14,99058],[-75,-13,0]],[[21519,11910,0],[6,37,41153],[12,34,75768],[20,29,179274],[11,57,42036],[6,59,42036],[16,97,317511],[-5,73,33309],[0,35,86245],[6,112,0]],[[23498,11078,0],[-78,0,224588],[-151,-99,285045],[-74,-101,285045],[-24,-8,101333],[-21,59,111716],[-23,20,70070],[-16,-19,605765],[2,-97,126388],[-24,-55,1052169],[-57,50,41919],[-13,21,41919],[-19,11,122484],[-11,23,43718],[5,18,103604],[-14,16,42419],[-30,14,216280],[-9,65,206761],[-47,14,105844],[-22,-27,77365],[-29,6,206761],[-22,38,68413],[-18,20,35333],[-16,8,92667],[-2,42,92667],[-31,-3,662188],[-22,-88,94039],[-5,-84,0]],[[22727,10922,0],[15,-22,94008],[0,-90,384462],[-23,-85,130273],[-45,-50,221866],[-76,-260,384462],[-22,-180,99095],[-18,-19,99095],[3,-81,1866335],[26,-45,127389],[-17,-63,134852],[41,-206,298917],[68,-157,741927],[-105,-288,831488],[147,-558,1404015],[-58,-1389,0]],[[22396,7452,0],[34,834,68823],[22,544,3096701],[-181,530,443817],[-10,190,888849],[-37,21,116022],[-7,57,191678],[-31,-19,73522],[-17,15,49428],[-16,-8,191678],[-15,15,43105],[0,17,66337],[-22,8,62851],[-18,33,117927],[-20,2,52969],[-26,22,888849],[2,42,71274],[-7,54,34249],[-7,23,238423],[-41,-12,83040],[-24,4,38661],[-7,11,260102],[-5,58,94317],[-23,4,94317],[-8,24,43152],[-28,53,139271],[-27,-1,62549],[-20,-24,62549],[-9,17,139271],[20,25,33899],[7,17,33899],[16,16,207965],[-25,13,83437],[-21,39,67256],[-32,29,207965],[-17,29,49620],[10,5,49620],[-11,33,45149],[-2,38,595728],[35,15,124765],[9,20,34897],[-8,2,51748],[18,36,100900],[-24,6,124765],[5,25,60783],[24,8,60783],[23,34,366024],[-2,42,117701],[-19,31,50388],[-34,76,595728],[-17,22,47311],[-12,-5,47311],[-41,25,142006],[-31,10,43487],[-22,-2,43487],[-54,11,600418],[-5,38,80368],[-19,39,34283],[-17,44,60892],[-7,30,309904],[-54,4,137042],[-11,13,44595],[-9,37,115005],[-42,7,345530],[-3,46,113014],[-16,15,36403],[-17,31,77427],[-16,51,182354],[-22,14,35611],[-11,-1,154759],[-13,32,54425],[4,23,54425],[-12,48,142106],[-16,-9,73733],[-19,40,2981549],[61,143,159043],[29,5,468448],[-5,46,38368],[-10,56,127052],[19,33,176992],[-17,69,92799],[5,6,34264],[-9,26,36164],[7,24,36164],[-5,14,78782],[14,17,78782],[-24,38,468448],[2,17,37422],[18,42,89340],[54,97,127164],[6,40,61861],[17,20,61861],[13,47,250199],[-4,71,70129],[10,31,0]],[[21793,9856,0],[6,37,89994],[27,18,40599],[11,17,225859],[30,-32,49008],[7,-24,40234],[13,-10,114375],[-5,-34,225859],[-18,1,34429],[-37,13,56355],[-37,1,56355],[3,13,0]],[[20569,10588,0],[55,55,292245],[128,-106,322207],[41,2,68297],[101,22,114121],[19,17,0]],[[20515,9181,0],[-81,108,147316],[-94,165,565499],[-101,17,87513],[-10,17,52828],[-32,9,87513],[-44,-1,286170],[-40,26,98054],[-29,55,761326],[-58,263,342429],[-83,69,0]],[[19943,9909,0],[-1,37,80117],[25,76,148219],[-23,33,308433],[34,31,97296],[6,49,114060],[44,25,114060],[16,53,765772],[20,18,61748],[30,8,35953],[30,14,87720],[5,24,59154],[23,5,236190],[31,-43,186986],[63,29,60367],[10,-14,60367],[20,28,383429],[23,-9,45917],[-13,-9,45917],[13,-35,82197],[32,-27,765772],[8,15,45904],[27,11,113724],[21,48,36861],[-3,9,36861],[14,23,113724],[36,37,89405],[19,53,89405],[37,54,57925],[14,37,38469],[9,10,137100],[35,5,137100],[15,29,66426],[6,55,0]],[[19943,9909,0],[-122,17,253966],[-6,39,125404],[-67,46,209474],[-53,2,76640],[-42,17,1190973],[-32,-21,37429],[-28,-25,146053],[-120,-145,491550],[-4,-22,46786],[0,-54,40253],[-4,-38,190043],[45,-50,752947],[-65,-54,71248],[-34,-37,34241],[-39,-37,71248],[-11,-1,103118],[-51,-53,54093],[-59,-53,409788],[-19,17,34617],[-40,27,0]],[[19192,9484,0],[-235,178,44972],[-22,19,33555],[-44,31,139828],[-93,61,194894],[-30,-17,164408],[-36,53,96887],[-19,18,39042],[-17,3,34021],[-13,13,917223],[-1,22,39850],[10,50,74223],[15,26,351446],[-23,17,59229],[-7,28,59229],[-22,30,39446],[-11,5,160323],[-19,54,78653],[-28,32,78678],[-10,40,45054],[-13,22,0]],[[18574,10169,0],[76,63,0]],[[18650,10232,0],[12,168,494622],[26,29,104278],[61,39,58650],[12,17,58650],[46,33,44718],[33,33,44718],[10,0,396204],[-10,46,141318],[4,14,43760],[-21,0,43760],[-51,41,68344],[-15,23,172072],[-43,10,128591],[-3,12,34132],[11,16,61538],[27,22,396204],[37,3,36205],[24,-4,132252],[29,-16,53457],[35,-6,76236],[11,-17,42088],[18,-6,1063150],[72,54,99241],[39,15,34187],[36,20,366595],[54,-5,37874],[56,-9,74918],[37,10,74918],[40,-13,294709],[19,18,36385],[14,26,141534],[40,-12,102000],[42,28,2451642],[-24,51,122306],[-63,40,202275],[2,22,90892],[-46,96,279082],[-60,44,134527],[-102,123,628451],[-177,15,628451],[-186,352,64736],[-3,3,0]],[[18693,11567,0],[72,19,193030],[58,38,54047],[-1,3,33457],[39,29,64685],[87,57,346506],[56,5,138665],[78,-30,39804],[35,-11,256810],[105,38,346506],[-34,20,36216],[-85,45,1357556],[5,35,37873],[0,35,138256],[17,30,58055],[27,16,254274],[-24,140,279521],[34,53,145276],[4,72,62508],[-7,17,145276],[48,146,279521],[9,68,86842],[-5,94,1009183],[3,10,43901],[31,-4,46197],[77,2,73059],[41,11,361113],[51,59,108236],[42,82,0]],[[20008,12226,0],[-66,-96,435041],[36,-105,39867],[13,-32,217346],[89,-99,435041],[-4,-31,59958],[-34,-162,803539],[-36,-29,174869],[-112,7,37137],[-41,0,596685],[-4,-152,169867],[26,-131,2123648],[50,-29,272494],[30,-37,61950],[17,-40,95137],[38,-46,46835],[14,-8,154235],[-8,-27,107810],[17,-11,55562],[12,-31,45241],[19,-20,154235],[33,-14,35331],[20,-13,154235],[14,-25,44238],[34,-36,54246],[1,-10,63647],[69,-88,330741],[14,-3,52035],[82,9,250510],[5,-35,57382],[25,-62,330741],[52,-74,87306],[29,-12,58791],[10,-22,87306],[30,-40,33738],[34,-37,33523],[15,-22,181673],[14,-35,39231],[24,-40,0]],[[18650,10232,0],[149,-18,374250],[-40,131,144729],[-30,20,374250],[-79,-133,0]],[[17347,12705,0],[-93,15,163660],[-38,-20,93355],[-79,-5,645537],[-58,29,128030],[-28,33,47628],[-59,54,374095],[-13,28,42724],[-24,75,131800],[-1,75,0]],[[16954,12989,0],[46,28,150174],[72,15,34348],[18,1,98473],[50,-7,583240],[46,39,154325],[110,54,88778],[46,12,36605],[27,12,187712],[206,130,132984],[99,49,378023],[28,50,145549],[56,33,36198],[44,29,3564035],[30,56,98291],[-22,7,98291],[-1,24,46223],[14,27,55220],[-1,34,295127],[-23,15,51363],[-5,21,129668],[1,36,35630],[6,45,130530],[-11,30,43474],[-20,25,181714],[15,18,48162],[-9,12,68850],[1,29,40857],[-9,41,919206],[-45,44,77954],[-52,30,171060],[-43,9,46829],[-5,9,46829],[-82,25,171060],[-6,24,86772],[-25,11,40549],[-13,17,40549],[-19,4,344621],[-48,-19,86307],[-22,-13,38344],[-35,-32,344621],[-6,-14,39589],[-11,16,39589],[-28,8,107149],[-19,16,47335],[-12,30,186344],[10,11,37525],[-2,18,61561],[-16,16,59568],[8,25,344621],[85,10,63662],[56,14,1113691],[11,40,98022],[-22,51,98022],[-12,97,210548],[16,73,86628],[-14,39,86628],[16,36,329667],[-16,37,110066],[-13,14,37479],[-21,6,53873],[-3,15,53873],[-46,42,329667],[-11,25,39920],[4,13,136039],[37,31,50304],[27,33,992654],[-12,49,118014],[-43,-2,89113],[-7,28,262020],[0,87,53358],[-5,37,53358],[6,44,301116],[-15,35,96616],[-63,47,365354],[-17,61,90241],[-13,129,104781],[8,19,81576],[-15,44,52893],[-14,12,666194],[-36,-6,64438],[-40,12,186001],[-67,76,0]],[[17058,15337,0],[20,9,48400],[47,1,193439],[68,56,35738],[55,48,414144],[22,42,88593],[4,45,33801],[-4,10,115514],[13,38,58181],[28,45,337427],[21,14,50597],[32,1,106292],[27,39,88759],[42,15,1841217],[28,-72,69122],[47,-93,130141],[56,-90,100636],[50,-107,538480],[68,-86,205568],[60,-35,70135],[47,-13,70135],[27,-24,1001851],[4,-69,51269],[-2,-54,65759],[7,-112,228164],[-32,-41,382360],[26,-102,106229],[39,-47,96984],[1,-39,2161672],[38,-6,65870],[55,8,36149],[18,-2,108481],[3,22,39451],[11,-4,89393],[27,-31,53417],[15,-3,400267],[18,39,58535],[-8,11,58535],[10,53,41496],[0,24,364738],[20,4,54992],[70,-8,76130],[73,8,791599],[25,110,231994],[17,17,82606],[49,-5,55693],[14,9,233029],[22,39,34067],[27,57,34067],[44,82,52724],[17,37,0]],[[19447,12712,0],[-93,7,218161],[-67,-16,114242],[-17,-16,47788],[-60,-34,218161],[-93,2,144055],[-35,-25,37003],[-20,-8,144055],[-38,2,67697],[-36,-17,92423],[-63,-7,56230],[-41,3,938131],[-1,32,46408],[9,18,144541],[-45,123,145159],[19,46,120461],[-23,62,938131],[-39,4,194681],[-66,-42,45146],[-56,-41,149839],[-49,-24,49972],[-63,-24,287098],[-9,33,36224],[-12,28,217607],[-37,-22,54005],[-65,-26,287098],[1,-12,36899],[19,-23,155716],[-14,-22,34000],[-18,-8,34000],[-1,-11,72053],[-38,-21,1543531],[-26,18,85412],[-30,46,46327],[7,12,46327],[-20,15,213318],[-12,37,35758],[-19,45,83439],[5,29,73255],[-21,51,252686],[-50,56,37555],[-6,3,33483],[-29,41,1543531],[-22,2,82593],[-62,-44,102061],[-60,-22,51273],[-28,-4,440505],[-20,32,143745],[-31,13,36572],[-96,35,248905],[-39,3,61157],[-66,-11,955503],[-2,-41,38422],[4,-25,68788],[-9,-63,586301],[-18,-12,34126],[-24,-27,77636],[-57,-30,243852],[-111,-33,69267],[-75,-29,158611],[-132,-65,0]],[[18843,9114,0],[70,69,110943],[128,140,58520],[151,161,0]],[[20581,8636,0],[-249,63,766631],[-108,-85,305648],[-197,-27,305648],[-197,-116,2076815],[-55,21,136712],[-80,81,224931],[-26,10,78972],[-27,-26,245196],[-156,83,180908],[-43,6,125372],[-17,11,35065],[-3,14,72146],[6,31,662141],[-36,-28,44891],[-36,-21,123925],[-85,-25,1167217],[-9,3,56062],[-9,52,94325],[14,30,239013],[-12,16,57608],[-59,36,193321],[-19,-28,42815],[-11,-30,351695],[-19,43,46154],[-19,61,77335],[-8,16,35087],[-24,65,44635],[-31,67,528393],[-65,67,177888],[-90,44,83566],[-37,27,33740],[-31,17,0]],[[18331,8263,0],[19,20,43498],[46,66,73248],[40,34,73248],[4,24,210918],[84,170,373257],[-4,52,49475],[4,46,280846],[36,52,86154],[49,100,80210],[7,6,35005],[31,54,576103],[51,57,41466],[14,24,41466],[27,28,85706],[61,84,141059],[43,34,0]],[[17781,8945,0],[-1,1,0]],[[17152,9020,0],[-23,19,72941],[-141,80,96711],[0,9,194214],[-189,159,391368],[-47,0,270492],[-112,153,103131],[-28,19,41656],[-2,11,52643],[-45,57,1584020],[2,27,33281],[9,56,203183],[-24,57,47601],[-1,16,47601],[-29,93,173930],[9,59,761960],[71,26,101482],[100,15,138731],[69,34,278185],[20,21,58475],[10,37,1584020],[-41,63,61447],[-27,56,149786],[-77,84,467230],[4,51,59744],[13,10,59744],[-5,37,178529],[-38,69,157587],[1,33,41117],[8,49,757417],[-53,73,124370],[-1,12,36888],[-23,37,39144],[-22,51,103786],[-24,29,55169],[-34,60,372586],[-29,36,34652],[-33,34,53212],[-38,50,157148],[-52,27,103866],[-27,44,66657],[-26,16,0]],[[16277,10889,0],[8,26,65828],[33,35,33573],[8,14,133021],[19,83,401657],[-113,98,559631],[3,29,49915],[19,60,273740],[53,19,34647],[50,21,49721],[37,11,834251],[47,-48,50406],[156,-168,834251],[24,9,61148],[83,58,330686],[37,-26,47466],[41,-20,47466],[48,-31,371778],[86,12,34050],[12,6,34050],[29,0,180062],[65,21,78197],[81,39,0]],[[17103,11137,0],[173,-169,708142],[10,11,60131],[90,43,135590],[77,14,270128],[19,-7,38509],[50,-29,44402],[22,-8,250787],[101,55,1005945],[15,-31,39274],[13,-12,56479],[40,-80,65076],[64,-106,43760],[38,-67,268567],[54,-27,159179],[17,-20,63132],[37,-79,1005945],[29,9,74726],[50,-9,51119],[33,2,162297],[19,-35,412793],[1,9,36427],[24,18,54191],[24,41,72010],[26,18,72010],[-5,16,40469],[11,18,184816],[21,-10,99046],[5,9,35523],[37,30,35523],[6,10,1808307],[64,-36,170037],[33,-88,170037],[43,-44,38402],[30,-26,160617],[27,-46,62324],[17,-50,657264],[-5,-75,59806],[-10,-26,59806],[2,-48,178158],[-46,-160,657264],[41,1,49362],[84,12,64660],[90,4,0]],[[17103,11137,0],[3,100,129166],[12,20,61643],[16,71,493333],[98,-13,125713],[96,12,733779],[-2,21,36555],[-15,82,61115],[-6,71,136927],[-23,57,321334],[18,22,96033],[24,108,0]],[[17324,11688,0],[78,-61,445842],[138,74,45826],[31,12,35949],[9,10,35949],[64,36,45826],[31,15,132815],[15,18,448910],[70,-40,44461],[33,-23,448910],[86,68,75920],[36,32,40175],[3,12,40175],[26,17,215001],[22,65,1618554],[46,-8,64490],[36,8,73143],[42,-10,120321],[30,16,108187],[21,-15,37460],[19,-24,223072],[8,39,38038],[6,5,143072],[29,-59,39803],[13,-33,596440],[-31,28,33921],[-10,17,33921],[-9,-2,95895],[46,-68,95895],[-4,-40,83358],[4,-26,33558],[12,-46,44485],[2,-32,150695],[28,-41,64187],[-3,-18,901215],[14,1,34197],[40,15,71597],[41,-1,338985],[14,-29,66226],[37,-48,34496],[26,-39,218761],[57,-11,94057],[34,-30,575371],[34,34,56397],[24,4,44937],[10,15,56397],[77,66,222253],[34,-24,0]],[[17324,11688,0],[22,46,197437],[-87,43,37596],[-15,10,338055],[5,31,49833],[18,40,49833],[29,82,557426],[-35,17,37859],[-11,12,128896],[-91,15,92349],[-59,25,1242833],[18,72,48501],[4,43,36464],[6,19,130540],[29,47,160561],[-9,26,40583],[-25,39,160561],[27,24,88878],[13,-15,37860],[17,-3,584942],[34,6,73177],[9,26,91371],[40,-3,91371],[-4,32,99273],[66,33,193726],[15,0,35309],[67,16,53706],[19,10,940744],[0,43,92797],[-21,33,36948],[-9,26,169316],[-2,37,51272],[10,30,51272],[1,46,254918],[48,-1,185346],[-31,55,34129],[-21,41,171055],[-54,14,0]],[[17324,11688,0],[-155,15,61996],[-42,8,256179],[-111,64,613632],[-49,51,110511],[1,37,110511],[-15,39,46664],[-13,12,46664],[-29,58,67045],[-19,23,1162986],[-49,21,212416],[-46,-121,457090],[-204,-16,171625],[-161,-34,1838414],[-1,150,109622],[11,164,439202],[-82,-25,403125],[-21,104,198986],[11,27,51821],[6,49,67775],[19,44,180916],[-18,77,1838414],[-46,0,63680],[7,13,129262],[-20,2,38976],[-45,-6,46251],[-36,2,75910],[-11,-15,68123],[-23,8,39313],[-19,-3,323351],[-27,-31,181611],[-17,23,51350],[-4,32,56507],[-22,50,42621],[-12,17,181611],[3,20,74470],[-48,-27,787893],[-7,11,40283],[3,29,95789],[-38,25,130355],[1,61,130355],[-28,51,43619],[-23,52,199275],[-13,76,42839],[1,19,788642],[-28,33,44287],[-50,50,206367],[-33,-28,65275],[-21,2,206367],[-104,70,93934],[-24,35,93934],[-46,11,350270],[-60,-20,152715],[-74,35,662468],[-6,79,67042],[6,39,39937],[-3,24,495852],[-43,55,172112],[-46,29,54416],[-32,11,82540],[-77,52,306437],[-19,-1,34124],[-46,-12,60793],[-3,-9,0]],[[15224,13299,0],[-36,1,151727],[-69,-57,52467],[-38,-38,361388],[-72,62,188468],[-5,14,66478],[34,36,0]],[[15038,13317,0],[17,17,41246],[17,1,75783],[15,-24,63804],[-7,54,165852],[-35,62,248417],[22,16,53019],[42,52,90144],[36,18,90144],[-6,31,931513],[-12,-3,36888],[-33,10,86120],[-4,26,217570],[11,23,33994],[4,22,56700],[19,11,46408],[2,18,149866],[-16,25,58469],[-2,34,335144],[-49,85,74813],[-28,30,118586],[5,21,35256],[-6,14,114258],[-32,17,39488],[-26,7,497953],[19,65,219103],[-14,46,60490],[-25,43,112668],[-34,28,188170],[10,58,345767],[56,26,66035],[5,8,47056],[39,0,345767],[-14,18,43054],[-13,33,175347],[-33,5,49192],[-25,-8,61973],[-38,9,230588],[-21,76,1641871],[18,90,110656],[42,100,530003],[57,33,68151],[19,23,200816],[16,-2,43245],[2,-18,45905],[36,-21,200816],[30,33,120074],[92,26,710311],[-24,55,231140],[8,25,39348],[18,86,39348],[27,107,0]],[[15225,14828,0],[98,27,82299],[84,33,190921],[30,-8,118791],[27,27,34897],[13,21,60079],[1,14,0]],[[15478,14942,0],[81,-84,61705],[43,-37,186412],[41,-19,115436],[37,-29,44480],[67,-60,49767],[33,-25,601573],[4,-50,145706],[-48,-57,72264],[-11,-31,722819],[11,-40,62645],[0,-53,131778],[36,-60,131778],[18,-44,34799],[9,-34,71977],[4,-39,98909],[39,-98,131523],[17,-5,42650],[12,-20,131523],[-6,-39,85024],[20,-63,404892],[41,-64,48419],[14,-32,88970],[23,-18,80536],[-6,-11,39340],[5,-31,173071],[14,-5,39294],[30,-26,334563],[11,-34,56714],[4,-54,56714],[7,-46,35048],[9,-36,162218],[39,-79,703956],[28,-29,51632],[39,-24,103852],[55,-12,92392],[30,-30,329124],[7,-55,49737],[0,-58,2266461],[16,-16,80387],[47,16,84986],[6,-22,73241],[36,5,155579],[35,22,38071],[33,14,155579],[14,-47,166159],[66,-7,74450],[29,9,107708],[79,-14,74073],[62,-1,986233],[6,-33,91939],[20,-28,55777],[37,-79,337409],[71,-72,167377],[90,-33,305558],[50,-110,85814],[22,-26,0]],[[15478,14942,0],[19,18,47744],[37,54,57030],[4,17,57030],[38,34,442877],[61,41,88175],[80,63,35380],[63,46,58978],[32,20,41918],[54,42,303077],[74,37,55180],[67,28,75733],[65,37,1711265],[22,1,44168],[27,-13,44168],[36,-7,34855],[34,-13,109611],[26,-23,87698],[29,-12,45537],[42,-6,281279],[10,-22,100006],[86,-39,116358],[60,-60,211989],[45,-18,69680],[27,6,1093189],[60,66,110702],[47,19,427351],[88,0,62470],[55,6,144979],[11,-3,37243],[28,-27,144979],[29,4,56138],[47,21,360202],[2,13,51762],[-23,53,60169],[-1,31,350301],[25,-7,63318],[42,12,155882],[6,-9,39767],[60,-43,212152],[8,-18,42218],[8,15,44091],[32,13,65900],[18,18,0]],[[15225,14828,0],[-13,84,55099],[-22,109,155481],[-37,71,84152],[0,29,840191],[122,2,227072],[12,36,57581],[24,30,368120],[-34,20,40850],[-43,17,191011],[-53,14,60001],[-66,6,128832],[-24,18,84491],[-3,-21,43343],[-15,-11,368120],[21,-33,58665],[38,-33,149897],[-28,-28,368120],[-130,70,152157],[-255,164,1496948],[34,39,80748],[15,47,51390],[15,20,273490],[-11,39,85170],[-24,35,45787],[-19,16,305437],[10,34,37278],[10,13,117703],[-7,56,81235],[14,10,65857],[-4,44,188166],[67,201,86655],[1,21,2272540],[-31,61,33577],[-27,47,152512],[-25,91,54883],[-13,13,52978],[2,25,43030],[-10,17,256677],[-27,-32,256677],[-103,172,186096],[-72,55,144258],[-34,70,635826],[103,88,635826],[-12,25,63545],[2,45,165258],[-22,17,88455],[-9,35,45390],[-18,9,38911],[2,13,66155],[-24,12,63210],[-10,16,36534],[5,12,307107],[-28,-2,74431],[-14,-23,48681],[-22,-10,358675],[-17,10,37791],[-26,2,37791],[-36,15,34629],[-31,8,59007],[-30,14,160991],[-11,20,49268],[-31,23,111551],[-14,1,34690],[-33,-12,68861],[-3,8,36022],[23,12,68861],[-44,16,635826],[13,24,72875],[42,5,51414],[0,10,247656],[-28,16,36969],[-18,19,112970],[23,1,66673],[-7,29,112970],[-31,29,47519],[-17,27,472598],[-33,23,58528],[-28,4,108821],[-20,43,81708],[-28,8,187002],[-11,22,37095],[-11,44,187002],[-54,45,50207],[-29,17,99131],[-15,28,48881],[-25,21,1441160],[-37,4,46692],[-7,11,54752],[-56,30,86903],[-36,4,202630],[-93,-8,60684],[-14,-8,34682],[-24,-1,163831],[-17,9,38715],[-11,19,0]],[[16277,10889,0],[-22,12,44663],[-47,10,74915],[-33,0,46080],[-36,9,101847],[-22,13,34456],[-35,11,178530],[-77,-3,439893],[-71,97,86265],[-34,31,829751],[-41,-8,51803],[-42,-19,252927],[-65,-1,68474],[-96,11,114085],[-37,-12,114085],[-22,19,79235],[-59,8,322786],[-59,-30,88263],[-13,1,37512],[-28,-15,47350],[-25,0,0]],[[15413,11023,0],[-46,29,34852],[-37,20,59153],[-36,35,59153],[-14,-1,125105],[-27,42,125105],[-45,30,63605],[-42,15,309922],[-90,121,309922],[-32,23,37446],[-103,85,44181],[-36,31,38487],[-13,5,241637],[-5,20,75334],[-61,63,169106],[-74,55,39314],[-57,46,129591],[-28,29,33302],[-19,26,0]],[[14648,11697,0],[16,7,38789],[22,25,60985],[26,7,164262],[16,34,33366],[6,24,78645],[30,37,310262],[104,-6,310262],[19,38,75335],[44,40,142781],[90,64,563645],[7,20,78294],[-27,54,100522],[9,41,450378],[112,-26,78892],[162,-29,2332190],[33,61,120344],[13,41,46139],[15,75,271274],[-9,23,36342],[-2,26,72124],[-24,31,492470],[-17,-1,38586],[-63,-16,140032],[-29,6,41609],[-34,17,492470],[1,74,153825],[-29,41,42368],[-20,39,172928],[-5,44,40225],[-8,95,928365],[32,35,36635],[54,52,246494],[27,8,62264],[92,5,928365],[12,214,171777],[-12,28,36817],[-14,49,158031],[-6,36,38193],[4,17,79780],[21,13,74877],[-4,39,233626],[27,19,39646],[27,28,215743],[-9,34,36121],[-24,68,631263],[-12,17,40271],[-48,42,118476],[-49,12,0]],[[15240,8584,0],[16,36,78257],[37,27,149092],[67,17,198456],[-2,23,33877],[-9,11,113964],[24,15,38648],[22,24,596913],[-16,26,66867],[-30,6,85682],[-14,15,34868],[-14,29,157966],[19,31,157966],[-32,30,91594],[7,31,107706],[-22,25,40667],[-16,7,40667],[-11,19,854511],[16,16,95272],[98,14,418802],[106,140,72001],[52,61,166045],[42,30,119759],[5,56,1778870],[20,9,79927],[-38,20,45202],[-17,1,109163],[-39,-17,118123],[-32,22,38655],[-11,14,539170],[6,46,41712],[-4,6,85295],[22,169,34109],[4,23,157140],[-2,121,731525],[-176,192,37629],[-80,85,1778870],[-2,22,137423],[39,53,47145],[15,31,93920],[49,43,70989],[12,26,576133],[-38,99,174799],[-51,76,51487],[-30,52,106704],[-18,6,576133],[10,72,79611],[-2,92,260986],[-37,178,60249],[-11,39,130835],[-1,59,1196633],[78,9,166955],[75,63,313472],[22,24,47019],[51,70,115170],[14,45,0]],[[13040,11506,0],[87,3,71860],[127,14,535095],[0,-18,107583],[91,91,204466],[8,51,157456],[22,0,59576],[9,25,63809],[26,-1,63809],[21,23,144730],[12,49,1409671],[26,9,68425],[56,-6,68425],[60,5,35433],[34,-1,293681],[62,-53,87874],[42,-17,324954],[85,11,148903],[46,-6,50980],[52,1,78117],[35,-11,108497],[51,0,38365],[35,4,324954],[18,-50,67949],[15,9,67949],[8,-43,159731],[44,-16,43082],[17,-13,225682],[15,59,852615],[35,15,68044],[39,35,47856],[26,14,156935],[93,27,33988],[22,8,476105],[60,-13,52483],[22,2,183815],[0,-15,37334],[14,-13,37334],[12,-38,183815],[18,-19,41438],[28,-15,88100],[59,-17,453582],[38,13,136677],[16,46,40685],[1,18,76054],[-13,16,65737],[25,-1,40221],[9,9,0]],[[13516,9774,0],[-1,0,0]],[[12517,13413,0],[92,26,143183],[9,-14,56447],[28,10,56447],[43,-8,275791],[68,50,144663],[34,13,49602],[52,8,49602],[24,11,651510],[11,-12,55912],[21,0,40833],[29,-12,75745],[21,5,78706],[69,-27,143115],[21,-21,58644],[20,-7,33438],[36,-22,106123],[54,-12,715197],[74,15,168237],[104,80,224437],[15,-1,36307],[32,11,59613],[17,-8,89234],[35,17,43500],[24,4,1657469],[88,-20,79820],[42,-21,281939],[-29,-53,110882],[-33,-7,41565],[-12,-10,281939],[16,-81,77385],[14,-50,42468],[15,-36,177518],[1,-31,49927],[15,-62,94820],[-7,-44,968685],[22,-5,38494],[18,7,86184],[16,-28,86184],[33,-15,37353],[67,-26,429596],[14,-23,64465],[41,-22,102875],[18,-44,219971],[-7,-29,43667],[6,-14,46384],[-8,-47,152733],[17,-28,41876],[18,-15,429596],[99,-65,77737],[25,-7,108592],[77,-60,1657469],[20,31,68983],[21,10,35266],[20,17,65077],[17,26,206334],[-13,10,41353],[-21,37,206334],[4,24,67328],[13,11,34050],[19,3,121706],[12,36,58908],[-5,32,155472],[16,4,34530],[29,20,155472],[6,59,44187],[-2,25,461371],[-14,11,49006],[-1,27,96209],[-44,14,279865],[-15,24,60966],[1,36,125066],[22,0,44672],[14,14,125066],[-12,36,93694],[15,9,40032],[21,-4,93694],[10,15,54036],[-7,31,1657469],[57,-10,118104],[38,-23,74326],[50,-17,50119],[26,-19,50119],[28,-5,434379],[42,83,108187],[27,10,75368],[19,38,407311],[37,-3,33549],[15,4,120045],[17,-13,50924],[8,-30,229999],[12,-112,407311],[68,-8,53321],[30,-10,178205],[37,0,41955],[81,7,88075],[31,-3,61057],[18,16,936916],[-14,39,107740],[5,49,51821],[11,11,42584],[0,25,260973],[20,-11,38194],[39,-12,48580],[24,-16,260973],[18,10,58314],[42,53,86687],[4,22,140102],[55,34,56259],[21,21,351559],[30,-40,47835],[0,-14,0]],[[12145,13875,0],[-1,1,0]],[[12107,13919,0],[0,1,0]],[[12036,13922,0],[-2,0,0]],[[19672,5612,0],[-340,273,44975],[-433,347,86100],[-446,355,1025477],[-58,11,104301],[-38,-16,45679],[-23,-1,179909],[-18,39,287603],[-47,-27,67556],[-23,1,85054],[-20,-17,38983],[-32,-17,1025477],[-9,22,49968],[-26,25,86993],[4,7,39381],[-12,37,133765],[-24,-12,164835],[-13,16,41211],[-16,40,64764],[-14,6,64764],[-35,64,94281],[-4,37,72380],[-15,-5,56607],[-8,29,298775],[0,25,35961],[-5,67,282236],[-41,-8,62047],[-58,-25,109149],[-28,9,298775],[-3,38,48030],[8,24,46541],[-3,38,470565],[-17,-15,43065],[-28,-7,155597],[-4,21,39581],[-21,47,155597],[-13,-6,48240],[-22,17,59813],[-15,-6,37320],[-25,3,243290],[-16,35,60226],[1,31,0]],[[17732,7114,0],[10,24,48814],[71,138,385774],[-15,10,59986],[-11,34,39199],[-13,21,125343],[-2,42,65677],[-19,53,300582],[38,77,35090],[12,18,0]],[[17803,7531,0],[13,-7,50110],[-3,-26,50110],[13,-67,78525],[3,-54,248106],[61,-7,558647],[13,28,44321],[24,28,97191],[6,18,37069],[31,63,55305],[31,56,161755],[28,35,39460],[23,21,558647],[30,-54,273506],[27,10,46546],[56,32,54964],[36,12,98426],[43,32,473776],[25,38,59132],[18,49,46414],[13,19,258272],[19,-11,117303],[23,24,46607],[38,51,117303],[68,38,0]],[[15471,4187,0],[7,39,209299],[-62,46,93818],[-62,67,52225],[-19,14,209299],[3,36,35782],[8,40,196755],[-54,14,82123],[1,9,34805],[-17,13,468673],[12,16,33645],[22,17,48375],[12,22,157838],[-12,26,44646],[6,13,59585],[-17,20,127944],[29,30,304693],[-46,39,49221],[-29,17,1432606],[41,47,46007],[17,28,157960],[5,25,44088],[21,53,127686],[23,35,33942],[20,24,60402],[25,46,227137],[34,37,45502],[8,19,45502],[54,71,37543],[50,63,227137],[24,56,65052],[45,84,0]],[[15620,5253,0],[53,-1,82081],[29,-20,245292],[32,53,60016],[17,44,317509],[31,-53,118362],[49,-15,374656],[39,42,82384],[38,53,50087],[9,22,170783],[27,-14,0]],[[15944,5364,0],[19,-27,79747],[11,-65,153849],[1,-65,35510],[-3,-42,236364],[67,-133,201837],[8,-76,38418],[2,-36,563332],[37,-58,90220],[19,-20,35912],[28,-21,130368],[23,-42,64807],[0,-27,130368],[45,-29,1450766],[32,59,48280],[26,38,116938],[-1,22,57320],[21,47,316409],[30,-1,95942],[20,-45,154886],[-2,-27,33593],[-9,-16,33593],[0,-18,425920],[19,-31,68248],[10,20,68248],[16,1,45397],[51,-17,65307],[26,3,146025],[13,-25,120605],[14,0,38638],[2,15,55630],[25,7,35189],[24,14,289664],[20,-53,181981],[31,0,49703],[31,-12,109290],[48,-38,289664],[9,8,47600],[2,36,72012],[20,9,44054],[4,16,1450766],[39,-27,94591],[-6,-30,162843],[74,-9,162843],[152,-112,625626],[350,-315,73104],[393,-356,42065],[309,-281,0]],[[16862,2366,0],[-934,1067,343861],[-76,42,239433],[-61,106,163211],[-12,11,44434],[-25,-1,127586],[-35,44,59218],[-15,33,1429309],[7,30,51650],[-11,12,51650],[-10,110,302508],[46,97,68002],[11,38,103516],[40,-28,103516],[-24,56,838985],[-49,52,62135],[-12,2,66110],[-27,25,41651],[-31,18,34545],[-12,12,41651],[-74,63,39478],[-18,13,236293],[-69,19,0]],[[15944,5364,0],[9,29,54749],[-3,38,85560],[17,4,283014],[19,-34,60571],[-2,-25,77620],[22,-25,176086],[15,21,65100],[28,-4,95443],[1,-11,37897],[-19,-28,95443],[5,-10,38776],[30,-20,56902],[22,-5,426808],[-20,-40,110827],[3,-85,214321],[17,-37,49479],[25,-22,48445],[2,-15,1388103],[38,20,46479],[38,28,132344],[46,-5,63075],[16,11,295195],[52,-37,53431],[41,-20,492855],[2,53,88104],[19,65,44755],[6,37,498014],[38,8,46898],[62,4,65967],[107,20,455849],[-2,45,97291],[-33,56,90401],[-2,42,455849],[26,20,46931],[53,52,80215],[28,38,251502],[40,-1,56507],[33,-12,314302],[29,30,33882],[26,22,121905],[23,57,65609],[22,25,1608297],[0,69,44095],[4,23,44095],[6,104,218793],[20,86,89896],[6,84,107880],[10,19,57464],[2,35,46348],[12,37,0]],[[16883,6110,0],[74,-17,47084],[47,-15,339718],[28,36,42931],[15,30,53073],[42,54,860061],[71,-68,124458],[17,-49,189261],[28,-13,61492],[7,-22,83875],[48,-11,83414],[17,-26,492531],[-13,-6,38344],[-36,-34,157826],[14,-65,305480],[33,-31,46321],[17,-25,119635],[28,-58,38375],[-2,-17,34227],[10,-7,1332879],[20,34,89084],[25,-15,98570],[18,6,51866],[20,29,70626],[63,39,355611],[22,-12,128965],[5,25,54503],[31,71,193221],[-18,69,443497],[94,59,154212],[-12,7,36326],[52,-12,76571],[12,18,56920],[26,-1,2476284],[37,-68,95350],[11,-59,84091],[24,-40,349091],[71,-28,97245],[-2,-19,97245],[82,-52,832703],[1158,-924,0]],[[13701,316,0],[-347,900,72722],[-176,451,1196660],[-164,141,396346],[-25,95,141535],[16,53,75894],[-15,16,49354],[8,17,396346],[-21,14,46002],[-20,-2,46002],[-89,27,1196660],[5,29,35566],[2,45,40151],[5,19,221235],[-39,20,101692],[20,39,100463],[-34,7,101692],[-30,35,61344],[-35,14,45779],[0,9,184154],[56,-17,368873],[1,21,40088],[20,113,77584],[18,57,55636],[4,37,706396],[-58,74,85164],[-11,32,305381],[-100,43,101140],[-66,13,706396],[26,76,181050],[-16,5,44862],[5,18,44862],[-19,20,68437],[-7,34,365938],[37,10,40261],[38,16,95818],[44,-3,218132],[4,59,1829026],[39,14,40663],[24,14,79801],[38,2,84022],[1,-22,47913],[16,-2,82896],[8,25,53176],[16,1,210079],[-3,-18,40455],[10,-26,210079],[74,-14,63399],[115,-13,1075071],[4,122,147813],[15,114,80646],[-4,8,47168],[20,52,301395],[36,22,192199],[8,34,54487],[2,65,95079],[22,73,1829026],[-43,28,61466],[-20,-14,61466],[6,32,83936],[-17,2,53001],[-46,31,180942],[-49,66,33605],[-12,14,505120],[-55,-6,34133],[-41,-1,122346],[-52,19,196387],[-14,-35,58136],[15,-13,58136],[-18,-19,118030],[-28,8,159830],[-5,76,159830],[-33,18,72970],[-78,17,527422],[48,81,418153],[-45,7,53626],[-9,7,38169],[-42,10,85072],[-33,1,34257],[-45,7,243441],[11,65,203997],[-14,6,61132],[-56,-2,33279],[-24,-10,33279],[-1,7,3744958],[18,40,159032],[10,48,57245],[-2,45,97336],[-12,38,39077],[-1,21,97336],[16,9,76676],[-6,50,286602],[-72,8,286602],[2,32,84213],[32,-2,84213],[15,7,41091],[9,21,41091],[13,3,167164],[-18,17,94541],[29,30,80871],[-9,24,167164],[58,21,336661],[5,56,55150],[-6,35,155934],[-20,45,47835],[-21,31,332194],[33,30,132659],[30,107,1029924],[47,-21,47921],[44,-12,116405],[60,-1,328358],[7,14,40745],[25,14,66769],[28,50,54718],[16,10,0]],[[12809,4476,0],[-3,-37,70868],[-18,-75,38124],[-9,-25,217108],[42,-38,217108],[-31,-68,146291],[44,-7,146291],[2,-30,64592],[25,-49,132177],[-1,-24,58895],[-21,-8,880694],[60,-19,86523],[75,-5,414766],[17,48,38366],[18,39,52188],[9,34,306094],[39,11,33790],[31,12,53681],[57,13,1212515],[-14,-98,35022],[-8,-46,82577],[-3,-62,256484],[32,-58,72644],[12,2,174574],[-13,-46,53766],[-1,-38,552345],[-35,-41,68676],[-16,-30,48939],[-44,-62,151407],[-21,-58,34265],[-12,-25,2647925],[40,-18,40848],[21,-16,40848],[49,-29,34376],[22,-9,405999],[6,-20,33903],[-4,-15,59588],[16,-17,91561],[-9,-29,50049],[5,-26,211518],[-11,-11,39831],[20,-1,39831],[28,-53,49255],[31,-42,39718],[11,-22,817038],[75,0,172888],[39,41,74861],[3,39,38485],[7,11,74861],[10,-31,394583],[4,92,60481],[9,85,817038],[67,-7,34500],[74,-5,258942],[22,-34,102521],[32,-22,36275],[41,-22,448472],[93,62,86873],[38,14,757901],[25,-59,175517],[21,-20,49889],[33,-13,49889],[19,-17,39463],[35,-18,249267],[15,-51,74452],[-9,-24,398346],[57,-7,93124],[86,-33,1970951],[13,37,63594],[18,23,41028],[15,32,204663],[-3,29,79023],[12,74,44560],[-1,32,38358],[6,25,476180],[26,12,47359],[31,0,37802],[14,7,174819],[-3,31,37842],[5,18,137207],[26,5,58763],[30,23,282619],[-11,20,38894],[-34,39,251174],[38,11,92209],[36,-3,48604],[32,-12,155744],[-38,32,64294],[-24,4,155744],[46,30,37662],[12,12,0]],[[14289,3840,0],[65,1,50936],[113,-6,143044],[19,3,35853],[24,13,320258],[33,-78,76193],[18,-15,320258],[57,53,35382],[24,26,35382],[26,21,913129],[52,-44,49478],[40,-26,324154],[-5,-15,36034],[6,-21,122967],[-20,-26,43600],[-15,-34,43900],[-22,-30,477236],[100,-53,104901],[64,-42,46053],[28,-23,0]],[[14896,3544,0],[-19,-25,52112],[-40,-73,248407],[-3,-59,74635],[-18,-76,75342],[-3,-60,411050],[-30,-20,68702],[-47,-44,39619],[-18,-9,39619],[-10,-19,271386],[-21,-69,49670],[-12,-21,49670],[-15,-55,2436051],[13,-19,60389],[33,-8,203813],[-9,-40,105221],[27,-62,104804],[-10,-36,380883],[111,-35,137236],[11,-35,85072],[32,-4,602628],[-20,-83,118069],[-59,-142,425252],[99,-55,602628],[202,-453,74105],[391,-881,0]],[[10289,211,0],[170,880,75376],[107,553,236854],[63,216,213051],[15,156,3748992],[175,170,186647],[103,34,184948],[19,55,378406],[100,15,155759],[47,43,883035],[37,126,121174],[0,57,232681],[60,60,157616],[9,71,517016],[24,-6,73422],[22,15,41217],[27,7,225440],[22,33,45563],[21,16,62168],[27,37,34679],[12,22,55397],[19,19,1580356],[17,54,134983],[-3,19,39652],[4,56,59912],[-6,30,34307],[-1,35,199402],[14,43,81526],[12,72,36172],[15,80,309024],[-6,49,80974],[-12,20,41033],[-5,30,41033],[-14,30,309024],[-4,57,35161],[3,9,97405],[21,0,97405],[39,107,1580356],[15,19,40673],[13,-1,48717],[60,30,37591],[32,19,162704],[124,41,66852],[48,21,733727],[2,-58,79804],[-15,-68,465154],[30,-17,73738],[102,-33,219836],[54,29,140709],[63,-20,3419266],[10,42,52221],[-2,36,139925],[18,-3,33836],[20,5,139925],[7,11,38458],[1,30,85340],[38,63,346120],[2,27,37608],[8,2,43167],[-3,31,34938],[5,5,105637],[-20,30,108365],[5,89,49934],[4,10,694284],[-60,33,87717],[-84,27,444015],[7,27,33902],[11,65,274391],[50,18,53206],[34,21,89057],[47,8,444015],[-8,39,65395],[-18,9,153462],[0,12,36190],[16,11,57799],[-4,26,67654],[9,22,34499],[11,6,160746],[-1,18,39002],[-12,14,40115],[0,17,54521],[-14,22,307334],[66,46,434507],[-15,47,33385],[-4,21,59246],[-9,11,37361],[-9,29,101292],[1,41,101292],[-21,61,56686],[-15,22,1588778],[16,22,57735],[-14,12,57735],[11,61,229076],[28,-8,33670],[21,0,37992],[31,-9,302887],[10,24,42727],[6,45,51835],[9,12,45081],[-5,27,166409],[32,75,83673],[25,27,378612],[27,13,33847],[40,12,76272],[37,27,705724],[-6,19,78838],[7,128,85890],[-8,58,340450],[-20,15,44034],[-15,25,44034],[-18,10,73027],[-8,-20,72714],[-21,16,48925],[-4,20,705724],[15,20,86807],[73,44,47950],[29,22,153087],[109,51,0]],[[12448,5242,0],[20,-33,38657],[22,-27,80471],[34,-69,44271],[19,-30,139651],[44,-43,752049],[25,32,55957],[27,16,200034],[64,21,47530],[54,12,55463],[19,12,52989],[30,-2,555245],[54,-24,40791],[41,-14,147358],[52,-46,91132],[67,-36,0]],[[13020,5011,0],[-48,-70,67232],[-38,-71,332192],[-19,-57,34430],[-19,-46,34430],[-35,-100,58976],[-15,-35,177036],[-5,-50,83947],[-32,-106,0]],[[9551,3371,0],[54,69,114461],[44,21,351604],[13,-31,77857],[14,-13,33336],[12,-24,33336],[23,-28,39589],[11,-31,39589],[4,12,388116],[35,15,45925],[11,-6,45925],[18,18,45925],[49,21,95629],[-2,10,45131],[26,28,65575],[9,-12,221947],[58,-1,78249],[65,14,467057],[28,-3,63551],[66,-28,116456],[14,-36,116456],[19,12,41667],[30,5,0]],[[10152,3383,0],[5,-16,40621],[24,-26,48225],[23,-12,48225],[-1,-14,108611],[28,-4,198331],[-5,-15,41737],[15,-6,45236],[-7,-16,47216],[9,-15,36181],[2,-23,118303],[19,5,81270],[17,-49,787516],[-14,-14,56045],[-2,-26,42111],[-12,-21,116145],[6,-7,33957],[4,-29,49755],[-4,-22,310403],[-31,-12,61259],[-9,15,61259],[-29,-2,39482],[-15,7,54495],[-15,-8,37405],[-20,3,401917],[-15,-11,40231],[8,-11,40231],[-11,-17,88132],[18,-15,42140],[-2,-14,126545],[-28,-29,98384],[11,-19,73835],[-19,-39,186043],[-43,-14,147203],[-16,-29,77581],[4,-48,1373989],[68,-95,322189],[187,-38,411820],[-13,-44,116365],[4,-51,57370],[13,-41,411820],[67,7,128183],[-11,-38,163535],[23,7,70226],[31,-8,47126],[8,-13,108536],[19,17,76347],[32,-11,51748],[16,7,3071163],[4,-32,41698],[-4,-39,136757],[38,-26,305510],[-17,-27,87755],[-28,-12,51525],[-5,-18,43801],[-15,3,43801],[-22,-18,99877],[4,-14,46977],[-19,-14,329721],[35,-20,62800],[4,-12,39050],[24,-21,226889],[-29,-95,700819],[-244,-390,700819],[-224,-589,76440],[-291,-765,0]],[[7505,1922,0],[1210,966,1209589],[366,243,437656],[224,55,437656],[128,136,259777],[118,49,0]],[[9109,5891,0],[57,-6,89435],[27,2,35918],[51,11,163035],[6,-11,75836],[37,-9,40784],[51,-5,278541],[-2,23,68887],[30,10,68887],[12,16,42543],[1,23,206994],[17,-25,91468],[24,-5,34920],[31,0,1021908],[-2,-91,38178],[3,-28,38178],[-3,-43,293268],[-21,-63,98046],[-7,-85,157075],[-10,-46,42593],[-16,-47,89727],[-28,-57,1308500],[48,2,80100],[27,-6,40549],[53,-1,40549],[85,-9,195613],[83,14,60979],[2,-4,40158],[43,19,124605],[26,-12,449253],[22,9,50716],[16,25,74507],[37,11,70358],[32,30,159065],[59,7,0]],[[9900,5540,0],[5,-65,247923],[26,-3,57507],[20,-14,35776],[31,-11,57507],[45,-10,40542],[22,-11,792220],[15,-80,77484],[-5,-31,77484],[13,-141,36389],[-5,-11,36389],[8,-20,47331],[14,-141,47331],[3,-46,334010],[-12,-16,60729],[2,-44,60729],[-10,-57,93430],[4,-2,41277],[-3,-55,792220],[33,-80,74450],[13,-7,74450],[10,-68,248219],[20,-9,56972],[62,-52,443571],[14,-21,64077],[-3,-39,70359],[9,-117,123068],[11,-50,58499],[12,-13,58499],[1,-40,2859572],[-23,-35,112935],[-16,58,146180],[-51,-51,164701],[-137,-66,82703],[-81,-46,648751],[-50,0,82403],[-28,11,35382],[-44,10,326002],[-9,132,326002],[-69,-13,138167],[-45,-49,1785649],[-4,-26,77353],[8,-78,59009],[12,0,46441],[-2,-27,149777],[2,-68,34860],[-1,-41,34860],[2,-41,81455],[-5,-67,81455],[7,-17,52701],[2,-59,370051],[-33,-6,44912],[-59,-2,307460],[8,-24,41227],[-8,-9,107992],[21,-29,38542],[6,-25,38542],[11,-8,87810],[14,-52,695207],[-18,-13,58601],[-11,-28,34065],[-11,-16,193841],[-29,-19,38361],[-12,-15,69778],[-55,-29,115518],[-21,17,97709],[-39,-36,506613],[12,-21,50873],[11,-52,50873],[18,-45,99806],[23,-30,0]],[[17803,7531,0],[-50,61,66973],[-50,49,322751],[45,79,36551],[8,19,554460],[-31,26,76050],[-101,59,239497],[-75,74,100227],[9,5,39274],[-11,18,100227],[-67,61,1074449],[-39,18,71385],[-60,9,91614],[-49,26,169608],[-68,-9,65809],[-26,6,169608],[-5,29,126804],[-29,5,35926],[-18,10,60995],[-38,0,269566],[-15,16,53730],[-24,55,40633],[-12,16,269566],[-43,-30,66601],[-46,-13,36991],[-7,-7,0]],[[16883,6569,0],[-18,29,34203],[-16,15,96469],[12,7,67411],[-13,19,34649],[-6,24,170150],[-24,25,55962],[-31,53,74362],[-49,53,287720],[9,23,46589],[19,10,39068],[6,15,212566],[-29,59,101120],[-21,24,37730],[-23,16,670214],[-70,-52,241391],[-56,48,190523],[-42,-19,58718],[-41,-7,670214],[-21,56,72698],[2,35,155183],[-51,113,82482],[-28,44,153135],[-8,58,2021670],[24,33,84434],[4,24,49637],[18,25,49637],[31,72,64965],[8,7,155658],[28,71,41773],[11,36,41773],[24,56,277371],[6,24,34708],[7,59,36088],[11,48,767920],[67,68,54572],[36,43,250952],[59,27,77963],[62,45,95542],[45,15,0]],[[17732,7114,0],[-45,1,301493],[-17,-48,36293],[-48,-124,191949],[-51,-92,68482],[-29,-36,782953],[-108,-7,181509],[-47,12,48702],[-91,17,96255],[-65,3,782953],[-17,-54,39242],[-10,-43,65730],[-20,-46,56381],[-19,-68,289306],[34,-81,1130507],[-72,-56,45796],[-14,-16,159748],[-51,-15,47654],[-18,2,451215],[-63,40,71131],[-31,32,106540],[-27,17,40655],[-40,17,0]],[[16883,6110,0],[-51,24,73848],[-4,9,40570],[-41,29,448604],[90,183,269688],[-12,43,36682],[-7,39,0]],[[16858,6437,0],[11,35,62918],[7,64,39601],[7,33,0]],[[15620,5253,0],[-35,17,62363],[-19,24,80276],[7,16,42919],[20,7,80276],[-10,16,46113],[-9,-16,46113],[-33,-7,243844],[-39,89,110450],[-4,54,920032],[13,24,41240],[24,64,89604],[25,30,224713],[40,6,46623],[20,-8,35127],[11,5,140432],[-59,39,140432],[-2,28,51785],[11,88,408998],[63,100,124525],[9,6,57128],[93,117,408998],[-3,40,34405],[-5,23,62297],[2,45,40092],[-3,31,1848447],[-70,1,43829],[-45,-4,43829],[-28,4,151480],[-62,22,46407],[-57,15,147384],[-48,-12,758259],[-10,-137,92238],[5,-62,141171],[-4,-42,51792],[-13,-34,758259],[-51,0,35081],[-58,3,133136],[-52,-14,34114],[-45,-8,440240],[-2,-56,164495],[-50,2,36891],[-23,-3,164711],[-18,-15,47238],[-11,-28,68883],[-4,-41,68883],[-19,-11,1848447],[-14,42,109244],[-24,36,36316],[2,5,38269],[-28,45,66617],[-28,34,45260],[-20,36,307150],[-10,33,35363],[-2,22,81371],[-13,29,34571],[-7,29,35975],[-21,54,95856],[-1,14,34579],[-15,44,42940],[-2,24,266449],[-32,49,40290],[-16,35,40290],[-12,10,75033],[-24,53,991158],[-4,60,46621],[4,35,129637],[-27,85,371852],[-27,-27,42698],[-46,-56,71491],[-24,-37,371852],[-27,6,38781],[-36,0,61934],[-25,-12,61934],[-3,22,69246],[-42,0,35444],[-27,4,0]],[[14521,6345,0],[-36,18,34743],[-19,3,34743],[-9,11,215512],[-47,1,51547],[-70,-8,102850],[-18,2,34664],[-60,15,86582],[-22,-9,819640],[-21,51,82953],[-16,90,390484],[-11,20,36118],[-18,15,36118],[-26,33,111377],[-30,3,178664],[-23,29,47233],[-13,30,80355],[-18,-5,80355],[-4,53,178258],[-13,5,54518],[-69,62,0]],[[13978,6764,0],[21,15,111736],[25,54,47794],[24,68,111736],[40,58,0]],[[14088,6959,0],[64,-13,139090],[86,27,329761],[74,-12,75177],[44,-18,183475],[97,-7,97647],[135,-21,56564],[102,-12,530394],[33,10,44955],[24,16,149353],[73,76,44015],[12,14,33423],[29,24,530394],[9,22,90995],[29,-70,90995],[13,-16,37850],[79,-77,530394],[87,23,187145],[19,-3,43495],[71,3,99706],[70,-17,406305],[13,-18,33866],[71,-118,406305],[66,67,63717],[49,40,1774093],[24,-73,50122],[5,-30,53322],[43,-144,244671],[18,-25,106192],[-33,-47,623086],[27,-14,74141],[31,-1,33404],[12,-6,33404],[20,4,129739],[22,-13,36573],[31,-26,354492],[-9,-29,64658],[-21,-1,135058],[5,-55,51738],[-4,-33,302998],[20,-12,52791],[86,-32,1093254],[51,52,99018],[41,12,237377],[26,42,53666],[8,28,53666],[22,36,40312],[15,35,473208],[39,-21,57250],[16,-26,57250],[19,-14,40227],[10,6,53018],[-17,19,120264],[3,13,40820],[-13,25,120264],[-67,31,120264],[-7,38,45761],[-19,61,119174],[5,37,35044],[5,5,1093254],[99,14,164691],[42,-34,214737],[54,-18,66666],[75,-20,42081],[48,-9,154188],[70,-2,130684],[1,-36,281473],[17,-5,60113],[50,19,60113],[29,-2,281473],[43,-18,44801],[5,-9,44801],[70,-45,139918],[44,4,95855],[12,-5,33324],[24,-23,677120],[15,-45,40217],[12,-17,40217],[-3,-15,192253],[18,-22,34021],[9,-20,72120],[27,-14,72120],[32,-45,131295],[-19,-15,61539],[-1,-30,106467],[14,-5,47725],[28,15,106467],[9,-9,39316],[9,-33,677120],[28,35,39200],[28,27,80361],[30,16,80361],[55,53,40829],[33,29,0]],[[14896,3544,0],[-4,34,34958],[-17,94,332665],[44,-28,78817],[56,-26,41404],[38,-13,473056],[47,74,118934],[-10,28,160876],[7,18,36346],[17,17,79786],[-3,27,46851],[12,0,46851],[13,41,112439],[63,99,308121],[29,27,46177],[67,76,565445],[-80,69,77051],[-27,34,365391],[9,18,61585],[22,19,36113],[22,28,36113],[34,35,565445],[48,-15,59712],[27,2,67542],[75,-22,164010],[41,6,39496],[45,1,0]],[[14289,3840,0],[16,28,36330],[3,19,140193],[24,30,55526],[60,61,43227],[33,38,402726],[-43,17,53028],[-56,31,402726],[14,32,44698],[8,38,140408],[2,136,299389],[-42,56,46661],[-22,23,287870],[15,46,43178],[8,44,83936],[5,64,0]],[[14314,4503,0],[48,6,83020],[48,18,49071],[24,3,38073],[50,17,165462],[25,30,733690],[0,31,40869],[-8,18,44886],[-9,85,110883],[-30,122,421124],[28,56,71682],[14,57,95267],[31,49,1840886],[-106,27,39410],[-66,19,440110],[61,92,35964],[27,37,75653],[3,13,452901],[-42,8,52157],[-38,16,92415],[-36,27,150066],[-67,0,452901],[-7,48,58255],[-14,30,241596],[-27,6,36524],[-40,16,79274],[-58,33,322672],[5,45,155767],[-54,88,61508],[-11,27,683870],[-9,-13,50659],[-31,-5,50659],[-17,-15,79476],[-49,-12,537661],[-31,72,36932],[-27,69,303080],[2,26,50949],[-13,42,59935],[0,52,134107],[6,62,33486],[0,37,33486],[5,18,0]],[[13901,5860,0],[18,5,54104],[39,-14,202905],[25,5,45276],[51,24,52471],[63,18,133006],[55,5,53268],[20,8,33608],[31,5,388876],[27,-46,221401],[40,-2,35274],[42,2,55338],[21,7,55338],[38,2,37282],[16,-4,582169],[82,59,39542],[24,14,39542],[42,35,1248140],[8,106,166048],[-3,38,50601],[-10,9,78631],[8,40,78631],[-16,35,55817],[8,10,68032],[-1,89,68032],[-8,35,0]],[[14088,6959,0],[-12,61,48702],[-14,39,48702],[2,19,97508],[-22,50,379015],[14,19,55639],[50,33,148443],[0,19,38804],[-13,16,96874],[-21,-6,38570],[-12,-14,148443],[-7,27,46847],[11,2,49317],[-2,67,251881],[18,-7,64454],[42,19,440276],[-7,20,49091],[7,34,120764],[-15,28,55736],[-2,35,55736],[-15,42,33580],[-8,33,149362],[2,25,46669],[-10,28,54431],[-5,89,782438],[14,27,64908],[29,18,54631],[18,27,221121],[-2,29,63212],[19,44,96032],[23,17,114049],[27,100,42853],[0,10,1073090],[-28,17,33497],[-15,15,144310],[10,22,60279],[25,5,49372],[10,17,124330],[-33,20,148195],[-33,93,139616],[-35,10,444899],[0,32,80441],[30,21,80441],[29,58,196686],[-7,84,590143],[-33,23,104874],[-50,86,153050],[-69,48,1073090],[9,49,196088],[42,51,87212],[75,73,51288],[24,18,409187],[-8,46,74969],[5,69,147606],[27,82,0]],[[14314,4503,0],[-77,-13,66095],[-22,4,350121],[-23,-49,34068],[-11,-15,37154],[-49,-88,232420],[-46,-37,75207],[-19,-10,35010],[-12,3,648129],[-14,-19,43251],[-16,-42,111330],[9,-21,64642],[-6,-39,33320],[-5,-8,215815],[16,-36,85267],[-6,-33,69613],[13,-49,1961015],[-30,-18,120527],[2,31,73584],[-25,27,120527],[-21,6,44708],[-30,-6,317007],[-30,38,44142],[-25,42,77774],[-3,19,169538],[-42,46,39764],[-20,15,39764],[-14,24,70727],[-15,4,34677],[-12,16,736943],[24,25,71977],[6,27,40814],[15,26,185197],[-39,13,67507],[-17,23,129317],[7,14,37106],[20,13,185197],[10,21,41769],[0,26,41769],[15,77,1065021],[-34,29,38902],[-34,37,72188],[-23,7,59993],[-9,16,34993],[-18,14,279836],[-10,-10,46731],[-49,-26,38523],[-12,-1,279836],[-7,33,35729],[-14,42,114967],[-18,20,47496],[-6,25,60413],[-17,10,429777],[-85,12,103117],[-28,6,35448],[-34,14,35448],[-50,13,1065021],[-2,13,72532],[24,18,41862],[4,14,41862],[27,25,189286],[21,50,84278],[-1,16,42787],[14,40,42787],[10,51,366072],[-2,22,33959],[-9,11,35250],[-11,46,52223],[-15,37,0]],[[13434,5144,0],[-5,17,43247],[-30,46,84217],[-19,50,37763],[-10,35,182897],[3,27,74592],[-14,48,47783],[-8,49,1120327],[52,13,43047],[29,2,88331],[24,18,95850],[66,14,36718],[19,0,99754],[43,15,37956],[96,28,808002],[-25,154,61743],[-7,64,221071],[15,11,60924],[-1,16,37363],[11,28,650510],[11,-1,40792],[42,16,115855],[14,1,34612],[19,-12,38213],[36,-6,192756],[-11,45,192756],[33,7,48598],[15,14,63184],[69,17,0]],[[13434,5144,0],[-38,-14,44845],[-73,-20,72992],[-29,-1,333056],[-54,11,45031],[-61,19,61969],[-124,27,633517],[-17,-107,84553],[-18,-48,0]],[[12448,5242,0],[-39,60,157336],[9,55,55243],[9,9,157336],[-13,57,81687],[-7,98,59469],[-8,32,0]],[[12399,5553,0],[-20,85,183792],[24,44,38262],[15,38,559897],[31,21,46751],[14,-1,47106],[41,17,34418],[35,10,182031],[74,68,421631],[-8,18,68020],[30,22,68020],[8,19,44586],[28,32,133062],[8,58,133062],[34,23,70048],[19,34,1514287],[0,73,62245],[8,11,172550],[-33,40,79681],[-12,42,455048],[-103,60,73061],[-111,73,893995],[19,71,216109],[0,61,39301],[3,139,48762],[-2,26,48762],[3,148,1514287],[121,-10,67172],[88,-14,89279],[5,16,89279],[69,-24,860086],[-1,31,40631],[-8,29,92689],[13,45,58010],[-3,25,243395],[22,21,105303],[24,97,105303],[36,71,227196],[-23,45,78032],[10,18,0]],[[12857,7135,0],[39,-21,47989],[20,-2,101658],[52,-37,36201],[18,-16,336982],[14,-79,66518],[14,-33,161374],[26,-39,37980],[26,-30,336982],[46,-25,69130],[12,-19,44826],[30,-20,101302],[26,-44,101165],[28,-6,59753],[25,-25,492358],[72,-14,66401],[54,0,76101],[68,-15,492358],[-14,-43,157131],[14,-13,45070],[19,-40,92680],[31,-10,178870],[3,-8,34633],[-14,-30,72738],[-21,-1,178870],[22,-46,123289],[54,-10,1748290],[82,28,57049],[69,29,116068],[64,11,399020],[5,20,50450],[24,21,41260],[5,14,151058],[47,-2,117736],[13,37,77416],[10,-19,58339],[15,23,226947],[0,65,329276],[40,4,62865],[83,24,0]],[[12857,7135,0],[-3,19,56537],[20,35,91362],[-10,41,188423],[60,60,212701],[10,64,75967],[-5,50,940631],[-80,79,189423],[-100,163,522608],[-9,44,80328],[-32,56,127487],[-30,89,78791],[-15,65,33967],[-3,20,162548],[-38,27,51533],[-5,15,162548],[0,81,57037],[-6,15,3111375],[-265,70,313153],[8,-11,89533],[-100,-21,131632],[-45,12,1103720],[13,72,172967],[-7,21,72321],[-47,21,456997],[-40,-2,75503],[-38,-24,197698],[-63,-64,144452],[-36,-19,37214],[-29,-9,73171],[-26,1,144452],[10,-32,456997],[-77,-2,76256],[-31,13,52753],[-25,-3,352176],[-9,-20,59738],[13,-30,44931],[-5,-10,223527],[-50,-1,86721],[-20,22,103209],[-54,-7,223527],[-92,-45,59947],[-54,-19,45985],[-23,-14,421785],[-34,1,44772],[-44,9,153469],[-44,-11,51927],[-57,-22,153469],[-29,-5,34594],[-107,-12,61931],[-24,3,61931],[-70,-13,930701],[-15,-43,105390],[14,-75,0]],[[11109,7789,0],[-59,17,224932],[-130,-9,74173],[-202,-21,252448],[-76,21,0]],[[10642,7797,0],[26,37,85456],[49,28,177442],[41,52,73225],[28,56,110417],[59,64,562874],[-7,36,95055],[23,39,40746],[4,18,243436],[-11,17,35276],[-15,7,105008],[-20,-5,38188],[-45,1,243436],[-4,25,63676],[20,24,88345],[-22,15,82213],[1,24,45124],[13,12,562874],[78,19,46154],[21,-5,46154],[11,12,46154],[64,14,80333],[38,4,695442],[36,37,99672],[13,42,81485],[23,25,35821],[20,32,347046],[15,70,102759],[-16,35,161441],[2,41,59493],[8,39,36234],[7,13,77796],[-5,16,64117],[25,27,35068],[0,8,0]],[[11122,8676,0],[36,-14,93554],[55,16,515588],[35,28,43145],[313,251,256117],[55,59,53672],[63,74,151932],[61,39,925012],[123,7,89636],[1,-16,89636],[37,12,39190],[17,-2,39190],[22,10,244713],[9,-19,61076],[-12,-9,36778],[-4,-19,123765],[15,10,40767],[11,-10,40767],[23,5,948145],[11,22,58342],[21,-4,58342],[87,58,132698],[45,5,58445],[34,16,132698],[15,22,41110],[0,16,434236],[67,11,102459],[83,22,40262],[37,13,43748],[92,24,137921],[42,0,414091],[22,-35,88453],[-9,-15,46617],[3,-27,144944],[43,-6,393517],[36,62,47683],[11,30,67372],[16,-7,64064],[7,36,122152],[38,14,122152],[27,70,727271],[43,5,95100],[1,-18,64867],[21,2,41539],[13,-11,245706],[54,24,115347],[63,-8,115347],[94,15,52556],[40,12,514513],[86,48,42447],[75,40,105290],[110,50,1574774],[36,61,124922],[145,183,0]],[[11122,8676,0],[-24,9,101297],[-6,32,49181],[-15,15,60364],[6,19,46291],[-11,20,98930],[-16,-5,220634],[-8,38,46453],[4,16,36164],[-5,27,92060],[-20,34,171949],[-43,5,92384],[-4,30,171949],[-57,99,125153],[-12,62,1539402],[4,19,40313],[17,26,99925],[37,10,267685],[60,-17,34429],[28,-5,110401],[34,3,40515],[26,10,88524],[25,-14,684609],[-7,30,58338],[10,38,111266],[20,-3,40867],[8,11,169585],[-7,27,35088],[-8,6,58176],[-8,52,353926],[-8,11,34574],[-31,19,34574],[-31,27,137230],[-23,48,33619],[-17,26,703795],[-3,22,45284],[9,46,102320],[32,111,245230],[10,96,97966],[-8,62,131690],[5,42,41456],[14,56,97717],[-1,71,248160],[52,72,248160],[0,25,88061],[-40,74,43112],[-5,17,427524],[38,22,74142],[22,-2,47548],[31,12,81102],[18,23,81102],[29,-6,58063],[21,14,426302],[-27,61,129172],[-73,71,2647903],[-259,68,260218],[-167,54,38846],[-191,63,172251],[-36,24,0]],[[10511,10499,0],[33,35,115099],[7,18,48865],[-4,45,511374],[21,23,51040],[77,62,155541],[17,33,77347],[67,77,155541],[146,146,61662],[91,94,33364],[5,6,332538],[106,44,40753],[24,13,332538],[47,92,57850],[17,14,57850],[0,29,96893],[27,34,2110124],[148,-28,281481],[-15,-79,184727],[64,-12,720680],[62,31,83446],[11,-2,41406],[50,15,156388],[55,-5,63396],[35,7,447438],[4,30,39177],[10,19,101532],[-13,73,283944],[25,-8,109357],[77,51,840412],[16,1,41251],[21,-15,119992],[21,-48,63784],[24,-27,173027],[20,0,40890],[47,12,166436],[13,-21,33790],[14,-37,330619],[44,4,46269],[33,10,150066],[11,-28,37959],[12,-12,115137],[45,9,2498863],[4,63,172242],[22,16,36476],[33,14,125174],[4,36,62604],[19,20,363348],[-1,36,60883],[-17,41,116187],[-2,67,79947],[-15,15,79947],[0,27,50222],[14,22,845872],[41,34,61239],[39,18,195757],[-32,53,241484],[34,18,42717],[35,27,42717],[29,14,78574],[39,33,241484],[-22,50,352304],[23,28,71603],[7,41,83210],[32,40,163345],[26,-19,163345],[12,20,63845],[50,31,63845],[69,61,127452],[6,24,0]],[[10511,10499,0],[-50,-11,46964],[-44,-2,106658],[-85,6,239602],[-25,-11,77957],[-3,-38,0]],[[11893,5543,0],[-50,-12,50012],[-18,1,35816],[-42,-8,88385],[-41,4,329526],[-47,18,49400],[-54,28,99704],[-34,48,99704],[-16,-14,45698],[-12,9,1426290],[-11,39,44932],[4,12,44932],[-11,88,310336],[-50,4,123145],[-17,18,52241],[-26,3,68726],[0,17,53735],[-27,12,310336],[-10,39,91386],[30,9,91386],[7,11,33882],[13,43,373295],[-20,10,124300],[4,47,70204],[-9,70,124300],[-31,117,52222],[-8,19,50864],[-11,69,239641],[3,53,34175],[5,22,1031456],[-34,-5,101720],[-76,34,278767],[-30,112,278767],[-40,9,155358],[-55,74,54439],[-31,34,243185],[-48,114,0]],[[11100,6691,0],[28,145,83513],[19,62,135312],[6,92,135312],[33,49,783209],[-7,12,53969],[2,26,35242],[-11,10,35242],[10,7,43222],[-5,21,88366],[14,39,57082],[-7,16,226080],[-31,3,44179],[-19,-12,44179],[-9,10,253729],[-9,79,62986],[-3,100,310183],[-45,57,60236],[-26,20,310183],[-6,209,672811],[75,153,0]],[[12399,5553,0],[-17,-13,101313],[-114,-24,71717],[-50,-4,352868],[-14,-15,43038],[-49,-67,54685],[-21,-36,54685],[-22,-16,352868],[2,-18,69531],[-38,-4,104491],[-13,16,35430],[-4,19,104491],[-47,-17,84861],[-35,9,742668],[-54,112,66727],[-19,19,47475],[-11,29,0]],[[10152,3383,0],[9,18,38450],[12,-1,38450],[49,40,62206],[53,32,51477],[16,17,503564],[13,1,34443],[45,16,50535],[8,9,148847],[31,-37,148847],[29,-13,61119],[44,-1,108325],[10,22,302102],[18,5,45485],[41,22,33841],[14,2,33841],[35,19,142775],[11,33,302102],[95,-48,921949],[37,95,67916],[7,34,260883],[-20,21,40485],[-15,4,40485],[-27,24,375324],[77,76,115707],[28,53,721238],[4,-4,45462],[70,-4,68375],[41,5,137140],[17,-7,42529],[84,-19,269279],[38,44,0]],[[11026,3841,0],[49,40,111382],[81,104,255351],[63,41,53735],[31,11,37200],[14,11,63093],[-4,17,63093],[16,8,43650],[19,-8,403006],[3,-21,87801],[-17,-43,41952],[-19,-30,68356],[-2,-24,403006],[23,18,56672],[21,-4,56672],[30,9,35005],[72,16,174983],[30,13,61734],[44,37,210782],[42,7,75708],[40,-14,133000],[43,28,2327659],[-16,43,49851],[-16,25,41345],[-21,51,344110],[15,30,48933],[7,36,188177],[61,18,49191],[26,2,355621],[-17,91,58627],[-16,124,455264],[33,31,76975],[6,31,83838],[11,5,37293],[28,30,729628],[3,25,51692],[-10,55,101965],[-18,-15,141925],[-2,30,33805],[-8,34,33805],[-13,83,57440],[4,21,57440],[-15,45,201457],[47,8,201457],[-62,117,1231289],[18,14,56580],[53,15,109111],[27,16,34882],[14,15,34882],[40,27,132632],[78,28,821673],[-19,36,71255],[-2,24,38419],[-13,43,92154],[-21,37,45717],[4,8,45717],[-30,59,537018],[5,28,57277],[24,43,101512],[19,-6,169946],[23,60,48469],[20,65,46645],[21,54,0]],[[11026,3841,0],[-10,13,39194],[-14,43,57782],[-21,28,141095],[-20,69,92118],[9,32,141095],[-33,38,771039],[-6,38,77496],[14,65,168877],[-34,83,245997],[67,115,245997],[-9,9,45255],[-31,-4,45255],[-30,9,364579],[-1,10,37487],[17,46,74466],[-2,45,116832],[27,16,107715],[-8,15,36467],[-1,27,74353],[14,24,450542],[-42,16,160403],[-8,55,88704],[42,18,86634],[1,8,38214],[-27,7,160403],[-6,40,58744],[-28,101,450542],[14,52,107510],[24,32,56488],[10,33,56488],[27,42,115214],[16,-5,44225],[23,11,115214],[6,17,47417],[-8,33,292531],[-53,12,1020891],[-11,33,33401],[-11,16,33401],[0,16,42512],[-22,74,150204],[8,22,59190],[0,66,144302],[-13,29,46525],[-21,19,46525],[4,11,150204],[-13,47,36934],[-5,35,69497],[-40,156,38843],[-13,40,38843],[-12,60,259921],[-26,41,2414264],[7,39,52381],[7,110,139252],[28,164,61229],[10,41,421380],[12,119,112612],[-2,48,46567],[2,105,208186],[-18,115,121914],[-3,54,56017],[6,45,1237033],[41,52,238948],[240,100,0]],[[9900,5540,0],[-1,23,48387],[-21,136,142572],[2,50,34940],[-1,74,303703],[-18,51,49403],[-28,63,83628],[-16,59,1875569],[37,22,39919],[17,17,96511],[-6,22,171872],[29,100,40512],[5,28,40512],[11,22,253340],[-7,42,76657],[12,18,62925],[-3,47,253340],[17,20,70343],[8,53,70343],[16,36,33980],[2,16,36445],[27,66,129989],[11,8,38521],[6,27,42529],[14,13,474028],[-7,78,90328],[-18,22,181210],[6,23,37883],[-4,19,58276],[13,9,61985],[6,63,474028],[76,13,35641],[18,5,265342],[-5,58,165893],[17,6,70179],[11,19,40417],[37,40,474028],[-39,26,49096],[-5,19,39999],[-14,4,231429],[13,53,108196],[43,37,231429],[-6,9,39186],[4,29,39186],[-6,22,90774],[11,50,60813],[-3,33,452302],[54,34,74566],[55,20,1189885],[2,23,38075],[-7,24,79058],[15,61,232504],[-16,51,83851],[-20,13,43881],[-28,34,76985],[10,9,191675],[-1,102,975837],[15,19,91804],[19,-8,40510],[4,-15,61195],[24,0,164951],[104,45,68005],[41,11,251449],[24,-18,69180],[7,-35,251449],[105,47,33403],[35,17,648509],[1,34,74472],[-23,37,207694],[19,63,111713],[27,15,53297],[15,24,0]],[[4154,20082,0],[92,142,204727],[-4,65,463104],[95,68,180384],[107,24,0]],[[4444,20381,0],[64,-76,200421],[168,-101,587471],[284,-388,379185],[70,-45,137963],[43,-69,155831],[80,-48,242367],[7,-46,98781],[38,-39,1484327],[117,23,145853],[60,41,187968],[138,-1,158556],[26,29,0]],[[5539,19661,0],[37,-14,48686],[18,-17,170342],[13,16,53037],[14,51,251993],[25,2,37535],[59,-5,158725],[73,-50,0]],[[5778,19644,0],[1,-72,227376],[-79,-43,62720],[-33,-10,227376],[-9,-31,37480],[-24,-51,40606],[-2,-21,40606],[-13,-14,409406],[-73,-19,53765],[-56,-21,304340],[-58,-71,95340],[-42,-74,917111],[31,-22,158328],[-16,-118,158328],[18,-17,40252],[9,-24,116706],[2,-82,338590],[-54,-89,0]],[[5380,18865,0],[-40,-10,49753],[-30,-17,359925],[-49,-61,132024],[-1,-58,142237],[-48,-85,80715],[-17,-8,266934],[6,-74,113014],[-22,-53,1137027],[-66,39,65880],[3,14,65880],[-44,13,393089],[-21,-40,36136],[-37,-77,63737],[-25,-36,36162],[-7,-18,393089],[-32,-22,62026],[-17,-26,40353],[-21,-18,110248],[-28,0,135876],[-58,-89,135876],[-6,40,135876],[-52,-43,99955],[-23,2,56618],[-34,-19,731173],[-16,-25,39976],[-17,-44,100964],[-37,-43,63957],[-26,-10,63957],[2,-24,307834],[-57,22,170874],[-19,-2,54882],[-7,-26,90896],[-35,12,90896],[-28,-28,254461],[-15,-71,307834],[-244,-241,0]],[[4212,17739,0],[-156,93,0]],[[4056,17832,0],[-2,99,261596],[103,204,394245],[-38,59,195566],[-1,74,100704],[21,52,931214],[-45,26,165738],[-65,-59,227393],[-170,22,1160461],[-39,74,223187],[59,85,313438],[96,-7,449040],[9,109,141985],[47,235,930186],[-43,104,190990],[-70,38,461833],[-9,190,99731],[-12,44,96000],[15,67,0]],[[3912,19248,0],[239,158,308304],[87,-7,174682],[72,50,1342836],[-134,456,297126],[-22,177,0]],[[5886,28086,0],[-3,-45,62509],[11,-43,49418],[14,-16,49418],[-14,-12,190699],[19,-28,69001],[34,-10,838723],[-107,-44,138996],[-190,-50,273228],[-3,-34,95474],[-45,-34,212725],[-22,-6,37160],[-78,-11,56432],[-26,-10,669589],[-44,20,134085],[-2,-66,143038],[47,-27,231342],[-18,-41,49466],[2,-17,134080],[-48,6,134080],[-33,-64,76052],[-21,-13,1808074],[-76,17,105504],[-72,-8,179413],[-53,-33,349851],[-107,-13,127915],[-39,20,127915],[-18,2,36963],[-128,-3,91713],[-17,7,73862],[-120,1,248166],[-83,26,501022],[-115,-26,105435],[-40,9,62134],[-45,-7,105435],[-43,-21,176974],[-104,-8,59860],[-41,3,931239],[-3,-30,52504],[-25,-99,0]],[[4230,27378,0],[-186,11,407848],[-112,-139,485346],[-563,-116,2510581],[-350,9,63483],[-1129,26,1316325],[-232,141,1092923],[-1505,78,0]],[[502,29535,0],[938,-368,72493],[469,-186,1101658],[568,-85,1663109],[449,321,1663109],[261,-293,652357],[55,-28,50476],[2,7,124259],[76,9,38369],[8,4,153261],[63,-31,412628],[25,-55,122125],[24,-10,54483],[9,-24,54728],[40,-28,237020],[51,37,224205],[27,-45,76932],[45,-41,45738],[9,-15,4515764],[52,17,124147],[39,-35,157866],[15,20,75191],[54,9,122589],[23,-21,81315],[40,11,340226],[-11,85,626753],[18,20,91532],[34,-19,51132],[5,-15,91532],[32,-9,47246],[24,5,166273],[7,-16,35812],[9,-44,166273],[36,5,83239],[11,27,48563],[18,8,270891],[7,-22,48422],[0,-50,270891],[51,-35,103718],[22,19,103718],[19,3,37391],[28,-8,41235],[50,1,590531],[28,16,68780],[43,52,253991],[40,-1,51339],[99,8,57111],[21,-3,1518296],[38,23,51053],[14,20,140554],[-1,61,234452],[-25,19,54123],[-44,16,234452],[0,42,94260],[-35,38,94260],[-12,22,36320],[4,12,53151],[-27,55,621065],[8,9,36770],[21,-4,84596],[50,-33,141158],[12,8,41819],[32,-2,50680],[18,12,197862],[30,-38,98560],[19,3,48966],[32,-16,621065],[40,24,46299],[33,11,72049],[22,-6,72049],[26,34,289146],[-12,12,52700],[-8,48,205437],[26,15,39994],[18,21,117104],[39,3,40995],[21,-5,205437],[11,10,39142],[14,35,42450],[-5,14,42450],[19,7,68712],[-3,15,1518296],[51,15,82030],[37,-12,82030],[36,13,69541],[56,-2,377885],[10,4,41072],[206,113,238179],[29,-60,238179],[109,98,879487],[31,-35,55628],[31,-50,270019],[192,-73,0]],[[5598,29228,0],[88,-199,265465],[135,-133,199849],[7,-55,979999],[-48,-81,99585],[-84,-168,47033],[-59,-113,1023712],[-5,-98,36630],[-1,-65,285093],[36,-34,172584],[12,-96,97030],[18,-61,39363],[9,-16,632994],[85,0,112050],[20,-13,70189],[75,-10,0]],[[4479,30404,0],[-382,-19,617192],[-100,-71,198875],[-49,-101,2612886],[-236,78,263395],[-323,57,981394],[-77,74,155597],[-114,57,163759],[-505,319,981394],[-1415,561,0]],[[1776,32451,0],[932,-407,72870],[466,-205,490284],[316,-130,38923],[613,-255,3520255],[34,-278,506807],[-133,-199,391025],[24,-154,1384627],[20,-3,58209],[37,22,212395],[63,-109,212395],[15,-13,72321],[78,-11,203329],[27,-33,47980],[18,-6,75755],[38,-55,425964],[74,13,327292],[16,-19,33388],[16,-30,140470],[6,-28,58351],[-11,-43,103700],[24,-8,103700],[30,-96,0]],[[8112,16580,0],[276,-222,101372],[54,-49,646884],[22,-28,35079],[27,-44,75205],[42,-82,68100],[28,-37,236951],[30,-26,50691],[50,-30,323476],[10,-13,34542],[40,-72,123366],[9,-25,39014],[3,-33,59521],[16,-35,1430766],[-22,-29,46897],[-5,-21,175545],[9,-32,73401],[33,-33,40728],[9,-18,186068],[0,-36,44171],[-9,-32,72013],[1,-60,34081],[-2,-46,186068],[29,-29,186068],[0,-51,65702],[13,-38,76393],[34,-161,114445],[0,-42,0]],[[6059,14243,0],[219,264,457469],[210,101,443334],[161,234,213735],[32,3,1750708],[168,-218,712037],[123,-41,291400],[91,29,181524],[159,-6,3583993],[177,263,328339],[99,53,1063097],[-42,78,113217],[-7,1,41318],[-32,42,77028],[-14,27,46840],[-39,54,457432],[9,52,73985],[-12,27,141595],[38,42,262992],[-20,50,66784],[-21,18,126870],[-5,42,36650],[-8,11,36650],[6,18,1678549],[28,33,68739],[3,29,150284],[23,9,48995],[37,-2,150284],[24,24,76678],[62,25,102219],[88,73,102219],[10,0,33667],[18,18,37876],[25,8,476057],[12,65,116327],[41,55,88053],[9,22,36325],[0,21,214243],[-15,38,75166],[-35,30,189591],[2,26,86911],[28,17,47767],[19,0,476057],[19,-25,99027],[56,-25,64851],[6,14,64851],[32,-32,1311501],[16,18,85251],[-5,26,47100],[6,10,37149],[-1,31,210530],[22,44,71603],[56,78,71603],[38,67,427079],[23,79,145890],[5,38,40742],[5,88,94299],[20,118,337907],[12,34,66812],[72,139,0]],[[3974,12891,0],[16,294,591194],[189,129,591194],[147,282,454881],[12,240,1606069],[443,325,645987],[222,306,0]],[[5003,14467,0],[280,179,381115],[113,-8,0]],[[1875,15812,0],[1007,100,75847],[477,46,401667],[222,38,0]],[[3581,15996,0],[146,-232,419695],[103,-52,167712],[-3,-33,135992],[41,-27,50575],[20,-3,50575],[22,-24,167712],[35,16,357513],[4,-25,72126],[46,-94,696620],[66,-7,126084],[91,-47,289804],[93,-129,262653],[97,-21,696620],[17,-117,236352],[97,-166,0]],[[4456,15035,0],[37,-221,531305],[144,-161,307826],[23,-139,267438],[96,-97,1042608],[72,55,253977],[175,-5,0]],[[4456,15035,0],[74,15,66862],[13,7,39106],[9,-12,303276],[10,24,37999],[-6,10,48258],[-3,52,76663],[11,63,376075],[28,16,41777],[5,13,59237],[25,5,79078],[34,38,229745],[23,-10,34224],[11,3,58342],[15,-15,43310],[27,-7,824415],[31,38,53724],[18,36,199625],[-4,17,56062],[19,34,69451],[-7,20,47951],[8,30,84228],[-18,-2,66938],[12,31,53548],[19,13,66938],[11,42,314178],[20,7,40731],[24,21,109136],[-16,31,109136],[13,34,78329],[36,17,165738],[9,35,79498],[44,59,97312],[9,20,35415],[13,46,504321],[47,65,40562],[23,26,145211],[58,28,0]],[[5101,15885,0],[149,-309,790629],[61,5,135806],[50,51,515595],[154,-147,204731],[15,-52,189468],[113,-27,0]],[[5643,15406,0],[6,-149,546016],[-294,-332,813935],[41,-287,0]],[[3581,15996,0],[680,250,704403],[220,193,0]],[[4481,16439,0],[165,-181,368486],[294,-221,237002],[161,-152,0]],[[4481,16439,0],[-20,236,353719],[35,558,0]],[[4496,17233,0],[555,30,449990],[124,96,449990],[200,-98,449990],[281,23,2045253],[187,-167,671484],[19,-267,164758],[-17,-29,52130],[-3,-30,110554],[12,-61,0]],[[5854,16730,0],[17,-40,50226],[11,-51,157031],[-14,-98,157031],[32,-52,374546],[-31,-314,864541],[210,-54,1658848],[-47,-244,327632],[-105,-198,737946],[-200,-138,315468],[-84,-135,0]],[[5854,16730,0],[35,17,88226],[36,41,56238],[0,14,56238],[34,21,88226],[-8,-26,320697],[21,-20,59543],[45,-15,155931],[10,-46,53205],[14,-23,320697],[16,11,39950],[25,31,152693],[31,-16,36008],[22,-17,152693],[40,42,80167],[22,-2,972314],[17,53,62164],[9,-7,62164],[28,50,52012],[5,30,51068],[17,24,116755],[30,-26,81239],[10,25,94621],[-36,35,275014],[27,37,34620],[22,24,71219],[-3,9,37472],[18,17,46907],[63,85,123313],[1,20,73051],[45,61,0]],[[6450,17179,0],[17,19,52583],[34,14,112427],[63,79,184508],[20,3,35282],[46,15,481137],[-13,191,636868],[111,58,298454],[38,44,115397],[71,138,298454],[170,129,0]],[[7007,17869,0],[178,-229,340212],[130,-268,923897],[162,-58,82800],[10,-11,295841],[40,14,44699],[78,18,2441664],[51,110,238846],[-10,25,48028],[-4,49,112905],[-29,9,297844],[29,70,59560],[3,30,59560],[19,9,59560],[25,46,42260],[3,18,616681],[37,19,82610],[10,33,82610],[19,24,45637],[85,102,34374],[77,94,1690812],[53,-4,107004],[42,15,65618],[40,-5,65618],[13,15,275938],[23,-27,91249],[9,5,40807],[39,-6,122980],[19,-40,497896],[9,13,35137],[32,26,67346],[0,25,67346],[28,-5,67346],[28,24,252018],[19,-10,115498],[95,22,71411],[19,19,51719],[21,-2,521945],[214,-59,3760021],[-70,-147,399528],[103,-139,439604],[-56,-417,1452656],[-56,-82,147838],[-52,-66,61475],[-168,-199,378411],[-150,-250,67494],[-62,-99,0]],[[8759,19613,0],[144,102,360493],[197,-2,836261],[208,-167,239559],[126,-58,1286180],[132,163,204079],[176,165,0]],[[9742,19816,0],[114,-34,237152],[18,-26,46505],[28,-21,95454],[38,-7,137671],[28,-33,55229],[9,-26,375380],[53,30,179152],[60,-41,117300],[45,5,591869],[14,-49,100249],[46,-87,35124],[21,-36,893798],[43,-5,65278],[108,3,140650],[193,18,362333],[17,5,37870],[8,-11,73181],[75,-50,1320839],[-68,-153,165452],[11,-26,38852],[-1,-21,112152],[-21,-33,43367],[-9,-31,329077],[-117,-41,329077],[-2,-35,50891],[8,-56,50891],[0,-52,1156414],[284,-6,106239],[64,-7,343968],[59,56,174093],[76,-8,3048001],[12,-30,44279],[17,-73,255003],[-14,-5,76554],[-11,-69,117007],[-42,-40,458488],[52,-65,168929],[60,-158,744595],[170,-119,45994],[8,-7,334095],[82,-13,62102],[32,2,89681],[65,-17,674488],[30,-29,150422],[9,-126,521881],[-109,46,204679],[-13,2,39346],[-42,-12,51960],[-36,2,143407],[-91,26,674488],[1,-26,39856],[-6,-45,81244],[15,-35,42951],[-4,-10,179754],[36,-41,59460],[11,-27,340179],[-65,-115,670529],[20,-41,51142],[56,-94,323178],[122,-52,93647],[29,0,1074951],[3,-38,71671],[41,-212,369767],[-52,-189,3048001],[192,-34,52400],[196,-32,228159],[146,-5,661093],[280,-77,349408],[48,-51,121677],[97,-57,0]],[[7007,17869,0],[128,237,734368],[161,67,355464],[213,-34,1575501],[187,379,544964],[-63,122,946016],[416,398,652550],[6,165,1789290],[240,110,231457],[178,47,625646],[286,253,0]],[[9742,19816,0],[72,69,0]],[[9814,19885,0],[128,93,400331],[49,3,106740],[105,-32,243596],[124,36,764715],[36,71,155532],[23,23,61358],[28,3,105114],[5,12,39640],[40,45,336311],[17,11,47952],[96,44,164904],[1,38,177687],[82,44,41393],[67,33,1102409],[176,-12,454555],[72,19,58038],[194,55,42253],[45,14,265615],[184,0,265615],[43,61,1603782],[-8,125,165087],[6,97,90699],[17,80,612241],[47,-1,57719],[76,9,154669],[76,35,3867575],[131,-71,34908],[290,-161,51483],[31,-18,33798],[149,-82,1205833],[206,-25,48891],[331,-39,473146],[191,-51,38364],[247,-64,94958],[51,-10,0]],[[9814,19885,0],[-42,78,103551],[-12,63,321536],[-114,-2,624963],[-21,-16,89525],[78,109,44914],[22,27,230657],[32,19,49991],[26,28,85445],[39,14,45559],[25,18,624963],[-2,177,141760],[7,69,91101],[20,19,136996],[-11,71,283729],[20,44,61213],[22,18,115625],[5,58,283729],[-27,58,81823],[-38,43,319573],[24,21,102137],[18,-3,45008],[27,12,47981],[41,-1,319573],[4,28,98004],[-53,10,117048],[-1,30,90557],[-33,30,49864],[-13,23,1950404],[94,76,364090],[-20,45,142755],[55,37,151347],[11,96,44088],[6,21,44088],[-1,43,149203],[26,42,551758],[-41,28,108772],[-8,14,33771],[-22,12,33771],[2,7,33771],[-21,27,74708],[0,18,454573],[232,40,192414],[55,-15,558625],[31,97,47264],[30,78,240759],[15,0,56406],[26,-33,374647],[11,112,169304],[7,24,35892],[20,43,57817],[15,17,37309],[13,31,169304],[9,58,64637],[-6,31,466335],[77,4,0]],[[10473,21883,0],[6,-46,70330],[-9,-59,70330],[7,-37,36470],[-2,-17,722713],[32,-22,111828],[22,24,83457],[41,-5,186434],[46,-60,297179],[253,-15,472081],[108,-94,41887],[21,-22,1524590],[75,0,47704],[55,-5,242266],[43,39,64207],[15,30,249134],[152,-1,865429],[100,-30,106496],[75,-18,45966],[159,-33,188752],[59,-31,400815],[466,-74,49083],[24,-3,0]],[[8010,22910,0],[90,104,67440],[65,68,163953],[143,184,705154],[98,-42,146827],[47,-7,52405],[46,2,505811],[29,18,67324],[48,53,153054],[33,60,45801],[33,48,1519931],[42,-1,69383],[35,-19,272904],[13,-59,45510],[8,-63,116632],[26,-44,356713],[-35,-46,73792],[-15,-44,356713],[83,-43,163539],[70,-89,1519931],[109,26,302143],[80,112,80959],[23,45,329412],[141,25,268395],[63,47,101194],[37,53,751502],[-37,191,371790],[119,-20,565672],[13,-7,47912],[7,-35,73883],[27,-17,64362],[20,-39,135443],[7,-48,89533],[10,-24,41740],[24,-32,403736],[13,-4,41785],[8,19,75748],[35,0,45138],[8,9,45138],[46,11,0]],[[9622,23302,0],[1,-26,56601],[-10,-45,40021],[-8,-10,142749],[16,-60,43432],[4,-35,416398],[21,-6,63290],[22,11,37131],[29,5,185339],[30,24,59409],[54,62,424553],[23,-1,60612],[28,-26,125341],[-12,-42,154306],[63,-15,310904],[13,-81,44394],[1,-32,134600],[-22,-31,1123501],[-31,1,52470],[2,-14,52470],[-40,-18,86561],[-23,-21,66590],[3,-20,52432],[-23,11,52432],[-54,-30,92478],[-46,-7,76345],[-27,-24,578623],[-2,-25,50374],[-17,-11,50374],[-24,-62,56485],[-26,-34,53165],[-4,-23,186801],[-46,-14,178514],[6,-35,44557],[-4,-33,44557],[10,2,64712],[16,-35,1866098],[58,-33,115968],[15,-1,45268],[17,20,129868],[22,-20,57674],[28,-1,57674],[23,-10,33588],[9,-12,346787],[16,11,42139],[11,-10,81668],[20,13,37374],[29,7,48707],[39,23,142357],[80,3,572539],[121,138,764198],[63,-18,92655],[112,-44,50036],[131,-48,1866098],[-51,-105,301793],[-197,-7,301793],[53,-72,578432],[-6,-19,37255],[-8,-67,67384],[2,-41,201735],[-29,-94,73580],[-12,-65,121939],[-31,-66,1322089],[61,14,67526],[52,0,135723],[69,35,346706],[214,-43,50840],[15,-1,730754],[-31,-42,202961],[20,-109,45996],[13,-55,0]],[[8759,19613,0],[-72,129,139701],[15,20,65494],[-16,25,419466],[12,5,34590],[21,-8,82524],[16,4,35281],[33,23,157129],[42,60,832602],[-91,69,293117],[-66,-47,139247],[-44,0,56393],[-36,-11,293117],[-45,75,467502],[-139,-80,832602],[-31,24,126995],[0,82,163004],[-71,44,129213],[11,30,163004],[-46,128,1860245],[-48,-18,79005],[-47,-11,35025],[-72,-13,234313],[-115,-9,109975],[-84,10,627992],[-34,35,124318],[-2,24,38032],[7,26,95033],[-18,24,33924],[-7,21,189658],[28,37,746824],[-54,52,127534],[-20,-29,127534],[-66,18,80461],[-46,-3,246919],[-13,-55,246919],[-12,-7,51295],[-47,5,139685],[-45,25,34300],[-8,8,77027],[-53,16,393852],[-88,-43,131342],[-82,-28,49672],[-39,-9,46199],[-31,-17,46199],[-20,0,336243],[-22,18,54231],[-18,36,0]],[[7196,20298,0],[-1,20,48538],[-18,1,71591],[4,37,40365],[-6,8,114949],[25,21,126329],[0,18,44313],[-19,108,116202],[11,37,116202],[2,90,71555],[-5,131,1062080],[-79,-47,251757],[-39,6,50111],[-14,12,157153],[-37,-11,49512],[-40,-1,83023],[-10,12,35012],[-16,0,83023],[-27,-22,66230],[-28,4,269408],[-20,-32,103630],[-67,-22,1062080],[-94,95,180073],[-40,23,76516],[-20,-13,164994],[-92,89,561874],[-5,10,38150],[3,40,39924],[-6,12,60108],[17,14,60108],[-20,17,60108],[-6,23,44149],[7,29,46660],[-7,21,197316],[20,27,37041],[12,27,561874],[-35,-12,87252],[-22,15,61053],[-17,-14,61053],[-28,-1,34114],[-7,6,56135],[-17,-15,42251],[-14,5,193199],[-59,40,99093],[-27,-8,4240214],[5,19,44909],[-13,16,72628],[15,40,72628],[-6,64,63085],[8,23,340532],[53,2,162690],[16,26,41751],[3,23,99626],[30,12,49250],[15,19,378752],[21,51,37298],[14,24,87190],[32,102,260022],[7,68,42658],[11,56,94650],[2,90,353074],[61,60,106474],[12,40,1483898],[71,15,63288],[56,18,41798],[85,21,213366],[26,49,44360],[14,14,163775],[67,-2,746051],[5,-43,38704],[-3,-24,205726],[22,-14,68931],[15,-22,41724],[4,-24,68931],[66,-110,1483898],[29,-3,129881],[34,88,196987],[-16,91,196987],[68,-3,196987],[63,90,53751],[14,26,140123],[-3,41,68260],[16,25,140123],[18,3,42183],[27,-13,732879],[87,23,75448],[10,-16,58314],[13,33,75448],[93,25,276321],[17,29,37771],[-2,11,71595],[25,42,39285],[20,24,276321],[70,-138,246523],[26,-20,81844],[53,1,276321],[-54,138,732879],[38,68,115844],[3,64,445123],[26,14,49241],[64,20,159923],[137,97,347826],[52,2,118717],[-12,-35,52636],[8,-12,112229],[43,6,327224],[-18,34,88206],[26,19,89207],[-17,45,127749],[18,85,1420751],[-108,103,421167],[73,192,0]],[[6878,20139,0],[10,22,47681],[28,26,163616],[101,15,198318],[60,72,269248],[11,5,45211],[67,2,83094],[13,10,35497],[28,7,0]],[[6450,17179,0],[1,18,81995],[-54,80,109947],[-8,23,34138],[-3,33,401523],[5,42,68731],[23,37,68731],[1,44,60637],[14,17,309241],[-19,81,40998],[-6,38,105194],[11,8,94823],[-2,34,36164],[-9,45,53867],[-15,-5,53345],[5,33,928013],[21,32,78120],[69,61,78120],[10,20,33306],[18,18,204725],[16,0,42172],[30,17,93603],[18,17,36248],[51,38,928013],[4,17,68135],[-33,41,68135],[-3,31,412585],[12,20,33915],[15,41,65785],[31,45,198471],[16,48,63090],[-5,23,55406],[16,23,55406],[13,47,36821],[12,31,53467],[9,47,235557],[45,49,429458],[10,27,49473],[2,47,97212],[-13,46,97212],[4,35,36364],[1,77,1459265],[-45,79,51085],[-11,28,76807],[-30,40,40164],[-12,24,236382],[-85,59,0]],[[6580,18835,0],[67,61,193343],[21,107,547215],[-48,154,74416],[-16,68,307580],[7,45,75503],[1,71,52104],[-6,26,75503],[6,64,928638],[24,84,139738],[45,73,42061],[21,26,210557],[17,68,36478],[35,117,292477],[62,63,292477],[19,42,84786],[20,94,36215],[1,17,101266],[20,38,172791],[2,17,39406],[-13,15,40891],[0,24,82691],[13,30,0]],[[6580,18835,0],[-70,-5,101669],[-65,5,34238],[-100,5,172435],[-31,21,311544],[-80,-27,100532],[-67,-3,148098],[-31,31,148098],[-19,-5,64595],[-36,-43,109988],[-23,15,425503],[0,84,41832],[-8,6,41832],[10,24,41832],[-1,28,277829],[-62,52,90059],[-23,-2,425503],[-12,-19,46575],[-17,-57,86564],[-4,-49,121460],[-22,-44,39291],[-12,-14,1000006],[-25,-7,33588],[-24,-14,100617],[-26,-2,50842],[-3,17,50842],[-23,-5,176205],[-22,46,349530],[-12,-1,42784],[-6,-24,47270],[-21,-11,47270],[-18,-33,41755],[-6,3,105140],[-19,-46,265867],[-47,-2,56939],[-46,9,546412],[-45,-223,546412],[-106,38,185231],[-59,-31,120376],[-40,16,1000006],[11,48,41679],[1,32,123946],[39,55,281844],[2,20,45201],[-13,50,109040],[6,59,46280],[8,22,178229],[-33,11,0]],[[5778,19644,0],[107,20,98236],[56,15,51561],[37,17,452596],[-6,21,39835],[6,20,161634],[101,44,230903],[55,-30,57330],[19,-2,230903],[5,69,121692],[35,27,281017],[104,33,99228],[28,-6,255461],[52,32,76551],[98,78,842182],[17,97,95435],[-6,11,35048],[0,34,312545],[62,75,123000],[35,72,52545],[26,40,842182],[55,-29,86937],[122,-41,272727],[31,-60,124257],[61,-42,0]],[[4496,17233,0],[-284,506,0]],[[1660,17210,0],[549,101,103549],[458,84,40887],[475,86,71188],[346,62,1488737],[232,60,459777],[336,229,0]],[[645,21494,0],[954,262,73002],[474,128,1212468],[417,-51,0]],[[2490,21833,0],[253,-432,34662],[185,-317,0]],[[2928,21084,0],[13,-271,312763],[73,-332,1154057],[197,-297,581732],[76,-246,340057],[217,-470,1844432],[155,17,511309],[81,-100,237215],[88,-1,303497],[84,-136,0]],[[2928,21084,0],[115,-39,552941],[60,-166,160400],[52,-45,160400],[-9,-70,362349],[62,7,186540],[71,-81,362349],[-48,-129,1467016],[58,-65,152538],[141,-97,586285],[224,-66,377218],[500,-251,0]],[[5539,19661,0],[39,126,299755],[58,61,135363],[86,42,553661],[113,-69,226494],[67,30,1088720],[8,150,245350],[-46,343,1607070],[-48,-6,44840],[-13,6,43949],[-19,-16,197432],[-11,18,76077],[-40,24,40178],[-37,17,197432],[-59,13,97478],[-26,-1,41555],[-27,-12,675531],[-24,28,61485],[4,12,43127],[-20,20,43127],[-7,22,61853],[-40,59,42552],[-29,49,108855],[6,13,84579],[-52,79,1607070],[5,21,74444],[23,-11,48341],[18,8,96689],[28,43,173940],[38,-33,258053],[1,8,42615],[34,1,96500],[19,31,35495],[4,16,158341],[14,11,34254],[15,-1,34254],[18,11,55877],[60,16,181654],[35,51,847688],[-3,137,66552],[-5,9,375763],[-90,7,250817],[-17,48,95407],[-34,32,62731],[-20,37,847688],[39,69,57009],[14,38,129803],[31,9,129803],[13,14,44185],[26,51,99219],[-4,34,355515],[-22,9,56061],[-10,17,35779],[-24,21,318734],[57,106,103505],[9,57,103505],[35,38,607990],[-80,130,0]],[[5649,21704,0],[63,67,142159],[33,86,0]],[[5745,21857,0],[44,49,216840],[12,-12,81805],[24,-84,55774],[2,-31,244524],[29,-18,118911],[32,2,49970],[58,18,939830],[7,51,43559],[13,20,43559],[-4,16,74674],[17,42,274368],[83,37,64758],[19,17,184908],[20,63,274368],[20,35,54350],[44,52,54350],[48,71,148895],[45,30,148895],[3,25,60769],[27,28,60769],[13,40,49402],[19,28,1039616],[35,22,58915],[29,32,43639],[23,15,233133],[43,-65,233133],[71,42,150037],[26,-7,86694],[90,25,315718],[53,-30,53950],[25,-5,1336674],[27,21,58128],[55,61,112070],[2,35,95996],[34,10,68895],[10,25,345048],[30,-10,54946],[5,-17,138239],[34,4,46786],[15,11,43058],[36,6,345048],[33,41,80201],[51,33,111312],[109,120,222590],[56,15,578651],[21,46,62493],[32,40,146863],[32,31,42457],[53,41,189889],[14,23,35255],[37,76,477901],[19,17,47999],[32,9,100708],[20,-21,242950],[23,33,44092],[66,105,254958],[103,34,50138],[7,-2,0]],[[7671,23152,0],[108,-81,37997],[81,-63,137833],[97,-62,35503],[53,-36,0]],[[5843,22700,0],[26,32,47043],[18,10,63687],[40,56,57644],[19,13,193913],[11,-23,57369],[23,1,227582],[9,30,77894],[36,12,77894],[36,42,64086],[16,-5,55116],[16,25,126150],[-3,15,40985],[12,29,67277],[17,2,344607],[8,-16,41285],[-5,-32,40974],[7,-9,108306],[32,5,239402],[27,27,44767],[16,26,69636],[34,18,69636],[17,30,918781],[8,56,58472],[13,27,58472],[-5,21,43661],[12,12,43661],[13,61,287362],[30,3,92683],[17,26,52575],[-3,21,111135],[43,5,335661],[9,16,48521],[-2,37,52269],[13,42,67855],[2,49,86774],[19,68,0]],[[6424,23432,0],[75,-2,458795],[22,97,52109],[31,118,247655],[57,123,56427],[45,105,795959],[46,-21,304238],[184,104,209034],[89,88,1767043],[115,-56,337600],[97,-206,530548],[64,-46,171594],[115,-23,143013],[20,-25,87255],[20,-12,34033],[16,1,34855],[18,-13,34855],[12,2,0]],[[7450,23666,0],[-30,-89,192394],[-6,-92,42660],[-12,-142,37852],[0,-10,783711],[75,-119,342097],[76,-26,48949],[118,-36,0]],[[5745,21857,0],[-28,18,53266],[-23,-2,207918],[-28,85,36747],[-19,63,654495],[34,11,37817],[14,11,231125],[9,54,64090],[13,10,64090],[1,21,41202],[15,49,119506],[15,23,40975],[25,56,231125],[38,49,47875],[49,55,654495],[11,59,48939],[4,53,155202],[-16,75,128151],[-3,90,82652],[11,37,220635],[-24,26,0]],[[4444,20381,0],[36,91,322716],[85,52,165679],[124,24,486210],[447,455,832309],[162,5,208342],[69,44,1619395],[85,136,128092],[49,107,492962],[-22,42,146097],[46,69,221533],[-40,58,157168],[-5,58,64043],[8,36,635014],[161,146,0]],[[3694,22358,0],[649,-441,429096],[236,-103,429096],[193,-208,3534730],[56,22,81480],[52,39,179777],[11,-13,40329],[30,-12,250201],[50,32,66791],[42,14,120514],[32,56,107007],[33,2,936961],[2,120,67673],[7,17,232195],[-28,41,48837],[-44,75,232195],[7,7,48550],[60,5,321219],[-20,29,37960],[-3,16,67229],[-31,32,164545],[-12,51,67945],[6,35,1445254],[88,64,134441],[4,35,81081],[32,24,445315],[133,-53,66495],[54,-17,869120],[150,187,150326],[19,47,41620],[14,17,509936],[19,3,59460],[33,34,98322],[57,10,266883],[104,148,321668],[2,9,38765],[17,-38,155207],[18,2,59530],[11,21,37490],[19,14,71967],[1,24,57464],[22,-16,57464],[11,14,35815],[13,-3,0]],[[2490,21833,0],[53,217,0]],[[2543,22050,0],[315,-63,493908],[158,-67,228803],[149,-117,672512],[176,15,127257],[96,-7,2007030],[-49,146,281612],[73,40,487902],[-77,77,84565],[-34,40,37975],[-67,73,734483],[1,14,47575],[-24,33,58003],[-3,28,121780],[16,1,39187],[9,16,219324],[50,-47,41373],[9,-12,33878],[25,-13,219324],[22,43,124049],[14,1,48556],[37,31,48556],[28,11,1050625],[-35,20,75912],[-48,14,42491],[-31,3,275586],[11,70,74861],[-7,34,378950],[-78,17,116467],[-154,60,378950],[-2,99,0]],[[3123,22610,0],[348,-80,510543],[223,-172,0]],[[2543,22050,0],[-380,551,593278],[3,144,0]],[[2166,22745,0],[394,-74,334437],[347,-11,304824],[216,-50,0]],[[351,22562,0],[955,257,72164],[471,126,389887],[113,13,0]],[[1890,22958,0],[276,-213,0]],[[3694,22358,0],[72,97,193038],[-11,52,147587],[30,23,94362],[0,63,90107],[20,-1,425063],[0,40,51448],[-8,16,35826],[-6,43,51448],[2,22,101734],[-18,43,381414],[27,4,69812],[-2,28,86541],[53,21,198901],[1,8,36824],[33,43,91257],[-7,35,37754],[3,15,77824],[19,12,294488],[-19,26,63098],[-10,46,2429805],[17,57,107848],[48,19,88986],[-1,26,194155],[69,18,194155],[44,47,35538],[21,19,78922],[19,33,58953],[18,-2,58953],[8,30,498951],[17,-11,37711],[30,-7,161425],[68,14,65949],[67,24,320955],[39,32,64312],[7,22,152286],[-32,29,42112],[-3,11,152286],[34,10,35183],[9,9,91266],[44,-12,972591],[18,-18,37065],[13,-25,111441],[-5,-57,151344],[25,-34,60057],[12,-38,60057],[18,-14,52740],[13,-37,972591],[33,6,41123],[44,17,144555],[41,-11,59583],[13,-17,144555],[37,0,68171],[51,20,415385],[43,55,91852],[52,34,43700],[11,14,323449],[64,13,85700],[10,10,44066],[40,9,44066],[36,17,150624],[59,-5,515981],[-7,-45,101142],[28,-46,324731],[60,12,113196],[43,20,45722],[66,37,1515792],[53,50,34740],[33,33,130030],[50,67,34682],[45,56,171921],[105,98,37512],[37,37,0]],[[5537,23620,0],[107,17,368246],[69,-120,281955],[45,-10,74791],[41,-16,37216],[51,-25,861284],[14,50,53720],[16,23,131101],[55,42,360057],[121,54,96582],[130,44,1043538],[37,-65,196145],[108,-112,35218],[21,-25,35218],[45,-43,165814],[27,-2,0]],[[1890,22958,0],[203,264,185252],[433,587,1921576],[531,210,1027289],[209,276,748232],[401,176,489324],[193,179,0]],[[3860,24650,0],[271,-224,626783],[291,-8,733757],[226,-248,0]],[[4648,24170,0],[161,-41,556030],[292,234,655861],[297,107,486076],[89,-95,2003377],[-10,-31,61165],[-31,-40,61165],[-18,-42,75642],[-31,-24,69630],[-3,-28,267410],[69,0,267410],[20,-12,39728],[8,-17,79789],[-5,-32,156263],[-49,-40,156263],[-6,-24,38126],[4,-22,76206],[-25,-36,69513],[2,-30,687012],[45,-53,112853],[45,-98,122819],[10,-70,122819],[39,-25,367898],[4,-24,56459],[-14,-38,56459],[-4,-69,0]],[[56,25473,0],[994,-50,72632],[498,-27,1677482],[713,199,539370],[390,43,0]],[[2651,25638,0],[111,-63,233708],[236,-56,0]],[[2998,25519,0],[56,-130,446878],[275,-62,671415],[20,-232,671415],[191,-97,262055],[192,-157,500438],[128,-191,0]],[[2998,25519,0],[284,24,303360],[20,54,303360],[19,-1,38912],[81,7,33446],[35,0,83848],[70,12,175684],[23,14,60630],[73,19,533687],[9,33,94353],[-8,138,533687],[69,5,125295],[106,-28,298571],[36,-24,86191],[19,-21,35986],[16,-31,55103],[22,1,51205],[0,-20,642943],[38,-3,86042],[30,17,45503],[36,8,160728],[3,13,33639],[-9,17,45183],[9,11,213962],[62,11,112502],[13,11,33613],[34,13,64503],[24,-2,64503],[18,26,117047],[65,-1,117047],[60,34,2375621],[14,-55,51100],[2,-34,171956],[-13,-20,45700],[-32,-26,425953],[12,-18,87795],[62,-42,60296],[55,-29,199820],[50,-84,858995],[33,-22,86916],[40,-8,34028],[28,-1,258346],[31,19,82091],[15,33,57218],[27,27,197866],[67,-15,682363],[7,-64,77977],[19,-24,41576],[2,-16,215165],[55,6,78716],[19,-16,239428],[11,-56,46136],[5,-53,399506],[18,-25,68183],[50,-27,155490],[76,-1,0]],[[4908,25305,0],[-2,-59,83420],[-11,-51,42988],[-10,-18,195294],[36,-73,327435],[-17,-17,100218],[1,-93,156736],[-43,-56,123729],[-8,-22,41961],[3,-18,33755],[-6,-31,524759],[8,-1,49771],[7,-27,34069],[-1,-25,71113],[17,-6,111832],[10,-82,114988],[33,-64,1079843],[-8,-52,154747],[-60,-32,65633],[-24,-24,294733],[-13,-123,109775],[-38,-27,53373],[-5,-15,109775],[32,-14,374652],[-26,-27,49053],[-37,-21,65095],[-23,-28,183330],[-75,-129,0]],[[5935,25591,0],[40,-16,106037],[127,-15,71812],[11,-8,36771],[36,-4,203516],[-3,-16,62630],[37,-24,138610],[43,40,138610],[16,4,47991],[62,-5,921560],[9,34,42645],[24,53,211742],[28,-15,42431],[44,-13,279890],[15,36,45348],[15,13,115579],[14,54,62850],[-6,29,33705],[4,11,290052],[27,-11,127125],[25,16,35825],[74,41,236440],[39,86,1520518],[289,21,294053],[210,-33,420333],[150,54,254683],[178,-5,623141],[-12,-71,248314],[116,-133,623141],[78,98,160231],[50,41,61793],[23,31,86816],[14,2,47327],[38,33,623141],[24,3,35419],[54,17,108335],[16,-7,43113],[45,-1,117989],[50,18,51943],[28,19,117989],[23,-18,117989],[20,7,33377],[14,14,71823],[24,-10,71823],[40,1,35212],[36,6,0]],[[8124,25968,0],[11,-29,81955],[-5,-16,34315],[4,-23,47285],[-10,-30,120102],[35,4,111460],[8,-32,69925],[-19,-27,459465],[24,1,43768],[28,-13,133574],[35,-35,39797],[8,-21,38626],[17,-13,133574],[49,-17,49743],[17,-14,41908],[32,-11,92231],[16,-25,54354],[22,-5,1180559],[-24,-49,79403],[-58,-76,594230],[-32,28,129271],[-52,-39,163080],[-111,35,375737],[-34,0,47070],[-45,-11,100276],[-31,-25,108265],[-166,-35,74645],[-22,-10,1498540],[20,-43,71945],[-4,-34,220547],[100,3,268327],[459,-196,1550168],[-55,-141,205028],[-63,-67,122444],[-19,-28,49727],[-29,-64,509586],[23,-28,74469],[41,-11,305340],[-11,-22,73258],[2,-46,51079],[-7,-44,85264],[-18,-22,85264],[-6,-44,35363],[0,-32,445845],[-15,-16,34991],[-32,-23,142498],[-66,-124,0]],[[8141,24498,0],[-323,167,246761],[-207,136,2013190],[-59,-163,116671],[-19,3,116671],[-7,-20,34499],[-7,-51,57643],[-15,-38,551403],[73,-274,551403],[-61,-93,212187],[-8,-83,127406],[-44,-115,429880],[26,-204,257621],[-8,-22,34364],[-9,-46,79845],[-23,-29,0]],[[4908,25305,0],[67,9,99531],[37,-4,53577],[-2,-12,75042],[46,4,261252],[76,-27,48227],[63,-27,76437],[86,-26,408258],[57,-55,88564],[87,-60,408258],[47,18,80334],[-8,14,48088],[20,12,150382],[38,-33,150382],[16,8,36812],[36,31,38699],[14,5,1456799],[-4,15,35195],[2,45,73575],[10,1,47053],[-7,37,47053],[9,48,288029],[53,7,147813],[-3,67,147813],[26,26,45265],[25,39,561676],[44,3,97737],[27,19,33350],[44,23,192631],[44,49,99785],[-17,4,42491],[37,9,42491],[57,37,0]],[[10520,24459,0],[113,-232,0]],[[10633,24227,0],[-26,-79,169374],[18,-124,460265],[-44,-8,179395],[-42,-40,76536],[-87,-103,1195552],[-106,1,55756],[-114,-3,120987],[-161,-13,628820],[-47,-20,52554],[-47,-10,95803],[-52,-32,157265],[-71,-3,67120],[-57,-12,157265],[14,-29,228560],[-24,-14,34069],[-10,-14,55257],[-28,-8,72890],[-42,-39,1368790],[9,-78,132985],[35,-31,48686],[6,-17,430458],[-19,-7,37396],[-29,-23,86272],[-19,-37,155393],[3,-20,38351],[14,-20,197486],[-22,-27,72694],[-37,-18,54716],[-32,-28,260500],[1,-21,42502],[-13,-29,82488],[18,-19,0]],[[8141,24498,0],[106,-54,429112],[413,66,789376],[104,103,254606],[200,96,1493770],[58,170,292328],[16,284,3167341],[237,22,537124],[202,-178,626055],[449,-17,366200],[155,-55,1565033],[102,-161,331364],[43,-240,816298],[156,-24,165789],[138,-51,0]],[[8124,25968,0],[32,22,69260],[93,88,211199],[67,39,85581],[70,23,407354],[24,119,503000],[-7,21,79859],[27,17,39321],[16,1,85990],[59,86,39928],[34,45,157601],[47,21,131034],[14,41,84707],[43,44,330497],[-4,31,33812],[-12,12,33812],[14,1,85473],[27,18,85473],[12,39,42359],[17,30,71817],[28,23,71817],[8,37,330497],[42,42,46089],[47,54,67336],[47,42,52393],[44,47,807843],[49,32,133892],[43,-6,59702],[48,7,1115326],[29,50,143021],[50,36,50435],[54,30,232388],[30,46,37591],[19,21,113915],[-4,38,248720],[81,66,36159],[59,50,302514],[40,82,51282],[14,39,169509],[60,47,569850],[16,51,47823],[59,213,569850],[30,37,37231],[84,111,260487],[159,109,0]],[[9833,27970,0],[42,-196,443176],[178,-76,1065165],[-11,-120,85267],[5,-49,271101],[67,-77,347936],[45,-124,172711],[-11,-17,36870],[-19,-9,172711],[8,-183,135592],[15,-87,62548],[11,-24,112448],[-2,-67,720363],[-58,-30,161368],[-34,-92,497312],[65,-28,136350],[27,5,34119],[36,14,136350],[91,-18,86076],[17,13,86076],[65,-25,618943],[3,-14,53004],[-26,-40,61661],[0,-29,77198],[-27,-54,224175],[1,-30,48445],[13,-23,85921],[-12,-35,73336],[10,-43,3404482],[56,-36,36026],[36,-19,36026],[136,-80,47688],[22,-15,650500],[37,-80,137457],[15,-115,162813],[48,-95,412601],[29,-22,81912],[41,3,46791],[16,-8,214000],[53,-102,1208443],[107,-33,161438],[37,28,196569],[39,-14,33832],[20,-12,46079],[34,-8,113206],[53,0,76442],[53,-17,278909],[34,-48,92197],[-17,-57,91028],[25,6,278909],[29,31,40100],[13,6,40100],[50,44,1208443],[29,-40,180098],[122,-94,66668],[173,-128,752418],[-2,-27,104323],[27,-95,68330],[25,-122,144174],[9,-23,33400],[10,-45,52766],[21,-25,50273],[-4,-14,1038179],[23,-27,35004],[-4,-5,40542],[31,-36,116621],[21,-9,67918],[61,-60,454658],[113,5,55526],[124,2,0]],[[12077,25126,0],[-52,-94,317209],[-201,-115,261994],[-98,-112,1288174],[-299,150,732200],[-137,-44,350552],[-39,-157,732200],[-594,-98,1087483],[-137,-197,0]],[[10633,24227,0],[64,2,36156],[35,-3,69758],[13,10,64186],[38,-6,42988],[26,3,357678],[10,-16,67284],[-12,-23,46055],[0,-28,113495],[17,-46,55495],[12,-2,643671],[72,57,61705],[113,97,367230],[138,-2,852005],[84,-137,53837],[26,-46,513130],[282,-88,765460],[78,23,48047],[20,1,170291],[28,26,48778],[14,27,126218],[27,8,36797],[20,-3,64929],[17,16,3006773],[-33,-92,195580],[-3,-67,92225],[17,-83,352947],[27,-33,146445],[10,-40,35597],[29,-133,822409],[21,-1,53391],[27,-24,57297],[28,-2,39265],[14,-10,265523],[19,16,56235],[38,4,57941],[45,19,40055],[22,17,40055],[25,7,1136819],[196,-178,338874],[128,-22,487607],[108,-116,158815],[236,-215,642427],[161,-193,222693],[96,-152,39194],[39,-59,610015],[113,-60,60412],[118,-56,0]],[[12077,25126,0],[77,42,108122],[87,24,572641],[41,-72,95587],[13,-54,54284],[15,-17,39285],[1,-16,385681],[-25,-24,120770],[-52,-142,899651],[143,-1,216156],[40,-17,77443],[146,-40,187289],[86,4,686538],[91,-140,307130],[156,-74,2965441],[223,39,200796],[238,20,51475],[104,11,916618],[69,49,358482],[-51,89,199879],[-99,20,195834],[-23,68,916618],[181,109,290691],[125,-6,290691],[104,39,166498],[51,62,862668],[18,176,401985],[158,44,401985],[-60,73,186365],[13,78,681554],[112,44,174233],[103,-4,0]],[[12077,25126,0],[-83,69,128457],[-104,53,1207760],[60,49,36688],[44,39,183198],[62,35,79682],[59,8,79682],[12,18,584716],[-5,20,33450],[-30,80,102109],[3,30,33455],[-3,21,78586],[-18,22,52101],[-1,25,584716],[29,34,50698],[21,5,50698],[15,23,290779],[13,46,49504],[-7,9,55732],[13,33,35328],[3,23,101107],[-10,17,47267],[20,1,47267],[16,40,181642],[-15,8,48854],[12,20,48854],[0,28,36991],[-9,16,425088],[24,20,36273],[20,25,44245],[8,-2,35204],[15,19,128409],[22,1,49082],[18,18,49082],[31,7,192717],[0,22,35514],[10,15,50756],[20,6,50700],[-1,22,103746],[18,15,33826],[19,7,425088],[4,24,39899],[-10,9,39899],[7,16,35558],[-6,16,65128],[9,21,116414],[-24,39,1545827],[20,2,39194],[8,-12,56397],[33,7,57674],[54,-12,101985],[63,6,154809],[30,-8,44249],[5,-12,71539],[32,-7,34055],[22,1,223537],[22,-26,71446],[-2,-34,223537],[23,0,50856],[9,-18,85610],[11,9,37070],[17,-7,40101],[18,10,159454],[42,50,1538987],[-7,25,47979],[-22,31,72181],[-17,4,100480],[-3,24,36093],[-11,30,473822],[157,201,53027],[34,40,473822],[-29,53,160420],[55,44,174603],[-14,36,70543],[9,35,73369],[-20,22,73369],[16,30,46326],[-8,5,611174],[-46,53,38220],[-111,123,611174],[106,122,211683],[94,40,4633759],[170,-78,33858],[77,-37,390497],[79,17,138974],[125,-13,888361],[18,73,246098],[98,6,92033],[44,17,246098],[13,34,53825],[4,43,204853],[98,43,1328274],[102,-43,158145],[49,-44,41122],[50,-39,177840],[210,-106,896824],[596,-21,0]],[[9833,27970,0],[-11,99,344031],[176,189,0]],[[9998,28258,0],[181,197,490226],[119,56,234981],[34,22,34722],[75,53,38878],[111,73,61660],[138,96,1236387],[79,109,36540],[142,195,36540],[27,38,84850],[141,190,63845],[218,300,1494911],[72,70,224334],[155,63,60331],[59,28,356545],[95,80,42062],[108,87,80103],[16,16,49945],[136,114,356545],[111,34,0]],[[4805,26581,0],[-55,-19,135825],[-45,-70,348970],[-235,-10,348970],[-193,-84,301268],[-290,-49,944595],[-38,-188,944595],[-179,-14,401523],[-600,-194,916253],[-245,-201,410365],[-274,-114,0]],[[4230,27378,0],[150,-37,303976],[466,-14,1185861],[41,-156,573326],[69,-8,226079],[77,-77,154142],[121,-38,149788],[-2,-29,257013],[42,-6,48428],[35,-14,65528],[68,-8,257013],[-4,-73,1895252],[-10,-11,59265],[-45,5,62709],[-27,-15,76404],[-28,-5,35764],[-34,1,154733],[-5,6,36146],[-15,-21,36146],[-31,-21,84890],[-46,-10,154733],[-42,20,154733],[-111,-22,108099],[-75,1,870892],[-43,-84,245172],[8,-47,67833],[20,-28,141335],[-6,-43,53224],[2,-63,0]],[[4805,26581,0],[48,-1,100289],[78,-37,264652],[302,0,1532066],[115,-63,253415],[-20,-36,34260],[-10,-29,144446],[-14,-1,38580],[7,18,63313],[-38,-1,253415],[7,-31,43393],[-6,-19,105993],[38,-48,163086],[-4,-30,47547],[-15,-21,150138],[22,-28,87763],[13,-74,652307],[100,1,159951],[32,-40,129420],[39,-10,65193],[10,15,45024],[18,-5,652307],[9,-23,41753],[25,-34,85847],[5,-43,173397],[32,-2,108686],[54,-63,173397],[-6,-29,49754],[8,-29,386902],[32,-13,103407],[32,5,55591],[37,22,107175],[52,-11,386902],[6,-42,84516],[-23,-32,95921],[16,-4,53687],[-4,-28,152549],[-21,-35,38821],[-17,-18,391478],[56,-45,44483],[13,-15,167132],[21,1,34034],[30,10,66031],[22,-10,297374],[15,-47,60652],[21,-25,108463],[-7,-40,0]],[[9509,28935,0],[53,-65,99862],[20,-57,238656],[-16,-108,161873],[5,-26,59485],[27,-21,678999],[126,-19,341084],[8,-35,53291],[-7,-33,53291],[3,-83,341084],[198,-169,37972],[72,-61,0]],[[5886,28086,0],[43,2,37922],[18,6,130773],[51,35,67656],[60,26,290194],[23,31,45741],[44,75,303556],[26,3,34365],[45,14,116973],[117,58,592102],[133,-39,494050],[121,45,112919],[94,45,42049],[96,42,277854],[50,62,2110322],[61,-1,64980],[25,-11,73909],[34,1,41016],[88,-7,195961],[128,-40,70617],[34,-4,539739],[53,16,60725],[4,12,116175],[97,9,218920],[27,24,64937],[11,36,539739],[74,1,82755],[139,12,45530],[23,6,45530],[52,0,364654],[40,-39,89394],[65,-30,428774],[42,-6,59589],[59,4,183384],[62,53,199837],[24,-10,72947],[80,2,903473],[-6,-39,158641],[19,-28,70478],[46,-25,112905],[19,-24,46229],[5,-27,305928],[-17,-43,68118],[-36,-49,533668],[27,-13,42439],[42,-32,89321],[56,-18,145582],[16,8,45616],[33,-9,44158],[10,7,91184],[24,-20,903473],[107,244,224548],[-17,36,155601],[33,20,37707],[55,27,903473],[65,-5,132524],[13,6,37066],[97,29,183146],[146,-11,53491],[46,-1,183146],[47,26,581835],[19,-58,106606],[56,-70,581835],[12,-5,44754],[40,13,53240],[26,-5,52191],[10,15,52191],[39,11,256750],[-2,30,45989],[-12,10,122807],[45,11,105250],[9,19,46988],[-10,21,267133],[70,30,86123],[29,2,61227],[72,24,2110322],[20,17,51173],[124,118,261657],[52,129,162582],[51,45,0]],[[4479,30404,0],[27,1,164056],[320,178,1644209],[182,-67,279147],[217,-10,279147],[628,-144,1183307],[222,-243,450423],[167,-94,202880],[39,19,0]],[[6281,30044,0],[48,-66,77375],[41,-63,33962],[97,-148,1053714],[-9,-42,103474],[-45,-140,37904],[-59,-173,577166],[-49,-65,186286],[-154,-90,1623116],[-195,8,245693],[-120,-14,68358],[-238,-23,0]],[[1219,31221,0],[59,138,0]],[[8633,30641,0],[-2,-3,35610],[-84,-10,358196],[-13,-27,85859],[12,-22,37873],[-6,-9,37873],[6,-33,136670],[-15,-40,46575],[-21,-33,192787],[18,-86,1043722],[-141,5,80144],[-42,-5,74464],[-43,16,243162],[-44,51,149282],[-74,2,243162],[-51,-60,243162],[-16,-7,38515],[-28,3,85508],[-76,20,148729],[-79,-26,148729],[-12,6,49598],[-8,36,132590],[-59,-21,1295146],[6,-23,56077],[-22,-12,56077],[8,-20,147042],[8,-100,49216],[0,-54,83464],[12,-53,33467],[3,-33,74832],[0,-56,0]],[[7870,30047,0],[-73,3,173856],[-168,-63,173856],[-236,-50,1031194],[-169,118,594616],[-651,110,1001915],[-164,-32,252868],[-128,-89,0]],[[7870,30047,0],[5,-54,154420],[64,-13,44697],[9,4,174560],[-14,-57,174560],[59,-5,129409],[15,-49,375765],[-37,-147,315725],[80,-59,97349],[9,-26,1946099],[78,-39,104439],[60,-8,197657],[44,31,197657],[139,-26,68312],[26,-15,68312],[29,12,68312],[29,-5,37701],[14,-10,181077],[31,0,49448],[159,-13,437894],[55,-18,60097],[5,-12,111251],[38,-6,40020],[74,-17,153203],[-9,-17,110523],[16,-8,41812],[41,-3,75468],[8,-15,53283],[35,-8,437894],[87,-4,58906],[35,-13,49277],[22,3,205469],[90,40,749537],[145,134,38622],[49,44,711623],[119,-24,64300],[103,-14,389421],[54,-54,134990],[14,-71,2578502],[-14,-58,75040],[-27,-48,194493],[-67,-22,196144],[-37,-70,36982],[-57,-101,667912],[44,-128,34750],[10,-33,170362],[7,-110,0]],[[23985,40715,0],[-162,-2,36884],[-26,-5,36884],[-37,3,388358],[-72,-59,51201],[-65,-59,1477530],[-15,-48,88522],[10,-43,42985],[-3,-21,284664],[121,-54,619200],[2,-80,62477],[10,-46,147483],[-8,-51,38712],[-9,-18,38712],[-4,-35,238536],[31,25,54534],[13,-7,238536],[7,-33,35521],[6,-49,61911],[24,-102,102668],[5,-76,124725],[32,-166,40714],[31,-152,0]],[[23876,39637,0],[-226,25,683417],[-135,159,113400],[-198,209,113400],[-14,25,686542],[-59,31,49295],[-61,24,38518],[-28,15,161000],[-17,-10,78284],[-71,22,386316],[-375,226,45214],[-40,24,1230252],[52,130,168838],[84,108,129119],[-3,30,68482],[23,30,1230252],[-49,65,137952],[-85,40,114233],[-4,16,37259],[-21,23,533435],[-45,-20,40550],[-37,-10,196348],[-10,-21,53930],[17,-16,117220],[-27,-18,62216],[-11,-28,37366],[-16,-16,318062],[-20,-6,44167],[-23,10,36437],[-15,-3,99480],[-15,19,49127],[-30,11,595918],[15,44,114022],[-30,9,52347],[-2,-12,37396],[-20,2,114022],[-13,27,35356],[0,16,109440],[-17,1,56529],[-41,33,223452],[-4,29,34678],[-19,77,595918],[-8,-6,38170],[-27,12,39810],[-107,29,306144],[-58,-37,90571],[-42,-51,0]],[[22044,40904,0],[-87,-15,250428],[-250,81,570464],[-108,120,291259],[-222,110,0]],[[21377,41200,0],[59,288,317579],[124,311,0]],[[21560,41799,0],[188,57,335170],[465,244,997936],[440,100,366748],[477,54,0]],[[23130,42254,0],[223,-156,0]],[[23353,42098,0],[-39,-189,694287],[157,-232,83175],[46,-61,526896],[-13,-24,74971],[13,-24,41626],[1,-24,140379],[-21,-10,67204],[-13,-33,33626],[-12,-16,414997],[23,-23,86145],[48,8,170306],[32,-44,58497],[0,-33,58497],[18,-4,305067],[-22,-41,70160],[4,-33,157798],[39,-77,1030119],[-35,-13,55534],[-5,-18,165121],[73,-5,74007],[52,-16,173025],[17,-44,66375],[23,-9,66375],[2,-34,248934],[-40,-14,76150],[-27,-22,44062],[1,-11,76150],[117,72,224255],[28,-46,101818],[82,-71,610810],[-54,-121,385718],[5,-26,38153],[14,-28,83582],[40,-50,155676],[62,-51,34208],[16,-16,0]],[[26873,44781,0],[-24,67,331939],[-27,16,38799],[-18,1,38799],[-50,18,138368],[-31,6,53844],[-61,-7,226929],[-23,-12,70548],[-9,-20,42825],[10,-12,63289],[-22,-19,226929],[-56,26,124028],[12,15,80063],[-15,31,54414],[-24,15,461805],[6,50,77523],[24,17,129567],[-27,27,62978],[4,22,461805],[-17,1,33370],[-34,-10,63290],[-33,-20,94113],[-21,-3,34102],[-31,4,154841],[-10,-33,234333],[-26,-2,33986],[-21,-9,54838],[-6,10,54838],[-129,-9,1712377],[-1,215,385613],[120,219,425138],[-3,33,63440],[8,3,34031],[-4,24,34031],[11,41,65813],[-1,58,162631],[-21,31,60736],[13,12,60736],[-15,46,425138],[120,166,1562968],[-508,6,4510347],[-249,-237,487541],[-541,-346,915933],[-325,-53,915933],[-134,-112,225790],[-397,-264,560223],[-259,-78,188600],[-201,-85,560223],[-37,-29,109652],[-64,-108,154612],[-61,-41,0]],[[23665,44452,0],[-48,-30,282867],[-39,45,124973],[-52,131,169026],[-2,58,1020587],[-529,-533,0]],[[22995,44123,0],[71,146,64853],[118,236,35915],[19,32,35915],[15,36,35915],[38,76,486905],[175,197,346289],[143,281,1203168],[362,238,592052],[20,41,82187],[69,101,46202],[-7,4,46202],[37,35,149058],[8,27,34696],[26,61,149058],[18,3,57836],[42,39,1444258],[9,31,49895],[4,62,107822],[18,2,88628],[2,26,44303],[14,18,59427],[-2,32,328059],[-42,61,63792],[-34,32,198300],[-13,25,36973],[1,15,86379],[22,40,932199],[30,22,50245],[2,19,42909],[20,13,50245],[70,73,34182],[59,58,452628],[1,17,49540],[28,57,162551],[-6,12,46563],[10,45,48793],[-5,43,89036],[-14,22,205729],[14,26,46456],[26,19,46456],[2,15,608842],[181,59,0]],[[24546,46520,0],[267,143,36519],[393,208,961568],[179,-40,180700],[12,0,39891],[26,25,111537],[24,1,51113],[42,-17,302290],[-7,-17,62660],[23,-42,1671898],[42,11,36911],[43,6,84952],[23,13,37922],[41,14,183747],[22,-8,52334],[37,8,52334],[58,-5,48480],[19,6,371468],[26,25,43402],[35,21,100218],[17,26,41846],[2,22,48193],[-16,16,46916],[17,7,67368],[-5,21,35435],[-14,11,67368],[6,16,51789],[22,-20,100218],[-5,-27,44713],[10,-18,371468],[35,13,67410],[60,6,50195],[16,12,50195],[33,-4,134017],[35,29,157150],[30,1,49497],[34,15,68471],[19,-4,44573],[51,10,61351],[31,15,53314],[34,0,804430],[49,42,181955],[7,127,804430],[149,99,49268],[22,18,302296],[111,29,193817],[142,97,193817],[97,13,177530],[97,71,574472],[435,129,574472],[350,239,0]],[[27722,47883,0],[343,201,220732],[288,142,966312],[77,-222,0]],[[28430,48004,0],[8,-114,59462],[20,-232,218189],[-1,-28,43636],[11,-14,109144],[-22,-122,705059],[42,-42,74461],[19,-43,199679],[75,11,251584],[30,-43,88326],[14,-65,705059],[48,-2,105709],[-45,-40,105709],[43,-217,40436],[6,-35,184671],[-23,-72,42769],[-16,-24,42769],[12,-2,184671],[69,23,184671],[2,-34,67667],[-19,-78,436460],[17,-43,54949],[16,-75,54949],[14,-32,159483],[59,-79,76625],[4,-24,2626936],[400,-63,857037],[-54,-97,158954],[-69,-209,857037],[193,-93,114753],[176,-91,35484],[113,-59,857037],[148,-185,34917],[237,-295,0]],[[29957,45486,0],[-537,-64,734398],[-354,-173,491324],[-122,-28,45128],[-187,-42,36546],[-146,-33,1205311],[-176,-9,38112],[-501,-24,95034],[-263,-15,1205311],[-291,-117,80061],[-59,-28,183900],[-49,-1,51362],[-20,9,79596],[-61,-9,183900],[5,-46,213976],[-89,-37,88878],[-66,-33,44667],[-18,-15,59667],[-81,-38,213976],[-69,-2,0]],[[29300,51710,0],[-15,-14,61198],[-40,9,62817],[-33,-17,110949],[-8,-27,324673],[96,-62,62714],[68,-35,62714],[7,-15,585689],[-66,-101,190379],[20,-42,86197],[-12,-46,196969],[-15,-22,49606],[-70,-124,173561],[-33,-119,1263216],[-522,-319,0]],[[28677,50776,0],[-511,-311,1091704],[111,-355,1670350],[-84,-141,362857],[-38,-23,111843],[-57,-14,55343],[-80,-9,246517],[-41,-31,82214],[-13,-42,54232],[-15,-8,685541],[-106,-2,128869],[-28,-28,128869],[-132,-22,201075],[-68,-2,59617],[-39,8,685541],[-20,76,323480],[-71,-111,181266],[-62,-14,248098],[-6,-56,101889],[-42,-73,323480],[-69,-5,130300],[-55,-38,61894],[3,-13,53137],[-41,-1,198522],[8,-54,139316],[-58,1,57249],[-5,-10,4190681],[100,-50,257009],[-13,-31,88955],[8,-15,49265],[-7,-39,56564],[11,-25,153465],[38,-28,909919],[0,-23,55708],[-23,-58,116065],[-14,-87,70109],[-11,-22,61787],[12,-36,271257],[41,-47,217291],[-19,-186,511956],[58,-5,232948],[25,-80,64236],[26,-52,139696],[-12,-38,599420],[-9,-210,45115],[-6,-173,172379],[-19,-139,1599924],[378,-271,0]],[[24546,46520,0],[-48,109,419362],[-293,12,879322],[-163,460,0]],[[24042,47101,0],[31,18,104722],[485,205,1165189],[101,163,396798],[57,372,0]],[[24716,47859,0],[246,311,432336],[49,181,208291],[72,106,895975],[183,-25,250682],[74,52,2275461],[-25,98,193748],[12,216,266355],[-11,40,66636],[-34,48,501043],[-17,-16,51783],[-33,-8,40095],[-24,-15,150415],[-27,0,37381],[-29,-10,57713],[-27,5,55278],[-18,-9,40982],[-38,-2,501043],[9,78,59170],[11,18,59170],[-8,38,38718],[4,12,349498],[43,18,103194],[56,39,53047],[65,55,748294],[-31,23,47517],[-25,6,89865],[-53,54,198683],[-92,135,1607314],[-20,69,71515],[1,44,251235],[40,58,98494],[6,28,46357],[28,63,278584],[-18,102,133994],[4,77,43459],[6,39,821496],[64,39,195116],[75,11,81925],[124,2,471030],[12,155,4259636],[-314,177,459124],[-92,173,1056549],[-932,301,0]],[[24032,50645,0],[653,399,157481],[143,81,1995870],[127,-76,330765],[122,84,545002],[382,-206,1133148],[767,126,1995870],[441,200,633047],[369,330,1774287],[175,12,263161],[228,-57,480843],[90,94,892412],[98,-53,266356],[49,-72,94937],[48,-10,79518],[-1,-24,155384],[59,-110,1774287],[177,20,121808],[227,40,411537],[51,51,48125],[8,16,270587],[26,12,34770],[15,-1,52363],[211,45,998429],[43,36,87531],[75,97,276736],[-29,56,136315],[28,61,681676],[153,55,224768],[154,-5,340954],[64,53,40067],[31,31,1540425],[21,-29,104051],[21,13,54055],[6,-21,54055],[59,-15,216730],[92,-102,119360],[21,-11,49471],[64,-55,0]],[[18926,49819,0],[1250,-971,635100],[105,-140,0]],[[20281,48708,0],[115,-471,1527017],[-25,-425,528019],[-100,-527,164712],[-65,-293,987849],[-141,-255,412231],[-94,-387,0]],[[19971,46350,0],[-1228,-964,55309],[-143,-113,2613485],[-138,-502,54360],[-172,-630,0]],[[18290,44141,0],[-776,-586,1018318],[-566,-196,2664923],[-416,-17,617121],[-761,-194,736827],[-463,-4,1317061],[-778,-291,0]],[[20280,51148,0],[835,-650,230736],[416,-326,69316],[781,-617,140572],[702,-561,854739],[190,-37,574097],[163,-153,272216],[79,-25,125671],[77,-62,87870],[29,-7,404757],[8,-20,53957],[42,-43,92495],[30,-49,48295],[15,-40,827018],[90,3,138541],[140,43,827018],[49,-68,66000],[11,-31,96819],[47,-50,383569],[-82,-46,163852],[27,-43,114615],[-40,-23,477666],[25,-37,73025],[64,-57,173270],[22,-40,43482],[18,-48,77847],[37,-55,2492540],[24,-8,38599],[26,-20,98691],[42,12,224532],[161,-128,428462],[319,-99,203302],[89,-4,0]],[[24042,47101,0],[-184,-32,36876],[-365,-66,801268],[-11,0,59458],[22,55,59458],[33,162,818995],[-76,40,102749],[-138,87,45832],[-80,53,141701],[-84,63,311724],[-259,138,132235],[-49,14,923524],[-60,59,53374],[-35,42,244883],[75,17,50922],[8,7,312875],[-81,101,120163],[-22,58,162470],[-63,20,162470],[1,75,923524],[-68,18,277289],[-124,-171,277289],[-124,-32,1604212],[-335,130,739992],[-472,475,2249318],[-1270,294,0]],[[19070,36952,0],[205,161,0]],[[19275,37113,0],[343,-73,1019748],[56,-50,69793],[4,-18,33424],[14,-12,173971],[93,-32,308318],[6,-100,503254],[28,-13,44193],[28,-25,53872],[8,3,36243],[25,-17,99408],[2,-28,99408],[41,-6,45137],[19,-12,282300],[16,-28,64057],[34,-20,87674],[18,-17,38922],[137,-157,342539],[226,-147,1769394],[-8,37,120834],[34,82,49483],[13,20,244642],[87,44,539247],[24,-12,63619],[2,-22,35226],[11,-13,129406],[32,7,70579],[38,-19,192190],[14,-29,46388],[22,-19,58018],[9,-28,37516],[13,-15,539247],[35,-7,38343],[27,-13,133193],[30,2,47997],[5,15,47997],[22,-10,57997],[49,-4,34593],[21,3,267688],[9,17,90033],[33,11,35279],[10,-9,35279],[8,15,37768],[45,10,73543],[8,12,3223213],[33,-17,51790],[17,-27,51790],[20,-5,203191],[-7,-29,110823],[29,-65,45793],[20,-35,258334],[15,-2,34385],[28,-17,45038],[37,-8,438799],[-16,-30,69059],[-7,-30,38493],[4,-24,83005],[-18,-54,51719],[-9,-4,438799],[186,-130,1091588],[-56,-179,579902],[22,-80,47450],[40,-168,89344],[30,-109,39306],[26,-105,38616],[27,-97,0]],[[19275,37113,0],[119,189,37028],[31,48,583130],[-27,141,104421],[-22,167,50182],[2,1,0]],[[19378,37659,0],[142,65,266312],[8,84,162201],[57,31,665558],[88,-73,85567],[45,-22,85567],[1,-17,46089],[24,-25,340072],[84,10,44324],[40,8,1149884],[27,37,42794],[48,54,200874],[65,54,39677],[11,16,39677],[24,13,39677],[39,34,131348],[38,21,37595],[14,1,297744],[30,50,44203],[14,35,78532],[18,15,35679],[16,25,584361],[15,7,36498],[43,4,157868],[96,73,35833],[25,21,157868],[42,22,44775],[42,29,91837],[87,35,1761109],[33,-9,34438],[26,-1,49945],[14,-9,105654],[155,-22,65275],[26,1,367228],[149,46,192090],[28,-7,62194],[3,-26,192090],[54,0,84638],[134,20,438127],[138,-54,0]],[[21321,38205,0],[48,-142,299275],[86,-104,160201],[65,-103,49191],[43,-75,33747],[16,-24,442846],[26,-5,74859],[54,-30,49941],[20,-19,385588],[17,-53,81019],[21,0,82847],[39,-86,110298],[21,-5,110298],[22,-42,44849],[14,-11,50906],[18,-40,95174],[-6,-17,110298],[45,-72,50179],[3,-19,50179],[25,-28,1184813],[-1,-34,54474],[14,-46,140189],[58,-250,65654],[75,-307,1570573],[147,-76,85963],[157,-72,118251],[164,-88,773261],[4,-82,92788],[23,-148,0]],[[25424,35979,0],[24,26,70564],[18,56,107827],[-1,46,318489],[114,-13,81759],[12,-12,331208],[61,71,35268],[72,87,175116],[70,72,84362],[63,46,437349],[102,-34,275093],[74,44,124475],[23,50,437349],[-7,37,64924],[16,17,64924],[-8,10,40314],[12,20,40314],[0,40,83251],[14,46,2011401],[62,-1,34928],[16,-4,96016],[23,19,202983],[18,-2,42220],[11,-18,68772],[36,-9,49190],[11,-17,49190],[19,8,174509],[130,1,709027],[2,53,131913],[58,62,395374],[80,-15,138764],[7,28,63970],[27,7,241293],[91,-71,395374],[68,66,40573],[9,14,282816],[143,25,170933],[99,51,711165],[415,-5,1680231],[285,273,61062],[106,98,45897],[56,55,310320],[42,3,0]],[[27897,37209,0],[291,-174,87564],[29,-22,507873],[108,-47,53596],[100,-39,65409],[180,-74,37702],[56,-21,34679],[179,-73,405571],[168,-101,34200],[76,-45,0]],[[24972,38921,0],[21,2,61888],[105,-24,137202],[93,-9,65810],[64,0,35638],[60,-4,362687],[36,12,59562],[157,34,1184971],[151,-377,781197],[96,-16,140263],[87,21,278523],[119,-69,0]],[[25961,38491,0],[694,-211,1518459],[149,-383,584072],[273,-314,1518459],[54,0,57578],[160,13,317813],[30,12,51002],[29,26,93981],[37,49,475162],[413,9,1453309],[11,-47,60280],[86,-436,0]],[[24228,36108,0],[132,279,46229],[222,468,1620881],[196,56,763382],[-134,465,763382],[99,148,38919],[81,119,701837],[37,218,392794],[-33,112,172736],[-60,50,701837],[0,37,55009],[14,34,76311],[-11,14,54183],[7,38,76311],[18,17,149141],[-11,26,37433],[-9,49,149141],[4,13,47206],[35,28,232259],[-17,8,56751],[18,20,37413],[10,-2,56751],[7,43,56751],[38,143,148432],[68,326,175847],[8,5,62472],[13,53,41868],[12,21,41868],[0,25,0]],[[21321,38205,0],[13,74,133917],[26,53,36902],[27,63,53845],[13,19,276721],[-5,57,93895],[10,74,38700],[5,63,0]],[[21410,38608,0],[77,31,125558],[110,21,84208],[106,32,500146],[174,195,1366274],[233,-6,49699],[70,0,199033],[107,21,508675],[48,36,36032],[40,26,155932],[23,-11,70911],[27,24,70911],[63,25,37168],[30,16,554169],[170,12,45725],[156,8,377794],[113,53,159333],[165,39,484601],[139,5,140817],[158,-18,1773021],[290,194,274482],[244,206,0]],[[23953,39517,0],[26,-15,49876],[94,-69,49876],[159,-112,238850],[114,-68,45383],[75,-41,109248],[198,-127,507932],[81,-120,412393],[131,-54,229692],[141,10,0]],[[21410,38608,0],[5,99,223201],[-35,100,43353],[-41,108,691378],[-13,-4,59738],[-17,43,59738],[-10,6,40104],[-21,37,58447],[-51,51,71916],[-12,29,71916],[-52,53,176330],[-1,11,53796],[-45,15,465270],[-12,-5,40182],[13,-18,46032],[-16,-15,65731],[9,-26,90699],[-10,-23,35003],[-15,-16,188328],[-38,23,35011],[-14,2,1258836],[-2,20,35549],[-12,16,66262],[9,28,118244],[-9,15,41553],[-31,19,139152],[0,42,80312],[-26,88,220276],[3,88,74143],[12,41,220276],[-9,63,54850],[-16,5,41572],[4,17,119013],[-32,13,725635],[19,25,50936],[52,47,170323],[28,50,50940],[11,38,41812],[10,6,41812],[27,53,0]],[[21072,39752,0],[75,-4,96194],[23,34,96194],[4,-31,41473],[11,-17,151333],[37,-25,40460],[15,-18,669083],[18,1,50423],[13,25,88723],[30,12,42024],[16,-4,50659],[38,17,243135],[20,29,69014],[40,18,69014],[59,42,44401],[18,19,95049],[60,30,65675],[24,24,141273],[29,4,48666],[36,18,117242],[18,39,92167],[26,5,41237],[22,15,1709865],[2,-37,70817],[15,-28,38492],[-3,-19,38492],[15,8,299210],[42,39,55083],[52,60,207630],[72,-2,500135],[36,163,163421],[-21,44,57312],[5,16,537037],[51,31,37254],[10,-3,37254],[16,19,238942],[10,31,65956],[35,31,65956],[9,23,51346],[25,25,41515],[16,27,145886],[-4,13,51267],[19,47,439715],[-13,12,66496],[-18,36,36192],[9,6,36192],[-15,17,41901],[7,17,41901],[-17,2,41901],[-10,24,400403],[19,0,48073],[5,21,62131],[13,-8,43522],[21,12,202467],[1,31,41821],[-14,12,41648],[22,2,41648],[3,21,100658],[23,14,79304],[-7,16,37803],[15,1,37803],[8,39,159026],[41,26,1039795],[-41,47,95893],[-24,-10,127653],[-45,59,83537],[-45,34,0]],[[23876,39637,0],[77,-120,0]],[[21072,39752,0],[8,44,64713],[-4,62,64713],[5,170,58051],[-2,51,412130],[-6,15,38851],[-22,14,85668],[-20,3,33395],[-41,16,581608],[-10,34,33661],[-1,20,33661],[-12,54,192170],[6,65,50414],[13,71,76390],[0,55,303714],[28,26,48339],[22,6,138775],[-6,29,44504],[4,36,138775],[11,39,34890],[11,20,34890],[-2,14,83627],[15,13,40913],[13,29,303714],[-5,13,34385],[-19,10,114193],[-31,-19,47397],[-3,-16,47397],[-24,-4,310081],[-9,25,98346],[26,28,43015],[22,35,178571],[-26,-1,71326],[-17,16,34754],[-6,17,178571],[1,75,102205],[24,25,249344],[-10,28,45456],[-33,55,1705131],[181,139,192897],[224,136,0]],[[23353,42098,0],[204,-26,126172],[171,-9,0]],[[23728,42063,0],[221,-161,273763],[214,-97,415979],[231,-6,415979],[21,-59,79858],[45,-73,1553180],[11,-70,104252],[-12,-48,36407],[-2,-30,152821],[13,-35,64598],[12,-84,162243],[-2,-97,58294],[-14,-32,58294],[11,-18,287501],[-62,-183,261780],[24,10,114702],[2,-15,45432],[32,2,45432],[1,-10,42204],[-32,-3,45432],[11,-65,1250138],[242,-64,65758],[155,-44,0]],[[24850,40881,0],[-183,-120,454670],[-153,-49,204991],[-183,-11,290689],[-143,-68,54526],[-17,-4,781539],[-111,14,199635],[-29,19,62532],[-46,53,0]],[[24459,41030,0],[28,-6,60861],[4,-7,33279],[8,-11,33279],[11,-10,103447],[-7,-9,41167],[-32,-1,103447],[-15,19,50306],[3,25,0]],[[24499,41041,0],[24,1,51948],[42,-17,135987],[-4,-27,43482],[-15,-17,135987],[-35,15,50380],[-5,14,33279],[-14,7,94989],[7,24,0]],[[24850,40881,0],[100,48,178434],[20,-5,36424],[34,1,122803],[108,28,54219],[21,10,404231],[149,7,129510],[98,-1,62318],[102,-9,342500],[15,12,77568],[110,23,77568],[55,21,1217734],[60,-11,36157],[88,-13,104321],[190,-20,255479],[161,-30,39795],[460,-85,0]],[[26621,40857,0],[345,-456,670655],[292,-612,0]],[[27258,39789,0],[-5,-145,40454],[-3,-65,127745],[11,-55,1208259],[-262,-66,410245],[-133,-90,34475],[-131,-88,749694],[-187,16,312240],[-28,-40,51729],[-43,-44,385866],[-54,22,70398],[-23,22,34477],[-20,11,133265],[-33,-7,54276],[-28,10,1774962],[-19,-59,45722],[-7,-2,111706],[-12,-65,47816],[0,-38,35153],[-5,-20,366004],[-130,-150,132157],[-51,-82,384238],[-1,-40,35585],[-6,-56,169755],[-20,1,91550],[-5,-20,48935],[-31,-47,169755],[-59,-160,53503],[-12,-41,0]],[[27258,39789,0],[455,42,43005],[633,58,865275],[436,-80,0]],[[26621,40857,0],[195,631,420351],[59,286,118160],[9,32,53225],[-1,57,44083],[6,18,1664578],[30,24,82139],[18,29,37905],[15,39,100970],[27,34,54757],[18,3,100970],[176,216,320282],[128,218,326710],[141,156,169117],[68,86,53778],[99,132,0]],[[27609,42818,0],[26,6,61004],[24,30,136591],[257,256,1591703],[593,-236,818133],[624,-52,0]],[[23728,42063,0],[315,420,585583],[195,71,0]],[[24238,42554,0],[135,-45,1047038],[111,50,234445],[163,-14,252377],[77,36,86010],[11,-11,86267],[289,66,482842],[159,-32,482842],[240,29,163325],[32,-5,53342],[98,1,215045],[59,14,44725],[39,16,94969],[55,1,215045],[213,19,49637],[390,33,734164],[27,-2,54900],[33,-13,39962],[0,-11,39962],[26,1,54900],[84,-25,101877],[21,-2,44923],[5,-17,647584],[280,115,42394],[57,22,211472],[14,22,40674],[45,49,211472],[21,4,37545],[32,-7,61570],[7,-21,45216],[14,8,75299],[10,32,68052],[17,-25,734164],[-10,-37,48538],[6,-15,134815],[27,-18,39565],[15,1,39565],[17,-17,318453],[34,5,58535],[93,32,179193],[30,24,73405],[-15,18,39983],[8,9,318453],[43,8,83788],[58,-18,124291],[18,-19,50930],[43,-24,112784],[24,20,112784],[36,-15,47941],[5,16,47941],[19,-20,71963],[43,5,48716],[14,-8,286456],[31,25,94852],[13,-7,55695],[31,11,40785],[24,0,0]],[[23130,42254,0],[92,419,1580822],[346,285,36543],[386,315,747140],[506,278,0]],[[24460,43551,0],[139,-126,303615],[6,-18,54175],[64,-109,149209],[57,-61,103190],[60,-97,1544374],[-136,-73,100007],[-46,-37,314493],[13,-38,47292],[9,3,78287],[-6,-34,40780],[6,-13,314493],[-80,-69,79438],[-238,-221,270635],[-70,-104,0]],[[24460,43551,0],[68,47,0]],[[24528,43598,0],[363,216,984921],[11,141,388930],[222,464,2260759],[161,47,193497],[598,132,1150364],[207,-251,375009],[88,14,0]],[[26178,44361,0],[199,-31,490172],[100,-134,218931],[85,-10,218931],[-4,-25,104810],[34,-42,62141],[-15,-12,35045],[0,-14,62141],[30,8,62141],[16,-22,633881],[-16,-26,61206],[-1,-41,119169],[10,-25,46366],[19,-9,119169],[-3,-33,35325],[-10,-42,633881],[20,-12,57706],[21,17,57706],[19,-12,111527],[27,22,61926],[18,-10,66331],[30,0,38094],[19,8,54379],[12,-11,54379],[35,11,368977],[6,-27,79081],[26,-17,53006],[18,7,129528],[18,-36,55427],[-5,-11,42169],[12,-30,290325],[125,7,1703733],[17,-91,86007],[27,-89,48175],[22,-90,252119],[22,-258,1128268],[127,-121,58049],[180,-180,214060],[104,-81,85555],[89,-79,39330],[-2,-2,0]],[[26178,44361,0],[75,86,127520],[113,91,301269],[148,71,59334],[63,35,191983],[59,61,512123],[130,53,124527],[107,23,0]],[[29957,45486,0],[945,109,41559],[160,18,0]],[[32456,48986,0],[205,-594,791567],[330,-295,789890],[110,-439,2268949],[-85,-627,293803],[-48,-529,0]],[[28430,48004,0],[44,19,90014],[109,82,381825],[105,22,149306],[173,66,65463],[54,7,65463],[14,16,157814],[30,9,41539],[90,16,0]],[[29049,48241,0],[22,4,41195],[49,23,103360],[11,11,37653],[20,-3,37653],[62,10,37653],[68,15,332630],[48,2,67095],[111,14,45078],[39,9,182631],[10,-7,33630],[28,2,36190],[12,-8,76288],[46,9,76288],[123,1,1091006],[58,93,161781],[20,-3,36655],[19,-14,161781],[26,8,48290],[13,20,65618],[32,3,76100],[75,49,394430],[79,87,40239],[58,69,150780],[34,67,2059818],[90,-60,34297],[56,-39,457040],[93,15,120730],[244,11,922997],[46,45,34319],[92,85,429369],[370,108,922997],[730,65,56376],[623,54,0]],[[32456,48986,0],[78,508,0]],[[32534,49494,0],[318,291,87392],[115,110,298495],[37,59,77192],[74,88,134799],[14,48,253733],[79,30,1490578],[144,339,112673],[95,237,504130],[69,119,190144],[116,104,504130],[-18,141,37625],[-11,73,3732321],[349,185,52587],[177,96,1015954],[19,6,49237],[93,10,294752],[319,122,164522],[188,60,76844],[33,25,56418],[16,-5,56418],[118,40,514144],[692,164,0]],[[32534,49494,0],[110,1032,1433870],[-132,155,569110],[-147,617,4811333],[-17,24,141619],[25,8,38054],[104,24,380539],[62,-3,69142],[105,-10,34195],[103,-12,119757],[113,-21,824891],[-31,250,1886713],[398,639,54440],[251,403,1230454],[233,639,372608],[39,76,173886],[1,142,2239786],[403,183,310237],[165,136,216700],[97,26,536672],[54,63,109772],[8,49,0]],[[30457,51103,0],[9,126,122952],[43,285,311482],[-24,157,697741],[223,192,697741],[-239,193,1903447],[73,77,334608],[27,12,73566],[44,-7,34424],[22,1,75032],[51,15,131106],[140,-1,334608],[133,65,94913],[76,25,234237],[93,12,53229],[45,14,53229],[21,-5,1457500],[-25,223,332052],[52,119,47230],[20,38,416865],[-65,149,0]],[[32534,49494,0],[-654,842,68126],[-220,281,2247900],[25,31,59784],[-7,11,39167],[12,21,106196],[-18,30,452417],[-34,-5,39880],[-13,6,39880],[-52,4,189090],[-11,23,61757],[-42,26,126647],[-17,-10,49565],[-39,4,99166],[-28,29,340673],[14,17,58323],[16,48,33421],[2,19,293006],[-21,21,110957],[-89,-19,165959],[-35,17,60842],[-4,22,45181],[-18,8,714206],[-82,-40,106052],[1,-22,46881],[-18,-20,106052],[-42,18,106052],[-50,-33,714206],[-98,79,179759],[-138,68,33828],[-24,10,93241],[-61,39,492160],[22,44,67570],[24,22,52530],[30,48,492160],[-408,-30,0]],[[29049,48241,0],[60,146,61378],[70,180,1018378],[-28,153,328128],[-106,99,143779],[-35,46,50829],[-21,41,537415],[4,22,39862],[14,7,63743],[35,102,91718],[0,19,55503],[28,21,269562],[-7,31,38318],[-12,14,77807],[-4,70,537415],[-38,21,42357],[-16,17,156819],[-34,-6,40339],[-28,-13,114764],[-41,18,35480],[-16,2,1845993],[-16,35,42267],[-2,30,34374],[-8,12,174787],[22,38,54611],[28,25,291591],[78,39,116343],[35,-14,302036],[49,80,166193],[-17,17,83469],[11,25,55524],[-13,32,46587],[8,10,744793],[72,-9,166968],[6,9,41705],[3,60,242823],[34,-10,67521],[30,-16,34911],[39,-28,325166],[75,36,96039],[107,73,0]],[[29415,49675,0],[-4,45,86509],[14,14,35477],[11,27,395183],[27,9,35760],[145,59,53741],[67,25,38643],[1,5,38643],[63,19,76398],[21,-10,74136],[39,30,647703],[20,34,56487],[24,72,163938],[37,51,79502],[23,3,44200],[15,17,288807],[112,3,172806],[12,7,54606],[-9,24,39129],[5,18,288807],[42,35,44812],[62,60,53659],[29,21,115740],[54,66,203655],[146,101,89886],[36,35,1846410],[-158,93,805853],[94,73,228820],[-11,26,111547],[34,31,73508],[23,53,105648],[-11,19,332545],[21,21,59555],[48,19,59555],[18,21,44381],[27,12,221364],[20,61,51417],[24,29,51417],[-4,14,221364],[38,22,60605],[23,30,62014],[47,28,107221],[27,40,883784],[-210,66,0]],[[29415,49675,0],[-99,-14,354877],[-108,106,199184],[-36,101,496927],[-105,-18,135402],[-26,-52,135402],[-48,30,1398780],[-1,19,37269],[-15,25,37269],[1,14,85009],[-32,41,253416],[1,28,34134],[-7,36,51981],[-1,94,146843],[-37,62,146843],[33,33,45160],[2,13,586797],[-40,84,97349],[-56,74,205922],[-56,12,497903],[-15,61,63549],[-47,152,72016],[-17,76,113273],[5,59,113273],[-34,65,0]],[[29300,51710,0],[25,11,71248],[41,54,204163],[97,-18,842208],[10,64,112763],[-33,20,165389],[12,90,63401],[13,36,366459],[83,30,64591],[38,4,298158],[-3,133,366459],[32,70,53922],[18,24,127571],[-2,54,178095],[13,29,43486],[17,10,58629],[51,89,241549],[37,125,42741],[10,21,71633],[-1,39,71633],[22,44,1879136],[41,-6,98379],[155,-69,283792],[105,-116,1271397],[46,52,69645],[25,9,168710],[300,179,643592],[239,358,0]],[[20656,51513,0],[1251,-979,1639932],[1014,-411,3885361],[674,236,706326],[437,286,0]],[[28159,53645,0],[-125,-79,85555],[-50,-22,78673],[-118,-75,161920],[-13,-18,81944],[-41,-7,45715],[-44,-17,1017243],[-91,-6,112722],[-180,-37,214325],[-424,-38,743870],[-726,-233,5505633],[-341,87,1173492],[-484,862,3131775],[-1233,451,183142],[-1602,574,0]],[[24528,43598,0],[-107,137,114729],[-14,42,48581],[-15,16,387735],[-1,38,66318],[16,29,38304],[1,19,160197],[-29,126,1129409],[-73,38,44609],[-77,35,219859],[-20,25,55469],[0,27,70694],[-10,19,37677],[-17,7,478516],[-44,0,96807],[-95,-24,35942],[-35,-12,35942],[-27,-2,281632],[-6,16,49321],[17,21,76370],[0,13,35920],[-18,18,281632],[-70,31,51585],[-23,17,101527],[-95,38,72809],[-8,26,72809],[-32,-13,689356],[-16,63,119615],[-28,59,69410],[-23,22,33283],[-14,23,0]],[[20436,43394,0],[179,166,452988],[121,60,135146],[274,107,452988],[418,255,298625],[214,168,869841],[181,70,139366],[30,3,43248],[28,14,43248],[87,29,69719],[38,6,223303],[75,39,44540],[35,22,1891240],[16,120,79764],[-5,46,79764],[7,14,37096],[10,62,200780],[-13,139,0]],[[22131,44714,0],[42,6,51275],[28,-7,53857],[53,7,108752],[21,-11,39643],[31,-4,353135],[283,111,1428268],[104,-80,128997],[52,-47,52366],[103,-102,698680],[15,-147,289915],[77,-182,49743],[55,-135,0]],[[21560,41799,0],[-269,84,459095],[-175,115,168319],[-138,119,1816258],[-62,162,194533],[-22,162,602641],[-342,567,602641],[36,226,479021],[-152,160,0]],[[16822,41747,0],[567,151,358914],[525,99,1728945],[200,-133,410360],[72,-199,293349],[96,-60,0]],[[18282,41605,0],[247,-526,1664617],[338,90,298052],[170,-1,344301],[186,46,129449],[131,49,2879656],[26,-50,73136],[12,-57,367337],[-28,-33,128682],[-60,-33,53396],[-33,-9,53396],[-17,-20,91829],[-43,-11,367337],[-14,-26,38705],[-33,-82,101653],[14,-15,43001],[-9,-13,158983],[-71,-45,158983],[31,-42,222611],[-18,-27,36738],[-60,-82,1116183],[17,-39,58496],[64,-111,320237],[60,30,215746],[89,-89,704166],[-195,-34,254260],[-95,-73,704166],[1,-23,75253],[31,-46,55959],[15,-38,152246],[-18,-43,152246],[6,-65,36424],[0,-41,106233],[22,-53,134715],[41,0,134715],[3,-18,66606],[-37,-29,77132],[1,-28,0]],[[19056,40018,0],[-75,-21,155075],[-33,-16,42354],[-5,-11,53565],[-49,-23,54972],[-21,-5,34898],[-2,-11,34898],[-52,-34,515640],[-30,11,65760],[-129,23,139534],[2,23,49241],[-15,23,139534],[-70,-11,742404],[-102,-67,173155],[-24,-68,264345],[-181,-97,1134161],[35,-61,114805],[109,-125,251896],[10,-50,51198],[-2,-37,1134161],[-85,-29,67833],[-1,3,34338],[-45,-27,34338],[-23,-9,335263],[-62,7,86983],[-88,31,130622],[-11,22,335263],[-97,1,54835],[-43,6,54835],[-22,-9,233862],[18,-32,86656],[-36,-7,90798],[-1,-30,56046],[18,-12,149680],[-48,-21,233862],[-27,37,53394],[-34,27,571866],[-30,-9,58014],[-13,-23,58014],[-18,-14,34708],[-40,-21,92564],[11,-19,82624],[-50,-20,0]],[[18290,44141,0],[234,-211,983180],[65,-567,791051],[242,-435,0]],[[18831,42928,0],[-109,-165,63908],[-10,-19,37718],[-63,-98,591207],[108,-168,1243728],[472,225,830442],[133,-191,2311938],[-30,-38,59070],[-6,-30,98034],[-50,-48,269166],[-43,0,146607],[-58,-62,80562],[-6,-26,146607],[-29,-9,50287],[-39,4,143238],[-12,-31,62292],[-32,-24,442141],[-19,-94,36691],[4,-12,36691],[-12,-23,293701],[-30,-11,66873],[-31,15,126596],[-3,-45,126596],[-11,-8,48235],[-52,-1,293701],[-11,-55,66492],[10,-20,209836],[-13,-10,40313],[-28,1,121715],[-63,-76,902703],[68,0,91858],[56,21,140724],[49,-19,375740],[7,-25,63186],[-18,-39,80253],[4,-78,840176],[-64,-13,90223],[-40,-31,287069],[-137,24,185928],[-53,-35,185928],[-211,-22,414471],[-177,-87,0]],[[19971,46350,0],[283,-439,623405],[410,-395,1116310],[-38,-192,273054],[42,-132,2787296],[177,-15,302282],[366,-124,556767],[59,-84,198933],[57,-33,37686],[11,-11,63393],[73,-37,556767],[24,1,65505],[49,18,40237],[37,19,225307],[20,-6,35218],[9,-14,35218],[47,-34,225307],[23,6,49621],[2,10,33737],[20,5,33737],[13,13,113209],[33,5,44155],[31,-6,679660],[6,-10,38289],[34,-17,44846],[5,-11,162594],[45,8,89664],[27,-26,89664],[25,-1,47609],[19,16,72437],[22,-13,245811],[37,-69,364102],[156,67,364102],[11,-57,58721],[11,-28,35720],[14,-50,0]],[[20436,43394,0],[-811,-382,1164503],[-794,-84,0]],[[19378,37659,0],[-10,60,129145],[-84,210,377907],[21,198,902485],[178,155,308737],[6,22,44546],[25,31,118076],[-20,15,82252],[22,33,62452],[-10,15,165144],[19,22,45673],[29,15,1378173],[33,6,33328],[59,17,105671],[214,73,508140],[-19,32,137128],[-11,-4,40445],[-28,16,64579],[-74,5,253429],[4,-12,66157],[-64,2,66157],[-76,-10,125509],[-4,13,69190],[-41,-9,53572],[-22,6,508140],[-1,52,141828],[-27,24,61533],[-42,14,217395],[19,91,321430],[-106,12,181073],[-3,25,85900],[-36,15,48358],[-18,18,321430],[7,43,38214],[-2,23,143173],[55,17,1063311],[-6,53,60980],[4,38,48331],[-6,32,38722],[2,27,138478],[-18,52,71989],[-8,69,386867],[12,36,35282],[2,28,73569],[14,-3,86721],[15,79,125913],[31,38,399281],[-9,55,102009],[23,17,33864],[11,0,102009],[-29,25,34576],[-4,11,126660],[24,43,126660],[-7,13,37221],[-16,-4,62990],[-16,37,126660],[-6,53,36628],[1,23,80380],[-17,27,399281],[10,16,45861],[34,20,45861],[9,19,42818],[12,0,33425],[14,17,168118],[-9,18,48068],[3,39,2197253],[-86,12,79410],[-18,15,140476],[-97,-2,113193],[-102,21,558854],[-19,15,45849],[-25,38,152945],[-24,61,77573],[0,40,57832],[-14,36,0]],[[56927,88609,0],[-354,-900,47589],[-100,-258,2740319],[206,-158,396285],[17,-182,1070533],[269,-146,334442],[210,-44,234739],[246,-111,494434],[236,-24,2989214],[-26,-42,53426],[8,-10,53426],[-21,-73,185248],[14,-54,65640],[-9,-44,65640],[13,-37,787307],[-53,-53,35352],[-72,-76,41832],[-38,-35,41832],[-47,-53,95579],[-56,-53,36164],[-57,-60,40786],[-53,-50,74834],[-101,-102,36885],[-96,-101,1221501],[-22,-282,318379],[62,-218,0]],[[57103,85443,0],[-73,-126,68408],[-4,-21,468361],[-135,-63,146965],[-51,-60,233517],[-117,-15,142857],[-51,-39,47873],[-27,-10,358353],[-35,-70,125176],[-80,-61,687447],[43,-266,687447],[-366,-145,0]],[[56207,84567,0],[58,137,219453],[-9,160,1315444],[-38,-14,76380],[-66,11,242733],[-112,88,43896],[-47,32,398149],[15,22,42855],[27,13,175704],[-65,108,618423],[-31,-4,34398],[-15,6,45268],[-43,-8,124254],[-22,8,40412],[-12,22,81962],[-52,1,282035],[-10,-23,48537],[-31,-22,73055],[8,-23,73055],[-44,-21,725965],[-71,7,166374],[-31,23,54537],[-2,23,78478],[-50,22,78478],[7,24,166374],[-127,96,104892],[-77,66,59264],[-16,24,288135],[-68,35,81155],[-27,38,74417],[-49,24,144162],[-59,-6,144162],[-36,35,34417],[-35,27,54893],[0,9,3361487],[78,7,218396],[1,37,41966],[11,34,91595],[-8,31,33809],[5,12,33809],[-11,22,218969],[83,38,45674],[19,14,512336],[-11,35,52456],[-27,31,76089],[-6,38,39882],[-15,33,223956],[-36,-2,71685],[-42,15,38885],[-13,12,975567],[-37,-4,48154],[-14,-16,48154],[-73,-25,98178],[-31,6,69561],[-63,-23,147722],[-10,-21,40952],[-22,-12,69788],[-22,10,69788],[-85,-39,229852],[-78,-14,79636],[-59,-20,37622],[-20,-12,120237],[-87,-6,975567],[-7,-39,131099],[30,-61,36156],[17,-24,86730],[67,-31,86730],[-36,-8,374541],[-28,-36,60369],[0,-30,111992],[-44,-4,245038],[-25,17,36584],[-45,20,46041],[-47,31,498910],[-15,27,42136],[-1,30,100321],[-27,49,55016],[-37,43,105910],[1,35,105910],[-40,48,34334],[-29,29,498910],[-43,20,37879],[-26,19,69432],[-12,23,80555],[-21,6,33733],[-14,15,33733],[-36,16,152398],[-9,16,39046],[-35,24,72408],[-1,27,125859],[-23,21,37824],[-15,1,37824],[-51,31,361021],[-4,57,57118],[-17,62,361021],[-60,5,81036],[-183,-9,882312],[-26,-197,1535843],[-109,-17,80800],[-109,-5,226242],[-561,-105,138435],[-115,-14,1535843],[-25,176,40528],[-4,12,718964],[-196,49,107411],[-176,32,386853],[-33,16,44269],[-174,98,44269],[-70,35,1024707],[-36,60,72701],[-7,20,38475],[-53,107,668550],[-185,-53,274025],[-236,-159,0]],[[51573,86173,0],[-364,21,365389],[-403,-59,1062173],[-267,210,356583],[-249,90,2488528],[-366,393,78650],[-717,764,37798],[-148,156,2488528],[-919,357,76710],[-903,347,0]],[[49569,91072,0],[1734,-836,2483033],[432,8,617285],[777,214,4416377],[108,-153,534699],[101,-16,53763],[13,-8,45649],[59,2,174741],[44,-22,52031],[38,-6,52031],[26,-16,46126],[36,-2,46126],[11,-13,213093],[49,-5,51117],[85,-20,110827],[26,17,1119648],[76,-142,81521],[36,-88,539770],[-122,-66,259891],[-57,-157,1636763],[142,17,75761],[38,-4,145408],[141,34,95650],[97,8,777280],[44,-54,35939],[81,-108,419141],[83,61,130296],[96,24,419141],[297,-172,1959177],[-8,-58,109488],[-74,-199,109488],[-19,-64,42805],[4,-7,47097],[-23,-76,752934],[112,-20,199156],[76,66,225915],[134,-28,752934],[23,-93,39649],[2,-26,59585],[21,-70,145644],[13,-155,488232],[21,-27,38317],[57,-54,151063],[38,0,77930],[60,-35,1347864],[89,33,149736],[86,-5,89464],[96,15,277988],[42,71,922451],[251,-185,493918],[18,-33,72286],[9,-79,130335],[78,-184,5287409],[308,27,370689],[168,115,370689],[622,130,943320],[663,-19,0]],[[44015,79789,0],[63,31,44981],[428,196,1434894],[66,68,281373],[-53,118,186323],[-75,27,186323],[86,68,452552],[-13,10,42883],[-57,14,70232],[-80,42,492152],[-2,50,55514],[11,67,55514],[2,93,208284],[-12,8,84322],[-24,135,242493],[-103,-25,242493],[-24,40,105329],[26,32,46630],[2,20,203292],[57,18,77763],[43,37,2500298],[-39,50,78289],[-47,78,43301],[-15,12,43301],[-17,43,439858],[-50,37,137178],[-57,3,51096],[-48,-7,224255],[-98,70,69395],[-54,16,61879],[-9,18,1000053],[12,40,43610],[14,14,188384],[-96,90,346454],[71,96,47195],[15,26,309596],[-9,41,44990],[-17,28,64913],[-23,100,905149],[-310,373,421908],[-128,30,0]],[[44608,84791,0],[774,-330,826983],[343,-341,2781459],[-45,-231,430602],[-18,-359,54711],[-32,-603,33851],[-14,-283,2457655],[847,-500,0]],[[46463,82144,0],[-213,-283,458329],[-55,-286,651781],[-442,-605,1241355],[-119,-666,0]],[[45634,80304,0],[-108,-75,277904],[-36,-178,425412],[-175,-38,468873],[-334,-454,585453],[-10,-87,176898],[65,-96,585453],[-251,-162,223239],[-92,-17,2479727],[4,51,55351],[-10,43,81732],[13,32,250450],[-101,93,660098],[-41,-2,38149],[-27,6,61918],[-22,-14,54017],[-34,6,181706],[-56,31,62100],[-64,21,286865],[-28,54,122752],[-61,34,55827],[-31,27,210624],[-35,9,61329],[-42,-13,582343],[-89,119,45339],[-52,75,104456],[-2,20,0]],[[44015,79789,0],[-68,-39,34066],[-31,-21,151913],[-41,-7,48582],[-31,7,120288],[-39,-13,54638],[-40,-30,242391],[-69,-9,92153],[-49,25,92153],[-42,-15,242391],[-6,-16,38720],[-33,-39,44666],[2,-17,44666],[-25,-6,358824],[-18,33,63650],[-28,2,109606],[1,-29,49314],[-18,-14,109606],[-62,2,87574],[-60,-26,76770],[-44,2,659376],[5,-35,75720],[-30,-27,75720],[2,-32,57612],[-18,-44,286413],[-28,-15,59988],[-112,-33,0]],[[47244,80566,0],[83,-118,52726],[10,-29,40195],[18,-19,282320],[40,-19,139017],[-9,-25,43078],[-22,-16,91492],[-58,-20,429099],[36,-12,36141],[15,-13,117771],[15,-64,202886],[128,-39,274832],[13,-26,66434],[-17,-38,90899],[26,-34,1327367],[39,1,54213],[28,17,147090],[56,-5,57084],[43,-16,112713],[36,-2,41267],[60,8,209959],[44,-21,52815],[58,-14,434336],[13,5,37606],[1,-23,72208],[-13,-32,33505],[-13,-13,157827],[-49,-25,49200],[-43,-13,434336],[37,-18,68848],[34,-27,33616],[35,-34,188183],[22,-2,42633],[44,14,39130],[18,-1,188183],[25,-23,53008],[17,-41,49937],[21,-18,622262],[76,-3,123782],[65,41,164746],[26,-8,46096],[79,-5,622262],[43,-34,45185],[20,-26,133829],[35,2,48681],[38,-12,133829],[3,-52,146465],[13,-29,38762],[32,-47,90928],[45,-37,273805],[25,8,54045],[33,-15,113690],[70,-55,0]],[[45634,80304,0],[573,36,590605],[359,151,590605],[678,75,0]],[[46463,82144,0],[1075,157,0]],[[47538,82301,0],[503,-140,879611],[169,-381,0]],[[48210,81780,0],[70,-79,318154],[302,-32,940156],[-25,-110,364816],[-327,-297,0]],[[48230,81262,0],[-529,-313,404526],[-223,-66,832692],[-84,-241,373655],[-150,-76,0]],[[48230,81262,0],[110,-41,0]],[[48340,81221,0],[-2,-80,222612],[-25,-14,88244],[-23,-49,60914],[-39,-52,108725],[10,-34,99512],[-61,-5,949526],[36,-18,47788],[31,-28,42753],[37,-20,115434],[13,-21,56600],[68,-59,158657],[38,-20,54822],[51,-9,92023],[19,-27,470195],[94,-23,91291],[49,8,100797],[42,-32,100797],[56,9,182033],[26,-3,34297],[33,-13,66369],[59,-33,949526],[6,-38,99587],[-17,-41,34278],[-27,-51,338942],[40,-82,67200],[26,-28,236163],[-26,-14,50698],[-27,-36,90264],[-5,-37,236163],[63,-28,51651],[48,-12,1589351],[62,2,39840],[44,6,107931],[38,-20,89302],[45,-1,37927],[31,6,167952],[41,26,424755],[237,-99,48604],[58,-22,58788],[14,13,58788],[6,-16,34091],[19,-13,392260],[18,2,45212],[25,27,137406],[52,-1,54569],[28,-13,86251],[31,2,33454],[23,9,1589351],[-9,-80,76839],[-32,-24,76839],[24,-21,83186],[0,-35,53091],[-18,-15,163368],[19,-38,77345],[3,-36,40519],[-9,-21,240214],[-37,-38,49090],[-3,-18,102495],[-37,5,240214],[-25,-9,42986],[20,-9,42986],[1,-18,39527],[-16,-45,149226],[17,-25,39568],[19,-7,62044],[7,-30,341028],[-23,-17,55432],[4,-25,114835],[-44,-8,49930],[-37,-20,270097],[3,-17,40253],[-14,-29,84004],[25,-33,84004],[-2,-66,0]],[[48340,81221,0],[225,-68,235119],[232,-124,1020383],[118,124,92950],[22,39,519365],[49,4,47741],[47,15,163585],[48,-16,57572],[36,-27,345550],[18,17,44709],[22,44,70645],[32,23,247370],[76,10,34731],[103,16,1887110],[88,-76,109852],[34,-21,43499],[39,-12,318519],[28,23,78981],[28,46,50316],[4,26,232626],[118,-7,318519],[-7,-8,40596],[26,-19,68277],[-16,-31,68277],[24,-33,56885],[-6,-20,318519],[99,-53,67034],[24,-3,127352],[89,-61,39237],[19,-17,199302],[26,2,63196],[57,-28,78889],[61,-3,170431],[67,-57,1024847],[-15,-40,62105],[-21,-19,49524],[-2,-17,35288],[-19,-27,82213],[-1,-30,82213],[-29,-65,57164],[-21,-23,140088],[2,-35,582367],[26,-17,61267],[61,-10,86832],[49,-29,60209],[35,-6,52422],[42,-24,106149],[34,-2,0]],[[50311,80582,0],[-44,-17,72267],[-22,-33,128176],[9,-47,354643],[28,-25,66425],[57,-17,98397],[41,-25,40331],[78,-58,782260],[-8,-4,70447],[6,-132,70447],[-8,-128,85194],[8,-30,78822],[-9,-62,36067],[-10,-38,396412],[-26,-9,54331],[-129,-25,34005],[-12,-4,196522],[35,-15,49086],[17,-22,396412],[18,-154,43379],[17,-114,0]],[[50311,80582,0],[-29,16,57051],[-9,24,47244],[-28,20,122359],[13,21,84630],[-12,29,49612],[-28,24,529625],[27,2,42414],[33,16,113406],[62,1,54290],[36,-10,54290],[40,5,227494],[6,27,78737],[56,30,173935],[28,-5,35705],[19,6,57126],[7,-16,38886],[19,2,110890],[29,24,53296],[27,2,712407],[15,71,77596],[3,94,282025],[16,44,46918],[15,15,69379],[1,33,90911],[31,37,62476],[6,31,34224],[12,18,136535],[33,12,136535],[9,32,40979],[16,96,1106407],[-21,-4,46453],[-36,15,175789],[1,14,54506],[-40,56,98581],[1,53,215798],[-18,9,42361],[-28,-7,45636],[-25,14,38476],[-18,-2,165585],[-12,21,41135],[-25,12,73288],[11,26,59003],[-22,15,1184601],[13,9,39516],[35,-2,55750],[19,-11,96697],[40,16,56770],[10,-3,35421],[52,11,207508],[31,26,55770],[42,15,45334],[27,20,132725],[38,11,38420],[12,-5,38420],[39,11,673564],[30,36,47097],[18,38,171291],[-83,3,171291],[-30,54,88068],[-31,115,673564],[299,614,0]],[[51093,82463,0],[264,159,67801],[246,151,333224],[31,66,0]],[[51634,82839,0],[219,-61,198176],[116,-49,43164],[124,-57,723925],[30,13,65088],[8,21,35490],[20,22,163822],[-5,66,102223],[13,42,48458],[17,16,431247],[52,18,89034],[28,-23,93780],[85,-28,62759],[43,-5,1905485],[-29,-303,443646],[33,-398,256966],[-55,1,172364],[-3,-29,58599],[21,-45,112400],[-7,-25,40966],[-20,-17,256966],[43,-62,115222],[47,0,256966],[18,-34,42799],[10,-41,139799],[-6,-19,36398],[7,-25,62904],[-21,-16,62904],[2,-39,3955676],[52,-35,33872],[27,-13,46397],[14,-21,46397],[24,0,214469],[30,27,41892],[35,19,259629],[20,-1,33879],[31,-13,113316],[116,-87,505889],[-9,-39,106312],[11,-25,50665],[37,-34,191211],[70,-32,48384],[20,-16,146512],[15,-36,36080],[22,-35,613165],[19,-13,59393],[38,-8,39175],[25,4,139872],[51,28,108882],[-17,-30,50825],[2,-29,108882],[29,-27,58648],[45,-18,263875],[37,12,65166],[25,-17,73709],[62,-9,53670],[39,-15,57525],[86,-13,775561],[13,-16,65102],[4,-54,43497],[-6,-16,210063],[-103,-60,309378],[-9,-17,56002],[22,-33,112371],[36,-30,36385],[30,-18,775561],[40,4,66184],[45,28,66184],[54,20,46078],[35,5,332410],[42,-56,127183],[56,-34,64815],[34,-4,332410],[121,25,105572],[103,1,936976],[5,-19,33911],[9,-84,55740],[0,-48,275661],[32,-32,53170],[37,-58,143628],[0,-76,143628],[6,-9,40992],[52,-23,936976],[61,-11,47843],[71,-6,93334],[127,-2,500897],[22,6,55081],[34,36,94095],[67,16,230202],[6,6,34402],[47,80,44343],[35,48,936976],[29,2,64341],[81,-26,146208],[34,-19,44452],[33,-31,81287],[48,-16,518729],[-61,-110,305975],[33,-62,52884],[61,-97,1720711],[776,-578,326903],[484,-393,2959398],[394,-195,37158],[100,-51,902449],[175,-8,77191],[147,-4,41537],[432,-15,0]],[[48210,81780,0],[76,18,153678],[65,27,61121],[63,38,103275],[52,15,56013],[55,29,77271],[42,1,77271],[23,11,38965],[15,21,366635],[7,40,58134],[21,20,121708],[23,-4,34328],[38,5,121708],[7,53,366635],[37,23,58682],[52,12,106761],[59,-5,164401],[36,22,42756],[104,53,129644],[62,6,941597],[-12,31,40551],[-24,30,35071],[-5,16,75421],[-38,26,52654],[9,10,52654],[-28,42,233107],[2,33,58596],[25,34,132075],[-44,26,91697],[-6,18,45619],[18,17,941597],[19,3,33349],[47,20,109042],[-26,30,153038],[30,10,49663],[53,36,58954],[66,28,529705],[148,-28,84714],[167,-21,272969],[33,33,128265],[104,-3,2102679],[117,-81,166664],[19,-3,64285],[118,-67,90375],[74,-24,237462],[34,-31,41149],[29,-15,41149],[-2,-12,100190],[87,-54,37636],[35,-25,237462],[49,-15,37061],[5,-8,82879],[63,1,873677],[38,24,51995],[114,86,186659],[96,21,0]],[[50461,82353,0],[632,110,0]],[[57375,83038,0],[3,-29,58161],[29,-30,251041],[51,0,77854],[21,-26,108409],[183,-95,53118],[55,-26,0]],[[51634,82839,0],[8,16,143945],[266,-38,895058],[30,109,261199],[-36,12,103282],[-72,88,261199],[-1,64,35762],[-6,110,126377],[11,23,64184],[-32,16,510354],[24,24,64559],[-17,11,46415],[12,20,64559],[62,159,34756],[-1,3,1563514],[-162,10,37321],[-142,11,487833],[-100,49,101313],[-363,154,1270825],[-62,33,102465],[-26,18,34241],[-91,74,44660],[-19,18,290291],[68,44,597359],[365,-29,147346],[29,-21,45469],[2,21,45469],[22,-11,45469],[-10,-16,81732],[42,8,709861],[-1,12,34619],[21,19,59699],[28,11,47046],[27,20,34536],[-5,5,198470],[7,131,493896],[-97,82,110785],[-52,17,238066],[-30,-4,41055],[-60,-20,0]],[[51273,84092,0],[-50,127,125193],[-3,79,39749],[-5,7,1002195],[112,68,97947],[257,173,338746],[216,94,50820],[112,51,716198],[165,-26,85127],[75,-3,1467304],[8,134,187214],[-49,140,492080],[27,150,240368],[118,179,0]],[[52256,85265,0],[156,-79,240736],[201,-185,737837],[-130,-141,350605],[60,-142,737837],[260,-182,232857],[26,-65,88854],[-12,-37,231664],[63,-14,58011],[58,-25,529673],[99,-237,2272256],[317,-246,194281],[535,-390,368946],[58,46,157928],[67,-42,271320],[5,-23,65265],[-35,-19,128656],[17,-74,43877],[9,-12,313909],[287,-119,368946],[47,-32,116495],[61,-105,684438],[232,-160,200183],[379,-225,5569145],[23,17,48262],[2,-23,48262],[22,7,48262],[-16,30,48262],[24,11,155912],[43,-23,59730],[12,-26,146812],[17,-5,38260],[21,11,71096],[1,20,37778],[15,12,274872],[-12,21,42285],[-1,36,49803],[-18,33,205195],[-32,17,102591],[126,5,502659],[53,-50,95225],[21,-55,38128],[10,-12,154640],[-16,-39,389334],[181,71,502659],[118,8,39282],[153,8,97651],[10,-8,77384],[142,10,240128],[45,-21,106633],[65,0,36086],[20,-6,36086],[44,3,222875],[37,8,73306],[23,14,35215],[24,28,222875],[50,6,43618],[33,-4,64435],[29,12,125702],[48,-13,37998],[47,-6,175033],[24,16,45497],[52,14,890465],[41,-4,69531],[21,-28,99994],[24,-8,46877],[72,-5,87693],[45,-24,205956],[39,-64,101374],[18,-12,37884],[20,5,890465],[37,40,37145],[80,78,46303],[25,29,489990],[231,67,49015],[33,11,206589],[21,26,83304],[48,27,34431],[50,22,206589],[81,11,89214],[33,-17,0]],[[50461,82353,0],[-56,102,141199],[-139,173,460708],[-66,47,112810],[-54,7,56909],[-38,17,263375],[-73,88,71293],[-12,-1,71293],[-103,93,1248718],[-26,161,200996],[23,0,79763],[49,61,169669],[-1,14,46244],[-35,43,393483],[85,69,146942],[-22,51,136460],[64,38,795128],[-51,83,90358],[-38,40,48910],[-9,18,37064],[-38,46,157716],[-94,89,0]],[[49827,83592,0],[184,77,219147],[299,69,757454],[81,161,250631],[-28,114,1245627],[141,-4,36314],[46,-3,64106],[108,0,367872],[151,17,108355],[86,27,207250],[31,52,207250],[86,-20,37304],[74,-14,207250],[68,-2,95806],[42,6,41709],[77,20,0]],[[47538,82301,0],[212,299,621678],[97,529,798542],[229,165,2686909],[679,105,438402],[570,149,570117],[340,3,247123],[162,41,0]],[[51573,86173,0],[192,-306,509492],[18,-330,1052439],[366,-117,447854],[107,-155,0]],[[56207,84567,0],[198,-235,71728],[55,-60,833600],[156,-12,196785],[112,-36,55978],[129,-36,443742],[51,-22,53863],[259,-128,149400],[34,-31,1984069],[32,-241,58721],[23,-133,51406],[10,-87,215383],[33,-142,74423],[14,-99,77697],[28,-38,75715],[-8,-35,329845],[43,-25,62057],[48,-10,70679],[39,-18,38418],[6,-11,329845],[-18,-65,131658],[-45,-22,74810],[-31,-43,0]],[[59749,94090,0],[-161,-564,133307],[-475,-1675,1904860],[-236,-460,54012],[-326,-641,87849],[-247,-491,0]],[[58304,90259,0],[-57,-142,553428],[-748,-651,1009551],[-512,-707,390831],[-60,-150,0]],[[58491,85904,0],[-282,-365,1306841],[-155,3,285009],[-305,-29,46720],[-380,-38,128043],[-255,-32,37146],[-11,0,0]],[[58304,90259,0],[457,-397,51262],[547,-479,1625672],[-154,-462,0]],[[59154,88921,0],[-265,-798,309817],[1,-77,0]],[[58890,88046,0],[165,-460,1552910],[-85,-592,641862],[-183,-199,641862],[-92,-277,35218],[-204,-614,0]],[[58491,85904,0],[171,-33,131620],[92,-4,42249],[37,-9,42249],[22,6,64669],[47,-9,280474],[46,-22,54202],[80,-25,144982],[42,2,45000],[52,-8,118089],[1,-10,38938],[31,-2,38938],[98,-29,1447136],[19,-38,90745],[-35,-25,210182],[25,-7,59107],[10,-33,92549],[-16,-35,92549],[40,-81,114509],[26,-115,317844],[-13,-88,67891],[-24,-82,317844],[76,-87,138788],[20,-79,1924819],[95,-40,129716],[61,-65,220032],[98,2,220032],[223,-83,188062],[58,-30,42399],[151,-84,800486],[176,-11,53420],[362,-18,800486],[20,-44,43639],[49,-130,307631],[-85,-87,800486],[113,-62,39502],[235,-127,443200],[80,76,34588],[21,23,443200],[151,-123,47345],[83,-72,0]],[[58890,88046,0],[281,19,107565],[141,0,545916],[64,-14,33315],[28,-10,136965],[168,-67,37960],[120,-51,3132924],[39,-35,88428],[-8,-38,90076],[41,-70,77455],[-7,-26,77455],[42,-35,77455],[17,-47,44554],[24,-40,235127],[-8,-18,36931],[-2,-41,51998],[7,-19,670944],[69,-35,33805],[12,-3,137158],[7,-51,120994],[11,-2,34374],[58,-35,320373],[37,-3,66969],[55,22,72086],[65,1,670944],[31,-27,137623],[52,-146,38815],[23,-59,483045],[191,-57,42327],[67,-17,483045],[6,-108,284730],[38,-34,38029],[52,-38,106309],[87,-97,832064],[-84,-50,38414],[-29,-14,241864],[-2,-115,731283],[75,-38,57971],[73,-28,147036],[50,-55,146467],[145,-64,370760],[36,-46,46973],[72,-102,1568113],[-51,-80,186690],[-142,-69,693230],[278,-3,67798],[234,0,403959],[290,69,870148],[92,-288,1433190],[-534,-365,1568113],[376,-129,937008],[107,-222,456382],[438,-398,408638],[-1,-83,0]],[[61137,91579,0],[376,-977,2125097],[1185,-352,3236038],[-1020,-365,900122],[-93,-214,0]],[[61585,89671,0],[-406,-59,602494],[-258,-241,602494],[-568,-196,1819083],[-216,-207,300553],[-41,-133,700588],[145,-146,428390],[-3,-109,192255],[-79,-93,2835028],[-73,38,50638],[-95,57,382704],[-148,-74,48479],[-39,-16,691184],[-30,2,38375],[-24,13,129132],[-14,44,71873],[-34,21,50193],[-6,20,264490],[22,44,119438],[-8,26,44108],[5,39,64475],[-16,43,212780],[-28,0,50966],[-34,20,93639],[-4,33,691184],[-152,35,97321],[-283,75,55866],[-44,14,0]],[[61585,89671,0],[306,-1,333135],[126,34,174698],[26,-48,174698],[204,-22,35731],[265,-31,59329],[153,-19,2146882],[0,-17,37816],[20,-26,83979],[19,-13,33387],[26,-4,181746],[4,-24,35176],[-5,-36,35176],[2,-57,554348],[34,-31,40421],[11,-21,118871],[31,-5,52638],[17,-24,52638],[54,-20,210042],[-18,-50,133813],[24,-18,52370],[47,-9,147036],[47,-27,51781],[50,-42,98591],[14,-22,41605],[46,-44,275903],[41,-6,60313],[93,-31,207145],[-2,-10,34083],[24,-18,52584],[-5,-22,86536],[34,-20,43685],[14,-21,928833],[-49,-50,72138],[-52,-32,35139],[-17,-16,269832],[5,-17,55392],[60,-71,232348],[-22,-27,60490],[-50,-27,39286],[-15,-15,928833],[2,-42,113439],[43,14,40143],[25,0,113439],[2,-24,74225],[55,-19,222280],[90,18,58810],[38,-2,323738],[0,-23,96276],[89,-40,96276],[36,-26,37970],[40,-39,421686],[115,-29,164367],[121,22,4413751],[71,-70,253884],[-19,-78,151243],[7,-54,56269],[25,-85,463509],[-164,-16,463509],[-20,-194,263537],[76,-106,198239],[-17,-92,1190739],[-182,-155,388193],[-34,-63,161806],[17,-138,538253],[-289,-193,1435468],[88,-187,308654],[16,-77,79472],[37,-276,5023370],[381,-271,771440],[227,45,470634],[242,-85,37142],[147,-53,1593818],[274,95,38961],[264,91,334835],[250,40,735056],[272,-58,41068],[37,-7,2115930],[7,-32,66784],[15,-138,42762],[12,-127,61216],[7,-41,504084],[38,-38,36862],[28,-20,41537],[92,-81,35141],[28,-21,0]],[[63316,91154,0],[0,-1,0]],[[65510,90119,0],[59,104,52712],[7,23,217449],[113,55,360551],[-1,113,147443],[44,96,1249294],[87,2,76478],[177,-10,502871],[232,43,223164],[278,100,424364],[157,-123,398868],[245,40,424364],[-157,134,2735352],[-23,297,196891],[6,41,92225],[-42,36,818621],[-78,10,71524],[-68,24,239416],[-45,100,239416],[-223,155,669288],[80,76,372296],[-23,54,90025],[-57,50,179270],[-51,-4,95317],[-44,37,277005],[10,67,60835],[-7,32,1479220],[37,48,121877],[221,192,167054],[43,26,36551],[31,29,36551],[12,0,0]],[[66530,91966,0],[34,-23,49207],[47,-15,44028],[30,-20,166234],[59,13,110419],[84,-29,402214],[1,47,167215],[138,59,292045],[133,-39,1633812],[45,48,160379],[-1,16,44922],[26,65,93247],[-6,38,35467],[3,34,253653],[-57,28,187073],[0,19,52285],[32,31,100170],[1,18,34027],[-15,26,71155],[1,18,34491],[15,13,381021],[79,26,175867],[30,32,60382],[-18,9,60382],[20,60,657954],[-25,48,107115],[0,97,73486],[-12,34,194457],[28,98,206761],[22,406,0]],[[67224,93123,0],[449,-268,81037],[49,-31,43635],[32,-4,43635],[8,-15,62736],[68,-42,35994],[21,-21,35994],[28,-14,1567155],[65,3,54693],[21,-9,81468],[61,13,81468],[75,-5,43155],[27,5,35039],[34,-3,135807],[42,15,135807],[56,-5,37886],[29,3,46188],[44,-8,78956],[26,-16,78956],[59,1,47212],[12,8,949429],[255,380,2279557],[619,-152,456222],[153,-90,132667],[174,-77,318315],[108,-17,38627],[45,-14,38627],[31,-2,74743],[31,-19,46655],[22,3,852533],[176,-104,162515],[217,-110,50370],[238,-124,523134],[474,-154,4926355],[4,-445,513961],[69,-106,197654],[10,-28,39132],[60,-209,1356765],[352,-404,422434],[345,-514,0]],[[71813,90544,0],[-180,-676,1512807],[106,-29,34314],[211,-57,62282],[265,-75,468732],[155,42,1512807],[160,-568,68047],[212,-765,0]],[[72742,88416,0],[-81,-615,540574],[0,-31,43017],[15,-86,136422],[-3,-25,39618],[-18,-58,79742],[3,-56,259764],[25,-81,70449],[32,-59,0]],[[72715,87405,0],[-765,103,108742],[-632,83,54513],[-1017,130,2635744],[-197,8,211706],[-591,-28,729878],[-597,-168,956077],[-320,28,170891],[-631,33,956077],[-222,-201,0]],[[67224,93123,0],[30,410,52378],[3,70,44149],[10,66,52378],[-1,44,119370],[18,29,47962],[3,36,91766],[-13,51,57157],[8,28,1440020],[48,52,74497],[36,13,83180],[35,46,61524],[50,39,172390],[33,-1,74457],[22,19,46584],[51,20,139713],[55,63,178688],[-18,27,46211],[-27,13,178688],[34,24,87898],[46,7,35457],[15,11,35457],[16,-8,43868],[27,9,465144],[-7,-63,188586],[43,11,69007],[35,35,69007],[60,24,213625],[-1,22,56189],[34,26,67393],[-1,32,188802],[109,8,1720483],[-1,58,99408],[-41,35,112415],[13,46,112415],[-18,14,46856],[-28,51,338501],[-83,32,113238],[-81,-4,338501],[22,32,38635],[15,5,70451],[18,49,137015],[36,-2,44218],[25,11,101662],[25,33,35165],[-1,11,417923],[-62,119,167676],[-53,-4,107737],[-19,14,33640],[-10,20,43650],[-24,14,167676],[-2,62,748982],[66,7,106237],[41,27,40730],[15,19,199774],[-10,32,90885],[44,59,4704928],[-76,14,107950],[-32,27,64926],[-29,4,49826],[-45,26,278496],[-17,45,132275],[-59,29,60708],[-19,-5,39065],[-27,13,157350],[11,21,51144],[-13,29,157350],[-53,9,97654],[-11,28,70603],[-26,6,37296],[-28,20,559825],[23,38,68535],[29,-2,52174],[13,22,159189],[-29,20,53894],[20,10,53894],[-2,52,559825],[-24,26,66975],[-422,420,199209],[-1243,1206,0]],[[69234,98541,0],[1176,-1240,1150672],[885,-678,2331742],[213,-517,48969],[217,-528,5962394],[837,-411,1146869],[775,-13,1455138],[442,-216,494241],[365,-310,1708641],[176,36,293016],[68,-20,147733],[318,-16,780377],[779,-255,0]],[[75485,94373,0],[-344,-479,76708],[-18,-30,714376],[-251,-185,372590],[-431,-451,1463742],[-50,-146,420532],[213,-194,1299547],[-349,-389,768534],[-68,-26,48767],[-452,-165,1299547],[-421,-637,411177],[-428,-593,116023],[-292,-416,3363588],[-645,-98,44108],[-136,-20,0]],[[96681,88206,0],[0,-1,0]],[[96681,88204,0],[0,-1,0]],[[96681,88203,0],[-1,-2,0]],[[96680,88201,0],[-1,-1,0]],[[96678,88200,0],[-1,-1,0]],[[96677,88199,0],[-3,-2,0]],[[96673,88197,0],[-1,-1,0]],[[96671,88196,0],[-2,-1,0]],[[96668,88192,0],[0,-2,0]],[[96668,88187,0],[0,-1,0]],[[96668,88185,0],[0,-2,0]],[[96670,88181,0],[0,-1,0]],[[96670,88180,0],[0,-1,0]],[[96670,88178,0],[-1,-9,0]],[[96669,88166,0],[1,-1,0]],[[96670,88165,0],[6,-3,0]],[[96676,88162,0],[5,-2,0]],[[96694,88155,0],[0,-2,0]],[[96692,88150,0],[0,-2,0]],[[96692,88148,0],[0,-1,0]],[[96692,88146,0],[1,-1,0]],[[96703,88143,0],[3,0,0]],[[96710,88145,0],[1,0,0]],[[96713,88145,0],[1,0,0]],[[96716,88144,0],[1,-1,0]],[[96715,88134,0],[-1,-2,0]],[[96707,88122,0],[-1,0,0]],[[96710,88117,0],[3,-1,0]],[[96713,88116,0],[2,-1,0]],[[96720,88112,0],[1,-1,0]],[[96722,88109,0],[0,-1,0]],[[96722,88107,0],[0,-1,0]],[[96721,88104,0],[0,-1,0]],[[96715,88095,0],[-2,-2,0]],[[96712,88093,0],[-1,-1,0]],[[96705,88088,0],[0,-1,0]],[[96707,88083,0],[2,-1,0]],[[96713,88079,0],[1,0,0]],[[96714,88079,0],[2,-1,0]],[[96717,88078,0],[2,-1,0]],[[96719,88077,0],[1,0,0]],[[96721,88077,0],[1,1,0]],[[96722,88078,0],[1,0,0]],[[96724,88079,0],[1,1,0]],[[96725,88080,0],[1,1,0]],[[96726,88081,0],[0,1,0]],[[96726,88083,0],[0,1,0]],[[96724,88092,0],[0,2,0]],[[96725,88095,0],[1,1,0]],[[96729,88099,0],[1,1,0]],[[96732,88100,0],[1,0,0]],[[96744,88097,0],[1,0,0]],[[96747,88093,0],[1,-1,0]],[[96748,88089,0],[1,-2,0]],[[96752,88080,0],[1,-2,0]],[[96753,88078,0],[2,-2,0]],[[96761,88070,0],[2,-1,0]],[[96765,88068,0],[2,-1,0]],[[96768,88065,0],[1,-1,0]],[[96769,88062,0],[0,-1,0]],[[96769,88061,0],[-2,-3,0]],[[96750,88044,0],[-1,-3,0]],[[96748,88039,0],[0,-2,0]],[[96748,88037,0],[-1,-2,0]],[[96747,88035,0],[0,-3,0]],[[96746,88031,0],[0,-4,0]],[[96747,88022,0],[0,-1,0]],[[96748,88021,0],[2,-2,0]],[[96754,88019,0],[4,0,0]],[[96766,88021,0],[2,1,0]],[[96769,88023,0],[1,3,0]],[[96770,88027,0],[0,1,0]],[[96768,88035,0],[-2,3,0]],[[96765,88041,0],[0,2,0]],[[96769,88048,0],[2,0,0]],[[96781,88047,0],[3,-1,0]],[[96788,88040,0],[-1,-2,0]],[[96787,88038,0],[-2,-2,0]],[[96784,88035,0],[-4,-2,0]],[[96778,88030,0],[-1,-1,0]],[[96777,88026,0],[0,-1,0]],[[96777,88024,0],[1,-1,0]],[[96778,88022,0],[1,0,0]],[[96779,88021,0],[1,0,0]],[[96782,88019,0],[2,-1,0]],[[96785,88017,0],[1,0,0]],[[96791,88017,0],[1,0,0]],[[96792,88017,0],[2,0,0]],[[96795,88016,0],[1,0,0]],[[96797,88015,0],[0,-1,0]],[[96798,88014,0],[1,-1,0]],[[96802,88011,0],[0,-1,0]],[[96803,88008,0],[0,-1,0]],[[96803,88007,0],[1,0,0]],[[96805,88005,0],[0,-1,0]],[[96805,88004,0],[-1,-2,0]],[[96803,88001,0],[-2,-1,0]],[[96799,88001,0],[-1,0,0]],[[96795,88003,0],[-2,2,0]],[[96790,88010,0],[0,1,0]],[[96790,88011,0],[-1,1,0]],[[96788,88013,0],[-2,1,0]],[[96785,88014,0],[-2,0,0]],[[96783,88014,0],[-1,0,0]],[[96780,88014,0],[-2,0,0]],[[96772,88012,0],[0,-1,0]],[[96771,88011,0],[0,-1,0]],[[96772,88007,0],[1,-1,0]],[[96773,88006,0],[1,-1,0]],[[96775,88005,0],[2,-2,0]],[[96778,88001,0],[1,-1,0]],[[96780,87998,0],[0,-1,0]],[[96782,87993,0],[1,-2,0]],[[96784,87987,0],[0,-1,0]],[[96784,87984,0],[-1,-1,0]],[[96778,87978,0],[0,-1,0]],[[96777,87976,0],[0,-1,0]],[[96782,87972,0],[1,0,0]],[[96787,87968,0],[1,-2,0]],[[96788,87965,0],[1,-2,0]],[[96790,87961,0],[1,-1,0]],[[96791,87952,0],[-1,-1,0]],[[96790,87950,0],[-1,-2,0]],[[96787,87943,0],[0,-1,0]],[[96790,87937,0],[1,0,0]],[[96792,87938,0],[1,0,0]],[[96793,87938,0],[1,1,0]],[[96794,87939,0],[1,1,0]],[[96797,87942,0],[1,0,0]],[[96800,87943,0],[1,0,0]],[[96805,87941,0],[1,-1,0]],[[96814,87933,0],[-1,-1,0]],[[96813,87931,0],[-1,-1,0]],[[96811,87926,0],[-1,-1,0]],[[96810,87914,0],[0,-1,0]],[[96811,87911,0],[1,0,0]],[[96814,87910,0],[3,1,0]],[[96819,87911,0],[1,0,0]],[[96820,87912,0],[6,5,0]],[[96826,87917,0],[2,3,0]],[[96829,87921,0],[1,0,0]],[[96830,87922,0],[1,0,0]],[[96832,87922,0],[1,1,0]],[[96838,87923,0],[2,-1,0]],[[96842,87920,0],[0,-1,0]],[[96842,87918,0],[0,-1,0]],[[96842,87917,0],[0,-1,0]],[[96843,87916,0],[1,-1,0]],[[96848,87912,0],[1,-1,0]],[[96850,87910,0],[1,-1,0]],[[96851,87909,0],[1,-1,0]],[[96853,87907,0],[0,-1,0]],[[96852,87906,0],[0,-1,0]],[[96845,87896,0],[-1,-1,0]],[[96844,87895,0],[0,-1,0]],[[96844,87894,0],[1,0,0]],[[96849,87894,0],[2,-1,0]],[[96852,87893,0],[1,-1,0]],[[96854,87889,0],[2,-5,0]],[[96857,87881,0],[0,-1,0]],[[96854,87874,0],[0,-1,0]],[[96854,87873,0],[-1,0,0]],[[96853,87868,0],[-1,0,0]],[[96852,87868,0],[-1,-2,0]],[[96850,87866,0],[-1,-1,0]],[[96849,87865,0],[-2,0,0]],[[96847,87865,0],[-3,-1,0]],[[96839,87864,0],[-4,0,0]],[[96833,87863,0],[0,-1,0]],[[96833,87861,0],[1,-3,0]],[[96835,87856,0],[1,0,0]],[[96848,87852,0],[2,0,0]],[[96850,87852,0],[2,0,0]],[[96854,87852,0],[1,0,0]],[[96855,87852,0],[1,0,0]],[[96856,87852,0],[1,0,0]],[[96857,87852,0],[0,-1,0]],[[96859,87843,0],[-1,0,0]],[[96857,87842,0],[-2,0,0]],[[96854,87841,0],[-1,0,0]],[[96853,87841,0],[0,-1,0]],[[96853,87837,0],[0,-1,0]],[[96852,87836,0],[0,-1,0]],[[96851,87835,0],[-2,-2,0]],[[96848,87831,0],[-1,-3,0]],[[96842,87818,0],[0,-2,0]],[[96842,87814,0],[0,-1,0]],[[96842,87813,0],[0,-1,0]],[[96842,87812,0],[1,-2,0]],[[96843,87809,0],[1,-1,0]],[[96844,87807,0],[1,-2,0]],[[96845,87805,0],[1,-1,0]],[[96851,87797,0],[0,-1,0]],[[96852,87792,0],[-1,0,0]],[[96851,87792,0],[0,-1,0]],[[96848,87790,0],[0,-1,0]],[[96848,87789,0],[1,-1,0]],[[96849,87788,0],[1,-1,0]],[[96852,87786,0],[1,-1,0]],[[96854,87783,0],[0,-1,0]],[[96854,87782,0],[0,-1,0]],[[96853,87780,0],[0,-1,0]],[[96853,87779,0],[-1,-1,0]],[[96842,87776,0],[-1,0,0]],[[96839,87775,0],[-1,-1,0]],[[96834,87770,0],[-1,-1,0]],[[96832,87768,0],[1,-1,0]],[[96833,87767,0],[0,-1,0]],[[96830,87763,0],[-1,0,0]],[[96828,87762,0],[-1,0,0]],[[96826,87762,0],[-1,0,0]],[[96824,87763,0],[-1,1,0]],[[96823,87764,0],[0,1,0]],[[96818,87768,0],[-1,1,0]],[[96812,87771,0],[-2,0,0]],[[96810,87771,0],[-1,0,0]],[[96809,87771,0],[-1,0,0]],[[96807,87764,0],[0,-1,0]],[[96807,87763,0],[0,-1,0]],[[96807,87762,0],[-1,-1,0]],[[96805,87760,0],[-2,-1,0]],[[96799,87757,0],[-1,-1,0]],[[96795,87755,0],[-2,-2,0]],[[96791,87745,0],[0,-2,0]],[[96792,87743,0],[1,-1,0]],[[96810,87733,0],[4,-2,0]],[[96814,87731,0],[1,-1,0]],[[96818,87720,0],[-1,-2,0]],[[96817,87717,0],[0,-2,0]],[[96818,87713,0],[0,-2,0]],[[96819,87710,0],[0,-1,0]],[[96819,87709,0],[0,-2,0]],[[96820,87705,0],[0,-1,0]],[[96826,87700,0],[7,-5,0]],[[96834,87687,0],[1,-2,0]],[[96835,87685,0],[1,-1,0]],[[96843,87682,0],[2,0,0]],[[96862,87668,0],[1,-1,0]],[[96864,87667,0],[1,-1,0]],[[96866,87666,0],[3,-1,0]],[[96871,87665,0],[1,0,0]],[[96874,87665,0],[2,1,0]],[[96876,87666,0],[1,0,0]],[[96878,87666,0],[1,-1,0]],[[96880,87665,0],[1,-1,0]],[[96881,87664,0],[2,-1,0]],[[96879,87656,0],[-3,-1,0]],[[96876,87655,0],[-2,-1,0]],[[96873,87654,0],[-2,0,0]],[[96866,87655,0],[-1,0,0]],[[96862,87657,0],[-1,1,0]],[[96853,87654,0],[0,-1,0]],[[96852,87648,0],[1,-2,0]],[[96853,87646,0],[2,-2,0]],[[96855,87644,0],[3,-4,0]],[[96871,87631,0],[3,0,0]],[[96874,87631,0],[2,2,0]],[[96878,87638,0],[1,3,0]],[[96880,87643,0],[0,1,0]],[[96881,87645,0],[2,1,0]],[[96884,87646,0],[5,0,0]],[[96891,87646,0],[4,-1,0]],[[96900,87643,0],[2,-2,0]],[[96902,87641,0],[6,0,0]],[[96919,87621,0],[1,-2,0]],[[96926,87615,0],[3,-2,0]],[[96929,87613,0],[2,-1,0]],[[96931,87612,0],[2,0,0]],[[96934,87611,0],[1,0,0]],[[96935,87611,0],[3,0,0]],[[96943,87607,0],[0,-1,0]],[[96944,87605,0],[1,0,0]],[[96949,87600,0],[1,-1,0]],[[96953,87598,0],[2,-2,0]],[[96958,87594,0],[0,-1,0]],[[96959,87593,0],[0,-1,0]],[[96959,87592,0],[0,-1,0]],[[96959,87591,0],[0,-1,0]],[[96958,87589,0],[-4,-4,0]],[[96949,87581,0],[-2,-2,0]],[[96947,87579,0],[0,-1,0]],[[96946,87578,0],[0,-2,0]],[[96946,87576,0],[-1,-1,0]],[[96945,87570,0],[1,-1,0]],[[96949,87567,0],[1,0,0]],[[96950,87567,0],[1,0,0]],[[96952,87567,0],[1,0,0]],[[96953,87567,0],[1,1,0]],[[96957,87568,0],[0,1,0]],[[96964,87572,0],[1,0,0]],[[96972,87568,0],[1,-1,0]],[[96974,87565,0],[0,-1,0]],[[96974,87563,0],[1,-2,0]],[[96980,87553,0],[4,-5,0]],[[96984,87548,0],[4,-4,0]],[[96988,87534,0],[0,-1,0]],[[96993,87525,0],[2,-2,0]],[[96995,87522,0],[1,-1,0]],[[97001,87524,0],[1,0,0]],[[97005,87529,0],[1,2,0]],[[97006,87532,0],[2,2,0]],[[97009,87535,0],[0,1,0]],[[97010,87536,0],[1,1,0]],[[97013,87538,0],[0,1,0]],[[97017,87540,0],[1,0,0]],[[97018,87540,0],[1,0,0]],[[97019,87539,0],[1,0,0]],[[97020,87539,0],[0,-1,0]],[[97020,87538,0],[0,-1,0]],[[97020,87537,0],[0,-1,0]],[[97020,87536,0],[0,-1,0]],[[97020,87535,0],[-1,-2,0]],[[97018,87533,0],[-1,-1,0]],[[97016,87532,0],[-1,-1,0]],[[97015,87528,0],[1,0,0]],[[97017,87528,0],[1,0,0]],[[97023,87528,0],[1,-1,0]],[[97035,87524,0],[4,-4,0]],[[97042,87518,0],[2,-2,0]],[[97044,87516,0],[1,0,0]],[[97045,87515,0],[1,-2,0]],[[97046,87513,0],[0,-1,0]],[[97047,87510,0],[0,-1,0]],[[97047,87509,0],[-1,-1,0]],[[97040,87502,0],[0,-2,0]],[[97042,87495,0],[1,-1,0]],[[97043,87492,0],[0,-2,0]],[[97044,87488,0],[0,-1,0]],[[97045,87487,0],[3,-2,0]],[[97048,87485,0],[1,-1,0]],[[97054,87473,0],[0,-1,0]],[[97054,87472,0],[0,-1,0]],[[97052,87468,0],[-1,0,0]],[[97044,87465,0],[-3,-1,0]],[[97038,87461,0],[-1,-1,0]],[[97037,87459,0],[0,-1,0]],[[97040,87454,0],[1,-1,0]],[[97041,87453,0],[3,-1,0]],[[97049,87452,0],[4,-1,0]],[[97054,87449,0],[1,-1,0]],[[97054,87444,0],[-3,-1,0]],[[97051,87443,0],[-4,-1,0]],[[97040,87442,0],[-2,0,0]],[[97038,87442,0],[-3,0,0]],[[97030,87445,0],[-1,1,0]],[[97029,87446,0],[0,1,0]],[[97027,87451,0],[-1,1,0]],[[97026,87453,0],[0,1,0]],[[97026,87455,0],[-1,0,0]],[[97025,87456,0],[-1,1,0]],[[97021,87458,0],[-3,2,0]],[[97017,87460,0],[-1,1,0]],[[97015,87461,0],[-1,0,0]],[[97012,87461,0],[-1,0,0]],[[97011,87461,0],[-1,-1,0]],[[97009,87459,0],[-1,-1,0]],[[97008,87457,0],[0,-2,0]],[[97017,87450,0],[1,-1,0]],[[97019,87447,0],[-1,-2,0]],[[97017,87443,0],[-2,-2,0]],[[96999,87444,0],[-5,3,0]],[[96990,87449,0],[-1,0,0]],[[96988,87440,0],[0,-2,0]],[[96988,87438,0],[-2,-2,0]],[[96983,87435,0],[-2,-2,0]],[[96978,87429,0],[-3,-3,0]],[[96971,87413,0],[0,-1,0]],[[96971,87411,0],[0,-1,0]],[[96973,87407,0],[0,-2,0]],[[96973,87399,0],[0,-2,0]],[[96973,87397,0],[0,-2,0]],[[96973,87394,0],[0,-1,0]],[[96977,87389,0],[0,-1,0]],[[96979,87382,0],[1,-1,0]],[[96980,87381,0],[0,-1,0]],[[96980,87376,0],[-1,-1,0]],[[96979,87370,0],[1,0,0]],[[96983,87371,0],[1,0,0]],[[96985,87371,0],[2,0,0]],[[96987,87371,0],[2,0,0]],[[96994,87368,0],[2,-2,0]],[[96996,87366,0],[0,-3,0]],[[96999,87355,0],[-1,0,0]],[[96998,87355,0],[0,-1,0]],[[96998,87354,0],[-1,-2,0]],[[97000,87346,0],[0,-2,0]],[[96996,87335,0],[-1,-2,0]],[[96995,87333,0],[-1,-1,0]],[[96993,87327,0],[0,-4,0]],[[96996,87318,0],[2,-3,0]],[[96999,87312,0],[0,-3,0]],[[97008,87300,0],[2,-2,0]],[[97012,87293,0],[-1,-1,0]],[[97008,87286,0],[0,-1,0]],[[97008,87283,0],[1,0,0]],[[97009,87283,0],[0,-1,0]],[[97008,87281,0],[1,-1,0]],[[97007,87273,0],[-1,-2,0]],[[97006,87271,0],[0,-2,0]],[[97006,87264,0],[0,-1,0]],[[97008,87257,0],[1,-3,0]],[[97010,87249,0],[4,-5,0]],[[97022,87242,0],[6,1,0]],[[97029,87243,0],[1,-1,0]],[[97030,87238,0],[-1,-1,0]],[[97031,87228,0],[0,-1,0]],[[97028,87222,0],[0,-1,0]],[[97034,87216,0],[2,-1,0]],[[97042,87211,0],[0,-1,0]],[[97042,87209,0],[0,-1,0]],[[97041,87208,0],[0,-2,0]],[[97041,87206,0],[0,-1,0]],[[97042,87204,0],[2,-2,0]],[[97047,87200,0],[1,-1,0]],[[97050,87198,0],[0,-1,0]],[[97057,87194,0],[3,0,0]],[[97062,87186,0],[1,0,0]],[[97067,87185,0],[1,0,0]],[[97070,87184,0],[2,0,0]],[[97074,87180,0],[1,0,0]],[[97077,87178,0],[0,-1,0]],[[97077,87175,0],[-1,-1,0]],[[97076,87174,0],[0,-1,0]],[[97076,87173,0],[-1,-1,0]],[[97073,87164,0],[-1,-4,0]],[[97072,87157,0],[1,-2,0]],[[97078,87147,0],[1,-1,0]],[[97080,87144,0],[1,-1,0]],[[97081,87142,0],[1,-2,0]],[[97083,87136,0],[-2,-5,0]],[[97081,87130,0],[0,-1,0]],[[97081,87129,0],[-1,-1,0]],[[97083,87115,0],[0,-1,0]],[[97077,87110,0],[-1,-1,0]],[[97075,87109,0],[-1,-1,0]],[[97074,87108,0],[0,-1,0]],[[97074,87107,0],[-1,-2,0]],[[97073,87105,0],[0,-3,0]],[[97074,87100,0],[0,-1,0]],[[97074,87099,0],[1,-1,0]],[[97077,87093,0],[-1,-1,0]],[[97073,87088,0],[-1,0,0]],[[97071,87087,0],[0,-1,0]],[[97071,87086,0],[0,-2,0]],[[97075,87075,0],[0,-1,0]],[[97067,87069,0],[1,-1,0]],[[97069,87067,0],[0,-1,0]],[[97069,87061,0],[-2,-7,0]],[[97066,87046,0],[0,-2,0]],[[97065,87042,0],[-1,-3,0]],[[97064,87039,0],[0,-4,0]],[[97066,87028,0],[3,-3,0]],[[97069,87025,0],[1,-2,0]],[[97070,87020,0],[1,-1,0]],[[97072,87018,0],[1,-1,0]],[[97073,87016,0],[1,-1,0]],[[97075,87015,0],[0,-1,0]],[[97075,87012,0],[0,-1,0]],[[97078,87008,0],[0,-1,0]],[[97078,87004,0],[0,-1,0]],[[97077,87001,0],[-1,-3,0]],[[97076,86997,0],[-1,-7,0]],[[97075,86988,0],[0,-3,0]],[[97075,86981,0],[-1,-1,0]],[[97072,86979,0],[-2,-1,0]],[[97067,86975,0],[-1,-2,0]],[[97063,86969,0],[0,-2,0]],[[97062,86966,0],[-1,-2,0]],[[97060,86961,0],[-1,-2,0]],[[97059,86959,0],[0,-2,0]],[[97059,86956,0],[0,-2,0]],[[97059,86954,0],[1,-1,0]],[[97061,86952,0],[1,-1,0]],[[97062,86951,0],[0,-1,0]],[[97062,86950,0],[0,-1,0]],[[97062,86949,0],[-1,-2,0]],[[97059,86944,0],[0,-2,0]],[[97064,86929,0],[-1,-3,0]],[[97064,86915,0],[0,-1,0]],[[97064,86914,0],[0,-1,0]],[[97064,86912,0],[-1,0,0]],[[97063,86911,0],[-1,-1,0]],[[97062,86909,0],[0,-1,0]],[[97062,86907,0],[-1,-1,0]],[[97058,86904,0],[-2,-2,0]],[[97048,86897,0],[-1,0,0]],[[97046,86897,0],[-1,-1,0]],[[97041,86894,0],[-1,-1,0]],[[97039,86893,0],[0,-1,0]],[[97035,86892,0],[-1,0,0]],[[97034,86891,0],[-1,0,0]],[[97033,86890,0],[-1,0,0]],[[97034,86888,0],[0,-1,0]],[[97031,86882,0],[0,-1,0]],[[97027,86877,0],[-1,-2,0]],[[97026,86874,0],[3,-7,0]],[[97029,86867,0],[0,-3,0]],[[97030,86860,0],[1,-3,0]],[[97033,86856,0],[1,-1,0]],[[97034,86855,0],[1,0,0]],[[97036,86854,0],[1,-1,0]],[[97038,86852,0],[2,-2,0]],[[97041,86849,0],[2,0,0]],[[97044,86849,0],[2,-1,0]],[[97048,86848,0],[3,-1,0]],[[97053,86847,0],[1,-1,0]],[[97055,86842,0],[0,-4,0]],[[97056,86836,0],[1,-1,0]],[[97058,86834,0],[0,-1,0]],[[97057,86831,0],[-1,-2,0]],[[97056,86829,0],[-1,-2,0]],[[97054,86820,0],[0,-2,0]],[[97053,86815,0],[0,-1,0]],[[97053,86814,0],[-1,0,0]],[[97052,86814,0],[-1,0,0]],[[97051,86813,0],[1,0,0]],[[97052,86807,0],[0,-1,0]],[[97052,86804,0],[0,-1,0]],[[97052,86802,0],[1,-1,0]],[[97053,86800,0],[0,-1,0]],[[97053,86796,0],[-2,-3,0]],[[97050,86791,0],[0,-1,0]],[[97050,86789,0],[0,-1,0]],[[97049,86787,0],[0,-2,0]],[[97046,86774,0],[-2,-4,0]],[[97043,86769,0],[-1,-2,0]],[[97042,86766,0],[0,-2,0]],[[97043,86763,0],[0,-1,0]],[[97044,86762,0],[1,0,0]],[[97047,86761,0],[1,-1,0]],[[97048,86758,0],[0,-1,0]],[[97047,86743,0],[0,-1,0]],[[97047,86742,0],[1,-2,0]],[[97053,86737,0],[1,-1,0]],[[97054,86735,0],[1,-2,0]],[[97055,86725,0],[-1,-1,0]],[[97051,86721,0],[-2,-2,0]],[[97028,86699,0],[-1,-3,0]],[[97027,86696,0],[-1,-2,0]],[[97026,86692,0],[-1,-3,0]],[[97025,86689,0],[1,-2,0]],[[97026,86685,0],[0,-1,0]],[[97026,86684,0],[0,-1,0]],[[97027,86682,0],[1,-3,0]],[[97028,86679,0],[2,-4,0]],[[97028,86667,0],[-3,-8,0]],[[97023,86655,0],[0,-2,0]],[[97023,86652,0],[0,-2,0]],[[97025,86638,0],[3,-8,0]],[[97029,86622,0],[0,-2,0]],[[97028,86618,0],[0,-2,0]],[[97026,86613,0],[-5,-1,0]],[[97021,86612,0],[-6,-2,0]],[[97002,86603,0],[-1,-1,0]],[[97001,86602,0],[-1,0,0]],[[96996,86602,0],[-1,-1,0]],[[96995,86601,0],[-3,-2,0]],[[96991,86598,0],[0,-3,0]],[[96991,86595,0],[-1,-2,0]],[[96990,86593,0],[-1,-1,0]],[[96989,86592,0],[0,-2,0]],[[96989,86590,0],[-1,-1,0]],[[96986,86587,0],[0,-1,0]],[[96985,86586,0],[-1,-1,0]],[[96980,86584,0],[0,-1,0]],[[96978,86581,0],[-6,0,0]],[[96967,86580,0],[-1,-1,0]],[[96966,86578,0],[0,-1,0]],[[96966,86577,0],[0,-1,0]],[[96966,86576,0],[-1,-1,0]],[[96963,86575,0],[-3,1,0]],[[96960,86576,0],[-1,0,0]],[[96958,86576,0],[-2,-1,0]],[[96953,86573,0],[-2,0,0]],[[96949,86571,0],[-2,0,0]],[[96947,86569,0],[0,-1,0]],[[96948,86567,0],[-1,-1,0]],[[96946,86563,0],[-2,-1,0]],[[96942,86561,0],[-4,-2,0]],[[96918,86554,0],[-8,-1,0]],[[96896,86552,0],[-1,0,0]],[[96895,86552,0],[-1,0,0]],[[96894,86552,0],[-1,0,0]],[[96890,86552,0],[-1,0,0]],[[96887,86551,0],[0,-1,0]],[[96886,86550,0],[0,-1,0]],[[96885,86549,0],[-1,-2,0]],[[96883,86547,0],[-1,-1,0]],[[96869,86539,0],[-5,-2,0]],[[96849,86529,0],[0,-1,0]],[[96845,86521,0],[-1,-3,0]],[[96844,86518,0],[-2,-3,0]],[[96842,86515,0],[-2,-3,0]],[[96839,86510,0],[-2,-2,0]],[[96835,86506,0],[-2,-2,0]],[[96828,86499,0],[-3,-2,0]],[[96819,86494,0],[-2,-2,0]],[[96806,86485,0],[0,-1,0]],[[96806,86484,0],[-1,-3,0]],[[96790,86478,0],[-2,-1,0]],[[96787,86477,0],[-2,-1,0]],[[96782,86473,0],[-1,0,0]],[[96781,86473,0],[0,-2,0]],[[96781,86471,0],[-1,-1,0]],[[96780,86470,0],[-1,-2,0]],[[96778,86468,0],[-1,-2,0]],[[96773,86463,0],[-1,-1,0]],[[96772,86462,0],[0,-1,0]],[[96772,86460,0],[-3,-1,0]],[[96769,86461,0],[-1,1,0]],[[96768,86462,0],[-1,0,0]],[[96767,86462,0],[-2,0,0]],[[96765,86462,0],[-1,0,0]],[[96764,86462,0],[-1,0,0]],[[96759,86460,0],[0,-1,0]],[[96758,86458,0],[-2,-4,0]],[[96753,86446,0],[-2,-2,0]],[[96751,86444,0],[-1,0,0]],[[96748,86443,0],[-1,0,0]],[[96747,86443,0],[-1,0,0]],[[96746,86443,0],[-1,0,0]],[[96743,86442,0],[-1,-1,0]],[[96735,86439,0],[-2,-1,0]],[[96731,86438,0],[-1,0,0]],[[96728,86438,0],[-3,0,0]],[[96725,86438,0],[-1,0,0]],[[96719,86436,0],[-2,0,0]],[[96706,86434,0],[-2,0,0]],[[96699,86432,0],[-1,-1,0]],[[96698,86431,0],[0,-1,0]],[[96696,86429,0],[-2,0,0]],[[96694,86429,0],[-2,-1,0]],[[96692,86428,0],[-4,-1,0]],[[96685,86427,0],[-4,0,0]],[[96676,86426,0],[-2,-1,0]],[[96663,86421,0],[-1,-1,0]],[[96661,86418,0],[-1,-1,0]],[[96660,86417,0],[0,-1,0]],[[96658,86415,0],[-1,0,0]],[[96657,86415,0],[-1,0,0]],[[96656,86415,0],[-1,-3,0]],[[96653,86410,0],[-1,-1,0]],[[96651,86408,0],[-1,0,0]],[[96650,86407,0],[-2,0,0]],[[96645,86405,0],[0,-1,0]],[[96645,86404,0],[0,-1,0]],[[96644,86403,0],[-2,-1,0]],[[96636,86397,0],[-2,0,0]],[[96632,86397,0],[-1,0,0]],[[96631,86397,0],[0,-1,0]],[[96631,86396,0],[-2,1,0]],[[96627,86397,0],[-3,-1,0]],[[96624,86396,0],[-1,-1,0]],[[96623,86394,0],[-1,-1,0]],[[96621,86393,0],[-2,1,0]],[[96618,86394,0],[-3,0,0]],[[96613,86394,0],[-1,1,0]],[[96609,86397,0],[-1,0,0]],[[96607,86394,0],[1,-1,0]],[[96608,86393,0],[0,-1,0]],[[96609,86392,0],[-1,-2,0]],[[96606,86389,0],[-2,0,0]],[[96602,86388,0],[-2,0,0]],[[96597,86387,0],[-1,-1,0]],[[96596,86385,0],[-2,0,0]],[[96592,86384,0],[0,-1,0]],[[96589,86380,0],[1,0,0]],[[96590,86380,0],[1,-1,0]],[[96591,86379,0],[0,-1,0]],[[96590,86378,0],[-1,0,0]],[[96589,86378,0],[-1,0,0]],[[96587,86377,0],[-1,0,0]],[[96586,86377,0],[-2,1,0]],[[96584,86378,0],[-1,1,0]],[[96582,86379,0],[-1,0,0]],[[96571,86377,0],[-1,0,0]],[[96568,86377,0],[-2,0,0]],[[96560,86378,0],[-1,0,0]],[[96554,86379,0],[-1,0,0]],[[96552,86379,0],[-1,0,0]],[[96542,86378,0],[-1,0,0]],[[96536,86379,0],[-1,0,0]],[[96535,86379,0],[-1,0,0]],[[96533,86379,0],[-1,0,0]],[[96532,86379,0],[-1,1,0]],[[96526,86383,0],[-1,0,0]],[[96522,86385,0],[-1,0,0]],[[96521,86386,0],[-1,0,0]],[[96520,86386,0],[-1,0,0]],[[96517,86387,0],[0,1,0]],[[96511,86394,0],[-4,2,0]],[[96502,86398,0],[-1,0,0]],[[96500,86398,0],[-3,1,0]],[[96493,86400,0],[-2,0,0]],[[96487,86401,0],[-1,0,0]],[[96485,86402,0],[-1,0,0]],[[96483,86402,0],[-2,2,0]],[[96481,86404,0],[-1,0,0]],[[96478,86404,0],[-1,0,0]],[[96476,86404,0],[-1,0,0]],[[96475,86404,0],[-2,-1,0]],[[96471,86402,0],[-1,0,0]],[[96461,86400,0],[-1,0,0]],[[96458,86400,0],[-1,1,0]],[[96457,86401,0],[-1,0,0]],[[96453,86401,0],[-3,0,0]],[[96448,86402,0],[-1,0,0]],[[96444,86402,0],[-4,-1,0]],[[96440,86401,0],[-3,0,0]],[[96437,86401,0],[-2,-1,0]],[[96435,86400,0],[-1,0,0]],[[96431,86399,0],[-1,0,0]],[[96422,86399,0],[-1,0,0]],[[96419,86400,0],[-2,1,0]],[[96416,86401,0],[-1,0,0]],[[96414,86402,0],[-1,0,0]],[[96413,86402,0],[-1,0,0]],[[96412,86403,0],[-1,0,0]],[[96410,86403,0],[-1,1,0]],[[96409,86404,0],[-1,0,0]],[[96408,86404,0],[-1,0,0]],[[96405,86404,0],[-1,0,0]],[[96404,86404,0],[-1,0,0]],[[96402,86404,0],[-1,0,0]],[[96399,86405,0],[-2,1,0]],[[96397,86406,0],[-1,0,0]],[[96394,86406,0],[-1,0,0]],[[96391,86406,0],[0,1,0]],[[96386,86412,0],[-1,1,0]],[[96385,86413,0],[-1,0,0]],[[96383,86413,0],[-1,1,0]],[[96381,86413,0],[-1,0,0]],[[96380,86413,0],[-1,-1,0]],[[96379,86412,0],[-1,0,0]],[[96377,86412,0],[-2,0,0]],[[96375,86412,0],[-1,0,0]],[[96373,86411,0],[-2,0,0]],[[96368,86410,0],[-2,0,0]],[[96365,86410,0],[-1,0,0]],[[96364,86410,0],[-1,0,0]],[[96358,86411,0],[-1,0,0]],[[96354,86412,0],[0,-1,0]],[[96352,86411,0],[0,-1,0]],[[96351,86411,0],[-1,0,0]],[[96349,86412,0],[-1,0,0]],[[96348,86412,0],[-1,0,0]],[[96347,86412,0],[-1,0,0]],[[96341,86410,0],[-1,0,0]],[[96339,86410,0],[-1,1,0]],[[96336,86411,0],[-1,0,0]],[[96335,86411,0],[-1,0,0]],[[96333,86411,0],[0,-1,0]],[[96332,86410,0],[-1,0,0]],[[96328,86411,0],[-1,0,0]],[[96327,86411,0],[-1,-1,0]],[[96326,86410,0],[0,-1,0]],[[96326,86409,0],[-2,-2,0]],[[96322,86408,0],[-126,27,0]],[[95714,86474,0],[-68,-1,0]],[[95646,86473,0],[-76,-6,0]],[[95570,86467,0],[-46,-3,0]],[[95318,86662,0],[-49,45,0]],[[95269,86707,0],[-56,54,0]],[[95080,86870,0],[-46,33,0]],[[95015,86916,0],[-46,32,0]],[[94856,87026,0],[-77,54,0]],[[94751,87099,0],[-23,16,0]],[[94125,87392,0],[-35,-9,0]],[[93943,87326,0],[2,-11,0]],[[94079,87218,0],[7,0,0]],[[94100,87218,0],[33,1,0]],[[94133,87212,0],[1,-3,0]],[[94144,87177,0],[3,-5,0]],[[94162,87135,0],[0,-4,0]],[[94173,87108,0],[1,-2,0]],[[94174,87087,0],[0,-4,0]],[[94183,87017,0],[2,-4,0]],[[94192,87000,0],[0,-2,0]],[[94192,86998,0],[1,-2,0]],[[94193,86995,0],[0,-2,0]],[[94186,86978,0],[0,-2,0]],[[94187,86966,0],[1,-3,0]],[[94189,86961,0],[1,-1,0]],[[94190,86960,0],[1,-1,0]],[[94206,86951,0],[1,-1,0]],[[94208,86948,0],[1,-3,0]],[[94210,86941,0],[1,-6,0]],[[94211,86933,0],[1,-16,0]],[[94242,86836,0],[3,-5,0]],[[94245,86831,0],[3,-3,0]],[[94285,86798,0],[2,-9,0]],[[94286,86775,0],[-2,-6,0]],[[94283,86764,0],[-2,-11,0]],[[94281,86753,0],[1,-6,0]],[[94282,86747,0],[2,-6,0]],[[94313,86679,0],[1,-5,0]],[[94315,86672,0],[0,-11,0]],[[94312,86637,0],[-2,-7,0]],[[94309,86627,0],[-3,-5,0]],[[94303,86618,0],[-8,-6,0]],[[94292,86609,0],[-2,-3,0]],[[94292,86577,0],[9,-19,0]],[[94305,86548,0],[0,-5,0]],[[94305,86543,0],[0,-6,0]],[[94305,86537,0],[-1,-5,0]],[[94288,86508,0],[-2,-4,0]],[[94285,86503,0],[-2,-8,0]],[[94282,86492,0],[0,-12,0]],[[94282,86480,0],[-1,-11,0]],[[94281,86469,0],[-1,-8,0]],[[94280,86461,0],[-2,-6,0]],[[94252,86411,0],[-2,-1,0]],[[94245,86409,0],[-4,0,0]],[[94236,86410,0],[-6,2,0]],[[94224,86413,0],[-2,0,0]],[[94218,86412,0],[-1,0,0]],[[94215,86412,0],[-2,-1,0]],[[94213,86411,0],[-30,-13,0]],[[94176,86393,0],[-1,-1,0]],[[94151,86358,0],[-1,0,0]],[[94150,86358,0],[-3,-2,0]],[[94147,86356,0],[-3,-2,0]],[[94136,86351,0],[-8,-2,0]],[[94090,86316,0],[-4,-8,0]],[[94074,86282,0],[-3,-9,0]],[[94071,86273,0],[-2,-6,0]],[[94069,86267,0],[-2,-8,0]],[[94060,86205,0],[-1,-30,0]],[[94059,86175,0],[-2,-5,0]],[[94058,86106,0],[1,-7,0]],[[94060,86095,0],[3,-17,0]],[[94051,86051,0],[-1,-3,0]],[[94042,86022,0],[-2,-4,0]],[[94041,85998,0],[2,-8,0]],[[94047,85981,0],[6,-10,0]],[[94047,85928,0],[-5,-5,0]],[[93926,85839,0],[-13,-14,0]],[[93896,85803,0],[-5,-12,0]],[[93889,85788,0],[-14,-15,0]],[[93826,85699,0],[-12,-22,0]],[[93793,85647,0],[-5,-6,0]],[[93779,85632,0],[-20,-19,0]],[[93755,85610,0],[-7,-7,0]],[[93743,85600,0],[-11,-9,0]],[[93709,85574,0],[-14,-9,0]],[[93684,85558,0],[-8,-4,0]],[[93662,85547,0],[-31,-15,0]],[[93542,85491,0],[-6,-4,0]],[[93531,85484,0],[-9,-5,0]],[[93516,85476,0],[-2,-1,0]],[[93510,85474,0],[-2,0,0]],[[93508,85474,0],[-6,0,0]],[[93495,85474,0],[-4,1,0]],[[93491,85475,0],[-6,3,0]],[[93480,85479,0],[-2,0,0]],[[93470,85478,0],[-1,0,0]],[[93463,85475,0],[-1,-1,0]],[[93462,85474,0],[-1,-1,0]],[[93461,85473,0],[-1,-1,0]],[[93451,85469,0],[-1,0,0]],[[93450,85469,0],[-1,0,0]],[[93447,85469,0],[-6,0,0]],[[93426,85472,0],[-7,2,0]],[[93413,85476,0],[-2,0,0]],[[93395,85487,0],[0,2,0]],[[93395,85489,0],[-1,3,0]],[[93394,85493,0],[-1,1,0]],[[93387,85502,0],[-1,2,0]],[[93385,85507,0],[0,2,0]],[[93385,85509,0],[0,1,0]],[[93386,85513,0],[3,4,0]],[[93389,85518,0],[0,1,0]],[[93390,85521,0],[0,2,0]],[[93381,85537,0],[-3,2,0]],[[93376,85540,0],[-20,11,0]],[[93350,85554,0],[-4,3,0]],[[93343,85559,0],[-2,1,0]],[[93325,85570,0],[-1,0,0]],[[93324,85570,0],[-2,0,0]],[[93319,85570,0],[-2,0,0]],[[93293,85564,0],[-3,-1,0]],[[93286,85563,0],[-2,0,0]],[[93279,85564,0],[-2,0,0]],[[93275,85564,0],[-1,1,0]],[[93265,85569,0],[-3,2,0]],[[93249,85578,0],[-8,4,0]],[[93241,85582,0],[-7,3,0]],[[93230,85586,0],[-5,2,0]],[[93197,85601,0],[-5,1,0]],[[93185,85605,0],[-5,1,0]],[[93180,85606,0],[-7,1,0]],[[93167,85608,0],[-9,1,0]],[[93130,85608,0],[-4,0,0]],[[93085,85594,0],[-4,-2,0]],[[93044,85559,0],[-9,-6,0]],[[92973,85523,0],[-4,-1,0]],[[92968,85521,0],[-4,-2,0]],[[92927,85492,0],[-14,-6,0]],[[92899,85473,0],[1,-2,0]],[[92901,85462,0],[-29,-43,0]],[[92872,85419,0],[-30,0,0]],[[92743,85381,0],[-7,-4,0]],[[92736,85377,0],[-5,-5,0]],[[92705,85366,0],[-7,0,0]],[[92679,85367,0],[-7,-1,0]],[[92669,85366,0],[-7,-1,0]],[[92631,85347,0],[1,-1,0]],[[92630,85340,0],[-3,-3,0]],[[92627,85337,0],[-3,-3,0]],[[92617,85331,0],[-2,-2,0]],[[92604,85317,0],[-2,-2,0]],[[92599,85309,0],[-1,-2,0]],[[92597,85294,0],[-16,-32,0]],[[92581,85262,0],[-27,-22,0]],[[92539,85200,0],[2,-6,0]],[[92541,85194,0],[1,-11,0]],[[92542,85183,0],[-1,-5,0]],[[92516,85150,0],[-25,-19,0]],[[92304,85004,0],[-9,-15,0]],[[92187,84913,0],[-4,-3,0]],[[92075,84827,0],[-9,-3,0]],[[92060,84822,0],[-11,-1,0]],[[91949,84835,0],[-10,12,0]],[[91925,84900,0],[0,5,0]],[[91921,84910,0],[-3,2,0]],[[91906,84912,0],[-5,-3,0]],[[91888,84901,0],[-4,-3,0]],[[91877,84897,0],[-2,0,0]],[[91872,84898,0],[-1,0,0]],[[91867,84900,0],[-8,7,0]],[[91855,84909,0],[-3,1,0]],[[91816,84879,0],[-35,-17,0]],[[91745,84861,0],[-9,-1,0]],[[91716,84859,0],[-8,0,0]],[[91705,84859,0],[-5,-1,0]],[[91700,84858,0],[-10,-3,0]],[[91687,84854,0],[-5,-2,0]],[[91682,84852,0],[-9,-1,0]],[[91576,84851,0],[-13,-3,0]],[[91558,84846,0],[-23,-10,0]],[[91527,84834,0],[-8,-1,0]],[[91494,84843,0],[-1,3,0]],[[91487,84852,0],[-14,4,0]],[[91462,84869,0],[-1,1,0]],[[91457,84872,0],[-2,0,0]],[[91429,84858,0],[-6,-2,0]],[[91415,84854,0],[-1,-1,0]],[[91403,84837,0],[-3,-2,0]],[[91370,84821,0],[-3,0,0]],[[91361,84820,0],[-2,-1,0]],[[91337,84794,0],[-5,-1,0]],[[91332,84793,0],[-11,-2,0]],[[91194,84725,0],[-9,-8,0]],[[91150,84705,0],[-25,-4,0]],[[91125,84701,0],[-13,-4,0]],[[91112,84697,0],[-13,-4,0]],[[91052,84646,0],[-2,-10,0]],[[91050,84636,0],[-1,-17,0]],[[91040,84555,0],[-2,-4,0]],[[91029,84541,0],[-3,-6,0]],[[91026,84535,0],[-3,-8,0]],[[91023,84430,0],[1,-6,0]],[[91024,84424,0],[-2,-21,0]],[[91022,84398,0],[-1,-30,0]],[[91047,84305,0],[4,-2,0]],[[91051,84303,0],[3,-2,0]],[[91067,84298,0],[3,0,0]],[[91077,84296,0],[2,0,0]],[[91151,84184,0],[-2,-2,0]],[[91110,84109,0],[-1,-4,0]],[[91108,84093,0],[-1,-8,0]],[[91108,84079,0],[1,-6,0]],[[91116,84052,0],[4,-4,0]],[[91122,84046,0],[2,-3,0]],[[91126,84041,0],[0,-3,0]],[[91120,84031,0],[-4,-2,0]],[[91102,84024,0],[-4,-2,0]],[[91092,84018,0],[-4,-2,0]],[[91088,84016,0],[-4,-3,0]],[[91082,84012,0],[-1,-1,0]],[[91078,84001,0],[0,-4,0]],[[91078,83925,0],[0,-2,0]],[[91077,83915,0],[1,-5,0]],[[91083,83886,0],[2,-8,0]],[[91086,83864,0],[-2,-7,0]],[[91070,83805,0],[-1,-1,0]],[[91068,83801,0],[0,-2,0]],[[91060,83789,0],[-1,-1,0]],[[91055,83787,0],[-4,0,0]],[[91046,83785,0],[-1,0,0]],[[91043,83784,0],[0,-1,0]],[[91042,83782,0],[0,-1,0]],[[91043,83773,0],[0,-5,0]],[[91043,83768,0],[2,-6,0]],[[91055,83744,0],[0,-2,0]],[[91055,83742,0],[1,-1,0]],[[91056,83738,0],[-1,-1,0]],[[91049,83735,0],[-10,-4,0]],[[91000,83713,0],[-1,-1,0]],[[90997,83711,0],[-2,-2,0]],[[90990,83705,0],[-2,-2,0]],[[90920,83677,0],[1,-3,0]],[[90948,83641,0],[2,-3,0]],[[90950,83638,0],[2,-3,0]],[[90952,83627,0],[-2,-4,0]],[[90941,83615,0],[-4,-3,0]],[[90937,83612,0],[-3,-4,0]],[[90910,83564,0],[-2,-6,0]],[[90885,83509,0],[0,-4,0]],[[90896,83476,0],[6,-16,0]],[[90904,83449,0],[-1,-5,0]],[[90899,83432,0],[-2,-4,0]],[[90858,83394,0],[-2,-4,0]],[[90856,83390,0],[1,-4,0]],[[90864,83382,0],[5,-2,0]],[[90093,82681,0],[-69,42,0]],[[89318,83312,0],[72,360,0]],[[90592,85215,0],[222,200,292115],[170,238,0]],[[90721,87023,0],[-84,163,0]],[[90549,87461,0],[-44,139,224994],[-91,29,0]],[[88896,88152,0],[-307,106,0]],[[88012,88455,0],[-144,48,153970],[-73,62,0]],[[87602,88729,0],[517,147,684757],[526,277,191471],[383,184,2044568],[645,73,261096],[674,98,395390],[859,81,3357070],[4,178,214421],[-35,172,84037],[-19,46,511771],[49,42,221574],[4,11,38402],[57,269,0]],[[91266,90307,0],[1003,-253,110728],[757,-193,54060],[805,-209,3726666],[811,33,70640],[1201,45,1562427],[1162,314,0]],[[97005,90044,0],[960,-115,0]],[[96604,88286,0],[1,-1,0]],[[96605,88285,0],[0,-1,0]],[[96604,88282,0],[0,-2,0]],[[96604,88279,0],[1,0,0]],[[96605,88279,0],[0,-1,0]],[[96607,88277,0],[0,-1,0]],[[96607,88276,0],[1,-1,0]],[[96611,88270,0],[12,-15,0]],[[89952,92819,0],[63,-10,122844],[194,23,504155],[98,123,179288],[28,112,504155],[65,76,147908],[33,18,52809],[120,83,352313],[43,13,59700],[139,24,177289],[103,61,0]],[[90838,93342,0],[80,-32,103128],[26,-42,106436],[112,-53,180765],[105,-96,508108],[117,-41,99881],[38,7,173828],[241,-95,110800],[95,-25,1176298],[384,-333,178379],[72,-43,643302],[327,-85,590158],[-68,-58,118783],[-195,-120,2424254],[217,-27,147120],[133,-26,44459],[153,-33,369627],[175,-19,132964],[56,17,132964],[226,-15,726925],[254,-75,206582],[200,-21,307613],[45,-19,54776],[272,-97,0]],[[93903,92011,0],[744,-340,100446],[444,-209,100446],[207,-92,817200],[-7,-19,48138],[-2,-88,1282580],[1716,-1219,0]],[[91266,90307,0],[-372,51,340486],[-330,115,2609785],[156,218,113096],[61,66,913032],[24,158,300918],[-114,116,457564],[3,103,48788],[8,75,48788],[-6,16,82494],[11,109,83663],[-14,18,83663],[3,36,49304],[18,19,59628],[-3,32,155268],[-29,12,103328],[4,45,51700],[16,31,948127],[58,21,49457],[27,-3,36068],[19,10,497299],[6,51,123134],[24,15,55969],[9,36,70721],[46,38,123134],[0,23,49414],[24,28,52441],[2,31,73344],[24,28,288528],[9,64,46378],[12,18,46378],[-11,24,196801],[23,66,72181],[17,11,45207],[21,43,142058],[-12,20,53434],[-3,31,33502],[6,21,142058],[57,62,948127],[6,38,35738],[-4,30,80531],[-21,37,80531],[16,41,118141],[-26,45,118141],[-2,29,50966],[16,11,35633],[-7,15,35633],[9,38,292576],[-17,12,59950],[5,44,64073],[-16,9,42574],[5,23,41987],[-16,9,92695],[11,25,52997],[-28,-10,44017],[-11,-20,75485],[-8,45,3120564],[-11,11,35039],[-9,-18,35039],[-22,-10,58507],[-21,11,111666],[-15,-22,35229],[4,-13,89347],[-58,-18,268807],[-65,50,44626],[-30,9,43708],[-15,19,268807],[-66,-1,81613],[-134,14,53555],[-66,0,35966],[-20,4,130607],[-78,-9,701349],[-28,8,38019],[-47,23,52118],[-63,18,84487],[-79,39,114229],[-75,15,50776],[-29,13,279391],[-23,32,47235],[-25,12,47235],[-45,46,0]],[[78209,83264,0],[1,-6,0]],[[78270,82939,0],[1,-3,0]],[[78277,82899,0],[4,-4,0]],[[78279,82835,0],[-5,-5,0]],[[78357,82691,0],[2,-6,0]],[[77965,81931,0],[-3,-4,0]],[[77837,81746,0],[-4,-4,0]],[[77726,81648,0],[-6,-2,0]],[[77354,81782,0],[-2,4,0]],[[77004,81686,0],[-32,-17,36564],[-20,-19,198996],[-37,7,43848],[-28,18,126379],[-75,2,40985],[-59,-3,198996],[-84,-32,44009],[-20,-3,553473],[-41,16,75663],[-49,-12,75663],[-49,6,44784],[-15,10,143130],[-59,-2,57763],[-38,-14,100336],[-72,10,228133],[-25,-8,38934],[-32,-23,206921],[-32,19,36295],[-19,2,45026],[-26,20,102707],[-103,24,206921],[-56,-11,63807],[-42,8,63807],[-40,-1,37789],[-37,-10,37789],[-25,2,192741],[-63,25,33737],[-35,9,4410340],[-17,25,36693],[-27,16,36693],[7,6,36693],[-22,29,77086],[-16,43,210602],[29,46,38594],[7,23,272438],[-28,23,34438],[-27,31,59942],[-6,20,75960],[-54,45,200177],[18,65,107258],[-16,22,35518],[-16,4,1245431],[-771,390,97211],[-308,158,2003891],[-225,861,2003891],[-131,87,67982],[-390,255,39648],[-526,342,1743028],[-46,132,64785],[-239,705,931635],[-18,24,134295],[-267,138,6651008],[-13,22,75100],[21,16,42460],[-9,16,41677],[19,11,111089],[-3,94,65990],[-10,14,390646],[81,29,122204],[114,0,390646],[22,98,151002],[48,51,88465],[18,30,36942],[13,38,253051],[71,15,50206],[5,9,760814],[-32,78,58127],[-31,57,119112],[-37,26,117326],[2,17,35284],[17,14,67908],[-7,45,760814],[24,24,49123],[20,-3,78988],[25,36,46026],[28,23,181543],[10,40,68703],[-19,27,207439],[83,91,81989],[17,10,38763],[57,53,384171],[1,44,120961],[33,28,38129],[44,50,166804],[-7,34,111331],[39,39,58457],[23,42,111331],[-6,35,87095],[38,63,2619994],[-7,65,33518],[2,43,33518],[-5,22,325193],[-28,-7,124192],[-32,25,54292],[-69,74,167014],[-32,-33,89530],[-15,4,35956],[-12,23,367224],[-5,128,93804],[-17,42,226820],[-36,-4,36969],[-18,7,144180],[-15,34,47460],[-11,54,518808],[-13,11,53090],[-13,-19,38422],[4,-20,53090],[-12,-21,34395],[-17,-10,103351],[-42,-1,311672],[-8,23,42217],[-30,37,121039],[-13,91,63811],[-15,38,311672],[-50,42,125661],[-52,117,179998],[-113,106,62455],[-12,19,0]],[[72742,88416,0],[733,50,38954],[592,39,1914579],[120,-49,144812],[726,-278,39020],[458,-176,92811],[76,-31,2050686],[341,-31,50872],[72,-4,199658],[612,-76,1024415],[889,131,5031673],[418,487,65587],[561,647,0]],[[78340,89125,0],[236,-93,491978],[-68,-204,1377896],[238,20,455647],[265,-174,663145],[97,22,134394],[352,37,817045],[101,-235,769410],[234,-5,145886],[147,8,41505],[179,7,0]],[[80050,88449,0],[1,-8,0]],[[80059,88417,0],[5,-7,0]],[[79507,87838,0],[-17,1,0]],[[79212,87802,0],[-10,-3,0]],[[79159,87753,0],[-14,-11,0]],[[78874,87465,0],[-9,-10,0]],[[79047,87151,0],[1,-7,0]],[[79040,87106,0],[3,-7,0]],[[78735,86334,0],[1,-7,0]],[[78641,86149,0],[-6,-11,0]],[[78689,86021,0],[-2,-7,0]],[[78626,85392,0],[0,-5,0]],[[78622,85380,0],[-7,-2,0]],[[78581,85360,0],[-7,-7,0]],[[78454,85116,0],[-6,0,0]],[[78308,84922,0],[1,-9,0]],[[78100,84191,0],[6,-7,0]],[[78081,83974,0],[0,-7,0]],[[76609,81449,0],[1,-3,0]],[[76542,81407,0],[-8,-4,0]],[[76528,81395,0],[-5,-5,0]],[[76512,81381,0],[-5,-4,0]],[[76467,81351,0],[-1,-2,0]],[[76418,81266,0],[1,-3,0]],[[76390,81207,0],[-1,-3,0]],[[76087,80940,0],[-4,-4,0]],[[76009,80618,0],[4,-4,0]],[[76019,80610,0],[3,-4,0]],[[76023,80580,0],[-1,-3,0]],[[75957,80139,0],[2,-4,0]],[[75973,80072,0],[1,-1,0]],[[75882,79791,0],[-1,-1,0]],[[75881,79777,0],[-1,-1,0]],[[75857,79746,0],[0,-1,0]],[[75818,79722,0],[-1,-1,0]],[[75769,79731,0],[-1,2,0]],[[75517,79656,0],[1,2,0]],[[75381,79664,0],[-1,-1,0]],[[75378,79657,0],[0,-1,0]],[[75367,79649,0],[-2,-1,0]],[[75319,79634,0],[-1,-1,0]],[[75306,79616,0],[-1,-1,0]],[[61749,95633,0],[753,-1371,4095376],[624,-386,78535],[557,-347,39698],[467,-293,183477],[565,-356,51245],[637,-405,1742841],[621,-122,49314],[189,-36,988967],[-2,-14,45167],[27,-46,83537],[24,11,55201],[-15,-32,42711],[-19,-13,55201],[7,-22,161889],[51,-28,137044],[5,-32,43853],[-9,-28,92660],[30,-40,489269],[41,-19,43881],[67,-21,137618],[17,2,37415],[51,-14,75024],[45,11,235788],[16,-41,64397],[32,-25,0]],[[75277,99638,0],[274,-780,172655],[224,-645,51192],[156,-452,106722],[241,-708,2791170],[543,119,1141048],[424,-218,398901],[236,-210,2791170],[-52,-29,170665],[0,-134,434227],[-78,-130,148992],[-53,-29,82841],[-28,-31,38253],[-5,-17,232921],[11,-29,39111],[26,-34,69426],[-3,-25,232921],[-61,-10,63023],[-40,8,48852],[-43,-6,232921],[-72,-48,124439],[-70,-98,974608],[40,-57,122336],[75,-200,769740],[-141,-289,307388],[-119,-117,128374],[-60,-92,0]],[[76702,95377,0],[-124,-197,705713],[-223,-165,76293],[-303,-223,34335],[-567,-419,0]],[[83013,99756,0],[-470,-951,121254],[-233,-477,42383],[-223,-459,312419],[-446,-928,99839],[-351,-739,3870325],[-537,-357,1102779],[-526,-696,447165],[-223,-133,447165],[8,-206,1307347],[-430,-158,0]],[[79582,94652,0],[-188,13,157950],[-65,35,203933],[-91,0,110808],[-274,30,1169324],[5,519,1958140],[-564,-68,809577],[-530,-337,1958140],[-311,174,284958],[-173,159,748738],[-689,200,0]],[[79582,94652,0],[51,-316,46179],[84,-509,1573670],[-91,-321,60089],[-92,-331,748549],[-329,-472,1918999],[-5,-477,307860],[-48,-158,920994],[65,-206,211449],[80,-191,59464],[108,-249,1918999],[-178,-144,195912],[-138,-161,545298],[54,-164,545298],[-269,-450,1575630],[-8,-195,355048],[135,-294,373270],[-1,-187,129857],[20,-141,0]],[[79020,89686,0],[-148,-56,202480],[-267,-167,597495],[-81,-98,83849],[-184,-240,0]],[[84340,92767,0],[-133,-154,118665],[-33,-63,600510],[-8,-164,144389],[-35,-124,207649],[-8,-281,1868705],[-700,-310,58109],[-594,-264,1549765],[7,-424,4670349],[-970,-97,1106215],[-900,-236,46209],[-519,-139,102456],[-162,-49,102456],[-221,-52,2459848],[72,-574,54033],[3,-16,1718862],[-506,-182,776437],[-257,66,352508],[-356,-18,0]],[[83013,99756,0],[2375,-143,0]],[[85592,99594,0],[-422,-1436,722289],[-42,-33,199228],[104,-145,199228],[26,-139,122247],[32,-37,722289],[-163,-173,185332],[-84,-140,2748859],[87,-124,223497],[107,-289,919851],[12,-679,672434],[118,-223,227957],[94,-282,561887],[-41,-257,4056229],[-114,-116,205093],[-535,-460,574482],[-548,-610,3024020],[-106,-309,148595],[-35,-148,1117511],[16,-67,111984],[-23,12,48723],[-11,-19,92389],[34,-52,92389],[1,-26,44618],[-17,-34,85271],[13,-25,42862],[0,-33,281168],[18,-34,44343],[24,-19,69853],[-1,-27,69853],[40,-26,281168],[31,-72,94856],[-8,-33,81533],[22,-35,56850],[-5,-32,40063],[10,-10,122220],[-8,-27,33370],[-2,-35,118127],[19,-19,74576],[1,-29,42069],[15,-17,47946],[1,-37,346416],[-15,-28,55421],[12,-26,64233],[8,-201,179420],[16,-131,61313],[18,-89,304089],[49,-56,0]],[[90602,98060,0],[-1303,-1181,593405],[-183,-176,66288],[-1316,-1278,0]],[[87800,95425,0],[-256,-42,826440],[-133,-258,284734],[-21,-58,45078],[-76,-232,45078],[-43,-126,2179384],[-376,-210,424053],[-771,-545,1065600],[-191,-6,273941],[-319,-101,1686856],[-376,-191,424549],[-186,-162,115616],[-20,-30,52517],[-59,-55,750250],[-135,-189,86853],[-254,-343,614195],[-244,-110,0]],[[87800,95425,0],[115,-491,790315],[317,-79,790315],[172,-106,155754],[135,-117,440030],[52,-185,519313],[422,-309,1259978],[-1,-187,465912],[267,-406,3375317],[87,3,57280],[698,34,962697],[129,-76,40091],[276,-159,603400],[312,-12,113304],[57,7,0]],[[89952,92819,0],[-47,-7,114759],[-89,-78,179273],[-81,-104,314147],[-92,-24,52603],[-69,-12,468321],[-104,-110,88969],[-63,-48,177266],[-88,-128,1457303],[-278,48,401333],[-647,-23,2430630],[-237,-312,115210],[-137,-187,73803],[-275,-370,389471],[-128,-198,113026],[-29,-67,4832515],[-7,-158,182186],[-73,-554,1022248],[85,-617,541494],[12,-33,43468],[166,-469,1022248],[-116,-407,0]],[[86324,90234,0],[-44,194,0]],[[86120,90483,0],[-25,-9,0]],[[85632,90384,0],[-16,-15,0]],[[85519,90321,0],[-12,-4,0]],[[85406,90341,0],[-17,8,0]],[[85020,90386,0],[-24,-9,0]],[[84638,89999,0],[-22,-1,0]],[[84395,89985,0],[-21,-1,0]],[[84307,89958,0],[-16,-9,0]],[[84196,89848,0],[-22,-19,0]],[[84088,89773,0],[-17,-7,0]],[[83842,89484,0],[-16,-3,0]],[[83361,89347,0],[-14,-5,0]],[[82645,89393,0],[-11,1,0]],[[81963,89512,0],[-18,-7,0]],[[81884,89468,0],[-16,-5,0]],[[81499,89550,0],[-18,-4,0]],[[80833,89302,0],[1,-9,0]],[[80768,89185,0],[-8,-8,0]],[[80703,89137,0],[-12,-5,0]],[[80669,88945,0],[-10,-14,0]],[[80555,88755,0],[-11,-6,0]],[[80513,88730,0],[-2,-8,0]],[[80478,88696,0],[-10,1,0]],[[93823,96735,0],[-988,-1305,697630],[-45,-204,167739],[-37,-23,2073210],[-474,-402,85848],[-358,-309,777112],[-66,-228,864821],[-320,-213,57099],[-347,-236,451380],[-354,-307,55661],[-26,-22,864821],[58,-86,157965],[-28,-58,0]],[[97762,94742,0],[290,-177,0]],[[98052,94565,0],[-56,-42,33279],[-911,-680,99602],[-762,-575,2115429],[-453,-200,65276],[-907,-402,1022002],[-456,-280,42113],[-604,-375,0]],[[99580,93560,0],[55,-54,35132],[51,-56,0]],[[99733,93393,0],[29,-38,0]],[[99762,93355,0],[42,-60,35134],[39,-60,0]],[[99843,93235,0],[34,-61,35133],[30,-63,0]],[[99992,92553,0],[-11,-65,0]],[[99966,92423,0],[-19,-64,35142],[-23,-64,0]],[[99683,91834,0],[-138,-257,249326],[-54,-204,0]],[[99491,91373,0],[-127,-483,720906],[-290,-167,0]],[[98508,90319,0],[-543,-390,0]],[[98052,94565,0],[269,-165,0]]],"transform":{"scale":[0.00027674069000000004,0.00013626010260102598],"translate":[4.087524,57.759005]},"objects":{"fylker":{"type":"GeometryCollection","geometries":[{"arcs":[[0,1,2,3,4,5,6,7,8]],"type":"Polygon","properties":{"fylkesnummer":"03","fylkesnavn":"Oslo"}},{"arcs":[[9,10,11,12,13,14,15,16,17,18,19,20,21,22,23,24,25,26,27,28,29,30,31,32,33,34,35,36,37,38,39,40,41,42,43,44,45,46,47,48,49,50,51,52,53,54,55,56,57,58,59,60,61,62,63,64,65,66,67,68,69,70,71,72,73]],"type":"Polygon","properties":{"fylkesnummer":"11","fylkesnavn":"Rogaland"}},{"arcs":[[74,75,76,77,78,79,80,81,82,83,84,85,86,87,88,89,90,91,92,93,94,95,96,97,98,99,100,101,102,103,104,105,106,107,108,109,110,111,112,113,114,115,116,117,118,119,120,121,122,123,124,125,126,127]],"type":"Polygon","properties":{"fylkesnummer":"15","fylkesnavn":"Møre og Romsdal"}},{"arcs":[[128,129,130,131,132,133,134,135,136,137,138,139,140,141,142,143,144,145,146,147,148,149,150,151,152,153,154,155,156,157,158,159,160,161,162,163,164,165,166,167,168,169,170]],"type":"Polygon","properties":{"fylkesnummer":"18","fylkesnavn":"Nordland"}},{"arcs":[[171,172,173,174,175,176,177,178,179,180,181,182,183,184,185,186,187,188,189,190]],"type":"Polygon","properties":{"fylkesnummer":"31","fylkesnavn":"Østfold"}},{"arcs":[[191,192,193,-187,-186,-185,-184,-183,-182,-181,-180,-179,-178,194,195,196,197,198,199,200,-2,-1,-9,-8,-7,-6,-5,-4,201,202,203,204,205,206,207,208,209,210,211,212,213]],"type":"Polygon","properties":{"fylkesnummer":"32","fylkesnavn":"Akershus"}},{"arcs":[[214,215,216,217,218,219,220,221,222,223,224,225,226,227,228,-203,-202,-3,-201,-200,-199,-198,-197,229,230,231,232,233,234,235,236,237,238,239,240,241,242,243,244,245,246,247,248]],"type":"Polygon","properties":{"fylkesnummer":"33","fylkesnavn":"Buskerud"}},{"arcs":[[-212,-211,-210,-209,-208,-207,-206,-205,-204,-229,-228,-227,-226,-225,-224,-223,-222,-221,-220,-219,-218,-217,249,250,251,252,253,254,255,256,-117,-116,-115,-114,-113,-112,257,258,259,260,261,262,263,264,265,266,267,268,269,270,271,272,273,274,-193,-192,-214,-213]],"type":"Polygon","properties":{"fylkesnummer":"34","fylkesnavn":"Innlandet"}},{"arcs":[[275,276,277,278,279,280,-233,-232,-231,-230,-196,-195,-177,-176,-175,-174,-173,-172,281]],"type":"Polygon","properties":{"fylkesnummer":"39","fylkesnavn":"Vestfold"}},{"arcs":[[282,283,284,285,286,287,288,289,290,291,292,293,294,295,296,297,298,299,300,301,-53,302,-244,-243,-242,-241,-240,-239,-238,-237,-236,-235,-234,-281,-280,-279,-278,303,304,305]],"type":"Polygon","properties":{"fylkesnummer":"40","fylkesnavn":"Telemark"}},{"arcs":[[306,307,308,309,310,311,312,-71,-70,-69,-68,-67,-66,-65,-64,-63,-62,-61,-60,-59,-58,-57,-56,-55,-54,-302,-301,-300,-299,-298,-297,-296,-295,-294,-293,-292,-291,-290,-289,-288,-287,-286,-285,-284,-283,-306,-305,313,314,315]],"type":"Polygon","properties":{"fylkesnummer":"42","fylkesnavn":"Agder"}},{"arcs":[[-86,-85,-84,-83,-82,-81,-80,-79,-78,-77,-76,-75,-128,-127,-126,-125,-124,-123,-122,-121,-120,-119,-118,-257,-256,-255,-254,-253,-252,-251,-250,-216,-215,-249,-248,-247,-246,-245,-303,-52,-51,-50,-49,-48,-47,-46,-45,-44,-43,-42,-41,-40,-39,-38,-37,-36,-35,-34,-33,-32,-31,-30,-29,-28,-27,-26,-25,-24,-23,-22,-21,316,317,318,319,320,321,322,323,324,325,326,-88,-87]],"type":"Polygon","properties":{"fylkesnummer":"46","fylkesnavn":"Vestland"}},{"arcs":[[327,328,329,330,-132,-131,-130,-129,-171,-170,-169,331,332,333,334,335,336,337,-268,-267,-266,-265,-264,-263,-262,-261,-260,-259,-258,-111,-110,-109,-108,-107,-106,-105,-104,-103,-102,-101,-100,-99,338]],"type":"Polygon","properties":{"fylkesnummer":"50","fylkesnavn":"Trøndelag"}},{"arcs":[[-157,-156,-155,-154,-153,-152,-151,-150,-149,339,340,341,342,343,344,345,346,347,348,349,350,351,352,353,354,-160,-159,-158]],"type":"Polygon","properties":{"fylkesnummer":"55","fylkesnavn":"Troms"}},{"arcs":[[355,356,357,358,359,360,361,362,363,364,365,366,367,368,369,370,371,372,373,374,375,376,377,378,379,380,381,382,383,384,385,386,387,388,389,390,391,392,393,394,395,396,397,398,399,400,401,402,403,404,405,406,407,408,409,410,411,412,413,414,415,416,417,418,419,420,421,422,423,424,425,426,427,428,429,430,431,432,433,434,435,436,437,438,439,440,441,442,443,444,445,446,447,448,449,450,451,452,453,454,455,456,457,458,459,460,461,462,463,464,465,466,467,468,469,470,471,472,473,474,475,476,477,478,479,480,481,482,483,484,485,486,487,488,489,490,491,492,493,494,495,496,497,498,499,500,501,502,503,504,505,506,507,508,509,510,511,512,513,-350,-349,-348,-347,-346,-345,-344,-343,514,515,516,517,518,519,520,521,522,523,524,525,526,527,528,529,530,531,532,533,534,535,536,537,538,539,540,541,542,543,544,545,546,547,548,549,550,551,552,553,554,555,556,557,558,559,560,561,562,563,564,565,566,567,568,569,570,571,572,573,574,575,576,577,578,579,580,581,582,583,584,585,586,587,588,589,590,591,592,593,594,595,596,597,598,599,600,601,602,603,604,605,606,607,608,609,610,611,612,613,614,615,616,617,618,619,620,621,622,623,624,625,626,627,628,629,630,631,632,633,634,635,636,637,638,639,640,641,642,643,644,645,646,647,648,649,650,651,652,653,654,655,656,657,658,659,660,661,662,663,664,665,666,667,668,669,670,671,672,673,674,675,676,677,678,679,680,681,682,683,684,685,686,687,688,689,690,691,692,693,694,695,696,697,698,699,700,701,702,703,704,705,706,707,708,709,710,711,712,713,714,715,716,717,718,719,720,721,722,723,724,725,726,727,728,729,730,731,732,733,734,735,736,737,738,739,740,741,742,743,744,745,746,747,748,749,750,751,752,753,754,755,756,757,758,759,760,761,762,763,764,765,766,767,768,769,770,771,772,773,774,775,776,777,778,779,780,781,782,783,784,785,786,787,788,789,790,791,792,793,794,795,796,797,798,799,800,801,802,803,804,805,806,807,808,809,810,811,812,813,814,815,816,817,818,819,820,821,822,823,824,825,826,827,828,829,830,831,832,833,834,835,836,837,838,839,840,841,842,843,844,845,846,847,848,849,850,851,852,853,854,855,856,857,858,859,860,861,862,863,864,865,866,867,868,869,870,871,872,873,874,875,876,877,878,879,880,881,882,883,884,885,886,887,888,889,890,891,892,893,894,895,896,897,898,899,900,901,902,903,904,905,906,907,908,909,910,911,912,913,914,915,916,917,918,919,920,921,922,923,924,925,926,927,928,929,930,931,932,933,934,935,936,937,938,939,940,941,942,943,944,945,946,947,948,949,950,951,952,953,954,955,956,957,958,959,960,961,962,963,964,965,966,967,968,969,970,971,972,973,974,975,976,977,978,979,980,981,982,983,984,985,986,987,988,989,990,991,992,993,994,995,996,997,998,999,1000,1001,1002,1003,1004,1005,1006,1007,1008,1009,1010,1011,1012,1013,1014,1015,1016,1017,1018,1019,1020,1021,1022,1023,1024,1025,1026,1027,1028,1029,1030,1031,1032,1033,1034,1035,1036,1037,1038,1039,1040,1041,1042,1043,1044,1045,1046,1047,1048,1049,1050,1051,1052,1053,1054,1055,1056,1057,1058,1059,1060,1061,1062,1063,1064,1065,1066,1067,1068,1069,1070,1071,1072,1073,1074,1075,1076,1077,1078,1079,1080,1081,1082,1083,1084,1085,1086,1087,1088,1089,1090,1091,1092,1093,1094,1095,1096,1097,1098,1099,1100,1101,1102,1103,1104,1105,1106,1107,1108,1109,1110,1111,1112,1113,1114,1115,1116,1117,1118,1119,1120,1121,1122,1123,1124,1125,1126,1127,1128,1129,1130,1131,1132,1133,1134,1135,1136,1137,1138,1139,1140,1141,1142,1143,1144,1145,1146,1147,1148,1149,1150,1151,1152,1153,1154,1155,1156,1157,1158,1159,1160,1161,1162,1163,1164,1165,1166,1167,1168,1169,1170,1171,1172,1173,1174,1175,1176,1177,1178,1179,1180,1181,1182,1183,1184,1185,1186,1187,1188,1189,1190,1191,1192,1193,1194,1195,1196,1197,1198,1199,1200,1201,1202,1203,1204,1205,1206,1207,1208,1209,1210,1211,1212,1213,1214,1215,1216,1217,1218,1219,1220,1221,1222,1223,1224,1225,1226,1227,1228,1229,1230,1231,1232,1233,1234,1235,1236,1237,1238,1239,1240,1241,1242,1243,1244,1245,1246,1247,1248,1249,1250,1251,1252,1253,1254,1255,1256,1257,1258,1259,1260,1261,1262,1263,1264,1265,1266,1267,1268,1269,1270,1271,1272,1273,1274,1275,1276,1277,1278,1279,1280,1281,1282,1283,1284,1285,1286,1287,1288,1289,1290,1291,1292,1293,1294,1295,1296,1297,1298,1299,1300,1301,1302,1303,1304,1305,1306,1307,1308,1309,1310,1311,1312,1313,1314,1315,1316,1317,1318,1319,1320,1321,1322,1323,1324,1325,1326,1327,1328,1329,1330,1331,1332,1333,1334,1335,1336,1337,1338,1339,1340,1341,1342,1343,1344,1345,1346,1347,1348,1349,1350,1351,1352,1353,1354,1355,1356,1357,1358,1359,1360,1361,1362,1363,1364,1365,1366,1367,1368,1369,1370,1371,1372,1373,1374,1375,1376,1377,1378,1379,1380,1381,1382,1383,1384,1385,1386,1387,1388,1389,1390,1391,1392,1393,1394,1395,1396,1397,1398,1399,1400,1401,1402,1403,1404,1405,1406,1407,1408,1409,1410,1411,1412,1413,1414,1415,1416,1417,1418,1419,1420,1421,1422,1423,1424,1425,1426,1427,1428,1429,1430,1431,1432,1433,1434,1435,1436,1437,1438,1439,1440,1441,1442,1443,1444,1445,1446,1447,1448,1449,1450,1451,1452,1453,1454,1455,1456,1457,1458,1459,1460,1461,1462,1463,1464,1465,1466,1467,1468,1469,1470,1471,1472,1473,1474,1475,1476,1477,1478,1479,1480,1481,1482,1483,1484,1485,1486,1487,1488,1489,1490,1491,1492,1493,1494,1495,1496,1497,1498,1499,1500,1501,1502,1503,1504,1505,1506,1507,1508,1509,1510,1511,1512,1513,1514,1515,1516,1517,1518,1519,1520,1521,1522,1523,1524,1525,1526,1527,1528,1529,1530,1531,1532,1533,1534,1535,1536,1537,1538,1539,1540,1541,1542,1543,1544,1545,1546,1547,1548,1549,1550,1551,1552,1553,1554,1555,1556,1557,1558,1559,1560,1561,1562,1563,1564,1565,1566,1567,1568,1569,1570,1571,1572,1573,1574,1575,1576,1577,1578,1579,1580,1581,1582,1583,1584,1585,1586,1587,1588,1589,1590,1591,1592,1593,1594,1595,1596,1597,1598,1599,1600,1601,1602,1603,1604,1605,1606,1607,1608,1609,1610,1611,1612,1613,1614,1615,1616,1617,1618,1619,1620,1621,1622,1623,1624,1625,1626,1627,1628,1629,1630,1631,1632,1633,1634,1635,1636,1637,1638,1639,1640,1641,1642,1643,1644,1645,1646,1647,1648,1649,1650,1651,1652,1653,1654,1655,1656,1657,1658,1659,1660,1661,1662,1663,1664,1665,1666,1667,1668,1669,1670,1671,1672,1673,1674,1675,1676,1677,1678,1679,1680,1681,1682,1683,1684,1685,1686,1687,1688,1689,1690,1691,1692,1693,1694,1695,1696,1697,1698,1699,1700,1701,1702,1703,1704,1705,1706,1707,1708,1709,1710,1711,1712,1713,1714,1715,1716,1717,1718,1719,1720,1721,1722,1723,1724,1725,1726,1727,1728,1729,1730,1731,1732,1733,1734,1735,1736,1737,1738,1739,1740,1741,1742,1743,1744,1745,1746,1747,1748,1749,1750,1751,1752,1753,1754,1755,1756,1757,1758,1759,1760,1761,1762,1763,1764,1765,1766,1767,1768,1769,1770,1771,1772,1773,1774,1775,1776,1777,1778,1779,1780,1781,1782,1783,1784,1785,1786,1787,1788,1789,1790,1791,1792,1793,1794,1795,1796,1797,1798,1799,1800,1801,1802,1803,1804,1805,1806,1807,1808,1809,1810,1811,1812,1813,1814,1815,1816,1817,1818,1819,1820,1821,1822,1823,1824,1825,1826,1827,1828,1829,1830,1831,1832,1833,1834,1835,1836,1837,1838,1839,1840,1841,1842,1843,1844,1845,1846,1847,1848,1849,1850,1851,1852,1853,1854,1855,1856,1857,1858,1859,1860,1861,1862,1863,1864,1865,1866,1867,1868,1869,1870,1871,1872,1873,1874,1875,1876,1877,1878,1879,1880,1881,1882,1883,1884,1885,1886,1887,1888,1889,1890,1891,1892,1893,1894,1895,1896,1897,1898,1899,1900,1901,1902,1903,1904,1905,1906,1907,1908,1909,1910,1911,1912,1913,1914,1915,1916,1917,1918,1919,1920,1921,1922,1923,1924,1925,1926,1927,1928,1929,1930,1931,1932,1933,1934,1935,1936,1937,1938,1939,1940,1941,1942,1943,1944,1945,1946,1947,1948,1949,1950,1951,1952,1953,1954,1955,1956,1957,1958,1959,1960,1961,1962,1963,1964,1965,1966,1967,1968,1969,1970,1971,1972,1973,1974,1975,1976,1977,1978,1979,1980,1981,1982,1983,1984,1985,1986,1987,1988,1989,1990,1991,1992,1993,1994,1995,1996,1997,1998,1999,2000,2001,2002,2003,2004,2005,2006,2007,2008,2009,2010,2011,2012,2013,2014,2015,2016,2017,2018,2019,2020,2021,2022,2023,2024,2025,2026,2027,2028,2029,2030,2031,2032,2033,2034,2035,2036,2037,2038,2039,2040,2041,2042,2043,2044,2045,2046,2047,2048,2049,2050,2051,2052,2053,2054,2055,2056,2057,2058,2059,2060,2061,2062,2063,2064,2065,2066,2067,2068,2069,2070,2071,2072,2073,2074,2075,2076,2077,2078,2079,2080,2081,2082,2083,2084,2085,2086,2087,2088,2089,2090,2091,2092,2093,2094,2095,2096,2097,2098,2099,2100,2101,2102,2103,2104,2105,2106,2107,2108,2109,2110,2111,2112,2113,2114,2115,2116,2117,2118,2119,2120,2121,2122,2123,2124,2125,2126,2127,2128,2129,2130,2131,2132,2133,2134,2135,2136,2137,2138,2139,2140,2141,2142,2143,2144,2145,2146,2147,2148,2149,2150,2151,2152,2153,2154,2155,2156,2157,2158,2159,2160,2161,2162,2163,2164,2165,2166,2167,2168,2169,2170,2171,2172,2173,2174,2175,2176,2177,2178,2179,2180,2181,2182,2183,2184,2185,2186,2187,2188,2189,2190,2191,2192,2193,2194,2195,2196,2197,2198,2199,2200,2201,2202,2203,2204,2205,2206,2207,2208,2209,2210,2211,2212,2213,2214,2215,2216,2217,2218,2219,2220,2221,2222,2223,2224,2225,2226,2227,2228,2229,2230,2231,2232,2233,2234,2235,2236,2237,2238,2239,2240,2241,2242,2243,2244,2245,2246,2247,2248,2249,2250,2251,2252,2253,2254,2255,2256,2257,2258,2259,2260,2261,2262,2263,2264,2265,2266,2267,2268,2269,2270,2271,2272,2273,2274,2275,2276,2277,2278,2279,2280,2281,2282,2283,2284,2285,2286,2287,2288,2289,2290,2291,2292,2293,2294,2295,2296,2297,2298,2299,2300,2301,2302,2303,2304,2305,2306,2307,2308,2309,2310,2311,2312,2313,2314,2315,2316,2317,2318,2319,2320,2321,2322,2323,2324,2325,2326,2327,2328,2329,2330,2331,2332,2333,2334,2335,2336,2337,2338,2339,2340,2341,2342,2343,2344,2345,2346,2347,2348,2349,2350,2351,2352,2353,2354,2355,2356,2357,2358,2359,2360,2361,2362,2363,2364,2365,2366,2367,2368,2369,2370,2371,2372,2373,2374,2375,2376,2377,2378,2379,2380,2381,2382,2383,2384,2385,2386,2387,2388,2389,2390,2391,2392,2393,2394,2395,2396,2397,2398]],"type":"Polygon","properties":{"fylkesnummer":"56","fylkesnavn":"Finnmark"}}]},"kommuner":{"type":"GeometryCollection","geometries":[{"arcs":[[0,1,2,3,4,5,6,7,8]],"type":"Polygon","properties":{"kommunenummer":"0301","kommunenavn":"Oslo","fylkesnummer":"03","fylkesnavn":"Oslo"}},{"arcs":[[2399,72,2400,2401,63,2402,65,2403]],"type":"Polygon","properties":{"kommunenummer":"1101","kommunenavn":"Eigersund","fylkesnummer":"11","fylkesnavn":"Rogaland"}},{"arcs":[[2404,2405,2406,2407,2408,2409,2410,2411,2412]],"type":"Polygon","properties":{"kommunenummer":"1103","kommunenavn":"Stavanger","fylkesnummer":"11","fylkesnavn":"Rogaland"}},{"arcs":[[19,20,21,2413,23,2414,2415]],"type":"Polygon","properties":{"kommunenummer":"1106","kommunenavn":"Haugesund","fylkesnummer":"11","fylkesnavn":"Rogaland"}},{"arcs":[[2416,2417,2418,-2409,2419,2420,55,56,2421]],"type":"Polygon","properties":{"kommunenummer":"1108","kommunenavn":"Sandnes","fylkesnummer":"11","fylkesnavn":"Rogaland"}},{"arcs":[[70,71,-2400,2422]],"type":"Polygon","properties":{"kommunenummer":"1111","kommunenavn":"Sokndal","fylkesnummer":"11","fylkesnavn":"Rogaland"}},{"arcs":[[-2404,66,67,2423,69,-2423]],"type":"Polygon","properties":{"kommunenummer":"1112","kommunenavn":"Lund","fylkesnummer":"11","fylkesnavn":"Rogaland"}},{"arcs":[[58,2424,60,2425,62,-2402,2426,2427,2428]],"type":"Polygon","properties":{"kommunenummer":"1114","kommunenavn":"Bjerkreim","fylkesnummer":"11","fylkesnavn":"Rogaland"}},{"arcs":[[-2427,-2401,73,2429,10,2430,2431]],"type":"Polygon","properties":{"kommunenummer":"1119","kommunenavn":"Hå","fylkesnummer":"11","fylkesnavn":"Rogaland"}},{"arcs":[[2432,-2431,11,2433,-2418]],"type":"Polygon","properties":{"kommunenummer":"1120","kommunenavn":"Klepp","fylkesnummer":"11","fylkesnavn":"Rogaland"}},{"arcs":[[-2428,-2432,-2433,-2417,2434]],"type":"Polygon","properties":{"kommunenummer":"1121","kommunenavn":"Time","fylkesnummer":"11","fylkesnavn":"Rogaland"}},{"arcs":[[57,-2429,-2435,-2422]],"type":"Polygon","properties":{"kommunenummer":"1122","kommunenavn":"Gjesdal","fylkesnummer":"11","fylkesnavn":"Rogaland"}},{"arcs":[[-2434,12,2435,2436,-2410,-2419]],"type":"Polygon","properties":{"kommunenummer":"1124","kommunenavn":"Sola","fylkesnummer":"11","fylkesnavn":"Rogaland"}},{"arcs":[[-2437,2437,-2411]],"type":"Polygon","properties":{"kommunenummer":"1127","kommunenavn":"Randaberg","fylkesnummer":"11","fylkesnavn":"Rogaland"}},{"arcs":[[-2420,-2408,2438]],"type":"Polygon","properties":{"kommunenummer":"1130","kommunenavn":"Strand","fylkesnummer":"11","fylkesnavn":"Rogaland"}},{"arcs":[[2439,54,-2421,-2439,-2407]],"type":"Polygon","properties":{"kommunenummer":"1133","kommunenavn":"Hjelmeland","fylkesnummer":"11","fylkesnavn":"Rogaland"}},{"arcs":[[52,53,-2440,-2406,2440,2441,34,2442,51]],"type":"Polygon","properties":{"kommunenummer":"1134","kommunenavn":"Suldal","fylkesnummer":"11","fylkesnavn":"Rogaland"}},{"arcs":[[35,2443,37,2444,39,2445,41,2446,43,2447,45,2448,47,48,2449,50,-2443]],"type":"Polygon","properties":{"kommunenummer":"1135","kommunenavn":"Sauda","fylkesnummer":"11","fylkesnavn":"Rogaland"}},{"arcs":[[-2436,13,2450,2451,-2412,-2438]],"type":"Polygon","properties":{"kommunenummer":"1144","kommunenavn":"Kvitsøy","fylkesnummer":"11","fylkesnavn":"Rogaland"}},{"arcs":[[2452,-2413,-2452,2453]],"type":"Polygon","properties":{"kommunenummer":"1145","kommunenavn":"Bokn","fylkesnummer":"11","fylkesnavn":"Rogaland"}},{"arcs":[[-2441,-2405,-2453,2454,-2415,24,2455]],"type":"Polygon","properties":{"kommunenummer":"1146","kommunenavn":"Tysvær","fylkesnummer":"11","fylkesnavn":"Rogaland"}},{"arcs":[[-2455,-2454,-2451,14,2456,16,2457,18,-2416]],"type":"Polygon","properties":{"kommunenummer":"1149","kommunenavn":"Karmøy","fylkesnummer":"11","fylkesnavn":"Rogaland"}},{"arcs":[[17,-2458]],"type":"Polygon","properties":{"kommunenummer":"1151","kommunenavn":"Utsira","fylkesnummer":"11","fylkesnavn":"Rogaland"}},{"arcs":[[25,26,2458,28,29,2459,31,2460,33,-2442,-2456]],"type":"Polygon","properties":{"kommunenummer":"1160","kommunenavn":"Vindafjord","fylkesnummer":"11","fylkesnavn":"Rogaland"}},{"arcs":[[2461,96,2462,2463,2464,2465]],"type":"Polygon","properties":{"kommunenummer":"1505","kommunenavn":"Kristiansund","fylkesnummer":"15","fylkesnavn":"Møre og Romsdal"}},{"arcs":[[2466,2467,2468,2469,2470,112,2471,2472,2473,2474]],"type":"Polygon","properties":{"kommunenummer":"1506","kommunenavn":"Molde","fylkesnummer":"15","fylkesnavn":"Møre og Romsdal"}},{"arcs":[[[2475,-2475,2476,92]],[[2477,2478,2479,2480,2481,2482]]],"type":"MultiPolygon","properties":{"kommunenummer":"1508","kommunenavn":"Ålesund","fylkesnummer":"15","fylkesnavn":"Møre og Romsdal"}},{"arcs":[[76,2483,78,2484,80,81,82,2485,84,2486,86,2487,2488,2489]],"type":"Polygon","properties":{"kommunenummer":"1511","kommunenavn":"Vanylven","fylkesnummer":"15","fylkesnavn":"Møre og Romsdal"}},{"arcs":[[87,88,2490,-2488]],"type":"Polygon","properties":{"kommunenummer":"1514","kommunenavn":"Sande","fylkesnummer":"15","fylkesnavn":"Møre og Romsdal"}},{"arcs":[[-2489,-2491,89,2491,2492]],"type":"Polygon","properties":{"kommunenummer":"1515","kommunenavn":"Herøy","fylkesnummer":"15","fylkesnavn":"Møre og Romsdal"}},{"arcs":[[2493,2494,-2493,2495,2496]],"type":"Polygon","properties":{"kommunenummer":"1516","kommunenavn":"Ulstein","fylkesnummer":"15","fylkesnavn":"Møre og Romsdal"}},{"arcs":[[2497,2498,2499,-2497]],"type":"Polygon","properties":{"kommunenummer":"1517","kommunenavn":"Hareid","fylkesnummer":"15","fylkesnavn":"Møre og Romsdal"}},{"arcs":[[-2494,-2500,2500,2501,2502,2503]],"type":"Polygon","properties":{"kommunenummer":"1520","kommunenavn":"Ørsta","fylkesnummer":"15","fylkesnavn":"Møre og Romsdal"}},{"arcs":[[2504,116,117,2505,119,2506,121,2507,-2503,2508]],"type":"Polygon","properties":{"kommunenummer":"1525","kommunenavn":"Stranda","fylkesnummer":"15","fylkesnavn":"Møre og Romsdal"}},{"arcs":[[-2502,-2482,2509,-2509]],"type":"Polygon","properties":{"kommunenummer":"1528","kommunenavn":"Sykkylven","fylkesnummer":"15","fylkesnavn":"Møre og Romsdal"}},{"arcs":[[-2501,-2499,2510,-2483]],"type":"Polygon","properties":{"kommunenummer":"1531","kommunenavn":"Sula","fylkesnummer":"15","fylkesnavn":"Møre og Romsdal"}},{"arcs":[[2511,-2478,-2511,-2498,-2496,-2492,90]],"type":"Polygon","properties":{"kommunenummer":"1532","kommunenavn":"Giske","fylkesnummer":"15","fylkesnavn":"Møre og Romsdal"}},{"arcs":[[2512,2513,-2480,2514,-2473]],"type":"Polygon","properties":{"kommunenummer":"1535","kommunenavn":"Vestnes","fylkesnummer":"15","fylkesnavn":"Møre og Romsdal"}},{"arcs":[[113,114,2515,-2513,-2472]],"type":"Polygon","properties":{"kommunenummer":"1539","kommunenavn":"Rauma","fylkesnummer":"15","fylkesnavn":"Møre og Romsdal"}},{"arcs":[[-2467,-2476,93,2516]],"type":"Polygon","properties":{"kommunenummer":"1547","kommunenavn":"Aukra","fylkesnummer":"15","fylkesnavn":"Møre og Romsdal"}},{"arcs":[[2517,95,-2462,2518]],"type":"Polygon","properties":{"kommunenummer":"1554","kommunenavn":"Averøy","fylkesnummer":"15","fylkesnavn":"Møre og Romsdal"}},{"arcs":[[2519,-2519,-2466,2520,-2469]],"type":"Polygon","properties":{"kommunenummer":"1557","kommunenavn":"Gjemnes","fylkesnummer":"15","fylkesnavn":"Møre og Romsdal"}},{"arcs":[[-2470,-2521,-2465,2521,102,2522,2523]],"type":"Polygon","properties":{"kommunenummer":"1560","kommunenavn":"Tingvoll","fylkesnummer":"15","fylkesnavn":"Møre og Romsdal"}},{"arcs":[[2524,110,111,-2471,-2524]],"type":"Polygon","properties":{"kommunenummer":"1563","kommunenavn":"Sunndal","fylkesnummer":"15","fylkesnavn":"Møre og Romsdal"}},{"arcs":[[106,2525,108,109,-2525,-2523,103,2526,105]],"type":"Polygon","properties":{"kommunenummer":"1566","kommunenavn":"Surnadal","fylkesnummer":"15","fylkesnavn":"Møre og Romsdal"}},{"arcs":[[2527,-2463,97,98,99]],"type":"Polygon","properties":{"kommunenummer":"1573","kommunenavn":"Smøla","fylkesnummer":"15","fylkesnavn":"Møre og Romsdal"}},{"arcs":[[-2522,-2464,-2528,100,101]],"type":"Polygon","properties":{"kommunenummer":"1576","kommunenavn":"Aure","fylkesnummer":"15","fylkesnavn":"Møre og Romsdal"}},{"arcs":[[2528,75,-2490,-2495,-2504,-2508,122,2529,124,2530,126,127]],"type":"Polygon","properties":{"kommunenummer":"1577","kommunenavn":"Volda","fylkesnummer":"15","fylkesnavn":"Møre og Romsdal"}},{"arcs":[[-2510,-2481,-2514,-2516,115,-2505]],"type":"Polygon","properties":{"kommunenummer":"1578","kommunenavn":"Fjord","fylkesnummer":"15","fylkesnavn":"Møre og Romsdal"}},{"arcs":[[94,-2518,-2520,-2468,-2517]],"type":"Polygon","properties":{"kommunenummer":"1579","kommunenavn":"Hustadvika","fylkesnummer":"15","fylkesnavn":"Møre og Romsdal"}},{"arcs":[[-2512,91,-2477,-2474,-2515,-2479]],"type":"Polygon","properties":{"kommunenummer":"1580","kommunenavn":"Haram","fylkesnummer":"15","fylkesnavn":"Møre og Romsdal"}},{"arcs":[[2531,2532,2533,2534,2535,2536,2537,2538,2539,2540]],"type":"Polygon","properties":{"kommunenummer":"1804","kommunenavn":"Bodø","fylkesnummer":"18","fylkesnavn":"Nordland"}},{"arcs":[[156,157,158,159,160,2541,2542,154,2543]],"type":"Polygon","properties":{"kommunenummer":"1806","kommunenavn":"Narvik","fylkesnummer":"18","fylkesnavn":"Nordland"}},{"arcs":[[2544,2545,128,129,130,131,132,2546]],"type":"Polygon","properties":{"kommunenummer":"1811","kommunenavn":"Bindal","fylkesnummer":"18","fylkesnavn":"Nordland"}},{"arcs":[[-2547,133,2547]],"type":"Polygon","properties":{"kommunenummer":"1812","kommunenavn":"Sømna","fylkesnummer":"18","fylkesnavn":"Nordland"}},{"arcs":[[134,2548,2549,2550,2551,-2545,-2548]],"type":"Polygon","properties":{"kommunenummer":"1813","kommunenavn":"Brønnøy","fylkesnummer":"18","fylkesnavn":"Nordland"}},{"arcs":[[135,2552,2553,2554,-2549]],"type":"Polygon","properties":{"kommunenummer":"1815","kommunenavn":"Vega","fylkesnummer":"18","fylkesnavn":"Nordland"}},{"arcs":[[-2555,2555,2556,-2550]],"type":"Polygon","properties":{"kommunenummer":"1816","kommunenavn":"Vevelstad","fylkesnummer":"18","fylkesnavn":"Nordland"}},{"arcs":[[-2553,136,2557,2558,2559]],"type":"Polygon","properties":{"kommunenummer":"1818","kommunenavn":"Herøy","fylkesnummer":"18","fylkesnavn":"Nordland"}},{"arcs":[[-2556,-2554,-2560,2560,2561,2562]],"type":"Polygon","properties":{"kommunenummer":"1820","kommunenavn":"Alstahaug","fylkesnummer":"18","fylkesnavn":"Nordland"}},{"arcs":[[2563,2564,2565,2566,2567,-2562]],"type":"Polygon","properties":{"kommunenummer":"1822","kommunenavn":"Leirfjord","fylkesnummer":"18","fylkesnavn":"Nordland"}},{"arcs":[[-2568,2568,2569,2570,-2551,-2557,-2563]],"type":"Polygon","properties":{"kommunenummer":"1824","kommunenavn":"Vefsn","fylkesnummer":"18","fylkesnavn":"Nordland"}},{"arcs":[[2571,169,170,-2546,-2552,-2571]],"type":"Polygon","properties":{"kommunenummer":"1825","kommunenavn":"Grane","fylkesnummer":"18","fylkesnavn":"Nordland"}},{"arcs":[[168,-2572,-2570,2572,167]],"type":"Polygon","properties":{"kommunenummer":"1826","kommunenavn":"Hattfjelldal","fylkesnummer":"18","fylkesnavn":"Nordland"}},{"arcs":[[-2564,-2561,-2559,2573,2574,2575]],"type":"Polygon","properties":{"kommunenummer":"1827","kommunenavn":"Dønna","fylkesnummer":"18","fylkesnavn":"Nordland"}},{"arcs":[[-2565,-2576,2576,2577]],"type":"Polygon","properties":{"kommunenummer":"1828","kommunenavn":"Nesna","fylkesnummer":"18","fylkesnavn":"Nordland"}},{"arcs":[[-2567,2578,166,-2573,-2569]],"type":"Polygon","properties":{"kommunenummer":"1832","kommunenavn":"Hemnes","fylkesnummer":"18","fylkesnavn":"Nordland"}},{"arcs":[[2579,2580,2581,165,-2579,-2566,-2578,2582,2583]],"type":"Polygon","properties":{"kommunenummer":"1833","kommunenavn":"Rana","fylkesnummer":"18","fylkesnavn":"Nordland"}},{"arcs":[[-2575,2584,2585,-2583,-2577]],"type":"Polygon","properties":{"kommunenummer":"1834","kommunenavn":"Lurøy","fylkesnummer":"18","fylkesnavn":"Nordland"}},{"arcs":[[-2585,-2574,-2558,137,2586]],"type":"Polygon","properties":{"kommunenummer":"1835","kommunenavn":"Træna","fylkesnummer":"18","fylkesnavn":"Nordland"}},{"arcs":[[-2587,138,2587,2588,-2584,-2586]],"type":"Polygon","properties":{"kommunenummer":"1836","kommunenavn":"Rødøy","fylkesnummer":"18","fylkesnavn":"Nordland"}},{"arcs":[[2589,-2533,2590,2591,-2580,-2589]],"type":"Polygon","properties":{"kommunenummer":"1837","kommunenavn":"Meløy","fylkesnummer":"18","fylkesnavn":"Nordland"}},{"arcs":[[-2591,-2532,2592]],"type":"Polygon","properties":{"kommunenummer":"1838","kommunenavn":"Gildeskål","fylkesnummer":"18","fylkesnavn":"Nordland"}},{"arcs":[[-2581,-2592,-2593,-2541,2593]],"type":"Polygon","properties":{"kommunenummer":"1839","kommunenavn":"Beiarn","fylkesnummer":"18","fylkesnavn":"Nordland"}},{"arcs":[[2594,164,-2582,-2594,-2540]],"type":"Polygon","properties":{"kommunenummer":"1840","kommunenavn":"Saltdal","fylkesnummer":"18","fylkesnavn":"Nordland"}},{"arcs":[[2595,163,-2595,-2539]],"type":"Polygon","properties":{"kommunenummer":"1841","kommunenavn":"Fauske","fylkesnummer":"18","fylkesnavn":"Nordland"}},{"arcs":[[-2538,2596,2597,162,-2596]],"type":"Polygon","properties":{"kommunenummer":"1845","kommunenavn":"Sørfold","fylkesnummer":"18","fylkesnavn":"Nordland"}},{"arcs":[[2598,-2597,-2537,2599,2600,2601]],"type":"Polygon","properties":{"kommunenummer":"1848","kommunenavn":"Steigen","fylkesnummer":"18","fylkesnavn":"Nordland"}},{"arcs":[[153,-2543,2602,2603,2604,2605,152]],"type":"Polygon","properties":{"kommunenummer":"1851","kommunenavn":"Lødingen","fylkesnummer":"18","fylkesnavn":"Nordland"}},{"arcs":[[155,-2544]],"type":"Polygon","properties":{"kommunenummer":"1853","kommunenavn":"Evenes","fylkesnummer":"18","fylkesnavn":"Nordland"}},{"arcs":[[2606,-2534,-2590,-2588,139]],"type":"Polygon","properties":{"kommunenummer":"1856","kommunenavn":"Røst","fylkesnummer":"18","fylkesnavn":"Nordland"}},{"arcs":[[2607,-2535,-2607,140]],"type":"Polygon","properties":{"kommunenummer":"1857","kommunenavn":"Værøy","fylkesnummer":"18","fylkesnavn":"Nordland"}},{"arcs":[[2608,2609,142]],"type":"Polygon","properties":{"kommunenummer":"1859","kommunenavn":"Flakstad","fylkesnummer":"18","fylkesnavn":"Nordland"}},{"arcs":[[143,2610,-2601,2611,-2609]],"type":"Polygon","properties":{"kommunenummer":"1860","kommunenavn":"Vestvågøy","fylkesnummer":"18","fylkesnavn":"Nordland"}},{"arcs":[[-2604,2612,-2602,-2611,144,2613,2614]],"type":"Polygon","properties":{"kommunenummer":"1865","kommunenavn":"Vågan","fylkesnummer":"18","fylkesnavn":"Nordland"}},{"arcs":[[-2605,-2615,2615,2616]],"type":"Polygon","properties":{"kommunenummer":"1866","kommunenavn":"Hadsel","fylkesnummer":"18","fylkesnavn":"Nordland"}},{"arcs":[[-2616,-2614,145,2617,2618]],"type":"Polygon","properties":{"kommunenummer":"1867","kommunenavn":"Bø","fylkesnummer":"18","fylkesnavn":"Nordland"}},{"arcs":[[-2618,146,2619,2620]],"type":"Polygon","properties":{"kommunenummer":"1868","kommunenavn":"Øksnes","fylkesnummer":"18","fylkesnavn":"Nordland"}},{"arcs":[[-2606,-2617,-2619,-2621,2621,150,151]],"type":"Polygon","properties":{"kommunenummer":"1870","kommunenavn":"Sortland","fylkesnummer":"18","fylkesnavn":"Nordland"}},{"arcs":[[149,-2622,-2620,147,148]],"type":"Polygon","properties":{"kommunenummer":"1871","kommunenavn":"Andøy","fylkesnummer":"18","fylkesnavn":"Nordland"}},{"arcs":[[-2536,-2608,141,-2610,-2612,-2600]],"type":"Polygon","properties":{"kommunenummer":"1874","kommunenavn":"Moskenes","fylkesnummer":"18","fylkesnavn":"Nordland"}},{"arcs":[[-2613,-2603,-2542,161,-2598,-2599]],"type":"Polygon","properties":{"kommunenummer":"1875","kommunenavn":"Hamarøy","fylkesnummer":"18","fylkesnavn":"Nordland"}},{"arcs":[[2622,2623,2624,2625,189]],"type":"Polygon","properties":{"kommunenummer":"3101","kommunenavn":"Halden","fylkesnummer":"31","fylkesnavn":"Østfold"}},{"arcs":[[175,176,177,178,2626,2627]],"type":"Polygon","properties":{"kommunenummer":"3103","kommunenavn":"Moss","fylkesnummer":"31","fylkesnavn":"Østfold"}},{"arcs":[[-2624,2628,2629,2630,2631,2632,2633]],"type":"Polygon","properties":{"kommunenummer":"3105","kommunenavn":"Sarpsborg","fylkesnummer":"31","fylkesnavn":"Østfold"}},{"arcs":[[-2630,2634,172,2635]],"type":"Polygon","properties":{"kommunenummer":"3107","kommunenavn":"Fredrikstad","fylkesnummer":"31","fylkesnavn":"Østfold"}},{"arcs":[[171,-2635,-2629,-2623,190]],"type":"Polygon","properties":{"kommunenummer":"3110","kommunenavn":"Hvaler","fylkesnummer":"31","fylkesnavn":"Østfold"}},{"arcs":[[173,174,-2628,2636,-2631,-2636]],"type":"Polygon","properties":{"kommunenummer":"3112","kommunenavn":"Råde","fylkesnummer":"31","fylkesnavn":"Østfold"}},{"arcs":[[-2627,179,2637,2638,-2632,-2637]],"type":"Polygon","properties":{"kommunenummer":"3114","kommunenavn":"Våler","fylkesnummer":"31","fylkesnavn":"Østfold"}},{"arcs":[[2639,-2633,-2639,2640]],"type":"Polygon","properties":{"kommunenummer":"3116","kommunenavn":"Skiptvet","fylkesnummer":"31","fylkesnavn":"Østfold"}},{"arcs":[[-2638,180,181,182,183,184,185,2641,2642,-2641]],"type":"Polygon","properties":{"kommunenummer":"3118","kommunenavn":"Indre Østfold","fylkesnummer":"31","fylkesnavn":"Østfold"}},{"arcs":[[-2634,-2640,-2643,2643,2644,-2625]],"type":"Polygon","properties":{"kommunenummer":"3120","kommunenavn":"Rakkestad","fylkesnummer":"31","fylkesnavn":"Østfold"}},{"arcs":[[2645,-2644,-2642,186,187]],"type":"Polygon","properties":{"kommunenummer":"3122","kommunenavn":"Marker","fylkesnummer":"31","fylkesnavn":"Østfold"}},{"arcs":[[188,-2626,-2645,-2646]],"type":"Polygon","properties":{"kommunenummer":"3124","kommunenavn":"Aremark","fylkesnummer":"31","fylkesnavn":"Østfold"}},{"arcs":[[198,199,200,-2,2646,2647]],"type":"Polygon","properties":{"kommunenummer":"3201","kommunenavn":"Bærum","fylkesnummer":"32","fylkesnavn":"Akershus"}},{"arcs":[[-2648,2648,2649,2650,-178,194,195,196,197]],"type":"Polygon","properties":{"kommunenummer":"3203","kommunenavn":"Asker","fylkesnummer":"32","fylkesnavn":"Akershus"}},{"arcs":[[-185,2651,2652,2653,-6,2654,2655,2656,2657,2658]],"type":"Polygon","properties":{"kommunenummer":"3205","kommunenavn":"Lillestrøm","fylkesnummer":"32","fylkesnavn":"Akershus"}},{"arcs":[[2659,2660,-9,2661,-183,2662]],"type":"Polygon","properties":{"kommunenummer":"3207","kommunenavn":"Nordre Follo","fylkesnummer":"32","fylkesnavn":"Akershus"}},{"arcs":[[2663,2664,-2657,2665,2666]],"type":"Polygon","properties":{"kommunenummer":"3209","kommunenavn":"Ullensaker","fylkesnummer":"32","fylkesnavn":"Akershus"}},{"arcs":[[-1,-2661,2667,-2649,-2647]],"type":"Polygon","properties":{"kommunenummer":"3212","kommunenavn":"Nesodden","fylkesnummer":"32","fylkesnavn":"Akershus"}},{"arcs":[[[-2660,2668,2669,2670,-2650,-2668]],[[2671]]],"type":"MultiPolygon","properties":{"kommunenummer":"3214","kommunenavn":"Frogn","fylkesnummer":"32","fylkesnavn":"Akershus"}},{"arcs":[[-180,-179,-2651,-2671,2672,-181]],"type":"Polygon","properties":{"kommunenummer":"3216","kommunenavn":"Vestby","fylkesnummer":"32","fylkesnavn":"Akershus"}},{"arcs":[[-182,-2673,-2670,-2669,-2663],[-2672]],"type":"Polygon","properties":{"kommunenummer":"3218","kommunenavn":"Ås","fylkesnummer":"32","fylkesnavn":"Akershus"}},{"arcs":[[-184,-2662,-8,2673,2674,-2652]],"type":"Polygon","properties":{"kommunenummer":"3220","kommunenavn":"Enebakk","fylkesnummer":"32","fylkesnavn":"Akershus"}},{"arcs":[[-2674,-7,-2654,2675]],"type":"Polygon","properties":{"kommunenummer":"3222","kommunenavn":"Lørenskog","fylkesnummer":"32","fylkesnavn":"Akershus"}},{"arcs":[[-2675,-2676,-2653]],"type":"Polygon","properties":{"kommunenummer":"3224","kommunenavn":"Rælingen","fylkesnummer":"32","fylkesnavn":"Akershus"}},{"arcs":[[2676,192,193,-187,-186,-2659]],"type":"Polygon","properties":{"kommunenummer":"3226","kommunenavn":"Aurskog-Høland","fylkesnummer":"32","fylkesnavn":"Akershus"}},{"arcs":[[2677,212,213,191,-2677,-2658,-2665]],"type":"Polygon","properties":{"kommunenummer":"3228","kommunenavn":"Nes","fylkesnummer":"32","fylkesnavn":"Akershus"}},{"arcs":[[2678,2679,-2666,-2656]],"type":"Polygon","properties":{"kommunenummer":"3230","kommunenavn":"Gjerdrum","fylkesnummer":"32","fylkesnavn":"Akershus"}},{"arcs":[[-5,2680,2681,-2679,-2655]],"type":"Polygon","properties":{"kommunenummer":"3232","kommunenavn":"Nittedal","fylkesnummer":"32","fylkesnavn":"Akershus"}},{"arcs":[[-4,201,2682,204,2683,-2681]],"type":"Polygon","properties":{"kommunenummer":"3234","kommunenavn":"Lunner","fylkesnummer":"32","fylkesnavn":"Akershus"}},{"arcs":[[-2683,202,203]],"type":"Polygon","properties":{"kommunenummer":"3236","kommunenavn":"Jevnaker","fylkesnummer":"32","fylkesnavn":"Akershus"}},{"arcs":[[-2667,-2680,-2682,-2684,205,2684,2685]],"type":"Polygon","properties":{"kommunenummer":"3238","kommunenavn":"Nannestad","fylkesnummer":"32","fylkesnavn":"Akershus"}},{"arcs":[[209,210,211,-2678,-2664,-2686,2686]],"type":"Polygon","properties":{"kommunenummer":"3240","kommunenavn":"Eidsvoll","fylkesnummer":"32","fylkesnavn":"Akershus"}},{"arcs":[[-2687,-2685,206,207,208]],"type":"Polygon","properties":{"kommunenummer":"3242","kommunenavn":"Hurdal","fylkesnummer":"32","fylkesnavn":"Akershus"}},{"arcs":[[2687,2688,-197,229]],"type":"Polygon","properties":{"kommunenummer":"3301","kommunenavn":"Drammen","fylkesnummer":"33","fylkesnavn":"Buskerud"}},{"arcs":[[231,232,233,234,2689,236,237,238,2690,2691]],"type":"Polygon","properties":{"kommunenummer":"3303","kommunenavn":"Kongsberg","fylkesnummer":"33","fylkesnavn":"Buskerud"}},{"arcs":[[2692,2693,2694,226,227,228,-203,-202,-3,-201,2695]],"type":"Polygon","properties":{"kommunenummer":"3305","kommunenavn":"Ringerike","fylkesnummer":"33","fylkesnavn":"Buskerud"}},{"arcs":[[-200,2696,2697,-2696]],"type":"Polygon","properties":{"kommunenummer":"3310","kommunenavn":"Hole","fylkesnummer":"33","fylkesnavn":"Buskerud"}},{"arcs":[[2698,-2697,-199,-198,-2689]],"type":"Polygon","properties":{"kommunenummer":"3312","kommunenavn":"Lier","fylkesnummer":"33","fylkesnavn":"Buskerud"}},{"arcs":[[2699,2700,-2688,230,-2692,2701]],"type":"Polygon","properties":{"kommunenummer":"3314","kommunenavn":"Øvre Eiker","fylkesnummer":"33","fylkesnavn":"Buskerud"}},{"arcs":[[2702,2703,-2693,-2698,-2699,-2701]],"type":"Polygon","properties":{"kommunenummer":"3316","kommunenavn":"Modum","fylkesnummer":"33","fylkesnavn":"Buskerud"}},{"arcs":[[-2704,2704,2705,-2694]],"type":"Polygon","properties":{"kommunenummer":"3318","kommunenavn":"Krødsherad","fylkesnummer":"33","fylkesnavn":"Buskerud"}},{"arcs":[[-2706,2706,2707,2708,223,2709,225,-2695]],"type":"Polygon","properties":{"kommunenummer":"3320","kommunenavn":"Flå","fylkesnummer":"33","fylkesnavn":"Buskerud"}},{"arcs":[[2710,2711,222,-2709,2712]],"type":"Polygon","properties":{"kommunenummer":"3322","kommunenavn":"Nesbyen","fylkesnummer":"33","fylkesnavn":"Buskerud"}},{"arcs":[[221,-2712,2713,2714,220]],"type":"Polygon","properties":{"kommunenummer":"3324","kommunenavn":"Gol","fylkesnummer":"33","fylkesnavn":"Buskerud"}},{"arcs":[[2715,215,216,217,218,219,-2715]],"type":"Polygon","properties":{"kommunenummer":"3326","kommunenavn":"Hemsedal","fylkesnummer":"33","fylkesnavn":"Buskerud"}},{"arcs":[[214,-2716,-2714,-2711,2716,2717]],"type":"Polygon","properties":{"kommunenummer":"3328","kommunenavn":"Ål","fylkesnummer":"33","fylkesnavn":"Buskerud"}},{"arcs":[[2718,245,246,247,248,-2718]],"type":"Polygon","properties":{"kommunenummer":"3330","kommunenavn":"Hol","fylkesnummer":"33","fylkesnavn":"Buskerud"}},{"arcs":[[2719,-2707,-2705,-2703,-2700,2720,2721]],"type":"Polygon","properties":{"kommunenummer":"3332","kommunenavn":"Sigdal","fylkesnummer":"33","fylkesnavn":"Buskerud"}},{"arcs":[[-2721,-2702,-2691,239,240,2722]],"type":"Polygon","properties":{"kommunenummer":"3334","kommunenavn":"Flesberg","fylkesnummer":"33","fylkesnavn":"Buskerud"}},{"arcs":[[241,2723,-2722,-2723]],"type":"Polygon","properties":{"kommunenummer":"3336","kommunenavn":"Rollag","fylkesnummer":"33","fylkesnavn":"Buskerud"}},{"arcs":[[242,243,244,-2719,-2717,-2713,-2708,-2720,-2724]],"type":"Polygon","properties":{"kommunenummer":"3338","kommunenavn":"Nore og Uvdal","fylkesnummer":"33","fylkesnavn":"Buskerud"}},{"arcs":[[273,2724,2725,2726]],"type":"Polygon","properties":{"kommunenummer":"3401","kommunenavn":"Kongsvinger","fylkesnummer":"34","fylkesnavn":"Innlandet"}},{"arcs":[[2727,2728,2729,2730]],"type":"Polygon","properties":{"kommunenummer":"3403","kommunenavn":"Hamar","fylkesnummer":"34","fylkesnavn":"Innlandet"}},{"arcs":[[2731,2732,2733,2734,2735]],"type":"Polygon","properties":{"kommunenummer":"3405","kommunenavn":"Lillehammer","fylkesnummer":"34","fylkesnavn":"Innlandet"}},{"arcs":[[2736,2737,2738,2739,-2732,2740]],"type":"Polygon","properties":{"kommunenummer":"3407","kommunenavn":"Gjøvik","fylkesnummer":"34","fylkesnavn":"Innlandet"}},{"arcs":[[-2736,2741,2742,2743,-2731,2744,2745,-2741]],"type":"Polygon","properties":{"kommunenummer":"3411","kommunenavn":"Ringsaker","fylkesnummer":"34","fylkesnavn":"Innlandet"}},{"arcs":[[2746,2747,2748,2749,-2729]],"type":"Polygon","properties":{"kommunenummer":"3412","kommunenavn":"Løten","fylkesnummer":"34","fylkesnavn":"Innlandet"}},{"arcs":[[-2750,2750,2751,2752,-211,2753,-2745,-2730]],"type":"Polygon","properties":{"kommunenummer":"3413","kommunenavn":"Stange","fylkesnummer":"34","fylkesnavn":"Innlandet"}},{"arcs":[[2754,2755,-213,-212,-2753,2756]],"type":"Polygon","properties":{"kommunenummer":"3414","kommunenavn":"Nord-Odal","fylkesnummer":"34","fylkesnavn":"Innlandet"}},{"arcs":[[-2756,2757,-2726,2758,-214]],"type":"Polygon","properties":{"kommunenummer":"3415","kommunenavn":"Sør-Odal","fylkesnummer":"34","fylkesnavn":"Innlandet"}},{"arcs":[[-192,-2759,-2725,274,-193]],"type":"Polygon","properties":{"kommunenummer":"3416","kommunenavn":"Eidskog","fylkesnummer":"34","fylkesnavn":"Innlandet"}},{"arcs":[[2759,272,-2727,-2758,-2755]],"type":"Polygon","properties":{"kommunenummer":"3417","kommunenavn":"Grue","fylkesnummer":"34","fylkesnavn":"Innlandet"}},{"arcs":[[-2752,2760,271,-2760,-2757]],"type":"Polygon","properties":{"kommunenummer":"3418","kommunenavn":"Åsnes","fylkesnummer":"34","fylkesnavn":"Innlandet"}},{"arcs":[[-2751,-2749,2761,2762,270,-2761]],"type":"Polygon","properties":{"kommunenummer":"3419","kommunenavn":"Våler","fylkesnummer":"34","fylkesnavn":"Innlandet"}},{"arcs":[[-2748,2763,2764,-2762]],"type":"Polygon","properties":{"kommunenummer":"3420","kommunenavn":"Elverum","fylkesnummer":"34","fylkesnavn":"Innlandet"}},{"arcs":[[2765,2766,269,-2763,-2765,2767]],"type":"Polygon","properties":{"kommunenummer":"3421","kommunenavn":"Trysil","fylkesnummer":"34","fylkesnavn":"Innlandet"}},{"arcs":[[-2744,2768,2769,-2768,-2764,-2747,-2728]],"type":"Polygon","properties":{"kommunenummer":"3422","kommunenavn":"Åmot","fylkesnummer":"34","fylkesnavn":"Innlandet"}},{"arcs":[[-2769,-2743,2770,2771,2772,2773,2774,2775]],"type":"Polygon","properties":{"kommunenummer":"3423","kommunenavn":"Stor-Elvdal","fylkesnummer":"34","fylkesnavn":"Innlandet"}},{"arcs":[[-2766,-2770,-2776,2776,2777,2778,2779]],"type":"Polygon","properties":{"kommunenummer":"3424","kommunenavn":"Rendalen","fylkesnummer":"34","fylkesnavn":"Innlandet"}},{"arcs":[[2780,2781,267,268,-2767,-2780]],"type":"Polygon","properties":{"kommunenummer":"3425","kommunenavn":"Engerdal","fylkesnummer":"34","fylkesnavn":"Innlandet"}},{"arcs":[[-2781,-2779,2782,2783]],"type":"Polygon","properties":{"kommunenummer":"3426","kommunenavn":"Tolga","fylkesnummer":"34","fylkesnavn":"Innlandet"}},{"arcs":[[-2778,2784,2785,260,261,262,2786,-2783]],"type":"Polygon","properties":{"kommunenummer":"3427","kommunenavn":"Tynset","fylkesnummer":"34","fylkesnavn":"Innlandet"}},{"arcs":[[-2775,2787,-2785,-2777]],"type":"Polygon","properties":{"kommunenummer":"3428","kommunenavn":"Alvdal","fylkesnummer":"34","fylkesnavn":"Innlandet"}},{"arcs":[[259,-2786,-2788,-2774,2788,2789,2790]],"type":"Polygon","properties":{"kommunenummer":"3429","kommunenavn":"Folldal","fylkesnummer":"34","fylkesnavn":"Innlandet"}},{"arcs":[[-2782,-2784,-2787,263,264,265,266]],"type":"Polygon","properties":{"kommunenummer":"3430","kommunenavn":"Os","fylkesnummer":"34","fylkesnavn":"Innlandet"}},{"arcs":[[2791,258,-2791,2792,2793]],"type":"Polygon","properties":{"kommunenummer":"3431","kommunenavn":"Dovre","fylkesnummer":"34","fylkesnavn":"Innlandet"}},{"arcs":[[-2792,2794,2795,2796,-114,-113,-112,257]],"type":"Polygon","properties":{"kommunenummer":"3432","kommunenavn":"Lesja","fylkesnummer":"34","fylkesnavn":"Innlandet"}},{"arcs":[[-115,-2797,2797,255,256,-117,-116]],"type":"Polygon","properties":{"kommunenummer":"3433","kommunenavn":"Skjåk","fylkesnummer":"34","fylkesnavn":"Innlandet"}},{"arcs":[[2798,254,-2798,-2796,2799]],"type":"Polygon","properties":{"kommunenummer":"3434","kommunenavn":"Lom","fylkesnummer":"34","fylkesnavn":"Innlandet"}},{"arcs":[[2800,2801,2802,-2800,-2795,-2794,2803]],"type":"Polygon","properties":{"kommunenummer":"3435","kommunenavn":"Vågå","fylkesnummer":"34","fylkesnavn":"Innlandet"}},{"arcs":[[2804,2805,-2801,2806]],"type":"Polygon","properties":{"kommunenummer":"3436","kommunenavn":"Nord-Fron","fylkesnummer":"34","fylkesnavn":"Innlandet"}},{"arcs":[[-2793,-2790,2807,-2807,-2804]],"type":"Polygon","properties":{"kommunenummer":"3437","kommunenavn":"Sel","fylkesnummer":"34","fylkesnavn":"Innlandet"}},{"arcs":[[2808,2809,-2805,-2808,-2789,-2773,2810]],"type":"Polygon","properties":{"kommunenummer":"3438","kommunenavn":"Sør-Fron","fylkesnummer":"34","fylkesnavn":"Innlandet"}},{"arcs":[[2811,-2811,-2772,2812]],"type":"Polygon","properties":{"kommunenummer":"3439","kommunenavn":"Ringebu","fylkesnummer":"34","fylkesnavn":"Innlandet"}},{"arcs":[[-2813,-2771,-2742,-2735,2813]],"type":"Polygon","properties":{"kommunenummer":"3440","kommunenavn":"Øyer","fylkesnummer":"34","fylkesnavn":"Innlandet"}},{"arcs":[[-2734,2814,2815,2816,-2809,-2812,-2814]],"type":"Polygon","properties":{"kommunenummer":"3441","kommunenavn":"Gausdal","fylkesnummer":"34","fylkesnavn":"Innlandet"}},{"arcs":[[-209,2817,-2737,-2746,-2754,-210]],"type":"Polygon","properties":{"kommunenummer":"3442","kommunenavn":"Østre Toten","fylkesnummer":"34","fylkesnavn":"Innlandet"}},{"arcs":[[-208,2818,2819,-2738,-2818]],"type":"Polygon","properties":{"kommunenummer":"3443","kommunenavn":"Vestre Toten","fylkesnummer":"34","fylkesnavn":"Innlandet"}},{"arcs":[[-2819,-207,-206,-205,-204,-229,2820]],"type":"Polygon","properties":{"kommunenummer":"3446","kommunenavn":"Gran","fylkesnummer":"34","fylkesnavn":"Innlandet"}},{"arcs":[[-2820,-2821,-228,2821,2822,-2739]],"type":"Polygon","properties":{"kommunenummer":"3447","kommunenavn":"Søndre Land","fylkesnummer":"34","fylkesnavn":"Innlandet"}},{"arcs":[[2823,-2815,-2733,-2740,-2823,2824,2825]],"type":"Polygon","properties":{"kommunenummer":"3448","kommunenavn":"Nordre Land","fylkesnummer":"34","fylkesnavn":"Innlandet"}},{"arcs":[[-222,2826,2827,-2825,-2822,-227,-226,-2710,-224,-223]],"type":"Polygon","properties":{"kommunenummer":"3449","kommunenavn":"Sør-Aurdal","fylkesnummer":"34","fylkesnavn":"Innlandet"}},{"arcs":[[-2826,-2828,2828]],"type":"Polygon","properties":{"kommunenummer":"3450","kommunenavn":"Etnedal","fylkesnummer":"34","fylkesnavn":"Innlandet"}},{"arcs":[[2829,-2816,-2824,-2829,-2827,-221,-220,2830]],"type":"Polygon","properties":{"kommunenummer":"3451","kommunenavn":"Nord-Aurdal","fylkesnummer":"34","fylkesnavn":"Innlandet"}},{"arcs":[[-2831,-219,2831,2832]],"type":"Polygon","properties":{"kommunenummer":"3452","kommunenavn":"Vestre Slidre","fylkesnummer":"34","fylkesnavn":"Innlandet"}},{"arcs":[[2833,-2802,-2806,-2810,-2817,-2830,-2833]],"type":"Polygon","properties":{"kommunenummer":"3453","kommunenavn":"Øystre Slidre","fylkesnummer":"34","fylkesnavn":"Innlandet"}},{"arcs":[[250,2834,252,253,-2799,-2803,-2834,-2832,-218,-217,249]],"type":"Polygon","properties":{"kommunenummer":"3454","kommunenavn":"Vang","fylkesnummer":"34","fylkesnavn":"Innlandet"}},{"arcs":[[2835,-195,-177,2836],[2837]],"type":"Polygon","properties":{"kommunenummer":"3901","kommunenavn":"Horten","fylkesnummer":"39","fylkesnavn":"Vestfold"}},{"arcs":[[-196,-2836,2838,2839,-232,-231,-230]],"type":"Polygon","properties":{"kommunenummer":"3903","kommunenavn":"Holmestrand","fylkesnummer":"39","fylkesnavn":"Vestfold"}},{"arcs":[[[2840,2841,-2839,-2837,-176,-175,2842]],[[-2838]]],"type":"MultiPolygon","properties":{"kommunenummer":"3905","kommunenavn":"Tønsberg","fylkesnummer":"39","fylkesnavn":"Vestfold"}},{"arcs":[[[-2841,2843,275,2844]],[[2845]]],"type":"MultiPolygon","properties":{"kommunenummer":"3907","kommunenavn":"Sandefjord","fylkesnummer":"39","fylkesnavn":"Vestfold"}},{"arcs":[[280,-233,-2840,-2842,-2845,276,277,278,279],[-2846]],"type":"Polygon","properties":{"kommunenummer":"3909","kommunenavn":"Larvik","fylkesnummer":"39","fylkesnavn":"Vestfold"}},{"arcs":[[-174,-173,-172,281,-2844,-2843]],"type":"Polygon","properties":{"kommunenummer":"3911","kommunenavn":"Færder","fylkesnummer":"39","fylkesnavn":"Vestfold"}},{"arcs":[[2846,-280,2847,2848]],"type":"Polygon","properties":{"kommunenummer":"4001","kommunenavn":"Porsgrunn","fylkesnummer":"40","fylkesnavn":"Telemark"}},{"arcs":[[2849,2850,2851,2852,2853,-237,-2690,-235,2854,-2849],[2855]],"type":"Polygon","properties":{"kommunenummer":"4003","kommunenavn":"Skien","fylkesnummer":"40","fylkesnavn":"Telemark"}},{"arcs":[[2856,2857,2858,-240,-239,2859]],"type":"Polygon","properties":{"kommunenummer":"4005","kommunenavn":"Notodden","fylkesnummer":"40","fylkesnavn":"Telemark"}},{"arcs":[[-2847,-2855,-234,-281]],"type":"Polygon","properties":{"kommunenummer":"4010","kommunenavn":"Siljan","fylkesnummer":"40","fylkesnavn":"Telemark"}},{"arcs":[[2860,-2850,-2848,-279,2861]],"type":"Polygon","properties":{"kommunenummer":"4012","kommunenavn":"Bamble","fylkesnummer":"40","fylkesnavn":"Telemark"}},{"arcs":[[-278,303,304,305,2862,-2862]],"type":"Polygon","properties":{"kommunenummer":"4014","kommunenavn":"Kragerø","fylkesnummer":"40","fylkesnavn":"Telemark"}},{"arcs":[[282,2863,284,2864,2865,2866,-2851,-2861,-2863]],"type":"Polygon","properties":{"kommunenummer":"4016","kommunenavn":"Drangedal","fylkesnummer":"40","fylkesnavn":"Telemark"}},{"arcs":[[[2867,2868,-2853,-2852,-2867]],[[-2856]]],"type":"MultiPolygon","properties":{"kommunenummer":"4018","kommunenavn":"Nome","fylkesnummer":"40","fylkesnavn":"Telemark"}},{"arcs":[[-2869,2869,-2860,-238,-2854]],"type":"Polygon","properties":{"kommunenummer":"4020","kommunenavn":"Midt-Telemark","fylkesnummer":"40","fylkesnavn":"Telemark"}},{"arcs":[[-2857,-2870,2870,2871,2872,2873,2874]],"type":"Polygon","properties":{"kommunenummer":"4022","kommunenavn":"Seljord","fylkesnummer":"40","fylkesnavn":"Telemark"}},{"arcs":[[-2875,2875,-2858]],"type":"Polygon","properties":{"kommunenummer":"4024","kommunenavn":"Hjartdal","fylkesnummer":"40","fylkesnavn":"Telemark"}},{"arcs":[[-241,-2859,-2876,-2874,2876,-243,-242]],"type":"Polygon","properties":{"kommunenummer":"4026","kommunenavn":"Tinn","fylkesnummer":"40","fylkesnavn":"Telemark"}},{"arcs":[[-2868,-2866,2877,2878,2879,-2871]],"type":"Polygon","properties":{"kommunenummer":"4028","kommunenavn":"Kviteseid","fylkesnummer":"40","fylkesnavn":"Telemark"}},{"arcs":[[2880,-2878,-2865,285,286,287]],"type":"Polygon","properties":{"kommunenummer":"4030","kommunenavn":"Nissedal","fylkesnummer":"40","fylkesnavn":"Telemark"}},{"arcs":[[2881,-2879,-2881,288,289,2882,291,292]],"type":"Polygon","properties":{"kommunenummer":"4032","kommunenavn":"Fyresdal","fylkesnummer":"40","fylkesnavn":"Telemark"}},{"arcs":[[-2872,-2880,-2882,293,294,2883]],"type":"Polygon","properties":{"kommunenummer":"4034","kommunenavn":"Tokke","fylkesnummer":"40","fylkesnavn":"Telemark"}},{"arcs":[[295,2884,297,2885,299,2886,301,-53,302,-244,-2877,-2873,-2884]],"type":"Polygon","properties":{"kommunenummer":"4036","kommunenavn":"Vinje","fylkesnummer":"40","fylkesnavn":"Telemark"}},{"arcs":[[313,2887,2888,2889,-305]],"type":"Polygon","properties":{"kommunenummer":"4201","kommunenavn":"Risør","fylkesnummer":"42","fylkesnavn":"Agder"}},{"arcs":[[2890,2891,2892,306,2893]],"type":"Polygon","properties":{"kommunenummer":"4202","kommunenavn":"Grimstad","fylkesnummer":"42","fylkesnavn":"Agder"}},{"arcs":[[-2893,2894,2895,315]],"type":"Polygon","properties":{"kommunenummer":"4203","kommunenavn":"Arendal","fylkesnummer":"42","fylkesnavn":"Agder"}},{"arcs":[[308,2896,2897,2898,2899]],"type":"Polygon","properties":{"kommunenummer":"4204","kommunenavn":"Kristiansand","fylkesnummer":"42","fylkesnavn":"Agder"}},{"arcs":[[2900,2901,2902,-2897,309]],"type":"Polygon","properties":{"kommunenummer":"4205","kommunenavn":"Lindesnes","fylkesnummer":"42","fylkesnavn":"Agder"}},{"arcs":[[2903,2904,311,2905]],"type":"Polygon","properties":{"kommunenummer":"4206","kommunenavn":"Farsund","fylkesnummer":"42","fylkesnavn":"Agder"}},{"arcs":[[-2906,312,-71,-70,-2424,-68,2906,2907]],"type":"Polygon","properties":{"kommunenummer":"4207","kommunenavn":"Flekkefjord","fylkesnummer":"42","fylkesnavn":"Agder"}},{"arcs":[[-286,-285,-2864,-283,-306,-2890,2908]],"type":"Polygon","properties":{"kommunenummer":"4211","kommunenavn":"Gjerstad","fylkesnummer":"42","fylkesnavn":"Agder"}},{"arcs":[[2909,-287,-2909,-2889,2910]],"type":"Polygon","properties":{"kommunenummer":"4212","kommunenavn":"Vegårshei","fylkesnummer":"42","fylkesnavn":"Agder"}},{"arcs":[[-2888,314,-2896,2911,2912,-2911]],"type":"Polygon","properties":{"kommunenummer":"4213","kommunenavn":"Tvedestrand","fylkesnummer":"42","fylkesnavn":"Agder"}},{"arcs":[[-2892,2913,2914,2915,2916,-2912,-2895]],"type":"Polygon","properties":{"kommunenummer":"4214","kommunenavn":"Froland","fylkesnummer":"42","fylkesnavn":"Agder"}},{"arcs":[[-2900,2917,-2894,307]],"type":"Polygon","properties":{"kommunenummer":"4215","kommunenavn":"Lillesand","fylkesnummer":"42","fylkesnavn":"Agder"}},{"arcs":[[-2899,2918,2919,2920,-2914,-2891,-2918]],"type":"Polygon","properties":{"kommunenummer":"4216","kommunenavn":"Birkenes","fylkesnummer":"42","fylkesnavn":"Agder"}},{"arcs":[[-2910,-2913,-2917,2921,-289,-288]],"type":"Polygon","properties":{"kommunenummer":"4217","kommunenavn":"Åmli","fylkesnummer":"42","fylkesnavn":"Agder"}},{"arcs":[[2922,2923,-2920]],"type":"Polygon","properties":{"kommunenummer":"4218","kommunenavn":"Iveland","fylkesnummer":"42","fylkesnavn":"Agder"}},{"arcs":[[-2924,2924,-2902,2925,2926,2927,-2915,-2921]],"type":"Polygon","properties":{"kommunenummer":"4219","kommunenavn":"Evje og Hornnes","fylkesnummer":"42","fylkesnavn":"Agder"}},{"arcs":[[2928,2929,2930,2931,-292,-2883,-290,-2922,-2916,-2928]],"type":"Polygon","properties":{"kommunenummer":"4220","kommunenavn":"Bygland","fylkesnummer":"42","fylkesnavn":"Agder"}},{"arcs":[[-2932,2932,2933,-294,-293]],"type":"Polygon","properties":{"kommunenummer":"4221","kommunenavn":"Valle","fylkesnummer":"42","fylkesnavn":"Agder"}},{"arcs":[[-2934,2934,-56,-55,-54,-302,-2887,-300,-2886,-298,-2885,-296,-295]],"type":"Polygon","properties":{"kommunenummer":"4222","kommunenavn":"Bykle","fylkesnummer":"42","fylkesnavn":"Agder"}},{"arcs":[[-2903,-2925,-2923,-2919,-2898]],"type":"Polygon","properties":{"kommunenummer":"4223","kommunenavn":"Vennesla","fylkesnummer":"42","fylkesnavn":"Agder"}},{"arcs":[[2935,2936,-2929,-2927,2937]],"type":"Polygon","properties":{"kommunenummer":"4224","kommunenavn":"Åseral","fylkesnummer":"42","fylkesnavn":"Agder"}},{"arcs":[[2938,2939,-2938,-2926,-2901,310,-2905]],"type":"Polygon","properties":{"kommunenummer":"4225","kommunenavn":"Lyngdal","fylkesnummer":"42","fylkesnavn":"Agder"}},{"arcs":[[2940,-2936,-2940]],"type":"Polygon","properties":{"kommunenummer":"4226","kommunenavn":"Hægebostad","fylkesnummer":"42","fylkesnavn":"Agder"}},{"arcs":[[-2930,-2937,-2941,-2939,-2904,-2908,2941]],"type":"Polygon","properties":{"kommunenummer":"4227","kommunenavn":"Kvinesdal","fylkesnummer":"42","fylkesnavn":"Agder"}},{"arcs":[[-2935,-2933,-2931,-2942,-2907,-67,-66,-2403,-64,-63,-2426,-61,-2425,-59,-58,-57]],"type":"Polygon","properties":{"kommunenummer":"4228","kommunenavn":"Sirdal","fylkesnummer":"42","fylkesnavn":"Agder"}},{"arcs":[[2942,2943,2944,2945,2946,2947,2948,2949]],"type":"Polygon","properties":{"kommunenummer":"4601","kommunenavn":"Bergen","fylkesnummer":"46","fylkesnavn":"Vestland"}},{"arcs":[[[2950,2951,322,2952,2953]],[[2954,325,2955]]],"type":"MultiPolygon","properties":{"kommunenummer":"4602","kommunenavn":"Kinn","fylkesnummer":"46","fylkesnavn":"Vestland"}},{"arcs":[[2956,-48,-2449,-46,-2448,-44,-2447,-42,-2446,-40,-2445,-38,-2444,-36,-35,-34,-2461,-32,-2460,-30,2957]],"type":"Polygon","properties":{"kommunenummer":"4611","kommunenavn":"Etne","fylkesnummer":"46","fylkesnavn":"Vestland"}},{"arcs":[[-25,-24,-2414,-22,2958,2959,-26]],"type":"Polygon","properties":{"kommunenummer":"4612","kommunenavn":"Sveio","fylkesnummer":"46","fylkesnavn":"Vestland"}},{"arcs":[[316,2960,2961,2962,-2959,-21]],"type":"Polygon","properties":{"kommunenummer":"4613","kommunenavn":"Bømlo","fylkesnummer":"46","fylkesnavn":"Vestland"}},{"arcs":[[-2963,2963,2964,2965,-2960]],"type":"Polygon","properties":{"kommunenummer":"4614","kommunenavn":"Stord","fylkesnummer":"46","fylkesnavn":"Vestland"}},{"arcs":[[2966,2967,-2964,-2962]],"type":"Polygon","properties":{"kommunenummer":"4615","kommunenavn":"Fitjar","fylkesnummer":"46","fylkesnavn":"Vestland"}},{"arcs":[[2968,2969,2970,-2965,-2968]],"type":"Polygon","properties":{"kommunenummer":"4616","kommunenavn":"Tysnes","fylkesnummer":"46","fylkesnavn":"Vestland"}},{"arcs":[[2971,2972,2973,-2958,-29,-2459,-27,-2966,-2971]],"type":"Polygon","properties":{"kommunenummer":"4617","kommunenavn":"Kvinnherad","fylkesnummer":"46","fylkesnavn":"Vestland"}},{"arcs":[[2974,2975,-303,-52,-51,-2450,-49,-2957,-2974,2976]],"type":"Polygon","properties":{"kommunenummer":"4618","kommunenavn":"Ullensvang","fylkesnummer":"46","fylkesnavn":"Vestland"}},{"arcs":[[-2976,2977,2978,-246,-245]],"type":"Polygon","properties":{"kommunenummer":"4619","kommunenavn":"Eidfjord","fylkesnummer":"46","fylkesnavn":"Vestland"}},{"arcs":[[-247,-2979,2979,2980]],"type":"Polygon","properties":{"kommunenummer":"4620","kommunenavn":"Ulvik","fylkesnummer":"46","fylkesnavn":"Vestland"}},{"arcs":[[2981,2982,-2980,-2978,-2975,2983,2984]],"type":"Polygon","properties":{"kommunenummer":"4621","kommunenavn":"Voss","fylkesnummer":"46","fylkesnavn":"Vestland"}},{"arcs":[[2985,-2984,-2977,-2973,2986,2987]],"type":"Polygon","properties":{"kommunenummer":"4622","kommunenavn":"Kvam","fylkesnummer":"46","fylkesnavn":"Vestland"}},{"arcs":[[2988,-2946,2989,-2988]],"type":"Polygon","properties":{"kommunenummer":"4623","kommunenavn":"Samnanger","fylkesnummer":"46","fylkesnavn":"Vestland"}},{"arcs":[[2990,-2947,-2989,-2987,-2972,-2970]],"type":"Polygon","properties":{"kommunenummer":"4624","kommunenavn":"Bjørnafjorden","fylkesnummer":"46","fylkesnavn":"Vestland"}},{"arcs":[[-2969,-2967,-2961,317,2991,-2948,-2991]],"type":"Polygon","properties":{"kommunenummer":"4625","kommunenavn":"Austevoll","fylkesnummer":"46","fylkesnavn":"Vestland"}},{"arcs":[[-2949,-2992,318,2992,2993,2994]],"type":"Polygon","properties":{"kommunenummer":"4626","kommunenavn":"Øygarden","fylkesnummer":"46","fylkesnavn":"Vestland"}},{"arcs":[[2995,-2950,-2995]],"type":"Polygon","properties":{"kommunenummer":"4627","kommunenavn":"Askøy","fylkesnummer":"46","fylkesnavn":"Vestland"}},{"arcs":[[-2986,-2990,-2945,2996,2997,2998,2999,-2985]],"type":"Polygon","properties":{"kommunenummer":"4628","kommunenavn":"Vaksdal","fylkesnummer":"46","fylkesnavn":"Vestland"}},{"arcs":[[3000,3001,3002,-2999,3003]],"type":"Polygon","properties":{"kommunenummer":"4629","kommunenavn":"Modalen","fylkesnummer":"46","fylkesnavn":"Vestland"}},{"arcs":[[-2944,3004,-2997]],"type":"Polygon","properties":{"kommunenummer":"4630","kommunenavn":"Osterøy","fylkesnummer":"46","fylkesnavn":"Vestland"}},{"arcs":[[3005,-3004,-2998,-3005,-2943,-2996,-2994,3006,3007,3008]],"type":"Polygon","properties":{"kommunenummer":"4631","kommunenavn":"Alver","fylkesnummer":"46","fylkesnavn":"Vestland"}},{"arcs":[[3009,3010,-3008]],"type":"Polygon","properties":{"kommunenummer":"4632","kommunenavn":"Austrheim","fylkesnummer":"46","fylkesnavn":"Vestland"}},{"arcs":[[-3007,-2993,319,3011,3012,-3010]],"type":"Polygon","properties":{"kommunenummer":"4633","kommunenavn":"Fedje","fylkesnummer":"46","fylkesnavn":"Vestland"}},{"arcs":[[3013,3014,-3001,-3006]],"type":"Polygon","properties":{"kommunenummer":"4634","kommunenavn":"Masfjorden","fylkesnummer":"46","fylkesnavn":"Vestland"}},{"arcs":[[-3009,-3011,-3013,3015,3016,3017,-3014]],"type":"Polygon","properties":{"kommunenummer":"4635","kommunenavn":"Gulen","fylkesnummer":"46","fylkesnavn":"Vestland"}},{"arcs":[[-3012,320,3018,3019,3020,-3016]],"type":"Polygon","properties":{"kommunenummer":"4636","kommunenavn":"Solund","fylkesnummer":"46","fylkesnavn":"Vestland"}},{"arcs":[[3021,3022,-3017,-3021]],"type":"Polygon","properties":{"kommunenummer":"4637","kommunenavn":"Hyllestad","fylkesnummer":"46","fylkesnavn":"Vestland"}},{"arcs":[[3023,3024,3025,-3002,-3015,-3018,-3023,3026]],"type":"Polygon","properties":{"kommunenummer":"4638","kommunenavn":"Høyanger","fylkesnummer":"46","fylkesnavn":"Vestland"}},{"arcs":[[3027,3028,-2982,-3000,-3003,-3026,3029]],"type":"Polygon","properties":{"kommunenummer":"4639","kommunenavn":"Vik","fylkesnummer":"46","fylkesnavn":"Vestland"}},{"arcs":[[3030,3031,3032,-3030,-3025]],"type":"Polygon","properties":{"kommunenummer":"4640","kommunenavn":"Sogndal","fylkesnummer":"46","fylkesnavn":"Vestland"}},{"arcs":[[-2983,-3029,3033,-248,-2981]],"type":"Polygon","properties":{"kommunenummer":"4641","kommunenavn":"Aurland","fylkesnummer":"46","fylkesnavn":"Vestland"}},{"arcs":[[3034,-250,-216,-215,-249,-3034,-3028,-3033]],"type":"Polygon","properties":{"kommunenummer":"4642","kommunenavn":"Lærdal","fylkesnummer":"46","fylkesnavn":"Vestland"}},{"arcs":[[-253,-2835,-251,-3035,3035]],"type":"Polygon","properties":{"kommunenummer":"4643","kommunenavn":"Årdal","fylkesnummer":"46","fylkesnavn":"Vestland"}},{"arcs":[[-3032,3036,3037,-256,-255,-254,-3036]],"type":"Polygon","properties":{"kommunenummer":"4644","kommunenavn":"Luster","fylkesnummer":"46","fylkesnavn":"Vestland"}},{"arcs":[[3038,-3019,321,-2952,3039]],"type":"Polygon","properties":{"kommunenummer":"4645","kommunenavn":"Askvoll","fylkesnummer":"46","fylkesnavn":"Vestland"}},{"arcs":[[3040,-3027,-3022,-3020,-3039]],"type":"Polygon","properties":{"kommunenummer":"4646","kommunenavn":"Fjaler","fylkesnummer":"46","fylkesnavn":"Vestland"}},{"arcs":[[3041,-3037,-3031,-3024,-3041,-3040,-2951,3042]],"type":"Polygon","properties":{"kommunenummer":"4647","kommunenavn":"Sunnfjord","fylkesnummer":"46","fylkesnavn":"Vestland"}},{"arcs":[[3043,3044,-2953,323,3045,-2955]],"type":"Polygon","properties":{"kommunenummer":"4648","kommunenavn":"Bremanger","fylkesnummer":"46","fylkesnavn":"Vestland"}},{"arcs":[[-2956,326,-88,-87,-2487,-85,-2486,-83,-82,-81,-2485,-79,-2484,-77,-76,-2529,-128,3046,3047,-3044]],"type":"Polygon","properties":{"kommunenummer":"4649","kommunenavn":"Stad","fylkesnummer":"46","fylkesnavn":"Vestland"}},{"arcs":[[-2954,-3045,-3048,3048,-3043]],"type":"Polygon","properties":{"kommunenummer":"4650","kommunenavn":"Gloppen","fylkesnummer":"46","fylkesnavn":"Vestland"}},{"arcs":[[-3047,-127,-2531,-125,-2530,-123,-122,-2507,-120,-2506,-118,-257,-3038,-3042,-3049]],"type":"Polygon","properties":{"kommunenummer":"4651","kommunenavn":"Stryn","fylkesnummer":"46","fylkesnavn":"Vestland"}},{"arcs":[[3049,3050,3051,3052,3053,3054,3055]],"type":"Polygon","properties":{"kommunenummer":"5001","kommunenavn":"Trondheim","fylkesnummer":"50","fylkesnavn":"Trøndelag"}},{"arcs":[[3056,3057,3058,3059,3060,3061,3062]],"type":"Polygon","properties":{"kommunenummer":"5006","kommunenavn":"Steinkjer","fylkesnummer":"50","fylkesnavn":"Trøndelag"}},{"arcs":[[3063,3064,-3060,3065,3066,3067,3068]],"type":"Polygon","properties":{"kommunenummer":"5007","kommunenavn":"Namsos","fylkesnummer":"50","fylkesnavn":"Trøndelag"}},{"arcs":[[3069,3070,3071,3072,-99,338]],"type":"Polygon","properties":{"kommunenummer":"5014","kommunenavn":"Frøya","fylkesnummer":"50","fylkesnavn":"Trøndelag"}},{"arcs":[[-3070,327,3073,-3067,3074]],"type":"Polygon","properties":{"kommunenummer":"5020","kommunenavn":"Osen","fylkesnummer":"50","fylkesnavn":"Trøndelag"}},{"arcs":[[-260,-259,-258,-111,-110,3075,3076,-261]],"type":"Polygon","properties":{"kommunenummer":"5021","kommunenavn":"Oppdal","fylkesnummer":"50","fylkesnavn":"Trøndelag"}},{"arcs":[[-262,-3077,3077,3078,3079]],"type":"Polygon","properties":{"kommunenummer":"5022","kommunenavn":"Rennebu","fylkesnummer":"50","fylkesnavn":"Trøndelag"}},{"arcs":[[-268,-267,-266,3080,3081,337]],"type":"Polygon","properties":{"kommunenummer":"5025","kommunenavn":"Røros","fylkesnummer":"50","fylkesnavn":"Trøndelag"}},{"arcs":[[3082,3083,-3081,-265,3084]],"type":"Polygon","properties":{"kommunenummer":"5026","kommunenavn":"Holtålen","fylkesnummer":"50","fylkesnavn":"Trøndelag"}},{"arcs":[[3085,3086,3087,-3085,-264,-263,-3080]],"type":"Polygon","properties":{"kommunenummer":"5027","kommunenavn":"Midtre Gauldal","fylkesnummer":"50","fylkesnavn":"Trøndelag"}},{"arcs":[[3088,3089,-3051,3090,-3087]],"type":"Polygon","properties":{"kommunenummer":"5028","kommunenavn":"Melhus","fylkesnummer":"50","fylkesnavn":"Trøndelag"}},{"arcs":[[3091,-3052,-3090]],"type":"Polygon","properties":{"kommunenummer":"5029","kommunenavn":"Skaun","fylkesnummer":"50","fylkesnavn":"Trøndelag"}},{"arcs":[[[3092,3093,3094,-3056]],[[3095]],[[3096]]],"type":"MultiPolygon","properties":{"kommunenummer":"5031","kommunenavn":"Malvik","fylkesnummer":"50","fylkesnavn":"Trøndelag"}},{"arcs":[[-3095,3097,3098,3099,-3083,-3088,-3091,-3050]],"type":"Polygon","properties":{"kommunenummer":"5032","kommunenavn":"Selbu","fylkesnummer":"50","fylkesnavn":"Trøndelag"}},{"arcs":[[-3100,3100,336,-3082,-3084]],"type":"Polygon","properties":{"kommunenummer":"5033","kommunenavn":"Tydal","fylkesnummer":"50","fylkesnavn":"Trøndelag"}},{"arcs":[[-3101,-3099,3101,3102,335]],"type":"Polygon","properties":{"kommunenummer":"5034","kommunenavn":"Meråker","fylkesnummer":"50","fylkesnavn":"Trøndelag"}},{"arcs":[[3103,3104,-3102,-3098,-3094],[-3096],[-3097]],"type":"Polygon","properties":{"kommunenummer":"5035","kommunenavn":"Stjørdal","fylkesnummer":"50","fylkesnavn":"Trøndelag"}},{"arcs":[[-3104,-3093,-3055,3105,3106]],"type":"Polygon","properties":{"kommunenummer":"5036","kommunenavn":"Frosta","fylkesnummer":"50","fylkesnavn":"Trøndelag"}},{"arcs":[[-3105,-3107,3107,3108,3109]],"type":"Polygon","properties":{"kommunenummer":"5037","kommunenavn":"Levanger","fylkesnummer":"50","fylkesnavn":"Trøndelag"}},{"arcs":[[-3110,3110,-3063,3111,334,-3103]],"type":"Polygon","properties":{"kommunenummer":"5038","kommunenavn":"Verdal","fylkesnummer":"50","fylkesnavn":"Trøndelag"}},{"arcs":[[3112,333,-3112,-3062,3113,3114]],"type":"Polygon","properties":{"kommunenummer":"5041","kommunenavn":"Snåsa","fylkesnummer":"50","fylkesnavn":"Trøndelag"}},{"arcs":[[-3113,3115,3116,332]],"type":"Polygon","properties":{"kommunenummer":"5042","kommunenavn":"Lierne","fylkesnummer":"50","fylkesnavn":"Trøndelag"}},{"arcs":[[3117,-170,-169,331,-3117]],"type":"Polygon","properties":{"kommunenummer":"5043","kommunenavn":"Røyrvik","fylkesnummer":"50","fylkesnavn":"Trøndelag"}},{"arcs":[[3118,-129,-171,-3118,3119]],"type":"Polygon","properties":{"kommunenummer":"5044","kommunenavn":"Namsskogan","fylkesnummer":"50","fylkesnavn":"Trøndelag"}},{"arcs":[[-3120,-3116,-3115,3120,3121]],"type":"Polygon","properties":{"kommunenummer":"5045","kommunenavn":"Grong","fylkesnummer":"50","fylkesnavn":"Trøndelag"}},{"arcs":[[3122,-3064,3123,-130,-3119,-3122]],"type":"Polygon","properties":{"kommunenummer":"5046","kommunenavn":"Høylandet","fylkesnummer":"50","fylkesnavn":"Trøndelag"}},{"arcs":[[-3114,-3061,-3065,-3123,-3121]],"type":"Polygon","properties":{"kommunenummer":"5047","kommunenavn":"Overhalla","fylkesnummer":"50","fylkesnavn":"Trøndelag"}},{"arcs":[[-3074,328,3124,-3068]],"type":"Polygon","properties":{"kommunenummer":"5049","kommunenavn":"Flatanger","fylkesnummer":"50","fylkesnavn":"Trøndelag"}},{"arcs":[[3125,330,-132]],"type":"Polygon","properties":{"kommunenummer":"5052","kommunenavn":"Leka","fylkesnummer":"50","fylkesnavn":"Trøndelag"}},{"arcs":[[-3109,3126,-3057,-3111]],"type":"Polygon","properties":{"kommunenummer":"5053","kommunenavn":"Inderøy","fylkesnummer":"50","fylkesnavn":"Trøndelag"}},{"arcs":[[3127,3128,-3058,-3127,-3108,-3106,-3054,3129]],"type":"Polygon","properties":{"kommunenummer":"5054","kommunenavn":"Indre Fosen","fylkesnummer":"50","fylkesnavn":"Trøndelag"}},{"arcs":[[-2527,-104,-103,-102,3130,3131,3132,-106]],"type":"Polygon","properties":{"kommunenummer":"5055","kommunenavn":"Heim","fylkesnummer":"50","fylkesnavn":"Trøndelag"}},{"arcs":[[-3131,-101,-100,-3073,3133,3134]],"type":"Polygon","properties":{"kommunenummer":"5056","kommunenavn":"Hitra","fylkesnummer":"50","fylkesnavn":"Trøndelag"}},{"arcs":[[-3134,-3072,3135,-3128,3136]],"type":"Polygon","properties":{"kommunenummer":"5057","kommunenavn":"Ørland","fylkesnummer":"50","fylkesnavn":"Trøndelag"}},{"arcs":[[-3075,-3066,-3059,-3129,-3136,-3071]],"type":"Polygon","properties":{"kommunenummer":"5058","kommunenavn":"Åfjord","fylkesnummer":"50","fylkesnavn":"Trøndelag"}},{"arcs":[[-3086,-3079,3137,-3132,-3135,-3137,-3130,-3053,-3092,-3089]],"type":"Polygon","properties":{"kommunenummer":"5059","kommunenavn":"Orkland","fylkesnummer":"50","fylkesnavn":"Trøndelag"}},{"arcs":[[329,-3126,-131,-3124,-3069,-3125]],"type":"Polygon","properties":{"kommunenummer":"5060","kommunenavn":"Nærøysund","fylkesnummer":"50","fylkesnavn":"Trøndelag"}},{"arcs":[[-3138,-3078,-3076,-109,-2526,-107,-3133]],"type":"Polygon","properties":{"kommunenummer":"5061","kommunenavn":"Rindal","fylkesnummer":"50","fylkesnavn":"Trøndelag"}},{"arcs":[[3138,3139,3140,3141,340,3142]],"type":"Polygon","properties":{"kommunenummer":"5501","kommunenavn":"Tromsø","fylkesnummer":"55","fylkesnavn":"Troms"}},{"arcs":[[3143,-151,-150,3144,3145,3146]],"type":"Polygon","properties":{"kommunenummer":"5503","kommunenavn":"Harstad","fylkesnummer":"55","fylkesnavn":"Troms"}},{"arcs":[[-3144,3147,-153,-152]],"type":"Polygon","properties":{"kommunenummer":"5510","kommunenavn":"Kvæfjord","fylkesnummer":"55","fylkesnavn":"Troms"}},{"arcs":[[3148,-157,-156,-155,-154,-3148,-3147,3149]],"type":"Polygon","properties":{"kommunenummer":"5512","kommunenavn":"Tjeldsund","fylkesnummer":"55","fylkesnavn":"Troms"}},{"arcs":[[-3150,-3146,3150,3151,3152,3153]],"type":"Polygon","properties":{"kommunenummer":"5514","kommunenavn":"Ibestad","fylkesnummer":"55","fylkesnavn":"Troms"}},{"arcs":[[-3149,-3154,3154,3155,-158]],"type":"Polygon","properties":{"kommunenummer":"5516","kommunenavn":"Gratangen","fylkesnummer":"55","fylkesnavn":"Troms"}},{"arcs":[[3156,3157,-159,-3156]],"type":"Polygon","properties":{"kommunenummer":"5518","kommunenavn":"Lavangen","fylkesnummer":"55","fylkesnavn":"Troms"}},{"arcs":[[-160,-3158,3158,3159,3160,354]],"type":"Polygon","properties":{"kommunenummer":"5520","kommunenavn":"Bardu","fylkesnummer":"55","fylkesnavn":"Troms"}},{"arcs":[[-3157,-3155,-3153,3161,3162,-3159]],"type":"Polygon","properties":{"kommunenummer":"5522","kommunenavn":"Salangen","fylkesnummer":"55","fylkesnavn":"Troms"}},{"arcs":[[3163,353,-3161,3164,3165,3166]],"type":"Polygon","properties":{"kommunenummer":"5524","kommunenavn":"Målselv","fylkesnummer":"55","fylkesnavn":"Troms"}},{"arcs":[[-3160,-3163,3167,3168,-3165]],"type":"Polygon","properties":{"kommunenummer":"5526","kommunenavn":"Sørreisa","fylkesnummer":"55","fylkesnavn":"Troms"}},{"arcs":[[-3168,-3162,-3152,3169]],"type":"Polygon","properties":{"kommunenummer":"5528","kommunenavn":"Dyrøy","fylkesnummer":"55","fylkesnavn":"Troms"}},{"arcs":[[-149,339,-3142,3170,-3166,-3169,-3170,-3151,-3145]],"type":"Polygon","properties":{"kommunenummer":"5530","kommunenavn":"Senja","fylkesnummer":"55","fylkesnavn":"Troms"}},{"arcs":[[-3171,-3141,3171,-3167]],"type":"Polygon","properties":{"kommunenummer":"5532","kommunenavn":"Balsfjord","fylkesnummer":"55","fylkesnavn":"Troms"}},{"arcs":[[341,342,3172,3173,-3143]],"type":"Polygon","properties":{"kommunenummer":"5534","kommunenavn":"Karlsøy","fylkesnummer":"55","fylkesnavn":"Troms"}},{"arcs":[[3174,-3139,-3174,3175,3176,3177]],"type":"Polygon","properties":{"kommunenummer":"5536","kommunenavn":"Lyngen","fylkesnummer":"55","fylkesnavn":"Troms"}},{"arcs":[[-3175,3178,352,-3164,-3172,-3140]],"type":"Polygon","properties":{"kommunenummer":"5538","kommunenavn":"Storfjord","fylkesnummer":"55","fylkesnavn":"Troms"}},{"arcs":[[351,-3179,-3178,3179]],"type":"Polygon","properties":{"kommunenummer":"5540","kommunenavn":"Kåfjord","fylkesnummer":"55","fylkesnavn":"Troms"}},{"arcs":[[-3173,343,3180,3181,-3176]],"type":"Polygon","properties":{"kommunenummer":"5542","kommunenavn":"Skjervøy","fylkesnummer":"55","fylkesnavn":"Troms"}},{"arcs":[[-3177,-3182,3182,349,350,-3180]],"type":"Polygon","properties":{"kommunenummer":"5544","kommunenavn":"Nordreisa","fylkesnummer":"55","fylkesnavn":"Troms"}},{"arcs":[[348,-3183,-3181,344,3183,346,347]],"type":"Polygon","properties":{"kommunenummer":"5546","kommunenavn":"Kvænangen","fylkesnummer":"55","fylkesnavn":"Troms"}},{"arcs":[[-348,3184,3185,3186,3187,3188,3189]],"type":"Polygon","properties":{"kommunenummer":"5601","kommunenavn":"Alta","fylkesnummer":"56","fylkesnavn":"Finnmark"}},{"arcs":[[-3187,3190,516,3191,3192]],"type":"Polygon","properties":{"kommunenummer":"5603","kommunenavn":"Hammerfest","fylkesnummer":"56","fylkesnavn":"Finnmark"}},{"arcs":[[554,3193,556,3194,3195,3196,560,3197,3198,563,3199,565,3200,567,3201,569,3202,571,3203,573,574,3204,3205,577,3206,579,3207,3208,3209,583,3210,585,3211,3212,588,3213,590,591,3214,593,3215,595,3216,597,3217,599,3218,601,3219,603,604,3220,3221,607,3222,609,3223,611,3224,613,3225,615,616,3226,618,3227,620,621,3228,623,3229,625,3230,3231,628,3232,3233,631,3234,3235,634,3236,3237,3238,638,3239,640,3240,642,3241,644,3242,646,3243,648,3244,650,3245,652,3246,654,3247,3248,657,3249,659,3250,661,3251,663,3252,3253,666,3254,668,3255,3256,3257,672,3258,674,3259,676,3260,678,3261,680,3262,682,3263,684,3264,686,3265,688,3266,690,3267,692,3268,694,3269,3270,697,3271,699,3272,701,3273,703,3274,705,3275,707,3276,709,3277,711,3278,713,3279,3280,716,3281,718,3282,720,3283,722,3284,724,3285,3286,727,728,3287,3288,731,3289,733,3290,735,3291,737,3292,3293,740,3294,742,3295,3296,745,3297,747,3298,749,3299,751,3300,3301,754,3302,756,3303,758,3304,760,3305,762,3306,764,3307,766,3308,768,3309,770,3310,772,3311,774,3312,776,3313,778,3314,780,3315,782,3316,784,785,3317,787,3318,3319,3320,791,3321,793,794,3322,796,3323,798,799,3324,801,3325,803,804,805,3326,807,808,3327,810,3328,812,3329,814,3330,816,3331,3332,819,3333,821,3334,823,3335,825,3336,827,3337,829,3338,3339,832,3340,834,3341,836,3342,3343,839,3344,841,3345,843,3346,3347,3348,847,3349,849,3350,851,3351,853,3352,855,3353,3354,858,3355,3356,861,3357,3358,3359,865,3360,867,3361,869,3362,871,3363,873,3364,3365,876,877,3366,3367,3368,3369,882,883,3370,885,3371,887,3372,3373,890,3374,892,3375,894,3376,896,3377,898,3378,900,3379,3380,3381,904,3382,906,3383,3384,909,910,3385,912,3386,3387,915,916,917,3388,3389,3390,921,3391,923,3392,3393,926,3394,3395,929,3396,931,3397,933,3398,935,3399,3400,938,3401,940,3402,942,3403,944,3404,3405,947,3406,949,3407,3408,3409,953,3410,3411,3412,957,3413,959,3414,961,3415,963,3416,965,3417,967,3418,3419,970,3420,972,3421,974,3422,976,3423,3424,979,3425,981,3426,983,3427,3428,986,3429,988,3430,990,3431,992,3432,994,3433,996,3434,3435,999,3436,1001,3437,3438,1004,3439,3440,1007,3441,1009,3442,1011,3443,1013,3444,1015,3445,3446,3447,1019,3448,3449,1022,3450,1024,3451,1026,3452,1028,3453,1030,3454,1032,3455,3456,1035,3457,1037,3458,3459,3460,1041,3461,3462,1044,1045,3463,1047,3464,1049,3465,1051,3466,1053,3467,1055,3468,3469,3470,1059,3471,1061,3472,3473,1064,3474,3475,1067,1068,3476,1070,1071,1072,3477,3478,1075,3479,3480,1078,3481,1080,1081,1082,3482,1084,1085,3483,1087,3484,1089,3485,1091,3486,3487,1094,3488,1096,3489,1098,3490,1100,3491,1102,1103,3492,1105,3493,1107,3494,1109,3495,1111,3496,1113,3497,3498,1116,3499,3500,3501,3502,3503,3504,1123,3505,1125,3506,1127,1128,1129,3507,1131,3508,1133,3509,1135,3510,1137,3511,3512,1140,3513,3514,1143,3515,3516,1146,3517,1148,3518,1150,3519,1152,3520,1154,3521,3522,1157,3523,3524,1160,3525,1162,3526,1164,3527,1166,3528,1168,3529,3530,1171,3531,1173,3532,1175,3533,3534,1178,3535,3536,1181,3537,3538,1184,3539,1186,3540,1188,3541,1190,3542,1192,3543,1194,3544,1196,3545,1198,3546,3547,1201,3548,1203,3549,1205,3550,1207,3551,1209,3552,1211,3553,1213,3554,1215,3555,3556,1218,3557,1220,3558,1222,3559,1224,3560,1226,3561,1228,3562,3563,1231,3564,1233,3565,1235,3566,3567,1238,3568,1240,1241,3569,1243,3570,1245,3571,3572,1248,3573,3574,1251,3575,3576,3577,1255,3578,1257,3579,3580,1260,1261,3581,1263,3582,1265,3583,1267,3584,1269,3585,1271,3586,1273,3587,3588,1276,3589,1278,3590,3591,1281,3592,1283,3593,1285,3594,1287,3595,1289,3596,1291,3597,1293,3598,1295,3599,1297,3600,1299,3601,1301,3602,1303,3603,3604,1306,3605,1308,3606,1310,3607,1312,3608,1314,1315,3609,1317,3610,1319,3611,1321,1322,3612,1324,3613,1326,1327,3614,3615,3616,1331,3617,1333,3618,1335,3619,1337,3620,1339,3621,1341,3622,1343,3623,3624,1346,3625,1348,3626,1350,3627,3628,3629,3630,1355,3631,3632,1358,3633,1360,3634,1362,3635,3636,1365,3637,1367,1368,3638,1370,3639,1372,3640,1374,3641,1376,3642,3643,1379,3644,3645,1382,3646,1384,3647,1386,3648,1388,3649,1390,3650,1392,3651,1394,3652,1396,3653,1398,3654,1400,3655,1402,3656,1404,3657,1406,3658,1408,3659,1410,3660,1412,3661,3662,1415,3663,3664,1418,3665,3666,3667,3668,1423,3669,1425,3670,1427,3671,3672,1430,3673,1432,3674,1434,3675,1436,3676,1438,3677,1440,3678,1442,3679,1444,3680,1446,3681,1448,3682,1450,3683,1452,3684,1454,1455,3685,1457,3686,1459,3687,1461,3688,3689,1464,3690,1466,3691,3692,1469,3693,1471,3694,1473,3695,1475,3696,1477,3697,1479,3698,1481,3699,1483,3700,1485,3701,1487,3702,3703,1490,3704,1492,3705,3706,3707,1496,3708,1498,3709,1500,3710,1502,3711,1504,3712,1506,3713,1508,3714,1510,3715,1512,3716,1514,3717,1516,3718,1518,3719,1520,3720,1522,3721,1524,3722,1526,3723,1528,3724,3725,1531,3726,1533,3727,1535,3728,1537,3729,1539,3730,3731,1542,3732,3733,1545,3734,3735,1548,3736,3737,1551,3738,1553,3739,1555,3740,1557,3741,1559,3742,1561,3743,1563,3744,3745,1566,3746,3747,1569,1570,3748,3749,1573,3750,3751,3752,3753,3754,1579,3755,1581,3756,1583,3757,1585,3758,1587,1588,3759,1590,3760,3761,3762,1594,1595,3763,3764,1598,3765,1600,3766,1602,3767,1604,3768,1606,3769,1608,3770,1610,3771,1612,3772,1614,3773,3774,3775,1618,3776,1620,1621,3777,1623,3778,1625,3779,1627,3780,1629,3781,1631,3782,1633,3783,3784,3785,1637,3786,1639,3787,1641,3788,1643,3789,1645,3790,3791,1648,3792,1650,3793,1652,3794,3795,3796,3797,1657,3798,1659,3799,3800,1662,3801,1664,3802,3803,3804,3805,3806,1670,3807,1672,3808,1674,3809,3810,1677,1678,3811,3812,3813,1682,1683,3814,1685,1686,3815,1688,3816,1690,3817,3818,1693,3819,1695,3820,1697,3821,3822,1700,3823,3824,3825,1704,3826,1706,3827,1708,3828,1710,3829,3830,1713,1714,3831,3832,3833,1718,3834,1720,3835,1722,3836,1724,3837,3838,1727,3839,1729,3840,1731,3841,3842,3843,1735,3844,3845,1738,3846,1740,3847,1742,3848,1744,3849,1746,3850,1748,3851,3852,1751,3853,1753,3854,1755,3855,1757,3856,1759,3857,1761,3858,1763,1764,3859,3860,3861,1768,3862,3863,1771,3864,3865,3866,1775,3867,1777,3868,1779,3869,1781,3870,1783,3871,1785,3872,1787,1788,3873,1790,3874,3875,1793,3876,3877,1796,3878,1798,3879,1800,3880,3881,1803,3882,1805,3883,1807,1808,3884,1810,3885,1812,3886,1814,3887,1816,3888,1818,3889,3890,1821,3891,1823,3892,3893,1826,3894,1828,3895,1830,3896,3897,1833,3898,1835,3899,1837,3900,3901,3902,3903,1842,3904,1844,3905,1846,3906,1848,3907,1850,3908,3909,1853,3910,1855,3911,3912,3913,1859,3914,3915,1862,3916,1864,3917,3918,1867,1868,3919,1870,3920,1872,1873,3921,3922,1876,3923,1878,3924,3925,3926,1882,3927,3928,1885,3929,1887,3930,1889,3931,3932,1892,3933,1894,3934,1896,3935,1898,3936,1900,3937,3938,3939,1904,1905,1906,3940,1908,3941,1910,3942,3943,1913,3944,1915,3945,1917,3946,3947,3948,3949,1922,3950,1924,3951,3952,3953,1928,3954,3955,1931,3956,1933,3957,1935,3958,1937,3959,1939,3960,1941,3961,1943,3962,1945,3963,1947,3964,1949,3965,1951,3966,1953,3967,1955,3968,1957,3969,1959,3970,3971,1962,3972,1964,3973,1966,3974,1968,3975,3976,1971,3977,1973,3978,1975,3979,1977,3980,1979,3981,3982,1982,3983,1984,3984,1986,3985,3986,3987,1990,3988,1992,3989,1994,3990,1996,3991,1998,3992,2000,3993,2002,3994,2004,3995,3996,3997,2008,3998,2010,3999,2012,4000,4001,4002,4003,2017,4004,2019,4005,2021,4006,2023,4007,2025,4008,2027,4009,4010,2030,4011,2032,4012,4013,4014,2036,4015,2038,4016,2040,4017,4018,4019,2044,4020,4021,2047,4022,2049,4023,2051,4024,2053,4025,2055,4026,2057,4027,2059,4028,2061,4029,2063,4030,2065,4031,2067,4032,2069,4033,2071,4034,2073,4035,2075,4036,2077,4037,2079,4038,2081,4039,2083,4040,2085,4041,2087,4042,2089,4043,4044,2092,4045,4046,2095,4047,2097,4048,2099,4049,4050,4051,2103,4052,4053,2106,4054,2108,4055,2110,4056,2112,4057,4058,2115,4059,2117,4060,2119,4061,4062,2122,4063,2124,4064,2126,4065,2128,4066,2130,4067,2132,4068,2134,4069,2136,4070,4071,2139,4072,2141,4073,2143,4074,2145,4075,2147,4076,2149,4077,2151,4078,4079,2154,4080,2156,4081,2158,4082,4083,2161,4084,2163,4085,2165,4086,2167,4087,2169,4088,2171,4089,2173,4090,2175,4091,2177,4092,4093,2180,4094,4095,2183,4096,2185,4097,2187,4098,2189,4099,2191,4100,4101,2194,4102,2196,4103,2198,4104,2200,4105,4106,2203,4107,4108,4109,2207,4110,2209,4111,2211,4112,2213,4113,2215,4114,2217,4115,2219,4116,2221,4117,2223,4118,2225,4119,2227,4120,2229,4121,2231,4122,2233,4123,2235,4124,2237,4125,2239,4126,2241,4127,4128,2244,4129,4130,2247,4131,2249,4132,2251,4133,2253,4134,2255,4135,2257,4136,2259,4137,2261,4138,2263,4139,2265,4140,2267,4141,2269,4142,2271,4143,4144,2274,4145,2276,4146,4147,4148,2280,4149,4150,2283,4151,2285,4152,4153,2288,4154,4155,2291,4156,2293,4157,4158,2296,4159,2298,4160,2300,4161,2302,4162,2304,4163,2306,4164,2308,4165,2310,4166,2312,4167,2314,4168,2316,4169,2318,4170,4171,2321,4172,2323,4173,2325,4174,2327,4175,2329,4176,2331,4177,2333,4178,2335,4179,2337,4180,2339,4181,2341,4182,2343,4183,2345,4184,2347,4185,4186,2350,4187,4188,2353,4189,2355,4190,2357,4191,2359,4192,2361,4193,2363,4194,2365,4195,4196,2368,4197,2370,4198,4199,2373,4200,2375,4201,2377,4202,2379,4203,2381,4204,2383,4205,4206,2386,4207,2388,4208,2390,4209,2392,4210,2394,4211,2396,4212,2398,4213,356,4214,358,4215,4216,4217,540,4218,4219,543,4220,545,4221,4222,548,4223,4224,551,552,4225]],"type":"Polygon","properties":{"kommunenummer":"5605","kommunenavn":"Sør-Varanger","fylkesnummer":"56","fylkesnavn":"Finnmark"}},{"arcs":[[4226,4227,4228,-4217,4229]],"type":"Polygon","properties":{"kommunenummer":"5607","kommunenavn":"Vadsø","fylkesnummer":"56","fylkesnavn":"Finnmark"}},{"arcs":[[4230,447,4231,449,4232,451,4233,453,4234,455,4235,457,4236,459,4237,461,4238,463,4239,-3189,4240,4241,409,4242,411,4243,413,4244,415,4245,417,4246,419,4247,421,4248,423,4249,425,4250,427,4251,429,4252,431,4253,433,4254,435,4255,437,4256,439,4257,441,4258,443,4259,445]],"type":"Polygon","properties":{"kommunenummer":"5610","kommunenavn":"Karasjok","fylkesnummer":"56","fylkesnavn":"Finnmark"}},{"arcs":[[464,4260,466,4261,468,4262,470,4263,472,4264,474,4265,476,4266,478,4267,480,4268,482,4269,484,4270,486,4271,488,4272,490,4273,492,4274,494,4275,496,4276,498,4277,500,4278,502,503,4279,505,4280,507,4281,509,4282,511,4283,513,-350,-349,-3190,-4240]],"type":"Polygon","properties":{"kommunenummer":"5612","kommunenavn":"Kautokeino","fylkesnummer":"56","fylkesnavn":"Finnmark"}},{"arcs":[[-344,-343,514,4284,-3185,-347,-3184,-345]],"type":"Polygon","properties":{"kommunenummer":"5614","kommunenavn":"Loppa","fylkesnummer":"56","fylkesnavn":"Finnmark"}},{"arcs":[[-3191,-3186,-4285,515]],"type":"Polygon","properties":{"kommunenummer":"5616","kommunenavn":"Hasvik","fylkesnummer":"56","fylkesnavn":"Finnmark"}},{"arcs":[[517,4285,4286,-3192]],"type":"Polygon","properties":{"kommunenummer":"5618","kommunenavn":"Måsøy","fylkesnummer":"56","fylkesnavn":"Finnmark"}},{"arcs":[[4287,4288,-4286,518]],"type":"Polygon","properties":{"kommunenummer":"5620","kommunenavn":"Nordkapp","fylkesnummer":"56","fylkesnavn":"Finnmark"}},{"arcs":[[-4287,-4289,4289,4290,-4241,-3188,-3193]],"type":"Polygon","properties":{"kommunenummer":"5622","kommunenavn":"Porsanger","fylkesnummer":"56","fylkesnavn":"Finnmark"}},{"arcs":[[4291,-4290,-4288,4292,520,4293]],"type":"Polygon","properties":{"kommunenummer":"5624","kommunenavn":"Lebesby","fylkesnummer":"56","fylkesnavn":"Finnmark"}},{"arcs":[[4294,4295,-4294,521]],"type":"Polygon","properties":{"kommunenummer":"5626","kommunenavn":"Gamvik","fylkesnummer":"56","fylkesnavn":"Finnmark"}},{"arcs":[[-4296,4296,-4227,4297,360,4298,362,4299,364,4300,366,4301,368,4302,370,4303,372,4304,374,4305,376,4306,378,4307,380,4308,382,4309,384,4310,386,4311,388,4312,390,4313,392,4314,394,4315,396,4316,398,4317,400,4318,402,4319,404,4320,406,4321,408,-4242,-4291,-4292]],"type":"Polygon","properties":{"kommunenummer":"5628","kommunenavn":"Tana","fylkesnummer":"56","fylkesnavn":"Finnmark"}},{"arcs":[[-4297,-4295,522,4322]],"type":"Polygon","properties":{"kommunenummer":"5630","kommunenavn":"Berlevåg","fylkesnummer":"56","fylkesnavn":"Finnmark"}},{"arcs":[[523,4323,4324,-4228,-4323]],"type":"Polygon","properties":{"kommunenummer":"5632","kommunenavn":"Båtsfjord","fylkesnummer":"56","fylkesnavn":"Finnmark"}},{"arcs":[[4325,527,4326,4327,4328,531,4329,533,4330,535,4331,4332,538,4333,-4218,-4229,-4325,4334,525]],"type":"Polygon","properties":{"kommunenummer":"5634","kommunenavn":"Vardø","fylkesnummer":"56","fylkesnavn":"Finnmark"}},{"arcs":[[-4230,-4216,359,-4298]],"type":"Polygon","properties":{"kommunenummer":"5636","kommunenavn":"Nesseby","fylkesnummer":"56","fylkesnavn":"Finnmark"}}]}}}